time,AT,CH,DE,FR,IT
0,0.0628198905071834,0.0360712395814157,0.3633344144955883,0.1016006034366457,0.2187886191705504
1,0.0639314912781323,0.0322900507091089,0.3974311943883148,0.1007965025197012,0.2260285111020392
2,0.0741185485411345,0.0311796924038692,0.4454163663496847,0.1020723633998606,0.2297041392945296
3,0.0884541008016101,0.0301324662415712,0.487756135858134,0.1050221298487301,0.2352707125729386
4,0.1118052201395011,0.025077932625982,0.5333814850775076,0.1132063001562657,0.2336733885942686
5,0.1390626213355168,0.0209737445641252,0.568847452841856,0.1162277979402653,0.2224939380114758
6,0.1655410945170011,0.0194225504289543,0.6054416437329826,0.1152984381853188,0.2117228639198492
7,0.1869504215690979,0.0203149434383717,0.6269455306236393,0.1151213152849957,0.2021753382292904
8,0.2102890026378101,0.0228540777640259,0.6343486470922993,0.1122086293007185,0.1916956725334769
9,0.2299103952239383,0.025539658826812,0.6301137128711788,0.1048220452563387,0.1900223430042856
10,0.2134330582670387,0.0268566210881597,0.5694401056186338,0.1002581651400616,0.212903702520966
11,0.2509033194291274,0.0282702252153446,0.595162082964087,0.1142938024019318,0.211839710202551
12,0.3076240742901053,0.0305487097247789,0.6527050063851264,0.1333530356465136,0.183832224014596
13,0.3190239159597513,0.0348699408222345,0.695575159548648,0.138468795364472,0.1689659966194359
14,0.4126945067060949,0.0415538513153709,0.7475370564487519,0.1392460046101925,0.1436178694449756
15,0.4404366781325669,0.0478194756511328,0.7936393298296295,0.1397551739372441,0.1188650183468618
16,0.4636760510801744,0.0608055735914374,0.7855969552097616,0.1452724073065519,0.1143685072571165
17,0.499208551650424,0.0699674221113999,0.7851030870885789,0.1553795002607211,0.1103952965431539
18,0.5245618552587784,0.0733727657413827,0.8086680130178866,0.1657174371483648,0.1030658275135665
19,0.5310844346348177,0.0810459875147718,0.8243796840632545,0.1724594310612259,0.097879880739696
20,0.5467475842584062,0.0873521592811603,0.8261678543924437,0.1815514551588501,0.0938564130430607
21,0.5602387303779348,0.0908023207707725,0.8026685297316246,0.1896592197621339,0.095231463407351
22,0.570891377423636,0.1093970456030859,0.6982726265864572,0.202089035656542,0.097730340574841
23,0.5066942255890975,0.1119685303081605,0.7109937923882533,0.2012489239694366,0.1013127416293749
24,0.4734477932515425,0.1031218395446324,0.7081747595168358,0.2034953270226076,0.1054403707910089
25,0.4482148419477684,0.0967651087952664,0.6804211772232215,0.2146041603196436,0.1133616519012731
26,0.4702037208437609,0.0961086731592517,0.6608265025459503,0.2288025130756257,0.1249668118682534
27,0.5450328240969586,0.0962223650829656,0.6568335339602577,0.2378105875938293,0.1320571563899066
28,0.5833491930916207,0.1007572001454948,0.6629279601853545,0.2477604848158102,0.1361582315018793
29,0.5906864745399313,0.107342778284012,0.6282334587071909,0.2472844448785501,0.136032573463998
30,0.5691021643307601,0.1088717008401209,0.5954488815107839,0.2468012678675422,0.1281787237991692
31,0.5427093223662232,0.1101898878010115,0.5735681398267519,0.2425740086634735,0.1230895976057744
32,0.5134169233426168,0.1061223218727879,0.5461660858675774,0.2389284163356635,0.1191551333265671
33,0.4558699778391308,0.1040977232879859,0.5241049760044147,0.2224344904154787,0.1225245105063927
34,0.3434963645916471,0.1118922178220745,0.3579845008945591,0.1881814811803095,0.1326626288785962
35,0.4687357690408563,0.1062155047155355,0.3929095687479212,0.1900162037756832,0.1392660342384294
36,0.5321455087175719,0.130099466320311,0.448996868292957,0.2056670462423606,0.1692351219212338
37,0.5192505439729571,0.1457339575637194,0.451818721264647,0.2237472098067351,0.2011576338173817
38,0.4849510406964665,0.1486036996307301,0.4284139597258174,0.2249493681106328,0.2124390057417254
39,0.5019426461106881,0.1356498885600185,0.3981281026312638,0.2072885488193084,0.2397863122141965
40,0.4468866475257931,0.126007965302321,0.3737369493893276,0.2035656358168137,0.2499181930672796
41,0.3966832826466973,0.1158219144541161,0.3468436252696751,0.2136468747755418,0.2651112830735372
42,0.4115391139356844,0.1012738327407002,0.3180391030998831,0.2231469218612873,0.2703384420704943
43,0.4218251661104841,0.0837527965053763,0.2792489314946092,0.226190982599752,0.2761093825700448
44,0.4045916294298218,0.0725437528789749,0.2474373716471464,0.2222773902269964,0.2804290472173919
45,0.3986677196648844,0.0651045011133176,0.2213440039763685,0.212780869557767,0.2991774790561037
46,0.2595122383217382,0.0861318964669661,0.2043923398063121,0.1982880992080861,0.3299838953847522
47,0.2983031881578062,0.0911103462102206,0.1998854193198491,0.1925169925553362,0.3235708144096523
48,0.3406158482262292,0.096041056758421,0.1958362818964958,0.1850989270319792,0.3244275104646533
49,0.368386675254054,0.0847300719771354,0.1875936440900775,0.1840176183637572,0.3409542092150487
50,0.4012029276146079,0.0765341277326796,0.1814214351434966,0.1770635067017796,0.331023220008833
51,0.4412564245899991,0.0709213711455961,0.1955074838570684,0.177363033549405,0.3295962331726124
52,0.45047630597633,0.0718487201111304,0.2083520063173716,0.1733189725041617,0.3338461594250296
53,0.4641068674339454,0.0733139498723809,0.2146070927094342,0.1714871064152916,0.3258012725379686
54,0.4432886935087313,0.0681461461074957,0.2165616178923523,0.1626577873983284,0.3099492105950389
55,0.4472396741757217,0.0769678223584618,0.2154767447560452,0.1580510769376648,0.2930570167099646
56,0.4367836370287269,0.0736533851987633,0.2091073116801313,0.1532114728619867,0.2781648377962903
57,0.5102912501287902,0.0754824710817943,0.1919258515544095,0.1413191792903904,0.2851136909865516
58,0.5337116004105552,0.0671882657954641,0.1543129235541208,0.0965971546928839,0.2659903209748043
59,0.5360747951925235,0.0681993925876012,0.148224910705713,0.0895831748710831,0.3274460760971468
60,0.4954445705788253,0.0884533171655293,0.1507325313402673,0.1026994946720879,0.3502084653216047
61,0.456387705831051,0.0920997573873066,0.1476348236847048,0.1207472641697822,0.3527729682957133
62,0.4266098489488527,0.0844691916189063,0.1447776914649715,0.1476673901295353,0.3378503804820387
63,0.4254118732199376,0.0851317517322236,0.1486752438327342,0.1608989911290391,0.299995627113385
64,0.4208082425745343,0.0810393803547081,0.1607926496196383,0.1789967312677497,0.2851661159547269
65,0.3837664590164386,0.0752899508283928,0.1566052342403314,0.2062848162516933,0.2636426171596586
66,0.3486891725216881,0.0685390242026118,0.1535016355929876,0.2185383553405013,0.240820352245694
67,0.3229523263999909,0.0668031942347418,0.1450170760741367,0.2214533726246736,0.2249774853061451
68,0.2773510107784608,0.0682366790430243,0.1364044598388351,0.2148184225057332,0.2180178186436111
69,0.2603614746017833,0.0687132526467274,0.1269804095548753,0.2083532959066572,0.2097077356037065
70,0.2192730202270786,0.0700379661890088,0.1220325856289977,0.1955755721836338,0.2026506722761376
71,0.2126580392613955,0.0807048903916684,0.1197706842517473,0.1864899159496643,0.223343755660654
72,0.2069042648687712,0.0843411772132439,0.122534928469826,0.1826301627511755,0.2277687818439148
73,0.2065356874780522,0.0766153826654981,0.1360995921077717,0.1843725799121822,0.2206198075471004
74,0.214714186982767,0.0809256766001338,0.1505300797069835,0.1891778411448012,0.2078484933603741
75,0.2251358897276239,0.0738061218334779,0.1666499727848811,0.1896312085659855,0.2015925855471031
76,0.223528138907954,0.0674415228690616,0.1949575418599003,0.187039211925315,0.2032394154721531
77,0.2203339055417587,0.0692949629612479,0.2199516227221492,0.1888455820943456,0.1969432256691866
78,0.2073592023301122,0.0750552035966257,0.2458510231508736,0.1825605570569188,0.1864410488693773
79,0.2094412038580076,0.084351380248969,0.2653970057431147,0.1717752616988768,0.1796818096866613
80,0.1978165861821813,0.0769279205350266,0.2883408139194238,0.1715344638784066,0.1684485123494256
81,0.1957415108168172,0.0712960985536299,0.3105133285028554,0.1552853948899536,0.1656167235557025
82,0.1843019591369628,0.054569676238598,0.3041870125913981,0.1043781036054134,0.1773619438098943
83,0.2130301308737937,0.0618284460496658,0.3285782250360788,0.0890519718694915,0.1851783851885013
84,0.2635477464114218,0.0584126694936717,0.3740775266857121,0.0888954190838411,0.1900212679164141
85,0.2459233588295491,0.0489579089493603,0.3720352775178063,0.0960204073588478,0.1933911232417445
86,0.2020766519259057,0.0440379256938897,0.3600440684665787,0.105935351290235,0.1876528061015117
87,0.229513053727842,0.0472146799223433,0.3513434430303506,0.1046305247883966,0.1764851288337091
88,0.2248064110910385,0.0405449982612421,0.3591655597969699,0.124059935741749,0.1689115872846747
89,0.2383014165247893,0.0377020347219012,0.3665892336182913,0.1483855456794129,0.169903018902989
90,0.2780962981114576,0.040267339959199,0.3698946511896843,0.1551942480005313,0.1589110904377947
91,0.3042754482012794,0.0442910964307958,0.3554135353740715,0.1540478010740789,0.14960598434782
92,0.3228721730656324,0.0455863476595659,0.3526224152754164,0.1555098789860833,0.1389978627226377
93,0.3364056117448245,0.0478158282354918,0.3685222892915714,0.1528450404263645,0.1300171177277574
94,0.304834315795074,0.044395368024424,0.3839817809560162,0.1453089803671892,0.1321822452763485
95,0.3419737834396752,0.0379811570296816,0.3902788668003039,0.1458022061581012,0.1248540090850187
96,0.3597876409809289,0.0402152913371461,0.4068878128257374,0.1439054368104254,0.1173946380854125
97,0.3644875469093792,0.046183974967639,0.4216035464149492,0.1435645178659524,0.1145295127823377
98,0.3808691958235371,0.0448294683139027,0.4433646107222758,0.1435689397682726,0.1212946441250882
99,0.4005712954890021,0.0443358664619203,0.467520131816356,0.1437430759421235,0.1308576922412254
100,0.4193606969713859,0.0428715932093709,0.4771417698480409,0.1515381346314567,0.1357936308683937
101,0.4449842342244616,0.0420516556145351,0.4821301099511572,0.1611685875681232,0.1372933591459644
102,0.4886847828882617,0.0446214117367516,0.4748382817570408,0.1705610961104016,0.1370449281212847
103,0.5326383077169027,0.0509831600851055,0.4497331887501331,0.1703851036839947,0.1351363789914473
104,0.5541199138315124,0.0570749158274478,0.4118571817478009,0.1651181002553375,0.1288423815104372
105,0.5708629456330278,0.065496930275229,0.371112878294734,0.1518005572808701,0.1242474800613987
106,0.5510187608634434,0.06303370612768,0.306893647810868,0.1257555228204204,0.1185776921636729
107,0.5686836991435684,0.0628022960530716,0.3029379249503333,0.1309451372791775,0.1425622042010033
108,0.5675986009331918,0.0704306617769029,0.3001448212791422,0.1445036901313752,0.1606988205530024
109,0.5297919660835441,0.0748607215773106,0.2924048939021015,0.1584903214509913,0.1651951860346985
110,0.5172730052595321,0.0807727920473719,0.2675260183512636,0.1613392034340109,0.1611643679810117
111,0.4892385006732595,0.0911371865387465,0.2473049361222847,0.1701576811561978,0.1590334602949474
112,0.4615698082889856,0.0913482059528151,0.238461329504144,0.1721910610688012,0.1572656804297553
113,0.4284921316017621,0.0893387558592083,0.2328144621358675,0.1824751200633269,0.1472955105582218
114,0.393304292502686,0.0880281761646434,0.2253965252017501,0.1855937701089288,0.1391756802600995
115,0.3643614843281306,0.0860426543738061,0.2159306422559022,0.1806467525566682,0.1371647715820086
116,0.3323548373037806,0.081028871178575,0.2061083119166356,0.1729099551649622,0.1324704972025086
117,0.3262515221123122,0.0783217502974172,0.1943112610464861,0.1636264828140112,0.132500065568828
118,0.3052674526003002,0.0801563518460125,0.1832603793651058,0.1410308224353697,0.1361484206805249
119,0.3053045723943542,0.0747240937618405,0.1771621349031584,0.1446265918792117,0.1449289541873267
120,0.2892020458338593,0.0770378184408766,0.1706791920629017,0.1487668251646675,0.1500976662899177
121,0.2815959447947314,0.0789604095600135,0.1654653428382277,0.1568455679057143,0.1458609580262168
122,0.2848104781808021,0.0799717443162084,0.15627256178593,0.1588783569432907,0.1390028040913051
123,0.2938137567423364,0.079454763994365,0.1486954963945784,0.1610923472624512,0.1311393282621485
124,0.2915580520564286,0.0775156107615429,0.1447193566321288,0.1533672041935499,0.1270006194664012
125,0.2841933539361541,0.0730213451663313,0.1357736992310151,0.1406297050522698,0.1221702081692213
126,0.282082240361874,0.0669150699937392,0.1225205105565467,0.1353415479019606,0.1142688563195765
127,0.2743377406604122,0.0639732741588814,0.1128868735398367,0.1346267555290158,0.1098776440952985
128,0.2634823440040684,0.0604275991384941,0.1036126698497363,0.13015062810309,0.1064744149548754
129,0.2578029147729059,0.0559132330192479,0.0975807028926258,0.1207001148704695,0.0970345541191597
130,0.2327159984936253,0.0593329350377475,0.0865044551905852,0.1040506392208068,0.0943853318139718
131,0.2988167771601327,0.0591176084934263,0.0927422540039719,0.0991082054045683,0.1018348787967647
132,0.3289820488340361,0.0544093558696675,0.1056429403913403,0.1029377787541572,0.1088680035027931
133,0.3055121519679155,0.0509416891626379,0.1082880295649516,0.1129012285457112,0.0981866224631693
134,0.2941987657739272,0.0528122905016491,0.1053933269909291,0.1115688041327467,0.0922546646933688
135,0.3114525267891521,0.0514963906423677,0.0974212218824129,0.1056265939560323,0.0979808722795566
136,0.3133791465052887,0.0481634756150507,0.1035514833570845,0.1089946855891609,0.1014851613774792
137,0.3151486838060231,0.0466784298954223,0.1107267702834815,0.1228414941695748,0.0997497290654277
138,0.3001124203664695,0.0437003750435057,0.1194446638001381,0.1318526985670211,0.09995365949828
139,0.2730036497373712,0.0413292132404382,0.1262634695427993,0.1372638981934655,0.0991400801787047
140,0.2515295883308558,0.0401064955528986,0.1260881402304413,0.1374265168638754,0.0991239361262514
141,0.2335442496921977,0.0393282752725716,0.1262257388893503,0.1311334590012572,0.1040574777543119
142,0.2236272837761865,0.0538785923488764,0.1277825626444117,0.1328542715004721,0.1064544287312158
143,0.2179671159992747,0.0481556910577046,0.1254030635916662,0.1346140519080958,0.110418025557177
144,0.1921934313326852,0.0421599789755016,0.1302134625476134,0.1326619180196085,0.1021066067410491
145,0.1622433750283281,0.040188702606197,0.1352585031716133,0.1278756196179885,0.1016863507804323
146,0.1436361083388903,0.0443851675389796,0.1389690527788683,0.1219995849245124,0.0996285300842801
147,0.1293840678779819,0.0398561530459151,0.1481560157697651,0.1204128556194169,0.093670668948357
148,0.1114325701465321,0.036225654675366,0.1529392465241169,0.1211854679071693,0.0975175734959843
149,0.0968465324643306,0.0388613861799585,0.1569511552030925,0.1175651987163126,0.106372135194148
150,0.0854201082323265,0.0381075244774475,0.1572965273136264,0.1118119307161862,0.1185850445394228
151,0.0782970308483598,0.0370417484068732,0.154517236399706,0.1072202531244705,0.1284600990408848
152,0.0730023142213499,0.0391112673037916,0.1500414423955262,0.1046741311220206,0.1371441630069928
153,0.0667077215877218,0.0328079145003966,0.1528408525633096,0.0953798667229415,0.1431118858786201
154,0.0668040123687143,0.0267945951458279,0.1368074009298978,0.0895221620992764,0.1039273685045911
155,0.0698213667583293,0.0267499795051531,0.1545348783499457,0.0851627369482182,0.1323706356143333
156,0.0775614477488334,0.0288303701105965,0.1726077764533747,0.0942369783628249,0.1442009634570543
157,0.0876243254935585,0.0280531338696181,0.1858397694854264,0.1143225051084934,0.147994252773581
158,0.0941002089277177,0.0309616204724726,0.2081682742738819,0.1280067030468395,0.1441829857658838
159,0.0859581295691792,0.0302939859794228,0.2405216043216335,0.1393988509819393,0.1335278417519635
160,0.0929241400443362,0.0304704186072465,0.2872574883579634,0.1642992576427821,0.1232386565085066
161,0.1039549627846025,0.0323885070764246,0.3430570580656172,0.1903476808627278,0.1109034307791104
162,0.1108345322459411,0.0345662243129771,0.4066492734396683,0.2234309938669442,0.0981211798559008
163,0.1215898788216074,0.0379104350044661,0.471768839948092,0.2548903679138757,0.0887600877719747
164,0.1312541847147784,0.0425895102359444,0.5260959780591513,0.2832932593326497,0.0822148761604164
165,0.1393588218046967,0.0487965726075657,0.5652752461424518,0.3142426051559588,0.0767352176846537
166,0.1298283690600623,0.0575434966577625,0.5523826459964688,0.3599840164867904,0.0751253545288449
167,0.1408214143971591,0.0623916661714295,0.5735475451909163,0.3683368128052248,0.0739733666932412
168,0.1659576849382268,0.0634209153735088,0.5738183589035806,0.3828826716568445,0.0699874938517924
169,0.1961436351020622,0.0729649176941987,0.5869497423817026,0.4006771254391289,0.0660368625158369
170,0.2284977014614572,0.0834838654626158,0.6240200651015116,0.4223222386165319,0.0643422357796458
171,0.2350047351315764,0.1096044531693637,0.655228510913086,0.4302620499774254,0.0634344243242493
172,0.2422032030087521,0.1503106363313361,0.6864063806768519,0.419153398771234,0.062254144407944
173,0.2440159859429885,0.1705077671441348,0.7191836563994475,0.4068588030294524,0.0590998772733596
174,0.2605164362399484,0.194269238422367,0.7577846379184295,0.3934934476424527,0.058923205941994
175,0.2922825130479141,0.2290913348344994,0.789116693686847,0.375668892282116,0.0593233778951204
176,0.3134043062241576,0.2412465292404864,0.82208501545271,0.3609373051739766,0.0601525605774385
177,0.3270407889333692,0.2511098418415765,0.8368212732129215,0.3472061897118376,0.0675944525077978
178,0.2184604124431804,0.1979447849286276,0.7869086245840374,0.2809329031910324,0.0705060143867376
179,0.275092558450372,0.2044962961103853,0.8129284112969279,0.2940620002778372,0.101381673562286
180,0.3505382389323653,0.2078724492979377,0.8412724040600016,0.3147667648118011,0.1408570262776829
181,0.346788645428996,0.198532151440649,0.8244420666385278,0.3259533605931927,0.175131175912147
182,0.4070061500546447,0.2072289081449273,0.804846776403753,0.3291199805511275,0.1955665818561468
183,0.4632737374123872,0.2007735944147171,0.7836397460195569,0.3189547453216255,0.2039191091791067
184,0.5074064635248343,0.1918802758472963,0.764028004122586,0.3274387266456218,0.2127327401147823
185,0.5421948668164026,0.1818276379562605,0.7350718697524584,0.3348037295878511,0.2235529097326631
186,0.5581038795987968,0.1820494253755404,0.7070337844954292,0.3321163015531667,0.2283719246000801
187,0.5610011793104753,0.1811453974153454,0.6901897695838849,0.3267967038083528,0.2388227032783692
188,0.5489874687770472,0.1777184307489733,0.6827339930657662,0.3155944257621077,0.2504010229816419
189,0.5367089264761185,0.1662492220455546,0.674468823630092,0.3047840076232994,0.2657730176533592
190,0.4996622459681097,0.1756308679272624,0.6384052303221999,0.2877918247358521,0.215137946399641
191,0.5450450994873652,0.1622556923667202,0.668254268661495,0.2996699186210622,0.2421902838502388
192,0.5383337111165009,0.166311062501049,0.6628164500884557,0.3080280512807972,0.2675044506749791
193,0.4987988204979818,0.1652279610971582,0.6380654703395149,0.3227256336288944,0.2842997323553148
194,0.4459580026135689,0.1641237483713302,0.6147611318413255,0.3309683256928912,0.2770406033356968
195,0.3965696848913229,0.1636834579055514,0.6073367687665145,0.3435418893297386,0.2681626325855146
196,0.3595954769407001,0.1601896937283035,0.5981429857792584,0.3544106774170911,0.2678466905594706
197,0.3230688173973348,0.1467546288371701,0.5822177294041538,0.3775300761612843,0.264488874535528
198,0.2897436063585246,0.1401533370154408,0.5532706277751642,0.3893429821096092,0.2585873418440206
199,0.2630927570626291,0.1342489138864137,0.5330466872608539,0.3846739503463146,0.2506878620019921
200,0.2509716049647901,0.1209147395899167,0.5219182486662339,0.3642869024893488,0.2525079321350969
201,0.2172392852001401,0.1071004061825773,0.5192367857020399,0.3407661080232483,0.2507537131162874
202,0.2207664981445787,0.0812639690176514,0.4302562914775762,0.2994861975131129,0.2362983267093575
203,0.2403883795784691,0.0900193439965462,0.5034532992757524,0.3617600507316894,0.2344906504783941
204,0.217444696495874,0.1041681895854192,0.5693638475827167,0.3803265072966246,0.2560568466292398
205,0.2168246605014445,0.1104057349305749,0.5316572872446093,0.3844568283280525,0.2829056210371216
206,0.2394037304845587,0.1124883010558246,0.4949401447571364,0.3682442406800552,0.2800943520264256
207,0.2709985015647116,0.0969122477961328,0.4648784352908386,0.3627666447670231,0.2812327617776687
208,0.2344895550351035,0.0890835673157349,0.4319610523761354,0.3564301456863055,0.2904520668935908
209,0.216261657943154,0.0834305284906545,0.4166276576692173,0.3530549914252331,0.2896911452461732
210,0.2105970738097666,0.084970201456673,0.402709731756774,0.3526252740437116,0.2770898452432904
211,0.2094660247110711,0.0800070052787637,0.3721777340677653,0.3455906277918471,0.2612993412933245
212,0.2095958658893848,0.0774009102599181,0.3451064663016301,0.3397928727150823,0.2499392996957881
213,0.2042276749168572,0.066115001519189,0.3144771891791426,0.3206334012420906,0.2533349394136975
214,0.1562683816329433,0.0469724312336225,0.263620834577603,0.2993860098204954,0.2536937946702661
215,0.1515653340169928,0.0423952878177057,0.2443614465510668,0.2918250821368968,0.2538841842905537
216,0.1492030648147932,0.0395957383050143,0.2233049664045202,0.2830845839780824,0.2556471787268916
217,0.1380784008765987,0.0373122785631725,0.2089739553571756,0.2764111566529408,0.2438611628878952
218,0.1299524778311635,0.0467307894521695,0.1996700511858465,0.2722471360725309,0.2420054011472167
219,0.123891992527987,0.0588107592501832,0.1908779180731297,0.2630223838406878,0.25577330967007
220,0.1249983345561851,0.0612224846970274,0.1851142383172948,0.2599433633859599,0.2665341638746551
221,0.1290060256436857,0.0614424414378829,0.1676367238465656,0.2566272202174525,0.26673943866133
222,0.1286012470519671,0.0675215955287587,0.1570314785288098,0.2438711416728016,0.2636938944786997
223,0.12925014939693,0.0745782312770578,0.1459886738969734,0.2287928294108559,0.2593578725809928
224,0.1301386581168695,0.0699017358589849,0.1366078525704708,0.2101027955484788,0.247078769484963
225,0.1340730591913617,0.0722572121880825,0.1264479206838597,0.1902265489677866,0.2362253461440521
226,0.1341557874422485,0.0778063423875553,0.0996894150880366,0.1460018089238063,0.2234039876476204
227,0.1728230131175541,0.0814160612709942,0.0944718088662157,0.1450684764341278,0.2364452140879712
228,0.1851582880907422,0.0780958949207207,0.0912239495451535,0.1624760866208929,0.245859319767539
229,0.1746448161292086,0.0800147782934148,0.0888435644159646,0.1782640179705071,0.2537441862845171
230,0.1717443685563488,0.0800050204216184,0.0927451377831241,0.194432888142591,0.233100722307057
231,0.1850518515886193,0.0750472544914887,0.0920221537259737,0.1779003609537546,0.2187864310582953
232,0.192702983179311,0.0769358500779248,0.0880404232025735,0.1659499453338514,0.196918624966852
233,0.211228624133472,0.0695138919073201,0.0875804759653893,0.1654794817539497,0.1782621902373094
234,0.2211289118991042,0.0694380504312129,0.0882792507372365,0.1617218219423597,0.1627347146528115
235,0.2164362387282257,0.0697873888384994,0.0899316460893153,0.1601597021754482,0.1524438824552865
236,0.2186887141355549,0.0695050315713158,0.0943374221758091,0.1583326551365641,0.1473410141972594
237,0.2276939276698804,0.0678798354022373,0.103798622878376,0.1445671666231467,0.1421976893399176
238,0.1960894925151411,0.080305326856662,0.1178549692930998,0.1260542437972651,0.1199945022460616
239,0.2263564718172773,0.0683055262763753,0.1327715748916949,0.1161302438571891,0.1162509637410467
240,0.2273329406217726,0.0555224902385271,0.1455581292740931,0.1076060127897299,0.1225084659653338
241,0.2077375513304568,0.0610582952707846,0.1540322087250971,0.1003493672856181,0.1273794849217789
242,0.2041269997272623,0.0600597448101409,0.1632192311389796,0.0976857664527027,0.1291412038433252
243,0.1972900001802069,0.0520027269287024,0.1816582459766617,0.1011602848165051,0.1351784936314146
244,0.1925244449744159,0.0465463529309999,0.201315513142571,0.1075162753135095,0.1396771445612481
245,0.1894225221627776,0.042476357577085,0.2194163532901121,0.1151723533663381,0.1375739906828711
246,0.1821868634186436,0.0420845387497112,0.2365506369435962,0.1223309883481501,0.1338469621016967
247,0.1755185772835146,0.0402401758247213,0.2550337450604021,0.1288165929675254,0.1304647252792633
248,0.1673644015974649,0.0376517580569651,0.2680004371337707,0.1364774433082239,0.1253105911002436
249,0.1780133982214116,0.0300185252186753,0.2815510532534787,0.1356697264707532,0.1129262740614531
250,0.2071731231236591,0.026381080350144,0.2676282939351006,0.1198946880118875,0.0962352823930839
251,0.2308729436480855,0.0265176560788449,0.3022146840857472,0.1196571127313563,0.1057247600950511
252,0.24335890973056,0.0263065423915419,0.3295911329121244,0.1316601745121238,0.1152033909947288
253,0.2422430607383387,0.0233473804011545,0.3511186624126923,0.1432482847149721,0.1229165267067426
254,0.2328818040817613,0.0233532960141675,0.3619814234489201,0.1539939745517744,0.1261959839407754
255,0.2277000550784664,0.0259669382382178,0.3671988396491456,0.1561978010206959,0.1223472227861099
256,0.2406959589806024,0.0335504238467735,0.3764494204752704,0.1595979499854797,0.1270252277570102
257,0.2648067945486618,0.0429263833012999,0.3774070704818847,0.1631004914756528,0.1247286884138658
258,0.2950081937543934,0.0481550062402319,0.360536819997775,0.1630845541238361,0.1225373577768504
259,0.3128890427610203,0.0507492580766044,0.3509811526851502,0.1649077157698669,0.1211310080896194
260,0.3226180976560838,0.0525609501531047,0.3429119963208177,0.164579222063809,0.1238055857118605
261,0.3406936984511047,0.0527505254202327,0.3380235893987514,0.1572817424857475,0.1251593307033651
262,0.2961162311632092,0.0572830118221213,0.3130975798623409,0.1368115787313719,0.116981547316161
263,0.3298150232999879,0.0566632079535224,0.3145063035010172,0.1401827486300728,0.1299998333987855
264,0.3473787263185398,0.0574107559846049,0.3176642310262128,0.148494075163456,0.1299303255615603
265,0.3693068331025976,0.0606903762634888,0.3114176023145761,0.1570614144159092,0.1300094592148224
266,0.3878583071698754,0.0555632767680941,0.3017939381210053,0.1550762088059608,0.1324019078615064
267,0.3960769930066816,0.0547296186105776,0.2899302259159341,0.1505551529429986,0.1360175841194528
268,0.4152388452438028,0.0581884179064094,0.2954559291128468,0.1617476512161663,0.1375325023423645
269,0.4174506712971493,0.0586731536045672,0.3058928703257786,0.1819840159831569,0.1400913536338638
270,0.4177143051859571,0.0587474789542877,0.3120957666140643,0.192196534564111,0.1444745019586882
271,0.4107539653102072,0.0604548174558581,0.3195598005018323,0.2009522552734507,0.1468806946398104
272,0.3940676797299864,0.062972331083573,0.3342215937835616,0.2124457816668939,0.1436682023745876
273,0.3741854563944961,0.0638476227567738,0.3576801461453876,0.220599638158996,0.1404838153778667
274,0.2941073912266643,0.0543552240786407,0.3588401601011305,0.2404047095192697,0.1751061284337898
275,0.2822209470534935,0.0574369252914511,0.3959527806773577,0.2671612540773707,0.2106689983545534
276,0.323594434835141,0.0634801117807899,0.4356822554573674,0.3060458840354169,0.2234390370038838
277,0.3224307374104183,0.074944001513371,0.4691354540945951,0.3436967111173579,0.2212657276970098
278,0.3377057287331966,0.0869529479470674,0.4869598043359463,0.3718002887633408,0.2062082766939499
279,0.3311617391914835,0.0988233349349334,0.4920642108542578,0.3847185463333727,0.1856529651954492
280,0.3342469546994043,0.1250092308773958,0.494413061612925,0.4183180497497082,0.1812010929350591
281,0.3507648161661807,0.1487795973110686,0.4946248696670134,0.4253902221771916,0.1743810079672483
282,0.3693797488804344,0.1735444004149355,0.4959642013593315,0.435427021651552,0.1649238530885127
283,0.3845756848364893,0.2059184893928285,0.4911109125309514,0.4434240234836072,0.1530807923999104
284,0.3811905845789287,0.2188104198652862,0.4763048705404187,0.4349807678938701,0.1433750041951785
285,0.3878651751669161,0.2307904728893609,0.46249952489299,0.4258028148346298,0.1385718764467133
286,0.3171909596036074,0.1633882852966035,0.448862963771269,0.3874410847136506,0.1395012907165646
287,0.3178328259770397,0.2099285196884067,0.4427249704587837,0.3813859135169077,0.1500196815904804
288,0.3076724222172369,0.2519125193306717,0.4371221535441647,0.3883231211081833,0.1531594908517724
289,0.303925933854057,0.233323572233139,0.4329835359522774,0.3842475328371159,0.1653857198171836
290,0.2885634944389518,0.2330135533797782,0.4214273281957984,0.3885957578325951,0.1839528371580883
291,0.2763659370650984,0.2355617625275088,0.4271862893302804,0.4045863452601513,0.1983069810176777
292,0.2919098982354854,0.20649444141977,0.4112872341792123,0.4078982217263639,0.2141142407409842
293,0.2936013407410438,0.1886859221874177,0.3987576252581588,0.421996852779386,0.2348177964432976
294,0.2841728051104462,0.1982321121761616,0.3945009706042373,0.4402782748402646,0.2452057121111948
295,0.27047564621043,0.2134585189716003,0.4107154522792275,0.4503422059424369,0.246251663953199
296,0.2759821461372251,0.2182850529654776,0.4405969802681054,0.4589604761689845,0.2330882335975403
297,0.2870584458719094,0.2427249408366232,0.4846584797201453,0.4784982961702124,0.2180980483935109
298,0.2056279467444485,0.2130602376584084,0.4820683344837352,0.5224018552487406,0.2231748215674081
299,0.2343320228285091,0.2314708535845065,0.5185110606151209,0.5598469411119109,0.2359383792474119
300,0.2773694356832413,0.2780696574644716,0.5493080076837356,0.5748379116802146,0.2310133466860154
301,0.298914315017911,0.3159410801829961,0.5888057152144601,0.6237401777272378,0.2150084716236685
302,0.3405190122882997,0.3142963690277414,0.6236510598104473,0.6190690817036163,0.1888695503719333
303,0.3870104937880332,0.3340005443861338,0.6789928757213567,0.6114671670159579,0.1585729546538273
304,0.4308812889959943,0.3688099436243712,0.7412205242972739,0.6245610274269427,0.1497424660790633
305,0.448824663377141,0.4009953926911401,0.8081298758926272,0.6362088588887286,0.1386150417967586
306,0.4638540173818515,0.4330724636437173,0.8611762111552378,0.6361217531697464,0.1331834597357972
307,0.5051112665248886,0.4353533950086297,0.8922216609740785,0.6203612764718236,0.1434813562180116
308,0.5199239964106501,0.4237966620332914,0.8986599256702534,0.6086968434634403,0.1718002578214225
309,0.5575655590440641,0.4228143812344306,0.8874456031578948,0.6093497590543295,0.2076614804441166
310,0.5412670989319305,0.3359341576787963,0.7573623208402867,0.506651412003021,0.1974677856676456
311,0.5306413161272755,0.37948385338129,0.7353565046169478,0.5373185621186343,0.2265603590138019
312,0.5043623489001586,0.3738198647781372,0.7590546703491932,0.5534200501527713,0.2493576208426234
313,0.4801430361026067,0.3534624075626531,0.7507380050134161,0.5330686108825213,0.2822166389029881
314,0.4520309553145225,0.305947948355798,0.7208768235304847,0.4978336846068651,0.3018109831495305
315,0.4488894590800141,0.2611054683671872,0.7033910724942153,0.4555313646566967,0.3237922589312466
316,0.4971621914327632,0.2170777923126481,0.6892107571245353,0.424253818607799,0.3279363326968465
317,0.5372273279482548,0.1676800725481464,0.6676424725297474,0.3944441154542288,0.3326749821339487
318,0.5657875425435613,0.1241809998163555,0.6414474643015237,0.3656393662389507,0.3396210852153032
319,0.5781510692833585,0.1027360491924881,0.6203174242671712,0.3448140601629886,0.3343468656809042
320,0.5497685541282925,0.0941447872212453,0.6030196687297424,0.3132613275600567,0.3294505345172082
321,0.5166011755125876,0.1080466602955297,0.6073958226990284,0.2850917549330869,0.3375159990645692
322,0.4016708016286484,0.0905628375709263,0.4082697956043039,0.2389719784921136,0.3373685358525321
323,0.4659695161607751,0.1237725955059783,0.5249292396371525,0.3160783768765676,0.3361631682644259
324,0.4908531682212163,0.1583941876998908,0.5712995871046639,0.3211989663061513,0.3321109308049202
325,0.4460418714142443,0.2024792328963052,0.5710264337255472,0.3053085242022162,0.3325002387101255
326,0.4217533182920985,0.223551371198582,0.5526996743262405,0.2691705909090843,0.3011486198777828
327,0.4041012349056698,0.2190416215579368,0.5532259125446628,0.2174495740577161,0.2798006180286985
328,0.391397179878054,0.1787927833160852,0.5005285179761189,0.1897309185137161,0.255272943770069
329,0.4159300543962667,0.1633344251923573,0.4654732376008407,0.1798696013694412,0.2432321191702617
330,0.4280556406135278,0.1457879556981843,0.4528479176994194,0.1720443771847788,0.2336321536627927
331,0.4347411923310226,0.134044224203491,0.4444770296726808,0.1593462386868177,0.2269444170041751
332,0.423985488378183,0.1184177505258827,0.4403681829229626,0.143922613044203,0.2265496393531861
333,0.3779370007505774,0.1029688848481635,0.4425747796631102,0.1323173288130346,0.2228913374805064
334,0.1944377607571658,0.0845724645727489,0.426360182065234,0.1160466712062677,0.2242051036264055
335,0.2021560460487056,0.0791369603706631,0.4391005765097114,0.1148954266588771,0.2092699702072087
336,0.2104745529420606,0.0761177056956413,0.4511815151781806,0.116202538237728,0.1917967405236908
337,0.2396853382996717,0.0725790162082606,0.4589351627026061,0.1161981543130048,0.1912808882462937
338,0.2930040769854887,0.0666158532168144,0.4711162394639923,0.1200750665351867,0.1884842367833022
339,0.3445791292108318,0.053527811042792,0.4871764060944445,0.1201595482722861,0.1798211987297455
340,0.3779200126854204,0.0411623071924216,0.4977640131466069,0.1206988339207287,0.1741133144551895
341,0.4196713362360937,0.0368814857442984,0.5098929903377143,0.1190520618409675,0.170733648301787
342,0.4510823023058184,0.0348947642025374,0.5261803525902623,0.1179110767486733,0.1650128828336684
343,0.4817293841831926,0.0326879743154145,0.5350302701677232,0.1195514266616052,0.151153488851609
344,0.5033642119371816,0.0302679163813551,0.5376422794334847,0.1201413827234039,0.1369215150519725
345,0.4223154064094754,0.0279058492536855,0.533720284743899,0.1145064684901856,0.1349260660692376
346,0.4237928876251786,0.0243473296342019,0.4546046682445226,0.1014349683538823,0.1542828333825079
347,0.5915469879037655,0.0247409772935632,0.4882768760719015,0.0882213076958091,0.1557565390433443
348,0.6823805262662643,0.023756302267988,0.527995139328924,0.1179674064676171,0.1590727022258005
349,0.6302765687209323,0.0254515623435,0.5700989362689463,0.1222564689142476,0.1550471018785294
350,0.5658779343410204,0.0290923097269806,0.5899773618832652,0.1064447615384438,0.1571126913129106
351,0.5520083475521667,0.0287767780487645,0.6031015506355736,0.0871984262555776,0.147592802875354
352,0.5277066578094058,0.0306582373417254,0.6198604022681821,0.0846403806532755,0.1456681700183461
353,0.506854734231942,0.0325052813054158,0.6257925678664044,0.0914398401190469,0.1346896828930163
354,0.5058343893315058,0.0314174252201563,0.6242557034972678,0.1004005406911158,0.121455824666571
355,0.517260509013167,0.0269340172071445,0.605403610467046,0.1106968319032976,0.1075798162619464
356,0.5437112336926619,0.0226237073631886,0.5862329089570633,0.1210541478718429,0.0945658500054759
357,0.5522650407473255,0.0182891039761494,0.5609337270691324,0.1345736867429902,0.0852998736031412
358,0.4563956355759025,0.0204873150098647,0.4658521389697915,0.1495131117425418,0.0797922386643101
359,0.4793720624102766,0.0138214055899302,0.4837865097299272,0.1473116442522896,0.0760646240092427
360,0.4867109474181081,0.0106491998626262,0.4865382340519519,0.1449357686633499,0.0743073851808447
361,0.4892763898384869,0.0095051356497736,0.4768539346918974,0.1416489349783807,0.0778170659443447
362,0.4774986504644905,0.0096384143047094,0.4666880381195672,0.1413081734751703,0.0855873007044736
363,0.4450335764953393,0.0111346644844392,0.4596933423451952,0.1436389457773036,0.0922085088912902
364,0.4044390354804308,0.0136507841181984,0.4479617804113935,0.1497710240611165,0.0955597392411856
365,0.3613327827852088,0.0167765025338011,0.4226131246991725,0.1606753815210709,0.0970477368302886
366,0.323138992723805,0.0235080429111334,0.4017193130461115,0.1686243506397675,0.1010182565753804
367,0.2831735132992002,0.034432899627805,0.3882112832150591,0.1804244396917799,0.1048854886740556
368,0.2361172430239294,0.0409540016870425,0.3871278093721187,0.1903494575486742,0.1049791114507978
369,0.1774571902374335,0.044722978448972,0.3939234503174739,0.1945438593408151,0.0967515673972186
370,0.1239063322861571,0.0359597469267617,0.3512282846276397,0.1471421396174002,0.0765057794001291
371,0.1048343862199611,0.0315930868629992,0.3734758403425028,0.1481720757566993,0.0937338169220007
372,0.084592341853535,0.0280991561919608,0.3959208933275347,0.1633959423769695,0.1098405252748731
373,0.0592043579490545,0.0310134468651571,0.4105523837099115,0.1870705391624241,0.1214818621936696
374,0.0459804812704683,0.0375855763434435,0.4142881479568852,0.2186143650255181,0.116645347253174
375,0.0441094512715918,0.0495624729892218,0.4244088808838935,0.2561569517636191,0.1115339663856282
376,0.044730801073623,0.0635063152572785,0.430592347566469,0.3039392787287965,0.1146218662374467
377,0.0516980198533617,0.078401119485111,0.4312637040239274,0.3475579263865323,0.1141706049586337
378,0.0570659143970974,0.0928165239241258,0.4445341737348378,0.3797201905657292,0.1154429612754837
379,0.0632906070696192,0.1065166758494086,0.4577522810744903,0.4077225330381523,0.1128213162203429
380,0.0691474098593572,0.1200723865368103,0.4712706620496674,0.4191807323219549,0.1103678886317188
381,0.0730365148827537,0.1375250894640796,0.4856932080000508,0.4167522320318981,0.1093341340504714
382,0.0895778832757543,0.1175982798222067,0.4479564569081145,0.3700456813840389,0.104546791643943
383,0.1041203170590451,0.1374212197192962,0.4738198258913748,0.3810854827994887,0.10552824302177
384,0.1088606516757443,0.1553050637426413,0.494893506208429,0.3831570264579146,0.1089113191243376
385,0.1095132549327064,0.1686179119548069,0.5098380126315704,0.3862430297102887,0.1132084281839677
386,0.1072814590905555,0.1608684152782073,0.5132287110868373,0.3920523607516463,0.1112586311547647
387,0.1049931247976967,0.1549975642975975,0.5132054371848348,0.3908691301669751,0.1100886861843782
388,0.1032210851119788,0.1565937188956533,0.5028668757872405,0.3950398826556847,0.1070433939738909
389,0.1089335175954844,0.1689362138221874,0.4779358419066926,0.4047065281266821,0.1037704336077554
390,0.125877938396743,0.1784949945725519,0.4487011311434009,0.4051734741029776,0.1012951702318755
391,0.1408598622526803,0.1838885313271739,0.4315820319632572,0.3998946177021063,0.1012850495525734
392,0.1377468166228994,0.1730180660888438,0.417731035220166,0.3996304237181521,0.1016695358199743
393,0.1257558669289233,0.1585792191858584,0.4202068424517319,0.4066063905463959,0.0935151997884173
394,0.0983403757113981,0.1358867676826055,0.3552963118655255,0.3261263164731501,0.0988814388282746
395,0.0914114618775022,0.1455701322035102,0.3881179777137223,0.3415391569705337,0.1122087894491896
396,0.0788407405780294,0.1834896002284614,0.4035039194841922,0.3479038799034068,0.1214587520186274
397,0.0746691314121716,0.1954329590721444,0.3877403393434492,0.3390075380997803,0.1276069807876134
398,0.0901882276651995,0.1778543806699589,0.3969143814746338,0.315323594213052,0.1255768309738043
399,0.112247308743339,0.179975975187441,0.3873125953204315,0.2904367481336781,0.1197160833983703
400,0.1421826036163012,0.1702206822330757,0.3872650333229899,0.2623716387154098,0.1138333704235768
401,0.177229784008184,0.1704231883259489,0.3850315713668338,0.2395592641740819,0.1110515360860742
402,0.2008306080101211,0.1656111799871144,0.3784067559837071,0.2198375801359208,0.1122080067213586
403,0.223000243613652,0.1646827791973154,0.3774002829237851,0.1998960163399884,0.1128175430080028
404,0.2350013038007308,0.1501187079323407,0.3698079273224485,0.1825741738646678,0.1149413484954507
405,0.2483382007556675,0.1336963447456863,0.3628568140625949,0.159166399980045,0.1166826399796542
406,0.2562011680049035,0.1240303892355432,0.3130876536863708,0.1259551649952078,0.1337735021526203
407,0.2917042486280971,0.1169443051215811,0.3143870961495965,0.1174207383625181,0.1406603520448516
408,0.2867763547870041,0.105995996540346,0.3036763094149006,0.1122416486874379,0.1461050817679646
409,0.2611041968895154,0.0833677307840634,0.2852472991528522,0.1067070401696546,0.1458077012665903
410,0.2386187128772041,0.0641435651722221,0.2698489524004775,0.1014300465791677,0.1418802622107124
411,0.2192728243004518,0.043345203450148,0.2437178317387946,0.0980725430957319,0.1337977816801113
412,0.2192647253344882,0.0368448098954141,0.2193447939212527,0.0970964356212761,0.1220527203381235
413,0.2261669668802365,0.0357338445031212,0.2002431287133433,0.097092003011425,0.109795649930908
414,0.235326972256177,0.0369313409046422,0.1809112636996119,0.0983648917621589,0.0986056295584786
415,0.2294623164415072,0.0373093546136201,0.1684211282706538,0.1014494557258428,0.0924183476014031
416,0.2119702790506851,0.0401764559250217,0.1579316868426556,0.1062836923975859,0.0886284535104649
417,0.2169792959818101,0.0425218440195128,0.1469661397634996,0.1119876121150912,0.0823931703098901
418,0.2208901410344027,0.0549417694666833,0.1319202258776449,0.1125655500553904,0.1117202210082131
419,0.2208050045398393,0.0632275004855608,0.1153070096410883,0.0985522304370886,0.133729281629567
420,0.216047889623232,0.0593204409050753,0.1130570772421339,0.1065944572395951,0.1465417007643549
421,0.1900094760863412,0.0584488666035016,0.1131233653100286,0.1113484864787509,0.1420673425823256
422,0.1479797555411401,0.0588441442254557,0.1140965140233907,0.1175517725435434,0.1276401591531701
423,0.1000804355510753,0.055743821481907,0.1191589730437786,0.1273674304816305,0.1238486882967037
424,0.0781363854473357,0.0554574302362535,0.1282352531257548,0.1545881959105066,0.1242551349607895
425,0.0659152302017256,0.054810660006754,0.1378273760889276,0.1969610266252754,0.1179369588986777
426,0.0531054708736128,0.0524118947898466,0.1407925197662472,0.2281905879802887,0.1169106500440776
427,0.0397710953457686,0.0514989417427544,0.1373661813765335,0.2468439720521751,0.1172519799590361
428,0.0319579535140172,0.051470117274429,0.1287719396178421,0.2514111975181671,0.116642919754676
429,0.0289225909034746,0.0462985693700017,0.1183240377576437,0.2539038179805791,0.1137884051957138
430,0.0316856156345189,0.0205400700769962,0.0992433625470177,0.2422821002669671,0.103635644926936
431,0.0359678436521675,0.0124618476128371,0.0983284941359478,0.2456888778293751,0.102478541162374
432,0.040713938474385,0.010679419834651,0.0932363153255995,0.2427678350902924,0.0952258242700589
433,0.0484582734248587,0.0099701195335471,0.0887674525995417,0.2353019303005273,0.0865616439597268
434,0.0522437696970053,0.0103825254465334,0.085492499733126,0.2331903456051835,0.0788579264698938
435,0.0549330528470278,0.0120612240994085,0.0832578953047073,0.2184437421462917,0.0725108692855434
436,0.0600463547278359,0.014469340937,0.0828208674480351,0.2130997372770456,0.0665290540182274
437,0.0634498899019869,0.0144520384013526,0.0817202527571178,0.2097838951130248,0.0612293002315758
438,0.066501032040576,0.0126732826599923,0.0820037135387045,0.2136940496717972,0.0580815426365459
439,0.0680950583614478,0.0111947708166356,0.0849803001767939,0.2141485584811903,0.0558741565289089
440,0.0652588399126755,0.010037952839064,0.0859026468590465,0.2142721973674311,0.0528291271104712
441,0.0583530750800275,0.0086503509891318,0.076721931035169,0.2006244005254885,0.0446233688596445
442,0.0589273072894982,0.0123906843003764,0.05183060777764,0.1556728420614225,0.0382460956028641
443,0.0609012917915659,0.0076183616785123,0.0405040471403407,0.1327826789483201,0.0397760547060833
444,0.0684433274491279,0.0065946434005833,0.0383602046045279,0.1218051452427547,0.0433127833210544
445,0.0726003815225748,0.0072975110514429,0.0380329297832182,0.1159569986316201,0.047499906025009
446,0.0785629356781466,0.0084556721885794,0.0470561839874805,0.1150217731089745,0.0469376917074684
447,0.0904716569495523,0.0099803020928301,0.0722364256546258,0.123290497826619,0.044222375064374
448,0.104725653001574,0.0135337997510431,0.099352788605636,0.1415636645785043,0.0416206045697244
449,0.1093272662912227,0.016495242147185,0.1148552771705229,0.1537630396606429,0.0388196461363752
450,0.1043739568748055,0.0174598778605075,0.1211325846095458,0.1524554193444166,0.0366502557236132
451,0.096396292647503,0.0163115111746116,0.1220094011231756,0.145717452966219,0.0360826580805013
452,0.0875080648009749,0.0153620462816311,0.1208629025612537,0.1377005013848197,0.0356383284946396
453,0.0824974018754369,0.0157699743312685,0.1171596558289223,0.1282970131781101,0.0341237057220995
454,0.0785920137324289,0.0164952486864988,0.1065078899319546,0.1331330564743235,0.0382337773431712
455,0.064673797928297,0.0151365700231185,0.0978646335235565,0.1260523490424999,0.0395397112354183
456,0.06115493751647,0.0131045294655991,0.0881945857532272,0.1179550035913737,0.0410905151443419
457,0.0571002381549697,0.0106890663602005,0.0781817223755868,0.1081863252386543,0.041929543769932
458,0.0494382261464765,0.0092336554455227,0.0716340625400263,0.1005381553984143,0.0402914353420917
459,0.0437035091313012,0.0088585373877031,0.0639117267926786,0.0945885104882166,0.0396595707050093
460,0.0370901172076445,0.0087977673408942,0.0600903255201862,0.0927083073917838,0.0391313460848094
461,0.0327783110081534,0.0089878747589276,0.0577513454634753,0.0923085820942751,0.0360071149612956
462,0.0275211081605348,0.0106528302511507,0.0579260916732592,0.0941986649793746,0.0332052746616148
463,0.0229119359376274,0.0125366271673149,0.0562417670328139,0.0935002542481675,0.0307103605966171
464,0.0171338269263535,0.0134617125716345,0.0556858417970695,0.0933171130782972,0.0297407276730464
465,0.0115344322719491,0.0126972338383323,0.0431736417643411,0.0860000051569988,0.0259993474418678
466,0.0114221596789033,0.0112964461883673,0.0279140676178961,0.0785947145167585,0.0226539117686426
467,0.006616364992144,0.007721003308912,0.0220284409346748,0.0854111747275053,0.0241568166729919
468,0.0037261080261993,0.0060764498637936,0.021566478707986,0.0917897950361481,0.0270524266949155
469,0.0032362186224186,0.0056459530782012,0.0231488901122047,0.099401774541905,0.0294905670681602
470,0.0060453527983012,0.0050521469515019,0.0268753550555808,0.1117979892353045,0.0325266645847186
471,0.0124327798563875,0.0067305719178119,0.0422581746425907,0.1175373205440114,0.0369372107368958
472,0.0207855530526897,0.00974392146295,0.059453193723335,0.1303078734113639,0.04199878370713
473,0.0278425788476832,0.0122595725575117,0.0666546510066331,0.1369327754673213,0.0432861503718376
474,0.0309280539289851,0.0146921862570538,0.0670633228870037,0.1475612293761337,0.04573152089511
475,0.0329952967433869,0.0152428899445457,0.065423288384506,0.1550609010121382,0.0501138988332337
476,0.0367357542460136,0.0161151037990747,0.0644092587431889,0.1578506003654231,0.0538478911415439
477,0.0394087343219689,0.0171481347059226,0.0624599186217281,0.1556237086922417,0.0584185942294576
478,0.0364822758699058,0.0169990510578951,0.0580437649439955,0.139046878493157,0.0645192212534703
479,0.0364741955536877,0.0215234580190132,0.061057459437699,0.137868976741816,0.0738801718743454
480,0.035729807978383,0.0247813725865939,0.0614120414723454,0.1358771468877381,0.0778980147844241
481,0.0373753011270429,0.0225961138839728,0.0618121095662461,0.1320453862879598,0.0831461078970713
482,0.0408668911566386,0.0232869639590184,0.0668301733620429,0.1304418919911652,0.091768273665463
483,0.0446187629532455,0.0235799606506858,0.0733127806113306,0.1323237678356213,0.1021930237497265
484,0.0466685579686635,0.0263499452531178,0.0817453110627631,0.1315103025865538,0.1124674000412786
485,0.0455135628476469,0.0276944572569293,0.0911957142386644,0.1296294820289826,0.1210744280038444
486,0.0435683926885747,0.0282884116520744,0.1012095308907426,0.1226157718339435,0.1305820506751266
487,0.0404568645212632,0.0282759128681894,0.1105154004022365,0.115514035260679,0.1356726529360124
488,0.034878922883856,0.0261250811974837,0.1156467261547484,0.1039468736671724,0.1337497947297158
489,0.0298656563475192,0.0206619917324967,0.115694232263095,0.0804982989587211,0.1334237703146632
490,0.0198840671438126,0.0166573475956567,0.0995121871834294,0.0418974829168872,0.1344445212508642
491,0.017174467058663,0.0214236661385741,0.0927243732713129,0.040697629110018,0.1402641250619313
492,0.0158413928618766,0.0267017237096193,0.0915871616643288,0.0432062700779146,0.1431188687762378
493,0.0176369412047232,0.0289475111546769,0.0910340324408182,0.0436826510408585,0.1415878860529188
494,0.0177549292315029,0.0294503790858158,0.0975353982656024,0.0436511725790437,0.1446216848029439
495,0.0249554155389986,0.0268484988585861,0.1152844257361774,0.0461925801174437,0.1455214031063941
496,0.0285918246547001,0.0271082563331654,0.1296094494544825,0.0542501995348425,0.1508221657008834
497,0.0271647518751412,0.0254213653235543,0.1333157077607438,0.0667502377600117,0.1577467951156993
498,0.0228333031560087,0.0241287595130506,0.1297323729631012,0.0814589874776234,0.16054054322969
499,0.0197751490879356,0.0238637981679614,0.1280110092318027,0.0942833288174757,0.1586126864985265
500,0.0164671577651238,0.0215214607509513,0.1285640216977636,0.112179187091391,0.1559567757911585
501,0.0123851381413644,0.0164897408007491,0.1280328581000344,0.1417210802066693,0.1572567283543702
502,0.0094642125558408,0.0140705834756018,0.108918733219096,0.1794561742159754,0.1600507720103456
503,0.0078037016329276,0.0141330140367815,0.1132312783528864,0.2257867804785074,0.1701431293952539
504,0.0076349715509794,0.0119868354922554,0.1160976627296237,0.264699335163794,0.1717787030673852
505,0.0080190784053818,0.0099922125636384,0.1181839497031132,0.2984172382952837,0.168449501909551
506,0.0076771280250338,0.009126770199841,0.1214550551496549,0.3148529043974132,0.1783633875985778
507,0.0065659010457875,0.0083291243607908,0.1203319312435773,0.3313245357649663,0.1781927841925518
508,0.0055670131502207,0.007359777647187,0.121820289873917,0.344909063283731,0.1774848640637463
509,0.005330427639992,0.006067416026213,0.121913395536119,0.34907625986601,0.1799152000959668
510,0.0059826412430363,0.0059463351294461,0.1267756762783415,0.3450357585550027,0.1753883787933404
511,0.0073297102523019,0.0071088135921959,0.1344709017008016,0.3294446356548007,0.1673944113245798
512,0.0080807852784064,0.0072350180508175,0.1473812244558626,0.306710983263856,0.1616960205998594
513,0.0089388172125903,0.0081981242622501,0.1484369178700908,0.2855769510081827,0.1638769157768609
514,0.0083622482866075,0.0140937901122082,0.1177424147145784,0.209339056236398,0.1439896202222551
515,0.0041258377654501,0.0111397635740904,0.1219957639680602,0.1917409260804562,0.1546262134186737
516,0.0048694038063031,0.0093818330038401,0.1338160406076377,0.1795958138419941,0.1680946859706608
517,0.0081317019091043,0.0074367967552235,0.1459735295882089,0.1678378609414368,0.1804652152813249
518,0.0139257679944661,0.0082682594604017,0.1704093610765823,0.1561854428739697,0.1871859895105707
519,0.0262615755740797,0.008732308245592,0.1985624788124105,0.1685812412678901,0.1832558270029702
520,0.042937020553825,0.0100364620347077,0.2209959098315026,0.1835938121539428,0.1847078906899814
521,0.0546952894717976,0.0097202033297865,0.2283419159379552,0.2047307047472572,0.180808592997833
522,0.0596118472307345,0.0092198318045186,0.2248404584550292,0.226221184653987,0.1757298478273734
523,0.0603947764905042,0.010579220204978,0.2164273054422249,0.230373142854638,0.1659929607622014
524,0.0611247027717633,0.0136327524628884,0.2067972739111347,0.2298496536562436,0.1553245373969962
525,0.0620471399453507,0.0197707568108672,0.1914270402109826,0.2299541917970039,0.144515763365683
526,0.0583336461831555,0.0234794775212211,0.1696261357845483,0.2773231030441819,0.1244108377863291
527,0.0562942410695224,0.018569236608916,0.166967928821027,0.2613298943366774,0.1122106746794041
528,0.0626876439524439,0.0142977005693674,0.1602753911590496,0.2372172286070091,0.1038453763438999
529,0.0634503902266485,0.0149614080831201,0.1539028328054458,0.2273546404088811,0.0980315816669629
530,0.063450436323314,0.0175153571859086,0.1495854043259911,0.222968890669498,0.0920476518910453
531,0.0641777870098266,0.0200666090947221,0.1431024907125248,0.2256024738192969,0.0914637950316867
532,0.0679055897785998,0.0206302480082825,0.1414709789429107,0.2336447921150508,0.0894640597482777
533,0.0653586966142319,0.0183495001885548,0.1383258143048091,0.2441376346222422,0.0910719924159958
534,0.067479474801774,0.0159690744792818,0.1374446823502198,0.2448270282096621,0.091331415008203
535,0.0729473960998841,0.016015406273407,0.1340286739867365,0.2388322678472084,0.0901344060963483
536,0.0748939993337818,0.0156635780035422,0.1304199401199003,0.2455549483516326,0.0867637200190203
537,0.0732860627370987,0.012615849816494,0.1082032159885279,0.2533117845712733,0.0903055117817547
538,0.0777512252530474,0.0169675855226046,0.0918948603595099,0.2221661989107388,0.0900938097585601
539,0.0796468972234042,0.0120069875897364,0.0861737052987675,0.2618778198593074,0.1040736146182513
540,0.0841215683629768,0.0082584783460758,0.0852582089561458,0.3184836978431505,0.1149028448466021
541,0.0844017922110331,0.0078480662804008,0.0907045445586921,0.3501811187978884,0.1209003128067729
542,0.0848619002339301,0.0101484854315913,0.10368951945283,0.3541793430292515,0.113707896179263
543,0.0907407969263503,0.0138481104580227,0.1157739251014447,0.37156445839586,0.1110866801459198
544,0.0998477949880524,0.0203490058931456,0.1340393502567941,0.3848845006105115,0.1144024028429248
545,0.1026819101066113,0.0277992017396439,0.1450220663621572,0.3604434818327836,0.1158855622251203
546,0.0993162460506309,0.0345351578331236,0.146936363206052,0.3474985944154927,0.1182366847632449
547,0.0906600807585568,0.0397362979023882,0.1360934776833875,0.3130555972010652,0.120800403452071
548,0.0805445897819008,0.0403126943868267,0.1296697144753321,0.2708519996039858,0.1187066768284011
549,0.0730642231756994,0.0353996027653747,0.1258456674017587,0.2346530889279154,0.1195288839835016
550,0.0545850486896372,0.0410338763059275,0.0902511891422584,0.1692573316580721,0.1466174418576553
551,0.0528916463780671,0.0412363600551996,0.0976243674825864,0.1727691770442927,0.149545012189674
552,0.0524798760568647,0.0385614918752847,0.0990145285451914,0.1762693198905721,0.150497243754438
553,0.0511542314904467,0.0370487692707303,0.0955014579685656,0.1755092056420618,0.1563258802617379
554,0.046902491756019,0.0387529411175897,0.0921159129581749,0.1739151938350041,0.166201173887582
555,0.0392153070384293,0.0373243158944179,0.086283473714887,0.1599995433293402,0.1781174243857537
556,0.0362336259428711,0.0348068523978614,0.0826730831208539,0.1507713043291458,0.1865698968932592
557,0.0329146901605161,0.0321192235545119,0.0787922804072589,0.1443645636372645,0.2045266339140188
558,0.0378301620668563,0.0312201483595415,0.0775550832210672,0.1308089768536914,0.2356161771370752
559,0.047364511002605,0.0335125090459553,0.0735199115054804,0.1217096975430214,0.2625150709399796
560,0.0558826182456832,0.0357479565463202,0.0711562648977928,0.1114872374343081,0.2751401654431815
561,0.0537453058850357,0.0325104561416552,0.0645845606870301,0.108229846399368,0.2964481692495503
562,0.0522338731024304,0.036924009626504,0.0570119079877344,0.0921709747798403,0.3763221096814343
563,0.062620131111449,0.0391667236435216,0.0472116633333232,0.0937934408523546,0.3826045255378827
564,0.0764945731085159,0.0404913093074075,0.0383332179243273,0.1040405872212851,0.3911050350203696
565,0.0924915060584727,0.0410748955413912,0.0339664564784184,0.1168027865943945,0.3973298043018939
566,0.104095985595383,0.0483134544319317,0.0335820306104522,0.1241095299528092,0.4096270381717061
567,0.1076390641647224,0.0506666547907821,0.0330413085709301,0.122466319009757,0.4110914700345102
568,0.1076146106172592,0.0491867269186918,0.03454578820521,0.121366839370356,0.393883190565666
569,0.1118195089921047,0.044710037408622,0.0354231902432119,0.1307694666736343,0.3736627370473216
570,0.1215265172086146,0.0522955326879906,0.0326751583780607,0.1470303982948899,0.3645866612107337
571,0.135337587172009,0.0511928308923133,0.0294292314162339,0.157900224240869,0.3621410988205292
572,0.1446724076681732,0.0384772575160336,0.0253706730186711,0.1680445515365057,0.3565521354988892
573,0.15092917580426,0.0348300978175716,0.0211395777934655,0.1736346489626204,0.3496707932883918
574,0.1233928558583298,0.0453478498305747,0.0182388102164745,0.1861786729857668,0.2994547715388075
575,0.1342929898363718,0.0378441891045233,0.0174683183177012,0.175873132781467,0.2970128333645248
576,0.1401644471623533,0.0355379637355379,0.0150697775379704,0.166865837070633,0.2823554750041661
577,0.1515552387640873,0.0381774643321734,0.0146530921228433,0.1623123205066672,0.2729853985937167
578,0.1587488162855466,0.0359116774722177,0.0147881550155048,0.156775855146374,0.2708733895158042
579,0.1553182275749411,0.0332481194820895,0.0140494887874598,0.1465861310793961,0.2658466097716419
580,0.1578184759084043,0.0336012567826984,0.0137789724031071,0.1380067958534255,0.2734738762327862
581,0.1812902045119697,0.0306493177138792,0.0148295507858843,0.1366165461732006,0.2735616345632125
582,0.2005839933276874,0.0274228526352371,0.0162698980060186,0.1339368729835692,0.2736414100867386
583,0.2016848920148688,0.0269121038838386,0.0201408526474472,0.1270406143057052,0.2839020405378971
584,0.1866876638505607,0.0291897020506669,0.0258798678613268,0.1247184556601269,0.2837225256558733
585,0.2431736318493952,0.0308545515593815,0.0298268547479044,0.1143847277277135,0.2765923592793842
586,0.246388676661071,0.0278673238342602,0.0520258967012405,0.1079728655694946,0.2996249950419117
587,0.2568022324606648,0.0300757228909476,0.0622241733124863,0.1189917399920266,0.3192713453424566
588,0.2470778730090763,0.0317214218583045,0.071749528283125,0.1443627490280783,0.3361150172902356
589,0.2546550947804353,0.0297765965079456,0.0876217584188086,0.1654826628308036,0.3623069368108005
590,0.260334983798922,0.031345011938541,0.1015922337034656,0.1824637462198563,0.3738176331554403
591,0.2321938513944964,0.0308931309476767,0.1126810216371728,0.1953209403131238,0.3655065929311566
592,0.2023246930059908,0.0283935277583655,0.1254736706945299,0.2137661433354628,0.3495919490597874
593,0.178626147818962,0.0288698331310658,0.1517891132573695,0.2373887612331493,0.3406913615598381
594,0.1798121402443197,0.0309913860065415,0.1890934824910797,0.2546472177912049,0.3376871195681068
595,0.1867404965804446,0.0322584840045875,0.2244773370952723,0.2629072538357818,0.3271198445964815
596,0.2056094047249261,0.0402346656979001,0.2595277415051586,0.265764700732288,0.3158231387057857
597,0.2232893010960577,0.047718480971048,0.2789549096383876,0.2622571965614042,0.3046363727228715
598,0.1946717462818439,0.0657963489825632,0.2701100304197904,0.270675990767715,0.3085798143740034
599,0.2191908029997606,0.0674511456471089,0.2842074767069267,0.2633085484449833,0.3003799190459272
600,0.2188605249222595,0.0701926994133829,0.2860998349799972,0.2653699804177962,0.3022974158257043
601,0.2135500950560025,0.0833806908533575,0.294517108477947,0.2711588915892693,0.3273018775264917
602,0.2196759444292371,0.0941539557032737,0.2998910927181121,0.2649014013963295,0.3328549290933602
603,0.2146528035557902,0.1053893740496081,0.2980975790492584,0.2604509165628251,0.3212355994238025
604,0.2115634922718147,0.111306872554032,0.2850315080798569,0.2522461702934263,0.3211975652801486
605,0.2165950356586297,0.1069989043149283,0.277948022416003,0.2480723103953167,0.3081066333910467
606,0.2407827705637353,0.1077179356497958,0.2795358712058533,0.241289214098055,0.282426910260751
607,0.2604004702053305,0.1087821981018185,0.2839145297351303,0.242641286363307,0.253340317764866
608,0.2643847529034061,0.100010720700029,0.2806428450810352,0.2544502475500131,0.2279145900783902
609,0.2690351111638621,0.0869074607537799,0.2746146962459675,0.2670999550980645,0.2267817232341072
610,0.19390434976263,0.0581723624099965,0.2517676086875592,0.2756004938666424,0.1987008467255219
611,0.2029732684179191,0.0616878238996255,0.2620085862598159,0.3334131199898222,0.2022215614460678
612,0.2259202528733389,0.0680909248215984,0.2623859931896682,0.4125937326474401,0.2007834134404963
613,0.2904944528678904,0.0739979535599205,0.2577742503315671,0.4625341698018259,0.2078238764930672
614,0.3265935937589455,0.0836935838736231,0.2510978577257994,0.4672756976938729,0.1996879663622952
615,0.3187585132851525,0.0916961747583711,0.2491943202049854,0.4568994895554645,0.1928468386180173
616,0.3049494390707051,0.0955660633557088,0.2579138103195195,0.4908799205262814,0.17353184820037
617,0.2911380293610252,0.1006072605595292,0.2670343689064067,0.5415290747711539,0.1608834384815732
618,0.2597338133161292,0.1050433579512244,0.2743241709730183,0.5980642162387672,0.1550613468736174
619,0.2364908997804495,0.1094164763921505,0.2876557743787809,0.6608781217036662,0.1523324479008011
620,0.214260312562685,0.1087695521108492,0.2996224593331882,0.7186686761709251,0.1445313988771287
621,0.1924565876866427,0.1076561115101601,0.3104499835489548,0.76764327770595,0.1306986609423223
622,0.1548675374448888,0.0839125210811059,0.3009924219700918,0.6858213751136113,0.1256902005911639
623,0.1401308065576874,0.0785002791236644,0.3315291896573968,0.7423744158311828,0.1243981788441889
624,0.1140607746750308,0.0806959169869005,0.3488094266415482,0.7964303290904257,0.1147550869585529
625,0.0926409138242184,0.0928637939666493,0.3661739428632526,0.8288180920882025,0.1111181244628346
626,0.0863552187897165,0.1104623580056374,0.3766911573083676,0.8354415016692684,0.1083212925773431
627,0.0755463791309892,0.1300755769291118,0.3822548027094541,0.833190300632264,0.1103634418659384
628,0.0667295189131276,0.1429298575346103,0.3897579132462899,0.803464162014325,0.1093867693738977
629,0.0601877425529628,0.1603330897567269,0.3875867264905804,0.7706197448920822,0.1113234328683071
630,0.0594687767614483,0.1774825746317425,0.3769582491179459,0.7649307975954982,0.1182320534119509
631,0.0604429550464331,0.1885035130656264,0.3746212945809071,0.7596880653608654,0.1242483436848817
632,0.0576104785152919,0.1893243159547277,0.3718862487541021,0.7743469773519779,0.1253020876297409
633,0.0575334495729336,0.1778746627987712,0.3691169671015502,0.7996386131679788,0.1247407899699292
634,0.045483194704723,0.0808001342123052,0.3214424382446274,0.7485074454799925,0.1431048216207419
635,0.050132885475935,0.098844680613075,0.3242531130803776,0.8152971202225942,0.1894499916479925
636,0.0543308219469127,0.1311948966254913,0.3215824073982599,0.8232676430274183,0.2295516383759594
637,0.0656860613117622,0.1640490737917808,0.3016881435360583,0.8261341028769037,0.2475595283777524
638,0.074753221692424,0.1648203396810577,0.2928241255549608,0.8365661684121346,0.2491274057814373
639,0.0827570587686807,0.1954559055814093,0.280602279996721,0.8042497065732825,0.2631547014735902
640,0.0929038418824483,0.1833331159189373,0.2792575953101797,0.7995940824065375,0.2717113630710945
641,0.099282858021623,0.1884106996944165,0.2882894359065805,0.7394049601291577,0.2582174763844965
642,0.0906717497404795,0.2067608207081935,0.2870509288729082,0.7161832701522047,0.2507000567178282
643,0.0857796518694004,0.2563794021168634,0.280616718189686,0.6827123219272867,0.2493621473082617
644,0.0777234343482798,0.2862354720672353,0.2786728813754091,0.641226929656847,0.2619756045557434
645,0.0673799633444607,0.2839544358391917,0.2691819699578429,0.5878105269982781,0.2686418011124857
646,0.0608459809521362,0.2453989101861661,0.2670500342656594,0.4844837440215195,0.2580509726114857
647,0.0521396566946811,0.2570648991544699,0.274213501366496,0.4702012226624115,0.2855248757116361
648,0.0420899158642823,0.2409959292676191,0.2836586428923023,0.4606529452506447,0.2818127944569485
649,0.0393274645357001,0.2416915204280457,0.2965948814723759,0.43214442706923,0.2957594578022854
650,0.0566741141059477,0.2348029023171412,0.3039298800571767,0.405740430560481,0.330466819251907
651,0.1001120949616213,0.2213109888201936,0.307149051161346,0.3768946050133497,0.3545116585105482
652,0.1468176669278659,0.207699759041122,0.3020705752990952,0.3547085567830702,0.3547392792861332
653,0.1937114780920353,0.1934593403504565,0.2895635353503698,0.3484227359800082,0.3528213337669634
654,0.2255910455985031,0.1803645110717236,0.2763446033831518,0.3394493179137399,0.3484929219459079
655,0.2392417083533126,0.1717094791842834,0.261438733477184,0.3340230999009505,0.3518331203805689
656,0.2280365417855681,0.1639057680369712,0.2534265795545673,0.3290447334583339,0.3421782618959616
657,0.2028365630296492,0.1633199689353483,0.2430658476004561,0.3225664328398316,0.3771843444550402
658,0.1901794881272207,0.1367544725397629,0.2095707057350569,0.3810381371718245,0.3420827662283165
659,0.2108310247257218,0.1897655673266842,0.2351388800445194,0.4020000465441812,0.3500876123635654
660,0.1951712235414839,0.2439308023668367,0.2590644145133655,0.3915710890429538,0.3573511730578393
661,0.1974694192445444,0.2206266351121402,0.2587562058113689,0.3804314042484783,0.3697777450107812
662,0.1642393901272313,0.2026427586545795,0.2538474135359195,0.3598707905779711,0.3422808460977091
663,0.1462314575030412,0.1484530363324009,0.2444782568458586,0.3183032328783192,0.3120122101739236
664,0.140701914289505,0.1558179863877554,0.2469651321743759,0.2610490975233614,0.3018471261264874
665,0.1517399070247732,0.1386891275873348,0.2548335777091045,0.2353501036751278,0.2508815203199864
666,0.1803897706178438,0.1270139470264353,0.2575148629662898,0.2339075548384037,0.2112418928970963
667,0.2129246637710471,0.1171424524980513,0.2595795906362179,0.2301020086483244,0.1988666971647691
668,0.2357565081524816,0.1154156029228268,0.2593368995740157,0.2072122448201298,0.1799258325748566
669,0.2553585574044265,0.1095038368126585,0.262173453743374,0.1783940795985013,0.1619818688876481
670,0.2136025355275302,0.1031445988175549,0.2689628105118399,0.1538481724838687,0.1355797802250406
671,0.2425919421448266,0.0852042350198566,0.259841227397875,0.1360016391544277,0.1251328348590377
672,0.2750647009099023,0.0761786332383243,0.2661183224231359,0.1201120497910782,0.1114867048850568
673,0.2815915135260729,0.0729507632227866,0.2633589777880746,0.1132072133788382,0.1102049073119032
674,0.2746180479937612,0.0660036614668757,0.261243933354972,0.1138780544240155,0.1081232239240984
675,0.2520572176145232,0.057051737064844,0.2546775457947999,0.1178173627175757,0.108514381084625
676,0.2362230284839031,0.0488342717665802,0.2483676342231071,0.1247373373640428,0.1036873433154073
677,0.2336870366494915,0.0419864505183072,0.2322479116664781,0.1347627489960812,0.098162508646932
678,0.2290349138587421,0.0358846689331475,0.2221563647030115,0.1492584254174918,0.0906677037170926
679,0.2195078935657562,0.0300470984466359,0.214832457797747,0.162664997247156,0.0841645972372345
680,0.2028035979329012,0.0256029967843364,0.2029577846202475,0.1899969894006566,0.077593611016906
681,0.2126052483269617,0.0194263534878629,0.2001334402941126,0.2096897040135217,0.0706609187968605
682,0.1712873097328026,0.0136923566688176,0.1767234358543129,0.2292326988432659,0.0866251672954049
683,0.150933501189222,0.0146017421953408,0.1625960614785702,0.2568615337623622,0.0928572932754229
684,0.1250640016003537,0.0140203113213333,0.1614737467445613,0.3072293580575835,0.0894161346929973
685,0.087775986598205,0.0156939177613079,0.1493480248617854,0.3382872672261074,0.0900207811421335
686,0.0550669355372721,0.0181619399022479,0.1325002344370708,0.3494258650516778,0.0899914516780303
687,0.0269253514654145,0.0203799985291549,0.1219700884381155,0.3683552402908227,0.090113844340699
688,0.0229707588420761,0.02960121981863,0.1304632663049417,0.3921084635890483,0.0963174636970696
689,0.0234815488844197,0.0398216224607018,0.1511114208074201,0.4380532689106838,0.0933177600545612
690,0.0266785481861154,0.0501676077586921,0.1631810099927016,0.4968580901256605,0.0849843940867182
691,0.0330767771396291,0.0553858935301563,0.1694343837782349,0.5483962746391806,0.0842434132648056
692,0.0424182881292185,0.0524638309807859,0.167033449221971,0.5912578340771597,0.0867215413446576
693,0.0573208244266043,0.0527341665263396,0.1643865730717451,0.6352786804088001,0.0871240097488257
694,0.0969324585842379,0.0557509594660108,0.1563632805354873,0.6199388231834809,0.0818192665085412
695,0.1180920969597732,0.0496037273471561,0.1590958250570469,0.6271439620062759,0.0798465333714106
696,0.1368053471677144,0.0498930958752101,0.1703213593970951,0.6169408013882817,0.0755606619632407
697,0.1454851920037086,0.0618338802061351,0.1799752223074313,0.5886484292683648,0.0729608578243205
698,0.1482438653179228,0.0825468428038708,0.1925931144996679,0.5606479577703134,0.0695597647586958
699,0.1510057955406587,0.1045677294455722,0.2051789795617538,0.5395603028843418,0.0693958251982016
700,0.1519187699047763,0.1445806395989688,0.2142209504805343,0.5290176586134466,0.0712779477854587
701,0.1521997610895163,0.1982526756056973,0.2282912447881562,0.5058972613985968,0.0773658879274896
702,0.1490870311912564,0.2644291592539943,0.2401235883356093,0.4840206139532031,0.0842893803444399
703,0.1402625807009698,0.3007377735057028,0.25186996953734,0.4620527317221881,0.0967779345741732
704,0.1264035300125861,0.342138679235639,0.2532349483243691,0.4368937564840854,0.1074059775885844
705,0.1065003431052368,0.3492008512380227,0.254605977031704,0.4121491448588301,0.1303709433690749
706,0.0890809920080852,0.2305851969077265,0.2016082698364966,0.3606812493179549,0.1959036060163283
707,0.0928956945560752,0.2631038644055419,0.2281618688464229,0.3481922123969374,0.2175067439152913
708,0.0856839397619099,0.3460834113601022,0.2494754640782119,0.3179553601282505,0.2585500927418126
709,0.0789762098133794,0.3476008262856931,0.2597902111195915,0.2944849801152996,0.2812100035946655
710,0.067706515126098,0.2922743895209057,0.2787875518429185,0.2689977910753809,0.2846944809116548
711,0.0668791860365722,0.1971074917206558,0.2829166225714245,0.2416833209810098,0.274794803438347
712,0.0727021562454166,0.1448657245533422,0.2889142113680455,0.2009017455831107,0.2859603337306415
713,0.0689139141536889,0.1129940649774889,0.2955007327032573,0.1763815615998718,0.2830906922502508
714,0.0583425356770277,0.0921581680456811,0.2927909597010953,0.1610959729978661,0.2680468116631939
715,0.0532842425137125,0.0751999273342122,0.2839030250675274,0.1420085679673723,0.2747545681532187
716,0.0533172877883122,0.0650985789599803,0.2667653056776702,0.1239538251058171,0.2792066964120511
717,0.052555599402789,0.0676114788272,0.2496454099055463,0.106021023046131,0.2884902704962607
718,0.0356777398608156,0.0483973739968602,0.2178291719638197,0.0810486899763006,0.2738457731842393
719,0.0327486726034087,0.0396398059276944,0.209609624726542,0.0794876881567598,0.2676774458498965
720,0.0340576150241081,0.0345238788637287,0.2015818400575855,0.0785989573614617,0.2591052516205869
721,0.039838647577624,0.0399719574116267,0.1942886204348894,0.07365737150895,0.244468334097092
722,0.0389172558659368,0.0420634791439955,0.182286603389721,0.0717073111642259,0.2396118735889429
723,0.0299336900947011,0.0430590920122984,0.1704797965648199,0.0813427150349917,0.2451137112306516
724,0.0221198414759134,0.0398964714213178,0.1602859318841132,0.0937437418864117,0.2537348947666499
725,0.018906850954151,0.0368059507930618,0.1479553158237208,0.1088945554128615,0.240134400052108
726,0.0232748128053944,0.0335760422399439,0.1361424095373415,0.1278965472558103,0.2134079547231725
727,0.032760736324253,0.0340002417758452,0.1285318851507209,0.1711658023517045,0.19002320092986
728,0.0374495845614433,0.0347908341585671,0.1260939798305709,0.2244342355303989,0.1629404550258076
729,0.0389612538828706,0.0304398308517062,0.1190122998047945,0.2601478005673957,0.1531265548145911
730,0.0338008957394607,0.021375195953463,0.0950022027934992,0.2782875986254711,0.1358750136893638
731,0.0538063639406234,0.0241253396250176,0.0941005456068739,0.3025926260346371,0.1668688477577887
732,0.0773242771538132,0.0176744440193067,0.0871873731572869,0.3164038725525309,0.1825768640877088
733,0.088212170901168,0.0185707749781382,0.0832899461355877,0.3347963151073741,0.1857351192331349
734,0.0784411215933211,0.0283527249138401,0.0750124128359824,0.3680333625644622,0.178712758090373
735,0.0763687963345216,0.0372838182325929,0.077031362387149,0.4280730964526922,0.1669257625319838
736,0.1015991056855669,0.0499748131596796,0.1050098545218956,0.5001355784706545,0.1705974213182882
737,0.1239948424744397,0.0676679769369689,0.1377368032915791,0.5213886564727193,0.1794260980674561
738,0.1303914615430657,0.0661152731526002,0.1591903445899175,0.5137586467322529,0.1890219028900887
739,0.1329342706500419,0.0650818639144299,0.1775436200265381,0.5079431481859148,0.196573308232175
740,0.1397129434152641,0.0701112676100426,0.1853505090671994,0.4942641418365354,0.2053857585101225
741,0.1412722480487911,0.0772083819367727,0.193361223114091,0.481145512336968,0.2165649399305498
742,0.1379255629788163,0.0806267594419782,0.2019183496113708,0.372740195590732,0.1775352717393859
743,0.1481055783091303,0.0617168370663077,0.2169204391204379,0.3704827205118983,0.1966860275454091
744,0.1535212709497701,0.0764021163812016,0.2324875573226344,0.3608966222241868,0.2142785410518864
745,0.1645395247305275,0.0990546336890638,0.2470066102736572,0.3445408427531533,0.2302112519563117
746,0.1710055502840242,0.1093017997851781,0.2585631806338787,0.3327516873555044,0.2480098851984714
747,0.1670477931380915,0.1032338672201762,0.2636059401376127,0.3102455812875452,0.2725948783142872
748,0.1602194601563434,0.0900768816965801,0.2725746245416972,0.2725711800783559,0.2848219537764515
749,0.1655995394846165,0.0811202509149609,0.2736460854124424,0.2532561508275636,0.2874209631335254
750,0.1605202223724696,0.0633218302153046,0.2669004035589991,0.2318719532929577,0.2986457419677221
751,0.1552235670994377,0.0498028561477261,0.2614108999088231,0.2025555685636986,0.3058708798698509
752,0.1533903632508922,0.0436877261009823,0.2579644217691919,0.1824577075292913,0.311597257735847
753,0.1348052180551453,0.0311105668023016,0.2411455066663183,0.1695927222462301,0.3381614518798596
754,0.1142334620690454,0.0323963034039266,0.1890516718599096,0.1414176682981786,0.3828410045335184
755,0.1308048956863262,0.0243121422056962,0.1803230963800909,0.1336517934562383,0.403222475673513
756,0.1565170957498656,0.0255883225269031,0.1667203224739413,0.1192725861629679,0.4166883376697352
757,0.1857744000635817,0.0244866454193797,0.1417514853226666,0.1052218431122923,0.4271824959456394
758,0.2283168108319258,0.0239820643613575,0.1257165211005755,0.0997839369601693,0.4367779053577434
759,0.2718104112752018,0.028377259602259,0.1265153333625734,0.1097248476654636,0.4349662024535058
760,0.3154809288618416,0.0333182037605942,0.1281585630104083,0.1181504263420533,0.4346688392801398
761,0.3570102186911777,0.0299916396965804,0.1296228398531917,0.1341518893731056,0.4333244684991285
762,0.3775705005852331,0.0294610965409109,0.1338166456797339,0.1478970600630787,0.44518524786891
763,0.3920566484000258,0.0376009124800069,0.1282577427891394,0.1553729818424283,0.4722027632841487
764,0.4068582794325645,0.0429120591775746,0.1182784628896986,0.1623937275348665,0.4963461900875683
765,0.407782518775521,0.04152240568794,0.1082657606669767,0.1730286285504106,0.5173998893376871
766,0.3706574017735657,0.0258075044686037,0.0983269229130306,0.1669524520495951,0.4452507897726053
767,0.384641109482262,0.0337088253682015,0.1011165695379068,0.1940323847717553,0.4906688527751493
768,0.3857754393115303,0.0294343061213945,0.102272682999028,0.2107626927463803,0.5228009572895483
769,0.368971267305092,0.0252433170568281,0.0962962291343768,0.2322610580624329,0.5346521544485983
770,0.3228435997014889,0.0179281373895936,0.0947022903612213,0.2544617601503241,0.518150906253692
771,0.3002752457176912,0.0093387525645848,0.092101154321773,0.2819571856232502,0.492980329658324
772,0.2787642883123247,0.0068906340012435,0.0886062765475524,0.305420036771907,0.4738211582618827
773,0.2536154847823941,0.0077555158131127,0.0850443444590517,0.3316235692605274,0.4332197547306126
774,0.2352584290479805,0.0078688790956189,0.0850079027584651,0.3538353604851866,0.4080990453730722
775,0.2306883636188571,0.0095612252162924,0.082183614907309,0.3682643048000316,0.3725504955213967
776,0.2390835461123635,0.0140455634869199,0.0803923390882453,0.3846906464354,0.3500389989196512
777,0.2444284571619642,0.0150063056538215,0.069528199000764,0.4089026590317254,0.331120297177691
778,0.2201838875937188,0.0125949811914141,0.0544532237989059,0.3487995749777435,0.3021544468256013
779,0.233169950841321,0.0117134778324149,0.0559975645745333,0.4159527410072555,0.3002030025216273
780,0.2147211869865481,0.0156003539877642,0.0605825670824832,0.459195182319552,0.3210486274949841
781,0.1998785902150905,0.0217645442120228,0.0664135896962983,0.4839148480707604,0.3207856278146166
782,0.1622544124364738,0.024302679371293,0.0734251499425059,0.5077264228301057,0.29821077819718
783,0.111763963104696,0.0324233204178913,0.080489485641122,0.5147337118978065,0.2869286905214234
784,0.0891084849528579,0.0270956685572304,0.0949906239107484,0.4981348737116031,0.2869255669331592
785,0.0668671745787206,0.0239316125387383,0.105684995645567,0.4595111357677199,0.27872971405955
786,0.0480025329778759,0.027777103635679,0.1128347659157354,0.4609003157616342,0.2649098562319611
787,0.0367105165878223,0.0354840071074767,0.1160130031981899,0.4568896756476803,0.2579210440671916
788,0.041442023191688,0.0475658495306152,0.1242528420269006,0.4608807798168905,0.2566692650696216
789,0.0503912484988888,0.0504687288777132,0.1283409313856099,0.4505707600050048,0.2520577776262159
790,0.0596687980984962,0.0668668263664831,0.1249863401474783,0.3890727646462406,0.224914111244004
791,0.0703100290737128,0.0550142061824923,0.1296449390550825,0.3873381521292813,0.2285755666122477
792,0.0970527982594591,0.0534374331812428,0.1383515100196167,0.3985473347054714,0.2313908895915132
793,0.1081208665805788,0.0579221693286631,0.1501918041146299,0.4256108744534386,0.2247170310766371
794,0.1183548889952917,0.0472633864091957,0.1631131818411577,0.4350924802692105,0.2214297043792946
795,0.1316261569567501,0.0525913452321079,0.1701924486005417,0.4226767105416916,0.2185458000320742
796,0.1248817065812484,0.057474017985848,0.1705683018248341,0.3931818252032598,0.2260040035610068
797,0.1240519119104742,0.0521635873090857,0.1775468269068486,0.3677460203789882,0.2218944085049909
798,0.1167797568083617,0.0561752866093225,0.1953048700711241,0.3434400070323472,0.2189361873979658
799,0.1058591878684678,0.0648293474342146,0.2016882537936038,0.3118844107643609,0.2101133605299951
800,0.1016739093387187,0.0761200182580382,0.2042600973472967,0.2820093527251147,0.2016066060447434
801,0.0869856308499223,0.0960371022741233,0.2003995236465452,0.2977137694423326,0.1958759253456608
802,0.0841812220549778,0.1230045603767047,0.2045583060500589,0.2496112056092497,0.1807357884056919
803,0.0821628425334719,0.119411792581899,0.2132233647707498,0.2299678005240622,0.1815871948698941
804,0.0935486317276647,0.1114821987333588,0.2112432657340512,0.219531061789677,0.1883739348376623
805,0.1438260715792312,0.1015155686552999,0.2174147420606959,0.2138854214381023,0.183503832723919
806,0.1761216471863313,0.0969985410502407,0.2026460382685822,0.1936498986497538,0.1629549231815202
807,0.2224270739291103,0.0886061972096765,0.187988660921014,0.1688852001545673,0.1379982841500807
808,0.2737676214591698,0.0870115027539704,0.1925229389239396,0.1549970026922643,0.1148631107033084
809,0.2973158169973713,0.0866259935599161,0.1923268844364802,0.1572295926394975,0.0935084638666803
810,0.3171642811756252,0.0735063219572507,0.1843126451819382,0.1526497247356197,0.0783777403335269
811,0.3307307334414204,0.0817141342178396,0.1774648379161113,0.1516490879448247,0.0723907605053756
812,0.3547749636975159,0.071164548999877,0.1787699582173234,0.1540303642875883,0.0643832520149569
813,0.3630718697778714,0.0631297711432662,0.1763813948795836,0.1667736167103986,0.0563005765612561
814,0.3192132689329993,0.0653223422655794,0.1574389865559369,0.2052883503131136,0.0483854053507649
815,0.3385831540559483,0.0567667949189164,0.1644367805989358,0.2365952734142118,0.0469867832297781
816,0.333459884370662,0.0625251651617573,0.168150874984071,0.2744408201889385,0.0516520701468366
817,0.3020344239588395,0.0670570258338222,0.1715687946939741,0.2962984809103312,0.0625287694621603
818,0.2940019602433426,0.071318703393266,0.1749394160928928,0.3108729674100886,0.0732863419608889
819,0.2697948178116698,0.0681822206127647,0.1831731043862564,0.3225299607896558,0.0868810398498248
820,0.2365335294998192,0.0658443710246766,0.1944318521222412,0.3507203120833667,0.1123671631087875
821,0.2201248387167191,0.0686902712773513,0.2027848104726802,0.380907384760894,0.1337757834085608
822,0.2014197297116751,0.0615140649617999,0.2148490048632941,0.4024403105840624,0.1534732485737345
823,0.1714678449335737,0.0597577683313719,0.229170912560985,0.4162392332016044,0.169312060187345
824,0.1375508088193061,0.054089611697243,0.2428518569661029,0.4307789457701576,0.1756992231434572
825,0.1427726754086439,0.0403735911792715,0.250105446162333,0.4428595752195211,0.1882994552234398
826,0.1201943854460075,0.0179698485979567,0.2173346016247271,0.4138750187594979,0.2072952929965316
827,0.1015009938043822,0.0142735653990246,0.2217566280189922,0.4066344606757503,0.2260802275896299
828,0.0828161388647268,0.0132958657389591,0.246647429838562,0.3853538928097406,0.2371347914116791
829,0.0676487880556048,0.0137583075622497,0.2639971130376216,0.3676432845755845,0.2483494835985888
830,0.0549861496020927,0.0147151513866048,0.3022156218759985,0.3437462364297614,0.2531936004425684
831,0.0459652616253445,0.0165802336468946,0.3174306404842584,0.3290732809882319,0.2619950350930173
832,0.0482210231503766,0.0170319369112118,0.347192572932831,0.3028776869164379,0.2641182606902536
833,0.0576366153772437,0.0139992811013505,0.3821632606175373,0.2791713570127598,0.2794274276807148
834,0.0578449013879339,0.0117433489777614,0.4078767368564628,0.256922017926073,0.2913478879206818
835,0.048362194920967,0.0118599387067249,0.4278507026262833,0.2351879525612159,0.3064760223007073
836,0.0413186629646125,0.0092944966735334,0.4307634385670119,0.2082924226658082,0.3094720016686315
837,0.0415369702921141,0.0077830366123699,0.4314036767954656,0.1809234133956055,0.3156176674903613
838,0.0460023783982216,0.0106531496741112,0.3764653769659836,0.1635648542382474,0.2734528886212261
839,0.0373704599673951,0.0087634618388156,0.3759685821474109,0.1448717851617374,0.2926625584002457
840,0.0324762698077134,0.0099322985131882,0.370936919444193,0.1309808507245175,0.3044731015385343
841,0.0240187031286309,0.0096127810362465,0.3524332861219895,0.1204937818376357,0.31095067906518
842,0.0163625304809331,0.008676188994149,0.3278878437556281,0.112036223825601,0.3162561661022943
843,0.012386068944188,0.0077976954062855,0.3008606902599679,0.1004951517378997,0.3223916854010903
844,0.0086452855706129,0.0112506897151738,0.276561862243003,0.0884697250208126,0.3225160091291847
845,0.0088156431933184,0.0143054094787489,0.2661507041360562,0.0787326072565962,0.3196826734654522
846,0.0116458392622962,0.0127845981550325,0.2607628222600084,0.0764859782267968,0.3209152835587056
847,0.0129728990267078,0.0133942756853596,0.2509309059978823,0.0790214906955627,0.3173677747294881
848,0.0129386923843312,0.017390205921253,0.2386154060219365,0.087686747385157,0.3044388871759091
849,0.0110325360595738,0.0224898709044517,0.2267535114094071,0.0865832198814984,0.2841910677158096
850,0.0118953954630771,0.0289600453873751,0.2215918307412402,0.0596646689671894,0.2603754744179439
851,0.0163838193650313,0.0186720246968102,0.223155887492816,0.0616857755777126,0.2710795265332038
852,0.019001388762482,0.014676838952661,0.2236944378146276,0.0659438817291141,0.2896597844065329
853,0.0234956225248784,0.014537089281089,0.2323217998762044,0.0708777334268351,0.3046471775909531
854,0.0282508661579605,0.0155305918944722,0.2100917676959776,0.0720903917619973,0.2994892409211275
855,0.0288337773047142,0.0185142361683102,0.1797470758310101,0.0786466145437706,0.284665894842721
856,0.0367273724174109,0.0284681339962364,0.1729081836915228,0.0914206780938563,0.2825084355251449
857,0.0420092411805293,0.0356479077084641,0.1762904329741902,0.1230274637048949,0.2925261914651325
858,0.0467265527345937,0.0377342931204643,0.178053070720231,0.1552522216785828,0.2958179528154971
859,0.0575774048160935,0.0366881884650843,0.1758220020074985,0.1798348084190643,0.2936834993297295
860,0.0689665639739353,0.0320732898110902,0.1714537843940689,0.1948264857195136,0.2875158743179645
861,0.0716211492504095,0.0274343819677611,0.169967564212551,0.2019339921377097,0.2914005067894451
862,0.0666216048775199,0.020655438252002,0.1643789808765283,0.2037604592200594,0.3132129960121753
863,0.0732151272487173,0.0197300422444199,0.1708376349752778,0.2094325512438025,0.3320762337669051
864,0.0774534558878699,0.01732404014345,0.1696261808802364,0.2097861760454938,0.3402204433183738
865,0.0735226619095502,0.01459874582994,0.1716095382639368,0.2073358920398713,0.3547451302345618
866,0.0663746445080259,0.0130867262088675,0.1678920148271389,0.2107302941012372,0.3549502261972587
867,0.0595524700964731,0.0116950478115006,0.1760388505495065,0.208120171675447,0.354118216146267
868,0.0571208145620921,0.0111154745673089,0.1779167525274082,0.211344830045064,0.3531499223185292
869,0.0553064013568591,0.0121969959673283,0.1940998358498639,0.2154445060763297,0.3454415925600507
870,0.0472111967731463,0.0120365053047559,0.2134672622640525,0.2221364692890955,0.3359813929116788
871,0.041220259217446,0.011941543608004,0.2331082437873946,0.2209579427109658,0.3272415031014818
872,0.0393148494790171,0.0129488968505598,0.2466273613617007,0.2112436768893945,0.3098641500353772
873,0.0325986151511563,0.0121279032600765,0.252196797231518,0.2003581313689746,0.307354223735125
874,0.0303776383246622,0.0207598767391357,0.2051573164363,0.171321355807834,0.2710660229353936
875,0.0228734334975312,0.0103180797654478,0.2161302252041085,0.1811339261108672,0.2763131731452879
876,0.0217077279788291,0.0062704662795869,0.2210540860941333,0.1892507414495911,0.2779620441874853
877,0.02279195929648,0.0042218834860202,0.2200509480689655,0.1980900662311787,0.2764204859548
878,0.0204638188743821,0.0048646769466977,0.2247902669734702,0.2010309395299205,0.264310859422746
879,0.0208701484066077,0.0084032741752104,0.2378780407653654,0.2100733291972052,0.2355221345835721
880,0.0265075559767004,0.0073520990086191,0.2507048529103183,0.2411384040817287,0.2132854808318752
881,0.0302544449653889,0.0055761585391043,0.2566893387428036,0.2818089256302855,0.19799351408933
882,0.0326243578137883,0.0085734518254435,0.2484339996309997,0.3193930381578009,0.1844253310251446
883,0.0346109815197739,0.0087369145978364,0.240757858216792,0.3549821120217907,0.1740550850819769
884,0.0374370763633694,0.0083181056207488,0.2252220128783337,0.398255421956001,0.1644692960905779
885,0.0441966216876784,0.009097552342856,0.216907596709328,0.4421888913157431,0.15469815801373
886,0.0506512095734717,0.0332208528601407,0.192622850294568,0.477364572076197,0.1583244175384164
887,0.0587970657848474,0.0217847272043018,0.1966460117962384,0.498069880603896,0.1458434247057989
888,0.0702552137144653,0.0221425364351636,0.2094164998264337,0.5070818132778646,0.1305656532258657
889,0.0823036100704471,0.0269911434657389,0.2281154690003253,0.5098925596532695,0.1206995975570667
890,0.0916724790338601,0.0296414892592732,0.2439101149241885,0.5215149685733523,0.1077053741468918
891,0.0880194754017338,0.0373259163944752,0.2660899985391657,0.5231477994593628,0.0957318686826022
892,0.0817404629790205,0.0462605875121731,0.2874725203504024,0.5266754480747651,0.0892284847332338
893,0.0776728548241481,0.055484645908733,0.3208355889633915,0.4933456509030707,0.0829544624629665
894,0.0779083721792285,0.0638152092956501,0.3530174462125852,0.4713694983970944,0.0767286337979046
895,0.0771767801625398,0.0677231392839494,0.3916727693290636,0.4359741448656408,0.0695960701808971
896,0.0787393790253442,0.0743510258314076,0.4148724846062341,0.4113901150688252,0.0569936799346357
897,0.0615105807664736,0.0794580307486354,0.4379304719666986,0.3876764125314913,0.0550118268290831
898,0.0519642008765046,0.0592374168362161,0.3617185243746395,0.3020981864196814,0.0541223015061156
899,0.0533075415949467,0.0644537882754074,0.3724191246690341,0.383427881598413,0.0468326980307871
900,0.0541649281509731,0.0772900889359104,0.3804757148923021,0.4383900370708697,0.0443949670147663
901,0.0563045486376507,0.0879569456086174,0.4004626466886606,0.4478233707022775,0.0434724072685934
902,0.0571839357422787,0.0893674995551742,0.4277710097298561,0.4532488992933879,0.0435881848991001
903,0.0648260486675252,0.0837692323132376,0.4450363649158949,0.4331069964253071,0.0455658967508997
904,0.0737260959375533,0.0793666223171155,0.4544774128027519,0.4168814979462667,0.0513530871451183
905,0.0783539591534853,0.0834349829238996,0.4735833063315416,0.3980275360255415,0.0509255664352262
906,0.0810231154519269,0.0851089856052784,0.4975664681935404,0.3836881207936436,0.0450622939951636
907,0.0821337196187012,0.0897278906627683,0.5122452901518831,0.3754136969954306,0.039582309781102
908,0.0795767676593372,0.0900641321208219,0.5192679775404042,0.3676693614487347,0.0359148041843955
909,0.0747521767426013,0.0920813514978822,0.5099964055045033,0.3721678874973776,0.0363896433240773
910,0.0600150527232552,0.0901782704099479,0.4753756628041835,0.4103566422851155,0.037240749001451
911,0.0654677560437106,0.0899823395086011,0.4687045987781955,0.3992967198363281,0.0412023388506727
912,0.0683467678478016,0.0831594310096591,0.4556330637094583,0.3956150118230236,0.0428050523819696
913,0.0693024075004442,0.0802079940078414,0.4519502971082396,0.4037988945929046,0.0462770283354219
914,0.0736482741714792,0.0781384612007619,0.4393666069576724,0.4216923398949339,0.04784414005739
915,0.085389749187116,0.0758620828404358,0.4261797681862663,0.4383904373853476,0.0472272458346612
916,0.0965460299375503,0.0731874149637847,0.4134293977022841,0.4624288298366305,0.0478323828197728
917,0.0981692793811599,0.0619841680210112,0.4024631549986879,0.484747940943859,0.0507650545527308
918,0.0918859229342167,0.0530807473872935,0.4032896358241511,0.5157234359899788,0.0534702860021267
919,0.0817095147480164,0.0537296361506238,0.3981382980481354,0.5464691331163879,0.0575029385658977
920,0.0684462514922967,0.0480487762079886,0.3914662919519132,0.5745108644846051,0.0587246870953361
921,0.0494322337472573,0.0327155288733918,0.3890784544105865,0.6051403535254922,0.0645745022585843
922,0.0332628933503851,0.027284267472032,0.343384749907477,0.6144226329471834,0.0613366611856362
923,0.0320275657368117,0.0170301115318928,0.3970535171543062,0.7377288174558959,0.0713446438327717
924,0.0349095210267115,0.0134342445407052,0.4471007998449322,0.7543280925342354,0.0772272882752922
925,0.025525911049694,0.0145636163418051,0.478269371481258,0.7701652941985256,0.0843339798475331
926,0.0137657893919361,0.0145055639604891,0.4848587176808985,0.7766966368991459,0.0887844802379969
927,0.0240340577562847,0.0154777142447866,0.4747020514400507,0.7788760702202029,0.0861720951210606
928,0.0466661373502989,0.0220249412751131,0.4973070640983428,0.7825985727264911,0.0833767801347397
929,0.0674540430719036,0.0341797564327221,0.5319338485942927,0.802125110000077,0.0787074466279645
930,0.0902718347757713,0.0501658083177148,0.5571452780309201,0.8265797244510995,0.0687329727787402
931,0.1033190144934576,0.0686870236619886,0.5871686669355636,0.8481474989669542,0.060415323130339
932,0.1075313793400094,0.0919621608259379,0.6088601165121593,0.8636556106958491,0.052218554283936
933,0.1062193915708687,0.1135943273670361,0.634420561874223,0.8782140407947016,0.0485115407336681
934,0.115101141870711,0.1115570205980484,0.6177564933644829,0.8853227238993836,0.0520544694377918
935,0.1219879416642636,0.1158014187556287,0.6341217242182949,0.8725383687277186,0.0513486312683127
936,0.1263528223988941,0.1311381207572747,0.6574603012928095,0.8279807058225868,0.0484350820172307
937,0.1321692829876168,0.1520603853276595,0.6743051185587559,0.8047415799227212,0.0449074991684542
938,0.1298932179815662,0.2041516180699365,0.6843731174341082,0.7756040775718914,0.0404185606673115
939,0.1178813271020785,0.2629870297535957,0.6798511355881599,0.7426526707353311,0.0397066339721389
940,0.1160445101958902,0.2849410477048741,0.6657525081672455,0.7086747677434961,0.0409479399991562
941,0.1087637394138256,0.2663880824183022,0.6700530586551244,0.6761566892190898,0.0426280493700506
942,0.0969568209814957,0.2320733735296239,0.6768227842110067,0.6510499207495682,0.0435283953694614
943,0.0886370424038917,0.1995301284907996,0.6882195394293135,0.6381315275628981,0.0420932819767779
944,0.0732536225280893,0.1797617545998714,0.7092434253859715,0.6131612688025915,0.0383514770749733
945,0.060307005898835,0.1884007220983089,0.7355703752937695,0.5937159502904967,0.0317194491075326
946,0.0617953166925941,0.0763522143769793,0.5965896688863833,0.518141593045396,0.0326114976536541
947,0.0607003292784572,0.0962257897622638,0.6478601546670926,0.6383319591363135,0.0426778357996419
948,0.055856918304159,0.1019245480564016,0.7866294545271727,0.6363641501657008,0.0516315122313815
949,0.0765382371880206,0.1145702040561078,0.8377286327743481,0.6253791679823549,0.0580397340623032
950,0.0865839005153221,0.1266634555600869,0.8300352091631324,0.5664447707905982,0.0635872898709287
951,0.1058511904209728,0.1301849772215996,0.8290827024359269,0.4910274185443162,0.0648045985576202
952,0.1082206721358085,0.1190818131439132,0.7847166638935082,0.4447600097569084,0.0690090276862965
953,0.1123866003300707,0.1014865034933742,0.7502512756032201,0.4143705339106719,0.0705820104816694
954,0.1152752278032477,0.0794871392094963,0.7255318447948059,0.4113553324851711,0.0721454762377668
955,0.1170916343363111,0.0726114024523977,0.6957171432851849,0.4448383801826687,0.0734922405650652
956,0.1109070334149697,0.0732718528762386,0.6553872096303732,0.5058279058566655,0.0753711479269267
957,0.1006209135442953,0.0754955568907823,0.6048677120902937,0.5788405969136314,0.078001915249354
958,0.0878731650620635,0.0592010972473598,0.5378628816764723,0.6450049121554086,0.0767964491642318
959,0.0898501678511811,0.0607610393399462,0.4940353437840755,0.7230137990107025,0.0781411638303111
960,0.0746379090913539,0.0607071673225705,0.4612619109568361,0.7961202731677999,0.0803233062262785
961,0.0650235832791199,0.0726640223712006,0.4352214241570156,0.8419451353318499,0.0813883033247118
962,0.0608060820756348,0.0949331669528143,0.4216531768981429,0.8612588052947229,0.0831652574950243
963,0.0568731832894407,0.1036024522466463,0.4143156011901979,0.8513661160709673,0.0856172300891894
964,0.0678077502549871,0.1091906952161024,0.4111138226513909,0.8380785436658474,0.0911915177896119
965,0.0940256960162,0.1330844417441455,0.4220852589720082,0.8216001678733663,0.0979956002140658
966,0.098366788069631,0.1619546429018322,0.4487362766939884,0.8173820818822645,0.1021170802665998
967,0.1100937390904383,0.1843692067443248,0.4806618217793322,0.8067820419405126,0.1038224772657526
968,0.1322883399824458,0.2139709250736715,0.5176245434882726,0.8000999661661691,0.1054022710528617
969,0.1280873375779176,0.2447323061914389,0.5668974040701138,0.8311220155099427,0.1169210517580207
970,0.103191978482712,0.1441645096038566,0.5476357555075287,0.7987678535025423,0.134840789915149
971,0.1394918516262928,0.1693436164427835,0.5991213852476418,0.8322615037174667,0.1730708262772244
972,0.1640519901994282,0.2591321742486563,0.6250192572311284,0.8618951987721262,0.2104835010559873
973,0.1703423805138151,0.3617907103884398,0.6218998726304145,0.8934827476212215,0.2310029811409961
974,0.1972576083899311,0.3770276604835764,0.6203918854895523,0.9139014764863164,0.250533135129092
975,0.2302713937121999,0.3522716144631539,0.6171817068468529,0.9148941987345416,0.2462210096414926
976,0.2369068648425746,0.4003063683096359,0.5859215876952878,0.8917261346668816,0.274488912011717
977,0.2170196831582629,0.4528796375170653,0.5681191879665426,0.8073109220556242,0.2821132611727073
978,0.1979413939127395,0.436971526980332,0.5491447012027919,0.733106845341551,0.2927698645771016
979,0.194812596528705,0.4311252194830784,0.5611631302361073,0.6700571304910972,0.2961902127885597
980,0.2281113349520049,0.3952985002258191,0.577343706613268,0.6322455338207394,0.3117899411256564
981,0.3102188915283655,0.3677020166156875,0.5927751982998997,0.5931426980493311,0.3256839878056654
982,0.3682770220850442,0.2252768934849479,0.5802865487872483,0.5104160384701917,0.3258388571181827
983,0.342231230708982,0.2480405907716094,0.5806541557326841,0.4629476974190302,0.3016292093444531
984,0.327910827107535,0.2681346916616225,0.5997845849610735,0.4420071611285706,0.2965992877294381
985,0.3218260014323849,0.2454709297554649,0.6068319494792395,0.4235770899746541,0.3195031137857528
986,0.3704384705900232,0.2400531592393384,0.5846029874416496,0.3991997508275184,0.3306408079146378
987,0.3929523551443289,0.2307151977812281,0.5575842141423567,0.3886832121075217,0.3232514043971092
988,0.3864549738571798,0.2173180657985138,0.5503689606899166,0.3753328153891451,0.3281469699147381
989,0.39122597712501,0.2060568589911516,0.542701391785161,0.3580993032980182,0.3411136734537527
990,0.3920714134088557,0.185159777831617,0.5216587325700999,0.3488185119452267,0.3636052408930509
991,0.3752230800093953,0.1559613615035032,0.5088646001404142,0.331704689346755,0.3782254766239565
992,0.357436666894141,0.1233922884393091,0.5157636339742689,0.3112091890453837,0.3873667958914097
993,0.3376456351709857,0.1142801293028994,0.5330997922365337,0.2720204576362939,0.4250042975473709
994,0.3271163418101963,0.1281080679309977,0.4707788860184815,0.2479819347774035,0.4884475956042385
995,0.3895720085837865,0.1195224438532737,0.5409080940632804,0.2879075967439034,0.5288453145917443
996,0.4173670542768099,0.1100228747696268,0.5662427027972475,0.2710251856557608,0.5314590117025092
997,0.4405453634286781,0.1099965459687007,0.5799270538997905,0.2516936188622569,0.5159416249146729
998,0.4761133328462713,0.1026987557990124,0.5529358576852309,0.2353663235528606,0.491678132327076
999,0.5231487614825293,0.0858810829320924,0.5312368969311585,0.1965493098364298,0.4675386088028195
1000,0.5596724001430998,0.0820382764697538,0.4791187899235209,0.1557729672603921,0.4375579292028784
1001,0.5672484112264341,0.0674262778056978,0.4694078070382951,0.1387422245255341,0.4242756266964981
1002,0.5907789298076772,0.0582696585302966,0.4604587494195282,0.1332300157410026,0.4023789178211865
1003,0.5655538727768331,0.0567150192698019,0.4251074300829064,0.1244195926674813,0.3822104402646702
1004,0.5532561665208029,0.0574721670059741,0.396284443237695,0.1109167176272162,0.3631328456514103
1005,0.5503231698895876,0.0554286734278776,0.3797200073849481,0.099818483202687,0.3402988698700086
1006,0.370280253914168,0.0602709614208331,0.3513264963207582,0.0819472470550959,0.3033324890550525
1007,0.3933768557795996,0.0553026745399563,0.3653264500765101,0.0748338338096534,0.2889240573987444
1008,0.3940757279862326,0.0670217979962261,0.3739972538203899,0.0733484251476551,0.2683802836090253
1009,0.3973919656049905,0.0577168432275793,0.3673600374194576,0.0738792627739523,0.2724999282718016
1010,0.4421209292839644,0.0529032601977062,0.3693968154233539,0.0698825435742523,0.2763025867074603
1011,0.4829107640266624,0.0498298100817623,0.3619414378968374,0.0636645660022087,0.2687881533323978
1012,0.4992685643279269,0.0482236038764306,0.3411667314959379,0.0600348520895255,0.2581739697533684
1013,0.5486492309899971,0.0439501105674125,0.3249383715892569,0.0598365310543845,0.249528562071199
1014,0.54863060851098,0.040675160241561,0.3073982768409083,0.0614264753012626,0.2445766389725954
1015,0.5132465117378997,0.0383053010505414,0.2893439706095546,0.0639614584880393,0.2412352580685169
1016,0.4664699225743151,0.0337757895205429,0.2601875388983137,0.0656797480090719,0.2328552982270315
1017,0.6159754960128396,0.029527360925811,0.2434545891609718,0.0574248878398496,0.2700335744129898
1018,0.5097948155837639,0.0261602018514349,0.2074708873022582,0.0523506343091079,0.2512582196614093
1019,0.5481742278887115,0.0337107247791989,0.2235839732927313,0.0516525905879382,0.2753984104706696
1020,0.5313134202502867,0.0410891630060307,0.2241497021028105,0.053078769428296,0.284862031427853
1021,0.5328003969216542,0.0505484980107515,0.2114071859160638,0.0510389803634274,0.2798010660872533
1022,0.5182901681326884,0.0526482876966942,0.1926617189675603,0.0471897548270264,0.2705847480408078
1023,0.4073654873268948,0.0469820793779722,0.1603730924513327,0.0460341811434032,0.2715408118807473
1024,0.4121517219304875,0.0452021035164316,0.1596495157426505,0.046131632891582,0.2520648765015907
1025,0.3779496726050029,0.0519938743570476,0.1742467828003458,0.0552976658428365,0.2423001971451671
1026,0.3621944891289207,0.0550443366094945,0.1936429809695334,0.0689494391777723,0.2435086733269536
1027,0.334244598359666,0.0543141700773546,0.2139765417013843,0.0833909994406934,0.2469978657305671
1028,0.313893928613219,0.0610658413390141,0.2363278040277825,0.0962024262331254,0.2475602169762702
1029,0.2917294191235041,0.0670853574166557,0.2587633992882224,0.1047440899994774,0.2486866039144392
1030,0.217657888451325,0.0618072330494492,0.2710567788641225,0.124683414330274,0.2125311575394803
1031,0.2088101899052116,0.0718851838601118,0.2907281313297163,0.126149144189629,0.2333724080509418
1032,0.183359223042013,0.0778072304473042,0.2959262129289843,0.1280839449425028,0.2586894844156979
1033,0.1693667506864007,0.0736224271619685,0.3048405167547682,0.1308345474448643,0.2727262143647926
1034,0.1786482640686681,0.0683904563072926,0.3124076550013971,0.1286839694595206,0.2843059606851653
1035,0.1730957019069565,0.0667384967337024,0.3227620050330563,0.1279445118334602,0.2954270316332461
1036,0.1622897270440429,0.0662455019696958,0.3262003872845435,0.1301365976768523,0.292103342810685
1037,0.1636951817865436,0.0636052973194849,0.3311442270694317,0.1373433709714728,0.2921620277338376
1038,0.1652111529336815,0.063424907939762,0.3344288960843287,0.1434633425752287,0.2944963766502018
1039,0.1644137018144637,0.061047781031536,0.3310952506827786,0.1525416642308961,0.2963348694124201
1040,0.1602759344358409,0.0491945662079019,0.3206823869041095,0.155684099387356,0.3004244220197115
1041,0.1524978335001769,0.0262361866564528,0.3135648888236773,0.1358444617707798,0.32970411419885
1042,0.1348140624988809,0.0179707516572515,0.237487951386763,0.0908237114303746,0.3229866280801611
1043,0.1514401604831316,0.011807859148219,0.2512153095477092,0.0869370813892032,0.347565995579763
1044,0.1748431529678598,0.0104201093799046,0.2564968328985073,0.0876154001813969,0.3594579519333994
1045,0.1554654675779269,0.0099153767391576,0.2405073658989813,0.0815256969908483,0.3666821032563028
1046,0.1303135171391243,0.0119871919286422,0.2209901361223333,0.0755163462338832,0.3907739051836854
1047,0.1186094748536447,0.0137524821554409,0.2238949874579701,0.0730212945167797,0.3798459156229011
1048,0.1293064948453686,0.0187234442733321,0.2237292048441496,0.0770044486821179,0.3546772679708476
1049,0.1442518785368053,0.0204218444607825,0.224050827255064,0.1097834310297137,0.3374919575082269
1050,0.1492436009060871,0.0213053095079921,0.2230787989899123,0.1509506903139237,0.3211720624585621
1051,0.1418104334955036,0.0214633290848647,0.2232967970602198,0.1842843058098167,0.3135168564901696
1052,0.1288996703388983,0.0169258692830887,0.2166748740692674,0.1947215686850852,0.291062823428498
1053,0.1177585371668102,0.0137331287694985,0.2056359408210205,0.1982068115267355,0.2756169936085056
1054,0.0892101869449364,0.0160037960206684,0.1672188585729908,0.1876461342944514,0.2548276496811893
1055,0.0886604733895215,0.0124830006554891,0.1661626021020415,0.1853949945670338,0.2484719119320989
1056,0.0882554803150377,0.0101020701525107,0.1572914075799975,0.1921063827283509,0.2409996528445628
1057,0.0904184325771315,0.0064768100154932,0.1511822237166856,0.1938061890537025,0.2358978192898094
1058,0.0890572690321807,0.0057316760106454,0.1401827551726095,0.1881658176801462,0.2400995240696321
1059,0.090161742598149,0.0099895485662083,0.1327438207788152,0.179150785750637,0.243305177714376
1060,0.0907577671546729,0.0134660299641637,0.1264154055945325,0.1675397780645023,0.2407065262305689
1061,0.0933297964720513,0.0148267350803447,0.1235427453629832,0.1624236383278574,0.2388715368332753
1062,0.0935437233009408,0.0142855240220533,0.1198703165088138,0.1615153135490368,0.2275328362683839
1063,0.0870222582131171,0.0147463039309988,0.1158342920444548,0.1665221502510865,0.2160234463946515
1064,0.0825204194181331,0.0162855443789463,0.1141525848441407,0.160211614819332,0.1822721897671644
1065,0.0677335558006367,0.0152356743500574,0.0969572682441866,0.1414815619725192,0.2064005955127384
1066,0.0451267136950154,0.0192170031122296,0.0709509672176437,0.1004132565244527,0.1831754385873412
1067,0.0518538319326611,0.0137712170750087,0.0740906412429859,0.0857604174590762,0.170743743247464
1068,0.0543221827202747,0.0121139068436849,0.0776751116155781,0.0833635228898991,0.1592545785238727
1069,0.0561494794810045,0.0108129981293089,0.0758008614748152,0.0821430217824125,0.1563687742554004
1070,0.0546401709173953,0.0106285871754432,0.0677865684348068,0.0853561236714311,0.1565995835049193
1071,0.0665117339510293,0.013380603524185,0.0655813755816265,0.0936443289796455,0.1471129060166037
1072,0.0762299601218219,0.0163912791325908,0.0831680597922585,0.1152531424454329,0.1460086585552807
1073,0.0752114482691794,0.0210046651486701,0.1063748738320352,0.1628961302575558,0.1494175247050227
1074,0.0761136590877555,0.0261243021701991,0.1211053587565178,0.205337810745908,0.1512889032686658
1075,0.0855505021433515,0.0322227326566435,0.1242072046535457,0.2292611707782393,0.1516709461692738
1076,0.0878914841473494,0.0377669069172647,0.1259526522319364,0.2321377663660398,0.1492423055845917
1077,0.0891713165039247,0.041260642679401,0.124531450348933,0.2307686126886517,0.150021558106236
1078,0.0864698905704018,0.0337399236054944,0.1223054825844759,0.2304829506022035,0.1457123723954667
1079,0.0814075579928957,0.0240205388162728,0.1177448491742371,0.2242391530455321,0.1438402492180528
1080,0.084566957069791,0.0268681632016081,0.1135867530330649,0.2227671510824507,0.1422620528032233
1081,0.0926325111464932,0.0212046370317277,0.1112259275230906,0.2156476257219552,0.1399923628544479
1082,0.0919450998613138,0.014389164283732,0.1069581311744104,0.2123345664890511,0.1361309879702332
1083,0.0864816717281708,0.0134670418697569,0.105934857845278,0.2081992869284167,0.1319886831696457
1084,0.0858619696839634,0.0117851301270222,0.106425101909747,0.2045966701238012,0.1311438645033901
1085,0.0865451384772691,0.011835891761528,0.1090577817568509,0.2045374971982645,0.1366552385993295
1086,0.0889437405551015,0.0157197708270915,0.1102189810086316,0.2003877223708841,0.1377388705476802
1087,0.0854349322115814,0.0198741697161034,0.1133259720934968,0.1992799615708783,0.1372329206180459
1088,0.0760420764727252,0.0211295871037146,0.113182901288342,0.1943118347778893,0.1268949028984693
1089,0.0497107664820002,0.0209582462915843,0.097420139735942,0.1631680257589528,0.1564858344333152
1090,0.0336918764541886,0.0222153268045785,0.0622127201035041,0.1040036582579397,0.148755760527573
1091,0.0305515135315228,0.0173007470648223,0.0502831136054649,0.0760284949656936,0.1737291407447422
1092,0.0264471341581424,0.0151997530138277,0.0472159197920555,0.0704432549570858,0.1745973950041568
1093,0.0223348708035931,0.0122537183217624,0.0481658809928086,0.069000995331364,0.1695094869032311
1094,0.0188385914797586,0.0117262393197442,0.0578466687626628,0.0708773748236983,0.163268851537055
1095,0.0188641932466192,0.0127398882891218,0.0812499972575507,0.0729119301494821,0.1534040586912275
1096,0.0222214773522664,0.0139154465032979,0.1168479580835779,0.0919991256923582,0.1561940125332662
1097,0.0226745605981574,0.015745247838608,0.1486868097125628,0.1240501265294991,0.1516697058599943
1098,0.0207919120763732,0.0153550356068483,0.1729020341592267,0.1493644184466922,0.1468828996954924
1099,0.0216491138685351,0.0128908385461151,0.1955544077910478,0.16364000950753,0.1472543421578746
1100,0.0241953583252324,0.0135193342545377,0.2065853013718903,0.1650041324350884,0.1533726758010939
1101,0.0260002183481813,0.0123421415471603,0.2171050530444734,0.1633126584237443,0.1540718872206761
1102,0.0307574903136153,0.0123475459255058,0.2147417591786874,0.1539390533233746,0.1396639405682132
1103,0.0324908087041953,0.0130046057187466,0.2261713759141996,0.1561705378988082,0.1433576436680673
1104,0.0311573041120038,0.0170804444523755,0.2293601932445942,0.1543580192267895,0.1451487762581103
1105,0.0284831771282104,0.0209734823470212,0.2339985554444512,0.1491074782120643,0.1373875601372825
1106,0.0274215249288408,0.0240336936769237,0.239843324216737,0.1452382340814076,0.133244837660243
1107,0.025745228321346,0.0273730171293981,0.2480071762331915,0.1487206349592295,0.1278573001548281
1108,0.0222506832791514,0.0280305806034479,0.254171698935874,0.1522795376144126,0.1220078927246069
1109,0.0188414958769746,0.0285014301402429,0.2670811374536935,0.1604907968763053,0.11573593099379
1110,0.0172178965924914,0.0279104302993261,0.2742497853711386,0.1664797353346875,0.1098132044984206
1111,0.0155784442657332,0.0267180379272314,0.278487417347906,0.167059758394257,0.1016230275963804
1112,0.0131797675292354,0.0240744324387949,0.2686130038257139,0.1599138648683959,0.0889299445191298
1113,0.0102121870239917,0.0217754398151368,0.2555503657528644,0.1319195067765399,0.0917668393701083
1114,0.0070432520397764,0.0226190607662352,0.1639677181263916,0.0682375372143188,0.1026874438626272
1115,0.0062148696948057,0.013599696629186,0.1441117269507533,0.0547769149212335,0.0994551868480315
1116,0.0061267876561913,0.0111340459646368,0.1395287876210093,0.0549949843330761,0.0923613456028611
1117,0.0067076561970056,0.0083318746580863,0.1356426362698999,0.0557803419388814,0.085941970752206
1118,0.0080611153377089,0.0075263479947412,0.1386677692250462,0.0585821201783148,0.0782781290376953
1119,0.0106694805799101,0.0076754748208568,0.1598557278289814,0.0622164968486049,0.0696446957707592
1120,0.0143991773796919,0.0087589550510269,0.1914236625041851,0.0776850251657907,0.0654851989485828
1121,0.0178054057231864,0.0100890072183819,0.2138468124174284,0.1116648728143517,0.0639582814681084
1122,0.0212410529225854,0.0122819655501448,0.223104290178126,0.1509504536137752,0.0578611553239963
1123,0.0252185947711006,0.0152876365333135,0.21788898167306,0.1856200818488667,0.0503302406099322
1124,0.0289459479785941,0.0163614026907819,0.2048780968539389,0.2119889539299141,0.0439371798648219
1125,0.0299946610864374,0.0164875641121631,0.1893632674229303,0.2351208836417339,0.0382173273384117
1126,0.0344312404592498,0.0259765910464634,0.1706573274373422,0.2611175504995974,0.0451030274396905
1127,0.0398020351447293,0.0241097633520195,0.1618225156224971,0.2691526970169767,0.0446932717834079
1128,0.0396143836597428,0.0233193584474113,0.1475637603156366,0.285201911313075,0.0440908307395232
1129,0.0350650528822594,0.0201692601855683,0.1389952768270268,0.2939302895979419,0.0399863489630192
1130,0.0295695548564017,0.0187659774481235,0.1320424575646323,0.3165870485885907,0.0378809599666978
1131,0.0253596475844574,0.020525733949315,0.1257713489062662,0.3393503864925825,0.0376147920780878
1132,0.0230521662883939,0.0207299110871831,0.1176140737869196,0.3670817871448995,0.0376747909527472
1133,0.0217385209524552,0.0214032047223048,0.1159871094785602,0.390081891458758,0.0380744222096908
1134,0.0185655693170961,0.0218048928701921,0.1182381058335762,0.4091857561509365,0.0376733349969999
1135,0.0154634901422165,0.0212586811565633,0.127262017420538,0.4257162207512793,0.0357879993205485
1136,0.0130246952584483,0.0193547523357282,0.1287595460513938,0.4226039436118246,0.0309603906231678
1137,0.0110069717223618,0.0196911982253403,0.1124034274721242,0.3914994873475914,0.0258290155070027
1138,0.0099114803391113,0.0293865950478236,0.0726792250519028,0.2758122102221543,0.0247294172712763
1139,0.0083702002416118,0.0156055534882832,0.059336817072878,0.2184635705885717,0.0280533919178171
1140,0.0056815929645614,0.0128569004066344,0.0609439810144855,0.2082271821177309,0.0321382708872068
1141,0.0051306661803988,0.009558778839,0.0634714568763125,0.1998082541487241,0.0322536752112072
1142,0.0073105056022066,0.0085132200542547,0.0685719203745447,0.1869804409133245,0.0337659436350081
1143,0.0117157027175137,0.0099450011952691,0.0925773204015827,0.1793469073361372,0.0360230640297318
1144,0.0148855225884254,0.0111825914926954,0.1292935713188594,0.1787393718814607,0.0397520888633727
1145,0.0152285670777504,0.0106147569010049,0.1674097266363852,0.1954910532233987,0.039685529963101
1146,0.0149484429504635,0.0101624034591636,0.1904559273930319,0.2126810405997358,0.0353768166250569
1147,0.0144191893511623,0.01074295439361,0.1998212540376428,0.2208061717456401,0.0314422530854152
1148,0.0142078763873608,0.0117770568182536,0.2020773201589361,0.2196535187914216,0.0281136438428222
1149,0.013454418345813,0.0111148596218432,0.1997157724869785,0.2196248413761855,0.0261996739607555
1150,0.0179264258830711,0.0232133421068956,0.2130866928919336,0.2255791594845797,0.0284023038489201
1151,0.0168126257005923,0.0188172992670701,0.1991803580983262,0.221308446256266,0.0292707280094113
1152,0.0139743560983951,0.0157095985447983,0.1882658368516558,0.2140958429790082,0.0308261414659547
1153,0.0127710010974078,0.0151472770089475,0.1781645923625122,0.2051845640766057,0.0309892553227697
1154,0.0120350738901953,0.0158952443971703,0.1714680576362261,0.1967309688263308,0.0321168531934447
1155,0.0103034320264852,0.0164364920721808,0.1632913592270261,0.1882972912969656,0.0344390464812399
1156,0.0100857234716113,0.0162578142571234,0.1556507929923676,0.1826670772097912,0.0350209057011209
1157,0.0111892566341411,0.0147127236870084,0.1541570617447622,0.1801206510901691,0.034135581759132
1158,0.0110109938331478,0.0121963631706037,0.1546171418992334,0.1893328258879367,0.0328064784670981
1159,0.0109087162003417,0.0090814450808287,0.1541825087893664,0.2016383731334657,0.0316029390944072
1160,0.0104185359458511,0.0079077955310562,0.1401226462317245,0.2018361201548147,0.0297988853170627
1161,0.0093722329588159,0.0088696672856449,0.1127643209557291,0.1756886921736265,0.0254863740603053
1162,0.0131059908330485,0.0133974170410885,0.066228040528531,0.1036987948973411,0.0247257201075321
1163,0.0123699985185552,0.0082178154888056,0.055526445185961,0.1055378920467639,0.0267799871219628
1164,0.0144514517256554,0.0101161271270518,0.0574530766676461,0.1141048061313026,0.0292054367054786
1165,0.0184555855123692,0.0143541155161865,0.061666521516207,0.1261150153937776,0.0316766498529964
1166,0.0254464286876191,0.0164575837818024,0.0665826033474897,0.1335633703115655,0.0336359704700226
1167,0.0387549878233775,0.0167880469265925,0.0864742869916759,0.1351420544246805,0.0364306567756305
1168,0.0491391424217278,0.0181063568914303,0.1189615944306448,0.1271312833302442,0.042140174394211
1169,0.0545279996061238,0.0227426366022757,0.1586738937646708,0.1373151124458973,0.043111662606374
1170,0.0540948268428535,0.0302821368494996,0.1887664433416731,0.1490827125770059,0.0388542847526494
1171,0.051720209327505,0.0413906704392457,0.2115058308523547,0.1543958254788732,0.0359545968483929
1172,0.0446673027808303,0.0539839851996788,0.2265654059918431,0.1520759011432049,0.0350309254093626
1173,0.0409496137515209,0.0659031327916042,0.2382964180711854,0.1472949375760283,0.0343228299358748
1174,0.0468622486686045,0.0859226119319554,0.2439282135194441,0.1495282885962485,0.036715723917056
1175,0.0399159858356518,0.0797759594490365,0.2447429912860222,0.1452714093429997,0.0342778355497193
1176,0.0355293565488239,0.0712005343080365,0.2459481536033693,0.1421595978526311,0.0346332949968081
1177,0.0327066100960198,0.0646388658495748,0.2561551381525022,0.1319591350642648,0.0349459905524462
1178,0.03507945119207,0.0670074594146297,0.2606182568091328,0.1241596886962601,0.0366280845891952
1179,0.0442037906883615,0.0638216769559513,0.2687592013195332,0.1115777923821225,0.0376589082777551
1180,0.0559236350040664,0.0632150512189146,0.2737896312985985,0.1035320469904774,0.0372136478613659
1181,0.0715997990909228,0.0568476653011321,0.28674164199463,0.0914986429288887,0.0357336624790609
1182,0.086367520686808,0.0523607406562099,0.2952515448611046,0.0816922038640815,0.0347922716062356
1183,0.0929836534944785,0.045797213875785,0.2973553599395885,0.0708574558101749,0.0326591797058723
1184,0.0895726615545122,0.0409539847143469,0.2929919548495568,0.0612395852467074,0.0306995197267532
1185,0.0693198404588303,0.0316721978876004,0.3168896414042039,0.0460692930293144,0.0252501384781774
1186,0.0445093427211718,0.0137306048587056,0.3236064507106394,0.0411263188473549,0.0266824693973269
1187,0.0560102545776521,0.0147442140454025,0.3649723676788232,0.03996591687911,0.0279266874353229
1188,0.0677629548115336,0.0186797113423807,0.3846471302258531,0.0462145482887718,0.0299278574630929
1189,0.0742172106219021,0.0213358922545648,0.3686493980818913,0.0550779569376109,0.0311944728993875
1190,0.0742596624402061,0.019788465702348,0.3588937225427416,0.0588801854551379,0.0324510463402763
1191,0.0863656968905309,0.0164095192877133,0.3749189022679727,0.0579262121570074,0.0357336535999928
1192,0.101593112154086,0.0139757653338308,0.3557688520755765,0.0531052397646905,0.0408551512255693
1193,0.1169311036780872,0.0119113428892445,0.3426333674010722,0.0514557224163064,0.04082953181694
1194,0.1249854645000782,0.0091203820409838,0.3296119167054221,0.0579506913338591,0.0361699472460434
1195,0.127877136269941,0.0074448614397858,0.3209574724858638,0.0650691647186859,0.032578455970558
1196,0.1244365808977599,0.0069343704376845,0.3098381197377961,0.0687630044080317,0.029096284971253
1197,0.1265243702158966,0.0062903820255635,0.3017261101225824,0.0727355100668219,0.0259655210271513
1198,0.1171741327272812,0.0083129973545673,0.2899536862944017,0.0854254109917785,0.0297757956864328
1199,0.1259958057509128,0.0085199081796678,0.2816263300024849,0.0880345626173984,0.0252545411364948
1200,0.1219119936657307,0.008700609203608,0.2734072654083742,0.0943220767354649,0.0238497331513086
1201,0.1143664483759762,0.0076551377123137,0.2762670504731198,0.0998390653771279,0.0231976841385191
1202,0.1015604588624935,0.0059916084692215,0.2752156698308665,0.1031735031978885,0.023926723259804
1203,0.0927692166663165,0.0049624450036321,0.2650493418027648,0.103116980374101,0.0262980287307368
1204,0.0906809603584829,0.0047955667599694,0.2540462868711669,0.1041026846037143,0.0277032976571119
1205,0.0866715631992801,0.0056439937740869,0.2426145442866839,0.1028743117754858,0.0280436699398733
1206,0.085483592286132,0.0062929536188516,0.2307006703825568,0.1019421783728252,0.0280086967362151
1207,0.0801197696984201,0.0071868828012765,0.2228025122256529,0.102321360321855,0.0273446814847855
1208,0.0695450212030249,0.0090162409322019,0.2058383639195639,0.1018470172358605,0.0231972725550898
1209,0.0517580980956061,0.0108033603583719,0.1903892254109484,0.0804506623403725,0.0180118535586719
1210,0.0303525272010836,0.0091969714784572,0.1432462603019097,0.0588245831873347,0.0171921519642765
1211,0.0441757036683647,0.0059958316188041,0.1613991599774612,0.0574145408149672,0.0158478793292461
1212,0.0664058526672462,0.0056357475245033,0.1753646569871192,0.064915898450783,0.0188815646109178
1213,0.0972988920858504,0.0059905377331114,0.1758146051888657,0.073559359510885,0.0243877697504537
1214,0.0949998065974727,0.0069643824225407,0.1733559350767884,0.0781065001550723,0.0301683368859201
1215,0.0733174977455204,0.0076515397716158,0.1570831187958803,0.0801960378412431,0.0367148405922228
1216,0.0661885295573158,0.0073823372785703,0.1503904174513032,0.0686712941203106,0.0428115005291423
1217,0.0623235094432275,0.006807098202364,0.1560552410662698,0.0668057711091101,0.0441841601887645
1218,0.0538573044617697,0.0073747567655888,0.1652037676673182,0.0708138563978906,0.0389960446779747
1219,0.0450251986079503,0.0092180211827475,0.1734255015437656,0.0754800557215122,0.0341846055330858
1220,0.0420609261256179,0.0124511647841232,0.1799734676360457,0.0802224941705197,0.0304925564007052
1221,0.0427107338011663,0.0139085818796922,0.1850837681838666,0.0853953591572143,0.0290276548564334
1222,0.0366378128892065,0.0143551691138485,0.2107552559935485,0.1048381605178634,0.0279242555413981
1223,0.0431221524794877,0.0156591804791193,0.2101876409132951,0.107275707225892,0.0303617684219139
1224,0.0447736734725738,0.0134147759358749,0.2145783865097283,0.1094637707134354,0.0320218978177422
1225,0.0485243972338931,0.0122294424334254,0.2180579012077918,0.1098379123707175,0.0344100261394209
1226,0.051709140185938,0.0119115407346357,0.226345009940801,0.1011057579618546,0.036188634662371
1227,0.0497457305327888,0.0124883506029554,0.2331804331754481,0.0911146799076943,0.0397539449067093
1228,0.0449943676971305,0.0120630675453659,0.2304992930794159,0.0810951488021733,0.0419030345441328
1229,0.0459872330593603,0.0140378754529031,0.228789012720685,0.073390372923006,0.0434615625345478
1230,0.0542573699401956,0.0181130402070398,0.2273090060854999,0.0730171165621934,0.0432285025857916
1231,0.0588529361491921,0.0194705049202133,0.2294649294936832,0.0758354493156989,0.0423405487188719
1232,0.061872840076096,0.0170206675510998,0.2263118208437144,0.0772851304552468,0.0372572790067734
1233,0.0552367908084936,0.0160390501594399,0.2161225301010337,0.0594892475744446,0.0347400974736808
1234,0.0414764533085746,0.0102319567459425,0.2153310838852966,0.0325483949968197,0.0403896883620989
1235,0.0643484898013936,0.0075442200353918,0.2641540563898201,0.030284907904438,0.0382335068682297
1236,0.0855495566838884,0.0082527200837487,0.2910678016987959,0.0300459534191402,0.0387512714873827
1237,0.0973901030668526,0.0105168630464075,0.289213469007973,0.0310390715449567,0.041351955457677
1238,0.1094182279649138,0.0139622211855634,0.2696541250703905,0.0320308693402636,0.0451568957473888
1239,0.1073016730340762,0.0205060434947457,0.2413245894584842,0.0342714837633015,0.0526572347299104
1240,0.1124856598778541,0.0278737315440359,0.2306216515179064,0.034861022739305,0.0591516909348072
1241,0.1138815618921263,0.0268348286596336,0.2329845005484626,0.0423658468411517,0.0631768584918312
1242,0.1252212567861183,0.0256459234480689,0.2350898972057011,0.0528012058292526,0.0571305448561598
1243,0.1396490362085726,0.0254038118090684,0.2384898370419691,0.0592882014493713,0.0520379960262259
1244,0.1560572873290939,0.028553466971993,0.2406394863904745,0.0636734820215179,0.0493211562144167
1245,0.1803794016047147,0.0334593087726611,0.2435814313088685,0.0680940784360069,0.0481938792625654
1246,0.1790061865442526,0.0381552518984025,0.2149691681091285,0.0714767359087927,0.0547629711698622
1247,0.2072807192216905,0.0392958599054529,0.2159765855887039,0.0793614856470206,0.0604457282232415
1248,0.2214554128926571,0.0365567676243131,0.210606697213276,0.0842952109629318,0.0647426119236391
1249,0.2270363219274728,0.0330000982170392,0.2064368287744173,0.0856910908856917,0.0698602623799861
1250,0.2301376774909199,0.0307911224340124,0.1923310547268263,0.0866837628604707,0.0776052645998257
1251,0.2492294325892748,0.0336764192387741,0.1812251280704307,0.0863277663289053,0.0803107006556943
1252,0.2654478081502395,0.0350181678713074,0.1748539858155303,0.085894078599107,0.0777675231956176
1253,0.2752337396664333,0.0359177519910482,0.1701469690433331,0.0855557778064487,0.0791784426605192
1254,0.2767805797983029,0.0387101148307153,0.1716276598123799,0.0903750177837846,0.0849740310855404
1255,0.2655539187819888,0.0411719600785299,0.1747582329816292,0.1039044371639173,0.0869445312406005
1256,0.2723202297069448,0.0394159154002045,0.1823646485240378,0.1165305862628987,0.0806459330876603
1257,0.2697566198992573,0.0360817120824769,0.1745027369269912,0.1065765310734823,0.0783295173192208
1258,0.2159057089170225,0.0404211593812752,0.136498622259514,0.0789021130344284,0.0836677903353788
1259,0.2905396789360602,0.0469316312346615,0.1169268276568324,0.0680900090063309,0.0865584128062495
1260,0.3243926766348719,0.0716619162052577,0.1049696356387668,0.0753788241374358,0.0986090632659942
1261,0.3341374571156396,0.0984643780679675,0.1024659762757613,0.0834233047635951,0.1106375841958764
1262,0.3449610598426867,0.1047855337768817,0.0950902169524265,0.0978365205235834,0.1156643127701634
1263,0.3585290275212393,0.1136033845949015,0.0881721267961504,0.1096564968931435,0.1194916373124255
1264,0.3428076329082887,0.1200375756074135,0.0867196775168909,0.1258928579614492,0.1217993924093239
1265,0.3482282003105335,0.1236492526268478,0.1023251110453394,0.1656531778161655,0.131697378763412
1266,0.3493978745757956,0.1258463178238766,0.1199771580236124,0.2141348133594657,0.1441768766815602
1267,0.3398590358538049,0.1284675424493191,0.1325153959911595,0.2540860522993138,0.1596493036295276
1268,0.3175086059380039,0.1389892570041098,0.1382922225601496,0.2754459144543932,0.1795362645869192
1269,0.2846702372895281,0.1498199786674954,0.1430450607522748,0.2840595802332747,0.210480285056591
1270,0.2610639596868033,0.1597138809666869,0.1273754517567389,0.2825107001499717,0.2266301056536074
1271,0.2626872437791651,0.1714922772500808,0.1344190480153937,0.2877135675951359,0.2711664494921799
1272,0.2210694772892793,0.1602659248774031,0.1493177262418366,0.292601521137842,0.286823264988483
1273,0.1931290493950045,0.1633625280978261,0.1580996401070105,0.2982999429934052,0.2998703029066069
1274,0.1562968394455452,0.1671572216364489,0.1517480443372998,0.2972063227118603,0.3156944482455292
1275,0.1370818400023496,0.1622722995637933,0.1403389579583954,0.2918736409141178,0.3650746498174261
1276,0.1214539345146313,0.1555135990824153,0.1293760909667709,0.2777956685776993,0.4233874902016953
1277,0.1004670777130965,0.1468295797483244,0.1220641048274415,0.277076511260922,0.4683998500633245
1278,0.0859227529734032,0.1459523838683807,0.120946860221115,0.2640201808898391,0.4931287476965322
1279,0.0752035117129204,0.1442231477055034,0.1278707572318047,0.2544887230515699,0.5059003458991069
1280,0.0774472383423628,0.1283187532274427,0.1186554454695193,0.2318505268377618,0.5265101586101372
1281,0.0843986800038682,0.1124497891149868,0.1014530210017693,0.1733943773650204,0.5697948359104429
1282,0.0653278946082075,0.0892242766649878,0.0818007916551622,0.1201319407587179,0.5291697099078886
1283,0.0761211620234969,0.1089208083805148,0.0751548023771317,0.1035285067988337,0.6011930016115424
1284,0.0798014490509329,0.1299894490114712,0.0703990722688603,0.099355730970143,0.6273751987595261
1285,0.067514505488501,0.1307289700670121,0.0699467296087733,0.1035567219908521,0.6585627841334754
1286,0.0611733997798711,0.1262105827898145,0.07076308808742,0.1124017364567191,0.6669301501713436
1287,0.065034211191895,0.1198047135459447,0.0725655471829384,0.1180356088121308,0.6316437767559834
1288,0.0742596708168369,0.1227783459474726,0.0917353065327092,0.1349484269049918,0.6038605026174048
1289,0.0845406164085907,0.1429201666510217,0.1248630010422463,0.1773051165347933,0.6225629242663605
1290,0.0829827681179835,0.1526649239685195,0.1465050777516041,0.2197988175027924,0.5972140882305437
1291,0.0704424496040108,0.1474229033713912,0.1564059359142677,0.2421793619729702,0.5860956663771201
1292,0.0610838111743653,0.1421841344623269,0.1583458631800156,0.2414228888332603,0.5776832176215086
1293,0.0493931822834401,0.134076342773363,0.1518501928079253,0.2349328332652166,0.5793332850988386
1294,0.0464076301047165,0.1157920012739373,0.1275471896756008,0.226674949462023,0.6057513630053507
1295,0.0378830853740026,0.1012670495779537,0.1216545900135811,0.2211622781770621,0.5656497568695598
1296,0.0356425844607894,0.0911233311340148,0.1161540338608191,0.218434741134064,0.5526221676036602
1297,0.0347260899171859,0.0816092071071704,0.1087470413545063,0.2129947962683424,0.545673066960712
1298,0.0381766230391325,0.0666041797482579,0.1015418230593569,0.2123139547076678,0.5435926309476389
1299,0.0376511908467772,0.0511567605369973,0.0989138852137033,0.2159329066484162,0.5373140806115546
1300,0.0339587606718407,0.0418208760789267,0.0958809763811595,0.2116190933473959,0.5263382741722314
1301,0.0332334646639669,0.0361079762109618,0.1003396808543254,0.209459053530058,0.5066242714167835
1302,0.0275412079520126,0.0307527130376444,0.1032695848207609,0.1936945904998208,0.4806983570608081
1303,0.0193709405227352,0.0293848012704496,0.1028668715462911,0.1877998432661785,0.4561865496576868
1304,0.0140912111145455,0.0298066454298084,0.0856964836411799,0.1705609340745575,0.4597368714279121
1305,0.0113295919322334,0.02326817103702,0.0500260139735613,0.123001792458022,0.5008995505573784
1306,0.0128309800062247,0.0221021117501049,0.029865080954322,0.0899994618702425,0.4548681679777996
1307,0.0134023849936935,0.01568286045495,0.0265166516484239,0.0738410779823515,0.4509288407999867
1308,0.0145909146895518,0.0127418690250376,0.02357718064745,0.0643775021460421,0.4575302790871792
1309,0.0201556791928262,0.011640592059424,0.0239376953521696,0.0623792583328852,0.443688067374842
1310,0.0240912458951564,0.0150233371072389,0.0254881679230624,0.0665766880924623,0.4297195712257257
1311,0.0275219703609492,0.0277981599789776,0.0332904222395775,0.0773194959143557,0.4070110367632498
1312,0.033721228494045,0.0512642598502734,0.0497782369388779,0.0941283508331756,0.3494402476514632
1313,0.0403944488186999,0.0787817904188043,0.0637840990710174,0.1304972612023803,0.3099902940479835
1314,0.0506935494787783,0.0868877630460997,0.0719988215885542,0.1698288720717356,0.2797490096675574
1315,0.0614294399836185,0.0852658718870943,0.0773547990865963,0.1899924523723958,0.254799844149541
1316,0.0696293863393596,0.0859987566472106,0.080614909645336,0.1919871983215869,0.2357025892393146
1317,0.0785348818641774,0.0872453647671834,0.0781840630244292,0.1899126694861517,0.2207613921839896
1318,0.0847708068697674,0.0852858349468484,0.0824881814525314,0.2040377867272107,0.2215710577613814
1319,0.0842048829024468,0.0781352840223641,0.0776003891553016,0.194626480283618,0.2160244351480359
1320,0.0829747081322474,0.0705520963256092,0.077602961354042,0.1851183981009638,0.2064788580908412
1321,0.0815481251851837,0.0658216216239571,0.0802465591237217,0.1782558866780457,0.2125959366761142
1322,0.0853593257779349,0.0610765025727359,0.0854742805515217,0.1631737352215609,0.2155691988615999
1323,0.0887193848964791,0.0567866918008293,0.090215338347623,0.1566406774257047,0.2078294239208129
1324,0.0919812439615166,0.0511623989625374,0.0870687812604362,0.1495516451494771,0.2000029989011718
1325,0.0937075765069041,0.0435895207559603,0.0874708739703964,0.1511825255161324,0.2017028772757208
1326,0.0925949940843095,0.040580691878196,0.0891345805569159,0.1592220124429576,0.2073190179147337
1327,0.0873681365059996,0.0402955200639491,0.0847125136159135,0.1751251787487075,0.2088947679007851
1328,0.0756799122677568,0.0365002334198202,0.0691088169606499,0.1764504676999066,0.2146858574103931
1329,0.0554136043844726,0.0235301783960563,0.0503101169414564,0.1379365557960945,0.2509598501396211
1330,0.0505159824499393,0.0251494333845606,0.0363431217775444,0.1020374658226703,0.2810621150188724
1331,0.054323594836835,0.0214201593627371,0.0367077920292106,0.076301363661289,0.2833633975502937
1332,0.056620300357139,0.0222720933565429,0.0419697866751796,0.0700568456173878,0.2655984861276328
1333,0.0592848731356639,0.0249794199457684,0.050277585193606,0.0702946291911066,0.2741244565407503
1334,0.0588102226895785,0.0294330149841083,0.0603653045717923,0.0771077346366083,0.262956158106543
1335,0.0588226918222964,0.032808621424745,0.0762014896538807,0.0881514322675433,0.2410126965381145
1336,0.084447351948673,0.0371518371712847,0.1051149070655103,0.1108935651444927,0.2593060410946897
1337,0.114658770692082,0.0401720744626395,0.1315059793296733,0.1491457539238309,0.2614426945512052
1338,0.1416601723845521,0.0420893158641855,0.1469129973159098,0.1917268654830647,0.247288469208615
1339,0.1593656530617139,0.0463314524079586,0.1488130714449965,0.2226259334499127,0.2305732443664752
1340,0.1671026684382079,0.0499006500818733,0.149263736383595,0.2371994415109287,0.2214034078555687
1341,0.1715139583058429,0.0496499350914907,0.1439792518063035,0.2441546470314992,0.2168521232769951
1342,0.1797729223962081,0.0380211621332182,0.1447332794224561,0.25799641972746,0.2420675108060879
1343,0.1883969254386173,0.0393402686113801,0.142701750978874,0.2357179842720785,0.2211665761347162
1344,0.1928610124215835,0.0445321194602279,0.1372660847576971,0.2228643066746082,0.2197730243106219
1345,0.2042834878016222,0.0448764344371165,0.1340463025522478,0.2051996127594682,0.2035327553151673
1346,0.2124784725576154,0.0406456676392033,0.1295817162196701,0.1893158306202259,0.1778425360501122
1347,0.2235645988413212,0.0361337712950683,0.1223991150889012,0.1771680989210287,0.1580559493658515
1348,0.2307806629954931,0.0288718039991766,0.1193111594000722,0.159461063430659,0.1482525412917612
1349,0.2380391391295364,0.0274590180574712,0.1147007484792352,0.1443632992747806,0.1462662665232258
1350,0.2449876863912714,0.0255577285602491,0.1096499420757804,0.1318152749756419,0.1394485828282833
1351,0.2463668830804484,0.0270855141977735,0.1016375213874324,0.1374423120506568,0.1292236498196652
1352,0.2440108936698323,0.0241300496185033,0.0884315242331888,0.1391793336177438,0.1090308051228122
1353,0.1990651439418261,0.0214093766676646,0.0587385088219353,0.1073510539838663,0.102319364921602
1354,0.197276536096162,0.0235266796648924,0.034287074480616,0.0718472845082959,0.1078671776776575
1355,0.2517480787075338,0.0197118797973945,0.0322181756072236,0.0587449507019423,0.1123420692450639
1356,0.2819591618078484,0.0165135547105641,0.0357814767906729,0.0591844120668819,0.1190623003316083
1357,0.2945215880521371,0.0172755948062849,0.0423624085673623,0.0589904286749885,0.1339445461253714
1358,0.2945270706635579,0.0241063393010187,0.0477519669007016,0.0632913679284583,0.144571738590858
1359,0.2906359367454201,0.0321139604198554,0.0548481181367267,0.0664744248262454,0.1433013135437715
1360,0.2943326518401973,0.0408888082118576,0.0727170866011785,0.0773633843436568,0.1561660133408175
1361,0.2797015285427123,0.0474816308312929,0.0793921920183519,0.1063761301306961,0.1731528089608097
1362,0.2564610411180751,0.0480641765672146,0.0807869531743802,0.1329837387033483,0.1933745484302
1363,0.2508301929297416,0.0533809696633955,0.0750595768317056,0.1484645416102558,0.1980964194647738
1364,0.2423296215327892,0.0623187091074001,0.0646007499142798,0.1486249289750898,0.2007659706064726
1365,0.2228766966803654,0.0654699730024884,0.0539355812335251,0.1457816763845305,0.2108317254216173
1366,0.1921441954712177,0.049431222693256,0.0524991793828083,0.149380633233261,0.2083773117028873
1367,0.1728943684413926,0.048113564043209,0.0511368633375119,0.1526191659522456,0.2081766181532469
1368,0.1653539837903888,0.0548125463813499,0.0532603200853189,0.1463739535379956,0.2092226788301676
1369,0.157191005815115,0.053885771747719,0.0587741892880378,0.1389614967108118,0.2063599301463221
1370,0.138082886905354,0.0494377780453923,0.0651364299870192,0.1284461936730299,0.2014301465077475
1371,0.1310900977294624,0.0525499619837894,0.0763800089878989,0.1134809185588392,0.2008918011762888
1372,0.132434565005191,0.0503336948094127,0.082666988869189,0.1058657931886535,0.198207029383911
1373,0.1293363301356054,0.0468819523237397,0.0902581015213536,0.0982388555735379,0.1920366591368475
1374,0.1212240294357028,0.0466655958955028,0.0971073633929149,0.0919568300814035,0.1888742410260899
1375,0.1109391142525831,0.043943822180079,0.1049111778917364,0.0867800060034541,0.1775804446525061
1376,0.0809322764201287,0.0380257664275071,0.1063251934439272,0.0834109763512992,0.1593584779192459
1377,0.0640528548967107,0.0299310481595317,0.0929520774051113,0.0692941800310668,0.1797752616853289
1378,0.0549159952683283,0.0214660838194894,0.0656180959468004,0.0481713547038621,0.1731523507930399
1379,0.0642583272072076,0.0143667747675524,0.0587345479395083,0.0329427046820422,0.1738675056666887
1380,0.0677289390064381,0.0113803549625005,0.0576948319296221,0.030840143418006,0.1801122424775533
1381,0.0626775616751853,0.0114409726292769,0.0587678924343019,0.0310142452245303,0.1783294741154248
1382,0.052843585149466,0.0128111081119696,0.06896786107163,0.03012063199274,0.1702017590959936
1383,0.0373064284911704,0.0128241384004545,0.0911837158395394,0.0285952738593736,0.1504131438882191
1384,0.0324015456940523,0.013278723319855,0.1255319219621317,0.0309666245788011,0.1302292284749752
1385,0.0364198929660108,0.0134328637494055,0.1638656217934229,0.0421907367520808,0.1165956203447564
1386,0.0447936888243868,0.010811333180657,0.2005373581485678,0.0573716337670113,0.105955760897942
1387,0.0580506234194955,0.0070696540605891,0.2355222713806981,0.0779128833297705,0.0995420810582261
1388,0.0718366076635296,0.0062083635552918,0.2647486722258368,0.1073411840709658,0.0977674144711051
1389,0.088038510645443,0.0116921597817399,0.287144891558689,0.1460689353338812,0.0954945476973589
1390,0.1007553159551637,0.0362211204459931,0.3165341836235688,0.191570656481255,0.0970903684828155
1391,0.1279373517731787,0.0482591471606716,0.3252704701963588,0.2374862899146476,0.0868076022646134
1392,0.1393453935764335,0.0553547881218104,0.3315186532404859,0.2652491582151678,0.0722747340096535
1393,0.1424534878644608,0.0650827439502094,0.3377466791508541,0.2837814793420076,0.0615031911404947
1394,0.1540503670012904,0.075198021215985,0.3414951488591378,0.3030581956302948,0.0544207415806819
1395,0.1679993323568732,0.0876877517661156,0.3328570610493193,0.3130297535676843,0.0485506947914314
1396,0.1862600689933874,0.0991280371566309,0.3243516846911399,0.3246108118163278,0.0455065995898713
1397,0.2095653673840696,0.1138515637645073,0.3164596687601516,0.3403373235322141,0.042969137332038
1398,0.2349440259518884,0.1250567583091335,0.3157164179212338,0.3634219528889438,0.0448130167329826
1399,0.2517045790622401,0.131725051830197,0.3054587246634128,0.3883979663258559,0.046755737841993
1400,0.2767301891205089,0.1319200612792812,0.2774335654942973,0.3952318052994402,0.0438341916303275
1401,0.2527420200758395,0.1238573613381552,0.2171986588286936,0.4307362563155019,0.0393900473971395
1402,0.1992690590949674,0.0719543531783763,0.1482427283118223,0.4629404081356428,0.0361867494658315
1403,0.2509372446691518,0.0917381268595328,0.1585773363154556,0.5220873950480576,0.0457045223135331
1404,0.3177789679734235,0.1222968715207717,0.1735722686633145,0.5583064574081079,0.0587769406962324
1405,0.3699303792980992,0.1489895653375126,0.194167510303039,0.570404375395809,0.0711728916063889
1406,0.4094906709133554,0.1656498531724083,0.2129013197784685,0.5763085247359034,0.0824179942191395
1407,0.4810468033286266,0.1640848628303207,0.2063772767835643,0.5394725987508432,0.09069032863079
1408,0.4868045878034608,0.1823572704902144,0.2118940445513906,0.5348715768425336,0.1042030367730714
1409,0.4607874416219884,0.1736453058361628,0.2182061039098922,0.5002408591922679,0.1211840335678229
1410,0.4389308774770862,0.1732466466462211,0.2170400566639917,0.4719863174030009,0.1232701806034735
1411,0.4163349489238094,0.1773295658337266,0.2011610039187783,0.4659605127657962,0.1260279838620752
1412,0.3998443504456628,0.1784200383926319,0.1787747305782827,0.4713370218652468,0.1346194142649826
1413,0.3776356843999092,0.1836323890800383,0.1569274952235154,0.4708660317228318,0.1410526094868925
1414,0.2993628797264809,0.1542092941583294,0.1233764330749132,0.4599837379880231,0.1315737961743505
1415,0.2930953995501187,0.1661465515700682,0.1185388710214861,0.4382027000822253,0.1301213185248567
1416,0.3039419843903646,0.1806896608391912,0.11758981906583,0.424588659177164,0.1308486562605866
1417,0.3123116096101817,0.185636500212025,0.1188818976966857,0.4244212565035436,0.1349652426623864
1418,0.3053593579519509,0.1969944250529604,0.1159151301082093,0.4262392594665973,0.1407007923454812
1419,0.2953871335763532,0.2088654489288895,0.1135282483538664,0.4298596152532866,0.1480605017395364
1420,0.2905687246545389,0.2238258519653925,0.110128608667368,0.4234206891773022,0.1488586594587752
1421,0.2735439594118948,0.2481661471654412,0.1095366251321213,0.4112672179776,0.1500514612978236
1422,0.259849950009184,0.2459127055158937,0.1111503534812678,0.3875901185549862,0.1549277359187865
1423,0.2425006894322172,0.2458804117605677,0.111882907167785,0.34991560247652,0.1546355967068317
1424,0.2520714294177624,0.2564660021263449,0.12021271566601,0.3150574592509214,0.1397299071692303
1425,0.2785601743391229,0.2503250780019817,0.1353645677329888,0.3245256500343162,0.172031789470577
1426,0.226368889868831,0.1910685058161199,0.097874272928435,0.2471852577423391,0.1656014371496346
1427,0.2242690090245959,0.181894160805645,0.1102756531596529,0.219074339895958,0.1850814793374382
1428,0.2236304002502544,0.2253043075441111,0.1234319798438555,0.1933285968830518,0.1933067797493585
1429,0.2273299605890248,0.2144624395628308,0.1327408755915755,0.1853211077792957,0.2170278736997155
1430,0.2418063870954347,0.157264900107697,0.1363111627982318,0.176970713780075,0.2352415595953567
1431,0.2278755063708602,0.1167604806286848,0.1325024786691064,0.1652034496293241,0.2361309494700355
1432,0.2315675494033913,0.1104554560626951,0.1222735498219916,0.1422907689470278,0.2209050420113652
1433,0.231168603059285,0.1070701880792579,0.1128256016400618,0.1285065715778433,0.2117053475293431
1434,0.2383666373204452,0.1018222167137054,0.105751857413307,0.1224787296667851,0.1987154511034611
1435,0.247137832830511,0.0960567612769875,0.0968221305700767,0.1242129732296024,0.1957909701053161
1436,0.2478444673269113,0.0880104714368261,0.0934460802235408,0.1375444165517541,0.1979287599763506
1437,0.251794822565088,0.0796227025297925,0.0886028452457354,0.1620256186424744,0.2038777834850519
1438,0.199092726803368,0.0735292658497487,0.0836320060817901,0.1972271391374235,0.2231751096487936
1439,0.1946788645295072,0.0700781688453908,0.0862461371876453,0.2364535712977817,0.2095464290382685
1440,0.1775831871065008,0.0707075318223625,0.0882339907481707,0.267947838770037,0.1902455440883869
1441,0.1572161637891304,0.0682959106751727,0.0896039351388996,0.2904910998399476,0.1755236762608642
1442,0.1443992051854613,0.0605888094426399,0.0902764517113897,0.299919453959478,0.1643561967421997
1443,0.1337941560584115,0.0585196440584354,0.0949380820789684,0.3165434242632454,0.1602163404471955
1444,0.1241599946623158,0.0538420045371559,0.0971284456049157,0.330553603270479,0.1606284585645848
1445,0.1135142682228155,0.0494479500418684,0.0999820870282365,0.3385115974132431,0.1578798440179203
1446,0.1046924902168951,0.0459782823198263,0.1026656697461977,0.3311330138657531,0.1612036073440704
1447,0.0950538117325743,0.0436857240183927,0.1024764061579343,0.3189041904286029,0.1599389107345064
1448,0.0949047912634122,0.0376848982190447,0.0976710542320546,0.3023753788611503,0.1529936758885154
1449,0.0948648149732459,0.0311593676848258,0.09777306842726,0.3092540530418472,0.1528501331848332
1450,0.0777728940620551,0.0418120253825746,0.1118731807197705,0.3445265456539423,0.152486294488012
1451,0.0895605889986527,0.0557117184518306,0.1180460704918672,0.3682621604876497,0.1621974445103332
1452,0.1008726957950047,0.059300425723594,0.1216535087290727,0.3684267912969462,0.1591667970587139
1453,0.0977275393027388,0.0715720498911838,0.1234693304746642,0.3802817266262791,0.1568798426216133
1454,0.0961523391304661,0.0676218227441381,0.1286103853728724,0.3760437294295444,0.15692890674914
1455,0.0845080325484293,0.0697916926839235,0.1281481756733983,0.3916685789643059,0.1518909014095842
1456,0.0776502855240732,0.0633884083669856,0.1305601273397215,0.3764572986399458,0.145827345747488
1457,0.0619467936967328,0.0700821534098549,0.1570471606462882,0.3578203485639524,0.1523941803985073
1458,0.0582766799984665,0.0832439856889897,0.1846828677990057,0.3743489285182409,0.1490215758297984
1459,0.0624515334206613,0.0939035193564985,0.2198355247881565,0.393864490941277,0.1478815547887807
1460,0.0686531756299408,0.1036125888393697,0.2494017498475702,0.4274408741076098,0.1442419311790991
1461,0.0818394396043175,0.1067491116578041,0.2798004519241854,0.4619965427572507,0.1465793708934791
1462,0.0879151092774791,0.0894209201824262,0.2950254382256679,0.4868743167433698,0.1312664630286384
1463,0.1029567661796048,0.0918474661343378,0.3399944883130937,0.5114243380919063,0.133990112004647
1464,0.119251470477073,0.0938078671205975,0.3742152282067656,0.537605032451025,0.1397836835345297
1465,0.1321607229778321,0.094274979960822,0.4077048357791961,0.5530587469232388,0.1435411787634104
1466,0.1442705549739699,0.0880318758541596,0.4454719224573011,0.5542170776533188,0.136813450959148
1467,0.1463745923590037,0.087805777356233,0.4747820402766137,0.5617859690865822,0.121667532564122
1468,0.1514780541627861,0.094827176182852,0.5027789575564224,0.5708442028330476,0.1096688972187742
1469,0.1634956563497936,0.0948548893403714,0.5318162402481421,0.5812773496585937,0.0968836479806166
1470,0.1705118425226502,0.0985515445210743,0.5578171486235761,0.5973905900265591,0.0816265798178243
1471,0.1707379576921622,0.0991495335935345,0.5713984370671354,0.6097959502146854,0.065462656960218
1472,0.1628519197553776,0.0940530964822474,0.5690083968894282,0.6286273562841262,0.0586214896052662
1473,0.171649567410964,0.0720803078780764,0.5551859501041275,0.6674467253849513,0.0516353406608549
1474,0.2132808857925131,0.0614485137270685,0.4866025169631658,0.6897039432871106,0.0426887997858705
1475,0.2739596591787696,0.0814318429052326,0.5237236962040722,0.8231219353986472,0.0404268430274466
1476,0.2481568754915532,0.0988309355960091,0.5244940958177928,0.8268354224315473,0.0458231584912833
1477,0.2292583068525288,0.1070409228629663,0.5227228377765716,0.8103300721069794,0.050004018748106
1478,0.1982168838791294,0.1159652712488585,0.4942985403213607,0.7983510886027618,0.0557062164022503
1479,0.1242410883454502,0.1197802294140714,0.4880224202719822,0.7761359741139594,0.0575183463860493
1480,0.0973663334574626,0.103492299909043,0.4935819571603845,0.7669672477304456,0.0554241211156777
1481,0.0979477940697587,0.1009689594323853,0.5191117196113593,0.7625850289793842,0.055539354346589
1482,0.1065422889168184,0.0988876877289752,0.5436221054315936,0.7674879989163701,0.0556900643748621
1483,0.1118770498306652,0.1054618153307342,0.5710531368853755,0.7539206477065723,0.0591010301156342
1484,0.1067378744487576,0.121790312349565,0.6008888294794895,0.7500214578902403,0.0642667404606839
1485,0.1017952686957411,0.138084037157946,0.6209861683354833,0.7646049438302223,0.0719020526948183
1486,0.125345944275584,0.1400712755040559,0.5877295668546586,0.8203705683702613,0.0626477814991101
1487,0.1339593421790904,0.1525598148158485,0.5782259105238753,0.8517179785118602,0.0692498404354558
1488,0.1320121871773873,0.1551246037076272,0.5757378020321301,0.873857385871376,0.0723244448449004
1489,0.1228261239598002,0.170377849172117,0.5890321493346475,0.8648962785822224,0.0767034682476119
1490,0.1082236535452903,0.1830074968273629,0.5949213571902003,0.8788582825862048,0.0823016953167756
1491,0.0941848130100409,0.1681870281921745,0.5845415446519613,0.908838023159314,0.0922645279819349
1492,0.084779862019933,0.1547131540674299,0.6093422575048324,0.9225739321570616,0.0978894139297975
1493,0.0777206226393881,0.1670846003700651,0.6532064404797555,0.9209404149415724,0.1027608787834688
1494,0.0898514643778138,0.2073479509175243,0.6880682814419655,0.9213246677936396,0.1117903768270462
1495,0.1145341645362146,0.2519412587309002,0.7334658289755622,0.9110316765802752,0.1188384316362798
1496,0.119557983461056,0.2948032371772111,0.7945957071887957,0.8886586004750265,0.1155853303482584
1497,0.1029599495682687,0.354304238691829,0.8222509351905528,0.8631841344360763,0.130890317594433
1498,0.0949366818879494,0.3186002760767962,0.8141372284267189,0.7607263760686532,0.1367149360337595
1499,0.1136775941495128,0.3669826421635561,0.923399758121256,0.7321717760138076,0.1808751782242809
1500,0.1588082715562079,0.3636116958244482,0.9517805034844062,0.7498480295707785,0.2232406791874671
1501,0.2554879232345347,0.3515459982431623,0.9442609225649587,0.7761665276598299,0.2700443192660818
1502,0.3982377736989201,0.3974160875520688,0.9058385884984816,0.7729913922977902,0.3118962607184161
1503,0.4853433170010925,0.3782488942052324,0.8854838133299227,0.7357736913741838,0.3233860225842135
1504,0.5152477308482389,0.4610993087740427,0.8766897448330934,0.6950703474643636,0.3422697564315309
1505,0.4629857078074008,0.4144369003473056,0.8393746805859509,0.6340953485376098,0.3416042516915175
1506,0.3580137193129769,0.3520494108449065,0.8175493939939139,0.5953888042164429,0.3366190105846178
1507,0.3322820786947523,0.2999794353985201,0.7990130935197481,0.5723061253855372,0.3206448110850927
1508,0.417024445331599,0.2693485139812804,0.798267646780914,0.5465606556299506,0.3036356808707169
1509,0.487802581586829,0.2508503762842229,0.7916724375835815,0.5174354371681856,0.283634430811863
1510,0.5055586803114812,0.1904138732241181,0.749108692008804,0.5594981904446125,0.2553158483532831
1511,0.5269707752025103,0.1834814979928352,0.7249581871857931,0.5395402875122154,0.2344854333560334
1512,0.4755882654186313,0.1857059114740908,0.7183233522800532,0.5263584232806359,0.2126767694015392
1513,0.42067328568521,0.1845416472361105,0.7305161550296543,0.5215870801215238,0.1909538589927364
1514,0.3925123952548696,0.1867696166646056,0.7423709617223004,0.5111866405886811,0.1761727801988183
1515,0.3748828151991202,0.1799066127898901,0.738260624439704,0.5083880129747126,0.1653863858894121
1516,0.3640163333017788,0.1695226123670361,0.7121760485379423,0.5025713981471994,0.1578351050303516
1517,0.3407682768714567,0.1700399391023093,0.6954912633136315,0.5002720677857031,0.1551553744134617
1518,0.2931233929267463,0.181772499712418,0.681023793695893,0.5027765824440296,0.1469157289931381
1519,0.249076002489208,0.1910945391615433,0.6641322376664011,0.4855134731492271,0.1255381291530209
1520,0.2264650823445487,0.1659776326564988,0.6310059926621059,0.4598465961525441,0.1080160108802332
1521,0.2861828761877178,0.2743382144476591,0.6572285208345345,0.4280158094584606,0.1092025388800543
1522,0.2315616216524824,0.2764369746222929,0.4644469644546526,0.3668105272169479,0.1191831429414362
1523,0.2650979253448999,0.2944510535522865,0.4701304082700398,0.407888015659495,0.122308560817585
1524,0.2615493045718696,0.3110751948385007,0.4666492713705819,0.3917966775599064,0.1341854492478822
1525,0.2720510078361262,0.3020133280155941,0.4461581305151333,0.3840760300381343,0.1354809238387905
1526,0.2797300034885893,0.2622126677578027,0.4077793835376573,0.3658186352822954,0.1274117184790578
1527,0.2857925357399083,0.2095080542559363,0.3753240469628811,0.3362479246015696,0.1196514826815865
1528,0.2490765018367186,0.1637991940091292,0.33661828284926,0.303471498342079,0.1123693559503794
1529,0.2170675085988946,0.1260533022408318,0.2866130223253361,0.2976055174373904,0.11107403995506
1530,0.205350332580814,0.0896108010120572,0.2651663485378618,0.3061554796267213,0.0992087923072635
1531,0.2106327834359274,0.0673242307469901,0.2517028357253371,0.3388373039713621,0.0919407166654991
1532,0.2042398698748934,0.0519475722745311,0.2451697904864675,0.3854421903380653,0.0893354727096943
1533,0.2070085955223494,0.0416710068954113,0.2349224793873827,0.435727737629114,0.0879669160736889
1534,0.1501025112111237,0.0523522500832088,0.228021566392626,0.5517691836417845,0.0777545000878479
1535,0.1473812182931633,0.0424747746598316,0.2220707338355193,0.5978913501157772,0.0753039042091215
1536,0.1403243545506684,0.0270124431415358,0.2195672221475443,0.6242321478524956,0.0743437854867292
1537,0.123148749222964,0.0253434129607435,0.2128403690249985,0.6400421082066086,0.0755621251176833
1538,0.104638432449211,0.0276793800031915,0.2169959621912079,0.6618744194837777,0.0773192189936377
1539,0.0880262976871449,0.0285344597103795,0.2163069231124915,0.6739963033592158,0.074136634657041
1540,0.0653410275371697,0.0335494631625298,0.225478289056298,0.6715615486846751,0.0678046839678622
1541,0.0509904035638295,0.0393775671960047,0.2459445825972362,0.6550410457501029,0.0645873022820062
1542,0.0447637707176565,0.0439938302591369,0.2629586376353117,0.6521935899462465,0.0621603735462789
1543,0.0424738810463276,0.0428757690908724,0.2847190577468817,0.651080994397779,0.0573637525880989
1544,0.0354267238409964,0.0397096895059547,0.2956017716225612,0.6489832539311161,0.044991758343233
1545,0.0456258698895027,0.0400277356144918,0.3026945795277713,0.6480022484549194,0.0434707390271849
1546,0.0769288877615312,0.0390321732227068,0.253586842485193,0.5639689066970929,0.0489321414836567
1547,0.1267529352189557,0.0433243958047637,0.2935511448301395,0.5682701489014362,0.060242364841927
1548,0.1710920887756462,0.0495084986961537,0.3392954892296769,0.5798766070715085,0.0772778179628179
1549,0.2166838422412361,0.0413305995855399,0.3813105924571102,0.5662642007036458,0.091459261937632
1550,0.2509543289999144,0.0400448862290052,0.4080842945071263,0.6098527114812804,0.0990850597023965
1551,0.249866824925339,0.0465137122443174,0.4305356019311547,0.5993123666212684,0.1053897687857226
1552,0.2378399440517872,0.0646426365083366,0.4483264330479109,0.5627404661894538,0.1106589507949587
1553,0.2598095713179199,0.0793390018721159,0.4624819599038292,0.5269930628697076,0.1289299947048192
1554,0.272652769345988,0.0932155765328078,0.4674418888375207,0.4911415759310593,0.1376458379596944
1555,0.2772839292396722,0.1000711282519645,0.4701662325785007,0.4642317353693653,0.1455271543016588
1556,0.2572774147631501,0.0944436518753346,0.4496911346866837,0.4475624828371643,0.1531882284324653
1557,0.2402016286549185,0.0910242996693662,0.4300850064885621,0.446825537798949,0.1635898667333233
1558,0.2144285430487246,0.0786560270966074,0.4061897430042744,0.4335403307886862,0.1651733960266083
1559,0.1975409485844196,0.090932661394871,0.3744869210396881,0.4849618668010286,0.1737265251898376
1560,0.1805573861691776,0.1065647324460486,0.3673247096465937,0.5506492385148136,0.1804006537271422
1561,0.1684620878464919,0.1086213998733008,0.3664850778758498,0.6234642001236311,0.1816262610756651
1562,0.1717894345113511,0.1202674444536537,0.367920979489596,0.6692553664937102,0.1883941857089788
1563,0.1848596446429237,0.126481382178245,0.3871641137276975,0.6846861871435458,0.2017499506688121
1564,0.2058961427362957,0.1636276647758643,0.3969450956976245,0.6853100409314283,0.2144390603232229
1565,0.2204984535089447,0.1583136361527126,0.4138081011085885,0.6606984930104134,0.2266445957146281
1566,0.2411294227834864,0.1429843175520045,0.472504420526694,0.6369810271997367,0.2452559491355941
1567,0.2487778038886798,0.1469038498836728,0.5608761412501622,0.6108568839855798,0.2452930944698152
1568,0.2019480671329074,0.1709521886642634,0.6351585856638116,0.6130947294481843,0.2287074956771833
1569,0.2149391566545355,0.1748818988668784,0.687080094734725,0.6632240395949947,0.2209637423650695
1570,0.1847919325374423,0.1484395418012009,0.5767052247113801,0.6773014996046953,0.2146359283854915
1571,0.2752950443780157,0.2089967048135547,0.6987805966635895,0.7091363030081874,0.2523140878226422
1572,0.4060533079708635,0.2442682370478643,0.7780298540721557,0.7251522890919619,0.2771719750998367
1573,0.4404866867321765,0.2416530673554237,0.7778659934356627,0.7042103429449084,0.2786684733419686
1574,0.4409144639337973,0.2060927091007504,0.7272091796842162,0.6902530051080649,0.2663230793399696
1575,0.3999862415284469,0.1705169703515876,0.6578891449029818,0.6693263568813363,0.2469448538288465
1576,0.3195147756292379,0.1461917964627607,0.5980562501906576,0.6246710954674584,0.2326828258498426
1577,0.2405204977321444,0.148816449944812,0.5716631877283369,0.5807905313124961,0.2279935692076329
1578,0.1974911605161765,0.1405333893254557,0.5746853070734405,0.5331384356240783,0.2157124127715743
1579,0.1759022032122556,0.1446749561824012,0.6148623601042206,0.4958894708696207,0.2036019161613601
1580,0.1610911522296966,0.1537793793995581,0.6603775108277243,0.472115560543018,0.1937682539205606
1581,0.1437458095999067,0.1627565521882569,0.6885188392297931,0.4540863770737315,0.1861304721176255
1582,0.1285895121725186,0.1275695255640297,0.7477217008875032,0.4326766971198163,0.161809207974719
1583,0.1468131880116534,0.1374591078022179,0.7690841660385679,0.415190900195038,0.157634512042656
1584,0.1529368164324777,0.1591278248973014,0.8139879804933774,0.3824240328185508,0.1502661352909477
1585,0.1459171650052878,0.1646644630848029,0.8539814012159654,0.3478771144882318,0.1489794895147465
1586,0.1427442576094115,0.1578958713803024,0.8884121902105112,0.3130947865672353,0.1408064200741711
1587,0.1372844175748896,0.139169181264376,0.8831132901205272,0.2884762204197943,0.1283886974771954
1588,0.1378953305042258,0.1258267181855394,0.8795891703086675,0.2683353086468821,0.1195312387404747
1589,0.1394265469095668,0.1100554533862111,0.8714508816246319,0.2545885026498142,0.1136586545859688
1590,0.1440183003958665,0.0998181595353668,0.8583335866003328,0.24355952183712,0.1050008225015416
1591,0.1464871479631583,0.0898190366080413,0.8418774527568924,0.2341450299100466,0.0922519257713456
1592,0.1428737088416329,0.085634902192187,0.810222979042647,0.2199776687638083,0.0806594812152432
1593,0.1958591313980088,0.1029003226529422,0.7683681969181468,0.1971060745901236,0.0776669903004316
1594,0.229943811841258,0.0521429800875419,0.6167491309288824,0.1824335143910507,0.0598002872287926
1595,0.2484851241310295,0.0858801093466822,0.6171892814161986,0.2315846084257284,0.0670723906836346
1596,0.2372600696805047,0.0936778482705398,0.5894133352789103,0.2821447014358585,0.0737598370781749
1597,0.2410127832754113,0.0826335456119363,0.5340041681200423,0.3378257969153814,0.0792704897918454
1598,0.2325376812254986,0.0781350624938715,0.4858561537428705,0.3768197852058798,0.0772938819192823
1599,0.1985793643911441,0.0758505337114045,0.4229221920115377,0.4035426923219643,0.0716374179967291
1600,0.1631393941109902,0.0709881862283598,0.3479914070927549,0.3845824259547704,0.0640719305856064
1601,0.1547477584052024,0.0663019576459254,0.2969610261821969,0.3840992276164047,0.0604921332916414
1602,0.1485758313936828,0.0662358919391803,0.2613728831499916,0.4107797157101049,0.058566258900633
1603,0.1496985889043273,0.069449211251791,0.2425263980165435,0.4600667943158328,0.0615726904203856
1604,0.149133449129877,0.0804062186316543,0.2458922213438941,0.5307492005412742,0.0634490951692666
1605,0.142014939122901,0.0921474132040484,0.2687958811529069,0.588623364244747,0.063883506889941
1606,0.163494477338194,0.0940750030771327,0.3346824697761567,0.6438721042215381,0.0656065564720544
1607,0.1274344019956901,0.0973186324488973,0.3588904618991629,0.6453659852404043,0.0682687906179218
1608,0.1084395357258819,0.114447689993979,0.3913879544700188,0.6327400152106469,0.0697538975998876
1609,0.1113293563272052,0.1347648233835785,0.4383821769698411,0.6080349151145124,0.073992125313584
1610,0.1032121972006172,0.1545724656251769,0.4946583953293583,0.5704456187893021,0.0771170771420645
1611,0.1012067329693401,0.168346301763744,0.5698129481222006,0.5204936059819202,0.0776990497867292
1612,0.1141224638640297,0.1955293473520097,0.642251710729883,0.4644743669936264,0.0763878403092732
1613,0.1361027066421915,0.221997516161796,0.7024078032390546,0.4310597472230187,0.0768429370449482
1614,0.157950678330724,0.2261316958673634,0.7448364288580223,0.4110136261556245,0.0746954009744291
1615,0.1794057750713483,0.2161827619392859,0.7898114235140442,0.3953290676432903,0.071868353372045
1616,0.1669316031874107,0.2021503832475706,0.809334514287191,0.4038275011115307,0.0609657866094988
1617,0.2116146413796517,0.1800513042900517,0.8611759270706502,0.4712646626071153,0.0691216554204419
1618,0.2172289430307142,0.1115998295019299,0.7466990231183807,0.4075212200794075,0.0721997019300669
1619,0.3296818884903207,0.1908041182810025,0.8536955547846643,0.537002513542745,0.0935623833121892
1620,0.3761802928981236,0.2428726820677249,0.8468625327752978,0.580232339672047,0.1158662807499995
1621,0.3791661809396023,0.2832467147894877,0.7793912514635348,0.5709781370273116,0.1259417189269773
1622,0.3412184043513385,0.3075421216504291,0.731191163657069,0.555172548127706,0.1319769068697979
1623,0.2734036482769333,0.2549652182618293,0.6612191811532458,0.4986083470292811,0.1327531276351158
1624,0.1894509281495753,0.3084920267330834,0.6738633572454867,0.4468161132955339,0.1309238405236579
1625,0.1724067446200166,0.2973056476118423,0.7114820406813538,0.3920826218802629,0.1366250711824322
1626,0.2464043340416672,0.2726248074073207,0.7606160133714432,0.3724282500334457,0.1333760102567343
1627,0.3621415438268732,0.2286203283045847,0.8076248140128023,0.3533458556904122,0.1367128904794587
1628,0.4680279977215533,0.2026037416568444,0.7984952543060947,0.3469052309023893,0.1401482970021101
1629,0.5583873086942974,0.1833670501361298,0.7574568209838238,0.3541035114449891,0.1409190474355061
1630,0.5385206729708921,0.1289213514145761,0.6811604313695073,0.3747911199298195,0.1219703208364776
1631,0.5470578262231126,0.1067138221254374,0.6372446869713414,0.4350224593325054,0.1202911439207692
1632,0.5323164320438909,0.0979546659467921,0.5962358446629203,0.5079585225320902,0.1232333049239291
1633,0.466300689765741,0.1105529231950979,0.5524428509467058,0.5904661155318788,0.1244329699280411
1634,0.3757637402630417,0.1401596941703782,0.4881719872419001,0.6828371507285552,0.1265751146465745
1635,0.2788531713746803,0.1943626419554572,0.4331333047770392,0.7773615963519193,0.1271759699718268
1636,0.1936007950225864,0.2787579586990193,0.3885978231223807,0.8659908403583608,0.1298971719906077
1637,0.1296859694036023,0.3332135336470654,0.3343381583037381,0.9198948477145992,0.1354560908619093
1638,0.085269299757631,0.3761436376120189,0.29516486398012,0.9326329183135948,0.1374820187449757
1639,0.0688014464617212,0.4299399223063307,0.2749992251054045,0.9344804632229357,0.1330047760539172
1640,0.0803038313523263,0.4884351035610798,0.2459819036413952,0.928106910937488,0.1240512563801532
1641,0.1020441702572085,0.5530301854272125,0.260689457919954,0.9157320158750965,0.1537800057253615
1642,0.1288459676206536,0.4999073041982143,0.2107763508754943,0.8087481499902325,0.1632741685786779
1643,0.1620102548265373,0.5542155996250854,0.1900262326922774,0.831716369828347,0.1981415388093891
1644,0.2608799014381845,0.5833173673221966,0.2033391469314725,0.8444628393680382,0.2374339936745061
1645,0.3625049367263658,0.6114986342287725,0.235386470138804,0.8394467901402438,0.2560577915409643
1646,0.389986473649385,0.6133182618999464,0.2829029678304117,0.8278351871503132,0.2709687451015238
1647,0.4766611262021688,0.5498631066816274,0.3456774697906064,0.8211674699011837,0.2683936771175689
1648,0.5856596935086303,0.5108868641765147,0.4208312746439959,0.7723430832533333,0.2500443393042568
1649,0.6548740167862921,0.4250340520756347,0.4950907637904353,0.7136372969242815,0.2591921950028297
1650,0.6914839338682329,0.3831268052044153,0.5477494311416086,0.6517680801205964,0.2584081515101435
1651,0.7082015143886478,0.3728734190813783,0.5852201092369377,0.6021151223236478,0.2569778194142332
1652,0.727510902756186,0.3669312732648461,0.5656693763548322,0.5655369885828565,0.2509168533099908
1653,0.7248457637409529,0.3395741957854908,0.5303349749534755,0.5450567251228272,0.246710322177643
1654,0.6529467957340642,0.2578333687754984,0.4370292152280927,0.6308255353892981,0.2350253091140888
1655,0.6894857552057142,0.2236150783437181,0.4393760936741961,0.639288058301439,0.2357698515138253
1656,0.6917634576025803,0.2036643681611308,0.4517113830126406,0.6404526242687661,0.2277793333012424
1657,0.6888502130031984,0.1856041907895798,0.46253813268057,0.6267825280761237,0.2326619916695252
1658,0.6204145385633045,0.1855399471201521,0.4601810010617326,0.6098888819690781,0.2385589510522414
1659,0.5487392999569398,0.217293239591298,0.446436505180543,0.5968127371433284,0.2431583132823321
1660,0.4960749940212442,0.2340528767572197,0.42124995744118,0.606428939253167,0.2384533352292758
1661,0.4349089834719676,0.2398906111216212,0.4060964871889586,0.6060264107954371,0.2301808637973458
1662,0.3510877957107938,0.2627620044142388,0.3968224594322592,0.6027146019956633,0.2195066492871913
1663,0.2185524932939348,0.286070432777925,0.3913537482444035,0.569993560360472,0.2091097253248437
1664,0.2416208725368758,0.2935114602629884,0.3773890520514851,0.4768404001100008,0.2180384994096914
1665,0.3739953701555055,0.3067410842677894,0.4190042999334534,0.4946097613379936,0.2380964546574477
1666,0.3072909072811068,0.2070478646838261,0.3359015078393375,0.4997090907283547,0.2588135144837549
1667,0.3741173137898271,0.2222809493628745,0.3348663188023645,0.4700068956973688,0.2850419675002618
1668,0.4894335599618138,0.2623484875831566,0.3453830829823729,0.4681353389856778,0.3167700706816536
1669,0.509225129207377,0.2351836289349912,0.3581333812130862,0.4544290653753614,0.3556391191326429
1670,0.5017082597889024,0.1914720238773725,0.3660190311652572,0.4414790771590307,0.3651853683885076
1671,0.4637175853513413,0.1973866214702222,0.3704421279347795,0.4133265863305845,0.3474877170955578
1672,0.3850538814564006,0.1814801095058542,0.4225501649234813,0.3478589251064197,0.3364340364007726
1673,0.3967705526450041,0.1388719349656674,0.3806986493390346,0.2399021064591416,0.3613234060163955
1674,0.3689187307594859,0.1209942325951693,0.3448958132489528,0.1961198713129003,0.3932886866140547
1675,0.3504031336264737,0.1086668091022764,0.324335822821508,0.175861312935968,0.4260344883893396
1676,0.3356430698863372,0.0957713654520383,0.2963893583488051,0.173360045537094,0.4540646686613045
1677,0.3277453066026392,0.0932877539372389,0.2630033617280093,0.181929980415571,0.4727775098066715
1678,0.2396007414168288,0.0947411521817679,0.2274234783253604,0.2297449913186068,0.4221050791834348
1679,0.2637685642527314,0.1028441404245334,0.219738153165894,0.2599669546167353,0.4170315494057481
1680,0.2813183033812225,0.1080356929812953,0.2077261221195751,0.2871726530173368,0.3918965824433496
1681,0.3021791955811241,0.0986372287698443,0.1988604825270983,0.3158545589633799,0.417151088455816
1682,0.3037375945970696,0.093817125947396,0.1897777763153842,0.3395855298856887,0.4690561154829456
1683,0.2823329689764068,0.0824655252563111,0.1899469637693066,0.3577801204705647,0.503511460079853
1684,0.2565719188230441,0.064427595361758,0.196344079172088,0.3874830074032386,0.5147621260389752
1685,0.2338663127143969,0.0531464165165431,0.2097886543520426,0.4278855195879631,0.5062570992751948
1686,0.204797508009316,0.0459204753100134,0.2335912590556144,0.4607396170670768,0.4757578342303379
1687,0.1831246662057377,0.035467945407843,0.2701485829619782,0.498832385038238,0.4601611013423604
1688,0.2175355070386995,0.0238752399306577,0.310564269741742,0.5231996021581526,0.4649234528430136
1689,0.2248346381095418,0.0228283888737286,0.3024745294582929,0.5237818465674786,0.5109967457090662
1690,0.1610539823301767,0.0260813646812919,0.3279825922908023,0.5205817305536785,0.5290203492844238
1691,0.1675857905166492,0.0342397951741956,0.3840750401503637,0.6303220175137427,0.5232748665465246
1692,0.1640588075057871,0.035939331539768,0.4463565260817387,0.7066482700320414,0.5122060970354593
1693,0.1364736054243763,0.0438869996108799,0.4801081624492571,0.7821935242792268,0.5095771244567676
1694,0.1019349231758489,0.0517373171268839,0.5084477741276212,0.8214089090975157,0.5116096377305809
1695,0.0715529981122154,0.0624650806612073,0.5283938074629483,0.8228319368652799,0.4999663638984256
1696,0.0425057225044236,0.0721946815742201,0.55555248493498,0.8100153270055647,0.4548957598558749
1697,0.0458974240449719,0.0936959754797987,0.5972340817117571,0.812181011322179,0.4243961248582916
1698,0.0753455963812274,0.1299258594987772,0.6393683541758577,0.770786723539198,0.3881966720657698
1699,0.1105977325195636,0.1876880017269896,0.6822403656755951,0.7201857646680531,0.354185652309862
1700,0.1442231781900116,0.2659530039270626,0.7159929965129906,0.6746253409433073,0.3214773774762413
1701,0.1756333507400299,0.338936172116683,0.7475909845469396,0.615832250510522,0.2924944869537969
1702,0.195150172135074,0.249771518084046,0.6548894920186812,0.5524315334044384,0.2615831471412706
1703,0.2135528456214898,0.2745374623686036,0.6397407374376755,0.5716938749739977,0.2307989965270735
1704,0.201722715323299,0.3234485138327608,0.6387503909898264,0.5995851300735384,0.2019545885414915
1705,0.1871149812989256,0.3033933739931906,0.6366456417353265,0.6195256035295089,0.1824111173387752
1706,0.1787301936270456,0.193301078985368,0.6120739408481262,0.6282006211526879,0.1738290287194241
1707,0.157501845855784,0.1424105689472834,0.6010956950053071,0.6381775140918836,0.162169425728494
1708,0.1732991384089715,0.1462369302477282,0.6019889543219585,0.6357297870257931,0.1509690365858362
1709,0.2330161827476918,0.1597561248817148,0.6161262210456424,0.6245604110815168,0.1403016690439284
1710,0.2505941337493578,0.1701873584398107,0.6435472155130436,0.626072865994107,0.1309436977580775
1711,0.2631684049882566,0.1818607243670661,0.6804851871738583,0.6127257071157122,0.1148273796377849
1712,0.2145282215670622,0.2300977550696978,0.6853606577398431,0.5742658393638284,0.1059190533085103
1713,0.2313795199097827,0.2613621683415636,0.9114883010667706,0.6920861933980911,0.1194854153787833
1714,0.0931604321714317,0.2037354462551477,0.7606326120480085,0.7088077515741377,0.1135441897127548
1715,0.088908090969769,0.2220162985310645,0.8437362140104567,0.7267051215443054,0.1320633840079211
1716,0.1008321465581041,0.2462017391802492,0.8490149019650969,0.7641787533696383,0.1464483151079921
1717,0.119015623030504,0.2489006417995477,0.8221438131573062,0.7734229619468166,0.1519398611706575
1718,0.1314361802553745,0.2328470809509874,0.8121952969932085,0.776687483025616,0.1584738363161069
1719,0.1295354506915225,0.2091807462795563,0.7467615845499532,0.7717007529107709,0.1609694227829661
1720,0.1309145232144839,0.1886397026257801,0.7145025584125906,0.7463045320377538,0.1710896706558433
1721,0.1417137286304448,0.2135118142931271,0.681040007665457,0.6962884577780533,0.1835005847546075
1722,0.1416024385003938,0.211511384240221,0.6704840310557227,0.6554189957561849,0.1821701401216312
1723,0.1457053164936315,0.2217064984356958,0.6730752156079189,0.610910423367394,0.1908656476088868
1724,0.1527193453859879,0.2166758455436781,0.6771369026576456,0.5692225006135705,0.2025986582932963
1725,0.1672318216362648,0.2148766016171736,0.6766974246177672,0.5200786503114807,0.212892714612813
1726,0.2116397282887945,0.1689398648261524,0.6456157249164982,0.4877824564095426,0.2197647519798893
1727,0.2063609929250564,0.1761429513605042,0.6052243357133136,0.4812652381628859,0.2436408272832605
1728,0.2179405621659568,0.1657445447094517,0.5692369605904368,0.4854548588045497,0.260719637365005
1729,0.2251903480397775,0.157187275535884,0.5482031687270317,0.4946176704131577,0.2654625685489666
1730,0.2451919255989706,0.1499565849341758,0.5299163490074893,0.5005478696262994,0.2689022124976322
1731,0.2634321358811397,0.1461204612988201,0.5062485230183604,0.5218000729781341,0.2720604267036456
1732,0.2653062651865754,0.1571572375331921,0.4688729386334806,0.5518113479613279,0.2657906670086278
1733,0.2638752873955668,0.1680156013473583,0.4459226998352287,0.6032471606603506,0.2595768029287283
1734,0.263586911247303,0.177872443885355,0.4388827437887502,0.6695955290968644,0.2584669491189642
1735,0.2444421814080613,0.1966846011740194,0.4463382349243204,0.7504670498135374,0.2508616363281076
1736,0.3321368206240384,0.2181277977530213,0.4763832228328953,0.8316462579647387,0.2874105345962311
1737,0.3600831533298448,0.2414163726137889,0.5260726450612224,0.8887728715898894,0.3193879883246594
1738,0.2304585917013668,0.2116785661051,0.5463069212818079,0.9236933019100338,0.3521364067491427
1739,0.2235339858731263,0.246761444876858,0.6034532277367791,0.9501667616021208,0.3959372205063268
1740,0.2444550050485148,0.3244565771368122,0.6686537445491192,0.9673804200082284,0.4198783691279416
1741,0.2838157352755348,0.3458072337175106,0.7196051220849324,0.9734385658614372,0.4086063196038887
1742,0.2873052248235276,0.374132360091224,0.7212066901528843,0.9743066846396315,0.4147251647689884
1743,0.2368480330709707,0.4606533672674121,0.7024656750871475,0.9687293773749124,0.4054272504213601
1744,0.2098617170681216,0.4655926382639251,0.6705393683761154,0.9527601662003534,0.3728080322815547
1745,0.2015447767477064,0.4724263319953385,0.6328048122064036,0.9249435780520217,0.3349572229314502
1746,0.192759815470213,0.4605509305436375,0.6133832967099009,0.8616452180304564,0.3143495658389622
1747,0.1946290020098978,0.4588937429398761,0.6104112991436517,0.7817621005538352,0.314353547216012
1748,0.2140322057395687,0.4257581085216878,0.6048710091172256,0.7112487575578494,0.3340516657230224
1749,0.245384203311253,0.378139941269652,0.6106695951693801,0.6487772940590303,0.3471958760890896
1750,0.2653393664624328,0.2647940100361341,0.5708604334689571,0.5549982865191039,0.3310016998323512
1751,0.3242161217783429,0.2493444749235899,0.5771241056491105,0.5517422683497446,0.3455458527084911
1752,0.3818120702419257,0.2155342483931221,0.5662904743882804,0.5635569269075732,0.3451529418987701
1753,0.4145439488425515,0.1958115101689778,0.5653728301562791,0.5713351437503057,0.3401008283766805
1754,0.4105954083928604,0.1816885545438268,0.5443852208884811,0.5924494694848047,0.3401649925210276
1755,0.4175279081034215,0.185783402804991,0.5125967626976144,0.6346909089541445,0.3330390423591551
1756,0.4325528290023966,0.1965131332504208,0.4811734865805017,0.682965358340744,0.3113627509805082
1757,0.4051525759345313,0.207261012925928,0.4462605381358112,0.7310166218045365,0.2933785618002942
1758,0.368289001856005,0.2300764173856463,0.4090307883140996,0.7695621286492661,0.2729501338833435
1759,0.3131690473009005,0.2750545630886363,0.3831268765594505,0.7836282046707117,0.2523913128182384
1760,0.3503467197972547,0.3228875956309754,0.3786524333304021,0.7906644772276762,0.2740025740192184
1761,0.3301538903058277,0.3775168081656048,0.4355956333020137,0.8125549870355998,0.2649217586845056
1762,0.2464393323975284,0.3112430644721709,0.4387925836275712,0.8068783067634588,0.2477023800191642
1763,0.3130397247093173,0.3805311640232818,0.5276301289686308,0.8459521870576922,0.207571090661382
1764,0.3590146894978852,0.3991876519180766,0.5942740453999587,0.8111506071037887,0.1904869679932942
1765,0.3332548064453589,0.3763539912600315,0.6961860181056755,0.8166184700649359,0.2135015399127643
1766,0.329397527105472,0.3464983421698915,0.7694543376193468,0.7888192355682753,0.217021225011051
1767,0.3162530881639563,0.3145203326090293,0.8204141560641571,0.7438182642120212,0.2130960618638855
1768,0.3658419320745023,0.2971003698860607,0.8532777487656811,0.7075573684143222,0.2117792602565627
1769,0.3888298224693773,0.2944033665566642,0.8622357886958926,0.6841525678571346,0.1978865124898699
1770,0.40244262514179,0.2953441636661948,0.8834431306260445,0.6681164129384571,0.1894954729480744
1771,0.4196002822053626,0.2959307269369076,0.8828322527661138,0.6497430399852436,0.1881588281210762
1772,0.4685705610889807,0.2953102838590423,0.8618334563200162,0.638162257496677,0.187462134289018
1773,0.5488628719482467,0.298745249015287,0.8377709500643306,0.6221358869172634,0.1901783729037327
1774,0.569548650724496,0.2333231481522542,0.7586887760984323,0.5388600829992544,0.1652856524344989
1775,0.6247075476593917,0.2574229843677071,0.705599706740261,0.5322345639851009,0.1680687067371201
1776,0.6671565470931061,0.2709651384709424,0.6506016386929875,0.5314859201484192,0.1655504426281759
1777,0.6952380362199329,0.2712619554444407,0.6076169314088434,0.5360052104322655,0.1714461354112538
1778,0.6653438517491708,0.2608855513747073,0.5663240373853908,0.5410912822085994,0.1774342349735395
1779,0.6008702005134915,0.2423180130521924,0.5053181586133141,0.539505882297041,0.1803897824920756
1780,0.5442465088214546,0.2171913676433204,0.4465636371189166,0.5359013379083193,0.1813436764463201
1781,0.4813760923692309,0.203511396513019,0.4068541554284332,0.5328905496520662,0.1797851043031853
1782,0.4154825111854452,0.1913605625502422,0.3712038926062706,0.5288718018987915,0.1674630429646149
1783,0.3857638142334252,0.1765271195147745,0.3401382257472188,0.5125630424829226,0.1533231793818071
1784,0.3544773119697676,0.1696531906011806,0.3105067394313839,0.5321927280073181,0.1388867656058116
1785,0.3388393392627534,0.188425411667843,0.3743789595355793,0.6662651509580323,0.1460298124357965
1786,0.2691709363867594,0.1517857239302436,0.3200893124758922,0.6152757127543432,0.1054480848381442
1787,0.2498189673215087,0.1593558418081709,0.3559009136180717,0.6292128011424127,0.1142183911172417
1788,0.2088933210026186,0.1484688312565636,0.3833510737108291,0.6737253715247311,0.1278396588786923
1789,0.1993383077484674,0.1472496275541591,0.4273681204016058,0.68743677992241,0.1452419836274936
1790,0.1948010297219462,0.144309223783642,0.462026416805867,0.6793835633519131,0.1552093713468957
1791,0.1733030036971681,0.1349532500020156,0.5049019763335859,0.6841906333127983,0.1477537233677797
1792,0.1586898143991318,0.1103570046220203,0.5372775448949789,0.6469140637882494,0.1405869187731723
1793,0.133934253915411,0.1166573530144766,0.5633629819504604,0.614955181064644,0.142955266670289
1794,0.1027425241659315,0.1237794598410168,0.5880985294337266,0.6443105042949735,0.139995784596706
1795,0.0910517981901881,0.1344953030926493,0.6157759989071788,0.664881166152532,0.1289371501463931
1796,0.0954499004483164,0.140872176647208,0.6195370338700062,0.6909334186912293,0.1190958180384533
1797,0.1060322020711383,0.1397777242871135,0.6085765822396612,0.7136746079184287,0.1105027908266828
1798,0.1233487578771945,0.1106498471695765,0.6018071851313992,0.5975110786184353,0.095921444442658
1799,0.1156327727045638,0.1040708601341372,0.5837936173656229,0.6174530631029046,0.0879824211176353
1800,0.1108014909911802,0.1095842368650352,0.5779263653939897,0.6377165644737309,0.0842301368637637
1801,0.1171960867092526,0.1174507067807583,0.5831923631154793,0.6448796708651686,0.0797490438246453
1802,0.1160461297276286,0.1373400115312913,0.5926279548820105,0.6460394204820331,0.0785895278794406
1803,0.0961671636165707,0.1442726871378394,0.5956881944309094,0.6246136774432596,0.0756481695431791
1804,0.0823259658901205,0.1473403105220426,0.601783570381963,0.5977683426502987,0.0694998618111522
1805,0.0753308977756659,0.1419945198431054,0.6093444083959768,0.5617028000697554,0.0644891338183644
1806,0.0700010600027583,0.1310344140673984,0.6046232335408095,0.5325275383475082,0.059268807289736
1807,0.0642335166441599,0.1219046039191626,0.5709236772162867,0.500348085650491,0.05529995904508
1808,0.0503992075078124,0.1103856392838137,0.4811049479879001,0.4847073994264758,0.0534082361490557
1809,0.0370311534102856,0.1046895299139473,0.5406474852430787,0.4954540514061426,0.057784070247424
1810,0.03528538449429,0.074403857591584,0.3945792258636298,0.4117060420982896,0.0541875301623572
1811,0.0609485326941308,0.1327687008423697,0.444194201644352,0.4968258830950303,0.0649375973390444
1812,0.0785699109912547,0.2184016999882561,0.4551656248362137,0.5162731914365691,0.077869812663684
1813,0.0985710647062314,0.2534856986751883,0.4518907290334539,0.5335691188014349,0.0886892921498755
1814,0.128240197973103,0.2855244989988689,0.4534072325784613,0.5360398118226816,0.0958365749588758
1815,0.1364911997588908,0.3050727077220987,0.444081826786674,0.5232319910305945,0.097759250665743
1816,0.151885961410438,0.2577568067855269,0.4156072513805786,0.5026721835667098,0.1015649925528845
1817,0.1662377226458621,0.1767531056195965,0.3889314309552365,0.4670294883251542,0.1040212957389245
1818,0.2039498990067145,0.148309083930822,0.389065308275943,0.412127242605489,0.1074915090833395
1819,0.2790420047549887,0.1364165097303857,0.4041223402051123,0.3843931182874785,0.1076431863266605
1820,0.3471027514645967,0.1359192206112436,0.4167402725691535,0.3629295186231191,0.1097212564930217
1821,0.39928651925965,0.1302326580326242,0.4466588117177082,0.3482029425804611,0.1137581305835404
1822,0.4037492790440482,0.0935838347617907,0.5087494170431611,0.3313275238251889,0.1177689401054145
1823,0.4085402669723592,0.0919306050661468,0.5239063500553117,0.3233949054163282,0.1225908063388929
1824,0.3705534018678539,0.0887357467586771,0.5294794130807312,0.3182204787368736,0.1237871245650021
1825,0.3327337919887915,0.0851220562134119,0.5412019760113848,0.3146413611480861,0.1208319006511141
1826,0.3034218197995257,0.084749616352897,0.5376973211620314,0.3095447707990932,0.1265215286424394
1827,0.2795533489635859,0.0842431741058402,0.5335480496160121,0.2996138123937999,0.1352963583042675
1828,0.2561792191861751,0.0858077771876999,0.5277628438790302,0.278874969549608,0.1478538554455206
1829,0.2292896631464471,0.084379275709655,0.5270495971953367,0.2563159073977621,0.1575949497563023
1830,0.2039343252427193,0.0808397621133143,0.5203742361779986,0.2342070065025645,0.1576581715719256
1831,0.1876634091069438,0.0758568705723407,0.4830668067089324,0.2089369889676595,0.1524844829028487
1832,0.1830276008276854,0.0907809544477644,0.5729896413873431,0.1836498691631826,0.1573468960668637
1833,0.1834264613651882,0.0901206596670184,0.6090734032086815,0.1840450004980138,0.1670521840531101
1834,0.1030199852492258,0.0617809915758121,0.515181454788146,0.1249085620111335,0.1622501052303802
1835,0.1118368972724861,0.0625395295786963,0.4888124687301889,0.1291006330671393,0.1730264008262054
1836,0.1298515024043459,0.0655059414790783,0.4829026326314846,0.1454941924575162,0.1794560165619062
1837,0.128268842990534,0.0692357641286541,0.47606926408767,0.1634245431615783,0.1935366100331153
1838,0.1356830911889561,0.0716894225600644,0.4976457774264754,0.1811299176855125,0.2004561271177017
1839,0.1315769928070244,0.0653738292072545,0.4928893537033866,0.188912448997241,0.1935706316485168
1840,0.1259873812792596,0.0550376775189486,0.4504629962275092,0.1903524692881852,0.1792104587397228
1841,0.1159248767555386,0.0368441088236192,0.4066228964251523,0.1729931155798291,0.1626018374848344
1842,0.1108732605779604,0.0314052818125406,0.3544237476706363,0.1510707350611902,0.1529636303135525
1843,0.1153028614459635,0.0259398578576553,0.3192217794851538,0.1282290753461289,0.137362980448251
1844,0.1218151173150791,0.0236893896765535,0.2894649350195227,0.1147052057355364,0.1262675321460754
1845,0.1263059034237203,0.021719291140071,0.2665290960759024,0.1024003902280453,0.1169272156590727
1846,0.0982997660426195,0.0191426234483132,0.2527464686690442,0.0933704420582066,0.1064414984606023
1847,0.0999745184186819,0.0154208148798597,0.240717062447884,0.0884732920147614,0.1042668640543155
1848,0.0973801504184387,0.019770998814322,0.2327281807334802,0.0928406370815812,0.0996805891042575
1849,0.098791870740846,0.0214739073643131,0.2263697522628155,0.0936148508270111,0.0950720144994179
1850,0.0908233810782434,0.0196408696267317,0.2192192095081465,0.0897007381672715,0.0929775262141092
1851,0.0854544528212997,0.0231480557844849,0.2097093996088766,0.0893397853021173,0.0983467393709343
1852,0.0847738487257823,0.0251683802023832,0.200686009527949,0.0906239357911965,0.0996285531064589
1853,0.0815723925902982,0.025172960757096,0.193185471175756,0.0899284772099429,0.1017649016037464
1854,0.0712295130662721,0.0249397806389011,0.1818334785108848,0.0824779212787702,0.1018649691613304
1855,0.05354111050436,0.0259082056107831,0.155459877066715,0.0739296685071393,0.0997705684464514
1856,0.0509482730399112,0.0260617238482693,0.1426035004446368,0.05273379752043,0.1023145914583901
1857,0.0571429926381403,0.0383192829416925,0.151180751419135,0.0448758529055181,0.1108581872777752
1858,0.0464016145164911,0.0598632815868042,0.1275851485668812,0.047185296051305,0.086501680856052
1859,0.0545415168328676,0.0754166584246915,0.1225302344363072,0.0466972196259931,0.0980366340667012
1860,0.0628581528096718,0.0862205472041749,0.121549078322244,0.0454461244573364,0.107276296478959
1861,0.074373032866636,0.0933690146768396,0.123101112510441,0.0481938465749662,0.1192264122650455
1862,0.0824729545220832,0.0953323430108951,0.1193614096919226,0.0537883772647296,0.1326203616896683
1863,0.083449288302639,0.0902552671275613,0.1097201411320994,0.0587827145959471,0.136972645345885
1864,0.070658518266226,0.0836963645887683,0.0910266090359401,0.0619155685702,0.1398964750346496
1865,0.0608379715468646,0.0696994636191258,0.0738597190567518,0.0594764786796739,0.1397828285385792
1866,0.0574547339142533,0.0697310281974423,0.0701728259492223,0.065885481904236,0.1392950618963758
1867,0.0571959282096567,0.0710250984556613,0.067969670683783,0.0705617937453081,0.1364191384248764
1868,0.0590341994465526,0.0772563366645923,0.0702971763335574,0.0715504239453838,0.1332648439073778
1869,0.0582017355381765,0.083240734178546,0.0735362793185472,0.0725247726487546,0.1338753149181969
1870,0.0534406535073971,0.1135623622044928,0.0744527114390981,0.0691236648896906,0.1261971496544294
1871,0.0573540906297596,0.1039568177536162,0.0926989811252679,0.0663518910873632,0.1358837360175404
1872,0.0619303274518259,0.0954037868555992,0.1121250497977952,0.0682215711798393,0.1459620654523007
1873,0.0620940925291462,0.0868517908028928,0.1267088722520458,0.0671738242418646,0.1621168163616973
1874,0.0660843616001592,0.0811590225990896,0.1384183349534081,0.0641106995092301,0.1790246425890758
1875,0.0673072801260311,0.0739049535945979,0.1467245728156854,0.0629504833779437,0.1961901428335405
1876,0.0636593929952136,0.0651735286098943,0.1526257097323179,0.0633778048155916,0.2104507146077111
1877,0.0613872663749767,0.0652590343801055,0.1599932565083233,0.0610628697103232,0.2263108934201347
1878,0.0592090193771765,0.0668252494835185,0.16683619998941,0.0578020058385843,0.2405101930266918
1879,0.0422191307323177,0.0661562396773355,0.1680223770141488,0.0540183755445563,0.2518037033305687
1880,0.0398822510396117,0.0508408705152084,0.1536376628402458,0.0420889034204484,0.2873915137498936
1881,0.0512379427141833,0.0676994741121263,0.1365024101375989,0.0342938028098104,0.3169736374728977
1882,0.0395717285160237,0.0779556326970603,0.1173734505675027,0.0275326861072854,0.3001534191509258
1883,0.0404624835466188,0.1000643059377351,0.1292883722885333,0.0325129275550291,0.2975345815956616
1884,0.0484755839558266,0.116603250355235,0.1400752517726838,0.0382568693528091,0.294797975732242
1885,0.0565174624954119,0.1211389133085459,0.1464978911619953,0.0407647207316669,0.301319441682346
1886,0.0568776067656106,0.1176028105242283,0.1557082535874762,0.0476388584780142,0.3139315718491863
1887,0.0552571995151778,0.1129331376197635,0.1610930936285871,0.0552616288895006,0.3257421523431891
1888,0.0453175441359686,0.1086431610138133,0.148695637808105,0.062174198999794,0.3261152831833754
1889,0.0335847028921352,0.1077971146335125,0.1442976545149649,0.064674803108386,0.3257948225097559
1890,0.0269221391809161,0.1162944401832836,0.1442855940621286,0.0735849569347987,0.3245636208875789
1891,0.0227567866893873,0.1189104500299279,0.1405149434739711,0.0840359009478255,0.3278861967784776
1892,0.0185013959295927,0.1143834033886802,0.1369892543707205,0.0936660609138202,0.3266177992791016
1893,0.0140357018534618,0.1150277676087837,0.1293931311371777,0.0999256987293225,0.32945143844986
1894,0.0168454950211014,0.1052151425552644,0.1143557709606541,0.0865793535819521,0.304527371290785
1895,0.0218128236637475,0.1059719589552733,0.1116669455982008,0.0874683204419106,0.3118859173027261
1896,0.0241412474089375,0.0922427566189374,0.1094580373473675,0.0931681570015627,0.323188881957935
1897,0.0254732160671493,0.0849972721442045,0.1134715317133598,0.0994562295849821,0.3409044981099189
1898,0.0275616762383012,0.0800511156476009,0.1161069679558058,0.0993485880745522,0.3499533620461956
1899,0.0300840953488246,0.0806467291692119,0.1221099957269992,0.1058750044724642,0.3595109873695692
1900,0.0333880883929763,0.081586859650474,0.1244081278442249,0.1109247342665183,0.3603939197967611
1901,0.0263712900755464,0.0749192236816779,0.1301181080540663,0.1168554516468291,0.3599346466122667
1902,0.0230949397097343,0.0626618460764141,0.1396132669601799,0.1217537581729418,0.3532388914832305
1903,0.0263780642380068,0.049317347020574,0.1461325862090732,0.117820047304186,0.3248314661714616
1904,0.016394880696511,0.0336220564139176,0.1373861128466646,0.0865057551116662,0.3276721041181518
1905,0.0219855653244276,0.0375577013411593,0.1358304398393042,0.0599279680876872,0.3599828568019235
1906,0.0215629655217823,0.0142365576344243,0.1322314953614587,0.0595312582232363,0.3258131645053009
1907,0.0278258225061639,0.0176418550256146,0.1330772260480923,0.0620633250117239,0.3341833457561078
1908,0.0318805892149471,0.0242460334602384,0.137294892083734,0.0706163230642128,0.3376173586133611
1909,0.0360907694520445,0.028396490272725,0.1403325299239544,0.0797421998251596,0.3488983966109364
1910,0.0421779085832745,0.028916809837705,0.1359624666547801,0.0915616329237644,0.3544363461078777
1911,0.0483082751066649,0.0334767636208825,0.1241502291811176,0.0994381456122835,0.3477132375383173
1912,0.0550292745338,0.0400694067037633,0.1073055763803197,0.1025792755446895,0.3232180246933586
1913,0.06756143543894,0.0465556334417637,0.1040748495733489,0.1079020964240432,0.3275929605640834
1914,0.0695395978588652,0.0539992472137732,0.1062157999310124,0.1343888283438862,0.3209643292694731
1915,0.0628405956537448,0.0548339820689637,0.1022564510802413,0.1649462321120363,0.3135514191406962
1916,0.0533084474397516,0.0504400432706053,0.095538596038868,0.1785915810058403,0.3069387533709493
1917,0.0480505639173965,0.0430046916825625,0.0911391525916628,0.177394212391173,0.3024028898701313
1918,0.0438693684473872,0.0187656516903192,0.0710020742087794,0.1760768835117066,0.2589300998985981
1919,0.0414020000128137,0.0130301382915719,0.0670980168389129,0.1641626382626669,0.2577719232492431
1920,0.0426305202881679,0.0115355598602007,0.0629951285712635,0.1525664229008937,0.2503758736564028
1921,0.0427789442028354,0.0101860406798584,0.05993126401512,0.139684798108706,0.2382270608639337
1922,0.0429062386305199,0.008123672551788,0.0571538578082556,0.1219550464881464,0.2298378565809849
1923,0.044534462788541,0.0088809058878925,0.0526291323659065,0.1113668394641396,0.2274590113492311
1924,0.0485569384568886,0.0098470357073062,0.048429426728016,0.0986040978041384,0.2264750542419028
1925,0.0530042081208869,0.0094047538965495,0.0449730029334473,0.0906719440042412,0.2253061030969044
1926,0.0576881573955344,0.0091899376971321,0.0451266351932801,0.0820222963023072,0.2136341858765562
1927,0.0530083969887504,0.0092546828556801,0.045763037943095,0.0738336270674529,0.1902049070276893
1928,0.0381258961457909,0.0077717939469541,0.0347582018259108,0.0501870411078825,0.1752276063420138
1929,0.0400517826609823,0.0034746286187139,0.0302164315696653,0.0209401262106867,0.1746462647345367
1930,0.0433692615438819,0.0043502119937125,0.0402013880194741,0.0125587080949614,0.1543548272433861
1931,0.0490975649523312,0.0039194263085579,0.0465018803308892,0.0102646582554286,0.1610627693038665
1932,0.0590397110914519,0.0051757953818734,0.048694457657958,0.0113423304258085,0.1695567149415125
1933,0.0612445908787355,0.0070337576265956,0.0480948935769533,0.0136849692644634,0.1747771787033299
1934,0.0607135169272537,0.0063423280907002,0.0456786576405005,0.0178608487755346,0.1761342867026641
1935,0.0657129077481353,0.0041979886227721,0.0488769342466154,0.0219230389903755,0.1743574430763804
1936,0.0670812522961928,0.0038267385565413,0.0566252029574221,0.0247689397436781,0.1638388767836238
1937,0.0730299506020499,0.0067731397178561,0.0875358975649436,0.0299712959652992,0.1634943263215625
1938,0.0687410616112164,0.0092229738757947,0.1258796785676191,0.0396868825305442,0.1547112759561425
1939,0.0644536020480302,0.0093519194380626,0.1532540571995104,0.0482067194172526,0.141252130566382
1940,0.0604872803531636,0.0084206932267528,0.1673308019053142,0.0537705104757876,0.1313090042242278
1941,0.05667452328613,0.0066629144999299,0.1723368535780848,0.0550628691739549,0.1243186939779221
1942,0.051330605401555,0.0084525322596214,0.1627823761398994,0.0420477143876163,0.1184931186250298
1943,0.0480275515593182,0.0110149638927985,0.1646890733505343,0.0476102686906999,0.125330207389638
1944,0.0394102127129628,0.0128003235459347,0.1668866765611695,0.056566570439001,0.1256111169696959
1945,0.0322510708912727,0.0131638537534827,0.1589010333607081,0.0666637418770906,0.118980552176717
1946,0.0258180781975748,0.0139108937654906,0.1436683210549171,0.0722384084771132,0.113694494988131
1947,0.0218409485561897,0.0145479497353076,0.1304243101813325,0.0714968389825838,0.1137805120974363
1948,0.0174192537829997,0.0145096405365993,0.1171252754645153,0.0709307249368154,0.1122172949568483
1949,0.0147453708920941,0.0145103183912361,0.1105114726574663,0.0740627699112098,0.1102624221793628
1950,0.011317923891792,0.0144765541952047,0.1085340643344477,0.0786551606622809,0.1041232090518506
1951,0.0075584636482206,0.0138681980845654,0.098572745810794,0.0778374665120291,0.0873487650655786
1952,0.0047491721663543,0.0136353597744909,0.0793162074480944,0.0621152529279395,0.0696547958552328
1953,0.0062991569941883,0.0085745609689602,0.0745498426314937,0.0443388349628521,0.0685794838246922
1954,0.0076024858865858,0.0060531194082178,0.0755747340474301,0.0497847178843845,0.0703387892820657
1955,0.0089279972620118,0.008941469404079,0.0765259352539975,0.0541075450094761,0.0706148882228511
1956,0.009445683605699,0.010363767500259,0.0848758661204234,0.0552055993781305,0.0760149739867007
1957,0.0100961163936745,0.0109918655276391,0.1024033478108555,0.0579374836777021,0.0805252486202666
1958,0.0107703680495797,0.0126600872493471,0.1177211486367818,0.0649128178987097,0.080836048378787
1959,0.011692265288618,0.0150143881378624,0.1267073265724361,0.0774378537490882,0.0759606017208903
1960,0.0169778740634367,0.0187424581032984,0.1410751385832635,0.0919564664861368,0.0630459209051966
1961,0.0225984436088101,0.0256242714885706,0.1598566239813345,0.1155894906905457,0.058857306537906
1962,0.0236641648103047,0.0301749263615819,0.1636255948254941,0.1592768767451826,0.0558409086513716
1963,0.0240320851664878,0.0306979366427237,0.1561775224895128,0.1952847477590173,0.0545963641406913
1964,0.0241609024826629,0.0345427339251037,0.1425820145829729,0.2110408920435528,0.054368591211637
1965,0.0252267589526562,0.0323202128559317,0.1307245392050796,0.2004493094032662,0.0540491449041366
1966,0.0300277001442968,0.0250426840763081,0.1072813780342097,0.1728059100013597,0.061415372932476
1967,0.0312498107701239,0.0221336706847433,0.1075254890527871,0.160209783976566,0.0638793486549945
1968,0.0307264298303567,0.0222497208306062,0.1000989527706683,0.1521540670139292,0.0631867187519909
1969,0.0332271395899735,0.0214201566008947,0.091112170183415,0.1457388037174734,0.0642664842974986
1970,0.0379716967465166,0.0168301899564852,0.0874410290737958,0.1360635136492045,0.0650154759733483
1971,0.0396761099765149,0.0133941126483867,0.0799134527120388,0.1337950685806327,0.0640780032579601
1972,0.0385575216798061,0.0100274660042682,0.073673244197141,0.1305857149157769,0.064516038949639
1973,0.0338771570958821,0.0074236635394214,0.0658463644176425,0.1297273202483204,0.0632789163287881
1974,0.0276058434913469,0.0062258981160631,0.0555383790793146,0.1251074034816697,0.0600519636061114
1975,0.02063592348754,0.0071274174579741,0.0369274235907899,0.1110028832595397,0.0496039510673592
1976,0.0123927397431524,0.0085687427975781,0.0249368996004779,0.0738281447576651,0.0365106019331033
1977,0.0096169366499611,0.0078033982320284,0.0196532662677471,0.0723666899657656,0.0312932251282978
1978,0.0148363692215416,0.007616134490006,0.0200662567864012,0.0673334374622481,0.0336052131933534
1979,0.0147293612456839,0.0157019937034095,0.0287561855593698,0.0772922451382735,0.0303515178865959
1980,0.0171420119611288,0.0231013307064786,0.0452650484478873,0.1006689304101242,0.0316904278628609
1981,0.0230197216925901,0.0290416562201284,0.0691612920580666,0.1288171567269849,0.0360665832251879
1982,0.0318492351258756,0.0318934706797364,0.0900871837046235,0.1476899463246891,0.0418266677303053
1983,0.0423362182964838,0.0363800912074626,0.1008688950746418,0.1560466306973319,0.045797998051326
1984,0.0533030326318079,0.0442675010468917,0.1035001808422092,0.1592962167570866,0.0447070014685315
1985,0.0742466620307155,0.0658866441418112,0.1042760676705826,0.1537921919937167,0.045957695103249
1986,0.0827666308993054,0.0801167622780692,0.1190998027083157,0.1611620030013103,0.0447322319311155
1987,0.0777955791083978,0.0678109168269644,0.1380603951360859,0.1861004125836054,0.042985488046837
1988,0.079159788009376,0.0554696747552332,0.1574359337991388,0.2087547673836975,0.0416220830215433
1989,0.0804687869849837,0.0421301706125954,0.1774259243473397,0.2145634690836024,0.0429796718990711
1990,0.0672930599781165,0.022413704577172,0.2075764333290418,0.1951976592146249,0.0422859288664392
1991,0.0672830565042051,0.0182859561167189,0.240258774065738,0.2024611203885711,0.0491162321140336
1992,0.0849766389383013,0.0232651072604016,0.2724528075972874,0.2128259001276805,0.0560313559127567
1993,0.1092696667084988,0.0329555807880267,0.2898918908412539,0.2168067190539734,0.0640130196997791
1994,0.1286804131420499,0.0400124778114342,0.3025603087877108,0.2260765416019877,0.0716424153678008
1995,0.1371502902787876,0.0313531258622507,0.3157475490948247,0.246560372177021,0.0776786034515031
1996,0.1342830656086623,0.0344130790341634,0.3242980171305067,0.2529832300767593,0.0809802472455787
1997,0.1374461695502596,0.0371306976094144,0.3293535128486536,0.2541230866603218,0.0815081669784654
1998,0.1415183535694296,0.0385781762067074,0.3253562737968862,0.2672750793144466,0.0812185233432337
1999,0.1483862807929159,0.0380257905306828,0.3165575042195802,0.263626628398715,0.0713140275849842
2000,0.1689355518998712,0.049636623051134,0.3261070276579078,0.2456697469216715,0.0547720127930647
2001,0.2051387792483694,0.0738335325639342,0.3162003341142683,0.3345897080764228,0.0654179382201466
2002,0.1951486976883507,0.0807442556230659,0.3189446905091125,0.3088512954757814,0.0600288787188759
2003,0.2513699110891582,0.113461252895944,0.2927660808262927,0.3301933715679087,0.0825174195399548
2004,0.3061972082749542,0.1304179278760587,0.2770613606915583,0.3425277052681796,0.1051416371343844
2005,0.3523355671920528,0.1595888381786432,0.2858018612099935,0.3622588199277177,0.1202970450408039
2006,0.404166760856219,0.1669020632655025,0.2885217200459544,0.3736590068136503,0.130502206442942
2007,0.4135452345640052,0.169053270050425,0.2817893590799201,0.3986110986946279,0.1318761684954114
2008,0.3419607691241437,0.1577459050104567,0.2810680085682305,0.4111191887152275,0.1334871420289479
2009,0.3048654170533563,0.1432309201078451,0.2752714789477284,0.3764142004619931,0.141487176139254
2010,0.3170210622212007,0.1358576398285062,0.2508119518274025,0.3578291082682979,0.1591025651915344
2011,0.293908229014201,0.1451792615788532,0.22440631734607,0.3539524427037175,0.1803932616675782
2012,0.2469168392763791,0.1261547343417509,0.1991525974523593,0.358554866207439,0.2050784564469315
2013,0.2096603111972966,0.0951969643928423,0.1870089346003927,0.3475902193804557,0.2184693461231815
2014,0.1403393156181563,0.0673778703969088,0.1831770720535532,0.3274409105505899,0.2168911640862945
2015,0.1261957173370897,0.0572933255955541,0.187286468982699,0.308470963595889,0.2436639711388216
2016,0.1233513051038748,0.0571335491477704,0.1909689002610814,0.2925762896708699,0.2696697599701637
2017,0.1294131587148592,0.0625214294956004,0.1951114025046089,0.2782087291522105,0.2907967285193631
2018,0.1365172017419975,0.0811771305414634,0.2091553189972412,0.2668618173984067,0.2819675791917463
2019,0.1455616808182229,0.0885668579068508,0.2273182472561805,0.2453406454848262,0.2862951948177616
2020,0.1490029348888452,0.094992302435937,0.2465319135089914,0.2311690147708697,0.3018245305299492
2021,0.1598823666907333,0.096202201378328,0.259824249928651,0.2170021229573153,0.3103098478437363
2022,0.1622519733522782,0.1028718229563114,0.2647080145762681,0.1936205253582863,0.301095199242334
2023,0.2070178754248808,0.1318944211654692,0.2730721834405871,0.160915518700412,0.2918431804481156
2024,0.2335074243452357,0.1470234030490369,0.3541922414455846,0.1323752171387809,0.318125225164667
2025,0.2369549500317323,0.1509006496880467,0.3974323480555616,0.137506596812043,0.3460204859913876
2026,0.2041742074037472,0.167476490651651,0.4199575217929078,0.1027252469506934,0.2849701542438186
2027,0.2271154876402945,0.134925751111059,0.4199234831598218,0.1070010340227456,0.3070187707886342
2028,0.2529378158374653,0.1316599678312075,0.4270552470154559,0.1212844475982833,0.3223588198801778
2029,0.28366799306548,0.1386032057095226,0.4201327424926743,0.1368433583195914,0.335071424137911
2030,0.296322004275506,0.1300852880652119,0.3702331795249703,0.1547577094348471,0.3422075672235501
2031,0.2906357878418338,0.1182992589738417,0.3257561859850437,0.1691340216008266,0.3460258968715313
2032,0.2654188098101588,0.1096147720387519,0.2845060337204571,0.1794417685238327,0.3288463457880108
2033,0.225150675896601,0.0997059229314415,0.2451172135621041,0.1677729527770895,0.2994328795539173
2034,0.2153458981849032,0.1016631718908457,0.2190281255058356,0.1805358586710022,0.2840065238638276
2035,0.2122605800709349,0.0993738659587464,0.2039037855948014,0.2039490981030239,0.2715705526222117
2036,0.2098154857035812,0.0944832710419322,0.189662594125037,0.2079420774795069,0.2597951578191777
2037,0.2057331930978521,0.0912042675963461,0.170965718674208,0.200385527356679,0.2515636462991273
2038,0.1667010712188434,0.1009282359146416,0.1402586750354423,0.1834759887339384,0.2270952502491711
2039,0.1646023331463723,0.1033826458713218,0.1349776500510963,0.1663011932436617,0.2129538011195443
2040,0.162137290377388,0.1075616820854306,0.1361616716866874,0.1584282042606495,0.2000077198298483
2041,0.1665349241363063,0.1083842788490579,0.1355412076005846,0.1474372067661655,0.2100190900716487
2042,0.1628813636858194,0.1022336378716731,0.1345484854952836,0.1421586014342745,0.220331903502667
2043,0.1478601613460677,0.1013206789704316,0.131479222226358,0.1435612670904664,0.2296041582425234
2044,0.1335698298386835,0.1074860292763142,0.1318473902407426,0.1484308908380011,0.234278323432122
2045,0.1086010313297751,0.1029403830426287,0.1269351316065374,0.1528413680046044,0.2375763664962034
2046,0.0928838858956557,0.097259101429933,0.1255935090825947,0.156259082908796,0.2351933264910299
2047,0.0921750786605297,0.0872843462957267,0.1335415355836457,0.1456176173968437,0.2141745878268031
2048,0.0900626797932986,0.0958516069914559,0.1416146855895648,0.1018859072526017,0.2380216181409168
2049,0.0852628584832561,0.1277006499921249,0.1500869297705586,0.0989669208799575,0.2519891824066551
2050,0.0693496590800634,0.1228634654288229,0.1498293578704322,0.0979412212000709,0.2197779544964579
2051,0.0816934067202508,0.1830052160879815,0.181427348336467,0.1150762339286905,0.2098878100620479
2052,0.0838104370796049,0.2077252884434478,0.1947981684128117,0.1247717151367998,0.1997117677170846
2053,0.0862459665815627,0.2066193077181976,0.1981799981077995,0.1291472776174168,0.2002337854596431
2054,0.0834345218370343,0.1817921234729416,0.1922874749466478,0.1357925693999768,0.2134336947306092
2055,0.0878034836659981,0.1689861903126179,0.1782719018551722,0.1448619635079416,0.2156776143852863
2056,0.0822872369512833,0.1569989140512303,0.1766786739547953,0.1567498179003952,0.2133231356118411
2057,0.0725558536099187,0.140131595510775,0.1772467281039863,0.1588056992041886,0.2064955888933264
2058,0.0710589291305718,0.1342974363588012,0.1807361188865978,0.1781016124398757,0.2041474684331106
2059,0.0730843363876161,0.12780101606547,0.1783628263450041,0.2010448624766346,0.1967916098092136
2060,0.0727929003378194,0.1237566503737146,0.1723101838441138,0.2108126142668651,0.1933980844498586
2061,0.0728508586361064,0.1163945197079078,0.1692359035567947,0.2098908083611115,0.1893951042789505
2062,0.0692355273253214,0.0902519772080547,0.1526525604579331,0.2079857900362541,0.1873078047592503
2063,0.06741961439005,0.1022919344264019,0.1572837516469767,0.2013522753870526,0.1928017006862362
2064,0.0630043967184133,0.1031453276123123,0.1588086926261323,0.1940534209529836,0.1919886727702949
2065,0.0615592957003668,0.104097348986025,0.1550127753089925,0.1863620212300066,0.202864695582698
2066,0.058258172970123,0.1077374850955425,0.1504215910848262,0.1796364904080734,0.2183345068664958
2067,0.0580954394809569,0.1073494538217183,0.1412955103752164,0.1717008791514537,0.2304990227004206
2068,0.0585817650529062,0.1080236292916844,0.1323987603814425,0.16768341881247,0.2383664241576986
2069,0.0594097587190622,0.1063976246933943,0.1268510430916056,0.1641700513883858,0.2409701215965652
2070,0.0563573193392625,0.1031271986906859,0.1209044958521909,0.1606431031925742,0.2352240437191177
2071,0.039290895146571,0.089151903736838,0.1107081096972753,0.1486036473530185,0.2230003630481543
2072,0.0442042558988589,0.0792083639582717,0.1092168914668998,0.1031699599669742,0.2504714811252915
2073,0.0525298572334002,0.0968260575620639,0.1126118076068273,0.1025978013788584,0.250201941560927
2074,0.062576642837542,0.1182256473341944,0.1046022920243522,0.1166509948829398,0.2717822808828554
2075,0.0696923757011326,0.1315035669690802,0.1098983014017344,0.1151368847964196,0.2696556865327437
2076,0.0740550021693006,0.1423284680521518,0.1070177735162343,0.1143080010464125,0.2727730039923305
2077,0.0746236604754662,0.1484183201855461,0.1047467142198376,0.118666470454354,0.2697214508474319
2078,0.0820097468483934,0.160873773465059,0.0883153464948137,0.1329997975967057,0.2671430192733837
2079,0.082529457634985,0.1651581862740723,0.079888519428078,0.1472564994921842,0.2639073123992524
2080,0.0747742043172867,0.1480862166423703,0.068819711778335,0.158508567463303,0.2554844264483514
2081,0.073701844425853,0.1219064895880208,0.06562665146215,0.1524669959039176,0.2439577646874762
2082,0.0735923370216006,0.1214162074399147,0.0695078361639744,0.1702625090923375,0.2386178318237601
2083,0.0758447864952142,0.130913939304612,0.0689573576637832,0.2066092306327456,0.2316766892155415
2084,0.0767870611153931,0.1368450553066857,0.0664320201412332,0.2240370287368618,0.2247485531646513
2085,0.0718451582551118,0.1363038744084501,0.0658958179035854,0.232165294610852,0.2201261608602736
2086,0.0663526416846313,0.087356653091296,0.0616997902491831,0.2463421290791592,0.2003466849993964
2087,0.0709207633506501,0.0817396542896318,0.0620168031987001,0.2347258973663808,0.1949491271649422
2088,0.0677233601141572,0.0721835646207084,0.065060076860882,0.2299035323407776,0.186071707162675
2089,0.0632524890734981,0.0695140565101572,0.0687054905878075,0.2214712193953446,0.1840206310186248
2090,0.0613092423517232,0.0676961100696745,0.0741573912143377,0.2111185287644387,0.1775570873946197
2091,0.0569833929529329,0.0644753319107942,0.0803363625387533,0.2023473399676923,0.1778294682658445
2092,0.0539660827863372,0.0584538347892372,0.0836849332431141,0.1926771580418912,0.1737194609479055
2093,0.0532473585415344,0.0493544558869628,0.0857363493515172,0.1871602433818827,0.1693115034533388
2094,0.0501868151919316,0.0385383937949931,0.0837457797596785,0.1837086644841719,0.1589834191308296
2095,0.0350602954996464,0.0256297587560543,0.0746640661399345,0.1670656889827498,0.1341186550314224
2096,0.0431413442909991,0.0153843081614682,0.0536740436369047,0.1068989142594215,0.1438888108816301
2097,0.0589421393718692,0.0120978801741004,0.0687241359534339,0.0915100675428264,0.1533965453406118
2098,0.0511627559910681,0.0105663288061375,0.0781655550573118,0.0765377655104206,0.1858559086926278
2099,0.0464421308406355,0.010918782937206,0.0758115247124329,0.0782082674342026,0.1662765256007829
2100,0.0386331636043,0.0110208250143892,0.0710162366070464,0.088175948653915,0.1536574091848436
2101,0.0292600969494005,0.0116405613944249,0.0679775838269722,0.0955624002800557,0.1541953568664212
2102,0.0288666287006466,0.0109775924410424,0.0644782740722862,0.1002511924741689,0.1489585798600346
2103,0.0341261373951139,0.0103946827764757,0.0614665283095031,0.1025997245178834,0.1436283382145966
2104,0.0409081544178533,0.0131422060708647,0.052977400114769,0.0983742328047394,0.1365303686609214
2105,0.0554708793461202,0.0186435895996711,0.0516002570479537,0.0842752405154594,0.1393966214330306
2106,0.0619695199661744,0.0184178153475076,0.0620913461061019,0.0908091313113425,0.1441078774992425
2107,0.0580110611040724,0.0163247898780737,0.0738738655365028,0.1030156103713381,0.1399705594403674
2108,0.0498072487014816,0.013565325220336,0.0827937573431191,0.1134348345288498,0.1380936556988432
2109,0.0405965444210601,0.0116002627036914,0.0843624248865857,0.1217367480808463,0.1354157980271785
2110,0.0314851583940635,0.0123371024402217,0.0846890704010552,0.1329020033208821,0.1390075009328374
2111,0.0238070991977167,0.0080646066832616,0.0886105860541262,0.1461606533382533,0.1288396983706316
2112,0.0205924839555516,0.007016080432343,0.0929677477930549,0.1591898597548958,0.1210302729635112
2113,0.0197102084605689,0.0073688664106823,0.0923138735755006,0.1685389408154494,0.1097091380195881
2114,0.022259267956039,0.0097314922220426,0.0959042773245834,0.1769178903673423,0.1016352198382597
2115,0.0224360482180375,0.011308576158783,0.099794605274015,0.1801048072319972,0.0967544427008267
2116,0.0212254908904174,0.0123144076763472,0.1042061581217242,0.1814520827496258,0.0931206493339905
2117,0.0217046652770194,0.0111109902943141,0.1110277670386261,0.1807353486388612,0.089498839119485
2118,0.0193127910334028,0.0090703925566667,0.1193275225891829,0.1787771575587061,0.0828560507843834
2119,0.0141762537255832,0.0086141518820837,0.111849495316539,0.1709011690884292,0.0674475539328089
2120,0.0066175244350057,0.0066932262842156,0.0735127605028647,0.1396125175029582,0.0636695938864517
2121,0.0071206276035048,0.0028173753069915,0.0649549980377441,0.103952100627613,0.0667671600808357
2122,0.0119956491170979,0.0049868162928149,0.0562245173021191,0.0647818049658251,0.0751071298984887
2123,0.0132611195371119,0.0088367597428593,0.0729106400397305,0.0661805878040029,0.0782844268468166
2124,0.0144346413031034,0.0119181549744506,0.0951211363748611,0.0639774842521985,0.0792691613456695
2125,0.0151012847615894,0.0138019318100123,0.116504949330774,0.0671501510673069,0.0840450504811219
2126,0.0156587860806414,0.0160551696415038,0.1295666210737805,0.0675354541337793,0.0867223509134593
2127,0.0182419529859536,0.0165772009350026,0.127957714211588,0.0658664200310598,0.0882370418104595
2128,0.0265819639038882,0.01659834548825,0.1105649116385848,0.0592705656971641,0.084896721887327
2129,0.039504038737882,0.0175946287451447,0.1100091785825823,0.0482998939723118,0.0834568783843518
2130,0.0414382796792643,0.0161193208953731,0.1195968312168096,0.0444074686659035,0.0788655725078804
2131,0.0381131856027457,0.0127989500712302,0.1245032304845923,0.0440842413557023,0.0734060079078555
2132,0.0320866326490005,0.0091623113323631,0.1308419057964978,0.0457402414230775,0.0701854551186336
2133,0.0248695506937447,0.0061235913989247,0.1371440354532291,0.0523270438782379,0.0664604494177778
2134,0.0239131766823611,0.0046089762387994,0.1417204874203836,0.0558927388303518,0.0703967406950928
2135,0.0249187104502236,0.0043958372536135,0.1386337371819043,0.067279936581949,0.068787749563445
2136,0.0259594277320771,0.0036456597934339,0.1309788619180775,0.0762823961273615,0.0683806093025873
2137,0.0284058614600318,0.0037224238430022,0.1244405049717345,0.0822388136007936,0.0664218008038659
2138,0.0320781003529111,0.0043518618358774,0.1226239501284804,0.0833220562452655,0.0623684407724725
2139,0.0348478824168409,0.005978095663855,0.1226513908244626,0.087214327299475,0.0600266533585218
2140,0.0367015930913159,0.0075395740293434,0.1240960748425967,0.0913738849499169,0.0577044106780548
2141,0.0394505228724377,0.0082720618881303,0.125678805141763,0.1001721555098766,0.0555955080887685
2142,0.0396563552514997,0.0083690386469939,0.1237817779821816,0.1098564845098279,0.0497493790105526
2143,0.0334094873839409,0.0081729781972183,0.1194569266807231,0.1135625395840189,0.0395186519790172
2144,0.0215420565350597,0.0072068506681572,0.1213397403288638,0.0921385981586002,0.029099468789703
2145,0.0270511054649154,0.0078027651486037,0.1227563943620699,0.0665250018747008,0.030499211529538
2146,0.0177861043379187,0.0134730643903318,0.1076905992117467,0.069383009939397,0.0355526985692327
2147,0.019618734009439,0.0283994993349682,0.1104710980856151,0.0824654623229881,0.038106088428971
2148,0.0221433420963015,0.0483071649483202,0.1103588247148093,0.1024838818160345,0.0405931290252182
2149,0.0272610270477865,0.0594696670478271,0.1153190392009964,0.1176390279368842,0.0451046301692006
2150,0.0338660285482273,0.0660676053736015,0.1222736648549925,0.1369983015989272,0.0508718542309727
2151,0.042127188045158,0.0719146658535372,0.1290900781683103,0.1579585334495154,0.0552213407281348
2152,0.0524956804331162,0.0705813408766674,0.1339499682292557,0.1811604148888563,0.0549003146239094
2153,0.0729632585064342,0.064464080993143,0.1385934221656863,0.2126883664881533,0.0509251741375688
2154,0.0987951099708092,0.0678360769663718,0.156664093641935,0.2749366091434286,0.0426959293420505
2155,0.1328598770902742,0.0734670670714812,0.1693679451382877,0.3340825782445975,0.0361575620749477
2156,0.1639714499846563,0.0748952577751377,0.1706410372014039,0.36660183554147,0.0329140822213653
2157,0.1819321281440497,0.0739106590253822,0.1692596051389416,0.3715832129369683,0.0324989640376507
2158,0.1691000994445228,0.0639387677477454,0.1437315899205482,0.3528303019228924,0.0286097471767993
2159,0.1708406622583713,0.0615996668843199,0.1468445591380779,0.3349826463201549,0.0280249373769997
2160,0.1748892760148775,0.0689772307277161,0.1496441738089982,0.3162492865449787,0.0318331196343559
2161,0.1754256037893196,0.0775667407776146,0.1464129795225181,0.2962128662618145,0.0378328494836927
2162,0.1762257928361791,0.0795352815035106,0.1430345903741078,0.2757647886277136,0.0413835308178383
2163,0.1668150813385298,0.0764425593795594,0.1412735257356012,0.261590530924439,0.0438568172604902
2164,0.1567268216976528,0.0694824322168565,0.1398659831205485,0.2516525674137471,0.0469594418934447
2165,0.1565293406721545,0.065733975537755,0.1434919832224222,0.2438072149185157,0.0499966268118489
2166,0.1488549113610371,0.0617131304410277,0.1409385093808396,0.2362926194806521,0.0510621385909437
2167,0.128827393409966,0.0519634910195991,0.1114837407467606,0.2068126092211677,0.0465477795947699
2168,0.1305145250875177,0.0360453928067972,0.1029047753575723,0.1376269799497091,0.036367872319236
2169,0.1346017786038703,0.0348313776205098,0.1106773921299622,0.1052653933017532,0.0382553311064924
2170,0.1261656863000245,0.0186732200520268,0.0980029078618391,0.0762133322091874,0.0341154275492743
2171,0.1332054362381851,0.0211741361218414,0.112964825048871,0.0746177833068457,0.0392083147894345
2172,0.1370284031628207,0.0232133208717427,0.1223223719094937,0.0765712979972279,0.0419056075642223
2173,0.1384819865465969,0.0234302732969146,0.1318085959036749,0.0806241384925934,0.0437500609702023
2174,0.1515437206291816,0.0218984687805132,0.1435525328829224,0.0806663506410605,0.0455857919386639
2175,0.1697361912045838,0.0214031071629064,0.1545934419996872,0.0794160479134255,0.0432804987774953
2176,0.1712905505911536,0.0249742867046865,0.1601817580103474,0.0743222606391973,0.0383948738503228
2177,0.1862217595235947,0.0305214757250675,0.1743646422148299,0.0784197348482625,0.034107281584448
2178,0.2007639709088048,0.033466117434678,0.2176701691155115,0.1018834516930828,0.0303878470145441
2179,0.197632873305775,0.0340953581160466,0.2577911791004102,0.1275993344979782,0.026119359043334
2180,0.1751758510317483,0.0287202905664937,0.2800298844962361,0.1375765534865186,0.0226367367320502
2181,0.1519061005761719,0.0223652374348743,0.2947824223522356,0.1382047396747329,0.0205011212965532
2182,0.1075700358675171,0.0203963612551138,0.2976186085200558,0.1252816840335488,0.0179993330152505
2183,0.0929214442813017,0.0184829340719923,0.2964909155829001,0.1229075653355228,0.0171647914261181
2184,0.0917500053981463,0.0193288881589536,0.2945171121332547,0.1199691424169955,0.0176069030427643
2185,0.101614170765366,0.0211122507357268,0.2796754274392916,0.1253382051629028,0.0190164169748977
2186,0.1095746817103025,0.0242062751215672,0.2706277590375386,0.1388138344210268,0.0203953275975488
2187,0.1114303492414202,0.0272496594600796,0.2638925000771339,0.1550510320055722,0.0223921602902967
2188,0.1134771953466304,0.0284517982120474,0.2594289220375234,0.1766490657274745,0.0241026163347817
2189,0.1180102589774981,0.0305491155890701,0.2561607291382193,0.1981017350915682,0.0249676115642848
2190,0.1144836889656624,0.0322814167107721,0.2472563159325428,0.2140272639851466,0.0252434073289175
2191,0.0884651697772814,0.0347555553021164,0.2153298728891043,0.2252206790032397,0.0214806151104112
2192,0.0861641146588654,0.0275754556082675,0.1790126946601215,0.2244120435254416,0.0150769449609002
2193,0.0897768610797289,0.0235420068747713,0.1702028457825307,0.2414348556312277,0.0164758868340209
2194,0.0702140203399387,0.0219801688615821,0.1484298487568948,0.257270288787132,0.0202566731345846
2195,0.0842745321675146,0.044982582081298,0.1712666365563208,0.327646000377975,0.0322983125248289
2196,0.1028897568972745,0.0668301038649718,0.1977339037134566,0.3709284033621545,0.0469362306784277
2197,0.1195178508511452,0.0811337693161831,0.2197815988667523,0.3997586434324486,0.0550872200228833
2198,0.1350567154239878,0.0950496528188772,0.2370570251029644,0.4310446323449372,0.0578924376824729
2199,0.1533229156710463,0.0963259059813883,0.2408692420187421,0.411856289209065,0.0618402205469039
2200,0.1568888300329463,0.0979877353860436,0.2337216010267873,0.3525280443598689,0.0616721178236436
2201,0.1864146443695209,0.0989472114141651,0.2563030452000655,0.302149932676197,0.0621622306660099
2202,0.2108376307330749,0.0960992844558807,0.2773184187168263,0.2621006121599996,0.0670733756627499
2203,0.2129297373001536,0.0928115125484808,0.2880830678459587,0.2248742653369453,0.0746520374311814
2204,0.2037298558701792,0.099230036721897,0.2901388349666199,0.2096333242453787,0.0794767179210251
2205,0.1860890167436299,0.1011097851053024,0.2786245983242632,0.2078657503136164,0.0822140329074086
2206,0.1723314418086392,0.1031627800679644,0.273218098794873,0.2061221230340715,0.0780361889947611
2207,0.14734751653913,0.1000872252318048,0.2535638779989462,0.2039681454095471,0.0805803313714328
2208,0.1447287648555323,0.0912717130111973,0.2285303537510054,0.2104164758928038,0.0854367947454884
2209,0.1410145164034768,0.0848488377055483,0.200461727106502,0.2178519819066766,0.0893744120873172
2210,0.1342827801390731,0.0745213057746061,0.1682412120355443,0.2129654969090512,0.0895929566524262
2211,0.1293867307697339,0.0654665450919155,0.1401234684969502,0.2073239286940307,0.0889470724617752
2212,0.1254391190382918,0.0568326765830488,0.1223529989400946,0.2001003080869814,0.0869828809734481
2213,0.1281724758008818,0.0512084945291884,0.1117676292325745,0.1859338569962351,0.0862379098585233
2214,0.1300981301132695,0.042342320247516,0.1028949817019406,0.1732200956594645,0.0840578082643964
2215,0.1200560707374641,0.0340362171548756,0.0867660436639193,0.1751540884812837,0.077264990017992
2216,0.1154580562493616,0.0291248612252721,0.0592539004965342,0.1602791230864289,0.0861850599985555
2217,0.1423073540904864,0.0319130479982638,0.0525617294430227,0.1408135188881344,0.0944800824043598
2218,0.1264550126417107,0.0376729602114077,0.0526159039511182,0.1150472372840191,0.100145697511625
2219,0.1803182186476326,0.046141495030569,0.0646569476298586,0.1163506712173247,0.111384477896041
2220,0.2303349808161869,0.0676928329847619,0.0634427456805004,0.1212334862349803,0.1239989840239555
2221,0.2815427763469385,0.0914816669697076,0.0607947713407068,0.1318652255698928,0.1337359981562162
2222,0.3030471710477099,0.0920442178398862,0.066854573170515,0.1306131904770227,0.1404713027215788
2223,0.3083434163282062,0.0915192886328704,0.069851580766685,0.1288483067254217,0.1504800133731213
2224,0.2851406164771243,0.0544778367924717,0.079862631340208,0.115439119269626,0.1469844636545441
2225,0.3096598985565506,0.0300729381959194,0.1001898418800949,0.1169439920170883,0.13820327429626
2226,0.3186051365989786,0.0273506953010418,0.1192748099721817,0.110534648602693,0.1351243943690681
2227,0.3137131311067289,0.0245924438433248,0.1406801639326493,0.1043400957993353,0.1392942717546969
2228,0.2982189219543946,0.0222233569916745,0.1600064249948914,0.0991843264991731,0.1519481670298259
2229,0.2828832877970855,0.0206310337020283,0.1731193741849709,0.1023155565030598,0.1707833339138351
2230,0.284870267530267,0.0264512767567249,0.1782930325569922,0.0870558603572329,0.2071258593395763
2231,0.2604988922923652,0.0196351576194581,0.1740550507631619,0.0867337541445072,0.2176519656949904
2232,0.2430115867032695,0.0216570509607264,0.1740093598028003,0.0945898005784149,0.2240979541132316
2233,0.2272070974042404,0.0238209856906288,0.1530840579838121,0.1117474312832937,0.2249184834056371
2234,0.2209940054783521,0.0224306296839446,0.122478456546195,0.1243432090447223,0.2355022005761072
2235,0.2162622490841033,0.021155633219082,0.102436784366327,0.1393269419837307,0.2445379748169124
2236,0.217217069866203,0.0250541404188828,0.0897790738713226,0.1522991138246937,0.2471212522186552
2237,0.2314941210403257,0.0330018108348389,0.0846405975389466,0.1613419277498124,0.2469249304666508
2238,0.2466221610786723,0.0303217423636868,0.0761472630835754,0.1720017034042565,0.2559841464628435
2239,0.2389688981775435,0.0334293340652922,0.0652796055104555,0.1690694467336822,0.262624442363074
2240,0.2949937566770862,0.042252368544949,0.0564616913202823,0.1624330404758973,0.2861151957462982
2241,0.3906177647820099,0.0483267512857184,0.0551088865432518,0.1898943455227099,0.3365429299134893
2242,0.4258990391084317,0.0210714484021425,0.0488282647821782,0.2129405942606314,0.3256322877891571
2243,0.465563518609589,0.0393336171129172,0.0585277277283236,0.216074130488594,0.3564358094103366
2244,0.4711338534231972,0.033482341124214,0.0698647424951429,0.232108942769026,0.3652320055629645
2245,0.4501681105645913,0.0263692583219195,0.0819150149252622,0.247095718912484,0.3767795263315107
2246,0.4331113709138453,0.0222452772764582,0.0877085321964264,0.2549502033950838,0.4082551828329291
2247,0.3998238656501635,0.0191934095991451,0.0811693972418435,0.2587819317659281,0.4117631120600251
2248,0.334255932544613,0.019681882144461,0.0777093553345183,0.2605994767029624,0.4073012840546745
2249,0.3016443591855512,0.0233428648830463,0.1003408138302649,0.2421178769688023,0.3909778629663236
2250,0.2843864734756917,0.0264047617101636,0.1389545144280342,0.2289442068293749,0.3855984272020906
2251,0.2516716954148121,0.0258187197368295,0.158314787284056,0.2498595121670256,0.354794448080718
2252,0.2004051801575858,0.0202719313551591,0.1680227406614617,0.2856232172128925,0.3180145905096228
2253,0.1584645991431747,0.0166760009205006,0.1705804432511488,0.3285006410891376,0.3126026417969091
2254,0.150991136108273,0.0210893234711149,0.1431622300763157,0.4067012161957823,0.2822134077183984
2255,0.1217758396985896,0.0202253007231777,0.1333055869304699,0.3987974523737158,0.26213359212192
2256,0.101261738230228,0.0171093925115824,0.1230575323125942,0.3901875950615869,0.2509833998918122
2257,0.0926026445337422,0.0205025080212157,0.1151620976273851,0.3638175830203167,0.2474656781725531
2258,0.0907623068181148,0.0202709608642859,0.1056538737747904,0.3288577339552947,0.2413786387240958
2259,0.0860030838961484,0.0182422917536557,0.1021321049830435,0.2967268022586131,0.2257348153633763
2260,0.0826947392533387,0.0194179211293167,0.1055923578935618,0.2751166324215445,0.2081517274158283
2261,0.0854903439981251,0.0189352663206986,0.104255197326126,0.275999065582677,0.1944992358774087
2262,0.0912071143083678,0.0192769776226115,0.0925998335449562,0.274563326634382,0.1816196026333935
2263,0.0821555058779383,0.0187789312453597,0.075501985665145,0.2648074509152479,0.163743906747061
2264,0.0946089211549559,0.0183120020790295,0.0592803530710406,0.2238021382947175,0.1648323620336641
2265,0.1029200253757497,0.0321463126836543,0.0505239454698197,0.2159997602257245,0.174591904821373
2266,0.1007399261257387,0.0198739724424782,0.0457650190181217,0.1656255735588976,0.1513388123006394
2267,0.132589821441703,0.0161366429185564,0.0429213659306481,0.1822287461177403,0.1665834150432462
2268,0.1649492608567327,0.0179406231815404,0.0434885701159178,0.184510622854226,0.1654528289018707
2269,0.1970894243286106,0.0176513907907499,0.046296427298969,0.1909882103398497,0.1634571890458847
2270,0.1836553847444868,0.0166028605514209,0.04808554428412,0.1756152601784722,0.1649321290807291
2271,0.1463826498429933,0.0169385750176594,0.0505779202280296,0.1572529043209248,0.1482131844245823
2272,0.118884097288239,0.0180628419638304,0.0531869591592215,0.1462963353395483,0.135116379627978
2273,0.112290504646849,0.0198399380643948,0.0597545488625001,0.1398671532118002,0.1254587567464645
2274,0.110528381192587,0.0268847475445841,0.0657012438053119,0.1516469966763633,0.1152146499730873
2275,0.0992386229837583,0.0347011669003734,0.068345619403387,0.1784925484400274,0.0998417739196332
2276,0.0878067205344927,0.0329088924630465,0.0710079021090411,0.1985760470575147,0.089388301475328
2277,0.0780218900761026,0.0271797830760935,0.0776840156255781,0.2113355176622643,0.0819125163253391
2278,0.0971026497023004,0.0268801496456853,0.0810003106805295,0.2259826427682907,0.0645473325201991
2279,0.0934394647431322,0.013646411852042,0.0822815714846691,0.2267826862092158,0.0590721277958552
2280,0.0832425670639886,0.0102487460190412,0.0834311716499126,0.2214382384322553,0.0567741626419613
2281,0.0715743861659355,0.0113215017882717,0.0853657304516016,0.2121763847688972,0.0531268263001234
2282,0.0663200971160893,0.0145502211960869,0.0868535181873442,0.2009603098660715,0.0479352369995408
2283,0.0579391406307519,0.0173584814579944,0.0909084581176176,0.1931692328726608,0.0454057234349158
2284,0.0520578008214195,0.0180697602600806,0.0994824890632781,0.1847777196333152,0.0454573917192613
2285,0.0509529572966682,0.0187991822900608,0.1053985950041348,0.1800686020309299,0.0431966714435068
2286,0.0466119982600081,0.0229560316063236,0.102584692028616,0.183393820634051,0.0404289380251749
2287,0.0491852246413312,0.0292246925485314,0.0805611872046779,0.1730467305091765,0.0325483910045729
2288,0.060173064879223,0.0291149279124068,0.0660616935173662,0.1398606301636931,0.0285899495164219
2289,0.069827233511851,0.0324852338437089,0.0675459993831635,0.1403041423396073,0.0316803463548827
2290,0.0781286202379741,0.0267504277384623,0.0738072245432494,0.1173484612645276,0.0384497516441213
2291,0.0807110802905515,0.024899792350052,0.08720770507323,0.1408043309079344,0.0514421377527391
2292,0.0863956576695005,0.0244430168155323,0.1019583832951162,0.1749148676958915,0.0617345342902599
2293,0.0940975939052758,0.0361995965205549,0.1193819555771669,0.2061899917550632,0.063700910575147
2294,0.102383828957913,0.0464811980086682,0.1280712086624492,0.2261694594410574,0.0687507058089685
2295,0.1135220060360285,0.0477203971353305,0.1321861296809568,0.2312299843918289,0.0756667842461916
2296,0.1240428201747263,0.0461872149849936,0.1248011605084088,0.219000320665256,0.0781830946208643
2297,0.1382373718051159,0.0426120542811383,0.1416059796628743,0.2135531915549969,0.0687143698157601
2298,0.155094411428298,0.0414334854544535,0.1776645683144968,0.2171938071749597,0.0573882818160498
2299,0.1580630880504463,0.0350682162007471,0.2076927608812749,0.2339825796424268,0.04811510011423
2300,0.1491749238343648,0.0281724905804299,0.2163720102511025,0.2425860151924366,0.0399958161490522
2301,0.1395458078279053,0.0240772648938,0.2117306964205356,0.2417660721338974,0.0392387522120889
2302,0.1658286155920938,0.0161198559463383,0.2112230665330084,0.2219463594426919,0.050144435257993
2303,0.1628791680013426,0.0229956268876337,0.181836842178214,0.2146042739095007,0.058472139277187
2304,0.1615956755824599,0.0265609810741551,0.1566510817169908,0.2016104284068592,0.0648142244502896
2305,0.1534607948419283,0.0240597821079439,0.1364438064791102,0.1852961812031859,0.0695214874804544
2306,0.1370990940036915,0.024435127526902,0.1205989511333802,0.1682405023114058,0.0718783683627476
2307,0.1185149699373318,0.023696024727725,0.1139864613597034,0.1494050937988392,0.0708734890183107
2308,0.1077473279107606,0.0278719874550419,0.1132717477886635,0.1341311438152939,0.0692955762543758
2309,0.0987547814108746,0.0292549126993412,0.1171959868696006,0.1298160642810715,0.0690392826152473
2310,0.0816904382629514,0.02846861385126,0.115214051382725,0.1358162459191712,0.0674349196536494
2311,0.07018919723331,0.0307716474078747,0.0875443587630587,0.132093888558216,0.0593261619069373
2312,0.0754537077008416,0.0301849360785921,0.062118616682159,0.1090275520199559,0.0641032298070383
2313,0.0764560226673785,0.0345978620114377,0.0708551290210112,0.1021094198821958,0.0776055557799763
2314,0.0769372201039523,0.0356252835620865,0.0738919791041571,0.0950943433590384,0.0652323055266534
2315,0.089713511849822,0.0451055526516828,0.0905956377759026,0.102229179664365,0.0730606967002722
2316,0.0937220957673916,0.0477495889309539,0.0999513184791974,0.1073515703201575,0.0788304168405916
2317,0.0929645487286362,0.0448930845452277,0.1027716382959923,0.1124641273940436,0.0838591785913919
2318,0.1001501375580896,0.0471492118339614,0.1033941768196998,0.1159540094628739,0.080009293178399
2319,0.1063244786555625,0.0505280615305318,0.1032348441389223,0.1170888322719038,0.0760077340018837
2320,0.1036117517310351,0.0456630191162299,0.0964660758349114,0.1161782413899962,0.0750050752087345
2321,0.116602618795186,0.0429410430276732,0.1053645194452567,0.1095028528770085,0.07963672580813
2322,0.1182202812177181,0.0416698450199823,0.1307896144526646,0.1020951204736074,0.0824141397054298
2323,0.1070512930576063,0.0436354933528525,0.1488567502052207,0.101653103130042,0.0830278579163013
2324,0.0817646504218479,0.0475516240739716,0.1477054291059409,0.1047007657880995,0.0860285533286311
2325,0.0632740212513142,0.0504737232891551,0.1384407459167111,0.1042387768323597,0.0862361761245788
2326,0.0637218809259457,0.0760349114274372,0.1297554250378497,0.1067629436385104,0.0951702571901979
2327,0.0584807383924573,0.0722244370806987,0.1143052052979501,0.0958172729881011,0.1010583567983318
2328,0.0498224116057933,0.0494696879253212,0.1006889852638154,0.0873633241086523,0.1089250586380851
2329,0.0430981540172359,0.0379271997185184,0.0886874103389376,0.0857116954029048,0.110568946545305
2330,0.041367347258228,0.0309575468512953,0.0811669844179983,0.0842769414091209,0.1119142930153464
2331,0.037746270555711,0.0278066826537455,0.0756727880082252,0.0835460160595593,0.1145860184493264
2332,0.0342707786976132,0.0289124815835466,0.0750189288424051,0.0846297186705977,0.1104018758576839
2333,0.0370786461391517,0.0323439698749414,0.0792790434111828,0.0877837355181047,0.1100157510150316
2334,0.0388224877393334,0.0345310671629247,0.0824356127547014,0.0944056638330873,0.1044864603882028
2335,0.0283517887403073,0.0282187308291782,0.0662651821886528,0.0892045452021146,0.0918794404225085
2336,0.028320626703492,0.0186911448651164,0.0544335016505485,0.0699750136923596,0.1134504141809062
2337,0.034035317293169,0.0224227464722739,0.061826260660105,0.0714325517610276,0.1323979595945611
2338,0.041527749016526,0.017487214903087,0.0730185670196663,0.0691475550943878,0.1308245992254666
2339,0.0396905038463978,0.0161715600671907,0.0848671150688775,0.0771253065784437,0.1510474477945127
2340,0.0382569570411258,0.0151359817124127,0.0949089426316908,0.0726174757523283,0.1637537405884774
2341,0.0439555166029972,0.0177858385043376,0.1041269346524333,0.0637919912310051,0.1740814381734536
2342,0.0553461929441492,0.0208944001921233,0.1123305235072088,0.0579083435254479,0.1800465639080238
2343,0.0701427462323882,0.0224409821067546,0.1214998155437549,0.0543654567466812,0.1796270337653663
2344,0.0787760359583175,0.024206180001425,0.1335818203227753,0.0509475544767072,0.1678599778749741
2345,0.0929261697746186,0.0188751568157073,0.1521951147106136,0.0502931391901598,0.1573766272118832
2346,0.1099485221234246,0.0166997322437118,0.1863236100913984,0.0529667553277249,0.1529882598372195
2347,0.1216873929918479,0.0134833913270014,0.207783787638842,0.0604349597371981,0.1446718730329564
2348,0.1316278779157496,0.011674502822591,0.2095312571719929,0.0624719252161998,0.1384082411988956
2349,0.1294543519357807,0.010200714670547,0.2030854532125197,0.0592801987374643,0.1360951002097028
2350,0.1369741321991075,0.0143676075806686,0.1829664127978078,0.0586284107075082,0.1312839846427466
2351,0.123584783233636,0.0190263601653672,0.1771117802890162,0.0456772113025273,0.1337667900459053
2352,0.1133551655569121,0.0162818274193201,0.1702787347939186,0.037444127634599,0.1402802641786865
2353,0.1039479780872116,0.0102005908667505,0.1626980171534288,0.036696008439422,0.1427502469773481
2354,0.1007207653284048,0.0079122856823208,0.1604266344323243,0.0346555830788115,0.1394691622314707
2355,0.1005367062701895,0.0093413609673453,0.160758785016949,0.0331724725476397,0.1335175837545533
2356,0.1038894572584522,0.0107418093281571,0.1632840080954162,0.0338011963101039,0.1316027070637985
2357,0.1035643262815707,0.0085963260414103,0.1646838456368078,0.034420086158694,0.128347466211768
2358,0.0900951742884105,0.0078950636486413,0.1593247321171156,0.0338578001474085,0.1182772284684245
2359,0.0660098172430221,0.008032659804076,0.1408795202124372,0.0295851946655609,0.1172315307523471
2360,0.0709385667331917,0.005685120816004,0.1295398368775301,0.0221331661004122,0.137445464698902
2361,0.0770087717449744,0.0074664979902753,0.1298847587386153,0.0226428721218285,0.1638548828825432
2362,0.0438962066954274,0.0185392176649616,0.1200941382988468,0.0278669142820456,0.1404509736243228
2363,0.0470899044666495,0.0197440094627778,0.1299970217925907,0.0273264048941715,0.157402819904881
2364,0.0494737722460621,0.0192130945996293,0.1348050798083576,0.028022654639882,0.1636469627583416
2365,0.0541275356663453,0.022690769060398,0.1385979043385858,0.0306945495546355,0.1589149862861326
2366,0.0624158401397348,0.0263054757470195,0.1446328292691729,0.0374354838567346,0.1560904841251146
2367,0.0753809979858498,0.0284813802273238,0.1506868319613512,0.0510177496182956,0.1353627174818372
2368,0.0795719641584568,0.0288276377974493,0.1608154668811117,0.064438519265518,0.1078315982665112
2369,0.0822350481612834,0.0288914983335335,0.1637444015310669,0.0786079165096985,0.0911746353069758
2370,0.1011119380610528,0.025323017865804,0.1859343527230997,0.0926131829765354,0.0857896602773676
2371,0.1213227547529012,0.0209312257017272,0.2014682836239986,0.1078575478513921,0.0794231681456683
2372,0.1362188585414366,0.0211598547901036,0.2066041964428006,0.1149804876228167,0.0759615013918804
2373,0.1428306376767615,0.0245962098539248,0.2024165814148304,0.1151139130718097,0.0807120019280145
2374,0.1157301790354745,0.0340236659961789,0.1788082492886675,0.1371491014342619,0.0999477164519952
2375,0.1253832389480487,0.0271283442556807,0.1697139801584782,0.1222777241443757,0.1050987484106852
2376,0.1321969844658344,0.023169897510919,0.1604154186995126,0.1100964112507165,0.113424527272395
2377,0.1372658894882537,0.0340506008028302,0.1536807287532225,0.1074827783871705,0.1157969306540443
2378,0.1291039743879835,0.0339780666258192,0.1508111027764715,0.1030960434215453,0.119828785883119
2379,0.1168768898102637,0.0263017666347228,0.1516729730288778,0.103746730456444,0.1173470674075185
2380,0.1068477786169721,0.0193198486068645,0.1523343842517611,0.1139173015779997,0.1152007235025864
2381,0.0989115036831332,0.0137117320878155,0.1575431825467786,0.1269910301449242,0.1134972240157268
2382,0.0823751567270294,0.0117559374063037,0.146103799753003,0.1376203204177885,0.1084192433846752
2383,0.067127822038208,0.0136277895599155,0.1263505104082488,0.1362983446314395,0.0981942947899918
2384,0.0617083984628874,0.0178922244006431,0.1335245502060029,0.1418712044554464,0.098930325531959
2385,0.0614950026557504,0.0239030351629849,0.1431292888968449,0.1481206740833638,0.1078409769340797
2386,0.0588091895155604,0.0187889002138005,0.1126666032646973,0.1441823854410824,0.117328940990049
2387,0.0687994410128876,0.0302443212730471,0.1212157830987322,0.1562431452810816,0.1148457473237497
2388,0.083914592968152,0.0378803136710416,0.1241818650941153,0.1695514171240503,0.1244884933976224
2389,0.0909552418195118,0.0462418663412017,0.1261033879042308,0.1888173953982068,0.1293140996193693
2390,0.1041439732843983,0.0508796362786561,0.1327892164266809,0.2027416053437257,0.1225119034773981
2391,0.1111591843974429,0.0505822402237187,0.1400850960875135,0.2193835018212216,0.1198015583596649
2392,0.1069720072497282,0.0495096416354598,0.1515868742480951,0.2300159037938136,0.1162159030129279
2393,0.1156332517425413,0.053267968781901,0.1598501568560976,0.2262202255716696,0.1145264347750175
2394,0.1268653823130351,0.061272842899348,0.1787337229338517,0.2329666583938235,0.1095642611480142
2395,0.1434291628478836,0.0707704802693591,0.1983801772482354,0.2527322810302903,0.0998572586132185
2396,0.1599866093647894,0.0736919123877243,0.2041618974746523,0.2630131289377219,0.0911154541436558
2397,0.1762844837802535,0.0758808481076665,0.196526586163402,0.2684461181510096,0.0897099035327757
2398,0.1576525387363607,0.0850448098266282,0.1783091393729773,0.2854426296630118,0.0832115387274015
2399,0.1774312875593495,0.0979370434057167,0.1704255566768652,0.2744960042053869,0.0946768238946392
2400,0.1771673835436898,0.0980683848377003,0.160594677917652,0.272306740542175,0.098731565210546
2401,0.1793037442301656,0.1039091537731125,0.1522881602325992,0.2733017066429191,0.0915495397051215
2402,0.1892357223927152,0.1019512109678689,0.1506593307612242,0.2712575716652596,0.08752829909024
2403,0.1836018216176092,0.0983037054891771,0.1466987411121437,0.2751392529351612,0.0768137342130495
2404,0.178309633832832,0.1003963384033654,0.1412158299293953,0.2767179392310352,0.0653918125472194
2405,0.1697547390641317,0.1095510202823941,0.1383726305729488,0.2770485180090907,0.0582178053949992
2406,0.1628651593867497,0.1138242046882229,0.1214232562837651,0.2699977607048625,0.0500072755906581
2407,0.1598254582807509,0.1021061863353433,0.1111245260732275,0.2239327261720123,0.0487443051794933
2408,0.1553880576911388,0.1166072541809961,0.1157129778902484,0.2123627184986478,0.056664869934177
2409,0.1522799125628366,0.1305128859453342,0.1406731708327066,0.1974909578553138,0.0583919755367045
2410,0.1293116411982492,0.1219703263390892,0.1126085992281558,0.1610271899633841,0.057077626441037
2411,0.1473455998334942,0.1545424432100954,0.1146006164576474,0.1691432600550059,0.0592594364032641
2412,0.16024587680844,0.1601872271662346,0.1166240314787817,0.1870546336484354,0.0705850812280179
2413,0.1641982530825661,0.1715394724954174,0.1254034395120366,0.20801417920299,0.0804934705912367
2414,0.1693815297746602,0.1717728970781729,0.1370353889979953,0.2245220279545215,0.0856635949026408
2415,0.1741242090853282,0.155244616447171,0.1463083363584964,0.2402780307809744,0.0888548368088979
2416,0.1791276053490838,0.1455916976268267,0.1501393200987781,0.2478768153835581,0.0825900282820771
2417,0.1876302189338312,0.1300625938531721,0.1515173282369482,0.2398352613177151,0.0731838895982289
2418,0.1926733805190104,0.1220992385613897,0.1434017182047302,0.2333219001360651,0.0688613179319623
2419,0.1931708420893613,0.116787272854547,0.1498532586561056,0.2560084787539782,0.0666272527547059
2420,0.1869327937192095,0.1078999284041447,0.1466995048884354,0.2713401557969497,0.0659032897559834
2421,0.189759867382752,0.1014180691770126,0.1439101027737933,0.2721731554997986,0.0643112165027922
2422,0.1502891808717255,0.1219018203171644,0.1163194190516842,0.2680087177619534,0.064525509751186
2423,0.1824212482612318,0.1127009230903771,0.1242986844678666,0.2566038620379313,0.0642945065226513
2424,0.1913860559608837,0.1040980784973556,0.1299902723830656,0.248437547942989,0.0653191767538591
2425,0.1973917217273664,0.098877709823625,0.132124019459265,0.2418604841198744,0.0675898998318757
2426,0.1943114225794992,0.0949697615966578,0.1354380245810504,0.2352372922614463,0.0675623700549483
2427,0.1856997218901767,0.0916153922210915,0.1363617778954429,0.2289734111295944,0.0640034958440458
2428,0.1738257186483713,0.0848383657284546,0.1356518586107931,0.2158028552243333,0.0604578960332325
2429,0.1664290705815302,0.0759442169515938,0.1367373744310868,0.2062606280284739,0.0572031485523834
2430,0.156201850883812,0.0697537434265854,0.1249287442113613,0.192328453388229,0.0551721658034881
2431,0.1572073614419479,0.0614977391254619,0.1235525676278947,0.1457252198870511,0.0553595355924141
2432,0.1484558127871648,0.0607796245047726,0.1425092018817412,0.1250974665364258,0.062686458907749
2433,0.139303501515129,0.0671458649877154,0.1546072633079719,0.1253224371465484,0.0630915986028124
2434,0.1266868683862392,0.077713886823369,0.1384123797481912,0.1144724764168543,0.054802388179405
2435,0.1469546595627816,0.0743698837577206,0.1542479066019623,0.1107728356967207,0.0643663925230812
2436,0.1557668447053393,0.0669574710416992,0.1537008435509019,0.1094201123605037,0.0770776936734431
2437,0.1492762214679611,0.0640922488068149,0.1557210408119802,0.119916496285143,0.0933150043648546
2438,0.147322677249044,0.0620629850424893,0.1567210261406877,0.1345743549924857,0.0980896285644966
2439,0.1519863792187776,0.0598196384568561,0.1575091176705808,0.1480440732174525,0.0912575419406515
2440,0.1561807423084733,0.0627640630751332,0.1502530789592626,0.1576927313989863,0.0807350983673435
2441,0.1557116080280189,0.0626568104248769,0.1384778264814917,0.1594722276380289,0.0735100996548388
2442,0.1557713012305556,0.0623290125884358,0.122917131059631,0.1675224166395297,0.0683537691855095
2443,0.156827987739723,0.0612056541629235,0.1252969241676345,0.1897137625453826,0.0623266094668937
2444,0.1515651358626634,0.0565342513642162,0.1251229353370375,0.2064471242854351,0.0599508158573555
2445,0.1440904426861319,0.0541577730336318,0.1261767205200386,0.2157514336814562,0.0623568327088618
2446,0.1292046373035777,0.0476209624385484,0.1158370818403116,0.2187389978583009,0.0608376505911144
2447,0.1426635717146948,0.0494127464284131,0.1244309518766443,0.2042957460744074,0.06367069299127
2448,0.1352995488131992,0.0472876880308983,0.1282114262815642,0.1973456836994025,0.0660120334890529
2449,0.1257017624557033,0.0421908782779741,0.1310708728124588,0.1900249423473972,0.0736979360907907
2450,0.1188949902110485,0.0368476744978421,0.134812886051395,0.1915116210853273,0.0782637732046058
2451,0.1115419026494336,0.0282525282213154,0.1364535062221551,0.1952964027349717,0.0794181692760017
2452,0.1038602255473469,0.022987030787349,0.1385484277258681,0.198986053109581,0.0776014950731001
2453,0.0909595618536106,0.0238910331887339,0.1371713345362791,0.2031888544555577,0.0763305331442149
2454,0.080743515632723,0.0215725784397707,0.1229043120513066,0.2069198714756371,0.0740429058080102
2455,0.0775340798380656,0.0143283238792791,0.1220352394748136,0.171402265010295,0.0752483089376852
2456,0.0785873156784881,0.0160337522695724,0.1233466692819337,0.1519434023921985,0.0767348063976151
2457,0.0768539997441641,0.0222445319059994,0.1234205236020554,0.1774863933653321,0.0783995313940258
2458,0.087083050834546,0.0139455378457045,0.1053388281246948,0.1505833393097439,0.0717165905360442
2459,0.0821075921332891,0.0228696237283947,0.1257461177167277,0.1347058774767468,0.0804893004684546
2460,0.076388156329146,0.0431489938993048,0.1410868761025161,0.1256468271252315,0.0896347377310319
2461,0.0728064327696542,0.0492577109828412,0.1521126458714392,0.1266583507469101,0.0964044466553577
2462,0.0772439383184629,0.0491571594122391,0.1596435404024877,0.136382213528572,0.0998164696684169
2463,0.0772453722369138,0.0619570688677171,0.1630666520578727,0.1490462371820055,0.0902526315124162
2464,0.0816451486173329,0.0726316081846823,0.1724740653774377,0.1617444846084533,0.0829122684506547
2465,0.090076274973286,0.0791904401442276,0.1679768227619367,0.1728834158341525,0.0784155143951832
2466,0.1090337484325541,0.0684219841778572,0.1698198330816211,0.1742977329188393,0.0770137579138075
2467,0.1147564725075828,0.058598173722089,0.1802465256191097,0.1978603362365555,0.0747711159173648
2468,0.1082078793043082,0.0429029444990943,0.1857184907200474,0.2176230484285211,0.071096749977327
2469,0.0950474180822763,0.0320293320487901,0.1874167790465892,0.2291030879232194,0.0711158792328439
2470,0.0883465387552909,0.0435137845659395,0.1856184196429879,0.2246794260260351,0.0797845760704388
2471,0.080480996120065,0.0393940914314042,0.1866165003758103,0.2163879263760952,0.0870777580787226
2472,0.0706644639870746,0.0453727021495766,0.1770353539620668,0.2117824190076656,0.0843374514648191
2473,0.0671360603426166,0.0441920495848716,0.1657188678438887,0.2026266250930766,0.0791283400539291
2474,0.0694481109285288,0.0439211388746389,0.1576806294927279,0.1934788888375069,0.0814428818740241
2475,0.0723355544087892,0.0414574508599063,0.1469595575318963,0.186646292417746,0.0827476748740936
2476,0.0753241892487221,0.0389625113461681,0.1429745770628464,0.1805540752673575,0.0813732559860948
2477,0.0722335607068384,0.0387700102014677,0.1423175707539929,0.174048918950869,0.0811639248130956
2478,0.06827024187569,0.0381130664097202,0.1394746844825132,0.1647195685179039,0.0813673390344489
2479,0.0708762274451611,0.0459304435650936,0.1309086861036049,0.1351762035232455,0.0809630622066924
2480,0.0662982313440788,0.063603891603361,0.1493084462794891,0.1259594577280959,0.1044853180913781
2481,0.0625165100554862,0.0681062301673358,0.1667459111170156,0.1330080310472994,0.1255524102331561
2482,0.0434350801104668,0.0408932282477312,0.1521742275882748,0.1143102634220741,0.1202673811445651
2483,0.0519845647011069,0.0502720853846101,0.1738920385218652,0.1245523630445801,0.1428170311933952
2484,0.0637646324819515,0.0565856049307422,0.1937009952447587,0.1313971784579384,0.1713508273643839
2485,0.073894991811676,0.0638162634502496,0.2035124253383651,0.1333236843395051,0.1980136187202912
2486,0.0847370001687515,0.0715485125953764,0.2089783996092404,0.1322303147444971,0.200417185735065
2487,0.0786859446624605,0.0764700741251193,0.2031522532212675,0.1359947247515488,0.1829827411211181
2488,0.0659780016966102,0.0834695497226271,0.1967982284981226,0.1416741385329503,0.1632172311670676
2489,0.0675524021439321,0.0824524379615881,0.1929350285706658,0.1608153141616349,0.1415858028808023
2490,0.0749777534541439,0.0645762640005218,0.1990304777933042,0.1710742533591419,0.1386680074346997
2491,0.0823687260523217,0.0522946645833048,0.2053320189432574,0.1958821947516054,0.1346846998153046
2492,0.08680074298623,0.0495703863247377,0.2081316718174125,0.2144879247926407,0.1331228496684093
2493,0.0875884438237162,0.0570249161945894,0.2053908625928777,0.2381511143686026,0.1332540853194944
2494,0.0804677616882591,0.0548311580297846,0.1919133672255028,0.2599237164731753,0.1347968751149767
2495,0.0922481712637508,0.0596357373801118,0.1952298992890737,0.2678264511902968,0.1437029439660818
2496,0.090020997783957,0.0652768201721012,0.1887309426723983,0.2871186730564276,0.1729575382622604
2497,0.0850571584690825,0.0760752274562789,0.1840784987331828,0.2967774829901555,0.188463843972657
2498,0.082987416623499,0.0798326258290983,0.1800132760053665,0.2982176537434752,0.1764618124916874
2499,0.0812824582821215,0.0842861314296348,0.1755023469374508,0.3103752573192539,0.1651593599664536
2500,0.0831359599197305,0.0830127154043902,0.1700091536088711,0.3175072051734159,0.156159434688658
2501,0.0826925501747777,0.0758851176319504,0.1634383400678157,0.3270172372128609,0.1517912426534225
2502,0.0681042374857629,0.0613149431868613,0.1484995786535839,0.3352854455944843,0.1465684610601221
2503,0.050834032398916,0.0554559939853115,0.1147001012235947,0.3188238138075917,0.1510116784088129
2504,0.0549281153229717,0.060565755361383,0.1141348368235694,0.2714933569298657,0.1843813244403922
2505,0.059679079942839,0.0736432881227254,0.1210501429678569,0.2968567989454183,0.2034320676089421
2506,0.058387539294055,0.0179031096767743,0.1174139723038222,0.2640194745749616,0.1766032080420126
2507,0.0654650723466833,0.0260656626392178,0.1335508497264993,0.3082868318924198,0.1718209822084138
2508,0.0637995812332877,0.0337192455637778,0.1390676352870832,0.344184772760907,0.1654801313112073
2509,0.0637050571130536,0.0390971850353506,0.1410707851448181,0.3655167238550446,0.1637914541454142
2510,0.0693592038537999,0.0402412346242351,0.1464169215914285,0.364306402268225,0.1615947991746335
2511,0.0753967627545385,0.0498664057697901,0.158295303901779,0.3443127437609077,0.148988925378138
2512,0.0768419355245586,0.0627839574943292,0.1723505959703655,0.309906847837716,0.1323564066066194
2513,0.0803112631601361,0.0664483567666942,0.1879664926438732,0.2513494971875182,0.1104209227293516
2514,0.0984699447271442,0.0697318687164892,0.2333526775811415,0.2359017621011974,0.1034761344477178
2515,0.1106838909917268,0.066903364285103,0.274663629268179,0.2347875587411348,0.099384860075234
2516,0.1059707765246831,0.0558351287961504,0.2880520987199296,0.2378490568625648,0.0929282260930884
2517,0.1077576059715513,0.0404039201122582,0.287067869523838,0.2328957251758172,0.0854565915488342
2518,0.1001370279160662,0.0277781148530852,0.2852074675006842,0.2215568181697864,0.079663892691459
2519,0.0981324518977095,0.0195827344620216,0.2701356304865283,0.2081544308877045,0.0751167834498658
2520,0.1008422765552432,0.0139443486201906,0.251224113165301,0.1966403217900607,0.0732524367356097
2521,0.1002828448227244,0.0171717383405284,0.2330962487401725,0.1922052721058063,0.0719890710130254
2522,0.0893824063052943,0.0256074025096127,0.2160500109735895,0.1876703656452153,0.0645252830043225
2523,0.076935749131138,0.0301864581705847,0.2086822435740945,0.1839020061616884,0.0586535531059037
2524,0.0722704484234153,0.0330629538089517,0.2057730809549997,0.1817268440933954,0.0574024419276129
2525,0.0716431848470592,0.0357523020198669,0.2045574591478945,0.1814197765452238,0.0530441890512935
2526,0.0628754261732743,0.0361580557944016,0.1901944731539721,0.1753734357582091,0.0435615325835385
2527,0.045730289013502,0.0336386024697992,0.1399584731383107,0.1731316950544922,0.031304427451032
2528,0.0545324513888064,0.0236053812630686,0.1287472631981533,0.1707474915915879,0.0297944389559185
2529,0.0610233260874895,0.0429829727060809,0.1293123212795795,0.1679930537502206,0.0306555516608803
2530,0.0597063709415649,0.0412896621284286,0.1411215158503977,0.1212359009126308,0.0383384156007685
2531,0.0535443082879896,0.0443269874616407,0.1568035381057761,0.1218735150980113,0.042486300683498
2532,0.0484002073609736,0.0539504605735641,0.1634616592741994,0.1275064483144113,0.0467723945027817
2533,0.0477307642455691,0.0646676947111645,0.1677934474477652,0.129620172145592,0.0522380983848269
2534,0.0493791059558,0.0845068854020131,0.1688926520010827,0.1233959507242742,0.0557862249005885
2535,0.0554360993289077,0.0796574236697252,0.1721451745422226,0.1136758397778356,0.0524779124761585
2536,0.0617649391662339,0.0684561380812984,0.1704506069666254,0.0981507162829268,0.0433608541721891
2537,0.0706612549968343,0.0634473932255148,0.1817481195464886,0.0837689150282423,0.0362291066295276
2538,0.0807621439434544,0.0609345582877407,0.2318690441524009,0.0725756159282525,0.0331203094765831
2539,0.0877902086342711,0.0510643207320262,0.2774511550648746,0.0689569032336038,0.0268987406025154
2540,0.090628410820638,0.0444765837471771,0.2979344566523491,0.0661462392451477,0.0223507390157094
2541,0.0953223042435297,0.0422700156942419,0.3022998106635068,0.0614485138784271,0.0204108531724024
2542,0.1100279505690964,0.0242643509736238,0.312883882004038,0.0633244448534937,0.0197001933068752
2543,0.1035131571275812,0.0213606211963106,0.2856435893694149,0.0636033676164782,0.0186277291807899
2544,0.0989743781381767,0.0221609967988451,0.2686803564614742,0.0709649572830841,0.0179475406680958
2545,0.0972435460517004,0.0204839848092102,0.250200661341643,0.0782845781208912,0.0198995816480022
2546,0.0960240016014332,0.0160203174055355,0.2290086782854151,0.086437594681772,0.0227112780497097
2547,0.0927272794918022,0.0114029098450181,0.2168793081137342,0.1020344995807529,0.0257196484755365
2548,0.089714269026403,0.0077322770280946,0.211640253661031,0.1238435386538748,0.0264858258556833
2549,0.0836018552091314,0.0066189551991974,0.2091861270015745,0.1480472722612081,0.0268416695456261
2550,0.0704429262720079,0.0065473524700231,0.1908322399174068,0.1659055154429608,0.0255711245386192
2551,0.0546990872087143,0.0079790232706648,0.1432272698668511,0.1573609502558912,0.0191484700023628
2552,0.0567056886890829,0.0066135706342792,0.1265266444187077,0.1272644468909493,0.0219161122769041
2553,0.0648191814663749,0.0091838496226757,0.1277759737379352,0.1432574558647284,0.0265358775163628
2554,0.048475815555318,0.0148611980030397,0.1345199641288222,0.1298365929302583,0.032221081257814
2555,0.0671280739903463,0.0277924021344272,0.1510149601250717,0.1550095878924947,0.0377649153630866
2556,0.0816488300362158,0.0327647301810738,0.1507293639180719,0.1724579916824765,0.0432402736484798
2557,0.0936716302583335,0.0311329034958812,0.1486263641593866,0.1888401154412463,0.0506528070142964
2558,0.1072841844165367,0.0305390624891513,0.1468370281558128,0.1983162292430316,0.0564981483944554
2559,0.1182902234607941,0.0327337532870456,0.1509986319184721,0.2105881808564087,0.0583042269406765
2560,0.1186613187870131,0.0375519267160774,0.1538285048085715,0.221688584540265,0.0565979559282755
2561,0.1153588720768113,0.0424781452847359,0.1682369548649852,0.2237572697888209,0.055336019385383
2562,0.1153090625842742,0.0519639710252979,0.2090113420624828,0.2656416995595539,0.0550483870086143
2563,0.1163802919562003,0.0577041076982303,0.2492386007123158,0.31598190165613,0.051808941102868
2564,0.1104677134423052,0.0558822947622134,0.2599481952520627,0.3565977216572663,0.0478688006857065
2565,0.1072193333348569,0.0504955905287333,0.2529325863033896,0.3690462549273189,0.04620461073784
2566,0.1309453331263594,0.0369914508171323,0.2571507692064378,0.3812956379731688,0.044239705762989
2567,0.1120664533252109,0.0298805111665397,0.2440258336345891,0.3483971325224683,0.0507973203766015
2568,0.1008002795467096,0.0251174462530336,0.2320243596586043,0.31757030552463,0.0580131848711947
2569,0.1001954430805007,0.0223895155468178,0.2232648121013228,0.2825325354500468,0.0644586239065676
2570,0.0933941617603114,0.020624256377892,0.2133975570275379,0.2720762081047874,0.0682600618578622
2571,0.0872589193697569,0.0203259363904813,0.2078975675520334,0.2716189453362852,0.0736406786748679
2572,0.0875070033279753,0.0200455869273939,0.2009065851453373,0.2854873780994805,0.0799538531210007
2573,0.090731105156798,0.0204749292943663,0.1974733776544882,0.2921700958580322,0.0859279651848956
2574,0.0854842118324528,0.0204464720341093,0.1808180172606835,0.2860033886653,0.0854505698081358
2575,0.066323026649077,0.0167203399398609,0.1319506271208965,0.2596443223967333,0.0713441605372217
2576,0.0962459756306159,0.0142632931768921,0.1193504815079789,0.1847434279460701,0.0788818450140554
2577,0.129515016537818,0.0159574245981651,0.1294422948976776,0.1631525367475684,0.0998747325805368
2578,0.1289372870585891,0.0157025087101128,0.147836567093398,0.1345557241633388,0.0992375141863156
2579,0.1428326927726657,0.0200989585633192,0.1854954098712996,0.1421992866314723,0.1106835718037888
2580,0.1486323362051715,0.0284160645846822,0.2084877868618544,0.1538107050932167,0.1206398397128382
2581,0.1495401339627853,0.0333221566704246,0.2174228254061133,0.1656739239327503,0.1231602793917662
2582,0.1563758173643644,0.0414420929703615,0.2214100675040293,0.1685059317702191,0.1226073320422181
2583,0.1650640085152245,0.0508716794147146,0.2238013553503037,0.1676856066891973,0.121241688850111
2584,0.1618065897705554,0.0564931977523583,0.209158892909518,0.1575160913650083,0.1187823172716821
2585,0.1608851347045611,0.0610099557373641,0.2205266398367652,0.1567382316064637,0.11082078788583
2586,0.1645287002299432,0.0634282745213875,0.2525857456770322,0.1861302187611828,0.1089358089122411
2587,0.160022692816539,0.0615170929885185,0.2818189622741249,0.2325197962357806,0.1067883101325503
2588,0.1416259196201227,0.0511052795942208,0.2889691447568631,0.2599253552873798,0.1095662807893943
2589,0.1208657172460447,0.0396529644974043,0.2813542073757331,0.26864887741118,0.1116497634540142
2590,0.123303535037383,0.0435108819286805,0.2841939931789655,0.2775922154879179,0.114518042198966
2591,0.1070477033118251,0.0348573322245608,0.2702178978068683,0.2578890014933602,0.1190559189992075
2592,0.103341397745154,0.0273033287415515,0.2563116079582245,0.2365134193547031,0.1251689942254654
2593,0.0992862389001389,0.0232436635248866,0.2446753914829357,0.2160611179360756,0.1319014052814869
2594,0.0937187990987691,0.0215891662639695,0.237924431651189,0.2027553681806265,0.131575141287461
2595,0.0879256629735228,0.020111968244507,0.2282952770103634,0.1939241303158775,0.1316172398125384
2596,0.0864739856401346,0.020081271266991,0.2199392039233149,0.1867693888769437,0.1286693364313143
2597,0.0862243709538963,0.0196720708128517,0.2058748409904263,0.1811763260491124,0.1254067505620703
2598,0.0786720731721925,0.0189236591444224,0.1788704415272863,0.1698661457711532,0.1160087259369764
2599,0.0508166387966865,0.0171074870203024,0.124642314155428,0.1413028110852893,0.0993270655776623
2600,0.0593518750278666,0.0098256049936842,0.1015306004942648,0.0941564263715454,0.1199832648863807
2601,0.0618702800482925,0.0084102624227474,0.0990637401899838,0.0860162826440379,0.1455115698265706
2602,0.0639100616259275,0.0081384044168268,0.1059847188075579,0.0807125206191212,0.1422601341645755
2603,0.0592572873811288,0.008511237713961,0.1184848861337711,0.0832934678750043,0.1458605943720788
2604,0.0556104307891035,0.00767962514572,0.1292284022833628,0.0862243525520293,0.1525843320995013
2605,0.0561354949774628,0.0092320234077623,0.1301165538382308,0.0885063647888785,0.1574309520396148
2606,0.0662373533991345,0.0137474792736289,0.1310912525162001,0.0918605971627278,0.158410475044931
2607,0.0784266299110181,0.0174630412235869,0.1348097010790535,0.0973722283695169,0.1522777065688473
2608,0.0888876557751979,0.023128669763205,0.1352288413600296,0.1019179466729042,0.1374899420402044
2609,0.0995886077511126,0.0273963072442389,0.1548734716618302,0.109624997101044,0.1180642739555727
2610,0.1199673453693579,0.0232993527799986,0.1941125124679644,0.1338717881559324,0.1112449977579875
2611,0.1341217168481815,0.0188716553303628,0.2239493054079975,0.1673645342139941,0.1068676564810141
2612,0.1327799406212746,0.0162625804770866,0.2231131302682935,0.1905635062173181,0.1068036127249954
2613,0.1263194492435922,0.0132557716905561,0.212333824183924,0.2022158963137303,0.1064447730809375
2614,0.1376850077305234,0.0389939398900988,0.2052122867670378,0.2436042184092453,0.1092233079109697
2615,0.1186614661624698,0.0172241209215872,0.184002271685359,0.2194265429634079,0.1121114871077787
2616,0.1008059423677342,0.0087788898360235,0.1654921195776759,0.1997394622842254,0.1117042038509085
2617,0.0858200170007322,0.0084588252629082,0.1465261699909155,0.1882593798827787,0.1131124510181011
2618,0.0763216728682284,0.0109130324698426,0.1308450572955327,0.180295079137743,0.1171450981954769
2619,0.0704650651590921,0.0134965391709248,0.1203179352643928,0.1788369136715686,0.1178476856392024
2620,0.0625655985486524,0.0147045482694401,0.1138709071619761,0.1748286484368545,0.1162933863223251
2621,0.0532489732274377,0.0149548907135193,0.1102810177873561,0.1752228593462023,0.1182096151050642
2622,0.0442624438255954,0.0152342065256291,0.0951120983111184,0.1740403071644423,0.1216263633449168
2623,0.0262305527868353,0.0135086678890004,0.062414437997098,0.1566184996826293,0.1127308010639413
2624,0.0262666267063637,0.0098353830612183,0.0481253925945087,0.1067663834167335,0.1275870102342993
2625,0.0329548746349432,0.0163920439043808,0.0504527961436743,0.1036025875694577,0.1465149791766899
2626,0.041121845239161,0.0210261381772972,0.060411976307467,0.1052995731176713,0.1514353639839306
2627,0.0409511647358402,0.032309484702763,0.0681534155294687,0.1241592690735723,0.170780646703346
2628,0.0403209184818463,0.0482016759024022,0.0717611346404473,0.1590726368827494,0.1833811073125142
2629,0.0391357305202755,0.0628830791963321,0.0705706196676432,0.1800899636349026,0.1909016570339985
2630,0.0435714436191572,0.075317635150466,0.0710346530828006,0.1840933745900806,0.2095256308653934
2631,0.0494522818788113,0.0876053120794128,0.0772937099317414,0.1878457414694616,0.2121163798892317
2632,0.0509964304099126,0.0873277405027552,0.0897973149017558,0.1830655423029617,0.1954557146740073
2633,0.0595587018112069,0.085670683358501,0.1170464571480894,0.191415386906611,0.1888826508354247
2634,0.0648555001937613,0.0881487032241133,0.1568827649877688,0.2167115873900186,0.1917946724108163
2635,0.0661963637937253,0.0931115553075108,0.1862755851090574,0.254501111338323,0.191247303741533
2636,0.0629422886352003,0.083070839750756,0.1873205699652421,0.2687581677475844,0.1831125692419789
2637,0.0607467665476395,0.0677676401892118,0.1740468225609409,0.2722636108332119,0.177044436758374
2638,0.052268937978003,0.0672116329082194,0.1623939456812745,0.2943331595925375,0.1413305910163227
2639,0.0502822201973318,0.05794254391565,0.1484217565365733,0.2723892082008246,0.145852251295376
2640,0.0484005888718205,0.0553706603337421,0.1335872450065147,0.2625448478751604,0.1521515668059646
2641,0.0465620897623756,0.0500392081903778,0.1204431720086423,0.2441067078705381,0.162918005340135
2642,0.0474633923535754,0.0454739996564525,0.112265685944625,0.2321515732633628,0.185667009566407
2643,0.0485117008749459,0.0389890891367383,0.1023914680814396,0.2204731239006988,0.2069927627041347
2644,0.0496494601138373,0.0341255310126456,0.0988007245933837,0.2081297871398617,0.2264908289304354
2645,0.051353825887923,0.0318697932822948,0.0965750183335644,0.1966811044846933,0.2399020176743921
2646,0.046356265498025,0.0276604305987477,0.0881704323170496,0.1790022365281624,0.2505745292944489
2647,0.0296192840012504,0.0196705114274801,0.0521309880921739,0.1425928858797961,0.2436421961374303
2648,0.0366177906752113,0.0113629876434704,0.0357246497539372,0.0869056536955333,0.2631526508664569
2649,0.0458441438870659,0.0114321906637707,0.0359131991646975,0.0775736374586016,0.2902295443281807
2650,0.0427843776005948,0.0114962569630173,0.0429782021006399,0.0771988401664717,0.2993476635875385
2651,0.0468339120288752,0.0118586024295849,0.0458387727189155,0.0814824727079825,0.3203144919946435
2652,0.049320064791552,0.0141943747428155,0.0406852998303563,0.0868735687779571,0.3335379085153256
2653,0.0535561354271461,0.0178829331657182,0.0370896085693422,0.0929305591040999,0.3431703201386482
2654,0.0645915516818307,0.0242748442895226,0.0398063407299515,0.093944042857324,0.3573553472175539
2655,0.0720610235822587,0.0324323444572862,0.046722052145584,0.0926522413147692,0.3597470343841236
2656,0.0777418136671901,0.0419160383315202,0.0600386829979136,0.0848761501953807,0.3498843629517146
2657,0.0872668027881949,0.0455287696587453,0.0881692048990097,0.0804675246696866,0.3403602790384602
2658,0.0998086738170304,0.0476825214283962,0.1360331518670206,0.0913815394065438,0.3496810224047011
2659,0.1029201970397429,0.0472670700344516,0.1799074133278112,0.1144507643153234,0.338699390386502
2660,0.0984043319328682,0.044659752697084,0.2018190227306775,0.1321222774230661,0.342598731180438
2661,0.0923928079900822,0.0406031713667052,0.2065992730777446,0.1415206063986308,0.3397848047886241
2662,0.0761394090500546,0.0527551659189394,0.2272237753929473,0.1501544482017096,0.3096490182590037
2663,0.0687421600669502,0.0421884981470557,0.2201709530048119,0.1477088533443468,0.3352067711027601
2664,0.0613339172984314,0.0379815641784536,0.2165792668290796,0.1494573599676277,0.3532509324968885
2665,0.0522555856297608,0.0350533312510014,0.2093682400901838,0.1438587372939758,0.3584481588106551
2666,0.0507081370144133,0.0322973446352439,0.2089898853140767,0.1341703881892327,0.3805397999434892
2667,0.0530408374219415,0.031091463916833,0.2087122529487764,0.1207561286330586,0.4085354416929532
2668,0.0519153625928492,0.027683453353098,0.2136212051381567,0.1103276304130533,0.431565163692393
2669,0.0506727211774481,0.0268763691979644,0.2175939402635477,0.1066482039648058,0.4399911676602118
2670,0.046066083996287,0.0255146809422131,0.2026327463760125,0.1071220133523028,0.4489049823950858
2671,0.0306086189383041,0.0240039764323678,0.1613297429130347,0.1013451049888549,0.4526495987755216
2672,0.0439748001921254,0.0204072697250792,0.1548490533027555,0.0743699330203571,0.4663206172397413
2673,0.0665059390687339,0.0276525696330927,0.1775301126440911,0.0765996405796701,0.5124623159368745
2674,0.0755725958552037,0.0261812020968852,0.1974165116688719,0.0715402978767856,0.4525380695814406
2675,0.0947171635810088,0.0363099272287291,0.2364430609796173,0.0866031809354607,0.4760347672949627
2676,0.1138979972371434,0.0512544205283444,0.2718121854787084,0.1023160260737013,0.4837795941575656
2677,0.1394402750537162,0.0655842326401611,0.3064715700724371,0.1270142559072256,0.4503958587633385
2678,0.1803253973361641,0.0738471297925972,0.3479601410112361,0.1458459186144802,0.4278783002296331
2679,0.2342634157291024,0.0772687182900885,0.3946358379647554,0.1587906639549091,0.4086763071116335
2680,0.2886316484414773,0.0735856795885496,0.4088790658404969,0.1564822930818719,0.386546267700023
2681,0.3587766275165703,0.0662742040180529,0.4224010990580775,0.157334127142585,0.3743183641077275
2682,0.4237871980974831,0.0657565970923581,0.4604568858892453,0.1806912281506064,0.3586154971488956
2683,0.4434979272541554,0.0692796794689242,0.4865331038495593,0.2136816580802047,0.3549744611324812
2684,0.4321553460989096,0.0658109247370689,0.5025538257440982,0.2376310936360774,0.3525926582882419
2685,0.4178928512077028,0.0611012710998585,0.5007923817368154,0.2464611886123967,0.3436840088701027
2686,0.3875825985661467,0.0603765714531889,0.5667980834261873,0.2776032071173127,0.3063221942920272
2687,0.3890840545894724,0.0543092041992229,0.544163311528897,0.2690141843189716,0.3338462436523595
2688,0.3876944263545383,0.0512684981742584,0.5205905372796582,0.2642439612383552,0.3401405421622888
2689,0.3599477320098748,0.047526216417784,0.5066991432138311,0.2446583882907585,0.3171369786707146
2690,0.3419714616599081,0.0506858105948395,0.5002101215949535,0.2235512166787636,0.3076133307791107
2691,0.3332388131485178,0.0487718111237992,0.503626046831099,0.2140042915995366,0.3062161970130339
2692,0.3298984073110585,0.042684014959009,0.5152251062282635,0.2085226246255891,0.3093638398199896
2693,0.3211002831557717,0.0415092343206607,0.5250721082571467,0.1992093652719999,0.3086094847796996
2694,0.3385669643015908,0.0412441864156335,0.4903642514772642,0.1883490321146692,0.3074803360224978
2695,0.3889604331954447,0.0336139505462696,0.5038072126907188,0.1635300608917118,0.302362162407722
2696,0.3894783818893111,0.019000864880746,0.5469654410091606,0.1284907977110383,0.3091170311189739
2697,0.372749827319591,0.0175833536829613,0.5427056491290911,0.132523955039899,0.3153907230775444
2698,0.2792608263242721,0.011442412702709,0.4186199351570943,0.1110032545771419,0.3157253843520146
2699,0.3552022533362944,0.0127502271028655,0.4872601420547339,0.1239052037528103,0.3027876392591379
2700,0.4166997686142017,0.0120233543228442,0.5623228127194492,0.132624282268641,0.3024452196254567
2701,0.3836395739371855,0.0151388075871484,0.6118211237949409,0.126116250645859,0.2935933397910101
2702,0.3612488727461111,0.0222525112869796,0.6222059606156103,0.1199794130570915,0.2724589747633998
2703,0.3947424926042219,0.0246116333574906,0.6030186177727436,0.1169464248132888,0.2575477393413148
2704,0.4073126892011361,0.0264877524916539,0.5233640784363687,0.1070112340589006,0.2323181237298159
2705,0.3845949216793806,0.0224247525547011,0.4779067555525026,0.0980876019632817,0.2044301761809229
2706,0.3951232933427531,0.0236895696679122,0.4610602353153614,0.0960139687031491,0.1987876686755252
2707,0.3661126470913452,0.0288488907853395,0.4567671192809341,0.1037053181128835,0.2042411034715608
2708,0.3403293678302873,0.0407582622632055,0.4548611169454732,0.122618670503111,0.2051426385223944
2709,0.3106972226076779,0.0553834659297153,0.4385115154202632,0.1428549742368154,0.2036387484130995
2710,0.2150429264017872,0.0440650933844889,0.3859968723737621,0.1544329893611106,0.199484195166307
2711,0.239022081079089,0.0518800780933401,0.3779714778984198,0.1708282849320853,0.1788827465276634
2712,0.241919868130511,0.0492483703479512,0.3695771528400148,0.1988536375745054,0.1645477163481895
2713,0.2436640599403922,0.053536271798046,0.3510536403145373,0.2387819491970444,0.1520264397681088
2714,0.2318602567683667,0.0475019487313273,0.3310968436523889,0.2776988887863324,0.147778395785609
2715,0.2247079927569893,0.040399660356376,0.3158643271042492,0.3131830984057592,0.1453003316303912
2716,0.2225142603415452,0.0284855962532151,0.3040584525647795,0.3445316406144377,0.142759450505954
2717,0.2247531957891279,0.0233294769725344,0.2926089570655731,0.3672927144503433,0.1421142369381269
2718,0.2054669942513016,0.024382596935622,0.2665094865617224,0.36763463367607,0.1395297816165987
2719,0.2136815684698032,0.0229872317127841,0.235936725026272,0.346138868936875,0.1278587173710045
2720,0.2366801203570371,0.0221705619991423,0.2007076711534269,0.3609710148134667,0.115863109184454
2721,0.2676937598703742,0.0321944822376672,0.1796950982109517,0.3854350754981218,0.1137445531550228
2722,0.2854361227185852,0.0284009927489363,0.1287754225134929,0.3263090391675927,0.0920837367338461
2723,0.2781270054407979,0.0609841269686232,0.1419604265509951,0.3725925232829764,0.0948065794951762
2724,0.2869728139586162,0.0948302818586299,0.1557929999738794,0.3954686569813751,0.094148202700055
2725,0.3032150179675286,0.1460830023921066,0.1670778963849347,0.3904753901817412,0.1027276822631183
2726,0.3273976705954385,0.2179798850290556,0.1832450605448793,0.403941114441119,0.111271096228619
2727,0.3278001566141111,0.2626331820589714,0.216884209775479,0.3942575404234381,0.1037263062172513
2728,0.3032591548591565,0.2013965149451943,0.2436517740143744,0.3713262104698559,0.0908615406549702
2729,0.3378807989140454,0.1259581210826311,0.2633364670973319,0.3536064694129294,0.0836730332457723
2730,0.3447510533111198,0.0624537695121684,0.3008001989267173,0.3094140143847919,0.0842909136248449
2731,0.3212417420399011,0.0472581550674139,0.3409203402554349,0.317359842989371,0.0793236659658229
2732,0.2791915403351659,0.0513939249177694,0.3562995155586833,0.3606392037606672,0.0717632202334097
2733,0.2358292483386913,0.0539426166245827,0.3572790270703936,0.4093903520580473,0.0652722446551256
2734,0.2293173167835756,0.0461744333924152,0.3171559454389961,0.432826130641142,0.0580788813142926
2735,0.2065170634932976,0.0337068481531083,0.2926686502168558,0.4954336447167862,0.0544882958084297
2736,0.1991655043944257,0.0300951146533204,0.2578752009557352,0.5364063960223067,0.0595478911211362
2737,0.1732382989652287,0.0290657547176413,0.2232185453007145,0.5424056248128176,0.0615255949606186
2738,0.1496319521803268,0.0298518899057699,0.1974044251882828,0.5490283788290715,0.0601825183773984
2739,0.1209027652617087,0.0245894042367744,0.1825576929787236,0.5266601718565874,0.0585760617289677
2740,0.0913187448938286,0.0253317464829201,0.1760539035853909,0.5114026878072107,0.0538332356717081
2741,0.07173159387266,0.0344031541845946,0.1731189987177064,0.5021629871685495,0.0505419676796225
2742,0.0557954338668826,0.0412394007456514,0.1572398516415512,0.4939919905280056,0.0485607975871625
2743,0.0449227027736642,0.0418526973039004,0.1247892234638023,0.465617552260587,0.0423533262066013
2744,0.0554110503858829,0.0427350979510595,0.1191239322789019,0.4187718426505482,0.0381911928296405
2745,0.0684199908063747,0.0611035501144263,0.1224190495014283,0.4124224213182696,0.0467378446474984
2746,0.0723106317889014,0.0341884373855354,0.1166810686221671,0.3660394414748821,0.053384127048204
2747,0.1068175385472716,0.0689058687190327,0.1388037271432182,0.3702364070528722,0.0733511258310866
2748,0.1280690015044656,0.0983530126126213,0.1539543512661751,0.3790190777622906,0.0847392245133469
2749,0.1430197630067982,0.1033346147320435,0.1556841165619014,0.3849146022546503,0.0868714650884716
2750,0.1503120612837293,0.106714344208566,0.1517072582946833,0.3772438232044167,0.0856836195202875
2751,0.1668873045400719,0.0888395207888053,0.1488404529347227,0.3672024351423921,0.0775999290158436
2752,0.170467992112156,0.0750683898989666,0.1412064309374596,0.3440971160231615,0.0650954411468812
2753,0.192611608350337,0.0693889321688525,0.1458418264479948,0.2877481559456084,0.0601757594142084
2754,0.2180200388748993,0.0673290627354927,0.1906609029381291,0.2471148043643687,0.0637277695788884
2755,0.2279398002859588,0.0689377587072259,0.2380833988145337,0.2349031824319475,0.064544754431236
2756,0.2190414519373305,0.0796011395703457,0.2644142435133406,0.2351611743356566,0.0678881617437358
2757,0.1993866566778137,0.0693908774590795,0.2687662275384104,0.2321556751293379,0.0724105683609723
2758,0.2009482115159435,0.0644339573994757,0.2631609516311242,0.1913889166902898,0.0662886756757526
2759,0.1776942685519741,0.0626838645539989,0.2593577463896834,0.2039576193102025,0.0706124388469823
2760,0.1634840477532224,0.0799910994613929,0.2397577078871249,0.2024819223637734,0.0775753270000384
2761,0.1424637563509243,0.1021518903945782,0.2102241703479958,0.201654386099589,0.0808848082231725
2762,0.1328596020364587,0.1126571351924186,0.196398593223223,0.1964799655067184,0.0839239617421848
2763,0.1338901567828251,0.1029689867436962,0.1863100274099693,0.1833876068672842,0.0836999729885801
2764,0.1280534692952505,0.0823351406258193,0.1797928838315048,0.1824114136467384,0.085573987315766
2765,0.1207748190678959,0.0580770948680965,0.1706885067475871,0.1772258642955119,0.0917089967341786
2766,0.1066687881851015,0.0403904492057036,0.1499547203558567,0.1613624766940595,0.0884151207757449
2767,0.079135177976209,0.0274854508577375,0.1300241042832754,0.1272404881834856,0.08077985334722
2768,0.0860638981507802,0.0274825137305859,0.1210614128139421,0.1485946313510917,0.0925798386477236
2769,0.1011832506096772,0.0351965460133353,0.1200396296661367,0.1540458967557954,0.1138784672690958
2770,0.1497177202912527,0.026588280553641,0.1104538421801695,0.1386649831183503,0.0919818795175449
2771,0.1830408778304167,0.0242763812848846,0.1287119659557296,0.1623684293916585,0.1106650232042431
2772,0.1879645233680889,0.0303896982978676,0.1469570485684038,0.1964116208649762,0.1242983801123886
2773,0.213159267748687,0.0410187963744298,0.1600700449144927,0.2300888826218677,0.1505475072251604
2774,0.276879282686655,0.0451086276792259,0.1703094378406321,0.2772176010882031,0.1636459719998745
2775,0.3274850630099898,0.0438904552424674,0.1824592177247884,0.299983563485612,0.1608813050011237
2776,0.3429484851610298,0.0363385464395437,0.1912817786115243,0.3056720271334389,0.1423683741146591
2777,0.3514824367016682,0.0298425348803814,0.1933493337465588,0.2840201439155667,0.1274852528852562
2778,0.3342200081167875,0.0256684243521937,0.2031415354650484,0.27251517873368,0.1275354545921374
2779,0.3143861207180079,0.0357502347533777,0.2074804385595815,0.2830344856615325,0.1148982222351892
2780,0.2869668472419224,0.0448516685058501,0.2111054459202209,0.3068925078554468,0.1089462795999869
2781,0.2635445656857246,0.0607339635233185,0.212315041000672,0.3470259842717682,0.1106224954877981
2782,0.1938988102801953,0.0645899487523293,0.166924104494071,0.3688205507176116,0.1283920215293429
2783,0.2409367693947417,0.0783278842232479,0.1840946404037485,0.3926842434982249,0.1378199538636459
2784,0.2342986860340548,0.0868411348194004,0.1930622343634585,0.4230084777220089,0.1427934592258751
2785,0.2096477797395214,0.0889351227746982,0.1932602176700014,0.4637039691323862,0.1441892350629109
2786,0.196466388375231,0.092655264594722,0.1885529951590798,0.4829394374092813,0.1505381088031831
2787,0.1934972837225338,0.0948345763833372,0.1836685611468678,0.5014767720495589,0.1439001088417336
2788,0.1836269154125566,0.0970862870891171,0.1752413254565631,0.5148603516140455,0.133894899487558
2789,0.1704807129909036,0.0998975311694799,0.1701121176917177,0.5058050028947652,0.1300302363571104
2790,0.1845893179985276,0.1100228254953904,0.1600303371250699,0.4947794570475078,0.1269163506798486
2791,0.2079664433996414,0.1133300813188833,0.1457258048872641,0.4707793734554998,0.1484519061233084
2792,0.1938360963094785,0.143547531313623,0.1462011418169206,0.553767806900022,0.1609179218633792
2793,0.1811293193067969,0.1950471801705959,0.150621862978638,0.5776060067163207,0.1689013312579401
2794,0.1552535846676459,0.1756488530264157,0.1257931966116891,0.486769740534152,0.1722573003649977
2795,0.1656504797373466,0.2158817964528951,0.1400562446806074,0.5168451700420374,0.1840047587178623
2796,0.1519468647853593,0.2492303540408003,0.1430751687797998,0.5436131070487566,0.1816407507333305
2797,0.1231545505694728,0.2258193465731637,0.1530767562980003,0.5821340761887576,0.183448830352132
2798,0.1192001548269372,0.2246161347155771,0.1494761882107769,0.6350463593681767,0.1871502179543522
2799,0.1116407665297327,0.2358628014221473,0.1498008612510826,0.6704962792236384,0.1847584387398503
2800,0.097054665828641,0.2320603636345269,0.1368346322859145,0.6768514266317257,0.1849678520438039
2801,0.0703095795259383,0.1882308776700841,0.1169291448598258,0.6268976263797147,0.1777876447676777
2802,0.0658899249617277,0.1614028813663802,0.1116992051857456,0.5469159899582428,0.1665367638777213
2803,0.0784637076165866,0.1370460210066737,0.1145876173030184,0.4771769465268597,0.1551473360437235
2804,0.0910336703322777,0.133199529167125,0.1193695473605068,0.4179185758234008,0.146089981733261
2805,0.1133316235569507,0.1184390901813133,0.1284706755037791,0.3836723269436998,0.1393685356962422
2806,0.1372985324606054,0.0988891858526378,0.1232812923528327,0.3571978230376153,0.12876867973299
2807,0.1932933558386136,0.0888691799388773,0.1401822034045508,0.3354116447785512,0.1285138902271794
2808,0.2426519461425491,0.0811713699316732,0.1450639279590331,0.314545758937242,0.1367128267731095
2809,0.277816773561751,0.0744523989693909,0.1462363633740253,0.3173083245244364,0.1432198299634182
2810,0.2913805226520966,0.0685574012415203,0.1457265387721047,0.3009870608596718,0.1461525953087807
2811,0.2907990507020809,0.0664476485161301,0.144805940236525,0.2905407464165524,0.1456434975331518
2812,0.2728293180272816,0.0594902264830152,0.1425999720585733,0.2818919744103514,0.1472379437165724
2813,0.2382686155897404,0.0620330743808438,0.1354589994710654,0.2769515687103852,0.1463834036411489
2814,0.2449002122662842,0.058560331507379,0.1240153604199516,0.2594911287254955,0.1361737758865925
2815,0.2680192507341599,0.0561340057162722,0.1150508241777972,0.2450502199461694,0.1586743225589522
2816,0.2497054701261827,0.0533652792122123,0.099719531760198,0.2957183846732624,0.1820556170233369
2817,0.207003341258834,0.0551359243704108,0.0818416184335465,0.3040631530766528,0.204759091711818
2818,0.1213007375699376,0.0422259299232817,0.0705662040419388,0.2419996470621887,0.1873829299202582
2819,0.1145152429715014,0.0498532473111597,0.0687990339339721,0.25267440087692,0.2072241023922222
2820,0.111422704800161,0.054842161136507,0.0637362434399339,0.2571874686848068,0.2153395994224577
2821,0.1086301358882238,0.056792698400658,0.0592605986995483,0.2574726509379116,0.2272552089330942
2822,0.113103020217511,0.0600810958535235,0.0563951978953777,0.2580681877664689,0.238729700350304
2823,0.1160529054524387,0.058487462671282,0.0563831526682875,0.2574968017258433,0.2486582734493637
2824,0.1143752214333784,0.0514267864370054,0.0608013968967595,0.2382274057192594,0.2550946282230504
2825,0.1133368395779332,0.0447024759038008,0.061550859667573,0.1990828054235344,0.243828947938053
2826,0.1161277342458616,0.0397088416551452,0.0647203599785129,0.1656111368023425,0.2276827085430902
2827,0.1219054772642235,0.0335173001289475,0.0723613496600471,0.136121415339731,0.2062998633347605
2828,0.1217591423852515,0.0280963952247555,0.079538195402851,0.1160543676714964,0.1842549349289069
2829,0.1138258257241687,0.0269358534305287,0.0875791728773827,0.0983827714349083,0.1719562395530469
2830,0.1066723707955599,0.0338133026979895,0.0882319460989152,0.0713153034071694,0.1404520888706824
2831,0.1212308320096419,0.0263479107619005,0.0919152782936877,0.0633831085953991,0.1343312682956425
2832,0.1349530847194806,0.0256159270716229,0.0989323157633749,0.0590004643696191,0.1340466700530175
2833,0.1345005947780551,0.0230213749092448,0.1074452733685826,0.0588905669301513,0.1429745393658436
2834,0.1331405977273949,0.0232795128121185,0.1246310447140282,0.0618079642528507,0.1493222093134086
2835,0.1392959865923948,0.0292447507047913,0.1395949081599245,0.0670895135472582,0.1515415658601256
2836,0.1504402781315574,0.035893452842725,0.155911110234664,0.0722510844667353,0.1508424679593196
2837,0.1625539687228545,0.0387334546583745,0.1690155973539841,0.0766296166191324,0.1494938983919154
2838,0.1718705254211262,0.043503822432283,0.1685544732365414,0.065859622429574,0.1402316116149566
2839,0.2041764306459518,0.0513051229828659,0.2041432412104478,0.057823243660546,0.1869583057042788
2840,0.2547648842833092,0.0563538964446719,0.2214288135975257,0.0594712383561527,0.1933204355839661
2841,0.2930547880559946,0.0635767902296128,0.2401839369300679,0.0646079163681431,0.1882233788621664
2842,0.2833478044800527,0.0575416143347327,0.2120238472595852,0.0529505056588914,0.1524760581845768
2843,0.2982509102969317,0.0715086597375782,0.2170695705381608,0.0594284562199962,0.157708196817402
2844,0.2822103766826999,0.0738773969473609,0.2199620942803196,0.0599000105865071,0.1665047414243207
2845,0.2800630635084112,0.0752064540434059,0.2250739000498265,0.0619345858659211,0.1773684672064829
2846,0.2686080687635571,0.0747112766184384,0.2202263693677241,0.0673558371826115,0.1767301514587631
2847,0.2323319711112791,0.0666341936158196,0.2090569775746154,0.0764220405642831,0.1692942078250717
2848,0.2150719281919294,0.0588492352775973,0.2018987475011862,0.0875872268718169,0.1567884114132436
2849,0.2206826200925667,0.0507578523637276,0.1945925881957047,0.0970011143297881,0.1401043679892573
2850,0.2185806479979965,0.0416581817132954,0.2050665589054515,0.1031629419279617,0.1357304885120014
2851,0.2127111223649518,0.0405962642253612,0.2074603113775709,0.11984863978812,0.1301276859244949
2852,0.2163431445958401,0.0386651525769565,0.2002555060735462,0.1356368572864135,0.1282896119524332
2853,0.2133429769148788,0.0370019338200681,0.1893914122286365,0.1411247022647737,0.1273743687576591
2854,0.1882086529073431,0.0315739284178522,0.1579385078865744,0.1553780336497139,0.0951930740027652
2855,0.21512544921899,0.0399192505093932,0.1542719185175442,0.1533921582688012,0.1009955910645533
2856,0.2324785561272074,0.0372420981182389,0.1480341750861991,0.1517988913690229,0.103508191269872
2857,0.2356980603074003,0.0337027735979916,0.1373986855491275,0.1520925175661238,0.1063905474348451
2858,0.2363749579412469,0.0293779599188921,0.137949434609806,0.1524334903630257,0.106770625277215
2859,0.2272803751486123,0.0265129333057908,0.1403479554597298,0.1516673472414013,0.1045758155085652
2860,0.2190294466797659,0.0258757345136749,0.1429124948021283,0.142551126016156,0.0966546787763486
2861,0.2274071036621263,0.0278950676746281,0.1368438504458109,0.1344333035276581,0.0823378425023334
2862,0.2452883832197458,0.0279482444193038,0.1101580494901135,0.1217379048979569,0.0650575355877558
2863,0.2403160702650224,0.0268642886207345,0.0967543010999612,0.0880971132464005,0.0618746285407416
2864,0.2269039735336851,0.0403188418709215,0.0923488248356355,0.0688604625485365,0.0663471045321366
2865,0.2304370396437424,0.0583271960335353,0.0947110149300384,0.0733526339422393,0.0678140365371152
2866,0.2246844320255525,0.0441095620769568,0.0801510415799439,0.0677012498334754,0.0521170625197182
2867,0.221746403479817,0.0653835024678919,0.0900190291114645,0.0772471009174508,0.0558289883039514
2868,0.2061041543804857,0.0732987701519798,0.1019752166952255,0.0822484252858436,0.0632855240057192
2869,0.1871618321396708,0.079407464002245,0.1101516569284627,0.0835843374528233,0.0730703966776471
2870,0.1892622638597632,0.0837077944586836,0.1181671361751562,0.0839298793494556,0.0816065801335446
2871,0.1892675572495351,0.0776855466678141,0.1283359549627248,0.0865141435321384,0.0807898115884414
2872,0.1911585051927474,0.065423730398364,0.1313855511749948,0.088623646067964,0.0739628674192764
2873,0.2005888134836131,0.0578919182499372,0.1276838194217244,0.0900928548303194,0.0656199989497692
2874,0.2181987446551518,0.0542702707241178,0.1349645277997465,0.0963389881958055,0.0589726474748264
2875,0.2255368335072214,0.0478489615616497,0.1503635697152254,0.1126979897261115,0.0494481369051297
2876,0.2263948289336952,0.0442143962468506,0.1569650078541881,0.1278700745782234,0.0404509757242963
2877,0.2335157012045808,0.0447100906675931,0.1529334209964003,0.1324632056098138,0.0355716220729325
2878,0.2638409518842347,0.0445998195049551,0.1498069348174638,0.1329837470038706,0.0349389390960061
2879,0.2748956511778281,0.0556755228527258,0.1491886795030756,0.13136979825625,0.0371355494679407
2880,0.2779198878201859,0.05990226703747,0.1422630223445695,0.1280200458515624,0.0417755164233629
2881,0.2674655931592449,0.0522283180480373,0.1398118023501778,0.1169551543244203,0.0436164535986952
2882,0.249894369248813,0.0444087622902892,0.1415439815224539,0.106196767432472,0.0426910612499936
2883,0.2381208332639616,0.0360515919826577,0.145698732826226,0.0966877764496941,0.0441601841625652
2884,0.2330280503863277,0.0305160589576631,0.1507228947050083,0.0859264209939635,0.0454227892748253
2885,0.2200464479986026,0.0270194265087958,0.1580465409706012,0.0735438208825332,0.043932246792416
2886,0.1801100982497456,0.0226412317381171,0.1547412384628108,0.0542280903651336,0.0353297070487056
2887,0.2124294586939504,0.0186948501603176,0.1551600689350574,0.0281645495756474,0.0248890882344711
2888,0.2462328359730882,0.0267770060039742,0.1527875153746866,0.0159866155603913,0.0263685842593213
2889,0.2511555009165284,0.0352806665862106,0.1581459193762792,0.0125639325655501,0.0282190747107595
2890,0.1880909920573425,0.0337159820719165,0.1432634661997399,0.0137820881156372,0.0323872817836474
2891,0.1967629420667036,0.0296472557253493,0.1657156098421401,0.0153954318112334,0.0349321126859592
2892,0.1988225160479146,0.0247594012355208,0.1809010165936659,0.020341287897523,0.0408155823480827
2893,0.2089454499648915,0.022033432741293,0.2004236606573141,0.0295211997328437,0.0482786408492505
2894,0.2192601913844966,0.0200125054192631,0.2189093731149919,0.0391480116223077,0.0526722661462953
2895,0.2158785375119997,0.0181160188004871,0.229195960737212,0.0491672710960955,0.0537237749660203
2896,0.2004933992440039,0.0162003588640106,0.2344463319864356,0.0616424775874637,0.0515791936664376
2897,0.1606254743559747,0.0159349004091905,0.2208262120999685,0.074250450870745,0.0505088497313992
2898,0.1385106349843363,0.0164992229760534,0.2201604604252265,0.0905886938055473,0.0474070815977533
2899,0.1293968339437343,0.0145848023853348,0.2215326269463375,0.1122852727216787,0.0435424490703501
2900,0.1322252796858295,0.010898890818617,0.2204115367175541,0.1276063996553036,0.0404488819982915
2901,0.1328710076974878,0.0077286078987694,0.2173249168779722,0.1382660750145998,0.0383368959250545
2902,0.1225223219213627,0.0099149554653816,0.1706748428474241,0.1319542267276928,0.0383078031152419
2903,0.1302306714272019,0.0115937476589131,0.2001400797139455,0.1303570775959588,0.038435659611728
2904,0.1281815335407297,0.015260864777701,0.2241468021704684,0.1241359314638356,0.0415354174039262
2905,0.1204107437258675,0.0243378650896983,0.2434793462917453,0.1250256640676606,0.0420499847050932
2906,0.1154171446396574,0.0287989156660465,0.2545093481234405,0.1240516986708667,0.0424791335175257
2907,0.1098170420858638,0.0320243822200234,0.2671313455021841,0.1266414863664657,0.043526638572194
2908,0.1070808865796517,0.0340852487079108,0.2648771803233862,0.1299462520172117,0.0443671552579
2909,0.0979608748960443,0.0341478338729275,0.2634451533312197,0.1320297190531018,0.0418996135103801
2910,0.0734654219831744,0.0349133630378272,0.2875531783227198,0.1271866846502742,0.0340380735735681
2911,0.0589344009000848,0.0304765395366183,0.3244810862391988,0.1218030750196446,0.0249841579179831
2912,0.0799482444099232,0.0267614557272187,0.3280519919791929,0.1220191517326396,0.0258856435020334
2913,0.1160759751036835,0.0500449928975457,0.3489601526993031,0.1183931010576848,0.0292487220678284
2914,0.0890089002896569,0.0562525899269647,0.3378585858963025,0.1010566823009375,0.0240337640408729
2915,0.1138859058997848,0.1018940707490453,0.34884773770695,0.1241096876370307,0.0311895826300066
2916,0.1406795884377617,0.1163529480893984,0.3573346413775359,0.1482805284121283,0.0461964490912784
2917,0.1394079271147868,0.1195399721675667,0.3489560072737157,0.1641317387758301,0.0650250620965787
2918,0.1300575698739456,0.1197749331967324,0.3341505689385119,0.1796065905973888,0.0793135291805036
2919,0.1227625294336362,0.1105353493850188,0.3056491966987908,0.1961771874188944,0.0851510995164286
2920,0.0982093184850484,0.1052038161351023,0.2753896611347701,0.2033388138497369,0.08564166047689
2921,0.0688139644538247,0.0956469371365381,0.2668671673279942,0.2077205700305504,0.0869709443655696
2922,0.0606142307346438,0.1034846758648928,0.2714351311119499,0.1859246799355743,0.0902169972522873
2923,0.0616877911179348,0.0979579443006185,0.2652506831861748,0.1760762520315753,0.0923915552099965
2924,0.0677186801373297,0.0927592544527453,0.2566981397848574,0.1638051095341725,0.0953149409769417
2925,0.0770603531006987,0.0954057745705224,0.2555105841635209,0.1607702272539017,0.1011509385896468
2926,0.0692183817198004,0.0964226426813636,0.2423410408740109,0.1285661091931935,0.1043261501770675
2927,0.0942215080889481,0.0838216384567966,0.2445983807596486,0.1158298199329902,0.1061478370244869
2928,0.127312907765002,0.0884548726559053,0.2410871803315642,0.1098683277120846,0.108890793354038
2929,0.1510495272330188,0.0889953683355611,0.2297697470845726,0.1093397209196676,0.1102815110665369
2930,0.1619989721382476,0.0788030772383428,0.2165365660565254,0.1055191668167619,0.1063802413150506
2931,0.1676869754501825,0.0642554787332481,0.2115348236402065,0.1006421428300735,0.1068451175471635
2932,0.1731831150156707,0.0542042704495317,0.2041506315251383,0.0945860837811739,0.110993795060331
2933,0.1746491451282666,0.0469560225733597,0.1978726089381174,0.0923557577684759,0.1096383459278232
2934,0.172621214357519,0.0475703081860289,0.2035707656349608,0.0800125017857066,0.1112851271874013
2935,0.1662110789115364,0.0393229305203922,0.2114905032849719,0.0722126806211393,0.1161107691101016
2936,0.1726752494917446,0.0292328020767305,0.2061241927200301,0.0588740768145854,0.1184952868342356
2937,0.1425165973056145,0.0221217637401352,0.2277372811674209,0.0461338460160847,0.1194395338207772
2938,0.0948250912792706,0.0324224394506062,0.2223283926225936,0.028388860715937,0.114483031874997
2939,0.0980715644499338,0.035515700201485,0.2472066374571939,0.0353775674865492,0.1193395349596258
2940,0.0944626797490557,0.0344231481354469,0.2721274917553407,0.0467121929064138,0.1262183753814135
2941,0.0868594651138625,0.0338977848022471,0.289006080055362,0.0632487897855566,0.1319142871721035
2942,0.0822960117720364,0.0335518973089782,0.3015917290090691,0.0822516663927584,0.1398193169368927
2943,0.0736373409460039,0.0326724754902201,0.3111244237363109,0.1028133308814438,0.1490008297697474
2944,0.0664003730240989,0.0303215124068537,0.295821491664921,0.1174476172367997,0.1536197691981699
2945,0.0527753695667482,0.0218301461625316,0.2670067542718313,0.1297315401802457,0.1359534410961333
2946,0.045369947301089,0.0167632655938972,0.2309625773032683,0.1259738815232559,0.130129423876319
2947,0.0445264242967224,0.0185244306217065,0.2112635474566998,0.1303136450267295,0.1338817789272704
2948,0.0451212327360618,0.0173476962977853,0.1927633170840468,0.1326261240270929,0.1305655101554434
2949,0.0458929396968613,0.0161890166705405,0.1884749351315765,0.1329055649862425,0.1197059506862142
2950,0.040289191450439,0.023898057449946,0.1867682593774322,0.1229110616649442,0.1237336685079872
2951,0.0364542530616587,0.01720830372563,0.1776148244519784,0.1290573008797345,0.1156566345452642
2952,0.0296954196507871,0.0143236700247023,0.1766149106559483,0.1434996973201627,0.1117897977847419
2953,0.0221110999127849,0.0116644946444369,0.1798923939269963,0.1629030808001896,0.1111112781483796
2954,0.0191656567291945,0.0190439495826856,0.1758555554713973,0.1759651993056305,0.1057111219870691
2955,0.0161973367979732,0.0290634791799595,0.174280726439646,0.1962606720970814,0.1019629555268566
2956,0.014006406734854,0.0359827727257512,0.1763947423468132,0.2221221912281821,0.1015551251431237
2957,0.013183670020289,0.0497860534713075,0.1768581335124935,0.2388723144876655,0.1085966069954838
2958,0.012945934338321,0.0528901457221475,0.1950475648432744,0.2577873356531148,0.11267614051747
2959,0.0148461321575666,0.0497281059052056,0.1930033235440226,0.2748569167713701,0.1317747116501463
2960,0.0270130971727528,0.0657420968416063,0.1819344217565815,0.2996259282124092,0.1561585869531923
2961,0.036228480092166,0.077949272988814,0.1601477258860469,0.3236777184054397,0.1619536058856629
2962,0.0403977660631207,0.0622678341144232,0.1274567283883067,0.2967557215606909,0.1418213830856911
2963,0.0426892806902174,0.0882676276994971,0.120585341280023,0.3248434920858503,0.1241146739457448
2964,0.0471051709036108,0.0978774893516146,0.1268921245111054,0.3461725466383828,0.1216682242367271
2965,0.0457472230510842,0.1047553945557855,0.1360485674540319,0.3814481648303222,0.1387467875499347
2966,0.0420392231485743,0.0979793317742806,0.1489876236896359,0.407196432849721,0.1528627575165869
2967,0.0393501293172338,0.088528287240833,0.1562156282125383,0.4438532638929972,0.1568615427455383
2968,0.0324340331127604,0.090866869704996,0.1635984840254219,0.4742211110460355,0.161008082809177
2969,0.0343248751519404,0.0958176336899628,0.159825503363438,0.4755597607687514,0.1575073170956975
2970,0.0491229649644596,0.1023000652416133,0.1417226119387225,0.4342315356465178,0.1633234285242965
2971,0.0684303626613335,0.094357146335963,0.1292775142094623,0.3841753228672298,0.161961608164849
2972,0.1027810437193748,0.0892179710926451,0.1247589552572009,0.3576726545770696,0.1612562142020756
2973,0.1391636527115155,0.0836347116379968,0.1238007104285557,0.3307753110775531,0.1684702852195679
2974,0.1261744045118627,0.0507872701706778,0.1303837567154248,0.2860329695321383,0.1632075033138296
2975,0.1940841124669297,0.058085673692642,0.133709406999389,0.2803204775019892,0.1891956460582985
2976,0.2483131264844951,0.0636555062784605,0.1317748925904459,0.2655910558919469,0.2268389050007945
2977,0.2636737651196736,0.0628709540451817,0.1233213445816336,0.2636817860017749,0.2448834293677804
2978,0.2660667116306968,0.0678595779210906,0.1163371820674396,0.2683601700081357,0.2578747646602601
2979,0.2609078422515852,0.0735510002538209,0.1117933470193886,0.2699661547571592,0.2751881495308811
2980,0.2634337340684883,0.0847805591201414,0.1079294265019976,0.2674188556652524,0.2905437384042134
2981,0.2692500520777331,0.1030067336270879,0.1034263894382088,0.2667998831598694,0.2860290842594179
2982,0.2833646313097007,0.1192913761893807,0.0774394489089921,0.2486709862180351,0.2760362240972336
2983,0.2976112230355538,0.1270530688567289,0.0777232619996837,0.2437000761721372,0.3185358378950514
2984,0.3158799723847807,0.1284949524788688,0.0894340591177892,0.2852416466278581,0.4041722339165506
2985,0.3180668188779693,0.1391587999449701,0.0913055768339291,0.2969080816296659,0.4680730896677371
2986,0.2301545614668175,0.1479580938683313,0.0871505670832012,0.1971594124624258,0.483654957488428
2987,0.2803763874743646,0.158268223116087,0.0886002296054983,0.2017641403427329,0.5215255419170127
2988,0.3233374920773118,0.1801903126674904,0.0974824835851807,0.2104684418051993,0.5453530287586704
2989,0.3178314090326023,0.1883023304659098,0.1076986874290074,0.2208249066687315,0.5429098854747402
2990,0.3110289612813702,0.1746746345171017,0.121389986581198,0.2385682470284557,0.5404543860656886
2991,0.3087545598853699,0.1690572139567041,0.132867462785851,0.2552162379225244,0.5120964747616744
2992,0.2678895804090133,0.1439136535501085,0.1432729907514643,0.2660609320951861,0.4723531393297465
2993,0.2625942921373173,0.1157710293785701,0.1430961054635537,0.2664562561237426,0.4239666698471473
2994,0.255274000707489,0.0790828705600628,0.1288408919955721,0.2338703463925978,0.3906578907708292
2995,0.2563716207736626,0.0581413306477962,0.1267784112311175,0.2159673495344865,0.3798264869459985
2996,0.2578804714240785,0.0483247533483059,0.1307070727852047,0.2096585965529432,0.3751370536610888
2997,0.2667011375588788,0.0420141652487142,0.133552622922753,0.1971453539592013,0.3727905700415744
2998,0.2144896400572447,0.0514041776838668,0.142218235208801,0.187618348640725,0.3805790330938435
2999,0.2347059042666204,0.0551269826824567,0.144474346412273,0.1730886961275075,0.3627487483352327
3000,0.2505710451100511,0.0543230922419871,0.1542853909583837,0.1635584909977205,0.3526755875912729
3001,0.2639256113216443,0.0526092226405134,0.162288167251367,0.1541073230136997,0.3475902063500904
3002,0.2706584534809757,0.0505241904801474,0.1665346570930616,0.145759519218257,0.3429614623003745
3003,0.2767363797606613,0.0470621557350253,0.1719160870731864,0.1412358674452187,0.3364003637860565
3004,0.2850452993434545,0.0379360866555913,0.17608861795909,0.1323655400519018,0.3285984275522655
3005,0.2929415979412634,0.035404001976437,0.1724821871674314,0.1222239536508788,0.3151929941046666
3006,0.2946600927574865,0.037300991845179,0.1438906556460917,0.0989000115052896,0.3129519001140433
3007,0.2945015579610318,0.0467823692525092,0.171813151683641,0.0721685397526274,0.3743375980049452
3008,0.3343538228916395,0.0619608489424373,0.2082437207499846,0.0712428864921599,0.377367672301518
3009,0.3916508028739286,0.0600462366101397,0.2106097047662096,0.0719858520701405,0.3676676493034332
3010,0.2608022903279607,0.0556942283956359,0.1935540777210401,0.0610379364042587,0.3312259305026966
3011,0.3168778282255465,0.0609432166985164,0.201876971432253,0.0600015762954734,0.3252924036952275
3012,0.3380616553741243,0.0527353698882809,0.2116240511032051,0.0624350328182351,0.3363248065298202
3013,0.3521185232368993,0.0509071521181722,0.2228284826669015,0.0654592352831929,0.3439737909951366
3014,0.3419061580017455,0.0431388614228281,0.222734848775597,0.0679300686094021,0.3458747313512437
3015,0.3408457226195517,0.0381352485868624,0.2150946413526703,0.0699686880686729,0.3454894878918903
3016,0.2883122659518252,0.0332238061440084,0.1970704935437199,0.0677082168874087,0.3086555863436314
3017,0.2425804206709871,0.0323156535252281,0.1710194809822426,0.0613431249818652,0.2646529811629352
3018,0.2190052703494237,0.0325449095111033,0.1468794940029197,0.0569613121830603,0.2340273137449559
3019,0.200795063819705,0.0338691527920891,0.1351171809902649,0.0609346529781817,0.2184760004360739
3020,0.1947362886803254,0.0355770039571651,0.132832327918981,0.0689991367973517,0.2131612232130458
3021,0.184590588947474,0.0328036851406299,0.1341511175926413,0.0749646180927699,0.204668842881143
3022,0.1832064499733214,0.0391367955253496,0.1320262962104672,0.0865686158872483,0.1912622696847085
3023,0.172705985029624,0.0379538559194834,0.1351203494644538,0.0864513985119175,0.174656735639911
3024,0.1554095088511917,0.0339598080662152,0.1378534265873335,0.089485218804332,0.1654331125440496
3025,0.151040967605775,0.0267794927312549,0.1369290577168647,0.0857368820319282,0.1645096007484687
3026,0.1421196580024555,0.0206352574752618,0.130807883612987,0.0921115250019789,0.1637696873844741
3027,0.1282101215743121,0.0120927519562498,0.1296037050465003,0.1029258506521285,0.150659901456319
3028,0.1192867559468756,0.0120901425916482,0.1207250276763706,0.1111814640171204,0.1370532619439387
3029,0.1089968256944355,0.0099886567692915,0.1055961094007308,0.1195996460409912,0.1213907366746058
3030,0.088396519945817,0.0071510246255677,0.0825334069249392,0.1157984453310815,0.1150444309064603
3031,0.1319955029963881,0.0075029153300919,0.0908599072666557,0.0898096502997545,0.1368324881421902
3032,0.1476692040112331,0.011626193426822,0.087719635357,0.0759255016948948,0.1364082974427152
3033,0.1184683383498251,0.0132102199261356,0.0886285507236384,0.0848562713027197,0.1325706851267548
3034,0.0591364245929434,0.0086613025508995,0.0649545951167058,0.0850145027441632,0.1105877277895835
3035,0.0446660095591389,0.0095487826758465,0.071468754529174,0.0956395212253415,0.1165958071669506
3036,0.0398727221334764,0.0126392247111316,0.0773874114885317,0.1054679668553075,0.1228468355319293
3037,0.0358681529711277,0.0145623391617029,0.0768035627701224,0.1144406930259769,0.127555505890976
3038,0.0303411625100075,0.019123119809585,0.0715494180458099,0.1189014584031818,0.1252008552158534
3039,0.0278636310133495,0.0209060075091852,0.0647247336780441,0.1164616515584114,0.1193813888177886
3040,0.0284173395923128,0.0195888270199443,0.0560325870508786,0.1230864249592047,0.1103107261610778
3041,0.0284183852280133,0.0201533144669874,0.0419125025635205,0.1172591107600503,0.0964992636960041
3042,0.0258663410994413,0.0264934084634819,0.0286678462419144,0.1208299471160936,0.0865851611728761
3043,0.0288213090142718,0.0297625131463898,0.0288486113191859,0.1383310028734561,0.0744210303188106
3044,0.0418468726677308,0.0304125599759848,0.0434474891151951,0.1639877805927657,0.0619418399251961
3045,0.0507396694530182,0.0334049284540698,0.065635592528677,0.1890907416666965,0.0557182008331659
3046,0.0507617735430857,0.0280052658450653,0.100040650807637,0.2333628067648829,0.0554289264452638
3047,0.0521973016363365,0.0316151415696966,0.111236885006252,0.2544506718147064,0.0545884720817224
3048,0.0539973859540524,0.0275303011547577,0.1203771501257176,0.2925578321725722,0.0551554549857718
3049,0.0616529900837335,0.0267402647300247,0.1299932151849352,0.3371514984182135,0.0566868378155331
3050,0.0725057166201504,0.0296122318464638,0.1429427800373659,0.3765794998051583,0.0577756365749081
3051,0.0785606834371536,0.0321587468528304,0.1514895428864656,0.4047614701646969,0.0600717610901262
3052,0.0811782706444688,0.0345267608165875,0.1621821289043068,0.4572497112618627,0.0623735370022628
3053,0.0793111424792493,0.0379504060788582,0.1632926100969797,0.5019438720414379,0.0644421626331162
3054,0.0633400201234821,0.039686329442182,0.149659921925595,0.5116327059828318,0.0554899090097727
3055,0.0732395874955064,0.0392765229909444,0.1241451855420851,0.5068108876769976,0.0525122151833883
3056,0.0988556412355805,0.04218548947105,0.1434665613447275,0.4871237288024547,0.0673876806332158
3057,0.1226825884657274,0.0478200545432379,0.1799114149798349,0.4686857714472153,0.0793764717902192
3058,0.0962517217201411,0.0468010648729054,0.1717982848572556,0.4672330957193397,0.0721950419430687
3059,0.1398765941420294,0.0476862462987423,0.2105187355768109,0.4779188128715256,0.0899312772138421
3060,0.1866293405685985,0.0332710650727925,0.2522915422234959,0.4702750803194737,0.1084680440103031
3061,0.2250572148296185,0.0376619058252713,0.2381426692358431,0.4910181371728699,0.1274468637121572
3062,0.2461451672853913,0.0564960722425233,0.2470299264301653,0.5669779385130518,0.1424203307260136
3063,0.2510162920976082,0.0946005062123609,0.2469605844968201,0.5712244993399801,0.1508742210214894
3064,0.2609121654574495,0.1372757726765135,0.2432916331778782,0.5357329264412615,0.1478511107418484
3065,0.274015922676383,0.1732885254923624,0.2481295551195729,0.4949213248148765,0.1483090044770716
3066,0.2690747729473672,0.1751819561313311,0.246486915260281,0.4643901599549034,0.1495803772121669
3067,0.2596143792146685,0.1730961367468322,0.2527770918255156,0.4734507345038721,0.1510251309958937
3068,0.2424084243652205,0.1484817200962731,0.259230481638361,0.4829552559628358,0.1586312743459135
3069,0.22311969361549,0.1237722550818667,0.2663337433439183,0.516391970191221,0.1715044267307163
3070,0.1765558283764247,0.0799961324391072,0.2554625626569619,0.5327117227305816,0.1820823025407157
3071,0.1766005905342016,0.0855976747790417,0.2411701572786828,0.5271156648268146,0.2075818842588581
3072,0.170819590281606,0.085762460824577,0.2389838413574175,0.5357896989326926,0.2190702572933416
3073,0.1447086172329217,0.0791571500433704,0.2287861327930211,0.5630285413786108,0.2239429984571497
3074,0.1224750872832351,0.0856128888585068,0.2166414242848767,0.5905903169517175,0.2289704745077535
3075,0.1208010466893256,0.0952139560745726,0.2087855690941763,0.6049129113835127,0.2325838917612781
3076,0.1186775522919757,0.1020118945384161,0.1903293541419453,0.5969016703847779,0.2321587664705951
3077,0.1075601250095895,0.1293032301579709,0.1753234261470555,0.5544615342002489,0.2187287782919145
3078,0.0972962646694848,0.1631092418335766,0.1679639437080585,0.5177791264621475,0.2010213581062886
3079,0.0847840331410257,0.2014403154826553,0.1617887178696332,0.4980177667554852,0.1902500217396509
3080,0.0751400794952708,0.226115482184838,0.1491774952054794,0.5085858091278105,0.1977568276684277
3081,0.0715046823979535,0.2804696895124495,0.1347752174071597,0.4984069875987176,0.2210642718086425
3082,0.0335215055219142,0.20846356408701,0.0860338762411339,0.365485643513161,0.1942856935658672
3083,0.0350294286613973,0.2557567778829579,0.0839012301640193,0.3789249530507607,0.2039537782692469
3084,0.0316678534440567,0.2807319271491669,0.0837938851270279,0.3806133745228751,0.2076631577740731
3085,0.0363821295984499,0.2990500682576393,0.0877687362431487,0.3989935419403407,0.2100543060421739
3086,0.0472767772127816,0.2604611878376468,0.0869522784235743,0.4144382725991293,0.2205358955971982
3087,0.0512898431506667,0.2337077601370052,0.0893214089080922,0.4073464335815649,0.2023205307397903
3088,0.0416624154204452,0.2225297359802764,0.0816647095713745,0.3879915898789927,0.1632078102477665
3089,0.0363094988008917,0.1826314262027833,0.0777865046343448,0.3238987496855355,0.1319513295029496
3090,0.0525690560689453,0.1655728767470466,0.0776319686452341,0.2634738563178842,0.1215504262748306
3091,0.0779510570564143,0.1494725582131505,0.0831385509734501,0.2217702185757459,0.1153447097652308
3092,0.1021526393822617,0.1309149644265346,0.1011709356988489,0.1900626433669267,0.1123498901835877
3093,0.1233661076960885,0.1212703987570524,0.1125419445220304,0.1733006732991083,0.1085008973161918
3094,0.1453449282146828,0.0733133061994706,0.1263989403367919,0.166111780789109,0.0891256154078783
3095,0.1558523673863236,0.0677904068018355,0.1322126850076412,0.1593115436703225,0.0862176518237062
3096,0.166820480955658,0.0657443239218809,0.1419452231433261,0.1502425764719138,0.0866115363586795
3097,0.1769517873024919,0.0637684011398038,0.1545818752178346,0.1407882880751829,0.0846869812571721
3098,0.2023444936403978,0.0668414898951392,0.1579915652595778,0.1281026114219924,0.0830539241393977
3099,0.2178897867754637,0.0683915250160216,0.1620215951169764,0.1174674737848628,0.07511467550545
3100,0.2165026339608063,0.0628875594038065,0.168078120973706,0.1088342722489072,0.0718029967484639
3101,0.1962938199697827,0.0592620870809736,0.1652690945915838,0.103598883930979,0.0668805089962436
3102,0.1854729988248351,0.0543801376923485,0.1573851221208031,0.0878146475473375,0.0532804613841047
3103,0.2230186831923672,0.0469644726994292,0.1800135052816792,0.0692417712874628,0.0468424047908919
3104,0.2152629884561683,0.0519839466399171,0.1717222014047862,0.0696943750066687,0.0567779434575573
3105,0.1910545778553544,0.0572950519658393,0.1714392923391363,0.0777781887128249,0.0619202562484209
3106,0.1252627231316825,0.0188890230079732,0.142038892010162,0.0786968881844124,0.0485673578497413
3107,0.1359915325466822,0.0216754949102822,0.1554456935352775,0.0970435262275107,0.0586347041012797
3108,0.1435561001571248,0.029616912883082,0.168351376151466,0.117296735110877,0.0704175364147276
3109,0.142514881281272,0.0394910342355184,0.1802316777704162,0.1202512399025775,0.0748949063883346
3110,0.1305638260756084,0.0450830732449069,0.1747781651886157,0.1295564012585721,0.0754706986865188
3111,0.1259524472552195,0.0396149252368144,0.1613357580935702,0.1223025207189187,0.0740820625560669
3112,0.1025694432168928,0.0311473249004883,0.1433225424888295,0.1186879096183277,0.0674933035648907
3113,0.0703894210503641,0.0228170968594278,0.1152307153242703,0.1247325735356769,0.0586966719481145
3114,0.0591082245949054,0.0199191991968597,0.0868938255426103,0.1482587334133419,0.0549452295821083
3115,0.0509940025526058,0.0261195039490909,0.0671497233585226,0.1801385473266425,0.0513322610808378
3116,0.0405809747406439,0.0650495149225126,0.0543505647943015,0.2108782381815639,0.0483401330142328
3117,0.0349511541875229,0.0788820454165215,0.0490250354777584,0.2429889298583205,0.0444350499599631
3118,0.0507447227714552,0.0461978641331755,0.0533118123432867,0.3155393173093859,0.0388521360604399
3119,0.043296639644135,0.0531840653029509,0.05798043034377,0.3328137251693214,0.0374922195052278
3120,0.0368200472694481,0.0661182512064614,0.0613266088486201,0.3442009800437836,0.0380744514497297
3121,0.0369028331536226,0.081154131331139,0.063745263541902,0.3487604875239439,0.0375286256381672
3122,0.030653715930186,0.1094866937428324,0.0719078290192907,0.3570219396924951,0.0357427362371289
3123,0.0201008951892005,0.1269179785886688,0.0829672594807911,0.3655258918207544,0.0339436532784596
3124,0.0208408100691074,0.1416105226014345,0.092891969752325,0.3720332046124703,0.0343199532701338
3125,0.028952660177779,0.1449889023494974,0.1014157990069935,0.3784322663302662,0.0330340525924606
3126,0.0349423692529316,0.1516390537677422,0.0947775690550992,0.3713590754076276,0.0294355974285776
3127,0.0340063438830295,0.1757441349312019,0.1019143680422001,0.3392577300054353,0.0222210976826957
3128,0.0512206587267926,0.2282282416245973,0.1122063527614365,0.2958354587544607,0.0278622065792982
3129,0.0639778555812459,0.3003088871645796,0.1238335817934215,0.285635601867428,0.038624823685076
3130,0.0484808827603642,0.2528816018497153,0.1111497823894148,0.2216989063781348,0.0489383897815639
3131,0.0665570727116463,0.2903679966435275,0.1213261993867768,0.2412511694273391,0.0665818253861285
3132,0.072630173215354,0.2987825154726992,0.1273703074761418,0.2486430981051898,0.0911806932679008
3133,0.0674196800164878,0.3793068956514315,0.1422426251123949,0.260812196110766,0.1145112410883277
3134,0.0676733702773253,0.3796656613123775,0.1611201759582207,0.2754155940305017,0.1315251835229519
3135,0.0631617410076227,0.3481434798404145,0.184071256779527,0.2878712086889262,0.1383793693994736
3136,0.0642299567085847,0.3051634145691198,0.2051834304581715,0.3008907993593999,0.1333530682397029
3137,0.090782485135214,0.2746977804067012,0.2191191676790485,0.2962519635805528,0.1258592167926561
3138,0.1222087982874597,0.1955026215515438,0.2263588787445616,0.2687893477591473,0.126572846233297
3139,0.1263632912342254,0.1531621860152204,0.2329994706149765,0.2421816931141914,0.1285430021967024
3140,0.1256866701809408,0.1220764198447077,0.2424234357214703,0.2332862623894427,0.1310102904893386
3141,0.1348466207989081,0.1029392465098234,0.2440480133806853,0.2236449687706377,0.1277433588978999
3142,0.1100296223497713,0.0916263982202465,0.2153157974835495,0.2124921606467118,0.1270773394629783
3143,0.1194728995835066,0.0811192079505143,0.2144258180947642,0.1994558123801101,0.132518543497986
3144,0.1245314883084443,0.0712912151873233,0.2155343102837806,0.1945708965416409,0.1415894182938099
3145,0.1258063014649125,0.0646369712357957,0.2151540901672218,0.1985851422042271,0.1492252727227822
3146,0.1220387352084411,0.063379996183771,0.2123437899908483,0.1967518779757259,0.1686125885053453
3147,0.1159122825444256,0.0636986433998625,0.2102808741181766,0.197501811036336,0.1932486939359915
3148,0.1149624234776986,0.0622630242751227,0.2065939561960992,0.1964281265505402,0.2044331649812817
3149,0.1189186173814152,0.0624613630838583,0.2042375475758404,0.1951555551951091,0.2027908862687603
3150,0.1343477131518077,0.0622439673179276,0.2127421710963997,0.1829360722413356,0.225608345209975
3151,0.1484905667070277,0.0797046304087098,0.2275850077952625,0.1744151906810284,0.2314861257603883
3152,0.1712598660522941,0.1005027047523559,0.2084883453009449,0.2107050547089159,0.2279503469588663
3153,0.2051206349186337,0.1269737435038091,0.197424913857945,0.2193236623881282,0.2416559139255851
3154,0.1981401882598565,0.1155473952359164,0.1564832463972844,0.1878813122023264,0.2121655911554691
3155,0.268695978654634,0.1320483253416737,0.1751287114686497,0.2021962455792934,0.2400352019492652
3156,0.2857208672434427,0.1469419106160215,0.1862461214272776,0.2133260851213045,0.2816923860907567
3157,0.2921125995106519,0.1765435584491187,0.1999627102204749,0.231852329708661,0.3108293393200987
3158,0.3151248086099183,0.2020789819379503,0.2123643186752082,0.2493428831430863,0.3215579706849568
3159,0.3080416638145343,0.2260667941050445,0.2173152129118433,0.2739075472163004,0.3095609975106317
3160,0.2969291587761739,0.2209390349961176,0.2207229710593591,0.3045351927630154,0.2822423849477241
3161,0.2969377096225691,0.2191598509649439,0.2173884977885369,0.3154594614074749,0.2732254616678162
3162,0.2964894753886677,0.1789570732434186,0.2128875804721922,0.3047197835294812,0.2662604015949011
3163,0.3146613669449574,0.1908057604752284,0.2098551771656935,0.317406462248171,0.270882653403417
3164,0.3162069581981508,0.1860222733979807,0.2092374502696008,0.335301045107254,0.2750274129338542
3165,0.3155713729918267,0.1809438928781516,0.2001052852543928,0.3465386892662015,0.2757033805133009
3166,0.2788470108818929,0.1695898059072167,0.1855491250702462,0.3305275578686564,0.2405826257864777
3167,0.3182008752690348,0.1837961003714228,0.1866116692095316,0.3361008188219339,0.213205693537564
3168,0.3400633931590187,0.2008589770024163,0.1874231098814849,0.3284439117898352,0.1994824234380895
3169,0.3525435364277505,0.2025831165245107,0.1801612125011339,0.3298546126049558,0.2083970930449342
3170,0.3501738406079226,0.2110309147174943,0.1731550848827986,0.3368474532809521,0.2173670786325943
3171,0.3494401081595525,0.2321331565428414,0.1686860596350664,0.3332619388643222,0.222967042904178
3172,0.3456662208770641,0.2522536029757526,0.1644146188764769,0.3311714192216687,0.2313137801892853
3173,0.3459571028600458,0.2561328690169668,0.1461227623550294,0.3286602404356638,0.2380942643392141
3174,0.3328461540534775,0.248376561229343,0.1060942280591363,0.3158497367930745,0.2356628715447738
3175,0.3419966059792188,0.3653424360691464,0.1027615831875074,0.2561428583641824,0.2313189352988499
3176,0.3286719369538076,0.4175565797524317,0.101222862502621,0.2532756494513635,0.2477234447214304
3177,0.3313122515134442,0.4353469890671219,0.1156715201941534,0.2704325750784862,0.2879598059843109
3178,0.2690983359708585,0.4819550902414934,0.1072835826365523,0.2643203499966923,0.2539541741741864
3179,0.3085271207279195,0.5388906505004608,0.1290776451749501,0.291289646969687,0.2863097350156338
3180,0.3004042922420591,0.5338654471021278,0.1508772330039546,0.315709250787898,0.2693123461288601
3181,0.3396991342383452,0.5036042973075991,0.1661030502169283,0.3604536107860769,0.2795809208215056
3182,0.299464655487804,0.4859588861688444,0.1857632675377485,0.3979591344977648,0.2807155991958723
3183,0.2895582970591924,0.455937952420466,0.1997902083651454,0.4404800125852889,0.2714383617455395
3184,0.2693827236327331,0.3793366237128487,0.2022514340716337,0.4561567038753032,0.2552305350000233
3185,0.255000191894668,0.3082048429650994,0.1843242635792692,0.4276696534122317,0.242756023885647
3186,0.2331512285333375,0.2913323339623525,0.1674454896885408,0.4033200346207082,0.2452328565113977
3187,0.217026474756787,0.2678050630023435,0.1663470184640587,0.4047959381474302,0.241608162668075
3188,0.2072646740724044,0.2514291719902975,0.1699768248955853,0.4141246363882259,0.2315464436613967
3189,0.2055481486732525,0.2439639873760591,0.1733865705970586,0.412459006222947,0.2153667608886126
3190,0.1577385120159377,0.3014872254391167,0.1563881531891731,0.439089733031025,0.165400976816761
3191,0.1881036437095289,0.2688280298096586,0.148287414878569,0.4316110726130135,0.1612326910376532
3192,0.2060243170945446,0.2673258467081943,0.1411852627327505,0.4227471042856968,0.1746600658949584
3193,0.2230879807735543,0.2483702258204205,0.1376129674953221,0.4123516177469829,0.1988314148897149
3194,0.2221178517502113,0.2292358259297699,0.1394109855626592,0.4072870023512053,0.2124293252466657
3195,0.2149357961457663,0.2028414005218806,0.1391880925324685,0.4023199459827687,0.211685796607549
3196,0.2093573387693796,0.1875152781024868,0.1399188417778501,0.3971764831643181,0.2101619063809379
3197,0.1938862911910422,0.1767216854934903,0.1273510766638601,0.3898261935032626,0.2015079183840948
3198,0.1896349010719539,0.1522376592677245,0.1057761544455219,0.3640730188223243,0.1861214330639866
3199,0.2600731692828926,0.1777410522590367,0.1195294573921324,0.2866075365194089,0.2071296897278465
3200,0.3160384891885691,0.2090515512472682,0.1410254365400041,0.2774350792460801,0.2146199636529647
3201,0.3275487358272511,0.2575910672329186,0.1626558578078732,0.2919577680679959,0.2090997800717623
3202,0.2181557501182663,0.2588409430437581,0.1261713296712177,0.2702657861602771,0.1334684651231865
3203,0.2648257251958146,0.3196901494480889,0.1423408605662652,0.3253231739807432,0.1428595902339166
3204,0.2808767583684986,0.3080493461497817,0.1572381197190216,0.3528307067379769,0.1641969810610177
3205,0.2776220002360696,0.2893976938270776,0.1680775178875536,0.3790998879516212,0.198606814034371
3206,0.2653998834804012,0.2831353549103577,0.177360076613746,0.3935580787121236,0.2097382377543267
3207,0.2462053810510497,0.2699304383213546,0.1873066215747287,0.4028454146189709,0.2072044552842098
3208,0.2307805453665109,0.262592550496754,0.1908371162606549,0.4049528753651977,0.189365268133932
3209,0.1891306836365175,0.2393295969661677,0.1810597882534597,0.3717730852610945,0.1708268447044084
3210,0.1913213435665975,0.2145445461150103,0.167081553135087,0.3588961911736491,0.1651505768452471
3211,0.1948483787297545,0.1922643981767089,0.1698326389595796,0.3735217976528295,0.1537929678628241
3212,0.2047954744075726,0.1861576941179682,0.1767891552737198,0.387739803656721,0.1431884571576127
3213,0.2067572726370773,0.1906404375537053,0.1734088311116033,0.3863149188658409,0.1349908597229055
3214,0.1935839159296201,0.2368257435804914,0.1557678351845796,0.4092561123620637,0.1370156713620723
3215,0.2046229695226225,0.2115523791106182,0.1405459239369715,0.3766970823335003,0.1235048711400678
3216,0.2034177126697195,0.2113046609337233,0.1313282659560564,0.3523150166697071,0.108668299881497
3217,0.2053234206490621,0.1909798082834742,0.1272339475118459,0.3275696899897789,0.1039139934311197
3218,0.2139402313874585,0.1756161793534497,0.1247049548833554,0.3079818775868325,0.1062709705102867
3219,0.2212648868357482,0.1762431494247432,0.1255418784925202,0.296847868088286,0.105520102391338
3220,0.211080116700819,0.1774210943421795,0.1284811458423421,0.2949235896791568,0.1061444060870836
3221,0.1983366094047001,0.1744357471303377,0.123834818549088,0.2949328051020378,0.1043582015933002
3222,0.1917676310909849,0.2112818210971225,0.1000620035788571,0.2684264535658293,0.0975303760982664
3223,0.2104586318754683,0.2617217588379169,0.1054634869097677,0.2080253631156741,0.0949659750552089
3224,0.2233379244465619,0.2723140404243687,0.1289288823944932,0.2090261885943675,0.095345245249383
3225,0.2102203068530685,0.2909174121209442,0.1502822065997453,0.2375636093094459,0.0997594737483854
3226,0.1892369031154987,0.3315725213790135,0.126633293189111,0.1909479663770219,0.0872353279053094
3227,0.2238399484823464,0.3121255436898548,0.1466239744024926,0.1989215216798958,0.1035041744239246
3228,0.2285702177432418,0.2768798277864166,0.1603142599354587,0.2093819910479716,0.1096067153259642
3229,0.2280914561282091,0.2776459323958359,0.1713255989253654,0.2242878139532366,0.1219827911787169
3230,0.2286039527092318,0.2661363327812937,0.1811107611410834,0.2360760766984024,0.1296573318032129
3231,0.2088675667797264,0.2487774992830105,0.1831961723015368,0.2456215193004956,0.1308433347257794
3232,0.1971470961834776,0.2219182448218232,0.1788524357092282,0.2507791994896254,0.1273758127746092
3233,0.1912960059187267,0.1803941107613033,0.1643263758454213,0.2357138550837057,0.1220007399641115
3234,0.1821486352234003,0.1428970679120446,0.154380217739025,0.2140633387222292,0.1167295072970465
3235,0.1755343272377415,0.1290671279543229,0.1634584567302842,0.220405960483731,0.1149693029037422
3236,0.1686139642338175,0.1203881475622674,0.1691952056798741,0.2386235571007794,0.1139602275820001
3237,0.1554489510278892,0.1068862622839673,0.1756517523678087,0.2361081881559709,0.1092644513676863
3238,0.1347069750795263,0.1234739955556003,0.1729133096463695,0.2495729004135177,0.1240357046863196
3239,0.1315114012265531,0.0985356342629654,0.1803865104472914,0.2322359617252108,0.1212032337652874
3240,0.1230805736748125,0.0873221523094605,0.1822893809432292,0.2204979105952468,0.125912762313904
3241,0.1129195955772105,0.0782053949284316,0.1813213832304102,0.2027367275924183,0.1249047047327898
3242,0.1047518917555237,0.073450730585104,0.1791414353256449,0.1950609749445974,0.1297823371143839
3243,0.0951107598303289,0.0657892421825672,0.1833664803238084,0.1940369665968999,0.1266508909675384
3244,0.0825166849892762,0.0590910007818145,0.1893658906259157,0.1921188598653651,0.1220606226419785
3245,0.0709994546002448,0.0494708911651825,0.1875007566190909,0.1832789973935792,0.1139796282422737
3246,0.062266266869964,0.0333500029255503,0.1783736420163904,0.1571116993026166,0.105003482939321
3247,0.0550331069844953,0.031249059402105,0.1783036319834874,0.1071481384411821,0.1069866840998316
3248,0.0471688745014854,0.0384830960906823,0.174269710101636,0.0954195610409477,0.0950512783798757
3249,0.0358151796422716,0.0420192433514541,0.1826888209197242,0.101504381697506,0.0886591163935858
3250,0.0204016966427412,0.0338228589407723,0.1696279994803234,0.1059866644988358,0.0714526710481626
3251,0.013052238852258,0.0356186106547,0.1708175229342651,0.1291821074337289,0.0714180164031024
3252,0.0111204920367082,0.0370020894674297,0.1700695144864516,0.1373497753434781,0.0734170095647857
3253,0.0156905027407842,0.0389542744608826,0.1705888056971238,0.1401682994762197,0.0858580391997656
3254,0.0172318328446908,0.0385078551655185,0.1731685581967316,0.1447230231518161,0.0941041975727719
3255,0.0179655092708525,0.035931159273099,0.1741432394053151,0.151889132433255,0.1031099526724556
3256,0.0205322151858722,0.0358290887347342,0.1670831133146937,0.1534835282366595,0.0936051020647626
3257,0.024418347241606,0.0385979158119373,0.169754503333358,0.1540900045277136,0.0774842260653157
3258,0.029637074991738,0.0460166406935651,0.1714976109186752,0.1605137666797192,0.067476872341816
3259,0.0325483760594403,0.0543481239419815,0.1687240572431811,0.1799169546978791,0.0565875091199985
3260,0.0323071941283987,0.0568276426688248,0.1607347895269066,0.1992779742607055,0.0461091498189887
3261,0.032876840177168,0.0517185165697441,0.1457239175494599,0.2052542688023892,0.038533099523132
3262,0.0379357978421846,0.0388384655167941,0.1242160368099754,0.2005322702937536,0.0398011738465152
3263,0.0434782217264789,0.0293241483603134,0.1159828046436249,0.2014534149794372,0.0346302141361089
3264,0.0470793829246396,0.0222212726678566,0.1050375681528172,0.204866388969524,0.0309235890921348
3265,0.047235586373807,0.0241043110901913,0.0980578199801674,0.1993536605170205,0.0285181686997364
3266,0.0432453879496778,0.026328239888931,0.0953869349936673,0.1914059348403008,0.028294263243714
3267,0.0425593071819294,0.0253724334195356,0.0924205688637402,0.1855485214495744,0.0288677269510683
3268,0.0525285676744546,0.025676859564976,0.0913959643608053,0.184382513682603,0.0352713259687229
3269,0.0561556763574665,0.0269507603358406,0.0893394914668706,0.1843336306793481,0.0430531655975423
3270,0.0534214675052872,0.0230862140582949,0.0847751543302892,0.1680427455697718,0.0477315537260784
3271,0.0847016728536228,0.0171981486888832,0.088537449938306,0.1220092736596816,0.0587202311026094
3272,0.1062763505309158,0.0176944118452877,0.0906081740037892,0.1015871990955437,0.0910241079964384
3273,0.1117951334807227,0.0185669948318711,0.0907502230468085,0.0934375080766509,0.1185635786952594
3274,0.099982224086407,0.0152448296833578,0.0808429380537531,0.0752500058249078,0.1202920338389258
3275,0.1123026696664685,0.013759124170004,0.0931909083156687,0.068248467344131,0.146686507574662
3276,0.1305888812055462,0.013276753943019,0.0929208867765434,0.0586946099341709,0.1593623444711927
3277,0.1437191385314754,0.0142831309285459,0.0932034680685572,0.0554415582203128,0.1600288677213416
3278,0.156112711474445,0.0201512759907774,0.0911357051457113,0.0592625206032128,0.1548097849090866
3279,0.1700961084918399,0.0271577854768209,0.0833536092218117,0.0655138834049088,0.1479557763935478
3280,0.1845497653757707,0.0343646394050007,0.0744369100439181,0.0722781820615516,0.1403980442443958
3281,0.1973093451947186,0.0374568859330885,0.0717069217729376,0.0819350056312828,0.1247227602704827
3282,0.2115243274046151,0.0378243124519123,0.0863212073701002,0.096044242428376,0.1244467126520553
3283,0.2143228597346641,0.035981790322593,0.1088340681310984,0.1135865767760254,0.1299522048757425
3284,0.2065515240442983,0.0277079106403699,0.1297163270510752,0.1262600005799828,0.1368612913868096
3285,0.1933412014865869,0.0242830593077183,0.1364404995608951,0.1281848759169111,0.1384686004278058
3286,0.1617274778953543,0.0232609434486755,0.1467474886057501,0.1119747373589815,0.1616361202331395
3287,0.1529861833317071,0.0186774849924872,0.1418560166674589,0.1072635378084281,0.1676774071474062
3288,0.1498904613167272,0.0185962402600855,0.1362780750969671,0.1030895000313454,0.1668414499851281
3289,0.135479821827277,0.0183752350316164,0.1317332964440373,0.100925203093679,0.1687742429110227
3290,0.1204858522818615,0.0137709137243628,0.1303261621351827,0.0972515877239601,0.1664573315115515
3291,0.1145996279637175,0.0130901362799034,0.1281186184066262,0.0920287951432395,0.1624588250760977
3292,0.116388770501921,0.011409956693242,0.1253494529104677,0.08670487135827,0.1521710657352724
3293,0.1094843527254551,0.0121671673757996,0.110585562886502,0.0810442121842226,0.1506290129216565
3294,0.1050993357455975,0.012813352033585,0.0777752347384609,0.0669774774733891,0.1581380909541904
3295,0.1153563470540601,0.0101741192446586,0.066605567913968,0.0467480942373585,0.15937764307618
3296,0.1288676697325012,0.0177733566016898,0.0659507693755381,0.0409937969485213,0.1726431220936614
3297,0.1295086205690953,0.0260270454650718,0.0764592286712076,0.0436019317621428,0.1854218064270502
3298,0.0988631475171096,0.0122789682243659,0.0837032007780201,0.0336067071068163,0.1487525043844922
3299,0.1236368442601476,0.0109036339913679,0.0905762379764672,0.0350862469590736,0.1545503505316398
3300,0.1393707329699373,0.0094941609947852,0.0866267748469136,0.0371207360454352,0.1576136101889163
3301,0.1394662467027759,0.0096764867511083,0.0815792783420172,0.0403328895280915,0.1745196175641229
3302,0.1286229109268697,0.0098107560161807,0.0753832243995015,0.0436052213161942,0.1792639898259184
3303,0.1244451742606815,0.0092618022634292,0.0684439863178368,0.0487716474102277,0.1672136364373778
3304,0.1244381082774813,0.0066558790224451,0.0669327948936621,0.0615645479520003,0.1482647803728359
3305,0.1215153716242685,0.0079486353100574,0.073348016580281,0.0701109367878876,0.13839605326942
3306,0.1351407426582551,0.0152827466195298,0.0870307760852362,0.077224384997786,0.1332513491498752
3307,0.1442573181594828,0.0152652166552772,0.1061994186410229,0.0866439764069378,0.1246064852250929
3308,0.1361535458721736,0.0133537220143457,0.1179753003023747,0.0982852254862546,0.115802161548052
3309,0.1202755089738321,0.0144552803099961,0.1153702358032504,0.100684570321212,0.1052761922036933
3310,0.0950724704814903,0.026593654657583,0.0899478707164743,0.1062538659196324,0.0867074310870198
3311,0.0957404051594349,0.0218334929338967,0.079702493706033,0.099747352596861,0.0840092521071294
3312,0.0953662678386189,0.0188709515361259,0.0725151682565277,0.090890760901297,0.0795630403254747
3313,0.0883983221627706,0.0158920031754849,0.0721889153883733,0.0881539957932107,0.0775176644993576
3314,0.0807146028440109,0.014495421952798,0.0793998219207676,0.0868755024950744,0.0757738193836919
3315,0.0788256994690206,0.0140952999021646,0.0896829518917064,0.087264970046306,0.0741192156866394
3316,0.0774782030883858,0.011625129979302,0.1018534341206352,0.0889866236802696,0.0761830299632319
3317,0.0669189243666822,0.0107333977848031,0.0998638926637883,0.0886926702488489,0.0799809449490719
3318,0.0522970755264858,0.0089183418163242,0.0792984756618503,0.0777111390468608,0.0781551298361274
3319,0.0440176597750327,0.0070038778619578,0.0543914032622991,0.0708224549406206,0.0878679201464249
3320,0.0558937582882474,0.0081814859887016,0.0561708462277059,0.0708293949798795,0.1064268614786025
3321,0.0673135681546086,0.0116700917554268,0.06808964034529,0.0732722342187086,0.1226616254682512
3322,0.0587241921782406,0.0124691585381171,0.0734367084553692,0.0723753270279312,0.1223516382282869
3323,0.0732613656017499,0.0207620622580236,0.0798636533930624,0.07787167011782,0.1343596565896311
3324,0.0965940255640753,0.0258447408924008,0.083793790795609,0.0854886910631728,0.1481273386713028
3325,0.1224036302341768,0.0267760453150161,0.0889498050139976,0.0963099072452434,0.158900923213406
3326,0.145108893963109,0.0255198384297014,0.0964215323629507,0.1082367632014242,0.1758591065779275
3327,0.1428558022016155,0.0237775046735248,0.0999718490563141,0.1286928279682237,0.1728038928209586
3328,0.1216332104644845,0.0202976399088757,0.0999752484353126,0.1415845600844058,0.1518647696052523
3329,0.1067766946699227,0.0126151927870944,0.1046203423744931,0.1467726314234966,0.1383732414017064
3330,0.0963530700288558,0.0205664171440017,0.1190094031690737,0.1447959036717128,0.1309758639468086
3331,0.0986416877921172,0.0218726384641398,0.1387554752535158,0.150807394488063,0.115573440045126
3332,0.0870803463072767,0.0254619206434879,0.1463890936970575,0.1563756861285263,0.1029658381306682
3333,0.0738138386776514,0.0345484001752621,0.1404252742260204,0.155959422718127,0.1033903194341587
3334,0.0866437246543017,0.0428653787909307,0.130457201736824,0.1539848907400191,0.1043492376674307
3335,0.0757615916553852,0.0385903927585497,0.1238545865287716,0.1460158312049758,0.1136404835404416
3336,0.0683356450514782,0.0400262608955728,0.1139010155273823,0.1426526887312254,0.1206228540441001
3337,0.0537874471028792,0.0464807876381065,0.1085691177987351,0.1430202286950828,0.1178507428185925
3338,0.0480171709598187,0.045665666506049,0.1070677304212454,0.1503571496677465,0.11343711223164
3339,0.0456864547066614,0.050389322373959,0.1027426445920649,0.1540374858428083,0.1138927947716257
3340,0.0457039773551122,0.0550389968886522,0.1065780700778766,0.1550181467586052,0.1182494605617178
3341,0.0473108241085467,0.0657030022501466,0.104883623256433,0.1505117838811124,0.1166549993099048
3342,0.0461426295191069,0.070185551495636,0.0922343419608696,0.138650050796813,0.1153788061626892
3343,0.0510134653741437,0.0705563878142486,0.0790967787142707,0.1318739764130055,0.1436410270029167
3344,0.0542971485443661,0.0761280261715093,0.0788452592581445,0.1267210365718559,0.1595590193170792
3345,0.0569658630636142,0.0791396920819405,0.0880596347744668,0.1282821963478582,0.1721991464275932
3346,0.0746197915493957,0.0836363954374541,0.0856216472296357,0.1032017011013915,0.1842143924776669
3347,0.088858202049453,0.090205514191165,0.1020435906985346,0.1084063423928299,0.2039011376672386
3348,0.1069472768030062,0.1003207154156236,0.1139642159917021,0.1184725571036679,0.2282005561037409
3349,0.1202875886750651,0.1077879521582504,0.125626972372183,0.1288951318007628,0.2431406555765322
3350,0.1335381837483336,0.1195223228720036,0.1404640178421228,0.1382563951895472,0.2514311407402009
3351,0.1253109154890492,0.1344456044969677,0.1519441404113221,0.1467092760522498,0.2539622707839137
3352,0.1196732997261348,0.1404887457072131,0.165541844193674,0.1553879426784814,0.2333729960886817
3353,0.112347766728038,0.1202264278191894,0.1823888132764155,0.1505590834202202,0.2246869019082139
3354,0.1054621061660428,0.111996269806574,0.2040025522276627,0.1365790073325324,0.2010489310565276
3355,0.1034514901972882,0.1143273917373575,0.2219096271989539,0.133624282969591,0.1770620927208944
3356,0.1006433884198373,0.1142410022104096,0.2277003573279908,0.1408232087712438,0.1596832359348369
3357,0.0914268581467915,0.1193796172490622,0.2325731554318889,0.1486519848170461,0.1501812079042812
3358,0.0976141616600501,0.1402130620969995,0.229890433913667,0.1384756120873441,0.130135790252581
3359,0.0998460183068981,0.1161038847929849,0.2132929234259348,0.135771319236,0.1414034350611705
3360,0.0927113038810923,0.1064084017562669,0.2064327499264445,0.1296844670032575,0.1363183365828046
3361,0.0786729127115748,0.1038428989362926,0.2087399797111832,0.1298024029502004,0.1290168203841036
3362,0.0708570216773378,0.1052764025571662,0.2070736606959378,0.1326234694542877,0.1169285131007609
3363,0.083915990856935,0.1053371526454286,0.2014353165233524,0.1354749366682381,0.116025393463492
3364,0.0933940990257909,0.1010678120065975,0.1970291845806326,0.1374861307361312,0.1164424960081313
3365,0.0949910360886134,0.100898440587323,0.1982472498036277,0.1355268874119313,0.1103267050240355
3366,0.0942428176718907,0.1066854975985957,0.1983855065368446,0.1184023279286707,0.1124685607246185
3367,0.1171878471790999,0.1203199925915878,0.192725730287723,0.1158347728486653,0.135841456317458
3368,0.1523419488547092,0.1199203583532992,0.1872698453393436,0.12539094270513,0.1534240196395682
3369,0.1802677881144699,0.1181030753150838,0.1899591935080164,0.1335147960460324,0.1574795816242127
3370,0.1612245317186377,0.0910178178363974,0.1344298257318384,0.11321920123985,0.1349244213918782
3371,0.2065838559901228,0.099681428131173,0.1574012712056742,0.1173650608053312,0.147733639175236
3372,0.233511454308095,0.1024774610117836,0.1698753435923962,0.1191896479984253,0.1539396616509478
3373,0.2293355671486843,0.107429691891636,0.1829435860795546,0.1207711643153357,0.1659041326574611
3374,0.2287678553730416,0.1051814909536637,0.1883597625213992,0.1228695070162027,0.1752377844999034
3375,0.2296758999208335,0.1010780844194695,0.1869989068755841,0.1273817368359655,0.1733413103322205
3376,0.2309536989291871,0.1047042472671524,0.1875075453422566,0.1257294842491486,0.1630817479765181
3377,0.2545025059454244,0.0907906416010578,0.2006059273150742,0.1179151074919903,0.1467963075828423
3378,0.2624673646245238,0.0614690965608392,0.2190717255530601,0.1158410206220638,0.1404451458121388
3379,0.2648530898475381,0.0452373041771996,0.2270790865082043,0.1202268399195115,0.126506146166166
3380,0.2708007086207383,0.0346881880762839,0.230130891944866,0.1252941531230854,0.1128742530103619
3381,0.280447995642268,0.0338988155452419,0.2276644025558669,0.1197082693852307,0.106788649477554
3382,0.2316740959123255,0.0403038636006781,0.2145036068335943,0.1187086265468405,0.1124807555858129
3383,0.2612219543268368,0.0382531920337849,0.2097407819562833,0.1108341687808818,0.1122160493251003
3384,0.268751204123353,0.037114355829715,0.2177922179384696,0.1025738578365849,0.1092549287503727
3385,0.2579480294000151,0.0339543883424537,0.2339494568577567,0.096557978103645,0.1068055016491463
3386,0.2563974309581701,0.0305752346258396,0.249969542638905,0.0955802220212916,0.1020563932685297
3387,0.2623018599420128,0.029699573350649,0.2707802418416021,0.0972026776643299,0.0973227532885727
3388,0.2745958700305373,0.032718970007372,0.287507355257845,0.0933235765010947,0.0926240943389504
3389,0.2959739298954974,0.0288055128155562,0.311768819337371,0.0887255009414772,0.0847222046184602
3390,0.3204208471813726,0.0246402098237159,0.3172568270723817,0.0766696171415435,0.0726388720706071
3391,0.3432887202232123,0.0236285457596084,0.313145037750915,0.0490780421793503,0.0655451381776504
3392,0.3916326448617505,0.0290948996871594,0.3143116233024704,0.0422637927459417,0.0669589871675445
3393,0.4083716823592833,0.0350164478770704,0.3257199071402975,0.0438243909578609,0.0658782361944416
3394,0.3404250725962486,0.0263318268019559,0.2695097279046174,0.0335298022647998,0.0504185067892791
3395,0.3634206908905198,0.0300841554946557,0.2797380033462349,0.0368324062960973,0.0596668552015884
3396,0.3775228746183857,0.0315937203634446,0.2718079543204391,0.0410704539259082,0.0678435031253573
3397,0.3527381086106739,0.0284662731036855,0.2725592632695297,0.0440765448410616,0.0764656086343052
3398,0.3550031219400523,0.0293719523844242,0.2649765963720303,0.0445590753614525,0.0816957313715402
3399,0.3450305035565371,0.0329363056236109,0.2614260270306491,0.0457554175434561,0.0764188395499895
3400,0.3250706540657532,0.0339326103990036,0.2498847603412857,0.0447446914239481,0.0723936110504255
3401,0.3061721630579251,0.0362846350789004,0.2304678094087988,0.0432700560432062,0.0614336511349067
3402,0.2934232859071398,0.0401051623509353,0.2001438563269831,0.0459890017538381,0.0531179051588367
3403,0.2752333417174451,0.0436379139304104,0.1816334169885933,0.0547775962004908,0.0471932754706407
3404,0.2624527259216548,0.0440401521874554,0.16529754763409,0.0659962332285348,0.0433418938168505
3405,0.2588367240001047,0.0392428909869227,0.1500703718625855,0.0743054718766232,0.0460436002230465
3406,0.2089355952785305,0.0475907200940636,0.0948178923019655,0.0876351147736541,0.0505506909715301
3407,0.2307259642490879,0.0478140848874853,0.0952011650231114,0.0871494555657331,0.0582333591517729
3408,0.2333164181687481,0.0512556004421182,0.1011302992773239,0.0840519668594208,0.0644677186699201
3409,0.2277512617313005,0.0518016481203842,0.103962477484927,0.0830096949846228,0.0664895510833038
3410,0.2242279930327686,0.0519700957010946,0.1034208911681149,0.0854183481858296,0.0673172837984949
3411,0.2254091255529124,0.0521378647192464,0.1037644860107412,0.088357776132874,0.0655569625360274
3412,0.2226625722427535,0.0516727559600162,0.1013033009906146,0.0906542560691504,0.0648771214116702
3413,0.2226902884116637,0.0460630643052857,0.0940820085956895,0.0888260036154963,0.058820787557036
3414,0.2154568207569679,0.0317808875638931,0.0744913990353334,0.0808057053748513,0.0439925328554976
3415,0.2337921334759702,0.0252179396768753,0.0667595379299019,0.055626095165191,0.035312288207126
3416,0.2265939327358586,0.0318176584530533,0.0703428018621882,0.0364203672028806,0.0392269065661468
3417,0.2372676022607191,0.0346635489458278,0.0738782704772772,0.0356656684239357,0.0433240121524447
3418,0.1791029604399119,0.0283431660449501,0.0636703454150746,0.02810283615559,0.0428217645486097
3419,0.2278766255618516,0.0289770346880059,0.0681277758675475,0.0281901825638758,0.0499377916081519
3420,0.2221291383942782,0.027987750219225,0.0712319301667628,0.0271085669138692,0.0572526068076558
3421,0.213666261133641,0.0249481838701718,0.0694034271692549,0.0268480676852082,0.0652651919701602
3422,0.2023343982876673,0.0214969599491406,0.0652861876626544,0.0265566668289763,0.0700910354053747
3423,0.1732370307510433,0.0209314201731359,0.0584707033337187,0.0271660762065727,0.0715320001971627
3424,0.1332343020335698,0.0246097787113795,0.0501102021621687,0.0294572611918886,0.0718886560690768
3425,0.1005227085025554,0.0287762036523204,0.0409874799623703,0.0354235907691777,0.064331513995014
3426,0.0870439333422059,0.0336757253331779,0.0416212915133848,0.0462635670220852,0.0657107790154841
3427,0.0753213589596703,0.0349849951256606,0.0518172828790861,0.0596779670800626,0.0687936159646404
3428,0.059311324431462,0.0343786220124376,0.0664237270890592,0.071938378432456,0.0661146421606826
3429,0.0456296137610324,0.0292933843261899,0.0783846334022912,0.079931301766095,0.0604514996328334
3430,0.0447458067057312,0.0216982645079749,0.0925677241855687,0.0786591028773859,0.0553417128002992
3431,0.0454349622897655,0.0233651261753509,0.0945148394220576,0.0770033495562302,0.0560791247606599
3432,0.0436931372413914,0.0210260093915789,0.0916728263157144,0.0767550394470282,0.060214170221516
3433,0.0445589120188266,0.0210772570483611,0.0911333594925979,0.0803481694401685,0.0641609157532458
3434,0.0463234762595183,0.0203364792822228,0.0950011866667396,0.0822211210023861,0.0636089206358349
3435,0.0496180783940753,0.0157007856757702,0.0995727583141795,0.0860306728221513,0.0627503300477502
3436,0.0498617445452121,0.0124431621372095,0.1026241270601313,0.094119913849328,0.0612381462556741
3437,0.0457659042883173,0.008776700656346,0.1002946365013301,0.0954957081510027,0.0549103594643572
3438,0.0303466602089549,0.0060457775218844,0.0825481638855127,0.0821466507988352,0.0422402474193595
3439,0.0277861610231268,0.003333826661546,0.0630059682590527,0.0646301092551004,0.0334056996044886
3440,0.0324832814226023,0.0039597998892141,0.0698615940146148,0.0622066376742717,0.0314961942904698
3441,0.0403659209883074,0.0065139951201347,0.084533652710248,0.0665031075324101,0.0316483138452289
3442,0.0263404234019307,0.0154841328868535,0.0879206148332472,0.0713195368350136,0.0347500037008663
3443,0.034918918995918,0.0175513315851238,0.1127339968748962,0.0718690631116236,0.0364526659458526
3444,0.0382703566971766,0.0138845609915135,0.1327722064226844,0.0779439621158312,0.0420750383913026
3445,0.0417896917444715,0.013442907902305,0.14515808762041,0.0904508232448349,0.0490885610082489
3446,0.0455387568881445,0.0167713728780032,0.1460073309935017,0.1060227202687892,0.0539324354030499
3447,0.0490486756940714,0.0240022165183563,0.1463670561906114,0.1213379279839351,0.0559748070039729
3448,0.0483818046837956,0.0261085448614331,0.1415632692291804,0.137004862421558,0.0530787164505484
3449,0.0426965078015635,0.03014127714672,0.127088904004823,0.1525468083597637,0.0469850730522147
3450,0.0381269067494176,0.0246250551238068,0.1270383001778418,0.1576633224057161,0.0437378367543217
3451,0.0324821567777267,0.0196755688901422,0.1344828778463156,0.1647559036413079,0.0393863114980321
3452,0.0251728265851199,0.0143262965438562,0.1392721160441182,0.1738204337327062,0.0344988532320536
3453,0.0181587100489629,0.011955272734788,0.1370606550915507,0.1720550349424935,0.0345811211317635
3454,0.0158717284548096,0.0271865622715862,0.1433302306339027,0.1675789196820902,0.0326523108765869
3455,0.0163771710532544,0.0269297607440753,0.1362086774608905,0.1696013770076795,0.0337929827762977
3456,0.0197335556451882,0.0219743346430517,0.1289466882031474,0.1674899802713365,0.0343215077541687
3457,0.0234608908779964,0.0177214489842975,0.1202165705699335,0.1571168243826402,0.0343831032741229
3458,0.0271746559293859,0.0147104923126936,0.1141726861437299,0.1477362022162172,0.0368066298971601
3459,0.0266922386062531,0.0134017595711374,0.1111629598143245,0.137856494269674,0.0396593042738446
3460,0.0225214011917196,0.0130152889466383,0.1060582846816405,0.133646058329933,0.0375600168034954
3461,0.0185351823998612,0.0132879100303769,0.1025428713324629,0.1232105276550577,0.0367018274295107
3462,0.0127415611071933,0.010678172952988,0.1177207177274595,0.113033509808524,0.0339770805722007
3463,0.0055333574101386,0.0056232473157745,0.1107935075219506,0.0944551085803194,0.0354752108843185
3464,0.0060062023554231,0.0058484839918044,0.1094042543801469,0.0861755333304935,0.0415573883281768
3465,0.0086101241515035,0.0088510227068388,0.1097173574892535,0.0788807857949532,0.0479329955409838
3466,0.007651372293998,0.0134286577520669,0.0953967704790387,0.0766455214713633,0.0413376794264012
3467,0.009126804525566,0.0149389205026215,0.0996909779461504,0.0770691132802309,0.051749043067284
3468,0.0113482618629018,0.0265697369824281,0.1090198996420508,0.0847863740304296,0.0647280663416192
3469,0.0104566857343784,0.0395944291702672,0.118337998080679,0.0990337524408982,0.0721178815162498
3470,0.0198515876735078,0.034092087823351,0.131424513929731,0.120653344669329,0.0745002801172043
3471,0.0312735838918771,0.0299717335967522,0.1337504824963734,0.1349083328744999,0.0762693339129394
3472,0.0304552657822606,0.0229886107762576,0.1329500502358995,0.1409368229168835,0.0722608515373266
3473,0.0318602148618168,0.0220576561130905,0.1258518147072923,0.1359703199392989,0.0659935828004124
3474,0.0265274248599911,0.0177007689499412,0.1158025699498338,0.1308669013185986,0.065817764209202
3475,0.0244054543604131,0.0149216954660237,0.1062025547035557,0.1324064136149181,0.0694791446536347
3476,0.0260991530062065,0.0173141298878778,0.0971861117050297,0.1327172528914242,0.0734821639551515
3477,0.0261011158674889,0.0161979562134729,0.0893381120846684,0.1256925377697666,0.0763418310433903
3478,0.039892024797928,0.0160140124968222,0.0808137969681983,0.1130844903665308,0.0882602326573592
3479,0.0502325892773853,0.0203421943799199,0.081153667045581,0.114734132835662,0.0903357015776191
3480,0.0550530976944526,0.0171152550517522,0.0895267752965804,0.1139845016324289,0.0965279331911166
3481,0.0508522193483867,0.0148635576874633,0.1028747171924207,0.1154482232969026,0.0977041938120994
3482,0.0449598248339678,0.0152860610385892,0.1210887113130066,0.1146878586424498,0.0969240453056362
3483,0.0427942950285624,0.0172712034011068,0.1409211952400298,0.1119353938439237,0.0977949746528134
3484,0.0439570120508271,0.0157596892306644,0.1586626498579586,0.1117681770235156,0.1060670054376317
3485,0.0417377747008653,0.0149208274929374,0.1689493954202021,0.1107774660572195,0.1175461133660574
3486,0.0316326618413052,0.0122119803726849,0.1717639946896878,0.1020596002280575,0.1286727625245725
3487,0.0335509389370995,0.0125088798133201,0.1852729336340572,0.1068609587587883,0.1395060004229567
3488,0.0333749716997228,0.0146134851411618,0.2222051460713117,0.1173993257696846,0.152525766061244
3489,0.0300389812180456,0.0164125288848139,0.2688919688488602,0.1383080544142663,0.1721651618912818
3490,0.0169737753560809,0.0203000983157539,0.252329336685554,0.1213896482904893,0.1907958694267332
3491,0.0189878885324928,0.0286478731520717,0.3005753446499583,0.1357269491842634,0.2099411922428136
3492,0.0213211825036977,0.0261991913558003,0.340756900788568,0.1494132525510048,0.2031579941213773
3493,0.0256837598590063,0.0223276462252496,0.3288532413622069,0.1633639952699747,0.1909804425864726
3494,0.0281004907338903,0.0188296787603838,0.2981169235607442,0.1806245964995858,0.2067609793936634
3495,0.0227281755826615,0.0153528401104753,0.2731749035827281,0.1967327313477906,0.214719523771697
3496,0.0172957891571535,0.0136809321118183,0.2687417378370305,0.2090841928621884,0.211812070319718
3497,0.0183527580782748,0.0123012867575265,0.2553977881500165,0.2076188402852083,0.2080651452333897
3498,0.0182184563967822,0.0157379013834844,0.2613115177342943,0.2001346840002727,0.2068129999331611
3499,0.0178624814114267,0.018451634843966,0.2724649429979817,0.1950107569291066,0.2088169391558633
3500,0.0168567461658565,0.0173189096084194,0.2866039924080573,0.1928840203307572,0.2079794995707106
3501,0.0157587715312231,0.0133302418037929,0.2982473676245805,0.1888431992755708,0.2062815196838775
3502,0.0286193451666288,0.0205665711165356,0.2954403356965996,0.1804714036113223,0.2479043924234399
3503,0.0247697285455384,0.0190676107499249,0.2924265062946348,0.1742925825727495,0.239915506812726
3504,0.0254679667521262,0.018668167102388,0.2804538456029689,0.1654869052208651,0.219045132592851
3505,0.0222294257730562,0.0197669973038199,0.2668487614323984,0.1609179522379984,0.2093425136610713
3506,0.0170865670941171,0.0190136861634917,0.2555363564306969,0.151873465669214,0.2108338708744715
3507,0.0128915151857984,0.020563881959748,0.2436570549735904,0.1441428773843007,0.2120304304404986
3508,0.0121072202626261,0.020501773036623,0.2296867740581723,0.1400967374930929,0.2193374269824947
3509,0.0132441206134536,0.0172835195496327,0.2139163508563245,0.1438298445652887,0.2279898662217057
3510,0.011795464395634,0.0135239190004776,0.1940060616563267,0.1472274897619767,0.2401690530521842
3511,0.0095581317882096,0.0102698289259406,0.1981608575988139,0.150708823132729,0.2489924942598131
3512,0.0190395946882655,0.010393377477223,0.2001230437664029,0.1544536324864766,0.2581370966827185
3513,0.0360132417811213,0.0131588417315456,0.2089543499345093,0.1566597236855909,0.261901890681077
3514,0.0267648657153872,0.0158199006857994,0.1610027585311789,0.1314079372246989,0.2263246186135595
3515,0.0456354962718662,0.0195474537730779,0.1722751915207846,0.1319962681571296,0.2376152933414431
3516,0.051846724552803,0.0249191058849622,0.1757596458247461,0.1271846209122478,0.2433715902150817
3517,0.0546337424168886,0.0300217718458215,0.1716153203888111,0.1330840260055504,0.2423532532978407
3518,0.0569438987709402,0.0323095667567815,0.1685123712429835,0.1522227179325048,0.2335020022952054
3519,0.0693777208541014,0.0378572250071326,0.154493068962103,0.1765070965373242,0.2184878994324417
3520,0.0832697338647686,0.0366591294071938,0.1349125394554931,0.2066077340242628,0.1922886452687857
3521,0.082588050524354,0.0348538040466461,0.115805407914369,0.2220939381198617,0.1642232460359677
3522,0.0713177180772297,0.0326204209209862,0.099520930375319,0.2195387790729501,0.1488249169865127
3523,0.0709036648050844,0.030685406502282,0.0875149665418769,0.2178598506761894,0.1356978420955493
3524,0.072925864336828,0.0288130525430503,0.0797617716350453,0.2252457457692998,0.1271823059732204
3525,0.0748580603405026,0.0326379467577046,0.0741626151736124,0.2266921217735228,0.1193131798229636
3526,0.088944186563945,0.0331220582034392,0.0673679984602811,0.2721407869163212,0.1102181109922932
3527,0.0736142978077197,0.0306337203068602,0.0666262750490968,0.2565609247150397,0.1150271437354195
3528,0.0715859255120597,0.0316814073365268,0.0658618740270886,0.246114851606757,0.1123662211779757
3529,0.0640667080761482,0.0353344820617811,0.0669367067116692,0.2296389780461753,0.1126429610884516
3530,0.0595051947055957,0.0373015295331517,0.0703268937002466,0.2247164506862667,0.111683474570856
3531,0.045476261466379,0.0398768184679268,0.073599792160575,0.2351218764059575,0.1082058242595237
3532,0.0309930664105897,0.0436527196180014,0.0746725370554418,0.24227194197955,0.1094396681401041
3533,0.0286373276847881,0.0472817182632163,0.0677953845600127,0.2485254287527109,0.112934700957623
3534,0.0303150105541365,0.050289110048185,0.0572384699138744,0.2393289621360223,0.1278566259055727
3535,0.0315948996055185,0.0515811357247825,0.0552623720498784,0.2513153958169506,0.144052540108083
3536,0.0347624701385015,0.050763946396877,0.0571168095764329,0.2321055273162517,0.1671282946979802
3537,0.0387570455531225,0.0451312549897314,0.064117731162692,0.2262784096475731,0.1833118222751114
3538,0.0336376184843517,0.0407366872439674,0.0554048582125405,0.222930861126898,0.1513622781499811
3539,0.0382009924419824,0.0537667189395922,0.0640055824609434,0.2384265147539663,0.1706814379148132
3540,0.0443192434428949,0.0717068685657506,0.0748460710736406,0.2531677620080594,0.1881871603774148
3541,0.0585997926857162,0.0849475629150121,0.0895156022320679,0.2639491844302797,0.1983530236740716
3542,0.0656109151041037,0.0822355594124368,0.1015267671555352,0.2703225182974314,0.2089953252060711
3543,0.1020765258824589,0.0638276231057396,0.1149439110427129,0.2729972211499319,0.2098488970983817
3544,0.129241969055095,0.0592756261566623,0.1275782059689806,0.275662406491155,0.1974620349788491
3545,0.1434256453858886,0.0561576257402782,0.1347518704324553,0.2753800884238575,0.1748248672236798
3546,0.1603770726012968,0.0569646747728154,0.1336010454677866,0.2494492046717977,0.1705988998313202
3547,0.1619507700161507,0.0608933545527976,0.1332671566129586,0.2157545938949195,0.1683380451578209
3548,0.1684682653193631,0.0578535687745909,0.1388553680701554,0.195559613410265,0.1621250741275128
3549,0.1750763008782392,0.0532143569891692,0.143309356814376,0.177762851547076,0.161743681534363
3550,0.1310597964565218,0.0449651003098481,0.1384348984301139,0.1573282389523539,0.1736876642225733
3551,0.1423223178887423,0.0480057224155846,0.1326906370269285,0.1502877155933115,0.180185005319559
3552,0.1480621391736459,0.0472911667798203,0.1329604055183483,0.1459273851634532,0.1850844966983653
3553,0.1491921649152086,0.0454193099147021,0.133779965391518,0.1411615716483442,0.1903127579994903
3554,0.155022680206567,0.0454333449945058,0.13122835880451,0.1359665875365283,0.1913891764441808
3555,0.1495180623591866,0.042952488674326,0.1259445744053079,0.1304800916309595,0.2016542215883721
3556,0.1469365419846474,0.0392019113596609,0.1142981296431181,0.1226731111017093,0.2058392385868697
3557,0.1443054777111392,0.0358019716528552,0.096160003567407,0.1128033912260368,0.20123031138565
3558,0.1468875779873475,0.0327617610027661,0.0826047737194193,0.0946558095567259,0.201339972976541
3559,0.1485870151358438,0.0306163760275675,0.0785201518875494,0.0898495357114716,0.2081094077557929
3560,0.1493305869180251,0.033635682241547,0.0753049478250494,0.0997292144913658,0.214507686927229
3561,0.149915907688995,0.0352236023002041,0.0758742471560307,0.1147441330802072,0.213504625341114
3562,0.1273156078876319,0.0359724782300533,0.0541686189815002,0.1296999840084671,0.1802626263022353
3563,0.1587332438655985,0.0481553382932941,0.060715600843567,0.1480944751494409,0.183992078106174
3564,0.1906565924457754,0.0537242356567668,0.0589084133148311,0.167749156521215,0.197992377451872
3565,0.2223957592186885,0.0564198567224025,0.0584069065346969,0.1827578885657023,0.2060227739818558
3566,0.2357043421836321,0.051447115531118,0.0555714720372658,0.2013055128422443,0.2046562504156071
3567,0.2275042433335583,0.0484560757345741,0.0511087256214252,0.2131220679586813,0.2001801223504863
3568,0.2160497002860117,0.04553122031272,0.0483552532330349,0.214372648600669,0.1854483120378429
3569,0.2204309046530033,0.0358855240781696,0.0459599146280552,0.210072423917911,0.1583494799516446
3570,0.2327654677173457,0.0277634596702658,0.0486811603676911,0.1917659705082561,0.1322392964216623
3571,0.2355857227419289,0.0220021690787489,0.0624234257072109,0.1781149110622202,0.1118120130635309
3572,0.2366274538471326,0.0208137843447684,0.0878488072965516,0.1624228899150738,0.1009168216558807
3573,0.2283710168154533,0.0195826134424949,0.1185504067539495,0.1648502229024641,0.0926436951950306
3574,0.1913551633916481,0.0229772714229699,0.1426948669026784,0.1743213108118357,0.072738877836141
3575,0.2197564976289042,0.0231139982330355,0.1619861414557361,0.1850807639724552,0.0700450289415286
3576,0.2281843165231294,0.0229224981545735,0.1817644356692867,0.1879624830503364,0.0660735586255742
3577,0.2264843054686217,0.0225833658208806,0.1943804036542757,0.1866530730103952,0.0628394315354916
3578,0.2196581667146042,0.0214258108590105,0.2067099126058143,0.1832255320040003,0.0626050752676425
3579,0.2128448602064465,0.0208816684593179,0.2148831228480616,0.1769173844785565,0.0600427964390041
3580,0.2025682813913693,0.0179406521485061,0.2277268893515242,0.1701401994104411,0.0562605145980401
3581,0.1959209320180813,0.0144435482362882,0.2257451466339577,0.1663903973814677,0.0500291586828396
3582,0.1845616800791987,0.0162312703297182,0.2116869454554441,0.1733976619256175,0.0396255910074609
3583,0.1953322898307594,0.0163996121072831,0.2030484317465207,0.1745730959654132,0.0399015247528885
3584,0.2035301281967154,0.0164845570303163,0.2181562833980347,0.1586452194504375,0.0461850481052994
3585,0.1992435092274767,0.0178178840960717,0.2335001794247648,0.1506376662285215,0.0483170103893632
3586,0.1133572344154426,0.025139385628689,0.1958808516335271,0.1111467627549528,0.052560642968096
3587,0.1407935369638769,0.0289417669031924,0.2402540448224387,0.1149693079727899,0.0559278374608639
3588,0.1340303116927896,0.0272371814669666,0.250299772667184,0.1117480355239212,0.0619448276965237
3589,0.120206463321724,0.0253461315291817,0.2531732085221048,0.1089140960145783,0.06823596919695
3590,0.1062834107599852,0.0254726146973287,0.2401577016601976,0.1085114463120215,0.0738403499890697
3591,0.0923983240354985,0.030322608237892,0.2241474590652273,0.105398861580329,0.0766410202440944
3592,0.0828277767714371,0.0323887721995901,0.2083312204757038,0.0989033617655127,0.0694583219883195
3593,0.0824072100365457,0.0317731189749148,0.1892645886840447,0.0890997157837846,0.0611577735638951
3594,0.0805499504509283,0.0326012069851259,0.170865230079879,0.0778739286536765,0.0583639222709813
3595,0.0805449044516108,0.0305061635167316,0.162248023347898,0.0755075320598762,0.062768521806942
3596,0.077238259120603,0.029636052281947,0.1592856774300281,0.0767467320153121,0.0662259227964183
3597,0.0739570246384874,0.0312573424512751,0.1641206012539447,0.0752317064009822,0.0673957128219376
3598,0.0749579558576683,0.0401021208846626,0.1819643838703244,0.0732812596217369,0.0741518589898061
3599,0.0761869789282968,0.0397405094248296,0.1896821201902507,0.0668595217135633,0.0791270014180339
3600,0.0747975608270932,0.0345263429668979,0.1958705698139501,0.062844625077018,0.0820446503722123
3601,0.0782281779581014,0.0304325737692088,0.1966359196594585,0.0577491046102374,0.0828027300282986
3602,0.0830158886240663,0.0286618872894822,0.1961311999999099,0.0511322018415141,0.0885691375406587
3603,0.08620106044476,0.0262504811681153,0.1917915124100525,0.045831286741306,0.0914771743650016
3604,0.0839428881932808,0.0234588890332822,0.1840234427639028,0.0423224539692688,0.093337350555696
3605,0.0751752796057165,0.021921107051831,0.1679080828468769,0.0391947457865865,0.0942430095262586
3606,0.0570070785759693,0.0210582997496396,0.1429969563861792,0.0340098444244464,0.0920521789380123
3607,0.0493529233605927,0.0168623609565635,0.1459480341502496,0.0216780361210316,0.0991618607525353
3608,0.0665304198444782,0.0237856663764889,0.1491116952907522,0.0212177827254993,0.1110564796054819
3609,0.0950715294833732,0.030987032576581,0.1454056054177061,0.0239874393618743,0.1170928280014347
3610,0.0825936802686838,0.0490052422327585,0.1042756613040306,0.0219214257861701,0.1245591628952385
3611,0.1080203113017822,0.0611365327091925,0.1208350384696771,0.0221679559530546,0.1255773832918813
3612,0.1095032702738846,0.0586987619075252,0.1226341316944821,0.0238981729290053,0.1283799815230402
3613,0.1061710377955258,0.0529192233160801,0.124373285580921,0.025252392109081,0.1318825208386682
3614,0.099597629919409,0.04946660609273,0.1196250971722855,0.0257255863467295,0.1380819064617993
3615,0.0966606115488478,0.0486711763783812,0.1123228553119628,0.0249051301328996,0.1335335901808644
3616,0.090985435726651,0.0509468424601177,0.1010022747269809,0.0238168418112555,0.1249811356829774
3617,0.0698206037762758,0.0445297629856412,0.082812102712979,0.0234619176170168,0.1052686344356853
3618,0.0670905952928994,0.0372758500983152,0.0674020350751082,0.0249022682142943,0.0944847079271928
3619,0.0755666105520483,0.032597160758283,0.0575281367594825,0.0328729714353129,0.0895943031108578
3620,0.0832971443098515,0.030737786230578,0.0513511539771825,0.0444800765525942,0.0866982852351199
3621,0.0839790374698643,0.0292105510882979,0.0480255001197214,0.0554420613494867,0.0875691652089136
3622,0.0732481926956384,0.0378582899629857,0.0459032270596782,0.0705590283952979,0.0910889895396465
3623,0.0908220516765517,0.0380418939754932,0.0528546706241582,0.0760815448118621,0.0871869175301761
3624,0.0976174369385119,0.0320822634320468,0.0616739376472356,0.0810020856178505,0.0850665186835242
3625,0.0897903515177038,0.026029348361757,0.072242999909219,0.0838029808477323,0.0843750416359234
3626,0.0868280688286871,0.0252843153162184,0.0847742358978742,0.0876017049375733,0.0911898646619428
3627,0.0883661937297642,0.0224615111156127,0.0981379052638907,0.09333984127347,0.0999606961071651
3628,0.0878140695548699,0.0174997704741922,0.1050546232811188,0.1002223544971032,0.103626718111323
3629,0.0797065659738241,0.0144021194848304,0.1008916978116717,0.1030250334091436,0.100583194126161
3630,0.0595006738856128,0.0133103735589375,0.0802367906965564,0.086961352612111,0.0893374314965703
3631,0.0588719520355254,0.0080681645423577,0.0842837292579367,0.0537293800810361,0.0831831528458117
3632,0.0748457770044299,0.0098545970425301,0.1118634825226791,0.0397113220009003,0.0917234346114384
3633,0.0866725657944036,0.0130024602997369,0.129565356091272,0.0463753414226756,0.1017705044060486
3634,0.0574591241377356,0.0202786176163772,0.1066747319533663,0.0504470196058958,0.1140937396773893
3635,0.0782152203512987,0.0239405658426514,0.1105425025890067,0.0590794546776728,0.1130858378444694
3636,0.094138173364394,0.0250279102917739,0.1135232265386891,0.0625211441505231,0.1079747410586612
3637,0.0978480113767128,0.0251270302879759,0.111503511736343,0.0649243576409949,0.1123762445473721
3638,0.1000175778242433,0.0238015278665301,0.1044070242306933,0.0649235721888525,0.1143467657556776
3639,0.089527553050944,0.022881027522932,0.0955255990418835,0.0618815461510781,0.1057067870522722
3640,0.075524382158464,0.023117702165023,0.0878937100838814,0.058613874496986,0.0919539583982203
3641,0.0613391690184873,0.0220786359024317,0.0754224319671327,0.0555601278770261,0.0793246215710445
3642,0.0560471040448013,0.0220165847311082,0.0687001409142046,0.0544404391536434,0.0753856560625986
3643,0.0551422666478407,0.0206600984284414,0.0712772418209946,0.0652243677652829,0.0755962236838511
3644,0.0600626816229737,0.0206258890385526,0.0699911130571132,0.0844209252091353,0.0759503849699924
3645,0.0610501149276159,0.0162968461820233,0.0652946383446706,0.1095580882065413,0.0744783794027891
3646,0.0533590061703299,0.0174553362296097,0.0635331055534027,0.1377116505364003,0.0647009485161856
3647,0.0495112289405673,0.0151891473454855,0.061165221984061,0.1578433125913269,0.0649677916999816
3648,0.0458984810922243,0.0125697308909244,0.0637213094800961,0.171280080837155,0.0676017759046249
3649,0.0464982138118611,0.010851793834025,0.0698009036186864,0.1755327430843041,0.0699109125892744
3650,0.046851633575793,0.0110139994521947,0.0755034835302011,0.1823690649352378,0.0693910169885291
3651,0.0463038966575705,0.0104391603931753,0.0797917202021487,0.1876786479382554,0.0669164217980517
3652,0.0443110851321432,0.0099340828690226,0.0870323327384576,0.1896216345806616,0.0637471094922607
3653,0.039833525484216,0.0103875581754401,0.0887403830211366,0.1885069516254131,0.0580243129145479
3654,0.0289630598377285,0.0130564934634437,0.0742168074939051,0.1741213256713044,0.0499451454255645
3655,0.0222214987570676,0.0106747427484724,0.0577494823290755,0.1294850623808433,0.0403029585272055
3656,0.0251379226035437,0.0079458706572262,0.0625925696752788,0.1127614453670202,0.0435335023145437
3657,0.0325108346341031,0.0099550062578533,0.0753033146294764,0.1290688197015,0.0512838349172595
3658,0.025976778990197,0.0118698501768,0.0711563523027553,0.1126115154269894,0.0635418554805127
3659,0.0340034484071528,0.0169095557939838,0.0909023964512101,0.1498453846452251,0.0683973505035401
3660,0.0426472187077951,0.0159674826620667,0.1066114036981727,0.1770952886336552,0.0725828789586443
3661,0.0472107585773167,0.0147786252390765,0.1203250865481027,0.1992110046010833,0.0768113609243155
3662,0.0501062585354352,0.0139939517810038,0.1322520825923402,0.2095964306880358,0.0789947419636217
3663,0.052650483854803,0.0146321807543597,0.1352512147341667,0.1999627982552157,0.0769665092871356
3664,0.0556058732362057,0.0173761864056556,0.123034423860979,0.1815176049304339,0.0672688401645306
3665,0.0510646194365412,0.0213367279960979,0.1094270388136889,0.1593999633878177,0.0575039063368156
3666,0.0531027922995538,0.0238100415185275,0.1233544273381921,0.1476552976686482,0.0507559392812539
3667,0.0510570756732284,0.0229061050162158,0.1585361657391208,0.1497889430520117,0.047150865340049
3668,0.0510861206289238,0.0228589654043597,0.1998795613721655,0.1544575615586039,0.0440753568800512
3669,0.0534335733662998,0.0276647430465101,0.2329808985077526,0.1582685655259312,0.041968366096801
3670,0.040179540097144,0.0226616064222264,0.2601069032712714,0.1596902959554059,0.0368535022604663
3671,0.0396173988509798,0.0222601995581836,0.266184395739303,0.1611468617053458,0.0404100570092469
3672,0.0404330269942189,0.0229559077333285,0.258473643318075,0.1491491040440081,0.0449979832308037
3673,0.0337244805407043,0.025270213431837,0.2362746437874409,0.1366912692391026,0.0519128462759487
3674,0.0303866886922962,0.0349631200907288,0.2041921951730348,0.1341561956806094,0.0522517716703059
3675,0.0261414834266304,0.0355359915343083,0.1818590216085119,0.1314654229935654,0.0508507940303585
3676,0.0235187761120334,0.0376674024495052,0.1685094810498591,0.1237928694850732,0.0538003304523698
3677,0.025791443786718,0.0384684602714862,0.1507873214635678,0.1116352162761219,0.0543897290209627
3678,0.0181616656796554,0.0347430766737199,0.1193271492433385,0.0955853541539308,0.0430682625581456
3679,0.0123718575136252,0.0260497256328046,0.0879373623461337,0.0829178463146424,0.0318827818162758
3680,0.0162580261522861,0.0155203653568726,0.087780764595773,0.0801056042040587,0.036030973879366
3681,0.0235777208817667,0.0222495518841811,0.0947553855794244,0.0846164255904689,0.0443946281579933
3682,0.0229281018534084,0.0184398365577742,0.0967805782012166,0.0731892029901291,0.049037175311068
3683,0.0342238359121948,0.0453906026178257,0.1207602287428794,0.0850840317561525,0.0604693962307951
3684,0.0488216256307739,0.0578804493574283,0.1299440483386612,0.0891009962552874,0.0675198017875155
3685,0.0641988521212583,0.0665184965686341,0.1230207092250682,0.0900287640270898,0.0721076732062914
3686,0.0663772809999221,0.0647237129743009,0.1080681497940027,0.0904724125898528,0.0765873676307924
3687,0.0582912386420843,0.0405003373269302,0.0911821399892747,0.0928187918808498,0.0763436980889693
3688,0.0505833839467897,0.023038556512625,0.08205896503891,0.0930263969347805,0.0686322821098953
3689,0.0457419539499517,0.0148393297497819,0.0812755697863921,0.0862520285816377,0.0562574356760984
3690,0.0446304681877623,0.012692449473594,0.0820515957250451,0.0702270586026975,0.0492591564964213
3691,0.0432431760101343,0.012067948692327,0.0815510989604082,0.060360873660742,0.0481937252263758
3692,0.0446028762163702,0.013532869736244,0.0840391476709354,0.0605322021806475,0.046064964887177
3693,0.0389831266020294,0.0150773415564719,0.082939789929102,0.0641675645365343,0.0459314020258028
3694,0.019926033598992,0.0114742563940852,0.0586953464391686,0.0652035522427078,0.0438265556584613
3695,0.023328239735691,0.0135058294982406,0.0489636361578434,0.0785941832468846,0.0486331713360888
3696,0.0233408441606268,0.0149684887720687,0.0429477051502372,0.0950999959257016,0.0469320044484009
3697,0.0252152330217694,0.0133955477581985,0.0453270819674976,0.1024905928813775,0.044574775051019
3698,0.0286026522600629,0.0077238870024567,0.0518729438129322,0.1132547457013818,0.0407687914103546
3699,0.0254447898828477,0.0114057344311068,0.0564509532955662,0.124454726717629,0.0407891500534261
3700,0.0238961769083659,0.0190310924217293,0.0559440956694596,0.1342742655676851,0.0373363338504059
3701,0.0229405043529753,0.0204459647182163,0.0458328814743935,0.1393589933354908,0.0330745505507263
3702,0.0177857189915444,0.0187100111928164,0.0339950412192474,0.1320263852735178,0.0254306224030542
3703,0.0116004637975695,0.015741752213372,0.030220208128452,0.1143258190578443,0.0186681072549566
3704,0.0103910449915287,0.0166419220592845,0.0303681297956701,0.1115541789975761,0.0205463846781891
3705,0.010772195597092,0.0211116874408796,0.0311974567150412,0.1345963386352497,0.0267694873638337
3706,0.0113508100847496,0.0241185350457612,0.0348506261922774,0.1599426667232763,0.028724081527968
3707,0.0193148375628822,0.0302206046908719,0.0407458200184308,0.2175691587579111,0.0357440825826583
3708,0.0312380138362143,0.0383348270782037,0.0468758635950071,0.2461669204183188,0.0424493364783598
3709,0.034331523465783,0.0458194137431657,0.057515777785832,0.2826554161940738,0.0480868484561694
3710,0.0303519082720017,0.0520398851233834,0.0688698245202558,0.3161867922283569,0.0528648841428841
3711,0.0297747410416535,0.06261213130855,0.0808693698796548,0.3624740594489689,0.0544585655735345
3712,0.0349796280322499,0.0567732896206704,0.1005116383369448,0.3795503216488058,0.046996073941844
3713,0.0476053536946159,0.0462739526373575,0.1235647209126867,0.3594771420285172,0.0401411301753772
3714,0.0611138215041012,0.0396953694401549,0.1702594436880378,0.3208520967383159,0.0409192943243067
3715,0.0686089913607001,0.0425103876787325,0.2333702079464311,0.2908902347641914,0.0420495191252999
3716,0.0700244099886313,0.0454614150752981,0.2815940955013379,0.2568275204419254,0.0409100395955417
3717,0.0630781024958122,0.049050827947865,0.2935973086715737,0.2309901512118302,0.0413181690150346
3718,0.0573040492797915,0.0540317099462587,0.3140584796778486,0.1942841119385208,0.0450447624023935
3719,0.0514962661632273,0.0657937276591161,0.3012135347864033,0.1775288281368084,0.0467373793080301
3720,0.0485204621876889,0.0665832552668557,0.2596108048638784,0.1711700352890713,0.0481941320839704
3721,0.0428569993386673,0.0481227042891565,0.2329453220046182,0.1673615063215093,0.0471881254709838
3722,0.0427818038464793,0.0381169915286658,0.2206426409967647,0.1512009426396191,0.0454196348485024
3723,0.0486969608219637,0.0219450099481696,0.2078620095438674,0.1297404157810231,0.0460339562980406
3724,0.0500173710335032,0.0159376346409517,0.1784727772126452,0.1124737731038374,0.0485507181207118
3725,0.0439080222618622,0.0119477234319885,0.1402926435664367,0.0889300492930536,0.048173316188596
3726,0.029403955940639,0.0093539242436693,0.0952205977276747,0.065160864368902,0.0462170290825737
3727,0.0194212693042221,0.0071163830372167,0.0631340152521492,0.0526287858101751,0.0404056834847971
3728,0.025129030169476,0.007622025568864,0.0533521258102075,0.0487762312569055,0.0494344288288939
3729,0.0385236660435302,0.0130999297220242,0.0504166123666201,0.0545366050518645,0.0641059861197551
3730,0.0399270404994051,0.0210482222756639,0.0475778439975109,0.0617216101039442,0.0644865047432855
3731,0.0481307333441494,0.0330478232259255,0.0514858027656458,0.0725109215537656,0.0799053606252983
3732,0.060033721634748,0.0573270335330798,0.0537906176996877,0.0830842900884061,0.0861539049504658
3733,0.0746056443625428,0.0688639476376318,0.0584510634332271,0.096578077181397,0.0905423968893875
3734,0.1087644017098857,0.0658518754144094,0.0652713167529508,0.1166275714702051,0.093792602235317
3735,0.109188659158217,0.0578971397673721,0.0768880441577601,0.135896057580786,0.0883860879213396
3736,0.1106960110518805,0.0414613617184303,0.0918844403555489,0.1618084678090972,0.083496174053827
3737,0.1151235445022695,0.0312470373048953,0.109509048973822,0.175588836753732,0.0749644286558241
3738,0.1259702631972636,0.0438281228791445,0.1484351395787505,0.1779235156612624,0.0760383114576703
3739,0.1417075469935376,0.0864002593482972,0.1897353297034369,0.1822383815549111,0.0724433847044042
3740,0.143243647626016,0.1537833089434922,0.2281172015277384,0.1994771152583498,0.0701582600396452
3741,0.1443169800834945,0.2007721998417665,0.259554667651053,0.216177983319962,0.0738210345776648
3742,0.1366981366125103,0.2492780154530324,0.2704585022831597,0.1835117822553214,0.0844859184449285
3743,0.1443991480326098,0.2595826600694215,0.280466756439099,0.180139489075829,0.0870060469558647
3744,0.1654478719695266,0.1911447841418823,0.2622273253298364,0.186474958026599,0.0872097865998806
3745,0.16194701895948,0.1411362260999182,0.2502214904974295,0.176776463516892,0.0888247953578826
3746,0.1454912577452763,0.0912370301649655,0.2443761676028931,0.1627215100636941,0.0896473993897886
3747,0.1378797184488869,0.0702343951438147,0.2261264984215176,0.1574376759013654,0.091118205334007
3748,0.1361609498617945,0.0558220113259647,0.1936013187002624,0.1524278948077946,0.0931191182970306
3749,0.1498744277854747,0.0470164416567094,0.1605919317205008,0.1429452024949338,0.0912415611736483
3750,0.1471013881691146,0.0413798066607334,0.1414567708688621,0.1365671969757919,0.0790048848298997
3751,0.1615870409989826,0.0368538622305302,0.1545860980245483,0.1138293038629246,0.0777162241708641
3752,0.1700031558247404,0.0319168300617154,0.1724599904368388,0.1056092478302768,0.0878643547351073
3753,0.1440425502814417,0.0286180876710718,0.1891614158609016,0.1030481065834183,0.0952453236571687
3754,0.1053043376139426,0.0177316851209297,0.1819019683951891,0.104612293769169,0.0812639520954107
3755,0.0857166751849615,0.0218056352323363,0.1884412356886708,0.0964640201565424,0.0841976654413253
3756,0.0825191981433719,0.0305991396440969,0.2003519460843578,0.0953468680864439,0.0896340684549523
3757,0.0628285794996513,0.0336551794960982,0.2213350308534218,0.0927101518552422,0.0943237574828439
3758,0.0406554941195985,0.0204400786011031,0.2296484124444802,0.0930331053998013,0.09416331105016
3759,0.0304062836533799,0.0142133390766119,0.2212239473770063,0.1022186366791469,0.089150130465829
3760,0.0320731768295033,0.0150927560816877,0.1990275795342293,0.1161325638742143,0.0820653059380845
3761,0.0280982822887952,0.016732542865473,0.1798842458204979,0.1426955400281476,0.0729306146178456
3762,0.0297160546929907,0.0231645220754428,0.1558982088718825,0.1416805855471781,0.0691877332694923
3763,0.0522412633839162,0.0317773874007891,0.1326343644132708,0.174083148127351,0.0699820040459275
3764,0.0721404762887048,0.0410562720740018,0.11468856176358,0.2348531976986983,0.0674072824816033
3765,0.0923020793946604,0.0428500986494397,0.101480802706514,0.3064646896979349,0.0676314482563392
3766,0.0886597931420557,0.0415493623308523,0.0717249010936073,0.3425661064997726,0.0798973968968075
3767,0.1061092632560223,0.0244635762838166,0.0708828932411177,0.3800062739738596,0.0804532740645702
3768,0.1091965493767241,0.0245075318803821,0.0716707121606103,0.4240087558021113,0.0768928675356481
3769,0.0909097701056895,0.0246389484502522,0.0702602806479309,0.4618406311898023,0.0687551536200087
3770,0.0788849049820424,0.0294236777448625,0.0700819002702696,0.5029987302626593,0.062858596494685
3771,0.0615671272643537,0.0355244666493184,0.0716016553519269,0.5345120275816525,0.0652891102070164
3772,0.0459527883585435,0.0362593408017234,0.0677528640434747,0.5293494061398608,0.0691787452790343
3773,0.0356106483768616,0.0370110843000865,0.059554359668254,0.5106444231803612,0.0667845338664012
3774,0.0284479096830495,0.0333021213475034,0.0505449863721413,0.498277309832985,0.0525767468077289
3775,0.0285926155028886,0.0346150421510571,0.0590861695601335,0.4438441507463341,0.0480397980589258
3776,0.0295675822659616,0.0381891594641406,0.0744486831960577,0.5088348314824771,0.0495305710238827
3777,0.0394199725946887,0.0368110016388764,0.0927781944711341,0.5766814254347145,0.0566490963549833
3778,0.0541634307989806,0.0179624451533958,0.092364243581932,0.6012289276162815,0.0592616154921523
3779,0.0664663442239471,0.0169680942841882,0.1108413024815044,0.6345521851108511,0.0689515346968869
3780,0.0875043384898536,0.0283690943997913,0.1271860672518856,0.685106639491301,0.0782340229947281
3781,0.1034372010609672,0.0589991910602807,0.1369251629879937,0.7782513068075647,0.0874459204685968
3782,0.1292169364795434,0.0730661217161684,0.1531670853466707,0.8275161644634834,0.097653022689235
3783,0.1452289269599642,0.0980507040974036,0.1660336369225484,0.8409804159132872,0.0990768226124458
3784,0.1563547173412076,0.1462467481460772,0.1739256067873823,0.8557950062740924,0.0944754671261971
3785,0.1673645339668458,0.1798240736390525,0.1717498863081687,0.8606777113280569,0.0886220564570957
3786,0.1874943460584777,0.1495298945145143,0.1930573997599291,0.8775550167120647,0.0854520320928401
3787,0.1905107764559055,0.138588961918628,0.237580787050086,0.8842191603636494,0.0818624971762928
3788,0.1676249646972288,0.1264764398279508,0.2648040392001611,0.8656872110240618,0.0789892744460835
3789,0.1355617027543559,0.1265475248352819,0.2847082545748416,0.8342870984830508,0.0735673581772289
3790,0.1119237019620489,0.0787538053171721,0.2790810247945323,0.836324246737756,0.0731461454494066
3791,0.1186720907166351,0.1020565023121918,0.2960994921715334,0.820711045421131,0.0801087830136228
3792,0.1447462907206929,0.1092542788859356,0.3141391817568145,0.7872539469402267,0.0823166634779913
3793,0.1969345561846687,0.1088991783194314,0.3366146758811909,0.7521514464274033,0.0816501839354768
3794,0.2398990179109341,0.0865685757894191,0.3498261297561892,0.7146187238053086,0.0723320323928339
3795,0.244635476312678,0.0760136475650918,0.3730503027741317,0.6741811518841746,0.0592989913234039
3796,0.252425496243574,0.0723622312242607,0.397749315688036,0.6336985611510161,0.0541321459035949
3797,0.2460596573480573,0.0628347842223344,0.4114379136226737,0.5914055851675819,0.0486669338742515
3798,0.2503919076509769,0.0435015164405253,0.4375330732005535,0.5218282273608471,0.038016023634635
3799,0.2589101405851262,0.0511648413442185,0.530846798792565,0.6542016657674088,0.0260136567009563
3800,0.2488891566075777,0.0597542308312204,0.5964608145010213,0.6079809758670313,0.0252036107228559
3801,0.2174156806208704,0.0571274564011075,0.6050730629361531,0.572375474534804,0.0298103425261078
3802,0.1860665036721028,0.0457311017488181,0.46602466678908,0.4407524265771909,0.0422020273735086
3803,0.1617102499509533,0.033990047146473,0.5229390011853461,0.4318173599479439,0.0516846506344355
3804,0.1428412249188291,0.0283895492706249,0.5814849056508586,0.4334630490768024,0.0619770529376899
3805,0.1238103413662692,0.0203465934375968,0.5986539512455227,0.4092251027517326,0.0643831147977534
3806,0.1010769807987172,0.0117007100942029,0.5875109940202186,0.3659309692417081,0.0591589759730264
3807,0.0887588496991092,0.0112943704887474,0.5546993345563029,0.3168445555802375,0.0501450203333323
3808,0.0725826014094503,0.0170767236621939,0.4854219957374714,0.2558944116306362,0.043126583121955
3809,0.0562471846358302,0.0304900022879749,0.4010622624287903,0.1918749761969134,0.0453943681665183
3810,0.0517508695239678,0.0414750936452371,0.3470745583703699,0.1383970232014003,0.0477976532033133
3811,0.0456592042626051,0.0392859754875152,0.3013337260512465,0.1064002267234967,0.0454758664975641
3812,0.0391443766924222,0.0376534903294593,0.2668581218279522,0.0860192101228937,0.0426685561295396
3813,0.0368413555296761,0.0358143046748914,0.2569499615856889,0.0696631173213763,0.0430461260467789
3814,0.0317166923586459,0.0226692844855745,0.3043701126246934,0.0510866824584532,0.0435113542637036
3815,0.0359065951057218,0.017032502221315,0.2746159349373224,0.0490592432992132,0.044234686023398
3816,0.0393146129665987,0.0178891870550639,0.252288816694155,0.0493864867509009,0.0474807685038587
3817,0.0408500717745392,0.0199090139653626,0.2294594240121981,0.0539099718279569,0.0523121033051668
3818,0.0490652137839501,0.0249502450049292,0.2084187027017691,0.0610530719348774,0.0609406668345305
3819,0.0582520712446338,0.0289415112864762,0.1890927569466076,0.0716302386439829,0.0677381915860583
3820,0.0663409019435316,0.0379145667054426,0.1682526280300241,0.0815557337850095,0.070265084347994
3821,0.0692410523555186,0.0492630424269355,0.1470601052298496,0.0878571801305669,0.0730549824110385
3822,0.0626374527169719,0.044989577587394,0.1176252609074313,0.0791158920446299,0.0719827425456752
3823,0.0687784993928777,0.0261526365823985,0.1130684176348209,0.0611330207662349,0.066060473136072
3824,0.0776780383450891,0.0217218642794438,0.0964493133569727,0.0605283399651977,0.0640707312163991
3825,0.0839116061039269,0.0220460176768455,0.0882981053476913,0.0632548463386,0.0686922414017846
3826,0.0795272646991902,0.0153436619764677,0.0695200682313518,0.0500741539273078,0.0798723139716784
3827,0.0751702485317665,0.0143232413459376,0.0614561036792358,0.0507289359359963,0.0921666568829857
3828,0.0800076426256809,0.0192151587367332,0.0551698679234696,0.0536288838908547,0.1047999944177398
3829,0.091855127524047,0.0296641558250949,0.0487879703753241,0.0569874644604366,0.101795247789353
3830,0.1050978042098976,0.0371071565663583,0.0415043631930737,0.0595254618026375,0.0923794805469119
3831,0.1151474126258841,0.0347724949240386,0.0391180287275592,0.0596656699080397,0.0854066365870731
3832,0.1260869104820854,0.0354314581515511,0.0430379013045072,0.062614682825074,0.0722637294788727
3833,0.1272621792139788,0.0314169394119163,0.0540397479821176,0.0717766531494263,0.0683480379603649
3834,0.1326240005142111,0.0304839526008449,0.0825020806405941,0.0946028834214024,0.0772269981918865
3835,0.1405472164716162,0.0320294542059331,0.1191452333604733,0.1240977979894273,0.0827168570462826
3836,0.1363863169770915,0.0384804421296848,0.1503104750556741,0.1406070524682351,0.0808549979324135
3837,0.1274891775208462,0.0398437590675532,0.1635005713342424,0.139665096818097,0.0749771995557313
3838,0.1102307143991964,0.0499044354926861,0.1634809647120824,0.1243397827495224,0.083643244182001
3839,0.0947660877750875,0.0320849250180765,0.1625586598941051,0.1134052506260297,0.0842826567506801
3840,0.0731230740339899,0.0279573987257019,0.1594072468100075,0.1064044314889914,0.087461580273818
3841,0.0677373646556674,0.0215006266918959,0.1596835397934864,0.1098202064391649,0.0942396728542202
3842,0.0673041786829681,0.0179647674328389,0.1559897351576192,0.1186091957881951,0.0973302620241265
3843,0.0772181189804574,0.0158415585788083,0.1470613020810043,0.1329135060983404,0.092039565415764
3844,0.0848171924771615,0.0203198872317841,0.1364533670022706,0.1417553646619776,0.0835010328457406
3845,0.0904157159615853,0.0226764965252458,0.1261789733598594,0.1350423935025492,0.0799496084514398
3846,0.0779493736637804,0.0221357643083908,0.1172038992867566,0.1180846411228469,0.0777195307758224
3847,0.0854780717543692,0.0252285626834245,0.0956606808400838,0.1080424692885042,0.071564488306337
3848,0.1062254282232497,0.0278021239904361,0.0840859619999158,0.1088512355203128,0.07408847491661
3849,0.1260542608862095,0.024877525338679,0.0790939152976972,0.1134075631291352,0.0930254970686965
3850,0.0827369944498514,0.0208692072992155,0.0729163848040354,0.1110807980607387,0.1006768222248556
3851,0.0957111698211485,0.0292438127790608,0.0828759170556257,0.134374485621739,0.105787813779397
3852,0.1064079062261296,0.0275122635942341,0.081676120255741,0.1640717833787426,0.1228673931076686
3853,0.1417950310420301,0.0253325958797873,0.0893985738876965,0.1763584393859794,0.1285257618246583
3854,0.1669674362320259,0.0210704965167714,0.1006273083960721,0.1798670749363983,0.1157641377261993
3855,0.1750439999505508,0.0264403923057765,0.0982700218655012,0.1797820688230544,0.1022979739017513
3856,0.2083843351700122,0.0286168609407884,0.0991136348386796,0.1737100426422133,0.0944086772572478
3857,0.2141487641547201,0.033735720752441,0.0973267162358662,0.1630870237801439,0.081785852230941
3858,0.2059878278422601,0.0305084750543569,0.1022715827951217,0.1445609517687074,0.0791140171170376
3859,0.1939473193143454,0.0201524511547227,0.1267056469661603,0.1256027921289758,0.0836003220995289
3860,0.1787221611045047,0.0148570864597728,0.1424569994830577,0.1207033711758931,0.0839649639967336
3861,0.1700740242602061,0.0116210034598596,0.1484536904336657,0.1242824228837315,0.0776154881867396
3862,0.1625782530383581,0.0163611166477248,0.1117907946742404,0.1035353050701324,0.0747114150430013
3863,0.1685161589774064,0.0170162880206602,0.1266418026683028,0.1097744917822985,0.0784295589322661
3864,0.1716128065370978,0.0277454849471417,0.1252014424039425,0.108701430320526,0.0734644398431609
3865,0.1514734500343212,0.0236627377400895,0.1071139302400202,0.0985919482862276,0.0636190808400506
3866,0.1424518228369992,0.014804230692029,0.105746123060758,0.0923687568770763,0.0553533953270078
3867,0.1358467703484072,0.0165055481981159,0.1005030544620228,0.0838857304482097,0.0468199325125167
3868,0.1326503874307752,0.0189685644537117,0.0871484458956318,0.0778194307649276,0.0451709927306811
3869,0.129018838529146,0.0202493004061221,0.0797035006141199,0.0744198871788414,0.0441120465764911
3870,0.1028929156285587,0.0201012826265996,0.0723228090164032,0.0657404398418843,0.0344659868064129
3871,0.1007238993017547,0.0260895343828241,0.063678360116813,0.0610376679967954,0.0270971547091008
3872,0.0989500926593545,0.0286810450612563,0.0564400677522026,0.0648728741678314,0.02918180548646
3873,0.1222208548524276,0.0303063663831079,0.046597733383984,0.0688376022321187,0.0336234565040457
3874,0.1419278283046519,0.0240233522506712,0.0383001490113778,0.0705756190210405,0.0375616073266194
3875,0.1782541681266996,0.0220893174214972,0.0454641594407988,0.0695624275061539,0.0496507994666998
3876,0.2311714632898541,0.0339699477917238,0.0511127706199088,0.0638269876408893,0.0626531285680385
3877,0.2192492496794319,0.0383971402752832,0.0466612331076735,0.060143535200432,0.0798912710410911
3878,0.2023342051922047,0.0411453780245745,0.0416290074980001,0.0616825852803616,0.0885983024859186
3879,0.1809357015701001,0.0417575002878985,0.0412844516995616,0.0666064288915242,0.0846625401303694
3880,0.1980873978427333,0.0299293488311291,0.0448062134110924,0.0735002113780663,0.0739588156865549
3881,0.2226549237266163,0.0238929355825331,0.0623441661563005,0.0816309543767454,0.0646427768100099
3882,0.2361041310911209,0.0241815238640194,0.0727218469780702,0.0830727514149562,0.0683141844962184
3883,0.2280214111766619,0.0209540161968891,0.0879558481625438,0.0842960899280133,0.071999753186737
3884,0.2157676218935556,0.0164212378271549,0.0999766201361592,0.0903692896116204,0.0716244037108809
3885,0.2117397318504892,0.030042053734502,0.1139991839447311,0.0974122783114008,0.066860737592955
3886,0.1691968301239186,0.0301034754800351,0.0663345408431117,0.1206633307307193,0.0807871081074462
3887,0.1822242678963217,0.0299549243968392,0.0843377871870418,0.1150203956177526,0.07998198960138
3888,0.1795950754718238,0.0336846864906974,0.1152982966128417,0.1012350728262289,0.0780642585563826
3889,0.1538909707631262,0.0230323876308638,0.1352443055717229,0.0932571053540009,0.0786223808911483
3890,0.1268085551844122,0.0206821393134877,0.1248402029996305,0.0910433914869285,0.0779915665115457
3891,0.125406078625931,0.0459521666553448,0.1028159359003819,0.0948473564006348,0.0787238986646215
3892,0.1375470750212236,0.0785752548157192,0.082597928042429,0.097171009725891,0.07413023925656
3893,0.1442174357557148,0.1105763933165248,0.0717255548884742,0.0978180934494081,0.0677109268876737
3894,0.1305077165870058,0.1211486087324468,0.0615995372716627,0.0928426202516738,0.0629201424484136
3895,0.1436989241616556,0.106633793811269,0.0712760206732615,0.0924243123339906,0.0596284524457061
3896,0.199018323837129,0.0833576198294011,0.0809199332464768,0.0941730299918239,0.0738110700846954
3897,0.2702121229332051,0.0585062636276456,0.0866021019266179,0.0985298765788044,0.0861578911176733
3898,0.2624318111274119,0.0392299546534203,0.0866249853845888,0.1053093946049303,0.0667528502297111
3899,0.2915906903295772,0.0600533393364585,0.0929131067939084,0.1236590947717626,0.0807360094472886
3900,0.2763879732692892,0.0644019278007428,0.092552516104005,0.1222448345238428,0.0963746403573777
3901,0.2916748164577092,0.0608934081979103,0.1082751039784938,0.1336042636672482,0.1107280720150823
3902,0.3134931007867909,0.0578419117818093,0.1378909933978122,0.1526100518808797,0.1218619625840082
3903,0.2633145661436599,0.0485607276850189,0.1697701515300156,0.1712852151707807,0.1197218399931185
3904,0.2463437327735541,0.0384763796285151,0.183256891717189,0.1861939970669124,0.1090416152897244
3905,0.2124644322987579,0.028026714091232,0.1750316663996739,0.1893251344627352,0.0945249281688528
3906,0.1699169854659845,0.0226414009648099,0.1661714219120873,0.1857748997045015,0.0829806170079783
3907,0.1328806307377047,0.0233328160890654,0.1644744464428095,0.1696288082689543,0.0759001777368836
3908,0.1143214502604338,0.0233477131546806,0.1699135204758479,0.1721672012519478,0.0702692706598122
3909,0.1012377887141958,0.0219794954845284,0.1794974574332691,0.1818922255664432,0.0663791253214884
3910,0.1009327401595573,0.0238448224914112,0.1578878199179389,0.2209982235687179,0.0605173421191118
3911,0.0810156940136143,0.0257492542992456,0.1611538806863225,0.2215653185864712,0.0596602639218431
3912,0.0665593757339855,0.0234357436584039,0.1627052809924372,0.2185415539339089,0.0645977331623869
3913,0.0585374228786054,0.0208266200146952,0.1667777402916162,0.2239242776136209,0.0700984027229686
3914,0.0581646366680325,0.0178002200896515,0.1613955172451341,0.2259924845028818,0.0691234178380144
3915,0.0545114972084508,0.0133965166294144,0.1528606170899338,0.2308341105553983,0.0642263481881589
3916,0.042924378693902,0.0125548687894557,0.1443214128253393,0.2310047813313828,0.0581549489190347
3917,0.02753014838099,0.0105449818252128,0.1310276532119327,0.2292302093355175,0.05460872090714
3918,0.020104925917466,0.0097056334550667,0.104346918400176,0.2755919720737386,0.0471003277823026
3919,0.0165550107481605,0.0090749797874168,0.1168595032087927,0.2857296403922658,0.0396894480779714
3920,0.0182829250804233,0.0139805583542071,0.1423646271760153,0.2750959338813233,0.0408316346738415
3921,0.0220520088420253,0.0205126673615458,0.1684647554383028,0.2863868636981681,0.0435874678392695
3922,0.0496038127426409,0.0207162706461713,0.1487257709661313,0.2470263127889689,0.0456390902566764
3923,0.0595293105505301,0.0263721045756635,0.1608792393758161,0.2801512070490827,0.0550938528656336
3924,0.0711999871321031,0.0322573646747065,0.1604789578803226,0.3072825146013437,0.0631795694235198
3925,0.0833437927110836,0.032309712851159,0.1501557164636581,0.3061328473245724,0.0666594472059149
3926,0.0936021021016941,0.032730758411421,0.1395514418231513,0.2949186285830734,0.0661538298264931
3927,0.0965295238161732,0.0273464282382093,0.1279656684223432,0.2597955242089152,0.067816255929175
3928,0.0926765102573323,0.0191176549383518,0.1198469586467012,0.228306335403418,0.0708338953449427
3929,0.1150665182379921,0.0191403002955064,0.1028406797840619,0.1906105559923176,0.0688320384537474
3930,0.1316089838212242,0.0321680925874621,0.0892627566443002,0.1556369226200848,0.068878344534977
3931,0.1058237231440577,0.0414796879546123,0.0879648207717605,0.1406948436063713,0.0683695773713462
3932,0.0714602696332078,0.0396903204523256,0.0972173025481025,0.1338701218351544,0.0688705071265248
3933,0.0639122541825796,0.0332159070435507,0.1099514529515158,0.1336710107983425,0.0697534878182906
3934,0.1036358109014856,0.0453927885854577,0.1104896955405277,0.1402194832722171,0.0793864204134364
3935,0.0995784401848696,0.0357266761509973,0.1061457563955693,0.1429251160104108,0.0793418748362008
3936,0.0894747830658058,0.0290624080556221,0.1005292460099666,0.1402208825046519,0.0802779635429375
3937,0.0841824483989101,0.0346074825993751,0.0978913764820407,0.129616478029657,0.0831332444315818
3938,0.0772650914783856,0.0335064645997622,0.0981217895633076,0.1256473839407718,0.0923662454100815
3939,0.0656560659268734,0.0305032682370627,0.106361719727058,0.1284513517949623,0.1003978320516154
3940,0.0595793821977812,0.034972274306624,0.119629403027133,0.1270484348002127,0.1043010261626094
3941,0.0538490385042224,0.029811041331992,0.1192821023388297,0.1177419125202222,0.1060258120318213
3942,0.0448624069980968,0.0245860413159602,0.097818056039983,0.0977027952123907,0.1070649569089799
3943,0.0415759316817816,0.0249625549995219,0.0798173401038715,0.0785350052798955,0.1042532894452043
3944,0.0471826865913406,0.0216742059202866,0.0959931738072805,0.0899224094495818,0.1068459170285296
3945,0.0570960725071798,0.0232358868669485,0.118636124017812,0.1008146208165257,0.120961670412558
3946,0.0430964324395602,0.03783595020952,0.1099661854877225,0.0937484967839466,0.130829676116445
3947,0.0573427600037889,0.0389314962666613,0.1307606409473103,0.1085673101776912,0.1293247074366837
3948,0.0744445189778512,0.0362896844531618,0.1382667530061668,0.1197932009723329,0.1121437000706317
3949,0.0843021532300248,0.0502085764886461,0.124275988617987,0.1123755441419582,0.1111453030474195
3950,0.1102160914408729,0.0684373536029319,0.102022618842977,0.1026285928737487,0.1231118068581356
3951,0.1473595480388347,0.0892697702169181,0.0751443454926611,0.0984517795657689,0.1062858879632941
3952,0.1585474262493421,0.117234158122199,0.0667678828628081,0.0940044157461865,0.0918708806644725
3953,0.1626069486654691,0.1347207333595771,0.0772242627486165,0.0885382547344357,0.0915195296073485
3954,0.1836334714179536,0.1418156979764204,0.0982782239094976,0.0868917955431987,0.0860647017059763
3955,0.198397724796271,0.1245252260944009,0.1239672320880101,0.0974695397027519,0.0836263593567302
3956,0.2016954287669775,0.108547016383146,0.1554032815067934,0.1097759296264495,0.08291981646552
3957,0.1962629658043639,0.0869910793299953,0.1811178709906932,0.1126030049491822,0.0811036149471702
3958,0.1358544990956705,0.0401397915688812,0.1744928713674746,0.1021052907179328,0.0833988533645766
3959,0.129954853401192,0.0666462620194917,0.1953989802529692,0.1044508910198166,0.0821941512555869
3960,0.1496390241557929,0.0748038474254182,0.2138513160541635,0.1096691966451984,0.084786681787862
3961,0.1535657434095378,0.1062099880212333,0.2247916639895993,0.1236634627565634,0.0857616595404213
3962,0.1530280525054987,0.1157788835706141,0.2293764008726201,0.1302240492763011,0.0837086964416514
3963,0.1438367301109635,0.1125836580216513,0.2402425124957162,0.1372614913568247,0.0766936994810695
3964,0.1423906050148721,0.0922289156028831,0.2423259555490633,0.1503166385512827,0.0688765205629679
3965,0.1423929152038498,0.0690526772374304,0.2261946675233264,0.1678986025166206,0.0598272525488728
3966,0.1221385905494798,0.0571338580811225,0.2103011940754747,0.1683253868575004,0.0429987775317787
3967,0.1115264839406604,0.0588879584811871,0.2115134986582511,0.1783575754824572,0.0327005677584074
3968,0.1074361517721657,0.0609421181683237,0.2192248172553483,0.1887320244999085,0.0319689115387962
3969,0.1181677623874311,0.0518788712895747,0.240606218912164,0.2125104349239348,0.0342026256215397
3970,0.118991849302472,0.0268812585389656,0.1674038765961884,0.1724540599656999,0.0354247649057323
3971,0.1297893999459369,0.0302095119246378,0.1886939414523514,0.2119393804332718,0.0452962851849426
3972,0.1026406710015236,0.0251141014487605,0.2101300142651852,0.2543816554963722,0.0583179715073972
3973,0.0801886576912045,0.0229354514798002,0.2313442302619452,0.2802197332602467,0.0689329238470467
3974,0.0611584728244123,0.0208224561416593,0.2269753090714344,0.2963893682912666,0.0686401952576515
3975,0.0502475885651914,0.0257828404219621,0.218524222099169,0.3071217037877294,0.0560581967922281
3976,0.0545754135713484,0.0304356398019181,0.2009974235394256,0.3071923409689256,0.0525570284901469
3977,0.0643295193662133,0.044741862611671,0.1946153180586454,0.295798588946396,0.0541529218012237
3978,0.0745056681998038,0.0674344261479017,0.1973379791924545,0.2824694071355554,0.0618302749333658
3979,0.0776627348516269,0.0769335010299337,0.1998427050382808,0.2688746928577191,0.0690489761653961
3980,0.0732169440513367,0.0726410573362057,0.1930705498843579,0.2518573585743213,0.0698201287186737
3981,0.0561898636713343,0.0796233577364911,0.1836348886416306,0.247103283934835,0.0679371439678365
3982,0.0894182022050309,0.0613845815209143,0.136435878321342,0.224147044421953,0.0689746485889979
3983,0.0784026414373804,0.0393573168479104,0.1227479771508079,0.2356512487042147,0.0765303838502979
3984,0.0895906222838733,0.0337629475664558,0.1113553804470096,0.2422323266559358,0.0839131867581519
3985,0.0571530785136453,0.037171424036676,0.1132577540832419,0.2410223095264259,0.0924180497745163
3986,0.0652818259415587,0.0350919466109327,0.1124675774012679,0.2350173284672806,0.0999071788615001
3987,0.0910174522739569,0.0311187052384597,0.105365863840054,0.225990678848483,0.1012717826968132
3988,0.1170846020884101,0.0299604092574963,0.0966560019782605,0.2133083148465066,0.0980760113451839
3989,0.1260499115403476,0.0290963531228667,0.0859728746609128,0.196549930308718,0.0882413524080932
3990,0.1259337591668699,0.0295176762086092,0.0708452017884693,0.189909430292421,0.0696966136784798
3991,0.1319077999265761,0.0281151748659612,0.0620391371818603,0.1901816215520023,0.0613257540022958
3992,0.1272519705132693,0.0271833341420411,0.0579442169268978,0.1700293156015642,0.0560817676727889
3993,0.1301274190323636,0.0264407125872457,0.057546909581698,0.1634333755906416,0.0522516240314352
3994,0.1317363353343591,0.0212240202901219,0.0449112423834064,0.1334667516434725,0.0561868664512543
3995,0.1294109683977377,0.0316663889447435,0.0558988479502294,0.139497600692705,0.0615253367887999
3996,0.1471762329565542,0.0369222210218007,0.0568238317272624,0.1458341385913427,0.0670933656642898
3997,0.1643168094978386,0.0376049287759943,0.0557729333761692,0.1468781196628726,0.0708909211013094
3998,0.1544531951944574,0.0383647502994261,0.055973596139263,0.1353812686130741,0.0760892776037832
3999,0.1511178459759326,0.0382793307643522,0.0522711431571678,0.1219104314337965,0.0791110442635511
4000,0.1539308542289541,0.0414480741760844,0.0465349688672502,0.1051597932511695,0.0750282955382823
4001,0.1362590335335868,0.0510417507962169,0.0388504012315096,0.0854354982241747,0.0657376674615223
4002,0.1278898423627192,0.055467586659186,0.0341533222176019,0.0676326599697795,0.0558034964841437
4003,0.1339027625146915,0.0670044475732635,0.0318406447373235,0.0660337364064521,0.0474244693171305
4004,0.1322433215893081,0.0731933482672379,0.0315276170984186,0.0745872065044146,0.0422109546081734
4005,0.125343766958603,0.0774837218320666,0.0312470102748273,0.0845221411744094,0.0416353559185449
4006,0.0816014338628769,0.0843774861562469,0.0324564053937648,0.0917804339776165,0.0408774288046185
4007,0.097941219960674,0.0894588663965833,0.0342803469192139,0.0961136031227302,0.0468995142863727
4008,0.0862822884789365,0.0817026227778464,0.0375135548830279,0.0959199258568762,0.0533255806307068
4009,0.0810302381060229,0.0771124361999832,0.0407265107311451,0.0953749257346033,0.0512947662479292
4010,0.0823348423336882,0.0791667304740924,0.0480164536994038,0.0990914320676677,0.05211717749727
4011,0.0875935861068151,0.0760206454263635,0.0499640419485165,0.1022559294170826,0.0548291897036165
4012,0.0862628126088811,0.0717331533962424,0.0497848403368178,0.1023794495335853,0.059301534379341
4013,0.0750087805552643,0.0658618662476043,0.0451967343376573,0.0950854681380279,0.0541173986732739
4014,0.0648696502546227,0.0525740844517349,0.033740127203008,0.0754427434509661,0.0438329583373727
4015,0.0707959833176991,0.0602074969645524,0.0276538100460416,0.042272178368028,0.0381028789829332
4016,0.0837081482396241,0.0752633570298623,0.0330372455637065,0.0347987930215001,0.0341216489577245
4017,0.0950581866132679,0.075529797966089,0.0353150043141342,0.0325935994161265,0.0332109971828889
4018,0.0559988025125182,0.0854496038966745,0.0254185871246808,0.027949953595733,0.0297941349488841
4019,0.0707925514112168,0.0929090761923656,0.0272386583583078,0.027491250012993,0.0349465495009824
4020,0.0935384920297546,0.0780571516334698,0.0295386266742243,0.0275941265415713,0.0481504174271651
4021,0.1078728621695794,0.0697150928332273,0.0320787594469843,0.0277413054944744,0.0576051723951193
4022,0.1128359698284928,0.0604274560301955,0.0349502962751833,0.0292706161143793,0.0640793564491207
4023,0.1150395082615142,0.0457543443957913,0.0400292772123413,0.0292205079488748,0.064333318118858
4024,0.1131864732891943,0.0360205428561077,0.0440906174901563,0.0283445982785779,0.0608196481707404
4025,0.1037611064149757,0.0345085174926951,0.0480643155242634,0.0340704303988439,0.0548874919644022
4026,0.093265047055383,0.0354559537643189,0.0592848503452596,0.0478764101348602,0.0443647343161142
4027,0.0955640916234724,0.027923288479922,0.0879490838505669,0.074454137771932,0.0365497021098389
4028,0.100156027990516,0.0224699483000544,0.1192662091215285,0.1055439445292521,0.0350252373166704
4029,0.103569914357947,0.0165022959260234,0.1422793325707977,0.1283638758651368,0.0326030420191088
4030,0.0977707077984736,0.017011863228327,0.1666646158931067,0.1508100116611317,0.0363463656341712
4031,0.0900907903813469,0.0121767495652807,0.1747113890808474,0.148915450739511,0.0417024321240487
4032,0.0866490004020293,0.012705036969411,0.1759065480832272,0.1491733445614883,0.0425363701843042
4033,0.0788085184955057,0.0141334744632341,0.1675496184327395,0.1442651389669826,0.04386992661729
4034,0.0736071802388437,0.0141350647964166,0.1553017615297861,0.137718462011928,0.0478207899452824
4035,0.0701427259058395,0.0120062893841421,0.1421604990548976,0.1340807878304533,0.0503786199590678
4036,0.065271312106585,0.0112952781423576,0.1307047661600976,0.1318488333882665,0.0494883336405794
4037,0.0586578256312193,0.0099459642360183,0.1142388562612032,0.1360956161506899,0.044375168718916
4038,0.0420802446660018,0.0096422632555997,0.0839706937306451,0.1312258922921773,0.0348546957476846
4039,0.0416524761822265,0.0078063081946765,0.0660787051948358,0.1127414373525985,0.0298640924444021
4040,0.0450071503986648,0.0076873397455041,0.0668220853749248,0.0887137266410069,0.0293482908328009
4041,0.0526713993758337,0.0080614469101636,0.0737746064928379,0.0778195845920854,0.0271390109028791
4042,0.03402059593104,0.0118730771008599,0.0752180276067978,0.0706438619635025,0.0316104440486693
4043,0.0304707970519717,0.0146578920133819,0.0830026164027625,0.078288125732893,0.038418501401521
4044,0.040098945711251,0.0239733707568642,0.079447523047026,0.0805954360433725,0.0422491887109791
4045,0.0509689307004666,0.030226818765365,0.0740051786227064,0.0924004639346481,0.0450388837975676
4046,0.0605092222364155,0.0233346087427571,0.0676488476272282,0.1007155114720948,0.0467667191046071
4047,0.0576914542050603,0.0224769455768504,0.0601241906706436,0.1052306084694866,0.0466327403144819
4048,0.0521328992461395,0.0207818336939783,0.0542957451818824,0.1017930724627372,0.0437354227055863
4049,0.0481808050793499,0.0256761100478891,0.0547671797022598,0.0945260928225034,0.0369148758648163
4050,0.0534843705867278,0.0232556268630638,0.0696713694813846,0.1038666997065094,0.0309046506139745
4051,0.0652490349547127,0.0239653084771799,0.094453383342585,0.1299930125048642,0.028436403044959
4052,0.0672801326054624,0.0254322255546284,0.113495910755196,0.1553518553104539,0.0236569697575844
4053,0.0668222477479842,0.0278221488035675,0.1242552466381131,0.1626225160525173,0.0208863741905021
4054,0.0586524661670854,0.0262430839024128,0.1560309099818823,0.2245399287837071,0.0188192796094908
4055,0.0503503981881779,0.0324491418713948,0.1471856483003655,0.2095046410559568,0.0163391225938005
4056,0.0487217105471203,0.0388387572273163,0.1371746412848095,0.1961845320032793,0.0154177044633421
4057,0.04216323625285,0.0312905739286536,0.1257111406604948,0.1878825198930304,0.0156648434761347
4058,0.0320541819947497,0.0263618763313012,0.1200823836938384,0.1866664885048002,0.0162489598332947
4059,0.0259062834104702,0.0228407836499259,0.117169274414203,0.1945664671905701,0.0157643012846575
4060,0.0252036192424733,0.0190262381763885,0.1205060493838302,0.1943408430247702,0.0143461933596502
4061,0.0246606369506475,0.0194535743458123,0.1183363481742627,0.1782931582361786,0.0132364123425299
4062,0.0197268708230953,0.0216773019318778,0.0961287850845251,0.1601551477399572,0.0116076341824903
4063,0.0214542887352582,0.0167889571265217,0.0675273216930514,0.1401210606460811,0.0094940559275219
4064,0.0242854846839721,0.0131656560151189,0.0674934674249847,0.1381222920692052,0.0097590897159503
4065,0.0256848632001426,0.01781219112582,0.0751421787980192,0.1460971431078988,0.0132533924727877
4066,0.0314557961984746,0.0135920905271836,0.0741343577665445,0.1132786414304271,0.0193408204047845
4067,0.0322326567367715,0.0210369048352894,0.0867143442122551,0.1426322288551005,0.0331480524278569
4068,0.0293645212104493,0.0212955813687402,0.0915061559310832,0.1856843738683533,0.0441731019607947
4069,0.0332465235169479,0.0353339126870196,0.0933369108830661,0.2097821002429099,0.0511013254666159
4070,0.0347169281607529,0.0414907193724569,0.0845047862490095,0.2266275263423178,0.0581787162952925
4071,0.0350391981738183,0.0379606649467011,0.0754904696696784,0.2338550569181454,0.0637238839175333
4072,0.0326718445765489,0.0450688760632299,0.0695371880060866,0.2267195608746204,0.0599550423729367
4073,0.0243515766434753,0.0382832984062697,0.0540460725268864,0.2092299695671105,0.0509104649531982
4074,0.0230270334622407,0.0403223947700563,0.0552857291690371,0.183006774449819,0.0450102884806786
4075,0.0424361934792011,0.0395492371546187,0.0760733552653352,0.1649671105600038,0.0405753612048781
4076,0.0404751057117132,0.0431788734891342,0.0937535463006334,0.1513130976990908,0.034373310157549
4077,0.0303795239254495,0.0541307229531817,0.100497602831086,0.1429782731960796,0.0301431430111438
4078,0.0379057960126344,0.0742294365378453,0.1020000190412876,0.1525352031831982,0.0297123145041595
4079,0.0509234346301664,0.0590150023280773,0.1117416564643383,0.1458749074527766,0.0374257141144336
4080,0.0483765294567953,0.0514738758970369,0.131511885991813,0.1409682384448819,0.0379517199871034
4081,0.0342710392457466,0.0430234961941602,0.1343112687145423,0.1426766767722757,0.0359549615692277
4082,0.0244980278299975,0.0302248450646506,0.1225726573528184,0.1467791387111539,0.039051969898634
4083,0.0234820236396026,0.0259573539522901,0.1240698575825607,0.1425179645443408,0.0426474882619774
4084,0.0345348404242451,0.0245888718368648,0.1345826469397112,0.1387588162895314,0.0405931703422983
4085,0.0482616968848019,0.0202322610595107,0.1352533008857408,0.1314743512780324,0.0354836903620377
4086,0.04642648466999,0.0154028627961458,0.1272343850291302,0.1161966195084343,0.0284461810200785
4087,0.0473254564310117,0.0160840793232694,0.1344935454178956,0.1114007870679863,0.0227213989126584
4088,0.0399808632358631,0.0223597110059817,0.1320518778224133,0.1043082873568195,0.0242658923927253
4089,0.029435141151014,0.027073524487298,0.1277789982868502,0.1005527864847504,0.0279438077571656
4090,0.0183305978391442,0.0365157517126107,0.1027373406903212,0.0847164055508032,0.0324982897925152
4091,0.0263171510292054,0.0403001610953621,0.1053510088265097,0.0904639036792341,0.0387848475920273
4092,0.0291551585808683,0.025813150031544,0.1051030385284297,0.0995849565315841,0.0485710823109213
4093,0.0256027736870759,0.018921780593711,0.1016933126808599,0.1104602047803741,0.0553900538751296
4094,0.0194341157250738,0.0265120043545331,0.0923523326682059,0.1211801713842828,0.0622239875778277
4095,0.0136339648624294,0.0404887685720276,0.0897110646367748,0.1281623008431065,0.0626552691059589
4096,0.0186746434813477,0.0350939759667881,0.0811314266914951,0.131501691508181,0.0561763905239269
4097,0.0377885582735109,0.0228564759408455,0.0687515605425072,0.1254648488212131,0.0509837263566358
4098,0.0572821574388032,0.0220672626965313,0.0610542544546548,0.1178833358174812,0.0464750617550497
4099,0.053139323282028,0.0180248003389445,0.0599084487148361,0.1116545326668657,0.0386976546246151
4100,0.0478508802635311,0.0144378527139446,0.0621519140309706,0.110983055870222,0.0398737796183396
4101,0.053028504348423,0.0116320164035957,0.0627534064804955,0.1061610860252722,0.0434601650578231
4102,0.0670941577095495,0.0198623736667387,0.0711448860614348,0.0944306226142697,0.0587916757747163
4103,0.0772509880217105,0.0186457122501015,0.0678948168361718,0.0983609942406069,0.0507957324462273
4104,0.0866045218830478,0.0154861357312152,0.0677665726213097,0.1065679652392305,0.0420963072240783
4105,0.080952805706772,0.0135273704532335,0.0666311843103095,0.1109398381601245,0.0395939248122583
4106,0.0772865557460811,0.0170031274550488,0.0683996172996942,0.1121815766404314,0.0387782296104231
4107,0.0745350066644685,0.0180873846467804,0.0771279656263971,0.1122987867770687,0.0368036461364253
4108,0.0660660186598298,0.0159787837840783,0.0759623757751364,0.1136663171643567,0.034898240379034
4109,0.0537750253607536,0.0198202549425432,0.0667161556121908,0.1107848639401237,0.0385770225481704
4110,0.0415064214451322,0.0213936873269799,0.05834172001448,0.0919091085969265,0.040805462635113
4111,0.0344398963420209,0.0254806513249819,0.0571379040411346,0.0767382883542139,0.0327139091262386
4112,0.0273138076527118,0.0321764783055919,0.0605236862063152,0.071276252932907,0.0260518332498534
4113,0.0237507561676358,0.0369836845202619,0.0650175954371769,0.065717733481007,0.0263962891200027
4114,0.0416685640654396,0.0205732990282281,0.066138070406211,0.0498144758651753,0.0325585813440766
4115,0.033754149101075,0.0266956897107881,0.0696113690281088,0.053638732425393,0.0392492322359553
4116,0.0273426558572331,0.0326125739200868,0.0728272661741771,0.0550238662703797,0.049422395292345
4117,0.0271968503780192,0.0445420315341613,0.0791490960206151,0.0537989344691189,0.0521368655511408
4118,0.0245768802736808,0.0537844145619036,0.0864118561940664,0.0586604237128763,0.0494357059032142
4119,0.0182701570061824,0.056890251205174,0.0899417909567642,0.0694579836203065,0.0548706548279443
4120,0.0170024099185234,0.0505388925030933,0.0945711936621541,0.0835502455146196,0.0561424729104351
4121,0.0215036023122441,0.0538223400244958,0.0934482575747514,0.1030584627612012,0.0530273943357011
4122,0.0308837302456746,0.0444915531930736,0.0935541727564447,0.1152504246979717,0.0536182013179979
4123,0.0440684526421741,0.0469757224627424,0.0954907652662499,0.1370934293058922,0.0481410447321294
4124,0.0490311504474438,0.0524738969705199,0.0949678771384252,0.1591463819622123,0.0378901628129215
4125,0.0521903148212979,0.0599745267994662,0.0968899411681339,0.1765868903290968,0.0319942103167572
4126,0.0328508198360215,0.0271853207076459,0.0866946461438634,0.1892885039216456,0.044082528767913
4127,0.027034086346939,0.0274966076352881,0.0909567443539977,0.186450843641032,0.0491808186910121
4128,0.0204068737746246,0.0323454091606289,0.093247178720748,0.1940922460612496,0.0554037011267246
4129,0.0307005843746969,0.0353526787789405,0.0963142571346462,0.1901707188070707,0.0564913591944964
4130,0.0461484602699987,0.0318185271371097,0.1016566725906281,0.1848863782184379,0.0555113130810134
4131,0.053906400149596,0.0374013171253598,0.1038184155329709,0.1795971228891383,0.0488142025500986
4132,0.062567536331885,0.0349362989155921,0.1047036690326412,0.1709343491565335,0.0552468232802632
4133,0.0721526803759699,0.025652895959048,0.0925461987025125,0.1572241038792483,0.0508699170444863
4134,0.0778917780756062,0.0234859662478323,0.0798421139007326,0.126419435832827,0.0504150953443825
4135,0.0942310956395576,0.0255205151787191,0.0826465296917747,0.0929611797420829,0.0458247910184643
4136,0.1041809817790068,0.0204797371771909,0.0885497717920211,0.0891084660305407,0.0461054652184107
4137,0.1150137960978968,0.0186441697180766,0.0918583619717118,0.0871772914975039,0.0642480919584028
4138,0.1361468082484835,0.0212908699548147,0.0790534833869076,0.0653875473354539,0.0732395104544303
4139,0.1286988162603969,0.0118031236448652,0.0879061020986845,0.0762657786972514,0.083937173477611
4140,0.1202707936886363,0.0183661544833949,0.0920445818663688,0.0848969154663054,0.0853408015266164
4141,0.1110752795250113,0.0125622302273618,0.092149123622782,0.0922180561198192,0.0814163762696762
4142,0.0996883640509152,0.0127727748713475,0.1046939196368725,0.0957911209056542,0.090452676536175
4143,0.0882192184432642,0.0135574839273347,0.1219442222424689,0.0990379027471959,0.091017436013136
4144,0.0826129944149838,0.0118327546341665,0.1339957889673644,0.1000926453661274,0.0939331023811269
4145,0.0892101446630497,0.0096090311320585,0.1446911088918505,0.095489901929856,0.0900083643484314
4146,0.094792501432626,0.014263091352489,0.1611608928552015,0.098505388056973,0.0820529649918898
4147,0.088507137508418,0.0183677313775456,0.1848249444387976,0.1179098006094312,0.0806319890661421
4148,0.0817296795994833,0.0171454851319248,0.2047519620270721,0.1506553578150055,0.084293545716151
4149,0.0739919286654017,0.0153170290827507,0.2160001486606243,0.1764523764798624,0.0783839463151726
4150,0.0681151038648492,0.0112806796346887,0.2059139094920412,0.1889943005158591,0.0899406747724625
4151,0.0608420250806506,0.0126511002570333,0.1990466196895068,0.1968904267987087,0.0794656950465334
4152,0.0632957728610595,0.0140838579831985,0.1893956464154957,0.1986730597296235,0.0756420281236894
4153,0.0669681415807961,0.0157147743144246,0.1783175901076616,0.2025184935327179,0.0754568831213873
4154,0.066819752135428,0.0133284401438215,0.1708523311413195,0.2045240705281374,0.0639824759268569
4155,0.0668658391266357,0.0106933606181785,0.1659303800303236,0.2104835757397043,0.0573866877676016
4156,0.06373359439813,0.0117615303200593,0.1625107622231883,0.211955839044635,0.0573147674359186
4157,0.0578786665160502,0.0146899190496175,0.1510919620819103,0.2079647529439924,0.0503239672432562
4158,0.0571532156124829,0.0158024235670741,0.1203524550942088,0.1851845109485922,0.0435339229681489
4159,0.0648032932828306,0.0161187616598715,0.1129343853365884,0.1364615153371265,0.0398458584567692
4160,0.0685143155080215,0.0197058337013616,0.111102453811228,0.1182195471832028,0.040361243855007
4161,0.0741590799479192,0.028779103893802,0.1225745769536,0.1178098458477392,0.0405290970014275
4162,0.0507056697807984,0.034693445510149,0.110132870190026,0.0909667106079026,0.0356224955515641
4163,0.0455403867115599,0.0441757446180924,0.123945646469431,0.1111315707422026,0.0470532419902142
4164,0.0556029890037405,0.0437115740922937,0.1278690072603231,0.1347067348856686,0.0640132610352663
4165,0.0700834270956513,0.0468610602109882,0.1304368905464435,0.154273166195695,0.0755406431719038
4166,0.0834074394501611,0.0478601661817209,0.1341938751635272,0.1639057914409974,0.0804248616477207
4167,0.093164801998893,0.049086634669511,0.1309983319647607,0.1624157363620846,0.0770270204338998
4168,0.0957623349010689,0.0503884584637523,0.1323320544563696,0.1577380060709703,0.0747288216667716
4169,0.0932621848717723,0.0522622940153274,0.1348749586700458,0.1415952375352131,0.068055192555247
4170,0.0872144987896529,0.0504324254510321,0.1403175710139834,0.1368111621423199,0.063456039624002
4171,0.0823347602432344,0.0501079694487808,0.1687578751304247,0.1514641795951791,0.0613062834654806
4172,0.0785609491485596,0.0473622523507739,0.200473633562938,0.1749891751235356,0.0563410275704513
4173,0.0814208212876634,0.0405206273674837,0.2171492833493737,0.1857657170608938,0.0499669552804087
4174,0.1223832418786386,0.0288988102893564,0.2227165343051181,0.1931948920273864,0.045444225181115
4175,0.1223222494634103,0.0255085755754283,0.2184611983738754,0.1806533730416291,0.0461189197992822
4176,0.1117687665851643,0.0209447975041604,0.2030792791930145,0.1711699177059505,0.0470438840728937
4177,0.1045715600898308,0.0160361487925201,0.1901783142516495,0.1715985485721109,0.0521570631995485
4178,0.1005600401487883,0.0119857249062818,0.1827645698394216,0.1758259923629624,0.0583558944102677
4179,0.0928249436089238,0.0102293167955407,0.177363481898743,0.1769657237263066,0.0621002120254564
4180,0.0868652833859002,0.0116468385018727,0.1768446649904148,0.1688994935817175,0.0659573441840317
4181,0.0791010352566885,0.0138359913910052,0.1650414997576568,0.1474994147696628,0.0657917009989294
4182,0.057888730171117,0.0155973393372568,0.1325556718813574,0.1217779955326712,0.0661217382051728
4183,0.0592942444251876,0.0107088535375718,0.1117689512213572,0.0890012391270929,0.0658052342795156
4184,0.0641261489344291,0.0112914005271743,0.1141566976324333,0.0864864401123217,0.0727789907993593
4185,0.0691269651350636,0.0134907241185242,0.1213824764394124,0.0974839623902903,0.0871865571361181
4186,0.0473071275356846,0.0110346392635125,0.1090295734141147,0.0958769280782367,0.0903044623442226
4187,0.0638961607059147,0.0157615744406999,0.1192391585646231,0.1042456911106874,0.1039281559316954
4188,0.0781298840570796,0.0202833855680715,0.1247971032771026,0.1110639377166764,0.1183168945090741
4189,0.094090096865188,0.0227866003512796,0.1258340641190378,0.1227165092199386,0.13135743128147
4190,0.0993190313790387,0.0259210497963558,0.1276830402707501,0.1289771108014827,0.1392639826426333
4191,0.0965771306163521,0.0326338501492282,0.1274737369490469,0.1306699754007664,0.1333652705057977
4192,0.1006181926781979,0.0456542829843455,0.1347818154346546,0.1382275850272875,0.127122717775934
4193,0.0949613133937266,0.0525673073710938,0.1372573054527776,0.1479394440677028,0.118269317642617
4194,0.0994969009335141,0.0572896746847981,0.156232211166227,0.1788812614264272,0.1097999646076695
4195,0.1055647484252874,0.0550518261238617,0.1946758377546833,0.2171268593049966,0.109305992416521
4196,0.1060426431347742,0.0516555735578014,0.2290678358045325,0.2489161281533305,0.1119627261465833
4197,0.1027898681415858,0.0425095470181341,0.2413794801939955,0.2628277496738365,0.1119052153200975
4198,0.0933382396599214,0.0380789342334084,0.2549492382573247,0.2465912819253964,0.1073706148401238
4199,0.092866262331331,0.0321227685936224,0.2427287153788129,0.2374417461781215,0.1095275003968801
4200,0.086024554545288,0.0266612149172836,0.230564993761987,0.2200309032475962,0.1194039624951497
4201,0.0787498646875112,0.0211351612068566,0.2153145580107422,0.1955745626919267,0.1228396902474012
4202,0.0782080487742968,0.0169233377355071,0.2023606175846287,0.1774080721670069,0.1225584438507094
4203,0.0780201598929837,0.0145554276470095,0.1907441242193281,0.1580408238325139,0.1265230880859496
4204,0.079497267666435,0.0126585994015975,0.1798927861108822,0.1352953919104876,0.126040895465706
4205,0.0788547364393116,0.0114892689696141,0.1611277922513861,0.118356386235396,0.1110323680781509
4206,0.0583730338470731,0.0114089995513068,0.1337085193337009,0.0940163519115584,0.0999027326179617
4207,0.067153860885124,0.008718797248457,0.0996120812925609,0.0672555665352178,0.0950456389643677
4208,0.0874499490903523,0.0056725922230962,0.0953466906726512,0.0685670584102166,0.1046598046258524
4209,0.1047541272483943,0.0056606510561075,0.0968332193570949,0.0738413388903831,0.1111161115961738
4210,0.1077072042162905,0.007310114252135,0.0889472186897454,0.0687027072957678,0.1211230842582577
4211,0.0978490230942925,0.0083508487158374,0.1004600057358794,0.0763361782913416,0.1194283323980842
4212,0.0907311566270828,0.011929159290465,0.1049614741842603,0.0828229942481975,0.1146700235580804
4213,0.0995742150092877,0.0208888513256354,0.1089006997038084,0.0817872858777497,0.1159229854710185
4214,0.1117290980086973,0.0253992360884778,0.1089309890114506,0.0735051751144603,0.1215771800531647
4215,0.1150997290030666,0.0269011447782947,0.102308156451411,0.0649037064624936,0.1230064836457374
4216,0.1079786702480693,0.0305825405649352,0.0913763118854532,0.0611983570737939,0.1202367018617086
4217,0.0962775223886761,0.0375245456353857,0.0758364995367235,0.0644624612081682,0.11200423733906
4218,0.0967159722770512,0.0439596341711083,0.0738361584527965,0.0749742618359416,0.1038194196185419
4219,0.1022251767343306,0.0417107039869556,0.0900342530139249,0.0966979784977431,0.1025356207097026
4220,0.1110576359807119,0.0278672032069691,0.1102294425932759,0.1285775806628921,0.0990017224364595
4221,0.1053296294687132,0.0187018486797697,0.1184813855232407,0.1590418079506597,0.0968810421267173
4222,0.104452358220583,0.0180733382004131,0.1366074291674502,0.1465466592045493,0.0897793926830354
4223,0.1029820680535909,0.0123337436971302,0.1306238071086884,0.1693440257906029,0.0934678031138515
4224,0.0889717548424479,0.0086554926966683,0.1257110065036649,0.1840642334635658,0.0960016702537958
4225,0.0755606126278624,0.005073077154663,0.1240657201237703,0.1906999631204295,0.1023099730241604
4226,0.0624306581966022,0.0064454035603268,0.1224628291088202,0.2048697933532783,0.1066786811133186
4227,0.0484498394599233,0.0091739521284655,0.1225371146927606,0.2238450715648765,0.1075553552700861
4228,0.0406767788363876,0.0087831595828506,0.1242523015355769,0.2381331025011577,0.1067243544859789
4229,0.0344260090976476,0.0091960443147166,0.1155219450553957,0.2517994441448494,0.1007431248392693
4230,0.0246834816639264,0.0098521687871942,0.0904588600114312,0.2535374404365929,0.0863977208825809
4231,0.0254210059837716,0.0080196021163853,0.0761814564416527,0.2198009171798318,0.0815580152362485
4232,0.0340666068073369,0.0059121915731427,0.084028747783013,0.2009859147006152,0.0863297359188354
4233,0.0399436249996964,0.0061585307928457,0.1007474837632511,0.2117485537544279,0.0932794052751228
4234,0.036495355454318,0.0052750556332496,0.10040300769213,0.1816253863646444,0.1009484835891547
4235,0.0386072535153959,0.0087358558637995,0.1324908025137224,0.2143190947332326,0.1019104995009815
4236,0.0424778897523188,0.0126901883879049,0.1652591796824973,0.2413074784130454,0.1034786724570132
4237,0.0381272178763971,0.0127795208836835,0.1927469669483763,0.2641762422482293,0.1047980250129542
4238,0.0311700115927881,0.0119563030803721,0.2056436161466777,0.2718211175506185,0.1071366314555457
4239,0.0306313463203422,0.0112727515307916,0.2181088710881994,0.2722078223014413,0.1069618961692887
4240,0.0326167351070954,0.0116022357593937,0.2318398948494603,0.264270028562087,0.1006736445202383
4241,0.0424429083069906,0.0122392032405147,0.2368503936262879,0.2546435950967424,0.0932972845475408
4242,0.0435022815415199,0.0124641407909704,0.2428730206186419,0.2779003918648122,0.085811423183777
4243,0.0437619555152696,0.0141447639319556,0.2571471884681872,0.3345966555525275,0.0839513712362476
4244,0.0525140996548092,0.01330592406397,0.2656889728522175,0.3861556409365837,0.0802544389071228
4245,0.0526521633800763,0.0108797333419407,0.2658226875862515,0.4211815163871479,0.0761684567970779
4246,0.0612550064760011,0.0091172371491217,0.2445564436452149,0.3959506166231547,0.0834688509711494
4247,0.0575148304649226,0.009267066768203,0.2441986887223904,0.410205481053303,0.0810649636061433
4248,0.0611068765833271,0.0091333192969964,0.2323959754275296,0.414753843677969,0.0774254802324782
4249,0.0690521532427042,0.0062121492442216,0.2213607912988726,0.4102005536248789,0.0777053612264336
4250,0.0709113453154236,0.0044955846739271,0.2096400957120684,0.4031756130409976,0.0762888649326572
4251,0.0713670983266002,0.00626614613836,0.1982426025116836,0.3954385456623713,0.0738331705486917
4252,0.0707259738940113,0.009119168668671,0.193876286962241,0.381008723043668,0.0709486904668103
4253,0.065992146696819,0.0098869584219352,0.1859298851075719,0.3579914421235654,0.0654282256936004
4254,0.0498192616269794,0.0112391314566557,0.1736982032247642,0.3181058368050146,0.0541716386516767
4255,0.0464701565518233,0.0096425422774954,0.16225657184387,0.2511037015893005,0.0495926474903953
4256,0.0606532609631567,0.00897097619262,0.1585843668448974,0.220037380149751,0.0507805973659296
4257,0.0765901081905272,0.0090717181128789,0.1631668577863217,0.2054678656903255,0.0559651269705401
4258,0.0837589040031362,0.0117169209795032,0.1248573334282923,0.1793290948492648,0.0514773911371986
4259,0.1101458385036138,0.0255852792535212,0.1422736348363402,0.1842998754626048,0.0592977745002353
4260,0.1169818329004187,0.0311076428445119,0.1595147056530165,0.1900765633513838,0.0732336009122563
4261,0.1200577792273897,0.0324914663557294,0.1752040519430039,0.2061807705213168,0.0797101043761477
4262,0.1369889754934811,0.0344778217241323,0.1858148392012192,0.2254796890563681,0.0801282373131291
4263,0.1347147052344478,0.0371020390896086,0.1985221732777262,0.2527308539596659,0.0822838739472936
4264,0.123090830025257,0.0423405228385165,0.2057231376814631,0.2782855828837491,0.0819477923927814
4265,0.1178454013980994,0.044310548088229,0.2085645029398606,0.297668191126128,0.0733332409905681
4266,0.1178370580757444,0.0586069332943337,0.2011554715740408,0.334721472503193,0.0633097043048817
4267,0.1199481674441455,0.0736735005132474,0.1956311446122975,0.3792995292557379,0.0565536291151752
4268,0.1285693217787493,0.0869695032767105,0.1829602273044048,0.421022261187396,0.051032471902201
4269,0.1294042681319449,0.0907745722948789,0.1696805372706427,0.4368268564195854,0.0487009442692648
4270,0.1777395858696336,0.0744661678243392,0.1327944419408195,0.4096099872068404,0.0427352648547151
4271,0.1812301137654146,0.0865082060111725,0.1276130867816774,0.3986926063917173,0.0429064620099798
4272,0.1463952013174919,0.0927662214866749,0.1182742593853554,0.380912421546547,0.0462091979803946
4273,0.1143493819131302,0.0875472439594677,0.1074418987482136,0.3543763596238575,0.0502626391078456
4274,0.0926871263835136,0.0839238869486539,0.0995136521372203,0.3274454796174665,0.0529879681922154
4275,0.0784380720522657,0.08132866356057,0.0933476679374002,0.3214057578695763,0.0573319367743983
4276,0.064107389404863,0.077797654511566,0.0848982751434391,0.3162115659050473,0.0620623397647382
4277,0.0549744557163428,0.0684487607783825,0.0772779828685168,0.3020546579496656,0.0613718851075483
4278,0.0440043139351614,0.0535957087778673,0.0629224631532765,0.2716327229372733,0.0522319405667955
4279,0.0420085964045203,0.0366050071102007,0.0522245635656802,0.2117650836738439,0.0485596762888662
4280,0.0408126556333313,0.0378526446380269,0.0469219251081971,0.1747673222810657,0.0516800091614461
4281,0.0500529817647209,0.0423199953267238,0.0439804203230102,0.1554632578416384,0.0572907578260379
4282,0.0399578133473276,0.0624398183486642,0.0350315530300796,0.1413951381503249,0.0616859045866462
4283,0.0657746560585187,0.0711383105817683,0.0370041891377464,0.1332952280108127,0.0739839546453408
4284,0.0816231667949934,0.0733702691229516,0.0410084327204439,0.1286754099315188,0.0843577563578807
4285,0.0864622326272802,0.069734262659092,0.0457593698447969,0.1245826099321477,0.0939557968675493
4286,0.0846051786492175,0.0693920459781941,0.050177189842573,0.1209095257452466,0.1032308156805911
4287,0.0843110364298909,0.0744103797533175,0.0542539192095247,0.1211111898579523,0.1077416654359181
4288,0.0834966501616603,0.0769670984586947,0.058173742054511,0.1226712788100442,0.1127155492198846
4289,0.0807218292063365,0.0783981534844165,0.0611896765126387,0.1316617643444347,0.1093839944546917
4290,0.0813184634576725,0.084099921754546,0.0614719446133972,0.1514147119159484,0.1108868398675762
4291,0.0869072384885136,0.0869750857397743,0.0680122941317091,0.1934812412420192,0.1161531704107303
4292,0.0866547547846841,0.0872769951754964,0.0793549516686495,0.2315398777851782,0.1162498424437044
4293,0.0806016482322185,0.0821039730508239,0.0814658540713209,0.2450053456920218,0.113581155621169
4294,0.0798670076798287,0.0866322222414118,0.0667192093589016,0.2203614332710039,0.1122706255140083
4295,0.0656743900544768,0.0950511951788842,0.0621793731532233,0.2121789673653566,0.1063407174714957
4296,0.0560049198520892,0.0947701928867254,0.0584065332698897,0.1998928920246646,0.1042351514965405
4297,0.0530403494454678,0.0875739573504072,0.053622408713173,0.1872584137882424,0.1049878366697211
4298,0.0473326938186739,0.0811893619175469,0.0522457717810794,0.1805800400156743,0.108670943361194
4299,0.0468434015484994,0.0770781863995086,0.0536529201727364,0.1739890199380938,0.1173893194069148
4300,0.0491840181731556,0.0722946586592813,0.055330620178065,0.1704464940559174,0.1208123738570544
4301,0.042334751347561,0.0588174834621721,0.0502302010142871,0.1575969196120232,0.1164132706366029
4302,0.0286049176528212,0.045607102957541,0.0349096138404701,0.1323573242370482,0.1144341022281972
4303,0.031591216055554,0.0245914877401285,0.0341833813196703,0.0881827883930665,0.1050901101890678
4304,0.031925752010472,0.0252216336170663,0.0396068233685551,0.0711070753348316,0.1041635824264961
4305,0.026745758410718,0.0307702176610478,0.0412670615056069,0.0675997039185971,0.1031938303918646
4306,0.0258517418735529,0.0441636428936389,0.0321424138468325,0.060711659700651,0.1122801487656462
4307,0.0264312501040004,0.0470354825405666,0.0326672597138058,0.0677641475553506,0.1137031702320838
4308,0.0309979605542219,0.0497319743994276,0.0325711115067101,0.0737461528082358,0.1136294572099838
4309,0.0388829638102242,0.0475439374715192,0.0320140667010581,0.081139086009752,0.1147630210580193
4310,0.0462403256386269,0.0441560265659034,0.0309054855672651,0.0892781437492939,0.1142087382548092
4311,0.0503927544820851,0.040791737405659,0.0302772229434798,0.0986067442051882,0.1136682130388243
4312,0.0537708171521878,0.0369952013766486,0.0295678836072226,0.1173862767237519,0.1063952693870938
4313,0.0599517242473738,0.0388609644840347,0.0298105763374291,0.1340791653930218,0.0943659350482633
4314,0.0743855335398522,0.0393503317366962,0.0345059552431549,0.1447587868156798,0.0838873552922491
4315,0.0839084017379105,0.0370805180433162,0.0512662764784685,0.1600691399218043,0.0829471987730123
4316,0.0862369724717632,0.03288095296609,0.0778357033186428,0.1846439357208946,0.0836315136358836
4317,0.0817781857843181,0.0251903384909386,0.101833558584148,0.2013087903801818,0.0822558745974143
4318,0.0739725586391143,0.0288046313725211,0.1234154682068652,0.2041392087277742,0.0802358666280791
4319,0.0764718925538293,0.0182938578333545,0.1445110389837332,0.2028548013762519,0.0822606031025307
4320,0.0818867015016159,0.0146877282014118,0.1620330948933872,0.2052126949722077,0.0808656413572637
4321,0.0802210392014926,0.0168843819877288,0.1787160048003952,0.204598886842409,0.0758692969704929
4322,0.0788354499632356,0.0181599343795596,0.1929559694352957,0.2013279846575346,0.071445565717302
4323,0.0792378630121073,0.0189150470355964,0.2052576865348826,0.1884317796136931,0.0680028414840259
4324,0.0848267724745157,0.0210085091322546,0.2115564847429006,0.1766468795405563,0.064459162521134
4325,0.084320375366215,0.0280064459258907,0.206308780879857,0.1483967588249946,0.0587584064045464
4326,0.0649286728214861,0.0346195128432585,0.1903870175613324,0.1195161162360691,0.0480910968930666
4327,0.0612156189136326,0.0327472830661042,0.1543798846793742,0.0952648719550271,0.0436034954804245
4328,0.072067226324415,0.0259313846842524,0.1572822593672985,0.0785648619237936,0.0429731052845931
4329,0.0760677156177931,0.0420657929613231,0.1780086486855599,0.0650248695669753,0.0413321279157576
4330,0.0555998076912921,0.0405160252114873,0.1699076851630713,0.0496122604430301,0.0452697528390602
4331,0.0603594989419845,0.0486151499527119,0.2024631811159422,0.0468901462229004,0.0536302494638933
4332,0.0728855952391321,0.0474953312007298,0.2369458696392594,0.0532065568954245,0.0584650913976593
4333,0.086975356054216,0.0339571602230151,0.2623177801834437,0.0634514694700848,0.0615515289119412
4334,0.1014105592075313,0.0250103009492805,0.2578488816227853,0.0762675042811709,0.0655042967097903
4335,0.1143554215493097,0.023668518888206,0.2484729024633337,0.0889491001480285,0.0665246942745766
4336,0.1166654788898178,0.0307513503257863,0.2428667792658551,0.0999598018292401,0.0645698622892854
4337,0.1057444830978644,0.0234206472727688,0.2352247415188066,0.1187650714805257,0.057933685984981
4338,0.1155612049673923,0.0227307519844076,0.218398273218098,0.1328669591152562,0.0477835574465676
4339,0.1221680227534728,0.0266489621571836,0.221713209318136,0.143718895626484,0.0372069713146254
4340,0.1233934074696182,0.0303054029467135,0.2177056761985792,0.1546142103521897,0.028315636087081
4341,0.1158207000510581,0.0394217217089063,0.2020909049090434,0.1630485955492662,0.0222747835601244
4342,0.0885296391624482,0.0740958598242092,0.1669446729929845,0.1552262654314563,0.0211723786312023
4343,0.0789920630500375,0.128157120309059,0.1470410878257495,0.1540953089193461,0.018756374598371
4344,0.0694342128910812,0.1445356404119855,0.1262948044747599,0.1505943258782336,0.0180905893749234
4345,0.053311455969772,0.130347277885302,0.1126118377467958,0.1537744582425193,0.0177837850630197
4346,0.0381396065862453,0.0460846506114501,0.1095104913189055,0.1656521448696012,0.0179237788798738
4347,0.0338870398121246,0.0261734527587937,0.111257051163181,0.1562829377678116,0.0180765557767242
4348,0.0322301521596742,0.024370226653439,0.1093669025645639,0.1415122237036021,0.0194862103679217
4349,0.0326403107577469,0.0331968697156227,0.1117972409771274,0.1222838804037491,0.0195985433416225
4350,0.0323772352454777,0.0394039066845878,0.1086704220759437,0.1012953564038866,0.0157094707837234
4351,0.0232745577637573,0.0184291293937808,0.1211352615455491,0.0877818660377478,0.0131018252018104
4352,0.03399018865013,0.0112385521131373,0.1484573223004107,0.0851806480450127,0.0160084403823883
4353,0.0448525377678889,0.0234591449149944,0.1902118302133074,0.0854338389005677,0.0195578828028219
4354,0.0250399766375713,0.0172649394070414,0.1665745726821443,0.0630254723816902,0.0275299461547837
4355,0.0738440336514836,0.0237953141002291,0.227399527682463,0.0594609675644194,0.0382982224985157
4356,0.0744886857556948,0.0222662673560512,0.2837701485458083,0.0710378756566075,0.0451944092674921
4357,0.0451096215791915,0.0295411656273173,0.3285934106425184,0.089532357663243,0.0527247492429913
4358,0.0572840314701534,0.0355162044825107,0.3609856497738077,0.1059851550399478,0.0603567796739693
4359,0.0862403709802912,0.0326307882465485,0.3694582237401276,0.1195758418950301,0.0631745685641026
4360,0.113023915249674,0.0312766717345794,0.359606635001252,0.1372086076778629,0.0649268115213331
4361,0.1199927090639043,0.0186758046148296,0.3491027388842652,0.1563106410225125,0.05974412357396
4362,0.1104453985271051,0.014176818645761,0.3178598927997519,0.1666479617919327,0.0496148284829935
4363,0.1015892439001424,0.0214297324214814,0.2769533623105693,0.1698374042810185,0.0403897580772397
4364,0.0894928503541758,0.0108770127594969,0.2535489153240275,0.1873100961773547,0.0298647703993104
4365,0.0770978880756689,0.0272079711745686,0.2389488746681513,0.1818069780194292,0.0210033320357395
4366,0.0529132821683705,0.0281650418581257,0.2251479214143205,0.1976001549330955,0.0208891992374174
4367,0.0368790271887628,0.0514504630906833,0.2370308831801928,0.2011960097540414,0.0185894239196241
4368,0.0492359599321995,0.0338631309757898,0.2346357169561805,0.1925994372794237,0.0176314354319919
4369,0.0638921288162885,0.0178705486226006,0.2304482997716138,0.1774825406999239,0.0211204103736993
4370,0.0701828905698599,0.0119945388737567,0.2320734706357024,0.1640190511423074,0.021394896483413
4371,0.0797947059409957,0.0149175916460417,0.2329256595224806,0.1612509453054704,0.0191839149791066
4372,0.0906147101443115,0.0186525760943596,0.2258420423230267,0.1580963901701009,0.0181889519987329
4373,0.1010158526470593,0.0172882373094846,0.2316211860494011,0.1550416851612829,0.0176691858401937
4374,0.0913853201536576,0.012189630426269,0.2453305912266928,0.1257940214175376,0.0137407288152555
4375,0.088650718668893,0.0118039609263654,0.2436895973843186,0.1140874555537715,0.0108340570690652
4376,0.0912340845256617,0.0113708606042612,0.2579899360907156,0.1053523894491259,0.0121266947116747
4377,0.0890486238287239,0.0128615376891304,0.2787197926195845,0.0986348144143844,0.0165653830211376
4378,0.065787112868932,0.0258057110325903,0.2817718997182039,0.0900010907958182,0.0249671218071409
4379,0.0775524152270119,0.0397482584563448,0.2892268023518921,0.0855519872991905,0.0323702171457443
4380,0.0738221221089251,0.0411146713703147,0.2836655736067272,0.0893150013175796,0.0430785080104789
4381,0.0698967179331127,0.042863764821577,0.2783743144665981,0.1040556372395462,0.0516351244409129
4382,0.0620603549506685,0.0477791241415226,0.274319314653289,0.1193871265062231,0.0585439225661009
4383,0.0563903450621351,0.0596209914931188,0.2733934148319741,0.1472736701430349,0.0592730123657703
4384,0.0489081488973407,0.0687730516709866,0.2615847531868455,0.1736124736566951,0.0589088656701822
4385,0.0394921781909213,0.047965456163665,0.2510491817561424,0.1997963972186464,0.0571982129487834
4386,0.0317378846335087,0.0234044873929149,0.2273066202180143,0.2139765678755696,0.0555832730655016
4387,0.0297437838006342,0.016702996960809,0.1960819150393707,0.2185565470971497,0.0494124577833813
4388,0.0301679978352596,0.0222940570336927,0.1770969866508359,0.2535757498140307,0.040468689360945
4389,0.0358446546066935,0.029125689477918,0.1569292422230306,0.2851707661648498,0.0347727030797599
4390,0.0512195842912378,0.0543146757003407,0.1151578112160485,0.2857283932140095,0.0371864142193293
4391,0.0772443647557118,0.0607420464165636,0.1105684994606616,0.3086177521763998,0.0435696909352248
4392,0.0963497934894319,0.0663104597255646,0.1103823994315575,0.3137158698414352,0.0427491879822662
4393,0.1083336618199366,0.0758864214932569,0.1122884942809866,0.3195631325354018,0.0461984779730028
4394,0.0994731795927679,0.0738628426668486,0.116734805438597,0.3210992979574324,0.0457882763758347
4395,0.078768142427374,0.0758423787143011,0.1152736101148459,0.3107068631435831,0.0461609081079222
4396,0.0788127969157054,0.0786303741433304,0.1162538795859187,0.310026048043435,0.0448009642938491
4397,0.0724528572548059,0.076951310894629,0.1078224571058447,0.300479922708415,0.0414691077784694
4398,0.0651183998868886,0.0655761080769191,0.1118266512900005,0.2613054845933149,0.0314969941616641
4399,0.0573617073095105,0.0524487543493603,0.130818116877581,0.2335614950597605,0.0293683299861029
4400,0.0470395918980608,0.0484460099105859,0.1409178689297405,0.2229422960990866,0.0327618124104654
4401,0.0358858240160631,0.0473583992858774,0.1525354964248096,0.2264846757282335,0.0368891847549793
4402,0.0263394424627467,0.0425395098361979,0.146417712169023,0.1906192907798916,0.0487999213509289
4403,0.0348021467810225,0.0589327138629685,0.1569537492511021,0.1996364277065158,0.0563750264533221
4404,0.0380672960278314,0.0586025041673387,0.1621425726132689,0.1993793692862865,0.0647132255611158
4405,0.0425461495764892,0.0615815603793736,0.171264229446228,0.2067286337735527,0.0772453428851003
4406,0.0426071697195199,0.0625922610965388,0.1847752494788673,0.2120232902274297,0.0806814585383089
4407,0.0363896342146001,0.0574462834397491,0.1931844420821142,0.2293603279109856,0.0760801100853128
4408,0.0381979923492137,0.0581491972839748,0.1942554070515046,0.2557923999151659,0.0662602260470001
4409,0.0440743209684753,0.0561235219354264,0.1890666920767217,0.2809497173881407,0.0562315747888898
4410,0.0524168477017227,0.0566492089401684,0.1743346807815431,0.2969560209397794,0.0523363706254554
4411,0.0601489596317099,0.0626260310025868,0.1560017878740638,0.3295082918905326,0.0494333168629543
4412,0.0662347373314448,0.0649259250844084,0.1543788972441662,0.3739840871585519,0.0429832864624098
4413,0.0741980941085375,0.0720669134811747,0.1521355050917404,0.3998967750834824,0.0379566819316138
4414,0.08054647246936,0.0781581653046857,0.1443284284965456,0.4160978699111746,0.0316788968482244
4415,0.0799918731318205,0.0835986130218415,0.1412858119286309,0.4144198105958189,0.0366022187746395
4416,0.082562571107984,0.0825446008113824,0.131870233069978,0.3986795577737059,0.0431420178242826
4417,0.076977150192056,0.0888383212459066,0.1272410263940997,0.3708201301177067,0.0452301881390724
4418,0.0757806778643146,0.094712627470764,0.1259804748208213,0.3512768791040558,0.0464155868209503
4419,0.0787673856305448,0.0815921167253042,0.1227718817454839,0.3336652890741785,0.0474023262360584
4420,0.0672002042087913,0.0741632755137055,0.1192901462011459,0.3218344070217873,0.0474058061460429
4421,0.0493841200128175,0.0707853550329537,0.1043442700842165,0.301984306346998,0.0447779469070254
4422,0.0431037503133485,0.0564262638971786,0.0989541076717523,0.2517404207849906,0.0365229586057165
4423,0.040255218249976,0.0429046978945038,0.115098887666691,0.2046513368356398,0.0329246676891846
4424,0.035206767662819,0.0367500377402342,0.1315360376378143,0.1793036965919321,0.0309647663579326
4425,0.0255040308865281,0.0364809006671463,0.1432691648012898,0.1635740893818498,0.0324343751844642
4426,0.0142558099136202,0.0454449955978149,0.1399600144513468,0.146123196497218,0.0423928368679479
4427,0.0131889039525993,0.0520999733214321,0.1552856122852813,0.1376997479978844,0.0507339571676724
4428,0.0173939536074115,0.0398716259050693,0.1693437274417805,0.1285810279021819,0.0586323416043944
4429,0.0218250341330218,0.0354615616882013,0.1771510354041315,0.1185648095970585,0.0625285020258855
4430,0.0198032351497341,0.0325516469620209,0.1885049156572935,0.1140427233161901,0.0616283840299444
4431,0.0184592398859417,0.0340976519068407,0.194760036567774,0.118082979141556,0.0560626431284655
4432,0.0207945010527825,0.031843594076175,0.1933315672087881,0.1225500521450689,0.0501565953673655
4433,0.0246638874622642,0.0327296276842827,0.1946972136655456,0.1320158211332593,0.0400267500990941
4434,0.0352311704986312,0.0269796115396462,0.1883309600801127,0.1419574691818929,0.0311105389783353
4435,0.0457907315493576,0.0226821669851939,0.1971523499810222,0.1786806266733793,0.0277906182708712
4436,0.0481961105659221,0.0214841978998754,0.2025404200803556,0.2185081137637391,0.0247873886930637
4437,0.0426377812427033,0.0153560159088006,0.2053485288139359,0.2287238256274792,0.0230905780826224
4438,0.0353682233214166,0.008926077180217,0.2109281464759452,0.2344966858411068,0.0214926352176079
4439,0.0317633624171172,0.0115067816298527,0.2206020086022759,0.2225483361624723,0.0188480107160641
4440,0.0289945315048789,0.0088485477196229,0.2230293401856747,0.2025644218786885,0.0163260593157698
4441,0.0335314849736296,0.0069762639794387,0.2216045109294435,0.1879462793448276,0.0160121003975815
4442,0.0481432345879114,0.0067644949848848,0.2146631411596488,0.1805163570862606,0.0162365836858197
4443,0.0617295654685028,0.0072321835697348,0.212023053972653,0.1687122138288664,0.0174019745605027
4444,0.0680113361608468,0.0096670020248808,0.2064595038786524,0.1607753024310799,0.0168366299023022
4445,0.0668385660918885,0.014804400969799,0.1974829398072046,0.1481228660410146,0.0158932981191112
4446,0.0549368115186775,0.0159989324009848,0.1802277488099657,0.1234620103546678,0.0144709855587255
4447,0.0620634702486833,0.0110816951617822,0.1918332246999621,0.0823629681484036,0.0126160098773288
4448,0.0919393657304678,0.0145006056273222,0.2119022470768986,0.0646096909900151,0.0149550202844699
4449,0.1164338960786604,0.0198383663642497,0.2372213768642284,0.0587690263581141,0.0196564592752227
4450,0.1041238831347916,0.0165692955590972,0.2039026770228387,0.0502244512482764,0.0262482386037945
4451,0.12844864347313,0.0182809400127022,0.2167610464425042,0.0478248687147048,0.0360703549596345
4452,0.1304661099722738,0.0195274013231148,0.2383141674574423,0.0393710075272224,0.0510925822348124
4453,0.1313897796323905,0.0205544827988935,0.2570866993943753,0.0344352248646921,0.0675904370079737
4454,0.1389266666140228,0.0173946829340152,0.2579884525421353,0.0381753577807374,0.0760589078978335
4455,0.13940596643751,0.0150593380827397,0.2360603133933432,0.0463638561893295,0.0739046601752869
4456,0.1254171284118524,0.0130334308464833,0.2156548207069911,0.053523410988799,0.0647932350994647
4457,0.1037841182353935,0.0093409750078093,0.1775096815863714,0.0651957348689167,0.0574773329250609
4458,0.0736697303006782,0.007457508041014,0.1463471601382669,0.08432557478307,0.0512321462143999
4459,0.0571411786674254,0.0074319772861768,0.1216761641133772,0.1128884135339377,0.043776739324267
4460,0.0445893268510994,0.0073465304758612,0.1045110211153245,0.1321224268060283,0.0363160068330224
4461,0.0407626534017109,0.0087178842593392,0.0881454422403595,0.1387787219268264,0.0316995852304252
4462,0.0478583391870142,0.0073491444907169,0.0800547938410963,0.1316757007073765,0.0284102015787649
4463,0.0452823960295281,0.0066290567856421,0.0724503652569441,0.1180218764823681,0.0296995854627479
4464,0.0378802587166136,0.0045869206043869,0.0639694282079638,0.0989942982886351,0.0336759823836989
4465,0.0317340384236532,0.0058140670693494,0.0659321720077205,0.0881464704315479,0.0369748903523267
4466,0.0275855452465434,0.0065111207923282,0.072048777520453,0.0769229424816829,0.0368474790103828
4467,0.0284211608044352,0.0084243442255432,0.0826231621345616,0.0642647563109265,0.0341986369632439
4468,0.0287517247253792,0.0085836145753804,0.0956667283438148,0.0559426031286955,0.0337316216620973
4469,0.0260842166301951,0.007957976455244,0.1083243364841421,0.0536551452471406,0.0315335780103267
4470,0.01853823960556,0.0083759810412736,0.1072408931936942,0.04735167699312,0.0247050829917632
4471,0.0157090261221511,0.0096912209932204,0.1368143028617693,0.0303560738542749,0.0195711887838835
4472,0.0336314512977049,0.0174346597318285,0.1658295231639885,0.0244037312405457,0.0212180658992056
4473,0.0683924214113707,0.0306043744922785,0.2008893661351504,0.0266147672378912,0.0256203520494017
4474,0.0687688871514508,0.0160587891907932,0.1835092464953191,0.0311886758148297,0.0334466521728637
4475,0.0840486626504892,0.0220600704949117,0.2265084456567569,0.0340848958126846,0.0553011205828712
4476,0.09709162450019,0.0660956964121413,0.252000244943031,0.0397686686888328,0.0646353461360472
4477,0.1202015720347146,0.0759692847068345,0.2676794570764099,0.0518353688399644,0.0645079537502808
4478,0.1380432992909565,0.0708799318305019,0.2719933317204899,0.0743514407202487,0.0652149936504931
4479,0.1442499003871463,0.0456163018251371,0.2665686718616967,0.0967164959101392,0.0715590959400588
4480,0.1297259085012826,0.035897168153163,0.2658496520923701,0.1190556739067661,0.0744537990360558
4481,0.1179076175505798,0.0312958060197679,0.2578446941678144,0.1294447282252108,0.0610197964453365
4482,0.1297505085261443,0.022037546044382,0.2485194339970367,0.1394937167193565,0.0516127938748081
4483,0.1406998219586504,0.0252925918355728,0.2440349084816446,0.1614971561988007,0.048844263745073
4484,0.1436982061310503,0.021951674027835,0.2434467929964856,0.171858316841998,0.0475459855512402
4485,0.1503324473999829,0.0237505328045887,0.2370855424615868,0.1600304614949368,0.0499642257735836
4486,0.1806489348496303,0.0523195120025984,0.2280663343801443,0.1403383002785917,0.0528627977906214
4487,0.1647433346083475,0.0563243522327216,0.2287607516601247,0.1325406110354438,0.0612087849965408
4488,0.1544636743775001,0.0439459117722165,0.221229118354014,0.1189853850083221,0.0654401741349732
4489,0.1432480652482955,0.0495384299866442,0.2125969347353086,0.1043498302995604,0.0671719532115565
4490,0.1491244065536532,0.0610073222497349,0.2096599131356392,0.0919947532285714,0.071482002486012
4491,0.1594999034107189,0.0587267523239546,0.2054409427554306,0.0868604468581587,0.0711433127853022
4492,0.1827388637715421,0.0615017783003465,0.1925867881860362,0.0802817097222763,0.0699905143686042
4493,0.1575006876602329,0.0668264607112845,0.1897124908505426,0.0716877311063303,0.0680094745322481
4494,0.1492191567791653,0.0554463489123506,0.2277723453725,0.0516501868796473,0.0595000057457912
4495,0.1542976838595952,0.0395075297462312,0.229709931328264,0.0422532168306098,0.0578934937479614
4496,0.1830883781178906,0.040531615466937,0.2421764048224745,0.0425631076029452,0.0585634385631101
4497,0.2057153960174495,0.0550819889816395,0.2535105570858359,0.0431333109048004,0.0651884906260544
4498,0.188763081310593,0.0310571247928879,0.2129553322772152,0.0312207808844842,0.0683558566564176
4499,0.2146110223113553,0.056055475381739,0.2473291513724122,0.0377941196889324,0.1023099214961422
4500,0.1670200457190429,0.0750328054533933,0.2673136919682033,0.0513515806469288,0.1275123741979213
4501,0.1239936356646096,0.08968360001025,0.2804154134036263,0.068187852187514,0.152532307337283
4502,0.1107015495695676,0.0887006941422027,0.2770472571523756,0.0875966541040036,0.162543233886182
4503,0.1043676985604965,0.0763269873172059,0.2752670381588054,0.1086930021988422,0.1699003692104358
4504,0.1189809279674894,0.0593785328064348,0.2659603446562153,0.1291667986315234,0.1658959134847085
4505,0.1161498978615537,0.0333156254220626,0.2513725518561903,0.1519420306430879,0.1521334362591772
4506,0.1046972942254042,0.0218732724748558,0.2194211378010028,0.1624280025691324,0.1372134204009917
4507,0.0997413766927032,0.0227344175236845,0.18495594833041,0.1710403179967151,0.1235916215153467
4508,0.0952843723646187,0.0275045232288424,0.1634736952634898,0.1892402802869182,0.1116890375666669
4509,0.0979791926444469,0.0299060659890742,0.1536149224488965,0.1940004179737239,0.1066240791269119
4510,0.0806854100930778,0.0307782223303342,0.1443355685771808,0.1848307693731273,0.1207497356184388
4511,0.0681599892111567,0.0291230238982114,0.1412992419696279,0.1761279837881113,0.110679198238787
4512,0.0659487375536062,0.0259077752966297,0.141777725251782,0.1712424259854777,0.1006970117791505
4513,0.0743565210680802,0.0227840330555707,0.1504318583379379,0.1657505975068836,0.1039588501150808
4514,0.06971455634106,0.0153756422487175,0.1483281386315237,0.1588929270574046,0.0971868213041882
4515,0.0574191369757661,0.0148597999863759,0.1464236921559707,0.1631244887403404,0.0906416969095363
4516,0.0428197986867612,0.0139578163986615,0.1444738653276462,0.163428828327861,0.0945497830191515
4517,0.0328312231068822,0.0098450515869792,0.1460528548131818,0.1612527068847751,0.0934542975228803
4518,0.0324767397595163,0.0088975652325358,0.1650721745697836,0.1410163154678086,0.0777983180158833
4519,0.0359817592271754,0.0091819381247213,0.192711688558188,0.1302562813657087,0.0630077084637962
4520,0.0435852905982884,0.0105004601799993,0.1926679511254468,0.1293467176483145,0.0572911198579973
4521,0.0629536196402523,0.0158441591946336,0.1959131573756479,0.1349964688782661,0.0553593995355109
4522,0.0437198353765894,0.0148464410182611,0.1683337176081417,0.1375862417962265,0.0607585309869799
4523,0.0652323557654212,0.0275050531971134,0.1712969675588459,0.1299688253926915,0.0631851297390731
4524,0.0819913907073541,0.044025874255883,0.1731862900529344,0.1229576310203528,0.0710604290287803
4525,0.0935565750675166,0.0330476634213625,0.1755260679740132,0.1299550560460745,0.0723476588921915
4526,0.1044834425186976,0.0280310054780927,0.1891770710590722,0.143324975632887,0.0798771302423369
4527,0.1051667051466448,0.0387090223481454,0.194414492816999,0.1658196556999132,0.0742202029106257
4528,0.1036899674129586,0.0434497373082108,0.1927574181362695,0.1917605388462107,0.068131551648343
4529,0.0891698674893088,0.0494106556750557,0.1868937317568581,0.2127015674193163,0.0682591534892833
4530,0.0725734729647616,0.0527952659541794,0.1714896814302901,0.2188164627533181,0.0593295303510729
4531,0.0691007342142351,0.0545184001771194,0.153936014576044,0.218276393281085,0.0527328744240862
4532,0.0686126395681446,0.0522654042163704,0.1436065252580433,0.249850343224893,0.0535705600162577
4533,0.0715439793105882,0.0462152987567436,0.139854370086879,0.2800775076771153,0.0585133883086247
4534,0.0655733664328532,0.0506087877159284,0.1306144329092913,0.3016432214186391,0.0692319330152898
4535,0.0620685646015711,0.0545556906949345,0.138332463276987,0.2937883833673912,0.0841994920653121
4536,0.0496100812093946,0.0621631676998801,0.1428700914364044,0.2793949039603153,0.0889804401908284
4537,0.0438706515017576,0.073640663314341,0.1461582796093355,0.2620118042281609,0.0798107446714349
4538,0.0390450268463981,0.0767278941890063,0.1409242524123178,0.2488891419390312,0.070399144606667
4539,0.0362385236890128,0.0742899556574465,0.1370243922298923,0.234769209197324,0.0735658529869451
4540,0.0314478294705451,0.0711737799464071,0.1318322568639301,0.2282110899658834,0.0729407337965124
4541,0.0216983062411246,0.059080400637664,0.1230057492228453,0.2125392302363159,0.066484958765763
4542,0.019785612576979,0.0468326361853985,0.1321594955949746,0.1716523082343253,0.0531819663283531
4543,0.0265379554311073,0.0511538135365948,0.1356614152204885,0.1580819703653125,0.0500169552857292
4544,0.0331357552694129,0.0599808260681277,0.1483907981020458,0.162471589324275,0.0584271934312616
4545,0.0430363102347988,0.0637693934261286,0.1529984265398954,0.1649825731212529,0.0694614337815843
4546,0.0401411076873429,0.049658570870829,0.1568999623976105,0.1374383182671391,0.100744263987356
4547,0.0607213608328345,0.0679847058660025,0.1614657904576834,0.1540176838213239,0.1403045786579439
4548,0.0765976041765633,0.0793334709230006,0.167374346090488,0.163200991662697,0.1565198253218491
4549,0.091784766815691,0.0885414109439046,0.1732145254581277,0.1741802766342898,0.1449221634667068
4550,0.0980750203812673,0.087036806087932,0.1792088488580684,0.1837251148528211,0.1397452059225198
4551,0.1075391467860338,0.0818696519109925,0.1802675835586656,0.1925315989522055,0.127678158466571
4552,0.1076295849856039,0.0832265463169026,0.1781101259275002,0.2044206108887939,0.0951124687112051
4553,0.0915246443978792,0.0914419999784882,0.1706039059749089,0.21406529197165,0.0804015286289158
4554,0.071890437198521,0.0879615323276018,0.1579258023646927,0.2155213983038571,0.0749651323849008
4555,0.0637994170856012,0.0961866438111778,0.1407781950859241,0.1956073801507125,0.0778777439126993
4556,0.068544937826687,0.1129094987317174,0.1366891661454874,0.2053053541300193,0.0827855082366907
4557,0.0697775828045851,0.1227692571215063,0.1372031914607094,0.2160892156534186,0.0902726155631796
4558,0.0759116875353019,0.1386326218906639,0.1358416330670032,0.2074424315893059,0.1094156767723101
4559,0.0715630558783511,0.1370154650133437,0.1415361064129918,0.1984235367944616,0.1135833409981442
4560,0.0745871560767073,0.1441478861656536,0.1350506745539399,0.188514935233552,0.1217603950583466
4561,0.0707138366270669,0.1371724660365558,0.1353754957398807,0.1689141102852941,0.125958189126543
4562,0.0687276679717949,0.1228848001911007,0.1233703420315435,0.1538273539430366,0.1131627274501082
4563,0.06281153175523,0.1009528726972739,0.1194458944671012,0.1439107144349845,0.104652965001397
4564,0.0580690554698792,0.0801330411891999,0.1109747570023337,0.130934718814504,0.1035333335820722
4565,0.0596473886427842,0.074479606185117,0.098471200498205,0.1190381606104274,0.11397362650635
4566,0.0759669175146701,0.0650656357200086,0.0933955332617521,0.0915595595814842,0.1135349309726241
4567,0.1012998697374387,0.0637011319925147,0.0892420241467848,0.0672516562024528,0.1209096846161107
4568,0.1235978040406558,0.0673269153042388,0.0838407743771797,0.0644380935382614,0.1406526982022137
4569,0.1290053822929618,0.0709210589011356,0.0837566063687721,0.0630163522338512,0.1570170400497424
4570,0.1149799927874171,0.0522744738351946,0.0685375858218055,0.0528584889650949,0.1566371825618735
4571,0.1314121018699232,0.0647330383294791,0.0731967282679274,0.0485674683240402,0.1939300515018493
4572,0.1342515383322707,0.0696853296667024,0.0848790710004475,0.0463747045537725,0.2216596662872686
4573,0.1420056086276278,0.0688588314552048,0.0897166866715236,0.0467541787856133,0.2183196851987412
4574,0.152517416562608,0.0644231587330345,0.0931862693028603,0.0481527503587329,0.2089809443884166
4575,0.1506328051466703,0.0628234634114423,0.0952957786586111,0.0489464550232587,0.2005636816540804
4576,0.1448008172182109,0.0618368426729286,0.0962838746895903,0.0495413975134363,0.1873357936848787
4577,0.1127588159608262,0.0526290128081736,0.0940376265141513,0.0526196334913738,0.166561894680608
4578,0.07773569678174,0.0383303327920477,0.083349852863138,0.0537734435528482,0.1676645978656831
4579,0.0611094091518143,0.0306529089339652,0.0813127864579782,0.0617222557597258,0.1767626260907231
4580,0.0550902183245795,0.0292161036717915,0.0795423829931528,0.0718086046948452,0.1751772715389524
4581,0.0544279957385992,0.0279083706531095,0.0771293560869478,0.0742678104041322,0.168191037428361
4582,0.0540805061482033,0.0227535145431734,0.069507239476707,0.0785739323333027,0.1613153426112811
4583,0.0629171806183041,0.0221785382218803,0.0678293360472716,0.0734069672225484,0.1532950752407721
4584,0.0736247784861506,0.0242765279679578,0.0665430685451239,0.0666764396353763,0.1422241554662356
4585,0.0762556897821352,0.0258099233148831,0.0661640386140406,0.0595431846754678,0.1341267324589977
4586,0.0695791247515429,0.0228864502501457,0.0642320280992589,0.0541858243510302,0.123988292355843
4587,0.066661089234975,0.0183081889480994,0.0606462548635542,0.0523929027700168,0.1195446360962635
4588,0.0719875466434659,0.0153763189501856,0.0553598167466531,0.0498696103778375,0.112738598854566
4589,0.0646795898788533,0.0147359608245875,0.0457086889232196,0.0512177278957984,0.101316511117401
4590,0.0403069879743287,0.010428507617043,0.034306707747848,0.0505049342173745,0.0926111150202975
4591,0.0395528153811914,0.0046730485862971,0.0307895080257328,0.0389234468171443,0.0850745398372072
4592,0.0528691464960901,0.0022833367710717,0.0344492743560606,0.0287713382123872,0.0771274731951016
4593,0.0673665948548388,0.001817384211571,0.0386642435674851,0.0314647873203561,0.0727991110127282
4594,0.0513236261350071,0.0086029368085771,0.0273743232324454,0.0355396158982393,0.0789503388469597
4595,0.0602466168060633,0.0099696545069576,0.0329465279622249,0.0527522678404027,0.0785586574373298
4596,0.068256216260263,0.0125091749750939,0.0356079974991364,0.0743822146486487,0.083280862146412
4597,0.0775537782472138,0.0170663075566622,0.0368014712041648,0.0938204699002003,0.0880861860397397
4598,0.0787007197837796,0.0214143981414127,0.0374160646186922,0.1098045268423496,0.092637786270979
4599,0.0789319425357743,0.0161465948320727,0.0378602496541278,0.1155473116425341,0.0946264489074423
4600,0.0746691537810066,0.0101210628596138,0.0386820847172497,0.1140427934610431,0.0941434953319493
4601,0.0721554413595615,0.0115834223060948,0.0381882883177895,0.1108858215451687,0.0877319274740212
4602,0.0731825889416371,0.0135809422882932,0.041781493193619,0.106889237318955,0.0717987411429984
4603,0.0732847238521588,0.0131747134274216,0.0491372462716789,0.1071200149261976,0.0565784605923781
4604,0.0696412436913183,0.0124555268964367,0.0551630618509269,0.1149513119853376,0.0470713832780855
4605,0.0649656877597418,0.0130977270970663,0.0607844475103018,0.1203088834007026,0.0408651967558197
4606,0.0619836474123645,0.0138874198385212,0.0632153886605597,0.1316879904892119,0.0462969320928344
4607,0.0673785568530817,0.0160351217584606,0.0691124742574536,0.1363345125654687,0.0435911028669528
4608,0.0741832310460782,0.0199923834368651,0.0705801217465073,0.137673148946132,0.043622722156086
4609,0.080147628693137,0.0223265823338218,0.0657680868487379,0.1311643775296467,0.0417801061134622
4610,0.080504018501125,0.0241636943268113,0.0624900496322017,0.1229617612276896,0.0436372684389786
4611,0.0822499349217166,0.0296407569701794,0.0604252026403848,0.1205825465973059,0.047532492708104
4612,0.0852515567249182,0.0376088021331688,0.0566491986482284,0.1167740568264167,0.0470501055907327
4613,0.0805843514033495,0.0431147254153261,0.0542352088080301,0.1078897682973525,0.0422058393585695
4614,0.0706202702390137,0.0423259006760415,0.0489353147706585,0.0887587034062109,0.0319747741486152
4615,0.0662326040227909,0.0316886862078075,0.0423333626315093,0.0862357951512864,0.0308331070509031
4616,0.0664193465335812,0.0382926959398444,0.0389768987163391,0.0927877292611453,0.0366137569730259
4617,0.0722946448504647,0.0569584038423329,0.0376994040589898,0.1071154603681991,0.0460968104925365
4618,0.0631856475658681,0.0270102000037333,0.0354699374362339,0.0741311374340275,0.0603528779340164
4619,0.0760171728967979,0.0399056800716918,0.0384899511247794,0.0938589685601584,0.0722949719660798
4620,0.0859986612930901,0.0550490597562631,0.0446306365452177,0.1234457057456817,0.0851812377077595
4621,0.1081471512471155,0.0700924420092612,0.0568912229771146,0.1602404792565296,0.100059705883969
4622,0.1080022971118783,0.0852973335586234,0.0712080546540347,0.1970701265043628,0.1114671683774349
4623,0.0932833132956594,0.0883378388379299,0.0735978709481144,0.2262822510586159,0.1140799734611768
4624,0.0762749835202526,0.0970726430830972,0.0758466342743453,0.2429444695104183,0.1060173306136428
4625,0.0687642646893287,0.0968643368711452,0.0710695228550548,0.239112477793057,0.0974689766349626
4626,0.0589198958571738,0.1022515562004262,0.069467887991218,0.2113710140446756,0.0860561900163869
4627,0.0653321674100723,0.1009659336345769,0.0712489538610786,0.1912978001633681,0.0777766284873523
4628,0.0663194496457632,0.0948661277792479,0.0777705274137552,0.1948113743846627,0.0662363447201995
4629,0.0656684182594646,0.0835595272440035,0.0862400840997961,0.1858303168110293,0.0616693826780219
4630,0.0584755278506874,0.0952120887677159,0.0958460812491349,0.1753769803925616,0.0619695444657454
4631,0.0698784330831327,0.0945733215285434,0.1023170616533791,0.1645793676957097,0.059923089094032
4632,0.0930781917422011,0.0633586644355398,0.1144989326604956,0.1534160554480823,0.0623116816155061
4633,0.1108895331624155,0.0363612716002299,0.1192034708958827,0.1441257777193731,0.0684715177054773
4634,0.135552283358274,0.0369889001312161,0.1150744582041569,0.1350726654068209,0.0690579795030901
4635,0.1472318779401169,0.0366571807249678,0.1156882001269132,0.1338236851934196,0.066526759400881
4636,0.1629797670895041,0.0351365902511258,0.1204239965059998,0.1396263307866563,0.0664772734797643
4637,0.1794430721328363,0.0332851373939888,0.128782086913906,0.134144601874084,0.069903459318818
4638,0.1847653177463392,0.0287432401322829,0.1246014098479553,0.1062125327408143,0.0642376525562051
4639,0.1825866179547462,0.0303585791829126,0.1164096675371951,0.105595463671253,0.0752472354230135
4640,0.1829923621985542,0.0346418795916866,0.1125399348652055,0.1138582212638537,0.0886259673864642
4641,0.1614366192612325,0.0436717779891005,0.1115997221378816,0.1178382522638532,0.1040833362044551
4642,0.1291350808936979,0.0394549017862886,0.1063696734420324,0.0924017958670378,0.1220481513163763
4643,0.1681005507335209,0.0485789233694613,0.1142080451481474,0.1001857046645703,0.1395837206829256
4644,0.2062844320540081,0.0541094733668743,0.1216963927337969,0.1013184929091617,0.1420025684589026
4645,0.2392161282983445,0.0647660994830032,0.1307762308460493,0.1167136996342277,0.1504385275104765
4646,0.2354176824956928,0.0618213124627417,0.1394251187978646,0.1398075963987476,0.1551546694538549
4647,0.2328977248710778,0.0632009828918569,0.1459514572787153,0.1612685820662021,0.148284588990062
4648,0.2216309634428205,0.0646638377564665,0.1475729637553677,0.177748049644581,0.1376154951111776
4649,0.2213620447373603,0.0601540137164043,0.1447411992991047,0.1943554338371553,0.1288601612254747
4650,0.2305726607441503,0.0486983244364991,0.1380667551094473,0.2051657538256706,0.117538078187762
4651,0.2307889544718727,0.0414782359442157,0.1359706592488268,0.2060682411885472,0.1169244047295452
4652,0.2255967134030042,0.0417269158896216,0.1358649118722973,0.2269224742740063,0.1031422733157943
4653,0.2156913208052508,0.0390714435168767,0.1298582760347456,0.234726109300689,0.0976454555328023
4654,0.154713975962291,0.035319096240626,0.1245806155242339,0.2314407592526997,0.1180879734377104
4655,0.1763413235009955,0.0426527870778892,0.1222560101954,0.2200134684682319,0.1136147420269208
4656,0.1944914053300767,0.0439559653759095,0.1212485524825312,0.2045234257407877,0.1087131111219575
4657,0.1916044803799826,0.0463560971931634,0.1241197940938383,0.1948162176415573,0.1004948358834171
4658,0.1781597459846023,0.053464514300783,0.1226623504455591,0.1888483974064455,0.1013408146670493
4659,0.1657572599810449,0.0541608405462738,0.1188050580952217,0.1791167433871204,0.1012250518035176
4660,0.1516863242896655,0.0527002273991987,0.1127245460976375,0.1771412952694406,0.0957857788322214
4661,0.1432271449634572,0.0491964093014399,0.1025352670883193,0.1737980283993126,0.0895870882902288
4662,0.1387224786748294,0.0364335997385206,0.0988422792185797,0.1690898512471685,0.0914790235028833
4663,0.1313781866398523,0.0387572812220263,0.0926970938967721,0.1644292693759527,0.0900207552591731
4664,0.1218348999544361,0.0451199148193365,0.0807778293208476,0.1747975954001792,0.0908215838754156
4665,0.1129752300169241,0.0533297016857755,0.0703918065346839,0.1870353277114925,0.0940452186966749
4666,0.0619892317370184,0.0670292903459862,0.0730889268833716,0.166769907504852,0.0999138390597086
4667,0.0713812852902919,0.0801773645570531,0.072651602535185,0.1816074002950513,0.1028311544072782
4668,0.0801483459654347,0.0792179827101758,0.0830012502689822,0.2026085289329854,0.1035889602328029
4669,0.0818886313968701,0.0730392977622215,0.0948327759020852,0.2223847817126215,0.1049134369561585
4670,0.0704042303524429,0.0682315780823316,0.1066689800093906,0.2442590268847905,0.1074149835923063
4671,0.0723499177353816,0.0824227280655437,0.1137628510348858,0.2702661894543617,0.102433289843606
4672,0.0663086877910596,0.1182707731985863,0.1163225492627279,0.2933772336861156,0.0979640599263051
4673,0.0609528463514231,0.1325137195227674,0.1154042785260178,0.313239919263886,0.0893962682468252
4674,0.0539162601101826,0.1151126673239087,0.1124569417887347,0.3099946744107021,0.0866994961983713
4675,0.0606559235732991,0.1027859702172194,0.1070144208780168,0.2849997036480181,0.0729732989502311
4676,0.0618022418337728,0.1124844038763088,0.1022647243671328,0.2846229486924232,0.0566182296072499
4677,0.0599167931728781,0.1046339904258885,0.0970057789520565,0.2811844484423746,0.0560801348549406
4678,0.0607669945184855,0.0883283471757498,0.08446323943663,0.2738037007134213,0.0632851145188995
4679,0.0627178593048862,0.095509875553812,0.0842479808947721,0.2619719211890393,0.0682702657752461
4680,0.0688393060474397,0.0918575277271567,0.0816091754654686,0.2457637002432212,0.0729153074085994
4681,0.0728831842127952,0.0866957977238074,0.0806481937483026,0.234172317106612,0.0691833979368786
4682,0.0690855224536352,0.0921821068947338,0.0814034759991502,0.2241481632538904,0.0767895875827053
4683,0.0634926458815591,0.09102745470832,0.0829102921084546,0.2158393703668032,0.0772081226705702
4684,0.0612015007917713,0.0888140837657089,0.0828287992148399,0.2100317768511587,0.0799800439760265
4685,0.0610621458634937,0.0861176786401748,0.0826002768141189,0.1992154788084522,0.0825583250298237
4686,0.0573049808137947,0.0855581360064303,0.0908715098817261,0.1683721633310613,0.0902992351770713
4687,0.0646678898087707,0.0964974651103408,0.0913402996061517,0.1652462154553465,0.1091258492808405
4688,0.0747058040086079,0.1125176928716887,0.0949030650965308,0.1510916381479728,0.1198988862586875
4689,0.079526063162776,0.1254814384604249,0.1016830976290259,0.1498747119705915,0.1264699336204644
4690,0.0384738437360689,0.1138761773160919,0.1106158465207172,0.127439757646268,0.1474288999765562
4691,0.0467061900160946,0.1336105237376678,0.1179878792038761,0.1355519581600717,0.1533363735210163
4692,0.0601584701423737,0.1409681995879245,0.129261415185355,0.1365589207965357,0.159423687804617
4693,0.0634437508059251,0.1271087164839449,0.1445982375205197,0.1427000150775198,0.1658667627329308
4694,0.0548101733934535,0.0974324113717195,0.1562940315163946,0.1481634211176192,0.1661422077763656
4695,0.0502833680805113,0.0877644193452025,0.166503851907771,0.1541005017381214,0.1679958397403005
4696,0.0449216127491507,0.0864281467211161,0.1765154849597338,0.1522622444559152,0.1770135223794403
4697,0.0379887581459844,0.0800459919788298,0.1863383007762202,0.1509680042797247,0.1795351312908663
4698,0.0408725146747242,0.0594886794812121,0.1839207272641078,0.1478213154171804,0.1673518612098491
4699,0.048629245742623,0.059386132094085,0.1755175622561896,0.1501956653534049,0.1593589772468454
4700,0.0413536685402025,0.0628912865167444,0.1663174749874559,0.1678511000896861,0.1646312216133481
4701,0.0330977229069851,0.0589355779890836,0.1632828229305592,0.1761350121963426,0.1699171257108322
4702,0.0237067982117403,0.0389691847746057,0.1544411790175669,0.174791070038849,0.1845159899003292
4703,0.0252254752005553,0.0358809983391726,0.1587967207050591,0.1691503379747755,0.1771998822204095
4704,0.0263894855675485,0.0318590745131053,0.1642923694403529,0.153718896853127,0.1803804148885861
4705,0.0292597944031298,0.0294773153441741,0.1602212677986063,0.139083324219792,0.1867949258735129
4706,0.0309506691601197,0.0311279144022511,0.1666214000083028,0.1247428222392775,0.1911603726536955
4707,0.0352887222496269,0.0327651936605657,0.1638413414032173,0.1118658664727001,0.1944912776119816
4708,0.0440869841307218,0.0296973974720821,0.1606340101798523,0.1004377157133878,0.1821632437213856
4709,0.0500934863504298,0.0234056858121315,0.1686158320967004,0.0883268782535578,0.1692163541978539
4710,0.0352232842335473,0.0142741931750215,0.1848440753504213,0.0583762449643007,0.1589958319406564
4711,0.0490631023336475,0.0112260831975198,0.1911816200145415,0.0354228030320604,0.1780594581359537
4712,0.0801289450031769,0.0096870833334354,0.1875877721260183,0.0253049255645707,0.1892183303069829
4713,0.1147461591866621,0.0109777364516369,0.1910014328142595,0.018728128625555,0.197458915489831
4714,0.0699652053340169,0.0120531329268028,0.1495905154910608,0.0199287772066944,0.1678209468009401
4715,0.0852664995048039,0.0192555307756305,0.1609931869978679,0.0170858316696254,0.1862821658925129
4716,0.1022481794379435,0.0233442965059025,0.1764216773400661,0.0161467466577153,0.183004019354722
4717,0.1180674256918544,0.0208503804842187,0.1851716813663861,0.0192718130709209,0.1790570306592826
4718,0.1264787584251915,0.0167760529620593,0.1850616352179293,0.026352325757454,0.1920516989995205
4719,0.1328744170214758,0.0160348531714036,0.1736843056343793,0.0346920730335504,0.2017946409986087
4720,0.1331493705758645,0.0158417285481658,0.1673596348985575,0.0420882644817882,0.1904917825479534
4721,0.1128050107732126,0.0152637818439012,0.1556561161387728,0.0501358228206095,0.1759799058153332
4722,0.0942643545179278,0.0135766026081413,0.1426306255238895,0.0587910619999998,0.1610160304992768
4723,0.0834217019714119,0.0123625833379652,0.1420209837321539,0.0781627706919826,0.1466231016515393
4724,0.073515437667172,0.0110027878549102,0.1391849138850137,0.104199001358267,0.1369924367963151
4725,0.0707558470350653,0.0104372981608269,0.1343295578374555,0.118055605271319,0.1299484805516439
4726,0.0671927297041076,0.0157782717812394,0.124576895826812,0.0915192124389273,0.1135081384369072
4727,0.0569159378613663,0.0164708043053794,0.1166254533040081,0.0921519695784297,0.1085945729103968
4728,0.0456811158607133,0.0144151561191891,0.1063115652626847,0.0873491300109749,0.1051545455243482
4729,0.0397850987569013,0.0134025660802698,0.0929630761002697,0.0811975429073664,0.101117453227981
4730,0.0331171743953362,0.0106787435644228,0.0807477438448256,0.0751312169565919,0.0985040207798476
4731,0.028708098327023,0.0082427436240715,0.0714813048034377,0.0676341945924157,0.0944810213504147
4732,0.0272594757570784,0.007439218357428,0.0633145491002141,0.0594299672032596,0.0901561853974041
4733,0.020924815737156,0.0058613390475317,0.0550668882045958,0.0514911871590217,0.0820686478572696
4734,0.013236627359833,0.003548995426702,0.0429293586760898,0.037406268354959,0.0658779378542044
4735,0.0119014784594259,0.0025970287987039,0.0366092634664783,0.0153712548113096,0.0640238598702225
4736,0.0171220523919047,0.0050239114021076,0.0301632506424748,0.013966711394399,0.0654272139928111
4737,0.0346087331773549,0.0101213273316575,0.0274993319449955,0.0165556929400121,0.0639263620119558
4738,0.031170544981285,0.0086377642518254,0.0189763750214959,0.0198723476948488,0.0675487819380454
4739,0.0429723220942421,0.014104126493119,0.0205482554389938,0.0279181514211432,0.0645481746266502
4740,0.0444435112414673,0.0187543693155756,0.0207792933496954,0.0405679383221726,0.0693798754800196
4741,0.0438186459153732,0.0210440207612358,0.0219782679802756,0.0548365133257421,0.0774990381702069
4742,0.0383008638808525,0.0184453343857862,0.0247987622966479,0.0690519604259306,0.0888242108862358
4743,0.0335220233764197,0.0170660332389097,0.0258483031659763,0.0809336856365083,0.1002406964423441
4744,0.0284687019493825,0.016717918342023,0.0289406168102751,0.0933122496135664,0.1003128404273737
4745,0.0264788138414984,0.0199465608616366,0.0309747195395694,0.111517953207769,0.0923621655996912
4746,0.0357439903030659,0.017872521483643,0.0367658057671923,0.123039203810967,0.0763249701329652
4747,0.0467073037840006,0.0172331931318156,0.0456111294634335,0.1285767641563318,0.0593571993892744
4748,0.0564219995260834,0.0155200636760258,0.0525679638141279,0.1349364557153436,0.0469663380412972
4749,0.0607392337505844,0.015308546268791,0.0518548101882308,0.1363246683574841,0.0389636418239427
4750,0.0401125304805488,0.0169686704955658,0.0444990404650109,0.1382952487474392,0.0384820832921718
4751,0.0381010137393152,0.0178122267198258,0.0412019667613285,0.137785801637666,0.0331714755843186
4752,0.0370539102829655,0.0198298139058283,0.0395719385953483,0.1329740288641871,0.0312723636235763
4753,0.037413334542324,0.0222165055386506,0.0381128346168675,0.1315157238163821,0.0311985661246553
4754,0.0343335459948726,0.0189962155105091,0.039711352632886,0.1352147702439531,0.0332119532380301
4755,0.0295997398229358,0.0173463839503539,0.0417291044686349,0.1384419774150957,0.0349143274741869
4756,0.0218337886572522,0.0193892671357087,0.0438673630467229,0.1351243408760553,0.0350945054753167
4757,0.0157384091975812,0.02351731666574,0.0419298119742863,0.1298334346896111,0.0311997791268007
4758,0.0108607952468403,0.0224782243018483,0.0288036718729693,0.121252888080226,0.0232930573244465
4759,0.0084996129272875,0.0135555064887178,0.0219247502556304,0.1206696025632875,0.0177465866663101
4760,0.0117963631183363,0.0163190160920536,0.0268587462859801,0.1270067733103967,0.0177822061135499
4761,0.019304869738045,0.0211040617901751,0.0312219497623541,0.13709938430335,0.0200918158694096
4762,0.0439334532456391,0.0179177315266514,0.0262080730355978,0.1175248476931014,0.0244432641984691
4763,0.0455653044910881,0.0132899346306554,0.0348436558627255,0.1516371018640357,0.0330701379630315
4764,0.0498710086689678,0.0130295219091922,0.0459718252755137,0.1873389722454835,0.0451304612369263
4765,0.0508406295721872,0.0130846441977122,0.0529904321385473,0.2074772759510986,0.0556810684124609
4766,0.0413121314441647,0.0120759777897339,0.0550011117130933,0.2177518287230947,0.0641852348275636
4767,0.0344506924610409,0.0136866728892326,0.0583159804744335,0.2156388998097119,0.0711487997367703
4768,0.0315062437516115,0.0159059184837681,0.0556322242616641,0.208484023747547,0.0728605725613876
4769,0.0210121320147291,0.0177563800426096,0.0535409660328348,0.1965779912472726,0.0685637421392438
4770,0.0187880884341806,0.0218644416922698,0.0540378706115136,0.1712851698177314,0.0552300455130938
4771,0.0169559370720208,0.0256897844128493,0.0675838755484092,0.1454799541896298,0.0421633042602293
4772,0.0173952745783449,0.0231597862769012,0.0833980171472685,0.1340595361937579,0.0330238023086903
4773,0.0201433649330344,0.0209079311820647,0.0928693898671742,0.1221350482140059,0.0280250232016595
4774,0.0446996950328811,0.0224143748032949,0.1204810826513213,0.1174915738030495,0.0293392878796099
4775,0.0462328903975016,0.023725498351331,0.1152563179414671,0.1113102128111251,0.0290465771986919
4776,0.0440423891635469,0.0272769451903705,0.1098031948867727,0.1082580960266342,0.0298496829477062
4777,0.0459603019369451,0.0317617963463026,0.1069181384236541,0.10532382749294,0.0313284157351839
4778,0.0490465674531629,0.0341263151960437,0.1057731197026177,0.1043958081911165,0.0322553454173482
4779,0.0522916319601694,0.0376326579838585,0.1077953350622083,0.0996681023826255,0.0314492024749939
4780,0.0523093378973318,0.0378854448502748,0.1104658784324978,0.0965393880438105,0.0300729527252977
4781,0.0507632066473953,0.0363901720893048,0.10793618832057,0.0949175171938129,0.0274181524524738
4782,0.0365405896939527,0.026230598165746,0.0930080506227635,0.0858847680095177,0.0201224928755409
4783,0.0284296827508699,0.0164963704622345,0.0791679190484891,0.0893906738962672,0.0134951026265313
4784,0.0350401564777905,0.01855022080602,0.0765555703434385,0.1041531234502726,0.0124125198867031
4785,0.0373106936753226,0.0202153702087663,0.0699781401961038,0.1227127256074286,0.01425951521239
4786,0.0313310924598985,0.0061584172572054,0.0709271214225049,0.1219378968960469,0.0193379118076135
4787,0.0352184631536696,0.0094168532221548,0.0765046898139844,0.1356331095222324,0.0237766827627046
4788,0.0381978624722915,0.0142915483247437,0.08535811110065,0.1484120233936647,0.0332926617813541
4789,0.0407373654755313,0.0189166063924365,0.0845457713479691,0.1545291059344307,0.0439601890255989
4790,0.0362044998813277,0.0217822244705119,0.0824019521412374,0.1520067576897144,0.0523580853364598
4791,0.0313314683356582,0.0180470222944774,0.0746522298048631,0.1420014195162945,0.0563908977528702
4792,0.0241502065404097,0.0143482230525967,0.0650236371915416,0.1270131974495221,0.051253569886238
4793,0.0150961408235911,0.0109597289318953,0.0498880540314165,0.1050608564924146,0.0451077523899585
4794,0.0158261024235497,0.0102302600503915,0.0402100697376886,0.0871085598096693,0.0387565827166975
4795,0.0200226885529584,0.0098485786400135,0.0391122988418303,0.0818166472904887,0.0329167096871681
4796,0.0247289772860215,0.0100026037388819,0.0406286761841056,0.0892616247632741,0.0265460012570552
4797,0.0263702282406895,0.0110720367566238,0.047628855645863,0.1051000508585977,0.0219530447425073
4798,0.0300407406336767,0.0104941217587136,0.0645552099543877,0.1296900855222272,0.0216436991471493
4799,0.0287746643882762,0.010523664461737,0.0751045910419398,0.1607422026573089,0.0168183924647899
4800,0.0240333480692114,0.0106338671654888,0.0872064497087253,0.1928983007791238,0.0140325105687872
4801,0.0196286598415044,0.0097979225422908,0.0961205471795961,0.2118822591256135,0.0134958304595551
4802,0.0192394524783189,0.0094430818296692,0.1058644005709982,0.2140586752027851,0.0151440882177333
4803,0.0191651989629924,0.0109137271998079,0.1150212176095412,0.2020263243660465,0.0166200184931881
4804,0.0193902697008011,0.0135985928956209,0.1239472710650649,0.194877169967374,0.0184938113318943
4805,0.0203904980328232,0.0200126999632626,0.1251702159328906,0.1919989304571388,0.0195284504450992
4806,0.0147307202200519,0.0236497311695579,0.1200040369083997,0.1792829105557377,0.0165973292239048
4807,0.0129247675078737,0.0227003502298379,0.0989689539646132,0.1713104215730037,0.0134100503233425
4808,0.0173321644038633,0.0308989849477052,0.1067581619187127,0.1915782578330777,0.0145718011399638
4809,0.024884678795644,0.0504406258914278,0.1287974987426493,0.2181017625079475,0.0179982263916954
4810,0.0209666133885175,0.0500493446699395,0.1141667083149835,0.1768040582053213,0.025649401757569
4811,0.0331555974733908,0.0792777795095965,0.1302903071134792,0.2143256103078782,0.0341920623531992
4812,0.0436530721294465,0.1168985866113406,0.1398127481651589,0.2631797682672083,0.0411949247816691
4813,0.0456590226304233,0.1173650161078709,0.1480869357406037,0.2971092853854116,0.0480242547765592
4814,0.0465306762766708,0.1214056893117389,0.1332693248299951,0.3112032971462592,0.0550525661398653
4815,0.0520248543121546,0.1134032579441549,0.1183918964699314,0.3052932508332098,0.0590858349733389
4816,0.0392364025757396,0.0965640218492532,0.0930143741686999,0.2879939488899938,0.0590856850993265
4817,0.0298567704313526,0.0737798529029022,0.0862258728474951,0.2576275978061182,0.0545155413345152
4818,0.0356803485620182,0.0655567189675383,0.0832864983744144,0.2191820994174181,0.0457177929574151
4819,0.047365664309576,0.0596198117337793,0.0903109436469815,0.1864174009240188,0.0384056560618192
4820,0.0573336924958205,0.0588842809573514,0.0949744495917087,0.1688304143276743,0.0305883798539869
4821,0.0511160140300869,0.0597215515187715,0.103529245663737,0.1501806604831662,0.0252633774315189
4822,0.0959794096993194,0.0712431669139102,0.1096295719865995,0.1150908691027054,0.0210681762081517
4823,0.0926475626327655,0.0815612770402841,0.1135292086201028,0.1112249603825425,0.019644166133323
4824,0.0853477090589227,0.0843136989764007,0.1260702995073211,0.1082208612223301,0.021046261762105
4825,0.0888646744027972,0.0692397605825192,0.1354791463835447,0.103409560940022,0.0205803398602589
4826,0.0822372567334676,0.0555604046496096,0.1402103138862629,0.0963232160211915,0.0230650184500846
4827,0.0726247615457541,0.0459178583198435,0.1542877613170131,0.0847596591561954,0.0256130731803016
4828,0.0605867865153412,0.0386107244970804,0.1665342134161725,0.0714724346626653,0.0245480804289883
4829,0.0575015977961963,0.0344628097876044,0.1762372403752081,0.057537447130791,0.0227470127959021
4830,0.0525562826776312,0.0271401731769728,0.181947253354727,0.0395299814526595,0.0204780496467109
4831,0.0714950585101962,0.0188017474012506,0.1828309730203135,0.0326586681448061,0.0144872353712837
4832,0.1070852671738384,0.0186972764359427,0.180605847390228,0.0296549985896314,0.0160674620296352
4833,0.1306695898392071,0.0184275608844492,0.2010669944599937,0.0333980357210232,0.0218557485011456
4834,0.1469896281095059,0.0099565169859576,0.1716035630048793,0.030842361550541,0.0254131586466475
4835,0.1293481322405455,0.0124389573531906,0.1892800079109507,0.0402622036000095,0.0325219437694504
4836,0.1250444212537691,0.012975354547458,0.205626346485755,0.0507214780282912,0.0416345294707095
4837,0.1088767907021368,0.0131811785636485,0.2003391449321298,0.055149033039826,0.0514546424756355
4838,0.1019717023123756,0.015681420331938,0.1957673315074009,0.0569460022039643,0.05780308487279
4839,0.0839633666315316,0.0119140895634454,0.1841000711489987,0.0532226327539043,0.0582216219398124
4840,0.0740368190969142,0.0110225642552189,0.1711883700737546,0.0528529416316395,0.0558669400182983
4841,0.0633068422762448,0.0091850550648178,0.1434990000817221,0.0529184038688894,0.0514253531091523
4842,0.0550504781648389,0.0076674136878322,0.1146836581094623,0.0563512839750478,0.0450303900137681
4843,0.0559192069682725,0.0101125701562496,0.1026941694097432,0.0718621822106521,0.0411652146266422
4844,0.05488940924594,0.0149687994161138,0.089981784497775,0.0884661956570886,0.0352061506390469
4845,0.0544992206616703,0.013301232254536,0.08032903815133,0.094134149341274,0.0291344777381257
4846,0.0578623026570299,0.0193044673650263,0.0563008131815149,0.09176790940532,0.0250571117073515
4847,0.0567600642854558,0.0214756670216192,0.0479614130528571,0.082776880157545,0.021345255049159
4848,0.0506179749098554,0.0144078454003258,0.0434250906952749,0.0774828889222777,0.0212034788672441
4849,0.0503479242288885,0.0116938592468631,0.0469534526120263,0.0729658532832451,0.0234510582007425
4850,0.0440882338504155,0.0097051000702651,0.0492967966493293,0.0683861323391093,0.0262998021908744
4851,0.0378979038398863,0.0073726113403407,0.0495795558868701,0.0640945718963868,0.0297689534654127
4852,0.0352495851542931,0.0074729572493876,0.0517970115887958,0.0617096267094254,0.0329170321115793
4853,0.027737710711093,0.0079587275417933,0.05454068429385,0.0577979569942959,0.0360508025552495
4854,0.0149778619496294,0.0108143723775397,0.0512118725912985,0.0463104968396391,0.0327259481719411
4855,0.0122996273029511,0.0076116301656896,0.0464713297844949,0.023241115129175,0.0284423568003628
4856,0.0165549789552102,0.004613034748106,0.0557051581223484,0.0184658275776915,0.0337266411887762
4857,0.0317620660875837,0.0044545000634259,0.0772694849457036,0.017170845939938,0.0382664000834294
4858,0.0287556371765176,0.0101717612120387,0.069380306275707,0.013604315372773,0.0396130279811154
4859,0.0402961175153015,0.0109484595397912,0.0824507748471221,0.0152071535737549,0.0464625160583111
4860,0.0491770555266023,0.0119317560293886,0.0906438713315629,0.0187493656907272,0.0550773418241644
4861,0.0513674645044762,0.0164760740920845,0.0969113949885841,0.0199261542166711,0.0633359189549369
4862,0.0516089514779474,0.0181767817708273,0.0944042270960447,0.0220516190928179,0.0691615613300194
4863,0.0521433843283195,0.0206804963979668,0.0955008983985805,0.0257396451124107,0.0766680977771125
4864,0.0491598983231341,0.0255106057236283,0.0951978457329857,0.0308770998798308,0.0850839618874521
4865,0.0399452434745927,0.0287040397617723,0.0857372159573712,0.0383367164577123,0.0815706555021608
4866,0.0320098551026714,0.0296560425516003,0.0864647003534884,0.0516064586810284,0.0734193290857569
4867,0.0245735701672349,0.0292307925740859,0.0872644054754117,0.0836655334361864,0.0693407747755651
4868,0.0233939879271508,0.0282803638336461,0.0874224419814839,0.1261255807720175,0.0635035346800655
4869,0.0243625072310877,0.0276185366202006,0.0894961734402975,0.1541074799939248,0.0615422822549462
4870,0.0442292889410199,0.0278420126048477,0.0860686208528502,0.1789775194954749,0.0621740656727931
4871,0.0528935814554391,0.0389530912888828,0.0913142309763402,0.1836639208976406,0.0645252083002294
4872,0.0579263112698145,0.0387802113361986,0.0897359859659294,0.1793615009228426,0.0698366645202771
4873,0.0606308274367947,0.0331980146965266,0.086081853150885,0.1763955876165122,0.0731395132217065
4874,0.061978356427418,0.0301865698111184,0.0815797485289162,0.172222322716497,0.0754112970743708
4875,0.0693210752632154,0.030049365133942,0.0780366999215707,0.1750113274039371,0.0768569793272774
4876,0.064485771041509,0.0282880160487331,0.0791115366530785,0.1803985264313761,0.0824577295256634
4877,0.056742935210381,0.0262802245856485,0.0744381472111654,0.1951492651342578,0.0846263610733746
4878,0.042656281023251,0.0237359458165582,0.0569375499981346,0.1873446187950944,0.0742104826013269
4879,0.0461807716492265,0.0133100995270405,0.0461518909337816,0.1456346141955139,0.0674682590184533
4880,0.0527580360403747,0.0148632540054819,0.0482700843085536,0.1080897876177346,0.0693940388193551
4881,0.0536248745206792,0.0173359443718944,0.050351936397515,0.1051000854318359,0.0711531923647112
4882,0.0318991070002073,0.0251063203530226,0.0338397690259436,0.0901662472979941,0.0746230892439821
4883,0.0383986537595437,0.0292668862662274,0.0347428583635869,0.1036031126625332,0.0796324375153383
4884,0.0544104387419568,0.028200512063699,0.0355618995176746,0.1113412215809311,0.0878810434104398
4885,0.0642564296099562,0.0279420205002992,0.0347559894189364,0.1110625975616839,0.097882902678332
4886,0.0680471818525281,0.0284995021904407,0.0339447114085383,0.1051497788070587,0.105454457170732
4887,0.067101862983352,0.0293563491968674,0.033984254277467,0.1013107334323598,0.107674262709542
4888,0.0657079343242881,0.0336016928802406,0.0358386037663641,0.1016141629767798,0.1041245665278092
4889,0.0583312846810692,0.0350406707237305,0.0388984884135825,0.1013896138146095,0.0939888297425418
4890,0.0518677763965051,0.0321670463413541,0.0567695107943196,0.1228552149716109,0.0846990704293807
4891,0.0514254310887679,0.0313320087926434,0.0821949498933115,0.1789134571099645,0.0800277666839523
4892,0.0522443398117834,0.026822625416723,0.1030983247913158,0.2286652952627431,0.0746120313366278
4893,0.0527812004850034,0.0213556287072843,0.111932369607665,0.2352521361225862,0.0730615710405091
4894,0.0475612547825901,0.0234288908245428,0.1169173281491569,0.2403842787478282,0.0646823755585763
4895,0.0461717976630469,0.0199327172296888,0.1130880496252587,0.2163976893598844,0.0654763221343862
4896,0.0486117153803795,0.0121480996754934,0.1068644510214219,0.19608349835673,0.066601057970984
4897,0.0477790535810012,0.0096979091441975,0.1071570958026203,0.1894678086856786,0.0699439353377326
4898,0.0480502588807502,0.0102562478309778,0.1106324649393767,0.1855451812949515,0.0717004441175494
4899,0.0505345349314154,0.011972898433446,0.1097525612438877,0.1791621012128551,0.0724672939294948
4900,0.0481107629573657,0.0116841889262694,0.1114476949377074,0.1608622220732008,0.0717986350840745
4901,0.0427534913569273,0.0145677972006273,0.1013802971651042,0.1332050062629803,0.0680421899192547
4902,0.0268337023655938,0.0183730907773314,0.0778518210564983,0.1006121181117923,0.0568897734462418
4903,0.021783860172196,0.0137734592169225,0.0432021953118646,0.0628051365000743,0.052248815703808
4904,0.0226669223555741,0.0109093256510748,0.0350600606325523,0.0488967296291151,0.0571176333683697
4905,0.0227927188161573,0.0139829596092321,0.0329110249944946,0.0428637502217932,0.0614829734554612
4906,0.0185801783343408,0.0118298538716765,0.0349038191325715,0.0254306412035886,0.0686637569217135
4907,0.0206640401572232,0.0110187573010826,0.035843194932628,0.0281982269109306,0.0720519623907006
4908,0.0278244244231068,0.0088998703736714,0.0370667581717802,0.0328292665200405,0.0784631119470622
4909,0.0299587959984422,0.0070837167944863,0.0381044715788059,0.0367132546397672,0.085641078264093
4910,0.0282567872503691,0.0098134451636603,0.039825559187955,0.0416508411240283,0.0926118262253927
4911,0.0264587059352791,0.0122481913547815,0.0439190637812548,0.0441441611667902,0.0932701753607666
4912,0.0282994361239483,0.0150734201926245,0.0503383319316096,0.0414106109722143,0.0885585158126687
4913,0.0319377692369501,0.0193846604413216,0.0627918884131022,0.0408962581651958,0.0763172154688475
4914,0.0399944978736663,0.019776026454102,0.0914234196326179,0.0491937962985936,0.0624843179563162
4915,0.0494469330926299,0.0159705959892037,0.1342804931183012,0.0712935749926523,0.0547898188561402
4916,0.0524131704900718,0.0134169430027603,0.1682631448798018,0.0987242958788384,0.0500288200648204
4917,0.0540419888155666,0.0118150604677342,0.179593906436434,0.1131785970380351,0.0479211892409638
4918,0.034278217700435,0.0438151924195824,0.1761930060155535,0.1245977621344941,0.0473077310595243
4919,0.0367185970358396,0.0370932627843209,0.1581817452749518,0.133376158969856,0.042532244087714
4920,0.0418300598032942,0.0297929230240752,0.1460149341497256,0.1404408280488623,0.0383188094618341
4921,0.0418530864482591,0.0221802248279624,0.1338622223199229,0.1432333511601428,0.0376576778602162
4922,0.0414035812082764,0.0180112972784713,0.1221008591967352,0.1424730683184416,0.0391379972346072
4923,0.0392738497363485,0.0215370815277185,0.1150207126801196,0.1480364334070207,0.0397114842504526
4924,0.0341149220565202,0.0254550676176162,0.1089350879439498,0.1553580216040983,0.0381456938168307
4925,0.0297191884993704,0.0251047121554046,0.0952142272499845,0.1633493556810756,0.0368548699270295
4926,0.0218554260212605,0.0214151043460481,0.0707549828133197,0.1647028763261389,0.0286349944012965
4927,0.0189415832199627,0.0153735542220983,0.0465222935789504,0.1367597300043045,0.0234282064224847
4928,0.0233066676001836,0.0147219858369381,0.0401593049899891,0.1097994207799791,0.0224292489325839
4929,0.0265864314224935,0.0184214587539896,0.0420801581377361,0.116613446926541,0.0251234901666036
4930,0.0408828461598782,0.0215486670905551,0.0492359488236522,0.0911211757764562,0.0300193135785993
4931,0.0392799100387326,0.0457127761126071,0.0554054767125575,0.1061482374134664,0.0390471882268899
4932,0.0356039923008703,0.0353849601752631,0.0598331973556483,0.1235211670539664,0.0507063014276409
4933,0.0375279795504022,0.0312771359584525,0.0659707489735755,0.1403350131259146,0.0629251938548075
4934,0.043666937494576,0.0234792663987785,0.0772682830981275,0.1586097287888819,0.0738202426895641
4935,0.046079368418349,0.0248315545769339,0.0937254899772723,0.1826479795031025,0.0743384725456842
4936,0.0488288952471499,0.0251051963285454,0.1132230968913627,0.1999779335503621,0.0704496847356342
4937,0.0499083673239832,0.0269023681641967,0.1361045826174014,0.1839971333339946,0.0612999122951073
4938,0.0580677374313426,0.031393473164034,0.1659793993468756,0.1663727893159499,0.0471804016779547
4939,0.0739329213183288,0.0261630306048352,0.202318878361981,0.1751504885553346,0.0363749649051527
4940,0.0769007806155003,0.019363306834557,0.2268904657844572,0.1960067469272993,0.027318072158713
4941,0.0710558736294636,0.0179024790538155,0.2267673880312279,0.2054107988243334,0.0238928159284747
4942,0.0622280421119002,0.0466030788626159,0.2327576796948507,0.1658319726289875,0.0249753902295033
4943,0.0612845629570367,0.0441260632255074,0.2084121886039939,0.1529921425795266,0.0297583005876257
4944,0.0491336713916187,0.0277167044611252,0.1878008443867568,0.1568312678354957,0.0266680912120388
4945,0.0558210498222493,0.0308163583829606,0.1742959567561801,0.1722980922641213,0.025758399082701
4946,0.0444170687323801,0.0314353699277308,0.1701967866408278,0.1712026761267646,0.024512810458073
4947,0.0276600439074633,0.029762129099234,0.1660330432398384,0.1722145713121237,0.0238320123569527
4948,0.020666128649376,0.0253642476455086,0.1646839619258667,0.1647565045464908,0.0256506691666137
4949,0.0144781166598377,0.0226248589398751,0.1550696534657299,0.1512500152122379,0.0234347891212126
4950,0.0114228457536047,0.0230034724472778,0.1273808728788585,0.1295150257254735,0.0191252346083359
4951,0.0100790883022706,0.0190733042413218,0.1159447898307474,0.0970768430841227,0.0155003087131983
4952,0.0148538399586194,0.0327848332243609,0.1228609635412054,0.0774680943796727,0.0230035842154294
4953,0.0199386858374623,0.0396445746884791,0.1379489908771236,0.0640865788170755,0.0365130712091626
4954,0.0375840885862779,0.0154395009223052,0.1455771273751026,0.07250536932788,0.0399252195122043
4955,0.0322126252885461,0.0145085117482846,0.161266163120343,0.0724254811681817,0.053405771215648
4956,0.0291468514931813,0.0161082425802328,0.1722158138179814,0.0714645781357752,0.0676020491716049
4957,0.0189692333068657,0.0127498057384745,0.1886864739057707,0.0726004084763572,0.076557732128111
4958,0.0116887263522586,0.0079319288399895,0.2096419640708795,0.084318599156812,0.0847768977224666
4959,0.0118870974453578,0.0091330889933821,0.2274029657425234,0.1028974671465956,0.0851935075663754
4960,0.0161729973584952,0.0104483326856827,0.2411745645515514,0.1272297900436722,0.0763468713593053
4961,0.0147303354194593,0.0125625318393627,0.2412952496782045,0.1406376600973932,0.0661302885454365
4962,0.0236241570463814,0.0106275962817395,0.2514333341637191,0.1392117733411009,0.0597759135796799
4963,0.0414839094898075,0.0188448820754321,0.2770537747015684,0.1360939551971917,0.05400556782827
4964,0.0629881627127302,0.0373569679348664,0.2959117500793004,0.1382533093921054,0.0507503984775733
4965,0.0743664332901986,0.0813458118735696,0.2987019477083238,0.147622430920084,0.0543346992275625
4966,0.0844669815394152,0.0497167013731443,0.28555514201572,0.1568977805076161,0.059763694118384
4967,0.0853647580638666,0.0555933721839327,0.2842248361847199,0.138464389248516,0.0598666810705696
4968,0.0988678573599763,0.0929357940639082,0.2747018095706083,0.1237530859092482,0.064413438216159
4969,0.0956501625607854,0.0822791708800137,0.2608672386144841,0.1213055621744877,0.0655438762013809
4970,0.0917728534436922,0.0488052052177323,0.2494880128149628,0.1160098267380465,0.0622458290939614
4971,0.0853583913187499,0.0252468968279313,0.2360043617156107,0.1116314345466393,0.0636448988371485
4972,0.076364125525423,0.0206020931120182,0.2288953331818818,0.1187345731519773,0.064202734830647
4973,0.0643351949237732,0.0223153959879319,0.216926667547752,0.1282024001248435,0.0649906515632703
4974,0.0556370491010806,0.0193170667811948,0.198795499565104,0.1292737210589023,0.0596210814888414
4975,0.05723047259675,0.0168426500318023,0.1968845735841021,0.120127657271347,0.0699505146978238
4976,0.0579550130231764,0.0165331271374062,0.2050234984163249,0.1125041459044843,0.084089381211956
4977,0.0543738610589544,0.0134553772880401,0.2343427718616869,0.1122452785231724,0.1006733396139868
4978,0.0567461621888661,0.0070394738511776,0.2383051602934558,0.0994651922368823,0.1067172374848614
4979,0.0822592578517504,0.0102819267052641,0.2618900684441963,0.1135635933441141,0.135032304127723
4980,0.0859137501868843,0.0148036750947871,0.2689966762100292,0.1240216090039606,0.1562272646673204
4981,0.0805673380036519,0.0156931179495976,0.2668786884241356,0.1331020013532529,0.1669181456225032
4982,0.0804368538259915,0.0168635864979935,0.2676401751108832,0.1535029439196159,0.1763021929233792
4983,0.0762823165253628,0.0209040968548133,0.2599137067608222,0.1846877901479185,0.1811937907519338
4984,0.0753441532045286,0.0193820786474702,0.2491162524771437,0.2076834168441676,0.1761149137077151
4985,0.0898084282846779,0.0138177042848481,0.2336074973636882,0.2245979327810396,0.1482935852170251
4986,0.096656886975093,0.0093556654706043,0.2201902667714524,0.226305585110954,0.1323227440411978
4987,0.1048016922169525,0.015922714584834,0.2356530204571069,0.2233226001247021,0.1302948907513017
4988,0.0966618449781299,0.0158529635357645,0.2473360222065729,0.2311598476115452,0.1348744252805904
4989,0.0990018303298423,0.0184360152042842,0.2454453037663616,0.2307867731876582,0.1421733482678374
4990,0.0605701304549789,0.006638788956112,0.224173139122609,0.2508205434538645,0.1636511695458772
4991,0.0720398838018012,0.010915610159665,0.2169766849886214,0.2571267659768683,0.1792422147577372
4992,0.0841983237531149,0.0236804645764381,0.2030708027725905,0.2477413318757879,0.1650442385416007
4993,0.0849615488482752,0.0282552975346897,0.19003297230481,0.2338823650642991,0.134307743658651
4994,0.0756514517490851,0.0304120983812682,0.1802864165010245,0.2290482249859751,0.1383492815744832
4995,0.0717435720040862,0.035141979283464,0.1739053000904563,0.234046507819313,0.166103089365677
4996,0.0950147290707244,0.0411992634327322,0.1680792569958566,0.2356834743087688,0.1791688145819562
4997,0.1306127644667088,0.0488846494296034,0.14972989052153,0.2376940015621924,0.1890387067511705
4998,0.1503007086076443,0.0546365767238116,0.1342374784392814,0.2368685947595306,0.205300482419017
4999,0.1323107537281671,0.0647429234983531,0.1223902830002457,0.2448460300030628,0.2400876806700036
5000,0.121896531591516,0.0727986025148855,0.1143677325194376,0.2489078391213509,0.2885278044557799
5001,0.1156622233335925,0.0855844527476752,0.1115546226785619,0.2579776043022737,0.3279257849356359
5002,0.0822306806126922,0.1084349909730751,0.097517636325613,0.1882342326506236,0.3854297914515066
5003,0.0784135121348864,0.1449917239985401,0.1066856918503298,0.2125006342827781,0.3935331289727254
5004,0.0809457789638761,0.1649919839970217,0.1057848739752867,0.2334762501838451,0.3970043042364844
5005,0.0883072136799185,0.165565156298951,0.0999206761944066,0.2333486279914437,0.4243667891064759
5006,0.0954753665312488,0.1644355731270341,0.0955846890402827,0.2303130766928624,0.4293551338772935
5007,0.1061747564372551,0.1454998893658482,0.08900008241497,0.2215509737461475,0.4201168604122215
5008,0.1058368188389089,0.1310756571120246,0.0850074903925012,0.2056575009674879,0.3936401217838492
5009,0.1004873260807742,0.1065636164566927,0.0846168118343785,0.1759566247801016,0.3538832569967914
5010,0.0816932912999342,0.0939537895174823,0.0923517429145477,0.1408871751278246,0.3030489019102833
5011,0.0720648328744539,0.0852913258937997,0.1134562532771129,0.1133023100889255,0.2732550538262964
5012,0.0687518910942421,0.0781952919209215,0.1261883714680163,0.1019875228575885,0.2492863192536685
5013,0.0648351794748069,0.0680485068830414,0.1298871248559341,0.0931523154867024,0.2357138558522906
5014,0.0656581921538912,0.0519389686754991,0.1496135055692482,0.0904541093104866,0.2994765405408463
5015,0.0759549475010583,0.0467595073585285,0.1454900068959009,0.0822371050849958,0.2559343314951691
5016,0.0702649974814742,0.0355533784692999,0.1351146639142809,0.0722836127941922,0.2260926431323733
5017,0.0627623614187577,0.028655861984081,0.1244619996852466,0.0628925922293215,0.2207112377088107
5018,0.0550874347752896,0.0238784359787222,0.1160444458694009,0.057859217426528,0.2038611774414855
5019,0.0524662369337882,0.0220015953894033,0.1118631598883612,0.0618280954651137,0.1850296380411118
5020,0.050319613823107,0.0197703466374933,0.1069087789296379,0.0749779169011876,0.1715111410652866
5021,0.0550030489657142,0.0195012615104137,0.1029568027714796,0.0928879993155906,0.1577116056793022
5022,0.0606229322026445,0.0238713460203815,0.0868986095746017,0.1048287762425075,0.1405592997910163
5023,0.0739460764616046,0.0361508843456148,0.0782903671934772,0.092273758394636,0.168051237207773
5024,0.0879053342988123,0.0473368897481256,0.0699590520031585,0.1151510619486356,0.1711309592078007
5025,0.0996028330243992,0.0520148317217804,0.063634563532902,0.136207875155169,0.1801716367288151
5026,0.1160291131949191,0.0506610700955523,0.0622190657593536,0.1407263017964798,0.1586871760481118
5027,0.1177140009542101,0.0439020723821231,0.0544577943300206,0.1614685388990183,0.1647925521770691
5028,0.1117446188774187,0.0355075209360753,0.0522988234336182,0.1732610284772896,0.1679828536970997
5029,0.1153775201667068,0.0312275006741665,0.0576314637250782,0.185715792444683,0.1684946936157725
5030,0.1321261345481583,0.0296886661242891,0.0658515502719958,0.1992197891884664,0.1651058675778673
5031,0.140171328321724,0.0313463002722121,0.0737886861925208,0.2154493643569396,0.1554092613744569
5032,0.142554054443283,0.0285259635052966,0.0823522940499331,0.2342974272650163,0.1421312179456707
5033,0.1419594386535158,0.0243554686903804,0.0830585856275481,0.2511892008037256,0.1218394889077901
5034,0.1436176495202624,0.0194105804346526,0.0810291415853106,0.2528660547346208,0.10524996057781
5035,0.1404836654619602,0.0144464041614502,0.0826165958328473,0.2635939147451418,0.0967530960087117
5036,0.1404333166243891,0.0096254455688596,0.0864928410083581,0.2848831569478239,0.0865075185682937
5037,0.1440761626732102,0.0059878194814198,0.0884808849999801,0.304636663842682,0.0775548654493313
5038,0.1127559404933914,0.0063738935308886,0.0813986777637953,0.3359139880674924,0.0805589374975508
5039,0.123763791275894,0.0102936315762507,0.0791813997417611,0.3526195579544181,0.0774396568886034
5040,0.1241034280828249,0.0162623114817977,0.0736549795044149,0.3665929657685941,0.0763384731366146
5041,0.1219372822722052,0.0226009996602715,0.0767670718279339,0.3920852946107558,0.0773764482546961
5042,0.1200855082128766,0.0260904504254298,0.0802009892938874,0.4089845044641438,0.0773155657428088
5043,0.1237658154289976,0.0307832609937658,0.0830449277742509,0.4226569960488622,0.075094380093919
5044,0.1267161669098403,0.0346074331262917,0.0813365659406591,0.4361188259610199,0.07262557187836
5045,0.1239488959868096,0.0345266144065879,0.0734689970950253,0.4482057231615965,0.0672619120958796
5046,0.103196982789321,0.0296057533216946,0.058519857739484,0.4479977811131377,0.054304769641641
5047,0.0954083957967305,0.0164439102519815,0.0495250054985278,0.4964424587362814,0.0511463467853534
5048,0.096826583318806,0.0141569622747997,0.0497300628331918,0.5196492180127998,0.053116671977054
5049,0.0969003195605992,0.0137977008576329,0.0533537824561226,0.5270877105854423,0.0559862373893414
5050,0.0904348640581767,0.0089608342290554,0.0441965218176925,0.4374602364912084,0.0662910921543186
5051,0.0998569757889309,0.0147076232230365,0.0481822087343446,0.473112873009635,0.0734280120299269
5052,0.096131368108136,0.0239476238839633,0.0537388233534924,0.4828886002954331,0.0769609931481867
5053,0.0994023494595913,0.0305261795807279,0.0573973381709739,0.4896653316500871,0.0814407714074582
5054,0.0903500401630118,0.0343262966913189,0.0608620516060231,0.4956354815829665,0.0841982076218184
5055,0.082522347608131,0.0376088005991912,0.06746862734666,0.4843188283509466,0.0857637236779954
5056,0.0772086748411394,0.0503492248238528,0.0781457561153187,0.468040959994586,0.0831935191122644
5057,0.0645929323034154,0.0564011637475658,0.0813402608891969,0.4262660723753155,0.071980686779895
5058,0.0574927062261582,0.0636491004616666,0.0798672562345636,0.3864871250327446,0.0647707735336422
5059,0.0602704345032236,0.0692484843676237,0.0859696898086076,0.3402180895001152,0.0590827485460696
5060,0.0651179722522463,0.0560788579550534,0.0942056560886136,0.31674803257125,0.0542790879578364
5061,0.0711721035660604,0.0466261086201703,0.0977703460625389,0.2960834858868372,0.0528818300821084
5062,0.0871945610642817,0.0472594408860523,0.0928412714925883,0.2945725310662277,0.0509828848081804
5063,0.0809038899736053,0.0370071787436169,0.09040542726226,0.2727825644116246,0.0548970101748678
5064,0.0777595932272345,0.0278326881526382,0.08779785174118,0.2568875101919411,0.0573464241556078
5065,0.0773051839919201,0.0257243831591146,0.0894301284813604,0.2441371664587023,0.0619227412683131
5066,0.0782235584518367,0.0265343755896624,0.0892067983366743,0.232213933377383,0.0658747578607856
5067,0.0832364665265918,0.0269128132073334,0.0875470794422028,0.2212807195278981,0.067809055778829
5068,0.085101030183103,0.0244599204645974,0.0908078739657988,0.2106760620108402,0.0686311408345335
5069,0.0873844217625257,0.0234508162756551,0.0908164748481517,0.1944394435104011,0.0673889083973901
5070,0.0740201990306076,0.0196157153277139,0.0796778183670061,0.1780278961851824,0.0567339079832295
5071,0.0796743671094058,0.0175716650869631,0.0790075178189292,0.1797831547754189,0.0467806009043798
5072,0.0877263088716714,0.0157223122759971,0.0773202024741584,0.1931493539121771,0.0456485868423865
5073,0.0878387754371883,0.0142142625279351,0.0743527462361836,0.1946120941992973,0.0487067589079857
5074,0.0568398162471857,0.0164562017550232,0.0719930350372849,0.1714716244453314,0.0560173424862536
5075,0.0728478528373456,0.0180207713270555,0.0752146951618955,0.1766591820517045,0.065487935532248
5076,0.0857699730117679,0.0192367461045535,0.0796535669806455,0.18866698960843,0.0723302056899944
5077,0.1018623404080223,0.018696193336632,0.0820609804806743,0.1958002482799265,0.0779981955209219
5078,0.1010717918518672,0.0179526043075519,0.0797227256338908,0.1977072609649131,0.0823049070253365
5079,0.1097215738685084,0.0183831791484671,0.0765442925446574,0.1867578044696495,0.0834214371613079
5080,0.1180954339806383,0.0186942944984971,0.0750204070142461,0.1659772725019759,0.080537727051256
5081,0.1163667605190718,0.0190175885725101,0.0710246174795988,0.1435726146499476,0.0670605898885574
5082,0.120194734409187,0.0196598291211731,0.0620484780923946,0.114677830745035,0.0544504194325087
5083,0.1273903678063731,0.0180883778343206,0.0554894704300363,0.0989518501238273,0.0448659453616498
5084,0.1293009944521977,0.0167490811927568,0.0557770798587804,0.0953598368302613,0.0361687237780019
5085,0.1235685102287236,0.0142635923465961,0.0539201986267486,0.0923869969878274,0.035670470766965
5086,0.0908651243905523,0.0133501695018565,0.0589784764254937,0.0891961495295082,0.0376386471253675
5087,0.0942255693742995,0.0156517727297811,0.059617513326403,0.0894592150190261,0.0419860768360053
5088,0.0861648561734029,0.0198722847353874,0.0610661819800185,0.0861142047972858,0.0491566293229293
5089,0.076301037180229,0.0206070486295152,0.0590509594988892,0.0869408081650437,0.0576414520377307
5090,0.0792431521463093,0.0205869659087233,0.0618393276972896,0.0825392652937718,0.0593577232306223
5091,0.0813849688544735,0.0196385261113702,0.065833221445299,0.0775293668776437,0.055569255293093
5092,0.0835435291888127,0.022117598186126,0.0693004381850491,0.0812788680911939,0.052427041885205
5093,0.0739119124368853,0.0240408862724142,0.0674062362633894,0.0820764334918269,0.0515049042646182
5094,0.052235633783072,0.0181906486736832,0.0520102229259172,0.067652127734499,0.0453464649954279
5095,0.0482594130499641,0.0129227307800551,0.047687890437962,0.0406105275880051,0.0384372725974764
5096,0.0430482637415195,0.0142268943166282,0.0539254146572437,0.032765235423552,0.0360965044693198
5097,0.0362632514164765,0.0187843425445495,0.0607275426024657,0.0273419355649137,0.0386913057957886
5098,0.0205410904339259,0.0177132736911204,0.0435292675485483,0.02523429787435,0.0425161959359115
5099,0.0189544061942862,0.0209983163214475,0.0432917347208474,0.0246151757944863,0.0481028763458252
5100,0.0175707068168008,0.0214776133817448,0.0410885714498322,0.0264910718971183,0.0562376137089222
5101,0.0181281174444266,0.0342021139979317,0.0423266316120349,0.0299145446251352,0.0609853430498552
5102,0.0206942597408106,0.0417504249690329,0.0448860045650851,0.034841927080112,0.0579856942723984
5103,0.0241359018764231,0.038402458078925,0.0455713964878882,0.041483666881482,0.0658999168882924
5104,0.0285456356631129,0.0430500457926544,0.0436166608345567,0.0507718111340024,0.0697386848273917
5105,0.028554267098001,0.0476707376330157,0.041158415698722,0.0628455523856056,0.0579954511812883
5106,0.0295363991232015,0.0450908939991203,0.0387819751664615,0.0789708395350768,0.0509671725561315
5107,0.0304154136501036,0.0374920814114216,0.0404316298988128,0.0973688443606245,0.0458120530794227
5108,0.0277897151606886,0.0343846092599676,0.0444525501159707,0.1225020852867646,0.0416836524722548
5109,0.0197154050749987,0.0264178363251629,0.0456836150319923,0.1279106881516517,0.0395757821315978
5110,0.0231714592514162,0.0141871373640228,0.0538034470399426,0.1275342786735959,0.0552843492930333
5111,0.0308470873841476,0.0165591857738076,0.0470916686910333,0.1190460906389951,0.0471962728287062
5112,0.0236451600514839,0.0199536287689108,0.0389648831835039,0.1101948677766962,0.0450522281827146
5113,0.0192349706727646,0.0200452108111119,0.0341210286303304,0.1003692404282581,0.0415200958494595
5114,0.021526376915433,0.0194257567040113,0.0331799535463003,0.0954833366486546,0.0402876750542919
5115,0.0225804638361277,0.0154021809322406,0.0355313036848952,0.0906968468801508,0.043036323142263
5116,0.021428296265779,0.0139702562990053,0.0368014874402205,0.0884603742375311,0.0480880495579695
5117,0.0195468787218691,0.0170344909083854,0.0350116788269787,0.0871986515627299,0.0535321068594394
5118,0.0150122655044972,0.0128788736046451,0.0238252404116489,0.0773468400149801,0.0531452522583622
5119,0.0108432120052572,0.0077283148012827,0.0182391746795931,0.0518395796875104,0.0436220772200796
5120,0.008569808665957,0.0108150101671629,0.0176941137388589,0.0455037072256045,0.0429588430503331
5121,0.008743766875431,0.0119157374394513,0.0162936282858479,0.0471805138952176,0.0525345667395757
5122,0.0121567562487433,0.0310507301595402,0.0172232072184109,0.035955056463977,0.0733176834296225
5123,0.0136950411834686,0.0238314690747191,0.0184268745007484,0.0365577005013762,0.0894462612086348
5124,0.0131808688063626,0.0245418990969169,0.0214757034813743,0.0434664626056281,0.1071424464762283
5125,0.0192457433351853,0.0250457177601203,0.0257742626786947,0.061364975683062,0.1132524364333113
5126,0.0233750290919035,0.0266714122484931,0.0312776654701278,0.0806237172694838,0.1269499289427488
5127,0.0200517170450015,0.0281100832400188,0.0406991046690599,0.1043557416095674,0.1277102039333948
5128,0.014965892919134,0.0277406209383601,0.0463667795143241,0.1227813218829062,0.1188684819365163
5129,0.018009145699832,0.0260309410385376,0.0441844857312027,0.1356682476169578,0.1203296271753264
5130,0.0329580516353386,0.0227476016698173,0.0422355480017955,0.1422560831630261,0.1096479839643021
5131,0.0596355960870081,0.0240759428511618,0.0458045746998296,0.1483230458156288,0.1020507447250619
5132,0.0726009821344136,0.0290692787214581,0.0468037533668212,0.1643471893721387,0.092173027911003
5133,0.0859625914901439,0.0350223541248868,0.0463742438242707,0.1623576326865087,0.0847992202449827
5134,0.0943294838520479,0.0339301675528231,0.0551272639942126,0.1566337067777881,0.0691440135407199
5135,0.1011884260782377,0.0361338545893128,0.0595424974874805,0.1548717908079373,0.0713019380987199
5136,0.1029916062798357,0.0309534280219059,0.0639911137908555,0.1482037569781466,0.0724934509902832
5137,0.1018918150780139,0.0266674520971343,0.0681068919872001,0.1394630077916503,0.0753438008601501
5138,0.110774778051814,0.0211968439802342,0.066761569864732,0.1273797886820266,0.0764140362993054
5139,0.1161431123319892,0.0194114312085382,0.0661701398365476,0.1199853498239407,0.0758376034024316
5140,0.123481079222113,0.017596428689387,0.0654240025495294,0.1153052333865621,0.0746484960223503
5141,0.1245221408732187,0.0169986094337863,0.0596951204646326,0.1078485423036284,0.0734501402187993
5142,0.1127308043459425,0.0173903165730796,0.0466987863799212,0.095095413482258,0.0671863199988141
5143,0.1074342215687741,0.0140370260646736,0.039991659710459,0.0715396339471618,0.0614223383297107
5144,0.1176713860896183,0.0230113814437061,0.0334985114172878,0.0615065142492049,0.0732648886437034
5145,0.1192394349224501,0.0404804821930448,0.0336420476328869,0.058830553636066,0.0831023327624118
5146,0.0701172807090406,0.0301773661016407,0.0360941196620403,0.0488302547185272,0.0976079884493519
5147,0.0838527244725525,0.0381101248261237,0.0416009485142565,0.040107461655529,0.1035853129862728
5148,0.1030211867004794,0.0433402631363,0.0524563028857982,0.0337949979818681,0.1159526224011999
5149,0.1144173396841618,0.0412533273749124,0.0679017706489932,0.0324200840953843,0.125095577608784
5150,0.1269262927771606,0.0355997070991266,0.0777405943753295,0.0326077017465096,0.1264001209228184
5151,0.1223300840793943,0.0304781138946493,0.0861696851047548,0.0374236882395198,0.1248436186833806
5152,0.1148341275392545,0.0295016336408051,0.091700013253305,0.047276688351203,0.1222069437211859
5153,0.1062504391047365,0.0326273280976036,0.0936011190440133,0.0630299930885672,0.1155914381106118
5154,0.1036643992617515,0.0351478728672234,0.0865962379973779,0.0827859228076874,0.1040614066665286
5155,0.1044976848993287,0.040676250160542,0.0811594442286995,0.1126278070462016,0.0925866889535848
5156,0.1026772218660684,0.0459759860156526,0.0772339576159813,0.1459181471760516,0.082690926586599
5157,0.1018346168259355,0.0469847964232012,0.0750208499657941,0.1609778275670451,0.0761986922633042
5158,0.070592344344827,0.0363465064811143,0.0714480488584062,0.140657891012891,0.073786374873946
5159,0.0921294327249647,0.0404699359458601,0.0705292786899195,0.1402007135479319,0.0733878471306357
5160,0.0886606023608405,0.0408705759224094,0.0713191313304162,0.133280189508444,0.0733986222119345
5161,0.0843770885107545,0.0363017473583741,0.0708644332838539,0.1249321425890637,0.0749579880575045
5162,0.0803087778644052,0.0296889063158987,0.0688972569989153,0.1204827622034259,0.0764203604401036
5163,0.0786986600062836,0.024966616048384,0.0679799011692106,0.1166355031041471,0.0779734291957506
5164,0.0752229102625574,0.0213983204344557,0.0691431742744109,0.1130974738761755,0.0770226754871507
5165,0.066659765196277,0.0177696098985839,0.0667265676694983,0.1070785449758684,0.0730643156959684
5166,0.0528501412446743,0.0141426097303891,0.0485537319666617,0.0931651124959101,0.0646414839335496
5167,0.0475652806583448,0.0075322513374752,0.0449321414572888,0.0556773297214271,0.059206688789853
5168,0.0411785112236359,0.0068100027085499,0.0502620038576845,0.0455043145076183,0.0563794640363173
5169,0.0394957762551767,0.0070158883726767,0.05566969919997,0.044182431864495,0.0563401237581687
5170,0.0211535751359029,0.0090826245255178,0.0470736197365781,0.0433223844566996,0.0609888016205996
5171,0.01882168755446,0.0086026519813551,0.0517746378801655,0.0468321818215794,0.065788598227513
5172,0.0178589905039215,0.0079751176901299,0.0545193336316102,0.0541004454906689,0.0757299636894277
5173,0.020880119696386,0.0076690925265213,0.0561626594154177,0.0639704741569333,0.0850764779073958
5174,0.0246119280397432,0.0071429119259565,0.0589493872999873,0.0728926738943262,0.0936452338786479
5175,0.0236791255302015,0.0072805323353072,0.0585251579258628,0.080203927086806,0.0986098376061117
5176,0.0196160671161179,0.0074473623773901,0.0571811239399732,0.088121072670212,0.0929644703240482
5177,0.0153212333542229,0.0092289323947624,0.0515768840206206,0.0928305050211661,0.0832494298122033
5178,0.0120535149908947,0.0138790091638382,0.0492605118054057,0.0976163012685441,0.0731175255361369
5179,0.0107369623210952,0.0183250815639745,0.0539595666991486,0.1020828117407033,0.0648691010528946
5180,0.0131892507386634,0.0175567937957512,0.0585992864523239,0.1060841507182508,0.0516031600543207
5181,0.0195564734850121,0.0145459859849893,0.0623669198742258,0.1062218887513229,0.0451259187137172
5182,0.0263933326850594,0.0035144844478054,0.0669792772221907,0.1220447208709182,0.0471672751411491
5183,0.0324111786144891,0.0050926105060208,0.0679141467106744,0.1268379992181306,0.047847986511251
5184,0.0312460799764105,0.0055437022220235,0.0734598306066763,0.1327886147699203,0.0504215264770141
5185,0.0294117793691909,0.005324114126477,0.0786366126312189,0.1359237159445034,0.0551637750332426
5186,0.0267118534776311,0.0065181299835823,0.0810835148337109,0.1344935016245586,0.057707233077067
5187,0.0233378761576322,0.0079736587699625,0.0848585625743307,0.1286744348510173,0.0579248156817037
5188,0.0222067834343188,0.0107680324036461,0.086450001551367,0.1266006167196611,0.0541816202317406
5189,0.0210714084840183,0.0120468486933684,0.0900738278669218,0.122898762682719,0.0515963049035118
5190,0.0151366285384238,0.0139327852230938,0.0811353205332222,0.115487282645956,0.0433479393598678
5191,0.0081205676684547,0.0153624034350194,0.059837491517225,0.1121574694240845,0.0381028393082851
5192,0.0089108666644597,0.0160332650910103,0.0611918186091248,0.1172657048527699,0.0351270831241519
5193,0.0140290656840748,0.0349331906292684,0.0664810942727948,0.1288862289849719,0.037245160555959
5194,0.0096525499402789,0.0258684026184847,0.0590762505018015,0.132160210404973,0.0382969219499052
5195,0.014480979862598,0.0505208236128709,0.0627426943782239,0.1486121068674696,0.044357778339223
5196,0.0215225563154958,0.0797263701400607,0.0686278981236274,0.1606738865598487,0.0521254873068445
5197,0.0362192819850585,0.0922122380029858,0.06933488222679,0.1762043471680034,0.0602013919469177
5198,0.0453215428477006,0.0917980230853121,0.065892229170155,0.1860327843462007,0.0667451262996584
5199,0.0412691392405311,0.0833037610244553,0.067869134661206,0.1884545567367529,0.0689422663196571
5200,0.0314108367255075,0.0714968878177925,0.0709616466672765,0.1909264834581448,0.0661013959849021
5201,0.0303379643052679,0.0494527464617611,0.0700312471568208,0.1777631201324904,0.0584977617447651
5202,0.0283961695385642,0.0374402782819192,0.0691552291514624,0.1588876812751172,0.0500261176453755
5203,0.0237385454642177,0.0276569539542768,0.0781034931087663,0.1356251593333457,0.0410475998940681
5204,0.021084079484076,0.0184883854194589,0.0877955421416215,0.1220672330957069,0.0329698625048152
5205,0.0208899265965263,0.0158391144122639,0.0954035712829095,0.1101879059124261,0.0279760284303866
5206,0.0439558602552039,0.0345762135188427,0.1351459885965448,0.0968267981673713,0.0272853351182724
5207,0.0424609971548802,0.0241231900781091,0.1261164034197391,0.0997797580362233,0.0263615005884161
5208,0.0424262017511847,0.0236953244573151,0.1174142562089621,0.0988014614523526,0.0280060998158515
5209,0.0344959914887594,0.0135186163863749,0.1133192168530423,0.0932924324985473,0.029512126433859
5210,0.0278694091313144,0.0097755367899528,0.1130337367103318,0.0817229842787146,0.0302793708162053
5211,0.0346757099616255,0.0130054915735413,0.1161375574386111,0.0660025133488498,0.0322832402250987
5212,0.0544510729165366,0.0132558830862587,0.1156786852828905,0.0545626012559055,0.0335654753498551
5213,0.060410835264858,0.0117324946991268,0.1109639202793754,0.051947306844991,0.0318124407711172
5214,0.0619951489520173,0.0116168479973818,0.0989534589599903,0.0496097108179153,0.027055995925747
5215,0.0527325049790497,0.0130953784536272,0.0899039112120093,0.0466782185726019,0.0203422861360468
5216,0.060950319230985,0.0117660525315115,0.1086109333124793,0.0531094808854242,0.0241313543510392
5217,0.0707961903510379,0.0112097687445322,0.1270776305748234,0.0654488782739788,0.0321315357187815
5218,0.0802442873128781,0.014483624298248,0.1247286409347326,0.0774784184044309,0.0436555949459356
5219,0.0871478047443547,0.0155760362946195,0.1326969961531231,0.0996352231438788,0.0580872112815226
5220,0.0946789223403665,0.0216383503774876,0.1411561066211622,0.1188110809185371,0.0717652428016894
5221,0.0871797005657383,0.019956549460512,0.1455777324599491,0.1375375172237573,0.0797336962217582
5222,0.0697094241770857,0.0156996520850164,0.1393790337628464,0.1412294539753142,0.0862115502726309
5223,0.0600333726961257,0.0254661916283384,0.1267366225933755,0.1444450947240047,0.0922532314871739
5224,0.0499952941275497,0.0356777426765273,0.1090918143861753,0.1428751700376374,0.0920216964047754
5225,0.0394637003499317,0.028226663401144,0.0881356147377359,0.1316999965342469,0.0806635188591192
5226,0.0336933341332566,0.0424949028336546,0.0711755512611246,0.1136975452864634,0.0730252484603282
5227,0.0392199293583912,0.062865668841884,0.0615768329847649,0.1032640109678428,0.0688773283283711
5228,0.0411625339210666,0.0590745726037843,0.0593466321384792,0.1023950633172658,0.0634366425689014
5229,0.0361838253948954,0.0530149551718199,0.0608783555968703,0.0989034975870358,0.0637385893192839
5230,0.0305523918864499,0.032562493653247,0.0634126219745429,0.1032734385081746,0.0893762359175472
5231,0.0352367082704599,0.0388458424356904,0.0666334216019444,0.1027242381058227,0.0798148775154257
5232,0.0366771458528067,0.0193984806804229,0.0727933189862572,0.1006128224849033,0.066602185816972
5233,0.0423923212962048,0.012763229071826,0.0743690789490109,0.0972753478587756,0.0568442305879013
5234,0.0585575406605666,0.0146968545402924,0.0802566285684563,0.090238172225967,0.0557294599174865
5235,0.0612824804750974,0.0228405536184007,0.089937830058075,0.0875968407992921,0.0588536057893957
5236,0.0491029053173485,0.0235969812658424,0.0964394689558444,0.0854882613766412,0.0610710516093145
5237,0.0402432173120451,0.0237312492592949,0.0997862147536003,0.0852830691165126,0.0588525538287019
5238,0.0289007405705499,0.0298963284605183,0.0952714900800352,0.0811885978759605,0.0538951422727428
5239,0.0190507072127592,0.0411871034095792,0.089281546147843,0.0703414358193253,0.0447830516095202
5240,0.0265809427276019,0.0357929442758206,0.1039880422747058,0.0694492290791482,0.0542470432502817
5241,0.0309228499941394,0.0397364842992836,0.1210831402067007,0.0773380664165004,0.0692007458290162
5242,0.0282809641494045,0.0475160546949948,0.1013959791103471,0.0616167275189611,0.0726290751086122
5243,0.0356800366595661,0.0421306133083888,0.1174853642747479,0.0848442326779959,0.0958112916451187
5244,0.0407969824240498,0.0449343283955067,0.1299621477368838,0.1095771167049739,0.1168568544738489
5245,0.0561273680763965,0.0546569428898628,0.1410827908071666,0.1332301292204618,0.1290948198696508
5246,0.087283350977869,0.0576386450832237,0.149503311511276,0.1554222416807484,0.1360269969565189
5247,0.1079144508144294,0.0619416460172595,0.1450749384329521,0.1676149265017512,0.1402103770246612
5248,0.1277488776367138,0.0575044862220072,0.1392832234852095,0.1652769562085676,0.1303988929809892
5249,0.1457464821318561,0.0428454076566385,0.1254999166179987,0.1485958008865572,0.1115496673737322
5250,0.1465764972950023,0.0423655347142032,0.1181766776757119,0.1211798864707136,0.1037264958132215
5251,0.1387728683173773,0.0396705004247644,0.1163942282247687,0.1067230747282313,0.1009167196925517
5252,0.1339080145417542,0.0393731712470776,0.1249417589631328,0.0985004353190315,0.0978155843038055
5253,0.1341734217007339,0.0339909523041195,0.1358619533806017,0.0877314729653911,0.0994067030788241
5254,0.1412679677622499,0.0271234341650822,0.1540874930568776,0.0895978200015303,0.1004951637281366
5255,0.1575546194107876,0.0229567923305547,0.1561108854958317,0.0799870964612278,0.1019214858574278
5256,0.1522795302046142,0.0215358651664892,0.159570113901314,0.0698109292242552,0.0966034756472159
5257,0.1291462216580582,0.0176907726991088,0.1672087760273159,0.0612311718229416,0.0920208814770182
5258,0.1040725243572647,0.0136626023230674,0.1704698475509714,0.055339854019172,0.0888676096704936
5259,0.0890617242066555,0.0127246346675146,0.1737546873643098,0.0518111429699801,0.0826899807023821
5260,0.0779525113443593,0.0126981703685527,0.1768479128584296,0.0561171281675069,0.0728001133404706
5261,0.0704216278596352,0.0113017068303392,0.1769277701600822,0.0611800354347918,0.0631817837900217
5262,0.0577370480146336,0.0082821822236315,0.1590760065429349,0.0654587265982572,0.0523767768641399
5263,0.0588481169319995,0.006628074801068,0.1646135253910856,0.0517264683074122,0.0446769374904159
5264,0.0596741645954772,0.0053169317287736,0.1816685406645602,0.0511850415025987,0.0459982254632084
5265,0.0590919603998136,0.0037140652324946,0.2095300383917198,0.0623347963967561,0.0473793316036294
5266,0.037843524436002,0.0066606184775721,0.2063247726514382,0.0567258775853982,0.0435382347532079
5267,0.0393256878610575,0.0083737089842289,0.2303227491832832,0.0719591716381753,0.0556236263466399
5268,0.0323521105663796,0.0066655358284951,0.2524480065189369,0.0885509642477853,0.0624742965780675
5269,0.0226025743977803,0.0046553547202208,0.2674770486087979,0.1004771994804502,0.0727854134169857
5270,0.0177114638597843,0.0031260291952007,0.2689340488050329,0.1059671757923352,0.0819467242093242
5271,0.0183013165544975,0.0023096042646475,0.25229322948696,0.1104408154545128,0.0835280167965702
5272,0.0200662324358708,0.0031513667496818,0.2163193022033533,0.1076314251746672,0.0770830309801029
5273,0.0229039216451463,0.0061730181823856,0.1744222783129153,0.0895758325195607,0.066598721869836
5274,0.0262656310524669,0.0127028767932512,0.1522419870459046,0.0776648430245477,0.055460641701352
5275,0.0329357083901386,0.0181533534027717,0.1381947177517579,0.0930865017749481,0.046603862292839
5276,0.0395538583589372,0.0171580191830377,0.1287927502240533,0.1306149624470271,0.0434106525235333
5277,0.0409911867539214,0.0169581452019564,0.1154872944552676,0.1708185924929427,0.0428787418422328
5278,0.0429828016315506,0.0087048676462517,0.1089260926445636,0.2003928346354452,0.0423291932578074
5279,0.0382442710153572,0.0103726158348182,0.1007887143343701,0.2194261980603108,0.0405732023466429
5280,0.03413698574459,0.0104974202336152,0.0902598078219358,0.2479605534205689,0.0433940788689421
5281,0.0350586987146118,0.0102447460013692,0.0847328383098079,0.2747975622196922,0.0473790903438228
5282,0.0338505815319919,0.0110492651870414,0.0872348257229635,0.3017279659935185,0.0508900976905605
5283,0.0320591019651627,0.014649092963634,0.0871355602943171,0.3236142102081202,0.0573235762654859
5284,0.0278448350512594,0.0204116206658298,0.0824141780814149,0.3222006306440517,0.0582572611881449
5285,0.0278484776844417,0.0246144693844191,0.0887175504694162,0.3270543144010981,0.0549989611804207
5286,0.0189219174712885,0.0296770148832665,0.0834396802431573,0.3162965645194811,0.0454674937397093
5287,0.0112298655461443,0.0299978363347111,0.069452035329035,0.2987865167708741,0.0394878759779272
5288,0.0131762352401748,0.0206798565999882,0.0699471820093102,0.2878883050220162,0.0392824811360469
5289,0.0204136583637626,0.0264864085990868,0.0763237700730339,0.3059971713744865,0.0391718577749195
5290,0.0196972615698535,0.0111593829933877,0.0629534079023459,0.2706521597893542,0.0445580246680205
5291,0.0286273607200021,0.0206775092240987,0.0742829540014575,0.3036266512158888,0.0444549435634825
5292,0.0308919234478411,0.0258762527446953,0.0869128666261991,0.3645907852424297,0.0513398293169189
5293,0.0282945205494138,0.0302056219413158,0.0934944741957756,0.4285924734101037,0.0601403478356197
5294,0.0316279065049192,0.0325893864833516,0.0965041885903765,0.469973583741932,0.0652013127443442
5295,0.032590824511152,0.0426523063276801,0.099080918969753,0.497049074120395,0.0674111471372845
5296,0.0444439800401889,0.0386844122897608,0.1031851008619862,0.5223755926489547,0.0653930586819817
5297,0.0651662452563288,0.0362942622887321,0.1202574532235561,0.5365344976031012,0.0563771139599342
5298,0.0876850122828728,0.0501335492881747,0.1472265739385813,0.5461089820630822,0.0459656379946952
5299,0.1042671287054762,0.071003534141826,0.1808435588527447,0.5650007233683103,0.0388411428812022
5300,0.1045623103777724,0.0816211048651249,0.200828130910162,0.5714073601037212,0.03422961906309
5301,0.1004547041109668,0.0711053202132121,0.2194293200048007,0.596185573845812,0.0316188822352655
5302,0.0625981327620831,0.0364458857198719,0.2520275410492177,0.6615099615855355,0.0271735526529092
5303,0.0623734328721766,0.0177058294470613,0.2525007737707975,0.6551700704325596,0.0275091761863176
5304,0.052108206031826,0.0208184255718971,0.2558634344760827,0.6652256572599772,0.0295225009143937
5305,0.0522023417877431,0.0274003820111774,0.2618768458094526,0.658077544724395,0.0307319160093873
5306,0.0664903228790375,0.0470140173622562,0.2750441620247904,0.6386901969598411,0.0307742978322391
5307,0.0789365728439025,0.0617843025419021,0.2931464877644076,0.6144250431618413,0.0304543492724984
5308,0.0605550295012947,0.0685146279096222,0.3008927377071979,0.5997004780789795,0.029054410906471
5309,0.0480712126467987,0.0668806998857022,0.2991084120445685,0.5685796534953009,0.0298806002232947
5310,0.0356204349774437,0.0628631472034604,0.281490361422414,0.5336637877410293,0.025594235485894
5311,0.0268372085323323,0.0631740802327575,0.2864561488051172,0.5883929574710096,0.0201390960742183
5312,0.0310784958269664,0.0632458730898129,0.3675339329634539,0.655883931575778,0.0207644047055482
5313,0.0423016505346398,0.059056689442371,0.3999543908236823,0.6460582154348867,0.0254304593909456
5314,0.0460171799014076,0.0255227621558319,0.3306903074588215,0.5369993481240986,0.0269070981979134
5315,0.0614184819372601,0.0266210391747053,0.3907909391565048,0.5585424491977555,0.0363127043567268
5316,0.0628777255773288,0.0308013349251497,0.4412177279973971,0.5710477123090734,0.0503104272656905
5317,0.0725829616045838,0.0379032013177392,0.4661879050789964,0.5558542815578151,0.0625309024987089
5318,0.0857828531726969,0.0375845126612071,0.4695735360794651,0.5386489081710355,0.0701811357311949
5319,0.0990005668239563,0.0323952916593637,0.4552661484634633,0.5320043678834607,0.0719269690097525
5320,0.1005638924886912,0.0262929901476906,0.406234043568697,0.4943874651354152,0.0672258347299772
5321,0.1041267341797107,0.0224326765952241,0.3404407970174495,0.4285573206882095,0.0561949913773213
5322,0.1134983184217758,0.0196194876131782,0.3116137899293612,0.3467344642508805,0.0484520342477109
5323,0.1187071161241399,0.0202295553695511,0.3085016964870697,0.2998032339168985,0.0421298674584682
5324,0.1083415468663824,0.0205192787774919,0.3099432604982663,0.2676383644124547,0.0354963981281949
5325,0.0914082624652988,0.0195341843403253,0.3125942323142492,0.2472048463913099,0.0324797505803362
5326,0.0954353440252141,0.018810057397108,0.3712219479856393,0.2376497346086559,0.0284774184276006
5327,0.0808112692425038,0.0151731474250244,0.3344308812131098,0.2101291925871357,0.0300824439078308
5328,0.0737817335187292,0.0124094995838655,0.3147670593098207,0.1934512629690044,0.0334069785528319
5329,0.0738537549687828,0.0105347135891016,0.2959065102312072,0.1880875800041422,0.0348228605781328
5330,0.0615577069542523,0.0103580178801616,0.2803081965938394,0.1754674641224887,0.0343390626492989
5331,0.0488092637099889,0.0135529578775242,0.2746954138210221,0.1619837044589333,0.0361058887324824
5332,0.0421388277441313,0.0148653918064,0.2651717233041192,0.1457582725322401,0.0373876685041001
5333,0.0350926878822431,0.0177026702195077,0.2600289466645596,0.1285701450261652,0.0368908555429304
5334,0.0247127310721102,0.0192169643493027,0.2343728742996167,0.1152609215891874,0.0320562118675662
5335,0.0208832060737443,0.0165842243064197,0.2245737164220003,0.0931745356439099,0.0263396218738728
5336,0.0212990223550198,0.0287835260875179,0.2480830694719481,0.0921611441477252,0.0281331362772067
5337,0.0287375256040474,0.0405614610495634,0.2573175548365988,0.1001984208281077,0.0326165551660508
5338,0.0420786086974848,0.0414197947560802,0.2480966498146115,0.110434683469914,0.0374155270970071
5339,0.0537891817079743,0.0621447676067121,0.2618997621127177,0.1253528575135943,0.0451494419272611
5340,0.0637858939676156,0.0577545345888666,0.265411084407125,0.1333634475711022,0.0536128257282849
5341,0.0795652093241841,0.0723851773934473,0.2315100462914009,0.1470072615301871,0.0611832151622845
5342,0.0932208786011513,0.1057278583037981,0.1858257610576714,0.1667164144101792,0.0683409703591228
5343,0.1058047721881124,0.1613319902513146,0.166602081911728,0.1767163168318563,0.0694841703985402
5344,0.1235527999831421,0.1310030344008487,0.1301849999479774,0.1865068011288138,0.0643132000555485
5345,0.1433544596415054,0.105341747905981,0.0944948468863187,0.1822656703431638,0.0548110343294053
5346,0.1695046054634373,0.0748562331870788,0.0866796409746046,0.1568615517375997,0.0466798553076385
5347,0.1852282457414311,0.0444761986283396,0.0975902111728184,0.1407360588358121,0.0396576911393816
5348,0.1771153887854753,0.0252391220647038,0.1030262617519147,0.132560162367686,0.0343504549409775
5349,0.1531765204943525,0.017204891225891,0.1069803339371504,0.1314501269460437,0.0302479610254624
5350,0.1266332435285277,0.0324440513007839,0.1260103707319125,0.1619518117538623,0.0306456130449714
5351,0.1191404830571591,0.0257020243057944,0.127543676782833,0.1460960943005657,0.0301096659555572
5352,0.1022809100878455,0.0255148885279566,0.1345802805389451,0.1530865583994959,0.029291629510202
5353,0.1068238554657445,0.019114171751685,0.140445953724194,0.1547051115136995,0.0307708383229325
5354,0.1113577179927142,0.0178015914694692,0.1481421145885472,0.1537189818821415,0.0308376633333866
5355,0.1073185633848865,0.0166438022752645,0.1607426063681867,0.1475527050963259,0.0301639038334713
5356,0.0991977732881428,0.024929304910687,0.1646283836839032,0.136800456499524,0.0316444689882026
5357,0.0934147619751904,0.0199413796176733,0.1647867248822616,0.1325147661801725,0.0344749856724948
5358,0.0749491782181236,0.0191451384523013,0.1447493759494938,0.1270743948413244,0.0287128896048634
5359,0.0707648683307566,0.0180309326040679,0.1513631824165557,0.1030275142494474,0.0204971200061611
5360,0.056538848454099,0.0157030925182881,0.1544262047238396,0.10804496908534,0.0208578338188822
5361,0.044526057319087,0.0124349075031121,0.1632766022520395,0.1150380470306326,0.0238101950312375
5362,0.0381166977322714,0.0209080156350478,0.1296381913421832,0.1098474717432809,0.0363465057265485
5363,0.0660801740876116,0.0185194285991651,0.1485689969091672,0.1385262490340037,0.0400355467166189
5364,0.071508052897427,0.0161446334461167,0.146264161716844,0.1711758129882493,0.0508675974706284
5365,0.0634283568218495,0.01195423348533,0.1274954795045598,0.1992664773015326,0.058919423914389
5366,0.0643428219296322,0.0105716496057271,0.1129711197431513,0.2205530797472229,0.0605912405860475
5367,0.0567874720268052,0.0134660966380387,0.1111640736366256,0.231868960828074,0.0616527492293241
5368,0.0625601111595246,0.0190884805538762,0.1020059132331153,0.2330587989048253,0.0580974036613558
5369,0.0802975498346336,0.0214476012194557,0.0866992323190657,0.2303526267978618,0.0576030126446679
5370,0.0817822722630674,0.0210264405190925,0.0798821063930873,0.2053913746163839,0.0540913375647727
5371,0.0732093659976995,0.0331676667264353,0.0813635141483487,0.180862966396646,0.0434127243493388
5372,0.0633774685051551,0.0423775548286701,0.0894931600105293,0.1729713274377227,0.0375672891268578
5373,0.0686676816233786,0.047002698939558,0.1043020654601487,0.1737882470030079,0.0354851205883317
5374,0.1097025539531903,0.0264658361901132,0.1354332875301887,0.2067431422861671,0.0414449085623853
5375,0.1132647030579137,0.0320192768628014,0.1448309739300352,0.1988278075282189,0.0437074483244584
5376,0.1084951988771502,0.0333293713103729,0.1472498925567828,0.1893871426705438,0.0439448682122581
5377,0.1042674891257436,0.0312673109208604,0.1542202569604237,0.1684554383591729,0.0436488582465051
5378,0.1106488564782696,0.0303142704898192,0.165045436373892,0.1524279979141342,0.0459035429945233
5379,0.1166803239076439,0.0320623020904384,0.1749035589082915,0.1436105254784518,0.0449792078475997
5380,0.1098384918084127,0.0329754034045338,0.1691931916852301,0.1401576886641275,0.0472277235139105
5381,0.110432730256618,0.0294973135448911,0.1603228038347053,0.1407962419007654,0.0490899222236099
5382,0.1060883076176173,0.0265979202010885,0.1619951893122553,0.1375155744423766,0.0452361527346969
5383,0.1154217703814946,0.034259328766981,0.1576277433596393,0.1166280292391822,0.0472488675684081
5384,0.1150375611796518,0.0381681413573215,0.148248688438982,0.1235186396260369,0.0550214093151017
5385,0.1037451369167337,0.0369887130016032,0.1637758143885017,0.1429965798967153,0.0579805644082113
5386,0.0953352821357615,0.0221446569903217,0.1658962025215217,0.1230964422067156,0.0534937683577178
5387,0.0801879474645162,0.0268117179806346,0.1824823204335935,0.1364339043073683,0.058370350485129
5388,0.0641535985444258,0.0282584557298918,0.2079996852005303,0.1434385359959178,0.0725146188428215
5389,0.0609369977517476,0.0324693057455635,0.2318642063138234,0.1504100315652418,0.0957976906810912
5390,0.0533494739679481,0.0326858033165158,0.2265198573188231,0.1578853158591108,0.1144850992929931
5391,0.0485281371061633,0.0300091385141759,0.2135736655767277,0.1610030225078853,0.1279514073560302
5392,0.0474660081668063,0.0352558763872776,0.1887844019360255,0.1602573442403923,0.1287589450674836
5393,0.0487572917680958,0.0388376198712453,0.1589745287830697,0.1556711414782034,0.1142682305737189
5394,0.0608896140489506,0.0365188624986416,0.1234705759523937,0.1353244481908169,0.0998746473225095
5395,0.0812070397699878,0.0326378717468858,0.1080152606640043,0.1241936534786299,0.0959379353173763
5396,0.0981034876300675,0.0250621422571513,0.102775495191651,0.1149562692470498,0.0916746224614625
5397,0.1196320317071647,0.0226438707283472,0.1054188467808012,0.105464095594168,0.0948443972690084
5398,0.1386273120778116,0.0222030669174479,0.1275704897695368,0.1047352733012235,0.1075768658918256
5399,0.1403483066781601,0.0271227940646191,0.1225206473671988,0.1020311290398257,0.1098253680906942
5400,0.1243740206778164,0.0230112409530607,0.1207625517630064,0.1002617443392217,0.1123968138468428
5401,0.1289768249879309,0.0232364133966824,0.1223249607484443,0.1003275967264768,0.1252001314910663
5402,0.1300716314358467,0.0222500501399216,0.1254468803106154,0.1025567363662874,0.1421279983848533
5403,0.1259217508762904,0.0222953896194719,0.1266010466368847,0.1063899190838182,0.1453113579104135
5404,0.1208947272603653,0.0191879489605091,0.1226976534143801,0.1091499240496342,0.149506529242388
5405,0.1278141180483033,0.0161374305029712,0.1186402589750767,0.1123538519433337,0.1518456264366107
5406,0.1309618807335981,0.015205524043618,0.1073504638027804,0.1219079063219264,0.145852662552283
5407,0.1245087888548143,0.0119713009251984,0.1072320975288087,0.1205394514401866,0.1633191175874921
5408,0.1198114011873319,0.0141210545463929,0.1153236607584839,0.1453193529358445,0.1767961199951498
5409,0.1248087447575796,0.0153197270564033,0.128362023565365,0.1947196669496504,0.1780988880176834
5410,0.1106275929260381,0.0168523932091282,0.1140698540290974,0.18598506184579,0.1654370598107422
5411,0.1175820149134033,0.0186021809462178,0.120235642918459,0.2360624371642292,0.174042652055458
5412,0.1092703320397336,0.0137047726416481,0.1257755617879779,0.2804198024361469,0.1782336502129923
5413,0.115979846506912,0.0123187627836584,0.128375365414613,0.3069820562818978,0.1894082891687934
5414,0.1145528351042214,0.0102908756325528,0.1252447822679696,0.3164135985122173,0.191815981356555
5415,0.1035219748523588,0.0098417938193585,0.1181149723175212,0.3114769747349225,0.1922589538830811
5416,0.0902645395712058,0.0106626876262361,0.1025737739004412,0.3084584184449552,0.1903186463829041
5417,0.0718016552709724,0.0112575377334102,0.0702010627832459,0.2948706638579407,0.1869588479540047
5418,0.0575900918587293,0.0124207369441348,0.0471787491322889,0.2710210857796105,0.1786601993057705
5419,0.0450084002765407,0.0136199220766789,0.0432970890628752,0.2700589971947741,0.1705882853673904
5420,0.0376739190367586,0.0137417033899836,0.0572620082452655,0.2711693403378754,0.1572891790663055
5421,0.0329571695658991,0.0204576078650722,0.0859960419704697,0.2783134297201854,0.1523309875717655
5422,0.0372005240646151,0.0342268780877968,0.1263679385550684,0.3159569209839037,0.1520995088307482
5423,0.0383817620497638,0.0343042160085132,0.1544310889007527,0.3154283398402162,0.1487957890747609
5424,0.0397987377218862,0.032489479282263,0.183259129650191,0.3135684597186088,0.1438252866409009
5425,0.0373177207093975,0.033570472325725,0.2132897836928788,0.3001004075931011,0.1385082160103666
5426,0.0313352947036085,0.0327400559486663,0.237414427888,0.2842209970910425,0.1343192691965771
5427,0.0275282914770572,0.03623102986779,0.2513309561891525,0.2734449468627109,0.1345462924950572
5428,0.0247472896195923,0.0423142754177721,0.2618009033192526,0.2687917118141356,0.1310772731100808
5429,0.0225084762011642,0.0471629760963307,0.2639200480769346,0.2643639072289471,0.1188216427706124
5430,0.0180971791356047,0.0521075159863484,0.2592645716882729,0.2647783507469065,0.1111643802017129
5431,0.009790436984114,0.0505706678394094,0.2507527359422954,0.2908805946059033,0.1044716551303132
5432,0.0144755678124199,0.052219679500354,0.2506970841911047,0.3231873671742076,0.1003702632310674
5433,0.0196175492417303,0.0665851631122314,0.2504665888772093,0.3274506252185596,0.0974911478681752
5434,0.0208090736605528,0.0478672678469901,0.220441237237711,0.2647044705673317,0.1088415180617169
5435,0.0240057708275867,0.0763113770952117,0.2405572790551542,0.286596013309587,0.1095292506005563
5436,0.0407386423907081,0.0829859075969077,0.2591246296478581,0.3103568415501799,0.1140109152360895
5437,0.0599083207341076,0.0829524221190742,0.2402634256687905,0.3292467131568067,0.1239097635978896
5438,0.0790777153519896,0.0912852733913211,0.2320110842468167,0.3416393743447486,0.1369290228702381
5439,0.0744981197228712,0.095691867835002,0.2224770925210649,0.3373615155905762,0.1458086890167959
5440,0.0675054903618911,0.1001154981312198,0.212302531898277,0.3190048301832694,0.1482852027466568
5441,0.0716346896839506,0.0985541724491195,0.2034634865172441,0.2826401338220846,0.1403795340154907
5442,0.0795293695537086,0.0917944538838991,0.2009545645189912,0.2322428253458879,0.1216717529316462
5443,0.0809313053523515,0.0724473006458056,0.1921559550870282,0.2033993127445003,0.1032644659646756
5444,0.0853470836474728,0.0615879315923086,0.1914008478020274,0.1734652967947401,0.0870486119169155
5445,0.0948219347421711,0.0579912377457496,0.1943691472269313,0.1505378794902148,0.0775002111180681
5446,0.0859145549317336,0.0461998002077478,0.1819254793383765,0.134722594453324,0.0760255970498689
5447,0.1058197289108645,0.0384183721347617,0.1855110019270761,0.1172678611970258,0.0737941306851753
5448,0.1181829785230333,0.0374498630761632,0.1894406563154854,0.104869401219494,0.0730305060489229
5449,0.1289241523888804,0.0354407272989739,0.1867851000814983,0.0939445683826343,0.0719654535019594
5450,0.1472704841099891,0.0290652061364086,0.182894242192093,0.085451977403509,0.0719508081376756
5451,0.1526446754728382,0.0230704048177603,0.181121527904181,0.0800263532688875,0.0737660296035011
5452,0.1539072349133111,0.0235832714004433,0.1802512386440069,0.0777472865168697,0.0735210739870808
5453,0.1477458778107988,0.0182000299719712,0.1715143775099648,0.0808282600901402,0.0680733416332805
5454,0.1377424764495738,0.0140672299959959,0.1705372998280527,0.0883877341587333,0.0577339082725169
5455,0.1322657214873067,0.0103804343972543,0.1743832126562343,0.0975923707026387,0.0589242609828929
5456,0.1191628079719888,0.0093386261058595,0.1600032188178163,0.1264211391910647,0.0637409730916028
5457,0.1084032840010755,0.0116122898136694,0.152761566368846,0.1684894686828965,0.0638327044849109
5458,0.088233452050335,0.0161721141848949,0.1261956538987035,0.1774228264372606,0.0694738494919432
5459,0.0856607952245706,0.0128033757414223,0.1272545741281894,0.2031130157854279,0.07626758577215
5460,0.0908469225668353,0.0106088308048172,0.1322238744682892,0.2308070954374881,0.0825505194284064
5461,0.0938234152183896,0.0102803569331832,0.1289569434774398,0.2554265802058821,0.0902439229910419
5462,0.0945790520186399,0.0092120527019928,0.1242238064218878,0.2760035063215609,0.0962053085378206
5463,0.0780010404043391,0.0078223726511775,0.1121714747624847,0.2903066547207595,0.1026655363968253
5464,0.0597304545325115,0.0084452262740463,0.0929346690874438,0.2779290185535617,0.1012589714701356
5465,0.0365359048916841,0.011250682402117,0.0639742632255641,0.2618098091908146,0.0917863949875877
5466,0.0271324596989186,0.013421661451717,0.0496916999467824,0.2499619631391913,0.0789919927455834
5467,0.0200936961037606,0.0166379546999879,0.0576762763465631,0.2492369613526874,0.0669967521489965
5468,0.0184463330397893,0.0232522291489231,0.0848260227512529,0.2605884277440402,0.0541933691656275
5469,0.0203459761239088,0.0284740247704017,0.1158814219962287,0.2793623899199969,0.0486737800666493
5470,0.0272819948628265,0.0297184908616179,0.1607108701621301,0.3210420609239419,0.0611541560121356
5471,0.0264805786653394,0.0295310343087032,0.1798083986155119,0.3372045152027824,0.0559484783388105
5472,0.0259491313872293,0.0282111624417779,0.1977266000841953,0.3481735426531193,0.0506878793203203
5473,0.0220693619750767,0.0281328980723431,0.2160695528300565,0.3520172837865904,0.0502518594316833
5474,0.0167148526119805,0.0320554681618281,0.2322089346941248,0.3483925837332786,0.0498138228168057
5475,0.0157062763835563,0.037165027013489,0.2461154616317649,0.3352671930748331,0.0457114191762805
5476,0.0193763877021091,0.0366686725786205,0.2581366059644248,0.3303140915777914,0.0432935631970144
5477,0.0195975123081902,0.0399425614123671,0.2684207720258658,0.3254312307624353,0.0390255421411465
5478,0.0175642126418628,0.0389263766815172,0.2741609603210565,0.3189993134934015,0.0313073109836819
5479,0.0139938417993163,0.0363551726835498,0.269206945179452,0.314818881331129,0.0287023579220678
5480,0.0178727025299265,0.024232814721737,0.2661063345138038,0.3253082125180587,0.0271837041715418
5481,0.0221512042964552,0.0391953271285317,0.2492988286928887,0.3372150229462452,0.0269533101751022
5482,0.0167660695598974,0.0185182733760628,0.1920697910816686,0.2648748702748884,0.0355130402600584
5483,0.0219690577508286,0.0257848270778081,0.2412158047536138,0.2858689195203682,0.0454441926915519
5484,0.0255351438641164,0.0463199442892229,0.280689278464079,0.3021958390457622,0.0569848358694078
5485,0.0291314098601775,0.068306934646646,0.2926637487544706,0.2881874721260966,0.064836666564119
5486,0.0289509269842218,0.0927823099917258,0.283666114069907,0.2762528495354883,0.075402501425848
5487,0.0260394213930699,0.1007820538839107,0.251192851593454,0.2618512406861429,0.0804447567611234
5488,0.0257682284490085,0.0661749485500023,0.226491759341465,0.2377465943403116,0.0778113006228316
5489,0.0259457531990344,0.0476824045663655,0.2085353303333976,0.220107043777231,0.0696410942410328
5490,0.0283398418254939,0.0335090282073339,0.1939413766315026,0.2095636692150039,0.0590422668796428
5491,0.0302888471257812,0.03724633150435,0.1884768501768746,0.1964927220828368,0.0478651555777756
5492,0.0368194439987531,0.0499125250400439,0.1904012857114741,0.1775350000399943,0.0381142337422357
5493,0.0383161969732341,0.0565401965704002,0.1898414995792273,0.1694006857952212,0.0329087057276193
5494,0.0501987409300635,0.0221996287061731,0.1635283479302259,0.1652395042230519,0.0327047985784805
5495,0.0408914289835921,0.019524123470229,0.152899080032088,0.1774064715786197,0.0308181583113385
5496,0.0326870414234198,0.02372995822845,0.1441641068368564,0.1969049341143696,0.02857869382104
5497,0.0274360130844107,0.0336217930617107,0.1389053874276827,0.2275981767695204,0.0278187573957348
5498,0.0255192855928408,0.0425986161471394,0.1316798482822109,0.2659990944866168,0.0286860622808999
5499,0.0281969059259447,0.0434030304002131,0.1349726524403734,0.3015603862797366,0.0289897542692259
5500,0.0272688601111618,0.0461754479283609,0.1372001353362118,0.3387103265406627,0.0295750164166851
5501,0.0276844601904665,0.0456763448026088,0.1361628743002079,0.3667913658737157,0.0300866916818607
5502,0.0322099789741992,0.0469597855521944,0.1424505504412088,0.3710138887848994,0.0268288494796213
5503,0.0265601078693253,0.0472302731300239,0.1488855945578869,0.3582313890671134,0.0218215293378275
5504,0.0244988837167003,0.0341687664696082,0.173778159395267,0.3398987341088236,0.020400043637627
5505,0.0296254213749936,0.0345636301246323,0.1648703754992194,0.3638660672931669,0.023270666998907
5506,0.0228752403093244,0.0214239773626803,0.1421200783514279,0.2488750252051398,0.0284590587642025
5507,0.0347069891674976,0.0334558364128566,0.1768942807791633,0.2600074778020548,0.0371092813122545
5508,0.0445717170236617,0.077549826782892,0.2001112045603058,0.2607721540275315,0.0464993250266285
5509,0.059702868649636,0.1013042189451887,0.2003892150491502,0.2692936324068951,0.0561800683313797
5510,0.0724713766216482,0.1074315451897817,0.2234887353650071,0.2617361859133369,0.0638678786187704
5511,0.0716396192245394,0.0930909781427293,0.2208039560089296,0.2482593368719917,0.0690926152257678
5512,0.0721131547197975,0.0648411200454513,0.1927602575637086,0.2353988840451779,0.0730917716487561
5513,0.0957767759293848,0.0493445135424632,0.1922128674559523,0.2185596878680591,0.0693666686019557
5514,0.1298181202284623,0.0616235713041183,0.1846801855012336,0.19386955494684,0.0579104893768804
5515,0.1461434614211054,0.0715269223102567,0.1686314422586302,0.1887940550160094,0.046184513818424
5516,0.1375787845259037,0.0519095979853002,0.1534513154393475,0.1786435274512733,0.0388600288219074
5517,0.1199367232856358,0.0519623201426285,0.1419461904939675,0.1736709644500861,0.0329699612886943
5518,0.1046257941690516,0.0615977363608864,0.1438958110839436,0.1804747031064068,0.0265855589775629
5519,0.132456756675888,0.045153368002367,0.1349764493219532,0.1701689172574913,0.0228528868762519
5520,0.1208173063155703,0.0246615546533226,0.1294168092906481,0.1597359639105928,0.0215214786094238
5521,0.1149063337233584,0.0197609619762492,0.1388789890293645,0.1527160203199814,0.0203423163036674
5522,0.130484421868086,0.0210388639383666,0.1509192439912323,0.1491907773314034,0.0181435897683604
5523,0.1261899422603963,0.0242127553248389,0.1585650423573925,0.1436159714340565,0.0177499042908639
5524,0.1037891557337821,0.0312683418193836,0.1684413198820513,0.1408146065143596,0.0186928174630265
5525,0.0985760457765261,0.0319295021691603,0.1771708813272695,0.1369092800536809,0.0179304384884408
5526,0.0898377146873158,0.0269118257266006,0.172690421861725,0.1315219677680817,0.0163289998351082
5527,0.080632348091783,0.0262408445245806,0.1956083158110262,0.1119767648852714,0.0123845558996713
5528,0.0728586639309925,0.0281943104302976,0.2124160523381281,0.1168973656246253,0.0141856190054043
5529,0.0645975065083991,0.0314663132842465,0.2050092344042388,0.1179645825580229,0.0188060164262598
5530,0.0396638035998763,0.0134160034766541,0.1774341312631804,0.1047221751172618,0.0211262901351738
5531,0.0353254166503547,0.0133035559081051,0.20143134234861,0.1250418033185714,0.0285875569664776
5532,0.0318502627914339,0.0132679023843775,0.2140687431537646,0.1500457618104139,0.0393735741956949
5533,0.0340908264273125,0.0155804651237619,0.2186941946925068,0.1659190236304001,0.0505701452721413
5534,0.0274955348545194,0.0192615212181743,0.2047875690648906,0.1721544549373213,0.059336399925425
5535,0.022778285611975,0.0174442043781571,0.1890174896129896,0.1678567747270439,0.0638575385258036
5536,0.0218363103106253,0.0139553533706138,0.1522418044073532,0.1577457649213696,0.0622161384932533
5537,0.0284068811939592,0.0099214501435694,0.1157748537558521,0.1363347837727806,0.0544748977992634
5538,0.0360533450703897,0.0088035175942901,0.0975873331370702,0.118848221132771,0.0468693268279022
5539,0.041911242108537,0.009965970378156,0.0874100469935268,0.113231447095967,0.037123935417148
5540,0.0431645875545107,0.0089219235217933,0.0869580812342906,0.1069731701175053,0.0284131630640131
5541,0.0417178654347492,0.0075843233914896,0.089682155083867,0.1014597781910317,0.0220425487246008
5542,0.0430907325387655,0.0131038285249815,0.1081841137228865,0.0974778994917081,0.0183910101008349
5543,0.0346588121475988,0.0082653647922916,0.1085318733059944,0.0960641091948958,0.0160261534204778
5544,0.025034495346342,0.0111888884407911,0.1139854447720086,0.1041161412597991,0.0150660981932985
5545,0.0224336447664024,0.0111108282293413,0.1180702983459332,0.1074207167411135,0.0160660236772536
5546,0.0239711558939254,0.0116664409779079,0.1151439890506251,0.1062639909248151,0.0194375816881373
5547,0.0270159502150579,0.0199258988720796,0.1160757112754939,0.1013469965092108,0.0216681244998086
5548,0.0270606725206955,0.0288239359992682,0.1126212929121105,0.0990194483543705,0.0219977181126581
5549,0.0257695121956186,0.0317064397993177,0.1066080666970276,0.0997094086300312,0.0227170782085597
5550,0.0209090633086106,0.0326075618955519,0.0966746785576829,0.0975692921617564,0.0214314925806193
5551,0.016136119565638,0.0341310834093816,0.0750391967286685,0.0771069807493904,0.0170825706806902
5552,0.0213251958693461,0.0322425407199042,0.0785218172360978,0.0672110063981173,0.0189374177275152
5553,0.0236128393611643,0.0351234809113819,0.0871128664458449,0.0677492370109823,0.0251271180740234
5554,0.0341495237197629,0.0329897923617303,0.0670305302113209,0.0523849947627338,0.0325155491903922
5555,0.0391458546338014,0.0349080938248829,0.0727129672777901,0.0599234862401403,0.0409597778495198
5556,0.0480977571626773,0.0323622485193619,0.0826404639098769,0.0648636529825675,0.0471452542706077
5557,0.0550185654277852,0.044100134155618,0.0800180314688877,0.071286686230951,0.0533823722629488
5558,0.0591209336845623,0.0429428129202804,0.0735019793689203,0.0809809737532444,0.0619820865875058
5559,0.057623720110765,0.0324828599209109,0.0724842731738859,0.0888474478979348,0.0678247973881679
5560,0.0538636239444366,0.0354008453910601,0.0734969852455741,0.0933988277783021,0.0687578155816599
5561,0.0568558073662894,0.0341683784018566,0.0731785965679503,0.098053929716155,0.0590766807609747
5562,0.0684279215238229,0.0348687366260165,0.0799694123580274,0.1059542729337482,0.0477352246877006
5563,0.0797819563136388,0.0313777008311386,0.0839433613711442,0.1335908143312289,0.0354184073433762
5564,0.0995714829101702,0.026330711131499,0.0862997169990749,0.1564429094172897,0.0265867788744404
5565,0.1241098104401821,0.0218871862568695,0.0866321422861401,0.1656886241259905,0.0203431516528662
5566,0.1617063001873965,0.0245318845652726,0.0820787593213807,0.1723885344808475,0.0222006891763005
5567,0.1831097367054944,0.036694576627047,0.0892980538528485,0.163977579455169,0.0195798008414783
5568,0.2218964107552745,0.0463982153529527,0.0933586063073525,0.1571271906538053,0.018564468437223
5569,0.2476324062753938,0.0552757056724188,0.0956122347682357,0.1516702506301399,0.0187558278382665
5570,0.2637005620024704,0.0640962765278156,0.0951271015090362,0.1437714778380533,0.019332609290578
5571,0.2773941409051518,0.0713598079840955,0.0961939535131943,0.1384262626845506,0.0172802017684514
5572,0.2568662299965872,0.073473904268507,0.0993161936986439,0.1365789797612724,0.0149922681921184
5573,0.2375613320862147,0.0737559784324777,0.097159925909617,0.1333326513889791,0.0134529202569244
5574,0.2206577240172804,0.0726437645019459,0.0801076720607863,0.1277641656363938,0.0121647672277198
5575,0.205160496447597,0.0832731931957527,0.058190779846011,0.097419662043695,0.0095525639622631
5576,0.174751925723805,0.1120775711180447,0.0611209653571055,0.0714303035295464,0.0098388440957275
5577,0.1562109421831216,0.1313955676111659,0.0631676548972983,0.0669794317484189,0.0133179191902588
5578,0.0968488376694366,0.129787962271174,0.0489197580624232,0.0550617866070466,0.0179927331518292
5579,0.1098162241462178,0.130941625365846,0.0543112969006641,0.0503617759861364,0.025281555813787
5580,0.1059304294550882,0.1465447279598165,0.0580114211860406,0.0473890640521049,0.0363570967818255
5581,0.1030007474862939,0.1722425415542044,0.0572924975035941,0.049216291702391,0.0527739680677638
5582,0.0937418583359152,0.1923479716509943,0.053219810246592,0.0543285744236493,0.0680960575137381
5583,0.0884778747435833,0.1896900442161217,0.0457480392306069,0.0608221464593877,0.0737447078373375
5584,0.0834025365980649,0.1621693178282099,0.0386828373408099,0.0673834982448158,0.0745930471140349
5585,0.0790127148463567,0.1291368700901459,0.0327392636595301,0.0749887268888734,0.065437332120088
5586,0.0780693034362347,0.1204363105700396,0.0368749856808181,0.089194781304894,0.0557491053616988
5587,0.0746222520934938,0.1169250703994391,0.0446359875869478,0.1236239500727582,0.0471604853604829
5588,0.0722668156175374,0.1138766542744714,0.0532554510206708,0.1503121119924483,0.0415103627975689
5589,0.0703401931961403,0.1034496702534112,0.0634598812649561,0.1593008676323555,0.0388510802427246
5590,0.061923722034143,0.0708802439849462,0.0731050944374881,0.1491943926988614,0.0335538241030651
5591,0.0791921745851697,0.0602491344553191,0.0793136819795434,0.1381850482108547,0.033829637630162
5592,0.0882501802795994,0.0510075727124314,0.0890336282356796,0.1222834958102965,0.0390497042932153
5593,0.0814510440603818,0.0452695802632138,0.0927869765531908,0.1106927307213214,0.0395017571551267
5594,0.0849907329586311,0.0484041036122634,0.0944263911508552,0.1028486956189129,0.0406774413451276
5595,0.0850442387585071,0.0467013323958777,0.1007849544008828,0.1016911901698696,0.0405818240546927
5596,0.0853290284517238,0.0415770588883265,0.103692989008627,0.1000865249974407,0.0403191971129905
5597,0.0817202831636396,0.0430351183489796,0.1047051187022526,0.1016201549919899,0.0413011712597433
5598,0.0684973654473597,0.0448003331399119,0.0953048697596708,0.0967145443199024,0.037718310161424
5599,0.0751854896514938,0.0391667867089977,0.0656841970042593,0.0725151011464202,0.0334946600688705
5600,0.0670230768691162,0.0333579341367411,0.058118515776307,0.0478944759271051,0.0344649855305936
5601,0.0561282310068935,0.0330705833964883,0.0709874792780766,0.0497817654512406,0.0361999173805132
5602,0.0332589564031979,0.0115517776748125,0.0688190096340175,0.0460702063513213,0.0362543481116989
5603,0.0212297197838155,0.0168437759575549,0.0771276884861347,0.050757309252698,0.0446116755575687
5604,0.0201123959634691,0.028650247159481,0.0819756781106769,0.0490067737729463,0.0500193355160509
5605,0.0246390950922361,0.0291994399083007,0.0819904482797915,0.0482720376803855,0.0588133825288349
5606,0.0333187910530171,0.0315819975691163,0.0777536611629188,0.0491675085921588,0.0574493020976214
5607,0.0420655725907879,0.0363856084668407,0.0696061637772804,0.0522918025495923,0.0509245138145742
5608,0.0408881242608727,0.0394326771490228,0.0588639478424528,0.0616583422239401,0.0498906776495773
5609,0.0399426807197647,0.043645322664526,0.0490610129801426,0.0755185625940329,0.0421501377248329
5610,0.0405756309923525,0.0497324005869241,0.0583293260259792,0.1028142239558536,0.0380369817661139
5611,0.0439445861877059,0.0498934830752289,0.0730927821336819,0.1426326582860266,0.0375748557171519
5612,0.040843353211971,0.0424559071458653,0.0828891504082767,0.1789142320873203,0.038513854028446
5613,0.0346152909658794,0.0372565108831934,0.0851615163887105,0.191902667094793,0.0368467929331169
5614,0.0374126873778495,0.0255556649391273,0.0936048502548502,0.1982110954843367,0.0393483638671289
5615,0.0424575504409982,0.0306536918438511,0.0899603755958504,0.1977830420363103,0.0425808049377676
5616,0.0475759767852638,0.0266937060368739,0.0849897447045759,0.1952865930758163,0.0516327223496568
5617,0.0450454051217121,0.0204540245886221,0.0766449648335967,0.1879485905821611,0.0470999188982262
5618,0.0413925035531766,0.0194967962233753,0.0675770731173164,0.1835659244443845,0.0453138584777066
5619,0.0420970659223026,0.0226992336456088,0.0624957703491064,0.1766967477636541,0.0451902417556616
5620,0.046410625016289,0.0293531806224746,0.0608164415607426,0.1710936394722935,0.0484349233847993
5621,0.0497598205241075,0.0325305928962439,0.0621498943681581,0.1692587082493863,0.050917656944858
5622,0.0403906016018818,0.0334952065529711,0.0599518572330027,0.1598493653706247,0.0444777221482572
5623,0.034362441237421,0.029508980711639,0.04342933659993,0.1269335125089613,0.0375426463259902
5624,0.0395640330392871,0.0409257500843828,0.0341710007578464,0.0869643030917376,0.0385989367166916
5625,0.0457406508025182,0.051029164919852,0.0363691518430909,0.080137399898355,0.0413581037526207
5626,0.0358397924733498,0.0235749354062047,0.0360454226080009,0.073384163894898,0.0371842224978742
5627,0.0304440917440522,0.0250403386149461,0.0359934244040777,0.0809118690415799,0.0467324618639732
5628,0.0310363199826296,0.0316051883330046,0.0345960055388859,0.0809646543096925,0.0556124910299043
5629,0.0319687391995084,0.0409833294603621,0.0332982868448163,0.0773741174272205,0.0572623138121522
5630,0.0312765699439383,0.0492238483553499,0.0334850321627899,0.0771229145743038,0.050604344479095
5631,0.0330925405710522,0.0562414508872651,0.0349973621056611,0.0798658904444611,0.043013207508715
5632,0.0335789930088241,0.0579033959754257,0.040308643824949,0.0859256449573254,0.0401188817737973
5633,0.0440248456825665,0.0568308559082921,0.0551398369675774,0.0937178821267423,0.042899693445329
5634,0.0609744081447356,0.0666969073648058,0.0873065965479508,0.1172809283295313,0.0453218867554647
5635,0.0690958819372945,0.0672018259690695,0.1164025493854927,0.1651125037198948,0.050443548193634
5636,0.0711903041245504,0.0595642457880949,0.1288967489959667,0.2029088413435238,0.0539139784116452
5637,0.0695416327372316,0.0539870795040025,0.1291021750632702,0.2192985337538248,0.0523907251910432
5638,0.0868817552817695,0.0292643535382627,0.1238419408165947,0.2303106218723294,0.0520119737310131
5639,0.0713251110946444,0.0177186796397787,0.114000783398202,0.2183840645927162,0.0464829313526863
5640,0.0722944626411184,0.0111002203888609,0.1070643837764816,0.2047685358908926,0.0488349812754313
5641,0.0753932578556547,0.0093655864824004,0.1015890057322871,0.1862173438503979,0.0501012096020491
5642,0.0791677610044953,0.0091265812654601,0.1013424740217878,0.1708408975262607,0.0500067960822369
5643,0.0785194071096386,0.0108779879861759,0.1031043500143263,0.1534752052353827,0.0515378792478868
5644,0.0738700682594662,0.0111110068133424,0.1062334858609628,0.1435084982569629,0.0527168142499237
5645,0.0679494699567213,0.0098325668368606,0.1095935378453023,0.1380595998135006,0.0537720991934491
5646,0.0607355012453911,0.0080998146056866,0.1000727042775945,0.1359093364660603,0.0500402006471682
5647,0.0462112450841813,0.0066438279935825,0.0667683190308908,0.1168316816401026,0.0394395923801599
5648,0.0556672736958573,0.005830142207899,0.057438175172574,0.078949613433645,0.0329449713185501
5649,0.0672098079105783,0.0069467437561575,0.072173794150791,0.064022977663053,0.0297701570217355
5650,0.0586464269137164,0.0047526716407834,0.072007952890726,0.052398950747793,0.0355844857574103
5651,0.0560647853973499,0.0050712413572016,0.0823253332166205,0.0561537908662171,0.0362799732970338
5652,0.0662945458007261,0.0073750720800442,0.0885460476227268,0.0553345041762335,0.0356336163666848
5653,0.0551112392444096,0.0074196517337519,0.0946656895069555,0.051998018016814,0.0367355214899846
5654,0.0443269123230893,0.0087929622886196,0.1004369311286539,0.0514694536420755,0.0377948579087806
5655,0.0520466156367996,0.0086389087297739,0.1042556821962251,0.0485018664834778,0.0366681812125232
5656,0.0605229683402243,0.0121308868611922,0.1099953326088691,0.0463666097466923,0.0328401350010019
5657,0.0672981201746195,0.0171759898250505,0.1169387881564564,0.0472874509097526,0.0375961815186322
5658,0.0801568524790907,0.0188724168855246,0.1454348945576171,0.0607056091825881,0.0408575242850596
5659,0.087005194233057,0.0181783681516124,0.1748997548567691,0.0804124899885538,0.0416975536376142
5660,0.0847568053145258,0.0206907899373981,0.18628348435178,0.0986622426561071,0.0399841637806438
5661,0.0813058851899917,0.0168096511169546,0.1840958362158093,0.1109256790378872,0.0367664747174411
5662,0.0970098208887464,0.0090881089228038,0.1796679760216044,0.1328134986119919,0.043276705228254
5663,0.079865791377492,0.0044383881769443,0.1660140464735781,0.1215802672668685,0.0406363774574661
5664,0.0596877811831316,0.0034665253489037,0.1486270558130637,0.1107312402032983,0.0399029861363155
5665,0.0643249709039859,0.0045510947569775,0.133429233053664,0.0971761460090119,0.0387400299439471
5666,0.0742853959165887,0.0063348857685438,0.1294577444930626,0.0839148630719527,0.0413903341330405
5667,0.0706172909828147,0.0065932037161246,0.1266817852396527,0.0707174345217623,0.0397512552273462
5668,0.0530320679205698,0.0069591629987943,0.1271133052754081,0.0607553071731652,0.038979369622692
5669,0.053108565066792,0.00821616449475,0.123826138698214,0.0555582324245064,0.0362905093306229
5670,0.0640578943136449,0.0096416456377538,0.1140647429822905,0.051398031195872,0.0312547617409173
5671,0.054356892769914,0.0102090470180715,0.0795597994353819,0.036141345034529,0.026095018137406
5672,0.0608099652180685,0.0067584279801783,0.0670537080151659,0.0198094446066578,0.0235647999191497
5673,0.0621278849458844,0.0040246751130573,0.0635096472945326,0.0153548847856455,0.0215427407150409
5674,0.0673138474372758,0.005256510959523,0.0602515099423145,0.018169445218965,0.0296573987730156
5675,0.054966963952643,0.0065254695098262,0.0594805832658663,0.0198109299788362,0.0327261519784275
5676,0.0517277116956413,0.0068784479436062,0.060547627974784,0.0203413922058881,0.0414758359488321
5677,0.0512750241905832,0.0064057461358941,0.0598741376322293,0.0215400383720091,0.0465502960022383
5678,0.0495334553403412,0.0060165791215487,0.058868340986294,0.0234166154385676,0.0444740916993224
5679,0.0459929275788678,0.0066188338422407,0.0613050316794751,0.0268265696022343,0.0392421541604703
5680,0.0381001564521682,0.0084849709940395,0.0685457531049203,0.0313975274659089,0.0353472192687849
5681,0.0460166803566962,0.0128935528249086,0.0907655832148742,0.0406147168519821,0.0373105862280379
5682,0.0669235844880058,0.0159795312094885,0.1230064405074545,0.0667496593092237,0.0380758288402356
5683,0.0771369532539918,0.0159142137300251,0.1521007069213101,0.10139569898038,0.037897401577631
5684,0.0668994846120939,0.0133062155777285,0.1593939348347768,0.1284714885830595,0.0368678380640585
5685,0.0561865650017252,0.0111773646220084,0.155540799209457,0.1361222217974292,0.0358711607739448
5686,0.048186423098796,0.0263339802594028,0.1547531221824375,0.1165383575462183,0.0386570908637505
5687,0.0367459786858419,0.0261547461420465,0.126346495949219,0.1127261769142653,0.0394034391774206
5688,0.0377162582087394,0.0149544360989535,0.1075983477807608,0.1010376120145583,0.0424933298424948
5689,0.0403537308242346,0.0084181111063831,0.0887796133642848,0.0845431998130287,0.0403256557031455
5690,0.0279830204438624,0.0081727029269486,0.0765202766958958,0.0760444001787468,0.0392640991587606
5691,0.0215235655080299,0.0078573582502705,0.0689649183074985,0.0701829995230303,0.0384157588255909
5692,0.0265416098981349,0.0072526434744439,0.066018388728248,0.0648817446963208,0.0381554649346516
5693,0.0272810899371919,0.0064728815559464,0.0723463894070886,0.0638765972547048,0.0372549210290012
5694,0.0265343105928979,0.0064590263245616,0.0760439904200716,0.065984036478405,0.031399799046389
5695,0.0312610165431532,0.0060513575288597,0.0545600847242458,0.0583467056160015,0.0242309795284093
5696,0.0396895100409513,0.0056002436349857,0.0417886156935407,0.0342573212873823,0.0207315850968117
5697,0.0384866420678458,0.0078395794654185,0.0447129919270033,0.0308319833056868,0.0193772349054188
5698,0.0571899630035499,0.0086614328414862,0.0490368212299923,0.0310467857261124,0.0231535736746521
5699,0.0782217022614217,0.0097427791389579,0.0545154367568604,0.0395464540820759,0.0287417833646388
5700,0.0711534833655013,0.0093597614848982,0.0514375658380694,0.0408066394825063,0.0366440083724846
5701,0.0604675565775864,0.0098684249962821,0.0531689562411657,0.0406790494943604,0.0436655783576928
5702,0.0734280003864364,0.0092593477660572,0.0527205704411226,0.0429606201008164,0.0455959758363269
5703,0.0778090231122764,0.0094445355370242,0.0588837995746503,0.0503486167470907,0.0413765934951766
5704,0.0628772001852177,0.0097875144707864,0.0637207695215913,0.0568328504093072,0.035879411632923
5705,0.0633591744919941,0.0164498999167905,0.0824977603538986,0.0699194128217117,0.0315641578122666
5706,0.0748698639714438,0.021121935954478,0.1094480599819692,0.1002159210314143,0.0287745970976798
5707,0.0765319938567642,0.018069850653382,0.1299425328210183,0.1395373923389046,0.0258060968117399
5708,0.0726619777788055,0.0158885182554091,0.1337773274222161,0.1713199464709898,0.0250666464886812
5709,0.067958887708956,0.0140570541193955,0.1286641684790826,0.1791553284229507,0.0246807316787138
5710,0.0539142886089308,0.0077098704365046,0.1354905273429636,0.1344337865619398,0.0272061839120215
5711,0.0449365203147933,0.0062858335809308,0.1189470281045979,0.1333448082065618,0.033345878357676
5712,0.0519686154718577,0.0078268102248668,0.1039756413872018,0.1316842942319196,0.0369956750510133
5713,0.0444252826275023,0.0064454067746947,0.0954365704607966,0.1268372713827671,0.0366839043443751
5714,0.0448670045839545,0.0073982570135942,0.087742375267756,0.1193891824600536,0.0335481180143652
5715,0.0447048354510335,0.0057400572459872,0.0803730432188702,0.1140282701112268,0.0315832875566893
5716,0.0408526514630426,0.0101488324100873,0.0820694404219004,0.1107109658546859,0.0303302685115116
5717,0.0402527819584608,0.0175795106627309,0.0880109976596379,0.1095741417813443,0.0298100749260801
5718,0.0374960375666222,0.0150340726108967,0.081456764969602,0.1023157473415531,0.0246900624312822
5719,0.0396971105327492,0.0110054062928888,0.0533458793124787,0.0762136128845368,0.0206831578285458
5720,0.0418409797011944,0.0087038254070532,0.0425734197115375,0.0418340130659426,0.0207218255099769
5721,0.0416439751255304,0.0087196622966151,0.0475967020353744,0.036262206340724,0.0202772933910005
5722,0.0544041949458876,0.0054026558288018,0.0530019950728071,0.0288701552012196,0.0266899310874444
5723,0.0660415555973671,0.0089913739943499,0.06114336688079,0.035156433981016,0.0299972761476534
5724,0.0720295560531282,0.0126436545799421,0.0617270076458587,0.0447245781000296,0.035958707600887
5725,0.0628277868932297,0.0138029975392647,0.059595147400041,0.0594865200952291,0.0409246356878846
5726,0.0635273636995392,0.0146228183666194,0.0589669622356808,0.066905451104959,0.0431080715161728
5727,0.0582618494604509,0.0135057202560605,0.0596735814972601,0.07354013201705,0.0450027295237901
5728,0.0483729902613273,0.0103237814358212,0.0555395796150012,0.0830075052876376,0.0415103305534059
5729,0.0570713283365471,0.0122944452010898,0.0600321391236476,0.0866763255572075,0.0357916194762352
5730,0.0681787637084666,0.0153051336680605,0.0710982717504842,0.0905597345134222,0.0320273330157602
5731,0.0827608513351923,0.0161066005398593,0.0904805454340339,0.102094273789997,0.0242355444592023
5732,0.0824319377803243,0.0162895276610023,0.1056395393569164,0.1091745951892851,0.020918281695399
5733,0.0744613545247977,0.0156810258924941,0.1119627809413092,0.1024904595656252,0.020062755806887
5734,0.0737875273067951,0.0171726417529851,0.1175150328346324,0.097698858324825,0.0302049205459623
5735,0.063926464467295,0.0390470058673256,0.1238156636553848,0.0936635445329752,0.0306121469213386
5736,0.062329701673341,0.0561284903072014,0.1339244916395953,0.0953250946461817,0.0273964210301452
5737,0.0567131965380837,0.0569464552810315,0.1208792722908014,0.0962814116748159,0.0246139094490059
5738,0.0529584294366057,0.056900408152952,0.1156864307859483,0.0907551150948532,0.0262726269988711
5739,0.0438692128626662,0.0476757879869721,0.1100355862101509,0.0810096536673683,0.0271358274373309
5740,0.0449573313987178,0.0295114055442895,0.1028821935773951,0.0744133758707692,0.0262661354068711
5741,0.0464581309834672,0.0151583862095814,0.0967863428065766,0.0684564051478243,0.0278815175538558
5742,0.0382989848460999,0.0077964138289478,0.0930496544554379,0.0621309534299994,0.0282516662910059
5743,0.026272775914923,0.007373251125288,0.0689184835169592,0.0454085408860084,0.0227661269077238
5744,0.0270561192537881,0.0064539967903088,0.055921876615883,0.0421095803484845,0.0199493860084598
5745,0.0278589217585015,0.0077870952783299,0.0587272000568049,0.0478511964989363,0.022141462578249
5746,0.0249653671836781,0.0059713518194307,0.0555939510287463,0.0543263251114328,0.0372244632449383
5747,0.0355776329779635,0.0086121244895221,0.0534826553044939,0.0732117626950707,0.0413002853743305
5748,0.0462363167870673,0.0111173049119499,0.0538146615022002,0.0930432798672127,0.0459055438600324
5749,0.0479520660199599,0.014386623347315,0.0547615685567444,0.1099242518229392,0.0451346673796185
5750,0.0510678948925442,0.0118862743241443,0.0605305702112235,0.1231305421762269,0.0419529505907604
5751,0.0515734546503724,0.0110569344852559,0.053712678973647,0.1276069285338479,0.0416218630825342
5752,0.0463615543106651,0.0089094300968065,0.0483403306790499,0.1275041787490361,0.0362715126617744
5753,0.0533525176360739,0.0106133261379128,0.0523721768721087,0.1196603712470371,0.0331878542903288
5754,0.062169251639387,0.0167982309069559,0.0576276399470472,0.1132431305084896,0.0329416659867988
5755,0.0603754483004679,0.0216353191627241,0.0586026824435919,0.1122443360633611,0.0286703675957656
5756,0.0546329984985219,0.0244727384237431,0.0603533254682277,0.10648013078701,0.0243070994074644
5757,0.0499972012444689,0.0263475602288333,0.0594841669062866,0.1022138662864114,0.0210413907525928
5758,0.0484636466578383,0.0298486511928715,0.0582251827678493,0.1142271388983965,0.0234335249350351
5759,0.0439919901753248,0.0262432322335486,0.0550221450436613,0.0987748508890359,0.0200555742372997
5760,0.039739381705717,0.0259947772132215,0.0604939220521734,0.0875029732059815,0.01729128322276
5761,0.0373513884072118,0.031778419285466,0.0714187965967558,0.0808040145916564,0.0161263359846792
5762,0.0368215456301511,0.0413581336812838,0.0807093850672734,0.0784994798811115,0.0173604668994157
5763,0.0345278554606747,0.0425435365518825,0.0797857523913729,0.0721656602609016,0.0180360953972751
5764,0.0356724994326451,0.0373313853284164,0.0790401576141515,0.071618184879998,0.0200385171746647
5765,0.0361475421279534,0.0351148476966308,0.0826322193120855,0.0693432558642917,0.022237001760154
5766,0.0293981587473851,0.0322978094690006,0.0827490744011678,0.0656014979485067,0.0201080578421263
5767,0.0197483344695439,0.0233878842352339,0.0668634243843371,0.0526857215025667,0.0155059063171244
5768,0.0212759541647456,0.0160563083582495,0.067142626950207,0.0504783551232681,0.0146794461503609
5769,0.0253455325824566,0.014559260947386,0.0721354677740934,0.0474880172537962,0.0167559905958768
5770,0.0138217171167104,0.011095681977603,0.0715559193223862,0.0360447623285652,0.0210931381586425
5771,0.0234358267350473,0.0077942809570383,0.0816187219235695,0.0421859931642524,0.0233890175049336
5772,0.0241858003997307,0.0090736095289306,0.0878259756985923,0.0468225008638364,0.02635626224808
5773,0.0241666318915957,0.011714235329541,0.0952971894644871,0.0494362547918936,0.030706220955974
5774,0.0267705881144915,0.0139528108373433,0.0939892472708588,0.0504853825114962,0.0317962070736662
5775,0.0357012554419205,0.0110241361052082,0.0904630755946701,0.049923562821408,0.0298238233726311
5776,0.0398254171997698,0.0190062574814133,0.0795462787424335,0.053418428168553,0.0260294786204514
5777,0.0396569581852768,0.0160513385415522,0.0671224148452455,0.0586361862052311,0.0237892751388058
5778,0.0509373626266289,0.014838824328917,0.0632606098581119,0.0740790492948422,0.0255593982811964
5779,0.0473290701228286,0.0172013785408427,0.062317062948165,0.1071494441980999,0.0269368483535647
5780,0.0481338025211014,0.0168974866296227,0.0580133051507488,0.1268183231987583,0.0256838735293205
5781,0.0541170933818351,0.016047385368391,0.0523265270621788,0.1272515467708475,0.0251934478644174
5782,0.0578312204782154,0.0361176011337799,0.0616298285776441,0.132425392181813,0.0363248080044405
5783,0.0554220781650892,0.0345795848161863,0.0527028034940659,0.1181731192321967,0.0410875171267543
5784,0.0578791163864811,0.0297971489172651,0.043601773939943,0.1040942772844046,0.0380959092478742
5785,0.0584234311729168,0.0255118072834331,0.0410508375058316,0.0950369090445085,0.0367794421796346
5786,0.0598040028413905,0.0249995660564791,0.0368748319597973,0.0896153670945348,0.0405389999830537
5787,0.0553078699830817,0.0248269856265731,0.0367851513439318,0.085189908309833,0.0424908868451993
5788,0.0489500967999395,0.0238623802723024,0.0354229356148362,0.083663057645873,0.0426050538660561
5789,0.0446774651070177,0.020631915479375,0.0350284265153814,0.0834831474123054,0.0414503042551905
5790,0.0367408332655063,0.0200057188315375,0.0317779556516416,0.0825292857863625,0.0378517070751416
5791,0.0251869865446274,0.0144204616436653,0.0216813427233115,0.0586081477176464,0.0303508707734569
5792,0.0209145077435802,0.0155461298241312,0.0218535263692484,0.0415031716363005,0.0322331801682228
5793,0.0173154839600474,0.0209257620900927,0.0244412867566374,0.0378029089395762,0.0332661131727427
5794,0.0134397063334723,0.0179882580497417,0.0305217638209891,0.0352639915710183,0.0347048475198887
5795,0.0147533074863761,0.024404561628845,0.0327266184554659,0.0330361813798064,0.036659982512008
5796,0.015055669618538,0.0296370662468966,0.035637453916799,0.0293997366060671,0.0405894354077439
5797,0.0154709420485872,0.030640992440555,0.0359326340381902,0.0240943042996849,0.0478689729146622
5798,0.0173603626070303,0.0295756233328151,0.0328438682487498,0.0218049619192958,0.048935752333888
5799,0.0198853207234999,0.0284489287152329,0.0288409247376658,0.0216001522911595,0.0467344126670786
5800,0.0230081970270145,0.0247577418097348,0.0240770559652643,0.023815187263087,0.0410438720498378
5801,0.0229642464973276,0.0313036943317564,0.0267159107746802,0.0291107754658435,0.0351522434089758
5802,0.0252801369077387,0.0323451381209341,0.0396103776730683,0.0532904171265202,0.0330732844014272
5803,0.0325857427200796,0.031847616986396,0.050642882271523,0.0927634484494782,0.0310651390445548
5804,0.0303948603901255,0.0307318348024337,0.0568234244076151,0.1234588723455945,0.031089077642659
5805,0.0260744633841347,0.0235603398458523,0.0596421923115426,0.1312886941163455,0.0327963734664904
5806,0.0396371815459681,0.015694590557815,0.0617984424488182,0.1239238908411848,0.0323936266160914
5807,0.0293150985272336,0.0228246361711713,0.0593256749207478,0.1237182404229742,0.0388686074604544
5808,0.0328046376966486,0.0272881813802109,0.0560234346249507,0.1227012598127619,0.0414623686661985
5809,0.0377825208283987,0.0152823456356009,0.0563815346272541,0.1242122076236979,0.041789676062712
5810,0.0399525422412348,0.013653314574794,0.057135398714786,0.1252851453333521,0.0412677080149574
5811,0.0405913326641199,0.0131744156730365,0.0620404296938534,0.1328348390209978,0.0428582048840351
5812,0.041109630621949,0.0103679658729276,0.0674756107382869,0.1434692905887973,0.0423408972269584
5813,0.044977815397768,0.0104337339269978,0.0744769213135981,0.154445529459689,0.0396886947610542
5814,0.0456413632332835,0.0133784608881028,0.0764998552740287,0.1617476885366071,0.0349479825373967
5815,0.0333945698693423,0.0121839768703497,0.0547822668704071,0.1374869254259456,0.0267044180814766
5816,0.0355666832836034,0.0091328984371245,0.0435441990516237,0.1138624553450888,0.0253107777486627
5817,0.0511980836790564,0.0152301971876387,0.0520677002196251,0.1276343685410197,0.0252420148085173
5818,0.0674235440460309,0.0099506107823225,0.050114037226126,0.1010070486315993,0.0254217295145003
5819,0.0678915493961466,0.0127417678482062,0.0769040075358753,0.1302971264853305,0.0290128346710279
5820,0.0720261474192996,0.0199988139968826,0.0996988011862459,0.1796003865256619,0.0288757012216075
5821,0.0740254940652678,0.0232528422454791,0.1116136626299404,0.2200473654226157,0.0315040692952833
5822,0.0717492227646601,0.0246126977087194,0.1133447097839758,0.2405784983983336,0.028244710986121
5823,0.068198874863877,0.0172480212322619,0.1065977127948022,0.2521167671044472,0.0232453003498903
5824,0.0682040773679854,0.012027158499984,0.092225374174855,0.2679399333593102,0.0185661756209157
5825,0.0938529272099189,0.0221801453533549,0.0870411048216329,0.2674405185331648,0.016381062110657
5826,0.123993483625545,0.0256368048572382,0.1117343066601893,0.2508986514447208,0.0189910481508282
5827,0.1301659390214457,0.0342495333436482,0.1462436972225004,0.2366768926008544,0.0150105571590186
5828,0.119204641115523,0.0405031769193619,0.1831131515225316,0.2119503186337869,0.0120268018215382
5829,0.1086961949974774,0.0469515127226081,0.2093318351691616,0.1975714128230435,0.0121467075358763
5830,0.0878369988558885,0.0451079561574205,0.231492581897647,0.1936621616336049,0.0250667296321447
5831,0.0781956567505447,0.0653004546059355,0.218200710650236,0.1749141535084326,0.0259736238732255
5832,0.0795140019477101,0.0708935512490503,0.1970271747685542,0.1530489096405864,0.0242059663677853
5833,0.0709505130837246,0.0743599538352245,0.1685149787481358,0.1290516801277833,0.0250677141013695
5834,0.0683386514452119,0.0746258999085554,0.155275672560449,0.1137597654382124,0.0269280327752843
5835,0.068845838193916,0.0592409686020612,0.1504707491402133,0.1043512304812816,0.0277816318610324
5836,0.0671372522189326,0.0415512916572725,0.1522738159248571,0.0976196175789058,0.0279687757554876
5837,0.0568407485153366,0.0301939468173926,0.1582739036093659,0.0939996827402706,0.0290458572588411
5838,0.0400741809184684,0.0190649525472895,0.1513635642876999,0.0923897726111802,0.0249773862040336
5839,0.0218070421852933,0.0117224463735578,0.1339124787616459,0.0872363886749163,0.0194752465842943
5840,0.0212083053542482,0.0092257565830888,0.1300289488128779,0.0887664582186035,0.0180256962881761
5841,0.0287440000746773,0.0080014934568888,0.132156932943559,0.0876011775297042,0.0181496484725218
5842,0.0371246614497267,0.0069660185341067,0.1158198172762955,0.0752023701395665,0.0209996567919977
5843,0.0406334581696136,0.0196322682688459,0.1216170634172797,0.0745748833328534,0.0220159797963526
5844,0.0390695567953625,0.0219190156411544,0.1300208558630022,0.0792279770872335,0.0264523557536412
5845,0.0341005421593593,0.0216575990680703,0.1445363961920678,0.087603262355558,0.0314474554361284
5846,0.0326974586676585,0.0136915917296885,0.1539679387128087,0.0974879603563697,0.0299570534947493
5847,0.0299234618145004,0.0190021485681366,0.1661645024427334,0.1120561242427846,0.0220263698400429
5848,0.0270035588100461,0.0249139762116632,0.1692226348419084,0.1316832508569665,0.0213546910105945
5849,0.0263534432605441,0.0287445247397827,0.1590876665586223,0.1595153262838677,0.0206123204053567
5850,0.0347179262538635,0.0281126879889591,0.1432462779347896,0.1787579754245281,0.0181677107708217
5851,0.0427418908506814,0.0248017396101134,0.1336586393550134,0.2043985041769991,0.0159153810976298
5852,0.051635459899123,0.0329619471054389,0.1250549157790929,0.2143048055327545,0.0145900901244979
5853,0.0576812384904195,0.0412633336942285,0.1217404444566131,0.2149521345494181,0.0143091077366518
5854,0.0766092114060935,0.0581989775874125,0.115748487024884,0.2031841424449365,0.0209893107503241
5855,0.0646829071326365,0.0531119822615655,0.1188057740741286,0.1976478930761832,0.026753070068232
5856,0.0620109174985313,0.0508563856498796,0.1237438540774257,0.1857987011756758,0.0265977617524144
5857,0.0759190785530309,0.0486814561833848,0.1303905712801739,0.1688019803023709,0.022815897212938
5858,0.075389605473589,0.0462144942112983,0.1396170538966165,0.1608928570011076,0.0224888379099507
5859,0.0823429740777016,0.044242341351595,0.1392918228619241,0.1555368874777296,0.0213302088398736
5860,0.0899403609669679,0.0422260186697839,0.1347502935356341,0.1440622041082635,0.0202778650495994
5861,0.0979452704260573,0.043590041657337,0.1352950616505407,0.1375128421334263,0.0199228600316991
5862,0.0964758106766673,0.0481943037730055,0.1251664876108431,0.1270266902509975,0.0176966884811143
5863,0.0973694464449962,0.0503764206037729,0.1160859930547306,0.0980869375644385,0.016582143843078
5864,0.0996014034174337,0.0497235910028289,0.1187895589764915,0.0858252712996529,0.0169260681906591
5865,0.1065241712190351,0.0531364923954923,0.1277822034382749,0.0864680879217467,0.0230328601548074
5866,0.0917723123945573,0.0610881934272244,0.1220047668697394,0.0720438447627973,0.0476869947469446
5867,0.1193584307576193,0.0707813707482265,0.1226746051362094,0.0690612626106672,0.0508485229655443
5868,0.1387844888958508,0.0783411217884193,0.128212242598759,0.0753620190810406,0.0539341256063285
5869,0.142792129759602,0.0690395279175769,0.1368289437532141,0.089225831979008,0.0651197168220092
5870,0.1345078011181453,0.0553995950120869,0.1378918547380329,0.1073904051880775,0.0710966448668601
5871,0.1387075719132184,0.0474764428562717,0.136537287988942,0.1207502746083359,0.0645447694509171
5872,0.1431805362139292,0.0401702296153006,0.1240976035062221,0.128900697772807,0.0572047800836936
5873,0.1356891762189611,0.0339757778886481,0.102421263939769,0.1379776393831333,0.0476210745387813
5874,0.1260544649036857,0.0341762571298693,0.082336618780548,0.141022572035653,0.0447293602795425
5875,0.1244526349484579,0.0401596986677232,0.0744448155279673,0.1606054821051817,0.0433859103196753
5876,0.1258859860772497,0.0453699066591747,0.073330404062292,0.1677129915410339,0.0432560857797083
5877,0.1146461957614414,0.0495178743809618,0.0801942129626893,0.1607173342812433,0.0459637569393267
5878,0.070289955536302,0.0485488115292603,0.0969850783849556,0.1574191799365046,0.0563820146742659
5879,0.0823174162416549,0.0534103936522082,0.1091229221543362,0.1476125743614173,0.0579772854196921
5880,0.0853861370814046,0.0464786961940125,0.1286595889698109,0.1342987983461572,0.0636283072406508
5881,0.0850464901090243,0.0405983093215881,0.1495797375667335,0.1272983352160834,0.07299394114666
5882,0.092822512296384,0.0412456968139511,0.165657922956693,0.1269300291671389,0.0725695373747064
5883,0.0908466800207145,0.0462902148792487,0.1806365515076671,0.1277746058898968,0.0703402033604557
5884,0.0873942218514433,0.0497480164160727,0.1884051596884806,0.1246993193285083,0.0727480756572533
5885,0.0824577090697923,0.0484809661215439,0.2015132588214804,0.118370752480625,0.0731151141385665
5886,0.0704612920973908,0.040813391087929,0.2066438067287163,0.1080712191155624,0.0745686421423931
5887,0.0633534355690785,0.0286757193173014,0.1990804939676489,0.0834469021188538,0.0739591624954444
5888,0.0781095898304665,0.0349498178569833,0.2013114980652403,0.0734771164450194,0.088064859365805
5889,0.096251217111025,0.0444675480351305,0.2124880492902442,0.0723427905179158,0.0928560732170816
5890,0.0888492556623506,0.0421426441645736,0.2051106168113751,0.0571334081754068,0.0863558369886434
5891,0.0958758325004988,0.0368178768027136,0.2201737842731882,0.0608007934623655,0.0848053694857034
5892,0.0850285033682327,0.0335658902591674,0.2454429595279363,0.0642458325284165,0.0907971783560874
5893,0.0759324057271988,0.0330576073396392,0.2556078931621062,0.0668259975459104,0.1012982934177005
5894,0.0739362913753151,0.0309410687470288,0.2410888154739209,0.0706892445518361,0.1127690401940399
5895,0.0783738701558693,0.0307064059261649,0.2296796434113413,0.0725292484184558,0.1164595627647338
5896,0.067882561117714,0.0302612563594707,0.1888847891411665,0.0725086118411754,0.1161114273586855
5897,0.055115655959901,0.0288689289763121,0.1614010947877631,0.0725752650300303,0.1159864401995788
5898,0.0486655375569543,0.0311557296004977,0.1427095465053328,0.0783621275385998,0.1167021843928199
5899,0.0394755090785276,0.0333434995709179,0.1291754813512353,0.0990547369967937,0.1185739676701458
5900,0.0304495468962864,0.0273531535283193,0.1190239804046765,0.1073296926212674,0.1195581264026561
5901,0.0241120851605052,0.023751593540879,0.1118979745727291,0.1051449641370441,0.1255337479924669
5902,0.0307637320964429,0.0076371077485938,0.1150685679914667,0.1039210164911104,0.1247617236599879
5903,0.0321973475709127,0.0085380482909398,0.1055551062279676,0.0945353203748192,0.1319140315001431
5904,0.034226371893968,0.008303641102235,0.1016940412603293,0.0845103627952821,0.1369944152084202
5905,0.0328276329416101,0.0069444523655888,0.1010669988766184,0.0812076779379148,0.1422969189972573
5906,0.028821511118355,0.0067954573696294,0.1021673006687713,0.083031787181152,0.1407100699240138
5907,0.024532968467339,0.0059386034006617,0.1014832864614456,0.0880660990391756,0.1440807606124263
5908,0.0217897667978666,0.0045408983275364,0.1089546359006232,0.0957440532204671,0.1470483845224193
5909,0.0190375814769585,0.003950608564181,0.1186301226952261,0.1048643152716233,0.1423077740696282
5910,0.0179377231875819,0.0036590553828528,0.1265832895055007,0.1143000649578278,0.1317835601415161
5911,0.0113918673350579,0.0035520474514645,0.1072547318411733,0.1128660607515947,0.1261691129676379
5912,0.0141079569267942,0.0028516017541154,0.121459051669874,0.1094929268306418,0.1290509038777596
5913,0.0304740998933646,0.0046516890758096,0.162636593592715,0.1438889468772013,0.1199361561059931
5914,0.0446350502020848,0.003657130137733,0.1677438992742274,0.1256476957267187,0.1132877165263615
5915,0.0541301807372114,0.0093063429599622,0.1978090604295128,0.1571680080547439,0.1028440710526878
5916,0.0566722912667303,0.0122252284438656,0.2194292370595016,0.1859100118540696,0.0959221895925383
5917,0.0552972185900722,0.012367549369009,0.2273619087427052,0.2129772978256325,0.0954345879920166
5918,0.0596567408940898,0.015815738039615,0.2192824696374466,0.2454210342739529,0.0868083045063539
5919,0.0688549031221567,0.0233343704727763,0.2162802255376747,0.2764207734880139,0.086797090306345
5920,0.0723075110966836,0.0308898278736362,0.2069372259899901,0.3007083573225825,0.083258483791679
5921,0.0834251071063624,0.0331539243751123,0.1983994268409236,0.3054348159758607,0.0778921519459834
5922,0.0932483587694971,0.0372049611706608,0.1997443507841445,0.2900520056493278,0.0744927335802857
5923,0.0922072096519485,0.0366498618814597,0.200681409187614,0.2812846643832485,0.0665586872927198
5924,0.0885563917857704,0.0362032046739268,0.194263395848013,0.2663515612715768,0.0596257947054156
5925,0.0836654101904914,0.0364874875605283,0.186277555161509,0.2535905525690186,0.0528034737591626
5926,0.0684608765322863,0.0305361046888514,0.191280209159078,0.266446781187367,0.0531246437263169
5927,0.0675218736205947,0.0367296784940966,0.1846724504973284,0.2515204728779298,0.0472332075851457
5928,0.0639228260207802,0.0407574091211069,0.1859437107600173,0.2372225976165863,0.0439864950795596
5929,0.0606086568709471,0.0377837368179304,0.187726459807216,0.2263155559943108,0.0429778699169573
5930,0.0601463378566581,0.0324958116001161,0.1902454240288704,0.2194663506256192,0.0448907455976175
5931,0.0557698125592805,0.0317362295887198,0.195591277792447,0.2206954834303392,0.0444926111802744
5932,0.0506037171193776,0.0313487087111547,0.2043625038433292,0.2196114232349874,0.0448693697749289
5933,0.046572860343653,0.0368418622582352,0.2244252178084136,0.2129409487438537,0.0431663662150878
5934,0.0422359872338864,0.0425131639169425,0.2328055745412265,0.2023931032864425,0.0381136107865888
5935,0.0279180019482631,0.0429930338007991,0.2544069716181291,0.1857074818812066,0.0295532018404036
5936,0.0322622280139647,0.0459365967150947,0.2863676960273806,0.2185225890058365,0.0246709882700264
5937,0.0417604646472702,0.052968473444123,0.3247978165554033,0.2024254033814367,0.021839191874667
5938,0.0329733152412125,0.0581850250556454,0.2579363305757038,0.1692066893715898,0.0326299348680388
5939,0.0438752870637764,0.0652248529371829,0.3294106786161826,0.1870383427374519,0.0373868587807717
5940,0.0537624702044475,0.0776838139678934,0.3708511626075022,0.209878884838471,0.0430172258093402
5941,0.0628546123244301,0.0782311991515211,0.3812358346588402,0.2275623141957271,0.0526278752557105
5942,0.0756192862886923,0.0635836172309115,0.3895403254178001,0.2429031914572916,0.0622312081358452
5943,0.0885729857738557,0.0572561711083547,0.3786617350131758,0.2554270060865495,0.0696585952223167
5944,0.0938598314014328,0.0556285716498769,0.3624566433414676,0.2631809839097568,0.0718019802241591
5945,0.1015025302220893,0.0497433420491339,0.3169515513038413,0.2681132314152928,0.0657277185086146
5946,0.1163553617398004,0.0476450791479044,0.2829818635161742,0.2490705907793253,0.0623917307455265
5947,0.1334156325314594,0.0454772175018365,0.2520035102300729,0.2450888202461465,0.0635054761394278
5948,0.1553276782167857,0.0442652737257927,0.2256572065936435,0.2322687669995067,0.0671524755610257
5949,0.17440366443308,0.0422419722086095,0.2040132572173059,0.2086908759633716,0.070220665083006
5950,0.1483083645645021,0.0634164570042163,0.1797404500808853,0.1944106993693344,0.095524478978379
5951,0.1672881908198568,0.0552153566461536,0.168672781778585,0.1779848073095121,0.0940673567035487
5952,0.1743769076237178,0.0628605710580935,0.1639652687013769,0.163945047517263,0.0862625680024221
5953,0.167596455422353,0.0725274724130164,0.1630102283532609,0.1523270956626016,0.0833181398529159
5954,0.1513331467641037,0.0750882124052907,0.164395304292496,0.1449091978733171,0.0826536564782933
5955,0.1328731613265791,0.079918010482634,0.1658963553907063,0.1405092185595582,0.0889554710416212
5956,0.1222725925957272,0.0917104408727308,0.1628329561475444,0.1376549223251717,0.0957547155530264
5957,0.1140117700810183,0.0925534506146967,0.1644293109883525,0.1406293231360748,0.1027023561720212
5958,0.1067631180284783,0.0929900796498048,0.1548209082588432,0.1350016460259016,0.1103282435367282
5959,0.1011031943180783,0.0973751203429612,0.1326452667055886,0.1211147016982332,0.1205377569346046
5960,0.1070057226386752,0.1131414614709157,0.1364458624334758,0.1038902250539479,0.1286135400494615
5961,0.1043987793738397,0.1163786487095578,0.1458928420318536,0.1231787230277303,0.1328762310422302
5962,0.0930110494066651,0.1054771165859582,0.1492059684173176,0.1159632032603222,0.1145299481076137
5963,0.0996242692094621,0.0829625575678434,0.1585707519800342,0.1259440975777788,0.1253067584094162
5964,0.09371949232656,0.0753714117185539,0.1565011752164514,0.1400856098157813,0.1331382741497618
5965,0.0850651623886483,0.0698724598123691,0.1539628856055774,0.1565234559446403,0.1350646530870063
5966,0.0831144010696217,0.063684774012034,0.1522025729410764,0.1741081753998437,0.1306573009924935
5967,0.0733537071385983,0.0431201996041719,0.1452498843001488,0.1955735356921209,0.1287634494274289
5968,0.0663157091246758,0.0312829318567906,0.1306407895181118,0.2065527136676228,0.12278079468662
5969,0.0708086113233682,0.0207575693782219,0.1169849472549274,0.1987559302404171,0.1144359391187954
5970,0.0735541069729465,0.0177316940351144,0.1198694528978961,0.179748230760968,0.1035162763929787
5971,0.0755563763387286,0.0181197016641173,0.1310038910880266,0.1702489406170321,0.0918000896585004
5972,0.0738261211990862,0.0192051260539645,0.1461836627420179,0.1662546540925408,0.0818015217595581
5973,0.0661089760292284,0.0192708776192335,0.156467020293238,0.1640598943976359,0.0730232497917585
5974,0.0433776153663795,0.0247519955322921,0.1619345935761441,0.1559110236946785,0.0920010827814796
5975,0.0421219498535726,0.0264717331186524,0.1507933012907106,0.1583879136622057,0.0829864515809366
5976,0.039223645616804,0.0266572606906826,0.1442882610914311,0.1526741559837594,0.0720134371912445
5977,0.0290717687939259,0.0267428733303749,0.1386851755670157,0.1431982524419883,0.0673496016075036
5978,0.0237994567351606,0.0250960536933045,0.1284157077804008,0.1322165618850759,0.0659148900178372
5979,0.0209246297306135,0.0237224573530644,0.1123997806453245,0.1255523047988093,0.0682589454990671
5980,0.018660508076027,0.0213308928709002,0.1013833010487704,0.1134818876358279,0.0690333044138061
5981,0.0170692084563029,0.0208312629707229,0.0944933176551657,0.1075955216203658,0.066823255532716
5982,0.0206463286507762,0.0205784498295132,0.0828415078621833,0.1021476176723568,0.064360085934011
5983,0.0318649947266933,0.0159291089233822,0.0671659628005182,0.0917608876207489,0.0657425481017365
5984,0.0393913817957488,0.0179101824111984,0.0532724119493575,0.0923835521694787,0.0699532082889627
5985,0.043923112678404,0.020324872911595,0.0481402494752476,0.0989883279358977,0.069267349253028
5986,0.0383507133371633,0.0103384175681143,0.040471588636471,0.0956736027327248,0.065940760706655
5987,0.0462283332244518,0.0117004333805243,0.0417995205856661,0.1079032410273897,0.0698763609980987
5988,0.05074616590969,0.0143448335513227,0.0446733175976778,0.1175007702876078,0.0760935033041042
5989,0.0565451537151406,0.017848501660607,0.0436306617221135,0.1356187654337085,0.0870332818795213
5990,0.0523895490096583,0.0218102294504646,0.0408456238730994,0.1620362844947764,0.0942622374459006
5991,0.0563006178263632,0.0217586539833657,0.0371718147671557,0.1906933548863364,0.0992053935565822
5992,0.0569029123762028,0.0254055781175508,0.0321682527128848,0.212906121464612,0.0947917476141625
5993,0.0608308773495933,0.028241172294352,0.0264727384068317,0.2291330046589075,0.0796590163317776
5994,0.0706795401347094,0.0312481133817634,0.0259447819151881,0.2192982988425182,0.0707684699845113
5995,0.0732794142949437,0.0244064362454281,0.0259395486393752,0.2134678534356499,0.0638373140459721
5996,0.0723970851124884,0.0143100059979981,0.0262273835448574,0.2040847963064274,0.0602234489022003
5997,0.0699641760539797,0.011439662687544,0.0293143445778839,0.1916201244642597,0.0577703996656939
5998,0.0725307964714367,0.0148807837267318,0.0283547300490885,0.1826309754562593,0.0676296978003462
5999,0.0713916274062571,0.0193243475897012,0.0345183450323211,0.183643155830573,0.0635594752971974
6000,0.0702269880580542,0.0216560406688579,0.0353807589945074,0.1809109094453077,0.0557005365378357
6001,0.061171186500642,0.0165506207182696,0.0320596595795691,0.1633368926288257,0.053590733950185
6002,0.0522140741591615,0.0192631399900503,0.0310709404940106,0.1557030760961912,0.060840791729481
6003,0.040614877463389,0.0192135946433387,0.0294255794337014,0.1538500687127606,0.0706485337827173
6004,0.0286964390094178,0.0188365100690327,0.0283553927071384,0.1560442107983853,0.0724364965745773
6005,0.025069834749479,0.0175022283308175,0.0279353774136846,0.1557335082927382,0.0726933590428762
6006,0.0221241075631215,0.0162138886813127,0.0255861461871153,0.1568844883567993,0.0737420729264945
6007,0.0199812213804375,0.0188378311166244,0.0189927084932283,0.1341329160853334,0.073205142714754
6008,0.0254655275111589,0.0196124433690299,0.0155281691696641,0.1177075026794429,0.0925579659582288
6009,0.0370865692250836,0.0199823988967934,0.0151250167897901,0.1152907258955174,0.1124027391578689
6010,0.0811824485562779,0.0210368696231425,0.0142861669095577,0.0875474208328786,0.148631918319027
6011,0.0923235396937982,0.0269430625223361,0.0168606053434123,0.0976086741644725,0.1553900258790757
6012,0.098782990398222,0.0407179457784076,0.0185417019969348,0.1109032134580953,0.164583089602216
6013,0.0911173616447246,0.0411561361973098,0.0224365512297115,0.1251556943567538,0.1782014350859094
6014,0.0900019277599513,0.0443659534180046,0.0262202885013657,0.1314863272456868,0.1936330953584243
6015,0.1058055243980941,0.0506595448105546,0.031298131997341,0.143753124805937,0.1907610379771025
6016,0.1244352420109345,0.0471760453164271,0.0380316704688588,0.1475812138895152,0.1766933304814427
6017,0.1217469546840789,0.0337128662663465,0.0487306316951579,0.1436995871350747,0.1650152935560743
6018,0.1055606516077356,0.0344960410116752,0.056896523075582,0.1246697465410481,0.1630433981208855
6019,0.0944508496335998,0.0443679019925453,0.0629100748753025,0.1197779768628158,0.1632969498409825
6020,0.0924631339867007,0.0534501732146851,0.0628716459066436,0.1093262062060077,0.1569215476826173
6021,0.0846793534428102,0.0586420207557611,0.0594560130960047,0.0929415102496276,0.1514024951508313
6022,0.0949954964422227,0.0640716306739093,0.0608367664300402,0.0775745232053008,0.1581727871365683
6023,0.1058612268767099,0.075939834533473,0.0565128363860866,0.0721898171419775,0.1440743278102142
6024,0.105160064674282,0.0819045827200335,0.0589899536555567,0.0653592658073584,0.1386382674358305
6025,0.1089631773236697,0.078042945713738,0.0616497025724346,0.0604668680155933,0.1334341804438581
6026,0.1092333816976123,0.0740975213777788,0.0654540377119563,0.05601082739131,0.1250086201741023
6027,0.1291081912819928,0.0704517998499428,0.0685652695156647,0.0558935319187967,0.1180046814661295
6028,0.1458916241059216,0.0620362979712087,0.07834696746308,0.060319117803277,0.1040273043136452
6029,0.1772495268457411,0.0562984359484108,0.0909916227303743,0.065782228126887,0.0918551057057419
6030,0.2059211266929485,0.0522515889268363,0.0999669014555736,0.0742947646433275,0.0822151387184482
6031,0.210347726817924,0.0431674298631297,0.0912407179294876,0.0839939897363197,0.0754280180597302
6032,0.2420509100401516,0.0366692574470146,0.096750928123807,0.0753275956124475,0.1003754334413666
6033,0.2810077151175389,0.027977231746735,0.0997607093403051,0.0771413984742588,0.1139916182554392
6034,0.2846847059914673,0.0168467098483225,0.1207982484161753,0.0865281564613243,0.1042302973262083
6035,0.2782063124869091,0.0082508715686195,0.1258588199562348,0.1145163018249388,0.1156908305716684
6036,0.3271920782683511,0.0073759684754856,0.1255265381090589,0.143465216107256,0.1195553759228355
6037,0.3226951726176444,0.0115311638668678,0.1175752499192596,0.1495086321577337,0.1137969759474961
6038,0.3033978794550819,0.0116643662910353,0.1114384698915293,0.1453225496754575,0.1061688268693265
6039,0.2818042507445342,0.0114072104276184,0.1144655777338335,0.1376699879845698,0.1011099941345284
6040,0.2234149619823014,0.0089585445688749,0.1223466247888471,0.1246121578083009,0.0892707674376814
6041,0.1638283612039711,0.0068077111554269,0.1282189227282636,0.1042721245390895,0.0770810816476236
6042,0.1441925863700945,0.0088541082067392,0.1365865229805856,0.0880206153764315,0.0718122764181087
6043,0.1318587526958631,0.0143002179948444,0.1413581011943339,0.081707311486293,0.0651103934611857
6044,0.1297793529777743,0.016350919505899,0.1478714737785821,0.0816969852658003,0.0608199166744481
6045,0.1275870014748251,0.0160314856731099,0.1528738001547337,0.0907206012552205,0.0600281416240965
6046,0.1046821235118365,0.0081592799820095,0.1556309285040609,0.0966179805383626,0.0678986999537411
6047,0.0917727772643297,0.0085357854725476,0.1773563357599805,0.0986739666836082,0.0575703629850493
6048,0.0802616576124033,0.0106381756775169,0.1938958133681533,0.0977697377868639,0.0508902369697968
6049,0.0613016659105979,0.0121919232066369,0.2018654208212239,0.1012125482461356,0.0457117357869923
6050,0.0536137837548568,0.0236614496649885,0.2079250571511679,0.1047510736944538,0.042542010979303
6051,0.0439720304111617,0.0291732285467643,0.212827549675132,0.1129824424791623,0.0441208330059622
6052,0.0309126614836605,0.035459170078577,0.2167582049718558,0.1247330652567365,0.043616851807175
6053,0.0247276002069741,0.0417819096400327,0.2292607706091837,0.1386409785881293,0.0441310843489707
6054,0.0228678876760662,0.0452257875830769,0.2396504303885876,0.1436190822760716,0.0441008870066064
6055,0.0172955610596586,0.0329893459403797,0.2414142174099338,0.1300531069543555,0.0388517416108807
6056,0.0269772152521776,0.0286343565237462,0.2429036986958224,0.0887185276322746,0.0464277505724898
6057,0.0440949662228618,0.0323742683606235,0.2832255153517469,0.0846619627277635,0.0591600581520209
6058,0.0814722824614563,0.0248115292669874,0.2529146371730074,0.0768567648774808,0.0784068968942664
6059,0.0898957568366624,0.0327049586890513,0.2623890751428021,0.0836305500735198,0.0782954908506196
6060,0.0856642210236862,0.0372457786716757,0.2704049929170899,0.0836538540505528,0.0784368903413899
6061,0.0809608826636444,0.0380264143478833,0.2641969260534704,0.0915226308686398,0.0727414835311006
6062,0.0741365002677303,0.0421225110397003,0.2400457206240259,0.1041657555275446,0.0725827029720827
6063,0.0667790887115637,0.0447652030117313,0.2130687695061344,0.1149722199772048,0.0832369527692812
6064,0.0660131607076209,0.0496241914762632,0.1832257258176388,0.1261014786316738,0.0912781004414351
6065,0.0781313769504506,0.0553340579582775,0.1624112663240833,0.1299297884423599,0.093076275846827
6066,0.083905766675935,0.0611803049420727,0.1493832257221525,0.1414709049505094,0.0855304629778166
6067,0.0780564374944294,0.057488761264376,0.1396410793175025,0.1597141167701827,0.0714458524049811
6068,0.0709462098607919,0.0505831484328745,0.1301431454153498,0.1634604371111454,0.0681065183980115
6069,0.0630951922574728,0.0499804797621184,0.1240133897980174,0.1508708660932639,0.0794155215033815
6070,0.0559346744987142,0.021090647642457,0.1393687963611333,0.1559698122059178,0.0671412574121053
6071,0.0508590978322206,0.0238779874600919,0.1228239241352544,0.1440187799849536,0.0832753305652991
6072,0.0459064884524747,0.0253929078442205,0.1130447770565947,0.1322057164909884,0.089996568689747
6073,0.0442357253449491,0.0290988435708095,0.1072911639082015,0.1218194956826174,0.0964061997216513
6074,0.03945928250212,0.0165729855470211,0.1074214648366128,0.1193901464023058,0.1008710978525509
6075,0.0349699005079885,0.0096978046623906,0.1115905117586488,0.1161078049686474,0.1113221577053763
6076,0.0298327644573021,0.0129235547988579,0.1176256404926609,0.1113889738043802,0.1166324976761589
6077,0.0251671448707113,0.0113491958322312,0.1269839773563239,0.1044065573515707,0.1159273703166285
6078,0.0227261892886191,0.0107053505754044,0.1365141075163364,0.1019547154135318,0.1097463575956832
6079,0.0166128784060955,0.0084448218270797,0.1304781097018351,0.0982112959894117,0.0910562250299993
6080,0.0167158026689751,0.0051987134185339,0.1230095870048907,0.0917844537183732,0.0939094540861503
6081,0.020075603249262,0.007814897464731,0.1502709118276873,0.0979979643722707,0.0923696707010898
6082,0.0293797193327289,0.010463396233389,0.167948746329823,0.0880087374697263,0.0724531404039592
6083,0.0328842132548986,0.0060787917142746,0.2444323380444505,0.1130226915242178,0.0618550273802142
6084,0.0324192211048717,0.0092925552352851,0.270363018637963,0.1417507633734867,0.0587063172967634
6085,0.0318229814196057,0.0165344572745223,0.2696598408562604,0.1697895067448728,0.0537542631589234
6086,0.0301284628017454,0.0234584570287319,0.2782606553087386,0.1881397266347167,0.052500344590826
6087,0.0276425233666283,0.0337944755115036,0.2754049518801176,0.2004084701420044,0.0515657219723322
6088,0.0260901718989221,0.0262326078354493,0.2653521299796743,0.2032441763552563,0.0545975485494293
6089,0.0304134456930765,0.0231175759270953,0.2726778868106642,0.1899482631500157,0.0581904058220487
6090,0.0365605933200269,0.01872865560171,0.2774685160658533,0.1784725084959359,0.0576745534861239
6091,0.0397476263059819,0.0176512454696188,0.2844379375763768,0.1847245260764754,0.0561904765959565
6092,0.038683116754602,0.0179742249331952,0.2792099043933291,0.190875327884665,0.0530484442326907
6093,0.0440150675806177,0.0168361377135077,0.2712274606010783,0.1889930301146146,0.0517323572305777
6094,0.0467739950584446,0.0220161667895529,0.2617253831742087,0.2032831207394088,0.0556119574444939
6095,0.0536280780968441,0.0198122654737526,0.2435427516776544,0.1990793104239611,0.0583764564562255
6096,0.0601192535288651,0.0205512270769143,0.2277446178046497,0.1918858525176984,0.0616289658234081
6097,0.070617959985492,0.0213795172866756,0.2106339605755471,0.180667484019851,0.0653529112263624
6098,0.0859714764938434,0.0218167589960983,0.1933673204713066,0.1684707019741944,0.0687289133512748
6099,0.0959286388485777,0.0218574826694309,0.1802705972623536,0.1507497407945553,0.0702287088557263
6100,0.1017278002097436,0.0212762845654686,0.1704004320386648,0.1357206999786749,0.0716473644952586
6101,0.1030529419189182,0.0203757223175014,0.1585915672156496,0.1237718564169436,0.0760778242799674
6102,0.0956676855304577,0.0170981681629975,0.1555845747125042,0.1161952735079903,0.0764149176019814
6103,0.0691323334608366,0.0130346507135656,0.1492537163280101,0.1040577702242414,0.0702802403923907
6104,0.0720158237687768,0.0089543909126582,0.1492860070325188,0.0923630816054209,0.0691569791447925
6105,0.0847982682935672,0.008791456101388,0.1547615311822019,0.0862024376010673,0.0741079463814709
6106,0.0804106618652676,0.0130673218955375,0.128155025739152,0.0593891662209025,0.0835542641353751
6107,0.0864055543464035,0.0152433264059294,0.1595876021182474,0.0631774293781465,0.0935805064779432
6108,0.094246155539215,0.0134140859180446,0.1877961014000481,0.0695639579469427,0.1101507465335401
6109,0.0969323711953811,0.0109481026881454,0.1970512183880465,0.0752976531900665,0.1256791562604703
6110,0.0852913376097615,0.0083627908884749,0.1981181789440859,0.0816446452952923,0.1329543846102439
6111,0.0721814893763327,0.0080389415887414,0.1723062152550309,0.0864227898451692,0.1369494011328225
6112,0.0575186929768497,0.0110981600471537,0.1456543751755598,0.0868149997826109,0.1333956271976807
6113,0.0482218445187576,0.0146268492075725,0.1337010596798166,0.0876545567884404,0.1355358847546067
6114,0.0455433730502074,0.0144673598164225,0.1375973060365984,0.0970794952474775,0.141423840870907
6115,0.0450580594525844,0.0163515092914023,0.1454212947385864,0.1117541420689935,0.1441055550781367
6116,0.0453551638376953,0.0184530561015547,0.1538729171350154,0.1182473977085521,0.1384668402957319
6117,0.0483707984717326,0.0187041652331751,0.1640413519675907,0.1208206347260104,0.1323848478230866
6118,0.0521845601404296,0.0197414836423978,0.2006397578398482,0.1254830728500362,0.1233071285394214
6119,0.0560488439675827,0.0212921818128732,0.2047339379441544,0.1217309822994333,0.1234397808873143
6120,0.0607978533767944,0.0207403083971729,0.2207199360897101,0.117345212764855,0.12226684941124
6121,0.0590290296308132,0.0194146864630743,0.2391836539174229,0.1101216965993463,0.1165554612053074
6122,0.0552076685024423,0.0162156441105811,0.2458420003926225,0.1026647376233262,0.1139889291712708
6123,0.0555898646111947,0.0135672788556486,0.2569492971326182,0.0986680770954,0.113926540755623
6124,0.0567820772776536,0.0101613570651959,0.2609689574389236,0.0959316564882993,0.1184181213782241
6125,0.0603799594351921,0.0106442032684773,0.266508918235988,0.093976973764167,0.1237330630091089
6126,0.0592256191891024,0.010539138149925,0.255514831649458,0.0941791754008791,0.120828164479407
6127,0.0444130498949573,0.0075944056258513,0.2333980091025396,0.0846681857399737,0.1104473581861334
6128,0.0394895398835092,0.0041913766752512,0.2295429095328444,0.0660472025733343,0.1073505829660855
6129,0.0569695081190316,0.0057190559405651,0.2355908848283233,0.0570586599749315,0.1128556875334921
6130,0.0434551787430538,0.0098127106345749,0.1862574556647883,0.0555553858287544,0.1021719464761311
6131,0.0654802734828779,0.0131991199024992,0.1881769760414073,0.0523634073902446,0.1021859785084481
6132,0.0856869375423396,0.0166645267363731,0.1866480237209981,0.0539731999461016,0.1044703900047168
6133,0.0892648915997973,0.0238510636753315,0.1795386483176311,0.0643075447575942,0.1090524416866942
6134,0.0895540728188862,0.0299317577997193,0.1728976956019203,0.0839131191678164,0.1128952049426109
6135,0.0803639786792494,0.03719063409196,0.162132072852232,0.1100942996372455,0.1158446290467857
6136,0.0690950658002391,0.0451847173278042,0.1450799956852316,0.1333147686751082,0.1096118311588877
6137,0.0674275703575763,0.0538951382507271,0.1333850388843932,0.1545392429763691,0.1033269565590773
6138,0.0643467931989061,0.0561481219736837,0.1321966212327321,0.1792290504021284,0.0998875217355087
6139,0.0551489125137432,0.057795361227977,0.1347728978156019,0.219587081610588,0.0972866440675309
6140,0.0470424053376923,0.0547964449929083,0.1315228213542345,0.2427429438443384,0.0962497907389067
6141,0.0426498207274356,0.0546568184466423,0.1263353832237942,0.2542753950177399,0.0982958706236413
6142,0.0352790053386468,0.0443185774652254,0.1131933558103071,0.2446215473501036,0.0951756162349773
6143,0.0388074031225594,0.058072351574027,0.1070485314375061,0.2519300869196189,0.0924404972403687
6144,0.047453171218451,0.0618389912601474,0.0974322850388902,0.2515629550719617,0.0911324306255071
6145,0.0550812323509282,0.0615638509084714,0.0886497211258371,0.2492348918980192,0.0932002260672899
6146,0.0549877391019846,0.0542499026939945,0.0865109933598495,0.2368550880100957,0.0970358915547677
6147,0.0553225755237853,0.0500686199847296,0.0819378141615736,0.2308915551125799,0.0955687992790516
6148,0.0540335317511373,0.049077326868764,0.0759654676372676,0.2285105322773871,0.0929974209744389
6149,0.0554925333998423,0.0446783545669253,0.0728213895189286,0.2304540581072305,0.0914629961464966
6150,0.0586980787619517,0.0415445560244963,0.0636275984805602,0.225252661091088,0.0865767659002394
6151,0.0584640947730021,0.0313188667253631,0.0452913343674573,0.1961189256408511,0.0721528987506309
6152,0.0585222116691424,0.0372637921716783,0.0411321697394437,0.1548201673647591,0.0738979153662447
6153,0.0579365873272861,0.0343664135804998,0.0432154528440408,0.1294922910402996,0.0783084305098665
6154,0.0481062090368401,0.0205366457944035,0.0365957707520815,0.0976517956981686,0.0765979632049907
6155,0.04252958600444,0.0291074083816199,0.0350826384367743,0.0967524214104243,0.0838463232084596
6156,0.0445534540670565,0.02915149416068,0.0352200755241351,0.0980117078797029,0.0888655488692965
6157,0.0597774298866448,0.0305043793587392,0.0367255497287928,0.0944144636344103,0.0925539783161396
6158,0.0728562238265889,0.036464524431839,0.0368994044045146,0.0926514275356852,0.0970455378953989
6159,0.069212339825226,0.044756422162686,0.0359988160913037,0.0924183587438156,0.0993024226864738
6160,0.057705238616608,0.0493871586495751,0.0335695750959058,0.0948821323470817,0.0952724912901133
6161,0.0528699247600817,0.0504986853030124,0.037427490088342,0.1021909980432807,0.0891695274885943
6162,0.0542035431258343,0.0465529599298607,0.0473009528134227,0.1349078766718518,0.0840743616464082
6163,0.0567069647350989,0.0327159187687841,0.0613685531006868,0.1706437892472105,0.078207999280956
6164,0.0581966412023145,0.0222907064374339,0.0802663646166707,0.1790061885735782,0.0765283540809326
6165,0.0595008508925712,0.0183486220780556,0.1059070545577922,0.1707427081723552,0.0780428732802504
6166,0.0385793270131355,0.0081363086564092,0.1282231539359427,0.1537333826766042,0.0777279363961273
6167,0.0415406200259561,0.0072150801663903,0.14932795125964,0.130884417002119,0.0726740149768779
6168,0.0362437468308852,0.0060518398500754,0.1700690355937657,0.1077257256018687,0.0673254447151849
6169,0.030716670196586,0.0055105813066195,0.1960068573335133,0.0920025450021829,0.0660223598398147
6170,0.0276407193028616,0.0071587772143604,0.2164547843688713,0.0841536915439736,0.0641118511596645
6171,0.0230848890589056,0.0085727801183094,0.2363890039357558,0.0830616668874563,0.0653294826209995
6172,0.0215274507115205,0.0083015450472615,0.2513829513073864,0.078753445204707,0.0655242093898166
6173,0.0225757967944989,0.0101610692222552,0.2742221376875876,0.080702178927932,0.0652020355150004
6174,0.0233797954116244,0.0120897271811427,0.2873759072695047,0.0844096523541874,0.0593275841060534
6175,0.015807702016317,0.0132849496239968,0.2893079720373386,0.0769189463168099,0.0455433846985693
6176,0.0179451498217453,0.0104168194251934,0.2388915400189294,0.0475333115408731,0.0363121599949108
6177,0.0199834721062521,0.0087724039746223,0.2695154489226077,0.0403324636652807,0.0332880485542834
6178,0.0160668885640715,0.0068310955128808,0.2590480596232459,0.0427803017096205,0.0404503769498575
6179,0.0193127910135083,0.0105295934190784,0.2680030586280919,0.0439171473903472,0.0391529196354117
6180,0.0238982663379381,0.0135260357108238,0.2878012761866056,0.0391589066041405,0.041136636225127
6181,0.0254247738891306,0.0133195869831909,0.2951693442043425,0.0367345585357691,0.0465355478758782
6182,0.0271013110344109,0.0103075814594737,0.3039690155157266,0.0400496321581548,0.0523937951707928
6183,0.037494302026037,0.0089044354069276,0.2865524465004335,0.0461287180000123,0.0549278848149752
6184,0.0507271353293335,0.0077797847031437,0.2598646996667524,0.0571710191112957,0.0542338046071057
6185,0.0621437398701533,0.0062533338923528,0.2472033269267699,0.0802997245090292,0.0491925257161953
6186,0.0632095737362501,0.006887197008797,0.2340751342614476,0.1228753711316316,0.0418046995526985
6187,0.0581559270266364,0.008289500169705,0.221849461126057,0.1643775092569727,0.0336735312236576
6188,0.0597950606837645,0.0087243858222804,0.209302257152232,0.1743444094473977,0.0273853629116626
6189,0.0660389857018219,0.0082085216787565,0.1963847229991654,0.1665837450221733,0.0225233702104651
6190,0.0824308730800423,0.0188683817677516,0.1841445864284107,0.1448623497414069,0.0239410380317433
6191,0.0800883800810961,0.0174864919554131,0.169076831511667,0.1338444470571561,0.0215094605272889
6192,0.0824522909344702,0.0166021393061668,0.1525531315742731,0.1182025838428606,0.0192690656058871
6193,0.0818969841615144,0.0186596001180308,0.139755846293395,0.1114373625548401,0.0176997371261721
6194,0.0768135612257243,0.024927148218782,0.1271561956974124,0.1025315372377985,0.0174946721647532
6195,0.075809015284737,0.0240347369373162,0.1205946565073868,0.1000696332918555,0.0185894640766463
6196,0.0707569217692361,0.0227223375171209,0.1088093465390877,0.0948962458355011,0.0182114939822543
6197,0.0656524841007507,0.0194997636723051,0.0991613897093093,0.0975982111589375,0.0174477630255039
6198,0.0542017831630735,0.0158291453096929,0.0907035829674624,0.0950482522730463,0.0166717566734084
6199,0.031554389554493,0.0164542077349214,0.087064313998084,0.0836783661097003,0.013989844421848
6200,0.0275381837299675,0.0106854559960995,0.1024407447292424,0.0520352724029894,0.0130607938278247
6201,0.0414600716516114,0.007174415199969,0.1249961608291589,0.0430285365957385,0.015864583571111
6202,0.0524377339146329,0.007257919104224,0.1167039760998842,0.0374784244722273,0.0219424961152771
6203,0.0587587938250638,0.0175478824493128,0.1292789318727336,0.0369537435049747,0.0285228460798235
6204,0.0730839365198378,0.0244773549526024,0.13328336341091,0.042898121650125,0.0349269170168124
6205,0.094195877446585,0.0292235694350954,0.1330690382908233,0.055838005684639,0.0415124994614123
6206,0.0890394286579639,0.0345981133089961,0.1322582883974881,0.071863126129304,0.0468137486355596
6207,0.0716537432278219,0.0332685518704472,0.1291944877628927,0.0935444742632342,0.0518873693862508
6208,0.0551121249951782,0.0276780484147749,0.1157496385784087,0.113421572915472,0.0535435202063713
6209,0.0527304840608125,0.025873584235799,0.1127573550970103,0.1308283769442318,0.0491906780274558
6210,0.0605424020368926,0.0221252090252304,0.1140185741583676,0.1638784886773399,0.0407630571821838
6211,0.0659888969132684,0.020799372854912,0.1168263163279204,0.18672913838075,0.0315924607256203
6212,0.0656485698025719,0.0206896230221731,0.1215925391633591,0.1901364037808215,0.0258717253103005
6213,0.0658799711940264,0.0164573568066481,0.1262118756972351,0.1745270286582835,0.022522845603038
6214,0.0670465320180903,0.016837704844075,0.134042603900016,0.1606276946217903,0.0236679467849416
6215,0.0644003045400258,0.0138161736530711,0.1441019650948437,0.1490014460590406,0.0235398103377481
6216,0.0703604622763146,0.0131809323667683,0.1604923410090456,0.1397466035929505,0.0256446588472168
6217,0.0714576263276333,0.0133268167161972,0.1662063900423059,0.1278204152746984,0.0275297428951383
6218,0.0760463347286429,0.0134486232601597,0.1792884259249053,0.1174550789742805,0.0280301076545177
6219,0.0727150137655251,0.012853805316104,0.1891741336399015,0.1139993913510619,0.0271068633665218
6220,0.0686102214328226,0.0138096174560087,0.2083914281308407,0.1151045379687824,0.0267870607431572
6221,0.0693819262963508,0.0133712128805092,0.2237345205161767,0.1132823548815275,0.0269619456354063
6222,0.0678645939575939,0.0147061369617612,0.2400921917234491,0.1155817630212692,0.0267257641621023
6223,0.0554944730921895,0.0138749333068198,0.2389600934775249,0.1088850750434945,0.0195256683581073
6224,0.0520950241155833,0.0084691076700078,0.2967288919564177,0.1005038257038865,0.0154782111653444
6225,0.0655266255574786,0.0083950885537186,0.3930970893613494,0.1029635234926678,0.0182128472428198
6226,0.0962182942376403,0.0116722906586714,0.4259752886284542,0.0981241889964142,0.0205627199486141
6227,0.1275922407100254,0.0267403011381908,0.4819688402934855,0.1013690358976978,0.0301136223832708
6228,0.1347229716884372,0.0309679765167851,0.5280217740220902,0.1115412795082009,0.0419705520726539
6229,0.1586709091692499,0.0299761883705168,0.5760112021007464,0.1297376932619132,0.0531020598094919
6230,0.1652676251214678,0.0312175110266879,0.588563772881299,0.1468512590713263,0.0595037173898252
6231,0.1572526434360677,0.0415877350515524,0.599788087665538,0.1735772818241525,0.0636676259906345
6232,0.1431853968421367,0.0553691946712011,0.570940105960887,0.2036223418354197,0.0653652598585181
6233,0.170984697059761,0.0711635141481454,0.5428875691893265,0.2292849777086307,0.0631462537030509
6234,0.1839756634342948,0.0832233653398735,0.4942827862055407,0.2589696423158535,0.0589882085602666
6235,0.2003263296348856,0.0884386231322406,0.4627918005548416,0.3058171805480844,0.0523584590494836
6236,0.2076797625679539,0.0922070254482766,0.4270301989597114,0.3366007057229253,0.047762546116226
6237,0.2107412206759134,0.0917576254320075,0.3950121650917675,0.3483715606125603,0.0456113256203549
6238,0.1832937784917383,0.0938967499855571,0.3641086521853817,0.3430811964743063,0.0491243988115536
6239,0.1874413352773555,0.1189101704570165,0.3319012971097059,0.3502558210620609,0.0486259946244208
6240,0.1957770438408171,0.1218255164214131,0.3097891524171305,0.3595912977820635,0.0485988034322927
6241,0.1961252758436582,0.1123189726471196,0.2840308139441687,0.3621366132992024,0.0523980122629503
6242,0.1990210003393938,0.1102223777059274,0.2655063118681954,0.3606035720495508,0.0509769398458311
6243,0.2002953778650469,0.1213566297759369,0.2539360406395042,0.3565286047026533,0.0514724284879172
6244,0.1887015521801063,0.1338796643562668,0.2420690375850553,0.3474589273089623,0.04989027414856
6245,0.1704109351117551,0.1262625151661396,0.2389386453068944,0.3444639629221809,0.0468466583888193
6246,0.1433081109177693,0.112605022538912,0.2298118243920143,0.3390031737943175,0.0400497617031913
6247,0.1462690099248071,0.1042027565310427,0.2035653524710621,0.3070708000535976,0.0302403341848234
6248,0.1304432714723464,0.0959029570664899,0.2615812070619041,0.3186710632310194,0.0282608023940938
6249,0.1123156379826944,0.0928524114633744,0.2553829468908614,0.3322685903565725,0.0284355354102477
6250,0.054396148259649,0.0752478244211831,0.2147144122166407,0.2819212041388577,0.0349633106669321
6251,0.0571289067616085,0.0996733066722347,0.2394104361335388,0.3064840163704871,0.0417015568458956
6252,0.0619064449067702,0.1029053706227399,0.2607554087371727,0.3256846958474261,0.049017109899731
6253,0.0585178603668136,0.1040430818453965,0.2749714811180552,0.3419118502166162,0.0557740403988954
6254,0.0592651591239358,0.1040715802665692,0.2783293314555061,0.351685406629479,0.0661019629076125
6255,0.0575798492468753,0.1081969388224801,0.2812108072651311,0.3670197573865996,0.0719194311525398
6256,0.0511529285630129,0.1123274651851475,0.2545867838353851,0.3859868017506326,0.0685550240529738
6257,0.0455895879809847,0.1115992633395482,0.2284741816109382,0.375519286322559,0.0626832167612719
6258,0.0439509135974465,0.1197194423024288,0.2125355443777799,0.3946230386189335,0.0546567728200611
6259,0.0401016059228392,0.1239489901988852,0.1996368115996332,0.4178087771995836,0.0431905549367059
6260,0.0370565751457073,0.1249149755984067,0.1925153115608115,0.4261757048477956,0.035744005615835
6261,0.0356340931942956,0.125833772943766,0.182398048467792,0.4138448793711035,0.0327476976535592
6262,0.0311199310056284,0.1039176027939039,0.1842127192397324,0.4007288690270364,0.0499711392771292
6263,0.0308780927965667,0.1178870870022159,0.1740493195807334,0.3943451276251755,0.0422918930616205
6264,0.0374133762271276,0.1151024404592395,0.1626969188390217,0.3872064755446023,0.0404613813295701
6265,0.0439896862959903,0.1042797304141906,0.1555075234086686,0.3799246810125881,0.0375435970125998
6266,0.0459307616635337,0.0996075576261966,0.1500549766158125,0.3705406936411331,0.0406573932171506
6267,0.0535477934451389,0.1111681736438294,0.1526152117126188,0.3618722245300644,0.0448470529976763
6268,0.0576971301189957,0.1233083281606031,0.147956297115614,0.3554328749368076,0.0462679980373785
6269,0.0563773446563478,0.1285596976622413,0.1474194267094666,0.3545518605487768,0.0456846045464711
6270,0.0519371653680466,0.1281152577529252,0.1398129341537638,0.3529910143240538,0.0473964499575706
6271,0.0400703487502284,0.1167438981162763,0.112097906814029,0.3202710360934736,0.0502868872881523
6272,0.0445274550869174,0.1345911109487526,0.1040716444031693,0.3207182160849781,0.0578688786630712
6273,0.0497841982399827,0.1519120561414804,0.11838425534286,0.339657633898916,0.0640241728844769
6274,0.043205694094401,0.1342241353333766,0.101980172508793,0.2783851078274924,0.0716995479505281
6275,0.0551158187175396,0.1442273610516357,0.0992821687757346,0.3059200186629963,0.0664956623551882
6276,0.0717564894350961,0.1495815106347146,0.101687247234492,0.3249511034072435,0.0708705615876821
6277,0.0859123229984938,0.1737323175245695,0.101042616173682,0.3408675472957291,0.077240910628456
6278,0.084230434161347,0.1823436376887311,0.1001330598136747,0.3635369681938805,0.0910140573482162
6279,0.1086465836934832,0.1758559756251003,0.1041755570382424,0.3802514452664488,0.0965435382640691
6280,0.0896708773323375,0.1722882497577188,0.0993473459006991,0.3992421415440303,0.0889221145002057
6281,0.0780562678970754,0.1687054756696649,0.0947901905999021,0.3641223807565241,0.0858319285901644
6282,0.0946669391640184,0.1691003430571754,0.0965253175233328,0.3763791722266095,0.0921176826620031
6283,0.0981556131946085,0.156591122399725,0.1014431825951812,0.4107534761759238,0.0972425719424782
6284,0.0916182893838293,0.1503195621132122,0.1014672473924433,0.4238376008685944,0.10367452336373
6285,0.0748608688040269,0.1630161550863752,0.0996954482585559,0.4197648751328283,0.1079282699415008
6286,0.0593025967101872,0.1084230881879667,0.0929596158677471,0.4116270270025824,0.1028240078926474
6287,0.0549623150023182,0.0974866112142009,0.0871825759446658,0.3973416342581238,0.1118004484721746
6288,0.0485967710318507,0.0892977584589361,0.0862257437548377,0.3900851111877725,0.1163321930905704
6289,0.0418660017114603,0.0840296174539096,0.0888252394646177,0.371895804076956,0.1169061826619902
6290,0.0365796256434674,0.0794861292859581,0.0874931033670515,0.3631071944578604,0.1198956663635001
6291,0.0387436556177149,0.0741123292978209,0.0875761245737942,0.3615527425387057,0.1296506933400676
6292,0.0421544934751073,0.0685999560642039,0.0870193626582201,0.3630461181979911,0.1410553432499769
6293,0.0387573603698742,0.0657406123718943,0.0862950273515834,0.3704134094375707,0.1420598512718857
6294,0.0342981652683376,0.0671028832248931,0.0847389881933962,0.376151919019133,0.1373694422112931
6295,0.0186182986306203,0.0560496272365313,0.0711809281990158,0.3656508645822346,0.1386026562346249
6296,0.0163301468727233,0.0479497631206494,0.0653487269887429,0.3162701743804186,0.1507915771149762
6297,0.0179884145038701,0.0483025299479996,0.0725916430248309,0.3258312784036511,0.1476956804695532
6298,0.0190511367645465,0.0320782641313374,0.0693045004995193,0.2723206761274445,0.1265154133889971
6299,0.0168612192007551,0.0344169132232044,0.0710986201419631,0.265721122685106,0.1262597076095289
6300,0.0140508860112067,0.0384160055323991,0.073502886654066,0.268015305598187,0.1232618915688702
6301,0.0161832687244259,0.0451636134555175,0.0803335571054955,0.273148553529186,0.1231061249002334
6302,0.0191393935702573,0.0488777820339509,0.0849916625539753,0.277266324806793,0.1290257181970765
6303,0.0207204019090783,0.0528320819470256,0.0845615546409591,0.2863639477784663,0.1288236789745452
6304,0.02323024862585,0.0582659618334204,0.0838983805303748,0.2916041229805907,0.1220767144734493
6305,0.0312427294192469,0.0702583958583615,0.0861769972002518,0.283349080818976,0.1206147888514627
6306,0.0297244796894227,0.0812695190129916,0.0917240879764282,0.3497353057949413,0.1240342501654118
6307,0.0294532099406234,0.0834100307965205,0.0956474521740687,0.4024424855597362,0.1221874872581898
6308,0.0320805097773604,0.0757016229913343,0.1005867814172864,0.4345408452470362,0.1179491614648722
6309,0.0381534897369346,0.064162848557631,0.1036572264983912,0.4405115495858641,0.1148923153530037
6310,0.0352753775707168,0.0382338734763667,0.1007715016965499,0.4287664685515086,0.1192925248217793
6311,0.0362003182696036,0.0277075384206053,0.1048792888612593,0.399599492297925,0.1109960574756097
6312,0.0420198664324019,0.0255706782697499,0.1129292210939197,0.3830006293896704,0.1071428693087007
6313,0.0474153557225493,0.0211991181866906,0.1187971822696332,0.3696892797648791,0.1053415910216659
6314,0.0537540037417151,0.0185016421275333,0.121171152907988,0.3494020749431101,0.1033342873080493
6315,0.0634988433361355,0.0181898598947672,0.1210572403956032,0.3309911754649923,0.1031671340496122
6316,0.071951243624947,0.0163745288714313,0.1193778316350495,0.3238271198237354,0.1076338707299156
6317,0.0778284869072724,0.0156593039072971,0.1153929395848,0.321288411308819,0.1097583656494796
6318,0.0789817260783016,0.0151448657530793,0.1126967514937696,0.3201945665686608,0.1113555430254024
6319,0.0599356323335571,0.0144960581717181,0.0960588474308037,0.3037304658363466,0.1020762410398072
6320,0.0593249006457831,0.0101638664996383,0.0632094316350927,0.2484476758430085,0.1176287851748969
6321,0.0749964283688521,0.0088295295651663,0.059353430805606,0.2274783557869462,0.1134847822210509
6322,0.0901678719440766,0.0095592525679197,0.045534068615064,0.1988372583073847,0.1043877105601303
6323,0.0985869353684975,0.0100777409624689,0.0451780556479518,0.2057614149466056,0.1196695457881571
6324,0.1044951732111866,0.0131997891592185,0.0459999083602725,0.2172301738499415,0.1169780670421304
6325,0.109480842723419,0.0138240507262747,0.0456677057186089,0.232964264824711,0.1027820874013761
6326,0.119361687207596,0.020188913179084,0.0481322777166445,0.2418816024805131,0.1021844455832868
6327,0.12705775070011,0.0285545547939706,0.0552228981360569,0.2511672752348044,0.1206140484145222
6328,0.1412218276514326,0.0342177242318896,0.0664503704300953,0.2370471905454847,0.1303859901625493
6329,0.1735558788847785,0.0412476305931782,0.0986429745986263,0.2091402834094991,0.1269967518044635
6330,0.1836709850298746,0.0391502386613371,0.1330835626440695,0.2333428512389287,0.1227415130054351
6331,0.1769385206469548,0.0366880452926526,0.1554531806157461,0.2685802459987778,0.1178269577340786
6332,0.1670894508896526,0.0347577518594182,0.1648584867369199,0.3021613848771582,0.1059657590156102
6333,0.1595676225350824,0.031003054334257,0.1695083412117538,0.3216948469499571,0.0967027362935147
6334,0.154977815425444,0.0267973308337759,0.1723475304504207,0.3360649820422817,0.0913375544544162
6335,0.1483923442391724,0.0205236726683549,0.162859805814218,0.343516672459594,0.0790950497076903
6336,0.1448664587988286,0.0188687115652198,0.1558103276353361,0.3355076647730124,0.0806852559081569
6337,0.1420893882920074,0.0181132170937344,0.1516623841526551,0.3139327702599409,0.0896546964390957
6338,0.1441184304277889,0.0196967852877946,0.1474756582066937,0.2960413337144006,0.0937615581477836
6339,0.1417310269386322,0.0204611725685653,0.1468273207602142,0.2930712334139904,0.0948216118014851
6340,0.1401325009197935,0.0179767084306455,0.1464962179589341,0.2993537555661526,0.1069586809611152
6341,0.137283754332145,0.0169019267705713,0.1526447038098538,0.3030036044008504,0.1076565184087159
6342,0.1282764773024946,0.0163705655165474,0.1560917150203497,0.3093768116995881,0.1045960299736341
6343,0.1009614945463072,0.0152755943061901,0.1380281963516098,0.3044046037367191,0.1137771636749952
6344,0.103307472069766,0.0121403946183185,0.0952190606530234,0.2837792861596984,0.1280434951290578
6345,0.1128469576087993,0.0089268830705465,0.0821764428694946,0.3118105538383216,0.138872275993808
6346,0.1054832379885639,0.0122222103437164,0.0730023703366094,0.2709016567627237,0.1196966863506271
6347,0.1151216503418849,0.012914895422886,0.0759025942979189,0.3147199289332818,0.1233218874316113
6348,0.1157129393347861,0.0120984576057101,0.080684563706162,0.3459315462652061,0.1218643620489574
6349,0.1128355641392219,0.0135130253928116,0.0867570731898462,0.3533648230997018,0.1207489334018849
6350,0.1092110723150248,0.0162053879768195,0.0948426904496796,0.3546721058500846,0.1219645705041089
6351,0.1029354780305589,0.0203144190305047,0.1045124794852326,0.3329716066186619,0.1143928225266111
6352,0.101048397385098,0.0285445735049198,0.1239819532118973,0.3017708705630716,0.1059785453464453
6353,0.1051202480510642,0.0345859200603644,0.1627425599450739,0.281393239966494,0.0979731407305708
6354,0.0947694141436643,0.0410325546369304,0.1917407752097916,0.2927118112275583,0.0955282571127171
6355,0.0797480500175779,0.0500374915633002,0.1995096868801293,0.2847055148039478,0.1066101033146701
6356,0.0667403820886247,0.0693613389950011,0.1972443144858815,0.2740679046281306,0.114233908125882
6357,0.0593513971970168,0.0996911223688899,0.1885739654923114,0.2724319874320761,0.1127365478075911
6358,0.0531921774645088,0.1384633351551366,0.1903894737276494,0.2870498151547611,0.1077075865481529
6359,0.0416717146293868,0.1367818200284961,0.1771999895715927,0.2730016607663771,0.0945973978357665
6360,0.0366873688937893,0.1108627072037909,0.1670312620925189,0.2519054583409123,0.0930787065270649
6361,0.0388362127948993,0.0869459902318101,0.1616208989958714,0.2360616208130995,0.0954085338652471
6362,0.0335584141986366,0.0675344768062376,0.1567284897617527,0.2242522339253181,0.0965379457629755
6363,0.0268731777248012,0.0472739914699211,0.1560725721919492,0.2192838452711295,0.0942427444894122
6364,0.0230636687264945,0.0480228471057457,0.1551523756743104,0.2088920402513104,0.084189190357065
6365,0.0259115818690746,0.0510268629371826,0.1569886165854506,0.2060342212082802,0.0786854307326536
6366,0.0327687629835423,0.0556678509509352,0.1516948458703178,0.1987910599129461,0.0767154083398256
6367,0.036870173612423,0.0608763874480659,0.1351541165531828,0.1941954221576746,0.0743793386184849
6368,0.0563779934981934,0.0567168558163902,0.1045542111185696,0.1841985369778888,0.0828580578689528
6369,0.0766861828112941,0.0459658237287639,0.0999008299683636,0.1985001843641468,0.0953461963532599
6370,0.0950461284447478,0.0361227029294422,0.079092480537335,0.1837256020693131,0.1138309372268406
6371,0.1120407461281447,0.0346683561466428,0.0822813645609475,0.2261379725038119,0.1283033628219513
6372,0.1088111452725945,0.0357346143726916,0.0837010324927853,0.2541196461195167,0.1492881129157438
6373,0.1074047527636457,0.0373690564759726,0.0833254684576678,0.2674988826759017,0.1638753063773033
6374,0.1089804640009426,0.0367961563544902,0.079714394026507,0.268770434382346,0.1625224751116147
6375,0.1095287704324057,0.0387344930714317,0.0739366822232895,0.2709209736464649,0.1560410860603353
6376,0.1175600314046195,0.0310389516445635,0.0733104175187177,0.2635655620245764,0.1465531490294493
6377,0.1227816832668152,0.022521906811688,0.0811766601613938,0.2565943896493421,0.1428952896316032
6378,0.1184411270827981,0.0183143358339295,0.0866083126062661,0.2709578770265799,0.1390461945848954
6379,0.1164183124111252,0.0162951321190122,0.0893216834675272,0.2869222920504602,0.1325760706819684
6380,0.1149538618053588,0.0151543317226334,0.088737060535535,0.2975591145200055,0.1327593662081993
6381,0.1108782529267228,0.0149525446677103,0.0877832362694194,0.3072474860900808,0.1380293311035918
6382,0.088150526570019,0.0192413617019097,0.0799343658953361,0.3403531260406732,0.1721072966698341
6383,0.0872732331715324,0.0171836785110837,0.0768552541526788,0.3338886517327412,0.159740686945403
6384,0.094672570723334,0.0153251994435974,0.0775916776134582,0.3387792752764944,0.1457278970410278
6385,0.102705112805387,0.0176493162430367,0.0761410631899081,0.3275417966006233,0.1463946940726133
6386,0.1070390800500987,0.0184035260940636,0.074180342177522,0.3257752039452334,0.1458305678158057
6387,0.1056358964167351,0.0141831786934235,0.0718384730802653,0.3416790485346908,0.1390017394944935
6388,0.1003924538399056,0.0126862733301241,0.0686439142824378,0.361698049079129,0.1336667682275998
6389,0.0912516937149966,0.0067611134546028,0.0693964715907016,0.3818426546077088,0.1261260839782942
6390,0.0800145267892274,0.010392552166152,0.0757256064026928,0.4298925364297807,0.1157330097191666
6391,0.0745751030000621,0.013934724175163,0.0704095478825668,0.4658970474695701,0.1117328926033865
6392,0.0760806118413091,0.0087814836500057,0.0592061681526002,0.4683116950101489,0.1318975100375561
6393,0.0702171993257529,0.0095314415204941,0.0582216025728557,0.4891516681295738,0.1347718880137498
6394,0.0448296073741023,0.0139279476659427,0.047835891052959,0.3981157186995923,0.1234938590005035
6395,0.0287625107288872,0.0194271504416111,0.0513949575675211,0.39625822509409,0.1227034026905622
6396,0.0174792768884889,0.0240326803256904,0.0612998921178417,0.4124201243469613,0.1234747875732247
6397,0.0124301871671897,0.0288303786702839,0.0690211416760492,0.4303545755723094,0.1284680431777283
6398,0.0132404432867787,0.0335482374147665,0.0768685654099419,0.4353204017878442,0.1305411692899932
6399,0.0162962303633503,0.0451379390681645,0.0816986211893465,0.4343781741739662,0.1233008603868813
6400,0.0204131672913506,0.0551338220512003,0.0863174650755205,0.4084875610967192,0.1119648901150132
6401,0.0238780820461717,0.0690527787414474,0.0969336306532168,0.3805894676912692,0.1089965901650901
6402,0.0243444926182993,0.0846697045517108,0.1168105762238638,0.3682625673472786,0.1008794114335501
6403,0.0254627130577543,0.09536124132337,0.1303822791057207,0.3520603369912596,0.0873685349414674
6404,0.0287441833583685,0.1047606772351511,0.1374126504061593,0.3484121071190659,0.0752548362830691
6405,0.0289809465946912,0.1124209657532694,0.1399415847388936,0.3443908330412301,0.0691123929357371
6406,0.0307668777883627,0.0608528600959766,0.1252874759418051,0.3605003944916227,0.0656683315839351
6407,0.0300862195704309,0.082004362945583,0.1211922073084071,0.3503914108946021,0.0597410100481822
6408,0.0283700103787772,0.0858952405744992,0.1157972653728845,0.3455410185567387,0.0539848562718442
6409,0.029839267921202,0.0830631072099134,0.1164121908699175,0.3483862955157635,0.0528669748137168
6410,0.032211618335047,0.0869655393284276,0.1136284281091671,0.3587209425210546,0.0507814004110893
6411,0.0439736374250983,0.088725635373692,0.1123806846614423,0.3722133729888948,0.0507084858965151
6412,0.0499980454908236,0.0872288729643406,0.1102546144204158,0.3820569366094978,0.0511421405162067
6413,0.0546386169138766,0.0850405909016802,0.110967757362093,0.38510890418083,0.052133430310038
6414,0.0601563536567043,0.0819748952609661,0.1100845968483901,0.3802950875879788,0.0509615910151434
6415,0.0590205094258863,0.0770284987065387,0.1059382635074878,0.3706505874987728,0.0454423224145974
6416,0.0622935084126996,0.0665909213982255,0.115477375836632,0.3761908838571532,0.0550732146510423
6417,0.0948177573883268,0.0743562732129376,0.1175828697604673,0.412327162975325,0.0675593811155273
6418,0.0928474024471398,0.06372011618731,0.0793918571486678,0.3308652247685204,0.0634305316322919
6419,0.1014600620698829,0.1031542779357043,0.077338927077309,0.3699976926614056,0.0768222470379061
6420,0.1000484080287715,0.1275239086900934,0.0811766792856733,0.385823095800349,0.0923799327490542
6421,0.09730132617809,0.1333886567824347,0.0866934940917502,0.3717261853230947,0.1085463397861738
6422,0.0980356874536824,0.1240977707300942,0.0879014685126346,0.3537409762829985,0.115635334987824
6423,0.0993651159073421,0.1082609761339479,0.0857899793451125,0.3350509412855625,0.1123001410548095
6424,0.1055787985284081,0.0837668085736593,0.0808614388183927,0.3088421391386123,0.1042724945790392
6425,0.108070080815343,0.0930534773331729,0.0773483919243524,0.3148553445467607,0.1016494585297155
6426,0.1091086542509915,0.0962157273302109,0.0831232335303581,0.3059204808126911,0.0969905889278739
6427,0.1104006255222215,0.0895870427772548,0.0951515313655665,0.2889529198177742,0.0914858489481013
6428,0.1150962040462816,0.0802918385872668,0.1081360401275344,0.2789225741641826,0.0897877172522274
6429,0.1173944325524555,0.0753899935168608,0.1169421091611894,0.2796154914531674,0.0899207621219433
6430,0.0898154617602168,0.0568112930805719,0.1139662247070787,0.2922005775008114,0.1101567031990307
6431,0.0919547854127394,0.0608725255505584,0.1215262656581537,0.2982164633096242,0.1095006179298354
6432,0.1086733379422998,0.0582627915388808,0.1226664997034814,0.3093297689251645,0.10503179845895
6433,0.1188809980342532,0.0608621007459181,0.1235028236206804,0.3210174117112604,0.1024293366614093
6434,0.1152920370097838,0.0631236926100402,0.1261154590365853,0.3280204955137059,0.1000672383687285
6435,0.1071582025712074,0.063975069478538,0.1215710131924014,0.3354615715767587,0.0968655903054382
6436,0.0963684383167742,0.0676134739525652,0.1237715799818842,0.346618139992517,0.0962911711370141
6437,0.0934178299140743,0.07262657847176,0.1258446372316004,0.3654291568563627,0.095500079518566
6438,0.0993450944508932,0.0754082925563138,0.1279691706952712,0.38491848309906,0.0891377779190162
6439,0.1000880754945562,0.0804934209820152,0.131444138867607,0.4019048146192571,0.0803900904999865
6440,0.102390355218292,0.0880478907485319,0.1410932511752542,0.4711638086106087,0.0882895457939736
6441,0.1104013229478187,0.0946970276942734,0.1504230247533741,0.5177452025627175,0.0905779161754271
6442,0.0734392923123674,0.0657883932581009,0.1173005289756102,0.4598930375739675,0.098882802661455
6443,0.0709384747869874,0.0609036540835772,0.13446525780063,0.4996492127206929,0.0994459110384189
6444,0.0696331854915385,0.0658879791894853,0.1417470754945175,0.518640802399596,0.0992452358676439
6445,0.0721055087978764,0.0747833106825374,0.1484056903553053,0.5440524029237012,0.0965387208475463
6446,0.0758022065753682,0.0696578891400463,0.1513739104391524,0.5480024118087637,0.0997995904868247
6447,0.0709715412412159,0.0448399160561467,0.1543850397034895,0.5358735068863637,0.1037120941600784
6448,0.066659368200779,0.0436494618967423,0.1636830567203264,0.5057394126057588,0.1023027532127553
6449,0.065109705999052,0.0417411803863694,0.181835520907015,0.4800488685550408,0.097186795710942
6450,0.0627544451224401,0.0422179779321232,0.1992907333772919,0.4694251608942344,0.0877880235093672
6451,0.0599324211656977,0.0418970262966698,0.2206918944970036,0.4540694700025205,0.0761771134367785
6452,0.0609112069986751,0.0485671052923893,0.2365250302474224,0.4508663041713699,0.0703979438516313
6453,0.059247546941087,0.0539145745666449,0.2475747398915366,0.443892313961358,0.0655793514958124
6454,0.0614962156250243,0.030889169959199,0.2717453082557508,0.4183157416343812,0.0728652000568243
6455,0.0590679400093197,0.0328040115569155,0.2648895375271512,0.4013379588406593,0.0715042125878941
6456,0.0592728707982946,0.0309405123777774,0.2581989483168244,0.3895888177303241,0.0682319868620619
6457,0.0611970948984954,0.031549865309985,0.245697115097849,0.3833737972316213,0.0640933693383392
6458,0.0605711609087521,0.0348855337524017,0.2358710148483817,0.375171653568467,0.0616613531637729
6459,0.0558164274312311,0.0398844025243651,0.2296794962971813,0.3537385725900432,0.056594976247517
6460,0.0523889191800818,0.0464771011423734,0.231429392908996,0.3310993249750502,0.0511241862671824
6461,0.0541486828721444,0.055832505514544,0.226457588845835,0.3056983015179557,0.0467867387746822
6462,0.053224725729224,0.0596045920231375,0.2221545973975665,0.2919148688466796,0.0415226095470254
6463,0.0473226791515795,0.0576125919185285,0.2114242064091285,0.2853979868500709,0.034991620485298
6464,0.0330844780900249,0.0537219069165192,0.2078731462269013,0.288017039073451,0.0346003916315787
6465,0.0366929050171393,0.058982120380954,0.2107548530311598,0.35056007411138,0.0339099468154626
6466,0.05103116115452,0.0682223771016822,0.1639350364881702,0.309062869551631,0.0347394528250022
6467,0.0518677343210848,0.1299443242793728,0.1580109295668222,0.361157486450368,0.0345898028282462
6468,0.0497269740185462,0.1236543646490622,0.1574348049886911,0.4295324421101641,0.0379913367624777
6469,0.0550842101397769,0.1062809534907899,0.1640384900192029,0.4759027914822532,0.044225801702158
6470,0.066237295036005,0.1171181929109434,0.1739054650454824,0.4975544144867354,0.0503223143518242
6471,0.060579479259992,0.0961321306021108,0.1752717496611129,0.4962337855703949,0.0547570001570789
6472,0.0620415412953346,0.0647762296468856,0.1691231452182471,0.4487149052478694,0.0565653334327164
6473,0.0706178058220393,0.0527271360032998,0.1777668305013029,0.4190570677290888,0.0555717272608602
6474,0.0713266354605089,0.045390969294159,0.1942075832135362,0.4022826915034861,0.0494419778417596
6475,0.0773685932389924,0.0483053346671228,0.2138927381997976,0.3996871693344905,0.0439747734534115
6476,0.0803192159901696,0.063100715817016,0.2325067489919589,0.3961724303639126,0.0410044228157439
6477,0.0842726498058695,0.0791311506999023,0.247697265977791,0.4030282060441276,0.0385751993065265
6478,0.0939610318320089,0.0452538988376305,0.2639381414882715,0.4011317688045502,0.0407390645159948
6479,0.0827548856971409,0.0626809143000097,0.2766342094754698,0.3960622024222825,0.039137630664879
6480,0.090881987944385,0.0733832036808342,0.287905201960026,0.3766934336139557,0.0394269574080082
6481,0.0931608940922609,0.0867610071178984,0.3036634924687243,0.3608726180535557,0.0401795700200304
6482,0.0853776561368855,0.0890406888203975,0.3121090145472511,0.3475934387698522,0.041908898815239
6483,0.0867860264185437,0.0860522134133996,0.3156658293768818,0.3442974960472034,0.0418646459779791
6484,0.079449022559312,0.0859443829579899,0.3241718269789175,0.3305380686406657,0.0428763959589208
6485,0.0697238185576037,0.0853758929942426,0.3276411967015906,0.3235678945597032,0.042852582120679
6486,0.0652208469670448,0.0889173559852714,0.3244115600785806,0.317343251218229,0.0419296433785678
6487,0.0613035535678138,0.0877270489877752,0.3322093134750976,0.3188916750674165,0.0348145666127397
6488,0.0655017909677902,0.0897919042673577,0.337884985490185,0.3946021439503959,0.0379304606766327
6489,0.0786775770267463,0.1015937727845434,0.3543181833327551,0.4467953468560116,0.0463378384976771
6490,0.0768729898451291,0.0566683606049609,0.3070900437939603,0.4008471935696487,0.0420272645935067
6491,0.0937800154199819,0.0729993348097543,0.3293292070300543,0.4246327033251981,0.0495456331542162
6492,0.0923189018947683,0.0855351895816738,0.3625274091975361,0.4517665165433312,0.0608320225644458
6493,0.0934937408349958,0.1050772940662076,0.389882151257006,0.46013886822621,0.0712411047504735
6494,0.0948193328036595,0.121439690715035,0.4008488360290906,0.4644550994086431,0.0805386978214659
6495,0.0955368808800837,0.1047655730815601,0.377872943703207,0.4272200741412815,0.0837992392111249
6496,0.0977222607409248,0.059086304995693,0.3807025515993051,0.3558383990173609,0.0818014402955367
6497,0.1043901223195411,0.0461906963668384,0.394622856231768,0.3067570766711646,0.0784287265237059
6498,0.1043266144961586,0.0357244624179622,0.4186598688483019,0.2911354501017168,0.0682561271231843
6499,0.1078337104446885,0.026276457360647,0.4450586552128509,0.2990836064375754,0.0604545381822998
6500,0.1111881598244167,0.033698344336239,0.4541665116126155,0.3311136547620686,0.0595291671713796
6501,0.1092177473115875,0.0406578551082524,0.4578666145339132,0.3696657101211353,0.0591551151934275
6502,0.1062986993607621,0.0578331426173321,0.4531710976015607,0.4068986452952192,0.0637898772264264
6503,0.0938124751046305,0.047351940889473,0.4191350855987391,0.4383811649269272,0.0594781215905679
6504,0.0893473830109299,0.0387107217822844,0.3961451645727409,0.475752301098568,0.0581030853408003
6505,0.0862986542215374,0.0308370862075816,0.3801548145907752,0.516935555114374,0.0561059931369337
6506,0.0784555844432392,0.0260943139655264,0.3712747509810435,0.5654680991676021,0.0546203056667945
6507,0.0700804870352143,0.0197612369424227,0.3585145637777898,0.6067227426804818,0.052889255588358
6508,0.0658891370263681,0.0190651472573431,0.3495275140834194,0.6541155188793176,0.0489287156919102
6509,0.0651348230488846,0.0290990050294582,0.3483151778090809,0.6934053498191177,0.0450061213328153
6510,0.0592836023677392,0.0412885023144767,0.355793476762504,0.7255600729800032,0.0396315807390012
6511,0.0487044740223098,0.0496437883079082,0.3658101801043488,0.7513056172282137,0.0297124024427179
6512,0.0367866595173042,0.0497018593104098,0.3539673292047369,0.725283235556326,0.0234204917534188
6513,0.0513343338720042,0.0590090465500997,0.3789997972911595,0.7549227730995016,0.0244039267413097
6514,0.0469878585383186,0.0439322265240574,0.3682066027729072,0.6976208131617756,0.0247219759823066
6515,0.0791177281031588,0.0902843966058604,0.3876820588684074,0.7794224007728331,0.0321867322374797
6516,0.1032391493923746,0.1333621458945664,0.3808718457248781,0.8044649740210751,0.0436437892832371
6517,0.1237564745972983,0.1711040726714539,0.4137552817491468,0.8163300236000656,0.0545431051077696
6518,0.1204897987063992,0.1700834042371249,0.460827885092353,0.8325146070271706,0.0627629630413077
6519,0.1049129642257157,0.1616963470960142,0.4867760901325082,0.8201675797602925,0.0680438258498385
6520,0.1075499866350198,0.1780906450906421,0.518198560111126,0.8226421452145427,0.0677831784780103
6521,0.1275400488039996,0.1999776919418794,0.5360421918744367,0.7770856121010485,0.0654208101893096
6522,0.1446208813796572,0.2084293493863343,0.5295249860174661,0.7291827018735877,0.0610021484350845
6523,0.1542980574174015,0.2300343396608392,0.5325863542715368,0.679494488630389,0.0594626552942181
6524,0.1558559875618192,0.2884069877737481,0.5319785991758715,0.63304640533003,0.0624721400819663
6525,0.163282769263829,0.3563183612838349,0.5393116950003839,0.5797953126855995,0.067287955523354
6526,0.2025547096497061,0.4235277412524714,0.4973544805319014,0.4654348905693626,0.0768926904396204
6527,0.1748135048437655,0.4314536801532342,0.5120737130045476,0.3951655043024832,0.0790848015851768
6528,0.1552800899695676,0.4180960451524167,0.5334221305164937,0.3456002391676715,0.0854181320901047
6529,0.1864985583067261,0.3492766561598647,0.5768312642480328,0.309413828582415,0.0899261672598963
6530,0.2255884456279274,0.2944546946505704,0.6419752174087464,0.2827564394371727,0.0960520491722671
6531,0.2790194041805189,0.2339258309187477,0.7047027557170169,0.2538139273552486,0.1004901079791174
6532,0.3606626215943773,0.175810944883549,0.7675962824514534,0.2292337885818497,0.1029817739663054
6533,0.4228792952779366,0.1500595741412339,0.7986021720448031,0.2118730956975193,0.106904066208773
6534,0.4459194337896695,0.1358048996835572,0.8004002793378021,0.1971348288371519,0.1031927096896257
6535,0.4217053559806046,0.1104554920533103,0.7969673948931806,0.1773538668278509,0.0938280798552436
6536,0.5044942246819967,0.1063372281480444,0.7868490922329872,0.2017271366998451,0.0988273894296436
6537,0.539367140640686,0.104409560960238,0.7585967442599859,0.2034164418195815,0.1041952803872984
6538,0.4304940005599773,0.0735273770724162,0.6804599819172806,0.1544970336601423,0.0785465724240677
6539,0.469304665624021,0.0939549978839002,0.7091822934962332,0.1728722943711397,0.0865892368649069
6540,0.5179750474280065,0.092091573163026,0.71805530825127,0.2065105143938199,0.095734302306623
6541,0.5237458543238044,0.0929484000133588,0.6865738341097612,0.2345140522263941,0.1009959900419415
6542,0.4602249074799016,0.0877058069788676,0.6073667737831201,0.2568249274832054,0.1034596642461877
6543,0.3883664688948223,0.0654632187381648,0.5387497833774301,0.2597265845795676,0.1009642333859642
6544,0.3348381458136842,0.0344178311247959,0.4569711098449439,0.2557481253130096,0.0990139543806069
6545,0.294394668565154,0.0184659804910201,0.3887457626192661,0.2464802677910421,0.0990597868953551
6546,0.254314144172991,0.0139863204399327,0.3370009841977555,0.2680705506486412,0.092461858911361
6547,0.2187013543456759,0.0087782492603473,0.2903058612111498,0.3026502105317298,0.0835635737941926
6548,0.1887968373550676,0.0076735776446179,0.2658772349034812,0.3324306438723775,0.0754576429505749
6549,0.1557958118618924,0.0130272318937114,0.2481657010023579,0.3610305527572552,0.0683820115532504
6550,0.096571160869161,0.0420152098646909,0.2538590952087203,0.4258626079025463,0.0641987458382716
6551,0.0891004272989351,0.0332965024119873,0.2320602505549549,0.4137729758051465,0.0610328834762417
6552,0.0791331468861899,0.0368798656774899,0.2214933716280382,0.4045374049512272,0.0596832554960314
6553,0.0663156672098676,0.0407106593938462,0.2091948692779518,0.4123584570256881,0.0571483829966446
6554,0.059465697485432,0.0446260270824446,0.2114590936160532,0.4355251997123965,0.0544293558374523
6555,0.0525717276434994,0.0440099885129152,0.2218061851530594,0.4485596052866245,0.0505127697576424
6556,0.0537336041544099,0.0421248494083892,0.2427190399031875,0.4575554761805914,0.0473068474976397
6557,0.0592791793924195,0.0422172519868125,0.2699669094287963,0.4707746566726673,0.0446620816726904
6558,0.0700576995189634,0.0431194902065353,0.2954402086605548,0.4849264139125253,0.0411898273060292
6559,0.0783576766853178,0.0429573300948315,0.3204292201119648,0.4768348030071983,0.033198208883149
6560,0.0774373358458784,0.0348843846271989,0.3227528020719024,0.5104750285654953,0.0273444369071796
6561,0.1191390720711954,0.0317709822457965,0.3411977214060968,0.4783499486191189,0.0276594898174288
6562,0.1037015669686175,0.0260535042691625,0.3157310030775364,0.4054359738540651,0.0266726567159248
6563,0.1233395205382376,0.0418900674052081,0.3521706025005759,0.4197382553004918,0.0307324387713935
6564,0.1262551688583811,0.0574725959893005,0.3638219669037717,0.4321912660069397,0.038026807061662
6565,0.1319158036654153,0.0566228371396178,0.3759891243830174,0.4849008408321201,0.0491531854367416
6566,0.1327932915724655,0.0489812648952359,0.3684458760102151,0.5052812748950961,0.0582690495863847
6567,0.1114828732174028,0.0420360205534043,0.3578446239776216,0.5006958218966959,0.0650629998292859
6568,0.0987924796647459,0.0516031901840171,0.3177280145468034,0.4679144272621744,0.0652800580723486
6569,0.0851305039377834,0.0721462330928267,0.2788028550033384,0.4372968691387019,0.0638621668216827
6570,0.0873593266000435,0.0895287657651589,0.23955328226536,0.4064267003199047,0.0577066061585128
6571,0.0908137867173814,0.105806667145067,0.2113950076914152,0.3798505268455243,0.054007709371897
6572,0.0863267816678781,0.1161272328607634,0.1900044556760929,0.3751411045704508,0.054018284874047
6573,0.0824664028329968,0.1222789922612014,0.1772854201524594,0.3750830415344039,0.0558028403161039
6574,0.0883603379425692,0.1007524569122051,0.1773411633818397,0.3665385662345088,0.0726840192956874
6575,0.0943849456428764,0.1115300708153976,0.1654599973899074,0.3291421596808831,0.0709017261611309
6576,0.1184396879795352,0.1225781031877365,0.165943642962899,0.3111311386509616,0.0727040908968844
6577,0.1176980441523475,0.1183745561270023,0.1691663871347847,0.3084304503349953,0.0756344603112681
6578,0.1076530678099074,0.1203952450532432,0.1787728285318902,0.2977871108179349,0.0767814827892118
6579,0.1033818943418205,0.1196455350276809,0.1934364727095273,0.2890983845510481,0.0775914035403865
6580,0.1055926010321399,0.1174922249071419,0.2091004393199994,0.2763507618903763,0.0801650215391826
6581,0.1109728955221478,0.1124514228323172,0.2130134413659949,0.2571983601988897,0.0772547904557604
6582,0.120744311875933,0.1127187416522753,0.2086152383728214,0.2441723012031583,0.0809835720314965
6583,0.1235148607241969,0.1126051225603859,0.2020303384081329,0.2307080133589063,0.086888395984748
6584,0.1263642624487463,0.0991385590287663,0.1780805902179411,0.2219059183687775,0.1057656405272576
6585,0.1340108482035874,0.091260106430051,0.1805798992429472,0.2235870752706097,0.1265866308216399
6586,0.1191988903207623,0.0812679756773036,0.1720826395368778,0.1992830758804334,0.1218629837540929
6587,0.1359744723783764,0.1021400371718094,0.1753629122457787,0.1914933923357918,0.1179164340484288
6588,0.1631338411592424,0.1265579146081308,0.1849916563534866,0.1927056808115244,0.115734735517809
6589,0.1747095359204931,0.1318670471420515,0.2063271588554174,0.2056041385001489,0.1141373230190048
6590,0.1770166618122919,0.1545901583699869,0.2354446650148813,0.213729841071623,0.1190109854225225
6591,0.1569298955712814,0.1559760327890072,0.2450058347469602,0.2285635156343111,0.1392903003594911
6592,0.1383963275420643,0.1358064687435315,0.2459456259838799,0.2234766654546956,0.1530882640029288
6593,0.1278961670583304,0.1011258130096398,0.243615901399077,0.2125618977325188,0.1572121125232167
6594,0.1325333991804665,0.067912930816613,0.2561982260835004,0.2032753510842822,0.1385983026694215
6595,0.1721426014984881,0.0588924693327971,0.2682105338974309,0.1877487838757659,0.1309157715014165
6596,0.224520613215572,0.0533140764101701,0.2871634812752019,0.1761579551514646,0.1297203090939387
6597,0.2489523928593762,0.0511443296172674,0.2955659368652458,0.1582310810282506,0.1229849689137287
6598,0.2201104989072169,0.0479711468093881,0.3110592936411309,0.147433118729765,0.1390068690276253
6599,0.2574344690925496,0.0393805977918692,0.3233170686895266,0.1359997529927445,0.1313961230851139
6600,0.289395457969321,0.0406700467346923,0.3221138320315176,0.1243356800649109,0.111063241383746
6601,0.298185115543278,0.0409434427787498,0.3198909015610869,0.1113717264712213,0.104339594397617
6602,0.3103156983794944,0.0369428401857273,0.3121643681996513,0.1064700637508738,0.1038287234651523
6603,0.3011984994662748,0.0405553784158706,0.2888092032466158,0.1065570751814264,0.1142382320769976
6604,0.2906456199153059,0.0403279491924942,0.2714904344167889,0.1078892306646483,0.1192039403112647
6605,0.279056806310122,0.0347517081218503,0.2492096417874082,0.1096740630650006,0.1248212596788058
6606,0.2705810267660193,0.0365566960525109,0.2343014842849609,0.1122033364929067,0.1362311258674396
6607,0.3219229860817381,0.032003454673023,0.228567028890683,0.1102887310895567,0.1477280274234871
6608,0.3885364372205029,0.0350283449061705,0.2076305601839129,0.0929215377701345,0.1682526337219728
6609,0.3979664795630758,0.0356916662788739,0.180502251454794,0.087356728387906,0.1949225379473836
6610,0.3531773256483984,0.0413710975823159,0.1354346002074115,0.0866575150596075,0.1697268081345602
6611,0.3651763402891809,0.0399975644024301,0.1341693090096161,0.0940501148887669,0.1748448427550711
6612,0.3659401319200001,0.0363686992814874,0.1311741238624107,0.1059910427601665,0.1830409323432729
6613,0.3246217062424739,0.0312134685633047,0.1209920711341754,0.1146433350621348,0.1828331498617151
6614,0.2735252308880035,0.0280704243342805,0.1080536960316462,0.1262777759202712,0.179380458148433
6615,0.2329136689072592,0.0280720949761634,0.0982868842791612,0.1432417851414,0.1825257278861045
6616,0.1734635726269199,0.0214858864947053,0.0856236377831771,0.1503455975315037,0.1861361365644381
6617,0.1655896481770484,0.0197056074488639,0.076391347409445,0.1491829000086464,0.1865744803011472
6618,0.1648673403718687,0.0167077385636559,0.0706095164291458,0.1727168438641326,0.1776563311176071
6619,0.1594084257410878,0.0153726076289362,0.0671168854661737,0.2016286767358673,0.1714840119577422
6620,0.1467439414856167,0.0178560735784656,0.0648047742829257,0.2341093917581288,0.1668923523543045
6621,0.1348184716444048,0.0179578811950974,0.066507825006471,0.2677660395656612,0.1646169920142306
6622,0.1004339463902771,0.0209162245680841,0.0823096631914607,0.3330010025739413,0.2109362666751437
6623,0.0881222257642776,0.0179627399027533,0.085431765473788,0.342262091541265,0.1957876608780329
6624,0.073087932590645,0.0230201354013886,0.0886579533687651,0.3575488112309203,0.1832396842894967
6625,0.0637947823622435,0.0245578394043104,0.09260608923112,0.3737395081826051,0.18074566884738
6626,0.0612825000345732,0.0298769445267056,0.0946197887360304,0.381015649302766,0.1723247530376616
6627,0.0574268540477681,0.0357713709520232,0.0952747500051165,0.3876951044139847,0.1694141869261992
6628,0.0552355430173727,0.0512624290832944,0.0977545593574069,0.3887618385500184,0.1736280922768626
6629,0.0445344324282515,0.0604579045438046,0.1104898694636523,0.4007394843411566,0.1790583613024605
6630,0.0320335105822568,0.0666133974037419,0.1280661416828089,0.3823515361928527,0.1733881670374765
6631,0.0205895569863798,0.0693646886070239,0.1409841028416455,0.3593391195368938,0.1867973065968673
6632,0.014468602848161,0.0857735137662957,0.1416818877861697,0.3406647082927038,0.1949069364706367
6633,0.0168294420112677,0.097684738931313,0.1460933810615104,0.3885186293207824,0.179757759183727
6634,0.0171856086913413,0.0860911104581904,0.1447545305041971,0.3455623850362592,0.1921329486391443
6635,0.0369504881457887,0.1251746974838339,0.1571118310899282,0.3783333125432546,0.1865301580421407
6636,0.0534869006016463,0.1333843128131667,0.1690541623184658,0.4319974013419064,0.1811773819168613
6637,0.0565491208828468,0.1288689173173766,0.1593718303249835,0.4452409229395415,0.181467711152809
6638,0.0612611949566565,0.1553270210954408,0.1589661119144863,0.4582336340137369,0.1726270315923119
6639,0.0618258485972811,0.1634103644535558,0.1668416506046008,0.4402061561375464,0.1580426226228566
6640,0.0670213190447703,0.176724733445675,0.1825261707487181,0.4130208049397961,0.1432028407723956
6641,0.0759667465566183,0.1859304761810999,0.1992585095334548,0.3916861516764901,0.1360187920666786
6642,0.074487936113615,0.1848578794319367,0.2123441447801529,0.3714408902801536,0.1258957083279389
6643,0.0729476244399357,0.1778589833762688,0.2254892393279277,0.3496791493546057,0.1197137972021868
6644,0.0754293684491023,0.1572905353580717,0.2334279208931666,0.3248146574809258,0.1156588528052306
6645,0.0913040473765794,0.141195977362518,0.2360867317125469,0.3037756733640693,0.1114687938441633
6646,0.1203114697745207,0.1183462648672867,0.2353435916016322,0.3026926911576249,0.0872547988804362
6647,0.1451895360847044,0.1189385976560585,0.2521367513893299,0.2943248676846771,0.0966410647289022
6648,0.165323215559958,0.1170220863212279,0.2589485389292253,0.2801760847431547,0.1050985814561472
6649,0.1828559201551717,0.1228285343707395,0.2607214408803541,0.257310154526975,0.1125110254590037
6650,0.1988596335988014,0.1243414933663927,0.2623989663297229,0.2312778347611847,0.1170906997853091
6651,0.2235731478524256,0.1249732453968897,0.2663695584023923,0.2074983708405231,0.1222021587232016
6652,0.2447423855466471,0.1233183916461621,0.261947225238102,0.1807884912327214,0.1179895520239334
6653,0.2586360178987318,0.1170360852808763,0.2535636295328894,0.1590293236064182,0.1096004718884187
6654,0.2696406887158384,0.1182152804764553,0.2457276882577378,0.140675416307268,0.1086273379114149
6655,0.2741291278613914,0.1222760063561786,0.2424515807847584,0.1298498347301582,0.1033305819483368
6656,0.2810380196908672,0.1199668534632958,0.2523279935339608,0.1227407284839801,0.1141413714533423
6657,0.2815223502631311,0.1233678493111132,0.2374349727402845,0.1244457750005469,0.1239400842420938
6658,0.1908611338099814,0.0964579361134898,0.1597135884099802,0.1003227658230495,0.1165874878596749
6659,0.2274348544508479,0.0890296385073797,0.1601747932076087,0.1029383275625666,0.1301827292848563
6660,0.2646334850940689,0.0864696151830443,0.1570069651600303,0.1037557581995379,0.1412680850138292
6661,0.2711388275032225,0.0792170787260486,0.1455204939985722,0.1088510758138088,0.1548968898609498
6662,0.3119351368047895,0.0673250811739756,0.1377010629571552,0.1149944104132157,0.1657557489216557
6663,0.3415437534341624,0.0466709113374584,0.1273442812926273,0.1187126739847589,0.1711583716892279
6664,0.3854507272326078,0.0297494629046457,0.11960291863769,0.1122696178987316,0.1642682619334264
6665,0.3946895771046853,0.0248427443860817,0.1189255963497037,0.1108899642016043,0.1493689960992102
6666,0.3852339315101989,0.0234990802054101,0.1239535376304914,0.1138399977359267,0.1374300990619879
6667,0.3607102837374139,0.0256940437007828,0.1281407458866725,0.1220996835944526,0.120701152756862
6668,0.3291709176424134,0.0264631312234139,0.1240461442428045,0.1344294116882808,0.1088676263313955
6669,0.2955643162519233,0.0245551906767106,0.1196076790131221,0.1533300518426311,0.1005408165363798
6670,0.1934868140793552,0.0171443799685077,0.1174809772433741,0.163662431820894,0.1081149299730801
6671,0.1931141283518525,0.0171689821478405,0.1100692387268183,0.1718630559535024,0.1036787616571277
6672,0.1761996661853596,0.0153744129686565,0.1071171828756414,0.1703735289064052,0.0998001331153267
6673,0.158714644383646,0.0138916059499953,0.1013196525473529,0.1738114844918793,0.0956340964987723
6674,0.1376654272769206,0.0141939843626811,0.0983435685106165,0.1831563033173493,0.0884028094861406
6675,0.1175373778168031,0.0140942121128966,0.1025115766013651,0.1935910631837239,0.0831609675405678
6676,0.1016186887106955,0.0127002118883679,0.1105958443234008,0.2081234442771992,0.0824934263142576
6677,0.0879992843653818,0.0132647447010064,0.1186918340099994,0.2240083032216371,0.082480318505704
6678,0.077960433005914,0.0171410372893273,0.1290638827567981,0.241670004030394,0.0827100464867802
6679,0.0718264474839459,0.019946238405668,0.136425514470146,0.2649311323512549,0.0795906549924528
6680,0.0669488552134789,0.0250035047886805,0.1351067745209455,0.2858116753453262,0.0992655466074915
6681,0.0590875341261462,0.038376145042135,0.1483811307857488,0.3134812976758445,0.11256066426335
6682,0.0319602133585566,0.0485588421689823,0.1672588232679814,0.3114822417220124,0.1239885923083644
6683,0.0292229577873847,0.0567012595229659,0.2037195072157178,0.3296411754436205,0.1380440325531442
6684,0.0273998832695476,0.0716317495686115,0.2087605061181415,0.3591651159925435,0.1412902784682114
6685,0.0276862338239337,0.072056566351776,0.2096308064044195,0.3871521749957721,0.1398577722841453
6686,0.033423089747632,0.0715539799078947,0.1984045578760955,0.4195795286806202,0.1326112226900167
6687,0.0481142820277596,0.0769794298290384,0.194241312829863,0.4117124048554764,0.127398518623418
6688,0.0647015115713004,0.0930162219529602,0.1909855354295858,0.3937052145247161,0.1219712151566828
6689,0.0852549729446288,0.1097806317943074,0.1963340574496788,0.3850806708230575,0.1179839353218936
6690,0.101220001360202,0.1194706541065176,0.2028274969604764,0.3754053648507012,0.1029340876125111
6691,0.1135570068220784,0.1486788428686807,0.2078512198875931,0.362732913444049,0.0912597598799934
6692,0.128177073589073,0.1864353269991769,0.2045316383070247,0.3571028605930548,0.086232500473325
6693,0.1418977631399827,0.2283159843845929,0.1985115185207166,0.3349792702819048,0.0827680033316341
6694,0.1247544305024624,0.1078742653079895,0.1613712321719136,0.3044551828561712,0.0829756520708341
6695,0.1319676506926812,0.0922005898551993,0.1486993707799556,0.29164744610372,0.0936710842818884
6696,0.1285817743214077,0.0856634890481877,0.1359652590419116,0.2644438817116129,0.1088420334609873
6697,0.1158048571662122,0.0840198615098131,0.1199561814994692,0.2357316512497387,0.1134670716139774
6698,0.1037971855105447,0.0758965117060327,0.1102475045410369,0.2212033178717981,0.1205851591684899
6699,0.0871978438244463,0.0543404870880731,0.1157088839264436,0.2127769179691368,0.1500416291389716
6700,0.078102771670821,0.0443272068064108,0.105908965468245,0.1917575829043444,0.1785938812848476
6701,0.0787262862812333,0.0423196967232517,0.0907222897240875,0.1662146650396163,0.1809293152322379
6702,0.067948453755698,0.0375765474941041,0.0848720295714539,0.1542416802255189,0.1985077344111378
6703,0.0458956459440984,0.0352829777677835,0.0675653430986338,0.1474390526250561,0.2057513252912459
6704,0.0333393701285145,0.0318856823012477,0.0432488510406221,0.1592896466512238,0.2069164745627237
6705,0.0258249339119823,0.0334215289089595,0.0393761942552044,0.166888606396302,0.2183718250196509
6706,0.0168012418688129,0.0266483697662692,0.0389627902493989,0.1612692455238607,0.2135471759819044
6707,0.0168234972304103,0.032724927910468,0.0415712931206604,0.1809598770140234,0.2458536646888321
6708,0.0241762452395845,0.0276361570380082,0.0427343305371541,0.1983052319055313,0.2608431692426948
6709,0.0248950892620339,0.0294322927325872,0.0435728047144721,0.2190526876683059,0.2769969475811338
6710,0.0202425044014729,0.029317571223386,0.0487907830286591,0.2244616781743999,0.2897640924473342
6711,0.0173965510683472,0.0307939449458104,0.0546456671162846,0.2286183329853283,0.27289124511486
6712,0.0172041886036427,0.0282763117073288,0.0566511693833065,0.2267261146271666,0.2527983523834738
6713,0.0198899807690771,0.0261205834848305,0.0710632901694292,0.2424225225142986,0.2400737356062026
6714,0.020986790322135,0.0253443731965476,0.0876842811970958,0.2754089269028213,0.2307639949539912
6715,0.0190567475176584,0.0243000623660225,0.108072548834242,0.3005485748812134,0.2262851334577044
6716,0.0200224597347817,0.0228432825015046,0.1334871921979088,0.3119270272646444,0.2147846853646277
6717,0.0223038045002856,0.02193598535501,0.1659389026135981,0.3230916331736527,0.198608141263333
6718,0.0248025945135132,0.042683978003421,0.1991427876244611,0.3509670664497611,0.1780338067160657
6719,0.0318222685879404,0.0440130802528929,0.2143698910598781,0.3733505152298802,0.1862640562024305
6720,0.0377238032730195,0.0418100435505224,0.2395617917377153,0.3774231222069892,0.1977856542075247
6721,0.0398666612553227,0.0442577564387997,0.2582704122214058,0.3759989869383816,0.1986784971789672
6722,0.0493308844389786,0.0466506446638953,0.2740426454184981,0.3687207544791932,0.2009145669909333
6723,0.0593496382305595,0.0482771750813989,0.2956161973944849,0.3547470320996237,0.2035510945262745
6724,0.064548584638279,0.0541559882703036,0.3224420003604157,0.3346530559598018,0.2053151751002237
6725,0.0700719219102643,0.0624179047571809,0.3491197249589124,0.3289743603318547,0.2010974121626013
6726,0.0753689938410427,0.0712183411865509,0.3616712152350906,0.3236276329211967,0.199261590554651
6727,0.0785305326783879,0.0759349551750928,0.3705480054127207,0.3118281770763629,0.1819160880520973
6728,0.0732267418729178,0.0728557110436868,0.3773835644376247,0.2999343620945272,0.1892728280034421
6729,0.0875524703880461,0.0731420670326181,0.3812673083064422,0.2849717827065779,0.1899909733377471
6730,0.1050788522811004,0.0400749904562988,0.2953278149918049,0.1923323013235121,0.1674044721809467
6731,0.1182232446762816,0.0475731396062767,0.3032212813012175,0.2066578033993529,0.1632129741795671
6732,0.1340585645741131,0.0568546451815754,0.3031818945790011,0.2329658098933742,0.1583357271296202
6733,0.1402613380671105,0.0656154393038148,0.2765365741862634,0.2584383553955655,0.1443467341295897
6734,0.1436193383516494,0.0729961583509073,0.2628002861393673,0.2751533879493485,0.1398220590183226
6735,0.1507930398094537,0.0751650033292965,0.2531446811357155,0.2781084736473294,0.1265579507237471
6736,0.1537284460671195,0.0881061881562334,0.2440151356696693,0.2796906368091218,0.1189863850344822
6737,0.1524035624443564,0.1028652033266219,0.2395029505466161,0.2949691126006467,0.1079585708682377
6738,0.1437243115636962,0.119077649885169,0.2429917777162701,0.2935611871734503,0.0935081951072757
6739,0.1334460577403666,0.1348797947915713,0.2474228359162966,0.2895703133064025,0.0846626920218976
6740,0.1253145294824961,0.1478580341730462,0.2550168566603251,0.2836171113942252,0.0793053675487829
6741,0.1169030630707557,0.1685655089197938,0.2669988280658708,0.2792175073546661,0.0749836334565568
6742,0.1303420689958106,0.1025629480430953,0.3148265284810758,0.2611342913485925,0.0752336946876024
6743,0.1254653739120957,0.112718766607919,0.3109519838677383,0.2677617864954606,0.0642923521833079
6744,0.1139472989315767,0.1043405590678772,0.3126886719849931,0.2697709883491579,0.062916389019337
6745,0.1079945495749195,0.0668314018994813,0.3110177636478247,0.2795907456350109,0.0652337867402746
6746,0.0899806736242281,0.0416100278611785,0.3200054105042171,0.2895465005802061,0.0669437337551725
6747,0.0817165666876817,0.0318287966139055,0.3299629168375193,0.2973668160480992,0.065836766666312
6748,0.0903705923223952,0.0303827526364069,0.3334080789233098,0.3019563921055694,0.0613733614780204
6749,0.0842777424336932,0.0328274634465173,0.3278384773320615,0.3349875450458972,0.0588944779867805
6750,0.0755649756127524,0.0261454796481306,0.315179708660136,0.3551276687060208,0.060125872483467
6751,0.0691553092421689,0.0405072260634028,0.3032154053395337,0.3885497749973582,0.0585600270941233
6752,0.0476380033050024,0.0423571813657554,0.310838997724519,0.4253879228503312,0.0544799246422143
6753,0.0331255087969837,0.0424303568519636,0.3479510394251147,0.4661307189390168,0.0647553106818063
6754,0.0226352933099683,0.0790156074960885,0.2325930756010449,0.4005480217958131,0.0606481017158127
6755,0.0279636139972977,0.1174029834051237,0.2519679858855537,0.4563175165570624,0.0776323958077025
6756,0.0400736562198656,0.1985127689945842,0.260005589036637,0.4811657382806005,0.0959675857947024
6757,0.0558500251309982,0.2523024912946704,0.2721540955014646,0.5184937390041607,0.1139487153274487
6758,0.0927150976210524,0.2449988663409009,0.2675437578623113,0.5560403802892203,0.1238024815797387
6759,0.1326900884094798,0.2164243314330192,0.2775981986418049,0.5601026242445079,0.1187807668294807
6760,0.1464872026308904,0.1908770688024838,0.2721411985862714,0.5160743956827384,0.1211056369677756
6761,0.1599462471929119,0.1926958187637941,0.2798505679758482,0.472579350666768,0.1273828998521682
6762,0.1954710930378234,0.184651419627871,0.292658675443125,0.4388974584075447,0.130659745204468
6763,0.2328375233529362,0.1739101707380101,0.3078394033838681,0.4318917381618098,0.1311638093251017
6764,0.2415005870914113,0.175807538221167,0.3239804908423608,0.4526498279016261,0.1346826811529065
6765,0.2328866196908414,0.1728775694506652,0.3364809471605816,0.4788671871371313,0.1331282220643729
6766,0.2665782514413669,0.1337478628349949,0.3200240532660183,0.5295555847027814,0.1210529651612836
6767,0.2323912325635443,0.1300209639690736,0.3322194378385906,0.5096150611710455,0.1188017856006523
6768,0.2175384315018464,0.1260425110700427,0.346285761832424,0.4868957567558432,0.1179113731576756
6769,0.2185101553400248,0.1432421313568365,0.3514205133779201,0.4600021854676355,0.1148302608406547
6770,0.233755241191488,0.1525209300385196,0.3666613650445852,0.4250954112323363,0.1074088577783103
6771,0.249955999227761,0.1648744275959153,0.3662200795847452,0.3910922498696542,0.1013189260169189
6772,0.2388770428689243,0.1776416073135897,0.3538351401124981,0.3534956522380447,0.0994844882352001
6773,0.213309145622568,0.1977592893973608,0.3450548407479878,0.3234154127421415,0.098079554967193
6774,0.1696509743890901,0.2081189007611735,0.329780886260559,0.3029948041856982,0.0969559705286669
6775,0.1145597696508666,0.2170466403526502,0.3219829587417936,0.277066461304553,0.0900567019109887
6776,0.0934427883422779,0.1979275192533988,0.3467201657486377,0.241455772741583,0.0888237794257638
6777,0.1526918320306164,0.1997370033998962,0.4036167227212628,0.2547054386140338,0.1011775626371482
6778,0.2289843759954713,0.1385253562243693,0.2577074585357527,0.2059360612725911,0.1003467571639186
6779,0.2398871027534716,0.1449100649891964,0.2721141941053708,0.2306043900036538,0.1051615471564662
6780,0.2832964407920271,0.1588783656235674,0.3133218014950993,0.2571978363936395,0.1054806335231978
6781,0.2945493970856728,0.1750852509203608,0.3460670959434946,0.2681379123443472,0.1010845846551573
6782,0.2646234603215272,0.1564550602628566,0.3792258425815751,0.2807459228794555,0.0976140720121608
6783,0.1982225196501763,0.1117655687035353,0.388367064129713,0.2611380367697438,0.0958462235977089
6784,0.1749733978383968,0.0816836462237249,0.371394777493426,0.2225157603554613,0.0929433967888185
6785,0.1677219362409598,0.0701608730902459,0.3546859938790374,0.208049160770122,0.085377178977537
6786,0.1558529896655751,0.0587655097717144,0.3497499497999322,0.2092120708274227,0.0713116756300949
6787,0.1448429093175319,0.0533290180559494,0.3553369746054692,0.2233834588811867,0.0625547214866298
6788,0.1398078676574966,0.049935492501266,0.3563159233735729,0.2470459894583862,0.0552005119389448
6789,0.1429595068141299,0.0466658843210543,0.359337368373785,0.2699757873746833,0.0526418826522551
6790,0.1461181451847409,0.0566187053728144,0.3952517155579454,0.3100017956748603,0.0593876945931286
6791,0.1249312629038195,0.0492153098906682,0.3877010380512868,0.309551782384753,0.0648909958836879
6792,0.1131174490712143,0.0458239677584843,0.3928732071579554,0.3083692211304444,0.0730925877260342
6793,0.1095741414038001,0.0488266761774977,0.4156232385616868,0.3066225574026883,0.0796224581146693
6794,0.1069789508991077,0.0396196479782692,0.4363365330345354,0.3026677073237777,0.0847417036154097
6795,0.0979160347498263,0.0346010876177823,0.4629635333734208,0.2937574623922387,0.0857753029708359
6796,0.0884549273146069,0.031074665841504,0.4981293447082155,0.2957899311782251,0.0848639715954487
6797,0.0798074931507601,0.0215819279368601,0.5329782974096409,0.3102672115343324,0.0782458257537417
6798,0.0804283498262253,0.0152930219465247,0.548424084283501,0.3316585056142113,0.0707170266758849
6799,0.0568617377346653,0.0134701943402724,0.5478429373647536,0.3476921944020212,0.0572635948131982
6800,0.030673133266616,0.0125121691660766,0.5164890959993558,0.4000054440560813,0.0444403997578865
6801,0.038633319149043,0.0103420873149025,0.5165829704277349,0.4612431668665493,0.0365259935822193
6802,0.0477584848743441,0.0179343953032624,0.4452884729185333,0.4495879270552096,0.0318377354243364
6803,0.0740471421790704,0.0182655275816307,0.4995976094997932,0.4632207004001111,0.0302990309825055
6804,0.0907693175710968,0.0235378847580986,0.552345836061766,0.4650870800787596,0.0311365756722902
6805,0.0926160258474312,0.0260091805350056,0.5795397420154875,0.4291604942825642,0.0330416119978278
6806,0.087922926438666,0.0217673406247297,0.5741228773007662,0.3927630794025836,0.0357359051612195
6807,0.0818805058376801,0.0185583385230785,0.5705733760034822,0.3627923122807019,0.0394527527168477
6808,0.1070649646861199,0.0206079414681943,0.5867771013271268,0.3142154866002558,0.0424959284789167
6809,0.1173385066388911,0.0288250518297389,0.602914913743049,0.2965698216068005,0.039512026139502
6810,0.1114751746856934,0.0384139629586202,0.6192006548989206,0.3081688303095432,0.0316535279497526
6811,0.1036144305204784,0.0500817922568056,0.6325152241123375,0.323227169966742,0.0257505267526117
6812,0.1005573251989697,0.0654840318426335,0.6420816774878887,0.3449439708635543,0.0232953378909308
6813,0.0975560313454913,0.0761740099294054,0.6504298036382643,0.3678965236808652,0.0219112950831059
6814,0.1197134464914648,0.0748445822781954,0.6366322954504264,0.4547520885350354,0.022937383126849
6815,0.1022696929754869,0.0649215382170121,0.6107328443671717,0.4336923277500654,0.0213865800861956
6816,0.0919539806626525,0.0603519353756428,0.576974472853424,0.4126988177325192,0.0199459133991057
6817,0.0870651869269206,0.0609328085117146,0.5597295366170121,0.3861241059401769,0.0200933442446889
6818,0.0773841969172965,0.0655923098625611,0.5364756633247926,0.3602384432774842,0.0208316628371413
6819,0.0689796087819129,0.0658558828370315,0.5029342042234913,0.3325505977431731,0.0202251796822752
6820,0.0589424134281362,0.0617207110022197,0.4592016301714712,0.3124385926753021,0.0197733273963848
6821,0.0491415352301728,0.0581123894255954,0.4265222263956044,0.3007929552533233,0.0200032341929644
6822,0.0443779134771567,0.057134487992339,0.4012773458626958,0.2932513477333343,0.0213159359950707
6823,0.0376419129665309,0.0535459976401887,0.374946003028928,0.274635426638836,0.0201823889327724
6824,0.0285545414586331,0.0485255709185193,0.3240827087784476,0.2778740482931596,0.0189192125316733
6825,0.0210211917211871,0.0376884908959232,0.319364648684635,0.2795308255740996,0.026145174379703
6826,0.0173038811316728,0.0267158452877175,0.2787049380539482,0.26270244720591,0.0311974397518749
6827,0.0209245493845341,0.0271038640879375,0.3064354216058864,0.2870339743594062,0.0351097534435742
6828,0.0256613419006085,0.0315224273001164,0.2932355832089709,0.3057074013426752,0.0384850143641938
6829,0.0331607042459248,0.0340130686313411,0.2833043403733054,0.2974859801697196,0.0416124204260728
6830,0.0407930770783345,0.0328418803753569,0.2624319823134265,0.2696884998400763,0.0451271515963803
6831,0.0463258131788948,0.029365545157303,0.2368842029223447,0.2428596784015689,0.0474578701969042
6832,0.0498914799792646,0.0441332971157221,0.218933199993035,0.2331916341699785,0.050231063176838
6833,0.0495923548225113,0.054143424690883,0.199291455286329,0.2327182324760183,0.0498763474292666
6834,0.0452574087584234,0.0644621851868227,0.1880387103684523,0.2428341320607901,0.0427533180734784
6835,0.0391361191423556,0.0706956491726901,0.1849518879753472,0.2633825953275061,0.0376105881589154
6836,0.0329601345503456,0.0706037046163793,0.1871861326861743,0.2783301436701027,0.0345328260355957
6837,0.0300520288836088,0.0680460503209436,0.1921751804330795,0.2879155217312396,0.0315407485164956
6838,0.0295953833763882,0.0570707846004199,0.1816085331297334,0.2865799052872831,0.0281690124698536
6839,0.0281161798377865,0.0619356543135394,0.1759772627813659,0.3177627302181238,0.0269237626557428
6840,0.0256096577200395,0.0567290789747241,0.1638071890581222,0.3582851010155539,0.0271372364006694
6841,0.0239005513197819,0.0544912822265777,0.1565689231244327,0.3861781398860252,0.0275797547686193
6842,0.022765743967445,0.0520322504224536,0.1545334614816533,0.4072066962779665,0.0281223092086446
6843,0.0222119191235289,0.049626327650697,0.1581959630296824,0.4275677817134768,0.030105204410534
6844,0.0209340942008391,0.0493843241084674,0.170819538636117,0.4490972696014457,0.031222847991434
6845,0.0199552227757232,0.0459141908185527,0.1831928399496844,0.4785474094599929,0.0328431282463577
6846,0.0210599177549221,0.0407716996050683,0.192282212825622,0.5131195850723919,0.0354035994478401
6847,0.0230780550608111,0.0378667933429454,0.1978722798956248,0.5400104380537436,0.0364745786008958
6848,0.0183155225546232,0.0373813629147095,0.2005242701909526,0.5521797492973604,0.0365567321623086
6849,0.0139683017527996,0.0299012712573924,0.1856381835727208,0.4806410148320563,0.0417749551565908
6850,0.0155789110518335,0.0280376847756059,0.1340023242032134,0.3933381351244926,0.0442603981450336
6851,0.0233119726624176,0.0367785162453954,0.1640468283204074,0.4992350477287188,0.0492864001578657
6852,0.0331490040579825,0.0360800158262877,0.1814835259321266,0.525245605086496,0.0493961824219425
6853,0.0457660748210766,0.0332704297873004,0.2062767580111308,0.4855848603924029,0.0480473342047221
6854,0.0606607064209638,0.0274164945935288,0.2343113502820119,0.4175152250939706,0.0482052763696011
6855,0.0781375462940605,0.0264808121572321,0.29998649197382,0.3809837989240706,0.0499102233292321
6856,0.090420490326371,0.0332153010640038,0.3647025005809227,0.3091272761709353,0.0504369685833061
6857,0.0875563959316975,0.0349138963062876,0.4285608885481321,0.2458427504136259,0.0486956052284643
6858,0.0790794434535941,0.0357707376696005,0.4767999381409568,0.198337349361626,0.0421374337594337
6859,0.0731917846111475,0.0360441767050238,0.5133755455541607,0.1645482509567893,0.0364890261529121
6860,0.0666219075166721,0.036047329312676,0.5301221729009432,0.1390901204634971,0.035137192467875
6861,0.0624732229008812,0.0385448652355576,0.5262403845978683,0.1321382355089372,0.0356538175199663
6862,0.0564729835441954,0.0613423617067969,0.4722370306475307,0.1244225691638316,0.0391554930382955
6863,0.0515574527117,0.0523686240321739,0.4420289825338409,0.1394599838817787,0.0383921654220556
6864,0.0428238756247113,0.0438364752946152,0.4141551284603832,0.1581327558520745,0.0379753664573394
6865,0.0308101410606744,0.0368419508394932,0.3751431856781173,0.1769335530836364,0.0383417405738526
6866,0.0243694810661041,0.032992208102082,0.3395181798645801,0.202809325761921,0.0380714459913478
6867,0.0259382202307799,0.0287940589802325,0.3009818749511487,0.2390427571548202,0.0364086935928664
6868,0.0245558314138879,0.0224711383964172,0.2600764351879834,0.2744504584710274,0.0361763594233747
6869,0.020349836870827,0.0211815334879416,0.2188381102669379,0.3113780763052415,0.0362609789138837
6870,0.0192960826204039,0.0223642461130083,0.1831462041172593,0.3505902206196187,0.0371585986690054
6871,0.0212459310971143,0.025611857275434,0.1514806724832592,0.3842113579879039,0.0382987795895196
6872,0.0237236685746936,0.0257496675110287,0.112871605725121,0.3950619493778634,0.0383296030549262
6873,0.0247432357341553,0.0192632239877514,0.0869948098033448,0.382152155636493,0.0437892429685998
6874,0.027718953910772,0.0212230940370896,0.0502725506184626,0.2578767754939993,0.0503972972266423
6875,0.0398635308383022,0.0256179317942733,0.0460865381605492,0.2724275428375984,0.0589669552935379
6876,0.0533725416446393,0.0238625763865182,0.0536728864037117,0.2846545819933821,0.0638676973935957
6877,0.070389065172681,0.0189354812860912,0.0633904274584187,0.2826622767605145,0.0679693539452673
6878,0.0870948129404715,0.0182236309896657,0.0736591006220601,0.3235612103988258,0.0730541767063916
6879,0.0995372148220606,0.0214352442924792,0.0946699303573443,0.3771795724182878,0.0789840475899865
6880,0.1184158799848579,0.0310599947272523,0.1365777614970401,0.4208158420888423,0.0862600412340659
6881,0.1303700423263526,0.0355175030985516,0.192276123971929,0.4310632259491913,0.0828403690395023
6882,0.1344665500071669,0.0352871417574756,0.23285913749436,0.4135338178519943,0.0796217174479258
6883,0.1359682521705549,0.0379850260749497,0.252938558531514,0.3723538885417345,0.0747998467670233
6884,0.1381061903610678,0.03975692373204,0.2564112124641443,0.3154742182206441,0.0716057044344878
6885,0.1411088377847935,0.0458027620727045,0.2564061693710358,0.2762371773943489,0.0704420143361073
6886,0.1131407733956805,0.0447175146263776,0.2547383785890392,0.2409664158091679,0.0718998078813541
6887,0.1188961774638944,0.0420159534185137,0.2397807686701489,0.2149030938422906,0.0706623266814177
6888,0.1165584657405518,0.0369604002707057,0.2239100668718845,0.1976605878111356,0.0693458814025161
6889,0.1101437563188412,0.0467844970007642,0.2117866316036011,0.1989880056790505,0.0673807619158811
6890,0.1033568917152727,0.0515373460639676,0.1984849407286295,0.2082259233120291,0.0698874941021785
6891,0.1006485758482719,0.0550702281717147,0.1910592132505189,0.2059793765817931,0.0746303353074397
6892,0.0974786479712432,0.0525290937730057,0.1822500344262116,0.2093335102822924,0.074585042714078
6893,0.090502246118124,0.0504159902398541,0.1691090042294675,0.2202312266587673,0.0769502666051196
6894,0.0861978233313316,0.0566297828606552,0.156716295445469,0.2285789631650799,0.0841677408028485
6895,0.0830850282762466,0.0574833004543007,0.1399468377368195,0.233116721128676,0.0900828470924819
6896,0.0729709009321145,0.0525746282792384,0.1085864071390993,0.2356159520073288,0.0962298678947057
6897,0.0747432063994676,0.0530407344968028,0.0687248118562464,0.2681225306616742,0.1260061371548361
6898,0.085493076551362,0.0547458053503911,0.0550483539921235,0.2662538345863255,0.1586007506635112
6899,0.1246717789304947,0.0413084472615066,0.0532047249680371,0.2550138375230754,0.1756569105004432
6900,0.1639210262037545,0.0367749157675941,0.0517415864695789,0.2642488173045244,0.1795250248022823
6901,0.1965931783971236,0.0435272793568932,0.0458260757610516,0.2767492446473635,0.180076989959541
6902,0.1929904980948728,0.0401114556327789,0.0366523127815909,0.3000765846758795,0.1818914407390899
6903,0.1824482376410202,0.0551712360733215,0.0388129098256944,0.306826640829329,0.1827908835891885
6904,0.2008664486747001,0.087274925904991,0.0498469652147404,0.2880866414314438,0.1842181243676282
6905,0.2068480488549597,0.1381850408327297,0.0633371273984262,0.2795587130345974,0.1802489009494106
6906,0.1958740612317564,0.1655335370023171,0.0760843403791649,0.2762520298575835,0.166363222036602
6907,0.1942239032583241,0.1621795116258401,0.0858010492026627,0.2892093071962502,0.1576693936492819
6908,0.1928491309461983,0.1692813120280121,0.1002540212856385,0.3055768106693302,0.1571497138900397
6909,0.1991517172020117,0.1669704311475606,0.1186313754918227,0.3344286336830693,0.1555878005580092
6910,0.20093833729332,0.1362395206527502,0.1316286106680569,0.3807670899166859,0.145840051805652
6911,0.2070408625731327,0.1148327446313398,0.1472388109087893,0.3977705641698562,0.1402854700774032
6912,0.2063257678931283,0.1060906736591907,0.1692415629027961,0.4284284558902817,0.1336401239278734
6913,0.1978705464921373,0.1028201376893891,0.1878248686641883,0.4685427992521588,0.1323368093851691
6914,0.2191436219549546,0.0876748443048109,0.1942340796853524,0.5005412329470561,0.1249728108560796
6915,0.2333211722649248,0.0826012847243996,0.2098897910584522,0.5234774746510973,0.1202576459249838
6916,0.2390802585365493,0.0764418967719732,0.2269565212865481,0.5512231677931857,0.1155697702586689
6917,0.2385087768824368,0.0704495016707981,0.2424312183278501,0.5780184807272499,0.1144731598152963
6918,0.2361556555248772,0.0624514059852325,0.2558650588077514,0.5976449964793146,0.1087131215501141
6919,0.2225274824142825,0.054215827229941,0.2762103200920279,0.6076563453152477,0.0914042623178728
6920,0.1896974155035452,0.0415474374442086,0.2942144853943057,0.617397528262412,0.0924389273672981
6921,0.1955523473632812,0.0349817435002502,0.3151644340012134,0.6106238914601221,0.1042942464174907
6922,0.1599951894225945,0.0247064522469849,0.2751638324096724,0.4806368945822936,0.0804826247697572
6923,0.1373235756663644,0.0206076978105537,0.3092261204622659,0.5124738405235066,0.0845898450917683
6924,0.1152519847529046,0.0180194611215916,0.319888934480622,0.5206453892504441,0.0858357925597594
6925,0.0866174697989452,0.0189103881191473,0.3091316669980743,0.5317657977841146,0.0832373899786547
6926,0.0599195597556585,0.0216658127595218,0.2821234454533287,0.5263858764547337,0.0796778283456257
6927,0.039119000495585,0.0199256480378647,0.2552597868283397,0.5146401034803885,0.0778610714784397
6928,0.0328547894569905,0.0170950253291192,0.2378057597332172,0.4998074953170868,0.0746485401596271
6929,0.0323747303949885,0.0166708477639787,0.2287509728644375,0.4836128120485491,0.0697457372875091
6930,0.03873281025353,0.0205186352961952,0.2348400650034554,0.456753784420905,0.0612102138856542
6931,0.0429106247930733,0.0255640975254721,0.2397344182094766,0.4221848098678267,0.0550106536745823
6932,0.0426623320467765,0.0335620575940024,0.2456682398367746,0.3863291128642592,0.0500288651800493
6933,0.0445585533592332,0.0433810956764004,0.2512253469859876,0.3535522538574063,0.0459918548574794
6934,0.051978225543442,0.0692527214092269,0.2755589371430316,0.3251511003729063,0.0459243428318993
6935,0.0525464406167723,0.0510564715094781,0.2629821160456499,0.2996743642719502,0.0438661198567968
6936,0.0563772490951719,0.0462658132556807,0.2561696997141123,0.2769935203956394,0.0443652955144172
6937,0.0551446289630252,0.04264310586143,0.2640711796046338,0.2516345929500987,0.0436282521026629
6938,0.048554097010008,0.0450986687892353,0.2651488049504343,0.2328440492967357,0.0434947348665663
6939,0.0425768508228349,0.039624140712066,0.2646853367806645,0.2086025345691274,0.0424916208950565
6940,0.0365267649936927,0.0376573150389159,0.2702380532035139,0.1933196693366375,0.0394066223285553
6941,0.0325465704676322,0.0349219310890161,0.2766097081295515,0.1817012261188835,0.0360765768990346
6942,0.0333062360332801,0.0304743459681027,0.280407548686809,0.1781535982162993,0.0332000994565528
6943,0.0320159929375037,0.0293702529066688,0.2701142440847489,0.1821981046127527,0.0267047651181143
6944,0.0225213643233359,0.0301584190560958,0.2447663447519344,0.1869801712542555,0.0187769692134697
6945,0.0253572477206838,0.028072452087701,0.2201946026354878,0.2023312250525807,0.0148004731246502
6946,0.0218904747165037,0.0194581541670481,0.1819795314587257,0.1911343781299953,0.0163690791036818
6947,0.0324332991722101,0.0189558417109732,0.1952445876209921,0.2225593261148244,0.0172114138519383
6948,0.0366579299523559,0.0160540904401639,0.1733983744719915,0.258897951187119,0.0196270585360471
6949,0.037707589797867,0.0174526293380603,0.1548004628882815,0.3153722418912617,0.0233708397085101
6950,0.0397473111941716,0.022732400909033,0.1369670583308558,0.3338445239899426,0.0275050339351062
6951,0.0462609964174353,0.0264502739618673,0.1211682965753979,0.3340857294198424,0.0334664535250498
6952,0.0667824295423537,0.0302761251642352,0.1155553362479497,0.3196800969675698,0.0400827319164171
6953,0.0777082528477879,0.0347435068154833,0.1208136755768486,0.3138297309476188,0.0375927379821873
6954,0.0823571108125018,0.0358829647347749,0.1275578560913565,0.3162577950335632,0.0305223652878634
6955,0.08147477291882,0.0365465027392241,0.1385385176934598,0.33050416918348,0.0255830638831831
6956,0.0742517553214235,0.0412529831129936,0.1488383666059332,0.3539594967049862,0.0219749482920079
6957,0.0630497784122378,0.048094852126098,0.1622145170401683,0.3836877926304117,0.0196047742145289
6958,0.048925129883642,0.0379156641114882,0.1806775015662266,0.3942331671014176,0.0172140195818128
6959,0.0407112795515833,0.0383050807134496,0.1827644342475841,0.4347617137175579,0.016028001799719
6960,0.0391990799396695,0.0339430492206963,0.1886185003044701,0.4977367658899372,0.0160240990812042
6961,0.0373622627289559,0.0300677204608247,0.1963219926622392,0.5528613632054141,0.0169426499508515
6962,0.0357688737644296,0.028952758851627,0.200724129817351,0.5996877413408823,0.0186541728736623
6963,0.0361466951752887,0.0260697133695513,0.2081099299328861,0.6216398704855971,0.0191772319245287
6964,0.0343422340009022,0.0267403319402859,0.2127724516140126,0.6164969202487138,0.020277698573698
6965,0.0308742191858302,0.0333099950328993,0.2190205838641971,0.6030365315460974,0.0212390764978025
6966,0.0253162795013776,0.0396282399211093,0.2367549629793322,0.5792256543540877,0.0208273010547615
6967,0.0179410734148588,0.0449772116109068,0.2476007451478753,0.5552132325014215,0.0191740633530551
6968,0.0117389101185619,0.0491417870085756,0.2634070282956656,0.5359581344088875,0.0150175655492441
6969,0.0086516677213767,0.0512094829401461,0.2705906431597513,0.5215354007513853,0.0143596611233239
6970,0.0102476527994308,0.0510639942875909,0.3126699541273111,0.5239631008967804,0.0142319988672187
6971,0.0126027370130188,0.0638134891998481,0.3579482879487228,0.5135466914020115,0.0167526992106258
6972,0.0174633556025733,0.0701053540132253,0.4064343582667309,0.5055966854493896,0.022951247976376
6973,0.0276594126882106,0.0590707458386679,0.4239188181198584,0.4939913223936516,0.029587331598308
6974,0.0398624754515107,0.0506967162337688,0.4435294163630122,0.4566928256251626,0.0327359899539225
6975,0.0514781153562817,0.0410611557601016,0.4565866701957228,0.3870175416354599,0.0372831235396479
6976,0.0593507000190742,0.0273090933433522,0.443904282134648,0.3366951049848854,0.0440971430222104
6977,0.0539586488433859,0.0244331175244736,0.4278862705496091,0.3123627135169106,0.0420358749304827
6978,0.0444044582954289,0.0210387223873984,0.4094499571117572,0.3064236214360774,0.0354248678593785
6979,0.0321004069362743,0.0167498743618769,0.3932682630979496,0.3072106953626577,0.0333319019034235
6980,0.0260013708171914,0.0195795807871319,0.3695466838549159,0.3149708329157412,0.03158074782694
6981,0.0241605419335764,0.0248953095306329,0.342519615869399,0.3188995848113531,0.0307436889459976
6982,0.0179428151925814,0.0186090288732936,0.3312462289316691,0.3658333827417715,0.0242786929294178
6983,0.0173938882388089,0.0176950614231333,0.2893091862955982,0.3289181182078736,0.0231536302288756
6984,0.0211455356180417,0.0145194093579097,0.26510136870395,0.3170452122403051,0.0231169713759206
6985,0.0219698017049414,0.0171818965924771,0.2623482777833847,0.3234823584050564,0.0239153497013985
6986,0.0201793277359173,0.0263852188789703,0.2614280924622538,0.3139451880075971,0.0276625355505136
6987,0.021827796166857,0.0347240828475293,0.2655868101369145,0.2977401399719118,0.0312479864188546
6988,0.0267029896867493,0.0372110201882985,0.2624426415105599,0.2853739392050995,0.036238554918645
6989,0.0323744737295355,0.0330744262586849,0.2703774529234089,0.2722445730236073,0.0389781602186822
6990,0.037432838010151,0.0315657357997691,0.2658496814314278,0.2590278482823256,0.0426787998032256
6991,0.0422358281094386,0.038608861054746,0.2642384045973105,0.2430564904397116,0.0436955263065343
6992,0.0440514500867577,0.0372236795419022,0.2679141423888508,0.2244114190839208,0.0467271529881167
6993,0.0571532587179756,0.0372393102914792,0.2293631343758057,0.1983138082460445,0.0630944680525284
6994,0.0612946134534069,0.0249874851440157,0.235799004365162,0.1453332944762389,0.0666620730678635
6995,0.0896111733983116,0.0338159780704968,0.2560975165598549,0.1559899328688368,0.0757969391541248
6996,0.1083332318768505,0.0261725266457107,0.2562980269090101,0.163389439664541,0.0837449935279859
6997,0.0886826974562113,0.0244007956547392,0.238326304632351,0.1565102225465703,0.088521185107828
6998,0.0650869102948028,0.0298444358021087,0.226946771831733,0.1326360603329338,0.0939656012921542
6999,0.0554858634366966,0.0285301546994226,0.2266260962285513,0.1119602045703692,0.095595699689566
7000,0.0639203760831677,0.0314474508427407,0.2227921548788324,0.0920063272644177,0.0967588337730675
7001,0.0639051455266389,0.0338213852899678,0.2201240776765516,0.090190456902585,0.0970375289817405
7002,0.067231918319465,0.0339874213146565,0.2274564560808026,0.0928336438797737,0.0939462184633589
7003,0.0725742516330106,0.0311167164818011,0.2227352071890552,0.0942105374475099,0.0922636969688052
7004,0.0791841938544917,0.0345318252074951,0.2214241985691747,0.0958428615426196,0.0893224598316961
7005,0.0887693840573117,0.032160505681624,0.2078106403399736,0.0922071917637516,0.0894795211175257
7006,0.0796037249850056,0.0293760033870989,0.1758840641833051,0.0910345197570419,0.0911205533638818
7007,0.0845597174670948,0.0293831560039366,0.1716154918197082,0.1038867249677351,0.0898663973395655
7008,0.0839853104925111,0.0246419496046686,0.1592034588306826,0.1122463094978229,0.0907927277611427
7009,0.0825214665776118,0.0300067584069342,0.1416078525003631,0.1178308040877272,0.0916650006171188
7010,0.0825420566310665,0.0284912693525273,0.1255187031627103,0.1320678058190894,0.0927014258841942
7011,0.0820810828648642,0.0242666073804912,0.1116671486202812,0.151920261798999,0.0916953624754329
7012,0.076366560849471,0.026024706481412,0.106793304902347,0.1734514582757826,0.0941386090198635
7013,0.0756774832667629,0.0275104340390031,0.1030590896620288,0.1857844786108327,0.0944514873986803
7014,0.075870462459918,0.029098182868779,0.096325597127414,0.2010696289753921,0.0918696894133187
7015,0.0750215121160912,0.0328145209282853,0.0893970809132137,0.2084173281012582,0.0857193575236347
7016,0.0581745398784243,0.0327583743947916,0.0727021697381143,0.2119827828640796,0.0759073110110609
7017,0.0658103713007765,0.0331540373504791,0.0478922274122187,0.2146550608313125,0.0798029910432682
7018,0.0747974326895728,0.0319540147939413,0.0361692372418742,0.2029027450262689,0.0994853388504523
7019,0.1016674350814865,0.0412528082938552,0.0434613709357654,0.2174251676612068,0.1150242271865064
7020,0.1156277886961277,0.0301120985619476,0.046526948548538,0.2269118030323419,0.1193880266333251
7021,0.1257882417294785,0.0230913728062589,0.0467269116152338,0.2264934206318089,0.1160032938068032
7022,0.1296520370431526,0.0248650554645542,0.0538058576288454,0.2324187108895744,0.1151517485291262
7023,0.1386104748959333,0.0278037161454179,0.0714043363238454,0.2290827458410767,0.1076464427290919
7024,0.1425617372658965,0.0305398901282015,0.0950896813333881,0.2369437263478422,0.1065127222136909
7025,0.1432117878071276,0.0357306242445983,0.1086506067249948,0.2403769949489631,0.1041110323256669
7026,0.1403640011869276,0.0338162854660154,0.1141127430133018,0.2435882800167604,0.1032605854186327
7027,0.1313577663235281,0.0362470382697074,0.1147096302419273,0.2486076456511314,0.099855349038688
7028,0.119845463354371,0.0409388315980171,0.1212734065261476,0.2376809589525529,0.0960851841716966
7029,0.1122036710405544,0.0401563146271411,0.1299625448997142,0.2322394319530213,0.0927076323551225
7030,0.1024158672954938,0.0435621659848024,0.1492982957671622,0.2609262092125103,0.1247025343680845
7031,0.0959017414453515,0.041539237226747,0.1585493443258855,0.2605596294333787,0.1192507830551515
7032,0.0816350851333766,0.043446850295643,0.157194901619862,0.2625595357976637,0.1076935022622288
7033,0.069442427078661,0.0492373364514107,0.1444537083499008,0.2461783749005258,0.0926356004452773
7034,0.0719318480687902,0.042128085765524,0.141856124949231,0.2240655903207456,0.0878054986704611
7035,0.0733893806613564,0.037321313790766,0.1445033964817943,0.2085161571268897,0.082891108627405
7036,0.0667110385956541,0.0360169132936834,0.1358423125909656,0.2048034067656273,0.0791933601038965
7037,0.0550818533691074,0.033563174394785,0.1183869115169352,0.206733955437548,0.0732834655738953
7038,0.0479314201352729,0.0257357622719884,0.112580513405096,0.2032953100976313,0.068420741161941
7039,0.0402014975509833,0.0169290068022508,0.1174101122886894,0.1899409095996322,0.0621673554341573
7040,0.026797785618862,0.0154010588042792,0.1111602009441765,0.1785221421652603,0.0513711175560796
7041,0.018582187099041,0.0173126087973241,0.1025939835656425,0.166583753429604,0.0532382454659529
7042,0.0133280943530567,0.0154347659520013,0.0811063478009341,0.1524943620712621,0.0575403865775944
7043,0.0176260556441234,0.015410444745102,0.0809060184049555,0.1420041207133272,0.0665799013103383
7044,0.020379724586392,0.017134358796347,0.0802032822280034,0.1310038082389569,0.0707619910597162
7045,0.0240395202087772,0.0198320725483631,0.0783505855590249,0.1146638181593129,0.068617021048829
7046,0.0273287811802296,0.0210109849720616,0.0810842020625994,0.1012060069946248,0.0683841318965011
7047,0.031138782363361,0.0238649936298202,0.0931077980173078,0.0815017084387469,0.0628224104714573
7048,0.0341344414511692,0.0292677692591143,0.0943870062865365,0.0718778020207273,0.0612125405373998
7049,0.0368208483784818,0.0240502998377799,0.0974235552569412,0.0695187333738965,0.0576784546596574
7050,0.0356776310681103,0.0201570987050795,0.1059198375897634,0.0649303821291466,0.0531891163839916
7051,0.030268895976944,0.0198153103527575,0.1082238887902744,0.061312985425586,0.0486049876868351
7052,0.0236193116252179,0.0196271257236541,0.112732241123589,0.0612104067140851,0.0460247371201043
7053,0.0224673751214094,0.0193791243026402,0.1180626312194791,0.0616347318418517,0.044941479541701
7054,0.0273295515806476,0.0184454028350391,0.1301055730483662,0.0609483025455523,0.0583792279406064
7055,0.0220362547943022,0.0141275538062694,0.1248589888359024,0.0579725349558121,0.0559679489747067
7056,0.0182062159340722,0.0103929239479657,0.1218882322725661,0.0560920406555727,0.0547224313311983
7057,0.0197435619349494,0.0114104847285878,0.1187542129430447,0.0508473858120998,0.0534146775373377
7058,0.0188004976422886,0.0114296819084116,0.1155026785519449,0.0476537246701824,0.0520796787327395
7059,0.0155901944339844,0.0211520198647596,0.1132175477508298,0.0443169270015873,0.0556821124416214
7060,0.0169596905640053,0.028996332166762,0.1118297687604417,0.0424439420596135,0.060214379876749
7061,0.021847939435947,0.0302644941567564,0.1172427358271028,0.0455603077863101,0.0625255432306552
7062,0.0230663662807347,0.0299565079972854,0.1154846685472723,0.0527530835769947,0.0673918455287148
7063,0.0164759203176461,0.0262937494008677,0.1157055234935534,0.0598197850432295,0.0761975737611314
7064,0.0083168367590516,0.0213893806228423,0.1168577471452951,0.0589895546396849,0.0832703800674128
7065,0.0052157027306403,0.02422135848275,0.1127934990841361,0.0517020078951461,0.1001662804092587
7066,0.0078355915949431,0.0148845654182426,0.115429763869519,0.0734203777238574,0.1006390241161322
7067,0.0064676371409099,0.0181289808580891,0.1198148667657537,0.0792661112545851,0.1224327498947917
7068,0.0091067176616499,0.0333158098849885,0.1156812385451499,0.0876462618955012,0.1308868300761796
7069,0.0133166872611066,0.0452887597956787,0.1055908431287775,0.1036418034419066,0.1350328632635764
7070,0.0153338342224858,0.058044116327104,0.0820652401452859,0.1134648835222564,0.1349780124731529
7071,0.0187491893002494,0.0653249880831536,0.0734476140246721,0.1230327199898383,0.1330998257202014
7072,0.0232908152816343,0.0739284255493859,0.080636337403605,0.1551993769443438,0.1336915773215126
7073,0.0205155308986904,0.0824085785014697,0.0859742076244894,0.1995456904557834,0.1268979449216309
7074,0.0185429109494662,0.0827789012706005,0.0874126885580144,0.2278444359849869,0.1293272190141963
7075,0.0201006384348718,0.0768442117462983,0.0948199314892847,0.2453574200137366,0.1318173928179178
7076,0.0221826200690265,0.0689778843026166,0.0977164827021191,0.2672902982518584,0.1385560633778135
7077,0.0216356368957583,0.0586723261891379,0.0944553150411948,0.2920068022130606,0.1456657137948827
7078,0.0232950971831432,0.0403311571968366,0.0815409604624243,0.2794725960923924,0.1444011484344937
7079,0.0233178405034336,0.0292366934810952,0.0773419492597535,0.2922064573074925,0.1583078140564864
7080,0.022750246073078,0.0312788266965264,0.073968307387507,0.3085087227667855,0.1665704737812302
7081,0.022489510226997,0.0318049073854779,0.0713543968855837,0.3075182193906867,0.15851596197602
7082,0.0275351599115647,0.0290984035633411,0.0712408900540957,0.306092363293381,0.1561341350768854
7083,0.0335516140586139,0.0274986284408774,0.0730807969967499,0.3060067105125708,0.158168622700133
7084,0.042734155357988,0.0323868690341714,0.0747982120536189,0.3106307943120351,0.1571026333791722
7085,0.0529523267903057,0.0350814192960688,0.0759271616065742,0.3169266240547308,0.155820172396402
7086,0.0611848097953859,0.0347072469629684,0.0784061493611209,0.3210114152859009,0.1574759647961375
7087,0.0590746925161726,0.0362727803803565,0.0840507125088063,0.3126410071388434,0.1693132745256414
7088,0.0507419639136055,0.0297959564845602,0.0766589526046042,0.2932582710825012,0.1920045913663639
7089,0.0443533361539458,0.0235046905117773,0.0645525246657126,0.2448063092013241,0.2080496541947137
7090,0.0446328441128758,0.0257283821139623,0.0639869588610202,0.1732131441423305,0.1945739017876518
7091,0.0504884423557196,0.0241635621332887,0.0772501321275317,0.1570228291743054,0.2123767743050673
7092,0.0541699202419987,0.0251479012657908,0.0810085658253764,0.1473327697346834,0.2181884907504836
7093,0.0593980062416887,0.0316420303414887,0.0830632690657464,0.130182696928044,0.2192990300942269
7094,0.0683132031469976,0.0295546056156892,0.0908152604766693,0.1278143303564697,0.2249764077422126
7095,0.0897715045620796,0.0435676003945493,0.0996744077137345,0.1455001371129622,0.2197342087117615
7096,0.1089929117404061,0.0468732417174253,0.1315912683913054,0.162149589469793,0.2144040171370527
7097,0.1182745113018643,0.0501484891159341,0.1632162805142878,0.1654285805636242,0.2195009298822463
7098,0.1156130184919426,0.0519722460286058,0.1898817253667549,0.1489795277146468,0.203448775943048
7099,0.1146155469169689,0.0497637716451939,0.204408475971117,0.1369068584621076,0.1824945551068419
7100,0.1119257759040041,0.0437561208712612,0.2071662068068041,0.1474268435470954,0.1593351908813089
7101,0.114536694448924,0.0323626598768258,0.2020540149899939,0.1555420720886602,0.1516512604310394
7102,0.1085769764870972,0.0393800226644648,0.1904979872526751,0.1555621050491105,0.131126966111246
7103,0.1118591744671834,0.0473018566691722,0.176803669392403,0.1647692671255669,0.125319665357041
7104,0.1104266172300427,0.0453186157809239,0.1625162247831705,0.1631451219179766,0.1136807776605442
7105,0.1065170282818888,0.045655285141976,0.1482731034485426,0.171504619411897,0.1050594870071257
7106,0.1054584034104698,0.0470277182372812,0.1410305590680903,0.1905369331855417,0.1027631350425666
7107,0.1070407772275923,0.0394380328198549,0.1409448310641157,0.1936103554358684,0.0930359004957442
7108,0.1077051825687439,0.031328074511343,0.1427681039017496,0.1939457757629913,0.0882609738390608
7109,0.1107976123600811,0.021315174995223,0.146578826135627,0.192917572705587,0.0888574634076817
7110,0.1138650771564756,0.016340995268809,0.1564572332764103,0.2100464508151964,0.0951217796005149
7111,0.1106318610178124,0.0173974568418142,0.1589322280628903,0.2389702234129505,0.0963015914701524
7112,0.0932988598097885,0.0190926516293764,0.1390722058679269,0.2631813768658119,0.0890251869175551
7113,0.0720695161982546,0.0204854804734192,0.1138973392598587,0.3173577285313455,0.0936796629537129
7114,0.0714159190821431,0.0367628303093474,0.0925753282140509,0.2749386689401433,0.0841665564108609
7115,0.0876035218418197,0.0307436002679948,0.0963529308779996,0.2998368743351759,0.0791896136951261
7116,0.0859576774584567,0.0303331405641686,0.1187433110286077,0.2908835761754365,0.0829471101388597
7117,0.0820292355667716,0.04068755776694,0.1290996617369994,0.2728861689279462,0.0861895695541131
7118,0.0879750276184159,0.0450207090074416,0.123367447528005,0.270346300782684,0.0944011714920237
7119,0.1038240835165528,0.0297382768792714,0.117997678441266,0.2467772388285803,0.0983516081903747
7120,0.1168532687734956,0.0261187292949883,0.1515178172377728,0.2265915346588057,0.1000801543350237
7121,0.1146349620281863,0.0241547067118916,0.1939852035388852,0.2206435296215031,0.1018995376970021
7122,0.1149132467448394,0.0294584749855805,0.2088897285100577,0.220002560035013,0.0986645300498133
7123,0.1158691017701647,0.0292714787088164,0.2237047399950736,0.2256049058977646,0.0919455397445342
7124,0.1099434426801791,0.0303161241489257,0.255354903322978,0.2310819894327845,0.0882376643762212
7125,0.1007957623257512,0.0358081009779569,0.2860131474762646,0.2389775917696749,0.0850031933413717
7126,0.0959471430071963,0.026840865328411,0.3222571571966378,0.2531621620131425,0.0894314845293046
7127,0.0835776071708444,0.0314258547981476,0.3103166876969492,0.2480834859698021,0.0799910369709008
7128,0.0792350700824057,0.0392914294795304,0.2985364725140492,0.2422250098552723,0.0716130118085012
7129,0.0805938771788766,0.0355794959773979,0.2828472807312831,0.2247578922607903,0.0671460049585681
7130,0.0911146487658317,0.0321007034641812,0.2635059115600122,0.2118027577087315,0.0715373114713004
7131,0.0933373052872414,0.0297860114459554,0.2524342415321282,0.2098791797725084,0.0770429011482116
7132,0.101647341917408,0.031226701155533,0.2584577000583286,0.214827496465667,0.0821388689197384
7133,0.1120025395926798,0.0265932504978965,0.2748530777617233,0.2294351509894526,0.0819538530889667
7134,0.1142452014654505,0.0206727117820435,0.2810105992309495,0.2465262196985317,0.0754412946647592
7135,0.1013984602392271,0.0192686466117862,0.2822938882826478,0.2781069929586999,0.069025431386935
7136,0.0757126134520319,0.0130108201419546,0.2855917374033718,0.3065626297722694,0.0666532162990083
7137,0.0643825107319067,0.0096160241042782,0.2839767101179915,0.3316892267303529,0.0701790134518833
7138,0.0490373586039967,0.0175118562120326,0.2638060398859057,0.3073168427861902,0.064984896850926
7139,0.054392688914363,0.0148774730388182,0.2875652200379396,0.3688431642124938,0.0758183075499944
7140,0.0543218284447626,0.0125003886080784,0.2757988484812906,0.3984834795915083,0.0832721295721526
7141,0.045823279702454,0.0108206240082326,0.2626479561800661,0.4031362390229352,0.0881756657819056
7142,0.0395842735077056,0.0106868492619315,0.2380043836670523,0.389946616351128,0.089569932278736
7143,0.0355871803380039,0.0145211795724593,0.2019331053267069,0.3716311981165201,0.0878367835742683
7144,0.0355708982844316,0.0203347234038913,0.1955350702459702,0.3614824802665697,0.0920784578877064
7145,0.0290952470396142,0.0224311035567734,0.2098799467194358,0.3649913090215891,0.0868299004566562
7146,0.0183470780161916,0.0188956756638285,0.2441551645858179,0.3827478196809503,0.0851309390185647
7147,0.0133301585275671,0.0153620229731659,0.2848733060287501,0.3986139343867023,0.0847708174598483
7148,0.0135110687317435,0.0119926156218015,0.3258788483715745,0.4135800901608984,0.0841071831936779
7149,0.0159872478526764,0.0100055356637865,0.3750706007622883,0.4192998800472753,0.0821221247692698
7150,0.0276795887885252,0.0113174010130628,0.4433248225386739,0.4498463981154288,0.0878703900683061
7151,0.0326224012125726,0.0081034876266286,0.4541240536638037,0.4260409952464607,0.0811273770971847
7152,0.0393106598319529,0.0097691787583354,0.4727086369402998,0.4199702687294937,0.0754620508173613
7153,0.0392902787210733,0.0104709372158654,0.4924084360928232,0.4123122501905762,0.0757778474991248
7154,0.0362740091088604,0.0127841064782035,0.5069241655926746,0.4026152256333868,0.0736523479045371
7155,0.0349534305677298,0.01502404691222,0.5071227787983776,0.3943175060554262,0.0730311051515533
7156,0.0339503145666401,0.0147749588273403,0.507373999446297,0.3841498999276931,0.0736865661884401
7157,0.0337044596571107,0.0166215545149112,0.5082604123993693,0.3886154035385555,0.0752483599268136
7158,0.032592697129249,0.0168798985320973,0.5086770563901177,0.4015472396632934,0.079993960547824
7159,0.0323747557354089,0.0173594122699791,0.4958791289026253,0.4271357528761666,0.0726255684405459
7160,0.0259702569846595,0.0221589137638821,0.4889258862429838,0.4363827693485794,0.0614733475378397
7161,0.0148883315090236,0.0235024454886917,0.4027472123987426,0.4285595761016685,0.0556102309983694
7162,0.0160114664263212,0.0207584001333059,0.3457204076366677,0.3366700316940161,0.0676566229227411
7163,0.0185911981432955,0.0216727933171716,0.3764683550977863,0.3656722777956572,0.0646286303724584
7164,0.0202015678818534,0.0264084800541792,0.4032945857947905,0.397260040878341,0.0628981824293585
7165,0.0202163422098997,0.0291807154105811,0.3923447894629988,0.4208178440004334,0.0604696311459179
7166,0.0181198769163214,0.0288275080448382,0.3976589159853204,0.4178100544865997,0.0598813705348106
7167,0.0222661896911318,0.0279431007432564,0.4305442812986474,0.4721740425902883,0.0574770624826639
7168,0.029772242633496,0.0336832565495486,0.4493997170386519,0.4779457770599783,0.054647127656373
7169,0.0316030919410374,0.0358070757466396,0.4747457529492846,0.4694779564152316,0.0520434815735233
7170,0.0347178113082772,0.0369227471404429,0.5005358111955829,0.4573139504002303,0.052514213552214
7171,0.0375860291799062,0.0351223608989447,0.5252405362770224,0.4333078073677137,0.0510614361080111
7172,0.0390617884168472,0.0380821147271447,0.5506300097460891,0.4033426034393271,0.0480652830471169
7173,0.0393710110563402,0.0422653117739702,0.5725436687019351,0.3732753829196686,0.0437583984803742
7174,0.0563560316383624,0.0609842236768967,0.5905020133373619,0.3431346912240956,0.0434609175135923
7175,0.0558780120637322,0.0568290702277432,0.5794868678062308,0.3055390915271609,0.0404072443167451
7176,0.0569970849910073,0.0516543004766534,0.5688824230630216,0.2740518980797467,0.0387656078603654
7177,0.0599270430760559,0.0501763282277518,0.5392774625050821,0.2656956758850711,0.0390794635998258
7178,0.0612466674608345,0.052666840661139,0.5169600953804113,0.2636196841870757,0.0395316196224252
7179,0.062368743168824,0.0534858500441525,0.5048255863455297,0.2475934715319131,0.039002637526318
7180,0.0598220618342266,0.0514174535520505,0.487415855595729,0.2404722265496014,0.0361285836056523
7181,0.0618626220477041,0.0469216647386414,0.4574755549129982,0.2361225024744296,0.0323355432056757
7182,0.0603437629208142,0.0405778951160792,0.4169467039269688,0.2224127077117336,0.0300789787027742
7183,0.0586780847515667,0.0353116294653119,0.3793737667095093,0.2053054234145081,0.0272306285376734
7184,0.0535629403097997,0.0323776557297983,0.3407579894032369,0.1846499823558654,0.024488304012154
7185,0.0390679260759576,0.0275701425280089,0.2927842759454278,0.1642142086315208,0.0246840468248307
7186,0.0255308000462703,0.0109052752182316,0.2561820050659321,0.140857477815026,0.0232240731427109
7187,0.0355368530349475,0.0153489375832216,0.3037901128410498,0.1383195672266254,0.0254390690929521
7188,0.0457676440839597,0.017017864620956,0.2894983703036429,0.1391793606200439,0.0287289411197644
7189,0.0497465180188843,0.0188663047079378,0.2697561060468357,0.1366618139960693,0.0322877504920954
7190,0.0473988565628373,0.0205643564709513,0.2434155094976476,0.15004563360054,0.0348092146558948
7191,0.0589239689551805,0.0161945388007287,0.2210551902017799,0.1624436650433266,0.0310229052663502
7192,0.064324057211682,0.0145626975107609,0.2146604086959435,0.1779097157090205,0.0286060564680239
7193,0.0665974573739299,0.0115281786103376,0.2217414841064138,0.1882525810200324,0.0229505107882238
7194,0.0683392280912777,0.008782364418686,0.235337828246105,0.1933976196401788,0.019189269293324
7195,0.0662287097682737,0.0075173966636058,0.2577336680609522,0.1940165994548143,0.0170035887665398
7196,0.0563999690541021,0.0084364730681002,0.2708541044113649,0.1949591941799311,0.015287503313124
7197,0.0498853976886884,0.0078252921075434,0.2824578210832138,0.2044419728357513,0.0147761586219568
7198,0.0520900875645078,0.0129027521828322,0.2924138660188798,0.1858380022468218,0.0185876374475674
7199,0.0520091063969061,0.0096513917641472,0.28028471001072,0.1939220048457252,0.0175722456175042
7200,0.0533578901166435,0.0123889781617062,0.2754893030927953,0.2038193482460495,0.0164079214534851
7201,0.0544062423015721,0.0165712038051061,0.2737737986123336,0.2072164477116768,0.0167038662351516
7202,0.0619981345996076,0.0229505858438275,0.2682415046298181,0.2111480099489145,0.017850907068913
7203,0.0663509230678786,0.0300523870159564,0.2598402771203907,0.2188196377047196,0.017810232813178
7204,0.0661315362133061,0.0339887348080196,0.245340994849558,0.2255706010398197,0.0177411040522119
7205,0.0638259573527943,0.0386584485468177,0.2321954762314963,0.2231595304901812,0.0178816034946798
7206,0.0605050379419353,0.0429866019328541,0.2154202057970287,0.2202497387768924,0.0181454223937897
7207,0.0590751114412475,0.0460923874980766,0.1947894881281718,0.2209112915675096,0.0170420103619459
7208,0.0607077631233562,0.0483945821202206,0.1609998572545488,0.2171963490411082,0.0144058920670044
7209,0.0540121209800594,0.04359684796526,0.1553944767745158,0.1846535467533754,0.0122286793367214
7210,0.0509878207803914,0.0324182316420479,0.1265313499729174,0.1595102312243622,0.0156190858827274
7211,0.0478473089941402,0.0306372053615852,0.1203173432947501,0.1539745479216782,0.0165393332952559
7212,0.0449931312989411,0.0329064593817589,0.1205004886550915,0.1439898365701257,0.0170214831153991
7213,0.0390665407010602,0.0319673961261146,0.1198794211231863,0.1353778035408824,0.0203602621753988
7214,0.0380984767255985,0.0392659120770461,0.1114587416200871,0.1404952914470883,0.02665822428593
7215,0.0405336345798849,0.0380307487940721,0.1143740184775613,0.1503800676319232,0.0303568010555278
7216,0.0412500711231499,0.0392960109371416,0.1143527882969727,0.1767849826237594,0.0298141288728269
7217,0.0405002469340225,0.0388892929505993,0.1163646190037353,0.2121744166440578,0.0230846034320531
7218,0.0408924714133611,0.0370998748825035,0.1167387831177669,0.2401323479905638,0.0201252947328813
7219,0.0442476352750392,0.0374430011387759,0.1157046803484716,0.2510706376735489,0.0175411028214789
7220,0.0478600003060589,0.0367456349725814,0.1110533726247126,0.2503727280376229,0.0147013366447929
7221,0.0533995603102834,0.0325537524439413,0.106564519885162,0.2400407187659728,0.0143398234731332
7222,0.055649813371237,0.0267875848385645,0.0991735807524871,0.2052902523971247,0.019732280568662
7223,0.0560843909264251,0.0215158033617607,0.0953772933358988,0.197579190318598,0.0214050327424073
7224,0.0560213998209778,0.0239650368577055,0.092240869191809,0.1974840264546067,0.0225656688982359
7225,0.0560448847847787,0.0298753024012353,0.0902765543344928,0.2036316681297539,0.0237465660875215
7226,0.0555760454748382,0.0274112751857167,0.0919363016301607,0.2094886240242461,0.0241545802946262
7227,0.061842113690956,0.0221254786438313,0.0909559553115517,0.2199159308440391,0.0242179080278136
7228,0.0649254807430247,0.0205322177239408,0.0930587160002281,0.2341732254923562,0.0248106564139017
7229,0.0605768737733284,0.0191361096809781,0.0921752454533707,0.2489014333307981,0.0268748097914272
7230,0.058521821684003,0.0187999759277692,0.0936916667149842,0.2602396357002511,0.0285752086374883
7231,0.0566296665895158,0.0196415263029766,0.0942081651075422,0.2724315816093793,0.0280719142295323
7232,0.0544276801502235,0.0228978202256734,0.0872109817520885,0.2731798433955585,0.0223563888719916
7233,0.0525409178749363,0.0256352811671587,0.0761223409778203,0.2527910701087211,0.0192026725678899
7234,0.0531576759341279,0.0273875609023564,0.0812737198318608,0.2055209608882847,0.0223357998629588
7235,0.0601882190421465,0.0241115506792497,0.085982774550664,0.2058817301790068,0.031541004732399
7236,0.071634081662206,0.0263124697531573,0.0832450637420808,0.1978679087904381,0.0390438233132402
7237,0.0824548199132194,0.0383094536668483,0.084376636386002,0.1917020630265682,0.0445873754432349
7238,0.0712461826900722,0.0466934669934062,0.0812306574755184,0.1863049273296979,0.0485015492663542
7239,0.0573420010330254,0.0543104166900836,0.0797293850465911,0.1848110425533276,0.0501289265926035
7240,0.0552847172138928,0.0601454464531011,0.0877407096968063,0.1957315574442643,0.0509652194826426
7241,0.0525507072503379,0.0626593058779898,0.1015891168212089,0.2196992690112306,0.0445186383019722
7242,0.0526587750987864,0.0581995278042378,0.1066503169078204,0.2404028168868528,0.0389149505362101
7243,0.0585658283745929,0.0523226478521011,0.1087068092863126,0.2497280500259523,0.0357195961617852
7244,0.0677441246847849,0.0490737528431995,0.1077307595276081,0.2484893875722821,0.0347560287968133
7245,0.0754025877351443,0.0437407146732119,0.1044029989746515,0.2413162358873774,0.0355824874182378
7246,0.0825376769647733,0.0348800955452339,0.0999157990142553,0.217287210703002,0.0372413640548109
7247,0.0823676540030434,0.0329349950726614,0.088831985286793,0.2006759087461161,0.0394493487302241
7248,0.0913634144662197,0.0302683152154059,0.0837703532581714,0.1899371684354821,0.0439136360409751
7249,0.0992851975033368,0.0305026717450231,0.076302675143969,0.1773412528799031,0.0478363752795515
7250,0.0998758084162943,0.0335161458910985,0.0715957982565197,0.1753450792359987,0.0500126906358552
7251,0.0917963125031288,0.0337411886779574,0.0719140469099558,0.1721086625264348,0.0487676465125553
7252,0.0922387375618088,0.0341424870311439,0.0752792910747494,0.1672580610753617,0.046459294015534
7253,0.0901526763836483,0.0370102865749468,0.0765106976066405,0.1635039314259406,0.0427211647391614
7254,0.0904489507204441,0.0367993129793893,0.0755230032471376,0.157832744103738,0.0400895047804053
7255,0.0916780777715152,0.0391820561674127,0.0723342278568474,0.1588446749784652,0.0365700954073374
7256,0.0975514968860217,0.0341086678042208,0.0636643570378626,0.1554623296187,0.0312297569921007
7257,0.0910604106666709,0.0318599158752138,0.0527010002166713,0.138292889564319,0.0320707941334429
7258,0.0753842202854225,0.025285838510483,0.0467683022930064,0.1128330415535876,0.0308520608681242
7259,0.0736124982940886,0.0224073676920499,0.0478439674284919,0.113047426928612,0.0408485420101964
7260,0.0705401505171621,0.02830370379977,0.0511953032795447,0.1173769195660857,0.0504974108154315
7261,0.0751958582199931,0.0321332486306694,0.054113579849919,0.1189118365413844,0.0542758384392299
7262,0.0738750627263194,0.0318898523895673,0.0591357659908064,0.1266604467583801,0.0570211567040897
7263,0.0667066348862521,0.0285582541014845,0.0624231775073925,0.1405415812347543,0.0548405234842527
7264,0.0589766028079695,0.0252084591683125,0.0736740736158403,0.1661075356484248,0.049824807047983
7265,0.0673205401357492,0.0264659542965093,0.0891869431809902,0.1868441668766596,0.0438780994909958
7266,0.0813173467726251,0.0259863161648754,0.0984816145582135,0.2014969491960374,0.0390901853809116
7267,0.0922770836063603,0.0241382970620868,0.1029070029256783,0.2084125835468248,0.037508992745629
7268,0.1041134855315463,0.0209558854027876,0.1073857525891376,0.210045393606876,0.0381560544649532
7269,0.1117168074307238,0.0191514077844463,0.1083827687749904,0.2138935683388333,0.0410387422850444
7270,0.0966320237961612,0.0175041603759793,0.1048037958741953,0.2062228867184971,0.0395215238439095
7271,0.0944457132139168,0.0166791443576715,0.0990595044631064,0.2184905393703277,0.041312976392631
7272,0.0898635729283699,0.0167504359311955,0.0934557181105596,0.2219793993054317,0.0435620121205682
7273,0.0787468372415744,0.0167901730530945,0.088657973106502,0.2282062918401011,0.046248393383189
7274,0.0726783309724392,0.0175020331850905,0.08311057960055,0.2346504613131297,0.0490833181304342
7275,0.0657751758220675,0.0195847282411363,0.0796870445943535,0.2437769973595765,0.0529369767061401
7276,0.0667537702944469,0.0184599555365169,0.0804193663732615,0.2484163143049086,0.0574684806411557
7277,0.0696074278240368,0.0167512861873458,0.0852561615785723,0.2498894822731595,0.058196745301691
7278,0.0638977975402941,0.0177165157275635,0.0913109655939606,0.2392036708862727,0.0568752241683436
7279,0.055970815945636,0.0181892263717116,0.0938957826955805,0.2299992086353266,0.0517687881270823
7280,0.0594831048216456,0.0162807692093534,0.0825717139796675,0.2271607028839306,0.0457481536017912
7281,0.0657497762619555,0.0147010517024134,0.0576421875071465,0.2190146937061452,0.0487166424425421
7282,0.0444182295035229,0.0115505472755666,0.0453817683424908,0.21580127205649,0.0488785087186861
7283,0.0528766177710137,0.0097364613333189,0.046860916027575,0.2075423780692317,0.0549286707348775
7284,0.0549500087919717,0.0107305074039328,0.0524584269947726,0.1904956072398259,0.0520622750686461
7285,0.0538308139325895,0.0129999865359913,0.0587873700950999,0.1801472629785805,0.0489510084526235
7286,0.0560361002576429,0.0175578719091657,0.0672747332964052,0.1609320532889548,0.0538635765553318
7287,0.0607620156342118,0.0176309716391036,0.0820194985185351,0.139452762448643,0.0544727051918397
7288,0.0672849053549418,0.0172465389038406,0.1107331800662765,0.1332165422358708,0.0529821029931724
7289,0.0709892943259273,0.0182907887897912,0.1356216786916544,0.1344072785896983,0.053483153704622
7290,0.0748283651833418,0.014232320853416,0.1522783774217801,0.1304772400957813,0.0537641365305921
7291,0.0767904143036091,0.0137813272935254,0.1599471773643077,0.1209355871777717,0.0548821053257231
7292,0.0798842986035088,0.0156894559329329,0.1653631666579757,0.1211604614106092,0.0568913436190399
7293,0.0847778330376363,0.0161563701224159,0.1655358661124803,0.1285868008711257,0.0586000175392974
7294,0.0831970316320671,0.0136728553832723,0.1693154817680069,0.1427226567847397,0.0510594515060175
7295,0.0819074845650278,0.0147845845104124,0.1688464114685123,0.1558429955963254,0.0582774750959292
7296,0.0842217735115602,0.0164680659628614,0.1659881357265411,0.1803000710369545,0.0661418720813839
7297,0.0895541708483335,0.0172627282307923,0.1664579265264932,0.2056544584109329,0.0719588640556513
7298,0.0908710242979353,0.0183865216838842,0.1751317528494722,0.2362518800471272,0.072463154688489
7299,0.0885142410724261,0.0226804005806207,0.1842611630882096,0.2561838869853804,0.070279085131421
7300,0.0915191087713816,0.0253191526056885,0.18889685706939,0.2832461470883315,0.06804435059835
7301,0.1017136140705284,0.0250054660792912,0.1968111830120922,0.3122920676385214,0.0691593231390098
7302,0.1123472679903251,0.0321929678804172,0.2098613433660746,0.3374870028684682,0.0679046191587621
7303,0.1188531993958463,0.0314643168244868,0.2209162130509461,0.3553403375377591,0.0613116675790292
7304,0.111733284821162,0.0407144773282226,0.2300265157207188,0.3716860186124905,0.0543397705721161
7305,0.13607846612457,0.0495974299562146,0.1973893718896786,0.3951397179796932,0.0548293487986229
7306,0.1170213804688878,0.0576986741484288,0.1806715437876096,0.4155285186617011,0.0585025435554022
7307,0.1161381243987116,0.0494003370489816,0.1906960528001361,0.4527973234746781,0.0590454154116655
7308,0.1228137351860223,0.055357201695647,0.1974532548582976,0.4613765478293574,0.0585255270516332
7309,0.1406913879910222,0.0554285681397914,0.2158505590145712,0.4602135880938419,0.0530185249431638
7310,0.1577613919438841,0.0540295054296604,0.239947665720325,0.4466705748730153,0.0501396601614002
7311,0.17860188314407,0.0591595039173304,0.2657356186421553,0.4300852537216312,0.050214451509012
7312,0.2094864241376769,0.0829069780942276,0.2810265969104196,0.4272560987368197,0.0465390121087124
7313,0.217804992234522,0.106823764845773,0.2876902275775272,0.4323162417875318,0.0360672851767283
7314,0.2102062357388052,0.1305578683314942,0.2952506367055895,0.4520421485600024,0.033103941096097
7315,0.2030146562674967,0.1357319857227608,0.2954173472144977,0.5015760400217821,0.0348939140409529
7316,0.189541649576711,0.1413897750508194,0.2951647101005096,0.5540906968047015,0.0374576425727382
7317,0.1713713994050064,0.1413751540214944,0.2975087600317866,0.5911542025048773,0.0409787037786297
7318,0.1625035349587,0.096872744096343,0.285424443721806,0.5840639418717947,0.0399280831382883
7319,0.1404350912330418,0.0993654800384832,0.2959255471709375,0.583512640302493,0.0415002981489365
7320,0.1266278629192864,0.1121614535249423,0.3052772605964984,0.5775839705883258,0.0466016150456091
7321,0.1267450252406857,0.1342514124430674,0.3095857585967354,0.5893212486825309,0.0499789620292037
7322,0.1210549891605262,0.1401102529874468,0.3107943391251243,0.6074643390546645,0.0533964753448257
7323,0.1158558857729702,0.1450682139974123,0.3112498830845994,0.6274415977389931,0.0551252767634149
7324,0.1134598479660003,0.1490452152245129,0.3168965035788166,0.630916269797479,0.0582668883754805
7325,0.1096941045341318,0.156100163801487,0.3229779640689029,0.6417312677821496,0.0631604700142783
7326,0.100171242571719,0.1561728652899549,0.3306303367612732,0.6741496521287167,0.0710963539130027
7327,0.0943397998721278,0.1594457753371589,0.3386305132721246,0.7124405892046098,0.0795678023399206
7328,0.0757264355494913,0.1611513026630111,0.3504655827457965,0.7379685605166533,0.0843777380936888
7329,0.0633686599976466,0.1546757631379752,0.3571682348459273,0.754496315586776,0.1096864058921521
7330,0.0482105430537053,0.1095271654926098,0.3149887797809091,0.6509831085172746,0.1092973303674679
7331,0.056292271895001,0.1081546721383022,0.3307868435281731,0.7079173965752535,0.1254883309902517
7332,0.055198543590357,0.1152601559807493,0.3240923867302339,0.7264975016851446,0.1407840381109615
7333,0.0611261171223806,0.1316043745892068,0.3247380497075042,0.7060447954599756,0.1641838785676256
7334,0.0688164556901131,0.1256849771179564,0.3113732421981156,0.6683628914056966,0.1687535851546282
7335,0.0817455771566808,0.1151794962686418,0.3131030862207993,0.6267951845446847,0.1665372208680581
7336,0.0921777349642443,0.1152798339496511,0.326815640825367,0.5991460832499939,0.1675861719264932
7337,0.097591492136633,0.1188972545128639,0.3335377964359629,0.5709168675257733,0.1704382132138221
7338,0.1007956770943357,0.1380975329215205,0.3489036318426602,0.5597206037304775,0.1744560247358615
7339,0.1016526034443035,0.1591475821978588,0.3584039624336919,0.5588821670763574,0.1834285257340176
7340,0.0975522491150117,0.1683166082003256,0.3632787185824831,0.5460800484976657,0.190860213725575
7341,0.0985314082464011,0.1835718384897365,0.3553390452764605,0.5227083636594312,0.203127727253047
7342,0.098746858306691,0.1856647794338656,0.3251157276215879,0.4305298742923016,0.1743672043795454
7343,0.1171776764306638,0.1787223129988895,0.3146867324309742,0.426704098510263,0.1847175070561522
7344,0.1318635800557839,0.1583154963466541,0.3110913171406515,0.448620219260564,0.1955210871521204
7345,0.1333523850539973,0.1454542136524336,0.311220246502597,0.4804906858739066,0.203565519503495
7346,0.1269376113577124,0.1119422751226537,0.3079620553011123,0.505996485683287,0.2101383854888296
7347,0.1238463214912757,0.083762288971002,0.2868780608836105,0.4939981989744109,0.2198359552107458
7348,0.1239230555562983,0.0676683054126192,0.2664295651938397,0.471064890840983,0.2308923016162159
7349,0.1317663153585481,0.0603515614196535,0.2410396204527705,0.4733616260535931,0.2485794490312023
7350,0.1441193644684482,0.0572592794418497,0.2264976498960844,0.4520360150142797,0.2714352769712504
7351,0.151877854971492,0.0497046692324854,0.211417508948436,0.464307034996393,0.3003474487119381
7352,0.1550977374098398,0.0390896562586255,0.1919250657927469,0.4813182665596811,0.3419472660102093
7353,0.1458240663899634,0.0343292125360444,0.1662653576020672,0.4753763264761572,0.3959269647922769
7354,0.1409852904896719,0.0370572140467198,0.1160896982395119,0.4111817589070656,0.4001132506722173
7355,0.1776001003943026,0.0398555899766841,0.1134512613356503,0.4331852065723853,0.4581250963099504
7356,0.229636175271531,0.0445403620224899,0.1022238615314412,0.4481681465049105,0.4773586971033184
7357,0.2084185957230454,0.0668142005391392,0.09512023323728,0.4838908200857701,0.4843376383689232
7358,0.223306344933905,0.1216961156591224,0.0916995313288284,0.5006504402413884,0.486167275073915
7359,0.2428384970406651,0.1371529937170109,0.1114310295794116,0.5434717726688088,0.4973342126066837
7360,0.2779916244222483,0.1655892982556861,0.1325822490990316,0.5442081836761965,0.4566795861237671
7361,0.3086391045891437,0.210310197942986,0.1440129925888029,0.5191651946530553,0.3986423436146431
7362,0.3189869868500177,0.2634624304547938,0.144490136776757,0.5010252614267028,0.3854394622341143
7363,0.3085128407519361,0.2989995432025291,0.1452674478777201,0.4775706083439803,0.3708241373869106
7364,0.3016508753883402,0.3122016220287101,0.1493757268579831,0.4677387617274967,0.3858348517163693
7365,0.3113581371000071,0.2866006624580143,0.1594020506636137,0.4620810200766431,0.4031874602058984
7366,0.3111799007419387,0.171941569705329,0.1697774590280608,0.4516809832800517,0.4113995481626333
7367,0.3026881392497879,0.1657014911948354,0.1792702071303634,0.4653780707859006,0.4080256147839044
7368,0.287636579053954,0.1735717351585889,0.187909232964029,0.4823910515858067,0.4040884327938194
7369,0.2566521768215382,0.1831561888741163,0.1921987918715161,0.4995167438865048,0.4024374253039612
7370,0.2558460669939089,0.1693902827553278,0.1956611836704735,0.4946181861322934,0.3810866846550591
7371,0.2481296302721354,0.1413622818845283,0.1999528950679816,0.4755003998061173,0.3666270008110579
7372,0.2321722426319811,0.1362739557117936,0.2034641772496915,0.4587354153991305,0.3721244289160701
7373,0.2261693756287568,0.1422552282268606,0.2041007624116305,0.4459162625754773,0.3875629617217564
7374,0.2050879294952822,0.1393135902369408,0.1929203475420252,0.4538895779789792,0.3882432596857811
7375,0.1635561560755876,0.1452732029836188,0.1851681156300705,0.4712784092019466,0.370227775717971
7376,0.1205379032811265,0.1781666424566017,0.180741050871579,0.4847591153083758,0.3502070262627592
7377,0.0911837268548703,0.1709259250331141,0.1856511362330132,0.4843747988751014,0.3846361140578796
7378,0.1026442826666452,0.0910674687376193,0.1570013967020554,0.4145103136449394,0.3445744675497463
7379,0.1000191659576353,0.1396072334582752,0.1611686333755604,0.464999755287901,0.3472789508101799
7380,0.0935664605002098,0.1815539395242183,0.1442507165133604,0.5022061555519195,0.3467466833193985
7381,0.0868269302856517,0.1503990566293445,0.1291342049636145,0.553624204302688,0.3181399036143197
7382,0.0732838206217633,0.1783371486601671,0.1163241018186901,0.5648999337837212,0.2791362180079289
7383,0.0894649662938709,0.2317753966367928,0.1091821940569319,0.6069924310527053,0.2649520977364143
7384,0.1016720476351716,0.2203065940301814,0.1175791167512787,0.5914723104090331,0.2729757729564334
7385,0.0962562086179432,0.1940262663186987,0.1238788749360023,0.5525223035353379,0.2746331895361567
7386,0.0894084730269538,0.1716657277704339,0.1372820078858888,0.5294115908479784,0.2711326877327398
7387,0.083394369766302,0.230872092715123,0.1444889185257187,0.5241551561944422,0.2664287707303586
7388,0.0760989703702339,0.251251542681454,0.1434507976736374,0.5168208527409531,0.2594844290552269
7389,0.0652628016870059,0.2154472850762283,0.1491345504459591,0.4979002125645292,0.2478547244911829
7390,0.0564357693537943,0.1148266913247131,0.1549998048107713,0.4725204007418292,0.2287107304688282
7391,0.0641025954820375,0.1021957269267793,0.1621013527934605,0.4355524674670979,0.2388427908088878
7392,0.0533127027042751,0.0704762065378411,0.1650820537104337,0.4061238878987761,0.2686283267912963
7393,0.0358374486206757,0.0670351490496396,0.1697060092690252,0.3768324328135129,0.2927825616238506
7394,0.0394575864662713,0.0656333212018155,0.1717202383565821,0.3445401098060159,0.3115014281272436
7395,0.0405991999310171,0.0610195458507928,0.1655497177671032,0.32762298599342,0.326168031399789
7396,0.0416447301716208,0.0526413619712386,0.1587736079606829,0.3047385005606428,0.343607287617462
7397,0.0472063307867014,0.0500014809076473,0.1545826300539915,0.2821813826011021,0.3665436637876283
7398,0.049798817849567,0.0436251212988014,0.1515883590524167,0.2631996397095305,0.3770888183205846
7399,0.0556095999074044,0.0391496119005854,0.1452389728499264,0.2490278342132827,0.3789668681344831
7400,0.0581812432561655,0.0316008592704837,0.1394084166951991,0.2267723074410698,0.3747076981360522
7401,0.0602010080338566,0.0309793769652587,0.1352741090986402,0.2042639623678055,0.4031081392673265
7402,0.0676701079772589,0.0386416423240915,0.124288958767478,0.1775187559751542,0.4372585258691054
7403,0.0599772163166262,0.0411723244244863,0.1176708089863104,0.1806029865658245,0.456083882545845
7404,0.070320976839419,0.0363238074108713,0.1104077487694633,0.1763754661351702,0.4657001970514499
7405,0.0814932828472017,0.0410198688242224,0.1005423934912923,0.1787839286938297,0.4611313123642601
7406,0.0689575147587865,0.0332936893962357,0.0996999582593531,0.1926840715448166,0.4262180870763935
7407,0.0545343041976477,0.0241867078134306,0.1026924277031413,0.1924821859948517,0.4392451206680193
7408,0.0532844557668688,0.0262140666729136,0.1052882338001673,0.1836230446815255,0.4129464796450575
7409,0.0536067670342962,0.0292591112475805,0.1072786604304412,0.1781663951967188,0.3820446130316155
7410,0.0508149101536624,0.0280095892772843,0.1102188151933441,0.1791152920684174,0.3611243856270628
7411,0.0507941343314658,0.0279600225742666,0.1158221002982094,0.1768729257603396,0.3494110531478993
7412,0.0530677673331152,0.0292380289538799,0.1204397502313861,0.1768000234920786,0.3273095801397436
7413,0.0536379655041548,0.0308424009645598,0.12141774123567,0.1749865132661937,0.3143801283275743
7414,0.0754655137145672,0.0440171367417491,0.1233513013224031,0.1769050904271401,0.2747511410755685
7415,0.0691042001457292,0.0535771836540663,0.1214150135809775,0.1856587607957437,0.2513300607130876
7416,0.0616182416971676,0.0575169692284498,0.1207932680643476,0.1839070515645458,0.2277893630239587
7417,0.0563695658052803,0.0563059737700333,0.1221869279755879,0.1846953778628031,0.2182316621273511
7418,0.0506823683303719,0.0562984021444446,0.1228348918005647,0.1902350984214023,0.2050798555157859
7419,0.0524692738938013,0.0582705322779932,0.1212217129749659,0.1885929131429688,0.1934094628921871
7420,0.0547330437134898,0.0608916793554474,0.1146979171761662,0.1870139515261855,0.1768110771038007
7421,0.053566084317059,0.0601622070324981,0.1095558901502003,0.184743412657983,0.171892320017545
7422,0.0493549439797779,0.0640491471847867,0.1057545602352354,0.1777495704351444,0.14979137201199
7423,0.0438813875879383,0.0696620798700394,0.1021934161930349,0.161837760860642,0.1350735660914037
7424,0.0325026882879208,0.0705771834667935,0.0977434549353284,0.1381618006527077,0.1271450194681382
7425,0.0209018486551,0.0675056869986132,0.0901076717676069,0.1240143586962964,0.1376469831034399
7426,0.0192249462177826,0.0587075736459206,0.0819392447786779,0.1176694682622766,0.1374110422832737
7427,0.0286944479772034,0.0618454207439339,0.088198660643058,0.1094196929757497,0.1402286125613426
7428,0.0451384744998395,0.078987087799384,0.0866475970409011,0.1116819141189252,0.1408074620995384
7429,0.0451012222566148,0.0801241847473859,0.0808995230409803,0.116868994894097,0.1386833623860178
7430,0.0400842567000771,0.0711750800963295,0.0748784288580289,0.1265741283111883,0.1286289739393898
7431,0.0425420624101958,0.0608641726247449,0.0700546521504549,0.1408114614707191,0.1234061693854957
7432,0.044229089211798,0.0577341443217586,0.0664744030289823,0.1475439619220265,0.1175754176715798
7433,0.040188866811259,0.062541875023699,0.0655497192695761,0.1475042794666776,0.1108415648677003
7434,0.03885224854562,0.0662556824037645,0.0669031836828116,0.1548256164379253,0.1030813859318256
7435,0.0349055114882227,0.067804433429575,0.0645928014717864,0.1718723270053592,0.0938533123750787
7436,0.0321016772232307,0.0684971645990945,0.0653800255689431,0.1970456624363019,0.0905257039403676
7437,0.0317715610687543,0.0636988390917695,0.0662848284594856,0.233136032258024,0.0908227053241273
7438,0.0276000303527111,0.0720679442856751,0.0634402462115083,0.2707764222196807,0.0926645241361924
7439,0.0270178902249204,0.0551670522480362,0.0594892481218385,0.2996433297034259,0.1041268324326654
7440,0.0308645664259816,0.0446273648244834,0.0612887424423528,0.3324629861199446,0.1047587502895106
7441,0.0333739092375833,0.0377036623573578,0.0683767224585651,0.3688650901223194,0.0914442492978214
7442,0.0314946526519651,0.0328988275214561,0.0713495939514657,0.413133166784429,0.0820053152499161
7443,0.0325144954058333,0.0255834547443136,0.0807219073934799,0.4403588371484646,0.0768414328205405
7444,0.0297118865882178,0.0283033703167401,0.083433826722722,0.4663757205969691,0.0734124503687668
7445,0.0252034116738016,0.0333939120172039,0.0885186223477215,0.4814595639335204,0.0692131783122803
7446,0.0206802119565786,0.0458047320233015,0.0991849421684629,0.4887491559177064,0.0631852084352535
7447,0.017126697508558,0.0526632758077933,0.1116797431149548,0.4816551441428777,0.0542318096159389
7448,0.0153440593424306,0.0648249931190854,0.1229523025965281,0.4729895413835279,0.0432677628744071
7449,0.0175707414970016,0.082790341595267,0.1311967411065018,0.4503731253911279,0.0561658458053389
7450,0.0311837792799402,0.0707638819111293,0.1440381093032508,0.4013324917331048,0.0680243459054568
7451,0.0569917142118103,0.0809325083138998,0.1619432225177343,0.4071817912988883,0.0803345671197504
7452,0.0770907622632735,0.0759025146890384,0.1783416752543684,0.3908354707514281,0.0868543306113102
7453,0.082330678557633,0.0835266586338898,0.1932923536950821,0.3746363160072242,0.0848141686473261
7454,0.0822167101278421,0.0866273258940991,0.2042568067197753,0.3614900753605921,0.0830482274343465
7455,0.0735557427345671,0.0804615465117938,0.2065199505150071,0.3209151419011763,0.0778572001744413
7456,0.0784740987984609,0.0695302704086338,0.2268524553012032,0.2968118308661088,0.0804273516744459
7457,0.0776686287253529,0.0562835074788604,0.2368763783596836,0.2731233029307618,0.0836522958666331
7458,0.0709210817137572,0.0413961282700513,0.2444179809780308,0.2664009720512491,0.0879862382278713
7459,0.0681578454089496,0.0296380644653097,0.2426343378940279,0.2673727148145416,0.0947455893668751
7460,0.0679473475336039,0.0213604490536549,0.2391958126399447,0.2637285620573847,0.106979499143775
7461,0.0693695615942712,0.0168667603205298,0.2280722670188375,0.2583278647734032,0.121253211711402
7462,0.0544968728084497,0.0272115885021568,0.2192366336239069,0.2638222143452306,0.1401076639844277
7463,0.0511194128030278,0.0154017790546835,0.1976183619137471,0.2345359390274422,0.1574231611268911
7464,0.0503064570033144,0.0108792508187719,0.1885141546293346,0.214018069527679,0.17998914706996
7465,0.0525392355095382,0.0128679644863141,0.1781094667999814,0.2052728284035364,0.2029769513537662
7466,0.0566346483881377,0.0120684111092704,0.161733743057834,0.1968412590169188,0.2031093794176899
7467,0.0696704326695634,0.0135913788695551,0.1413476285924894,0.1876837679332441,0.1969740393790512
7468,0.0910785311361265,0.0127401929016291,0.1237841926159316,0.176567826169711,0.1845928072927312
7469,0.1046260469450267,0.011384552744801,0.1120816558653264,0.177993273837408,0.1712175243991132
7470,0.1243130055979285,0.011056887452202,0.0993806751692996,0.1778431779874404,0.1624857902808079
7471,0.1344935728980938,0.0099733898160277,0.091066757819637,0.1706075166219847,0.1638550762360965
7472,0.1450825171400108,0.0091242103118561,0.0779888845230381,0.1530405447220224,0.1678518166973346
7473,0.1514316621623149,0.007549487492623,0.0553843843762399,0.1228614777609993,0.1863473637686496
7474,0.1663362514342978,0.0113170682511174,0.0362533420799091,0.1113206492480068,0.2015708064339207
7475,0.1751591182113805,0.0092669227714794,0.0340924161672436,0.121985001333245,0.2401126965627689
7476,0.1869478584504577,0.0118266826955647,0.0369222289601203,0.1322241859494528,0.2425254507867594
7477,0.2028862573651111,0.0101363624584788,0.0396138640835058,0.1385150698622392,0.2276995494317525
7478,0.2051114936336325,0.0095544611253011,0.0474840112585899,0.1421677799650289,0.2081307880152083
7479,0.2009384021871741,0.0096440315069597,0.0647115902014637,0.1440091161046662,0.1896345428541006
7480,0.1883039653421592,0.0131453580174487,0.0791599010458257,0.1435999794762982,0.1835953899444434
7481,0.1854679011658832,0.0191378388901449,0.0831497572858662,0.1450302046878836,0.1668914035652487
7482,0.1737592163900078,0.0225923837978151,0.0780126869837456,0.1370393655147208,0.1572960539474865
7483,0.1567553714780771,0.0182009616536445,0.0728385621897593,0.1259592419952773,0.1570068882820277
7484,0.1419884368355885,0.0159125140878552,0.0676662711909516,0.1188410039847408,0.1486424338333949
7485,0.1242107092256094,0.0153531883261215,0.0653313812855329,0.1160305520577712,0.1402379632587756
7486,0.1135432317441143,0.0244384741992846,0.0621650319305587,0.1259803590498825,0.1284932442812938
7487,0.1038825574581754,0.0225550204779589,0.0638882504173799,0.1231533511825549,0.1273236806579112
7488,0.0977284580102319,0.0203650754444417,0.0646022207906252,0.121330265798351,0.1237344801199926
7489,0.0841831168614806,0.0179308874074407,0.0670051500659075,0.1297528062050109,0.1285076410490847
7490,0.0735088633503404,0.0154918229400021,0.0735144383796032,0.133960577740878,0.1323893042804576
7491,0.0748759893633825,0.0167105747669523,0.0790463229708008,0.1310057118893609,0.1255163360827255
7492,0.0756936088191584,0.0188281789319306,0.085135893481218,0.1273784679249711,0.1166654062597255
7493,0.0758404200220545,0.0212986764692673,0.0911730382870351,0.1262049973246088,0.1069919323405797
7494,0.0816426186404321,0.024064239595364,0.0967986251543507,0.1344292150524648,0.1011142234051755
7495,0.0937454524464575,0.0254744664318677,0.1010743568728683,0.1562748522823791,0.0988608763858598
7496,0.1013219635935825,0.0245801842206729,0.1035552596731968,0.1734663214745244,0.1042642106349985
7497,0.1250407744518822,0.0214232212003385,0.1023789163980946,0.1799153913594727,0.1144319152775051
7498,0.1373293247052896,0.0170187413302331,0.1055772091267885,0.1675114266539853,0.1090837695003687
7499,0.1662551651064248,0.0138443659537615,0.1265444154613017,0.2274142535328985,0.1340759605533892
7500,0.1652915527643427,0.011469364633014,0.141812771141467,0.2916657516279555,0.1509285352146948
7501,0.165298409101229,0.0122080316962802,0.1451328753703001,0.3162029762176628,0.1581023426515167
7502,0.1378305895599062,0.0122142862806392,0.1435428948418865,0.3060918102764275,0.1425434478372292
7503,0.0952321237124613,0.0094745745244266,0.1347484971351253,0.2947397333950728,0.1351811636029197
7504,0.0749169139225268,0.0095042214434743,0.1338765359707792,0.2878387204232984,0.1439798111837711
7505,0.0634439484328671,0.009435923073828,0.1339004710843908,0.2934372791492828,0.1495314287520307
7506,0.0564591563218732,0.0099883849850402,0.1388305154397856,0.3155510539233328,0.1600938333721766
7507,0.0493006471757643,0.0114665756025891,0.1413054421595838,0.341183653171037,0.1706548546561256
7508,0.0427368004397347,0.0151861425304175,0.1439840309654747,0.3487975033734884,0.1706487732728355
7509,0.0340401181305975,0.0170674482542398,0.1414800501637899,0.3501619998573811,0.1737386645867591
7510,0.0333465817931696,0.0247052438759237,0.1253997762943741,0.3314406586095928,0.1623190113700053
7511,0.0324975855950902,0.0206622380285949,0.1167874675639129,0.3297481027524575,0.1566317823894091
7512,0.0312716627324612,0.0118770652879445,0.1135010169953358,0.3203335613219748,0.1605452267099672
7513,0.0320524227151792,0.0130052301824308,0.1101227995471492,0.3088150431909304,0.1584003918997666
7514,0.0388493038725138,0.015905686133673,0.1034278521918733,0.3002560304835775,0.1433283751202156
7515,0.0393099142420309,0.015987974581608,0.0984280263256359,0.2877443275187908,0.1281509273805356
7516,0.0365593027736134,0.0153446417066303,0.0930095133067198,0.2774713774754143,0.1146256891010741
7517,0.0375010412074277,0.015166075837887,0.0896967408070725,0.2690126742387451,0.1038332785149874
7518,0.0442572760224188,0.0155484209780459,0.0870031451190014,0.2570537280605705,0.0947445911662934
7519,0.0453921224265336,0.013459146617585,0.0857808807940776,0.239262524336057,0.0880302549899266
7520,0.0357175523925641,0.01115625254008,0.0742091839107912,0.2182722301119509,0.0818794501147839
7521,0.0283897769279664,0.0084334083121149,0.0534759400590021,0.1893954390311429,0.096391238985808
7522,0.0452605298581111,0.0088740688134971,0.0401863507018087,0.1664911656309468,0.0891940583082516
7523,0.0567589757369737,0.0076660278802592,0.0333851974377454,0.1527855514610839,0.1104744849948912
7524,0.0561575327874536,0.0060934454948918,0.0307817483919096,0.1330792913267777,0.1298909458711177
7525,0.0549387087329927,0.0091376934362718,0.0302904308802718,0.1157019538385234,0.1324980562355326
7526,0.0547400737838205,0.0118605023622292,0.0324296284333073,0.1023958068304676,0.1423089542590965
7527,0.0601720836752903,0.017387522187283,0.0425302628167339,0.0849207040616537,0.1351234224704084
7528,0.0649684164324346,0.0224723429751422,0.05969876758999,0.0732449634177274,0.1383216078927593
7529,0.0614144295238966,0.0238979988915849,0.0764800786528285,0.0727071200275462,0.1462445160534514
7530,0.056506863970728,0.0236586955675945,0.0948005638568166,0.0743834712037447,0.1524115435480867
7531,0.0515540890288635,0.0202043430682187,0.1095484049523107,0.0821197436173322,0.1558023847253627
7532,0.0467169319417164,0.0249906410595663,0.1184913499433867,0.1038006672866849,0.1665370397177349
7533,0.0428435252550789,0.0282933400374838,0.1276133693273596,0.1300297675962171,0.1699305595952904
7534,0.042177789240999,0.0342203672651607,0.1212158485981925,0.14935729634578,0.1547844968831474
7535,0.0341975346363765,0.0230015477287155,0.1283616180840202,0.1616685862022198,0.16042861178419
7536,0.024780948824226,0.0208872883811409,0.1396430943040044,0.1919369207366691,0.1698778350030501
7537,0.0202251593086699,0.017183511162212,0.1483423691886946,0.2062894497155308,0.1657019563831304
7538,0.0181487356427536,0.0187810400392983,0.1501947417028563,0.2287001584779412,0.1619488744401039
7539,0.0184838134957674,0.013588774718475,0.1470457827472217,0.2570227870561551,0.1510241663743717
7540,0.0202498541862,0.0101385822459029,0.1506331015491573,0.2894817609690271,0.1462261292560799
7541,0.0294143469890827,0.0073314717184172,0.1646037610603322,0.3308709904481397,0.1441783192869036
7542,0.0408566411910471,0.0134693076760963,0.18340402589371,0.3847800989656063,0.1421649189004208
7543,0.0535992735986288,0.0140552293438638,0.2015290170801326,0.4253651632102718,0.1419029540885738
7544,0.0571065540734734,0.01354899032739,0.2159254631043636,0.4415743531565112,0.139917819531589
7545,0.0608150958088894,0.0128193357526486,0.2122074138243564,0.4424263908458304,0.1520610354957348
7546,0.0683272076109633,0.0240214439072958,0.1796983609905601,0.4067473393347922,0.1562910085348181
7547,0.0800983731151462,0.0161769008268434,0.2003410144551614,0.4285880667638111,0.1645301915736908
7548,0.0924005347951725,0.0154517067423314,0.2153401111525519,0.4379558215305212,0.184038294841268
7549,0.1118234306704231,0.018779159804122,0.2217800977871857,0.4448370556931278,0.1853552223529402
7550,0.1306024789758699,0.0209893328304137,0.2290451366830951,0.4128657230161112,0.1725496317643287
7551,0.1462986182999665,0.0232781184671642,0.2487142949048945,0.3830309197785016,0.1746757121895317
7552,0.1618960733347517,0.0348675184324598,0.2873722492455486,0.3618774836274193,0.1803929272419409
7553,0.1799728732111319,0.043136150684162,0.3198444935027842,0.3477750503037966,0.1818177096751507
7554,0.1854501071408372,0.0496596834750926,0.3383553319203749,0.3462733668155032,0.1706152929316849
7555,0.1774693753957655,0.0541771772993063,0.3440077284101524,0.3512708230515168,0.1645027112566508
7556,0.1749464824282919,0.0623602693495435,0.3401926229824726,0.3588814708005636,0.169356787761398
7557,0.1683550671398157,0.0768469046757703,0.3207157159098821,0.3681480990315885,0.1846040231993655
7558,0.1499292008841798,0.074216783937561,0.2822515032486227,0.4020572780740605,0.1729746062193491
7559,0.1506676713227641,0.0787165313738309,0.2867258649612615,0.3926855634038683,0.1622914339789228
7560,0.1483688375451876,0.0765829210239176,0.2889826829065515,0.3960371340696975,0.1632695478601775
7561,0.1239995022588816,0.0751536442271858,0.2922841699292962,0.4044934660451003,0.1904890522244125
7562,0.0963044864439611,0.0724443102567549,0.2921122138084605,0.4081016174303949,0.2254028350728758
7563,0.0814271001146784,0.0697987844595078,0.2962003692986105,0.4139162136135863,0.2440899086454866
7564,0.0537459187648044,0.0679905564667098,0.2971335093904086,0.4129186041610142,0.2624560238747864
7565,0.0448167688078621,0.0627631977101401,0.303425682528141,0.4045022523862285,0.2926110097415194
7566,0.0373584092466595,0.0605965456499388,0.3121923222300881,0.3933072360863057,0.3190413700163767
7567,0.0305423347413986,0.0616278699028892,0.3154012357031777,0.379083237990761,0.3305688374420013
7568,0.0254636796847414,0.0607157118216314,0.3282980996834215,0.3570675316348542,0.3616219822996756
7569,0.0244882730666319,0.0623668657540631,0.3286112138156752,0.3433333288138347,0.4100475091066582
7570,0.0248557154698864,0.0798927574780799,0.272329421413459,0.3239558853463911,0.445797825618041
7571,0.0219280598780043,0.1008873921723904,0.314444096008581,0.3263042476455061,0.4716958911484418
7572,0.0202936445901377,0.103933307903228,0.2838764840882207,0.3241700949588607,0.4906367743676847
7573,0.0274263961314059,0.0851099088907821,0.2542016523465672,0.3336271045779483,0.5291264445630007
7574,0.0310866751292947,0.0669127687485549,0.2347226733789448,0.3371044253058312,0.5552772904461889
7575,0.0371300024557685,0.0422670454659171,0.2215954247504956,0.3022268243312807,0.5421031809715845
7576,0.0455841272060592,0.0447733953688476,0.2277047358088248,0.2700939252968345,0.5056690288464563
7577,0.0490900549665908,0.0471779951413399,0.2449445219915759,0.251242950593608,0.4778761900502096
7578,0.0539106698188025,0.0533992225946395,0.2398213645532171,0.2489286549882457,0.4861082145808673
7579,0.0569151444284764,0.0477390245182044,0.2314162987969002,0.2490541771992993,0.4904850567749261
7580,0.0553981796407096,0.0429280079882977,0.2317828468224294,0.2507566270581811,0.5003427834479355
7581,0.0561266173524183,0.0469265038454167,0.2242608863172753,0.2470364942224434,0.4965936739300212
7582,0.0584425261981672,0.0355515558897295,0.2233712943711722,0.2614170323214274,0.5264841776912556
7583,0.0620194588221683,0.0254182554888513,0.2097389360787377,0.2475030489812405,0.5304379097055512
7584,0.0520174125341269,0.0368856904250143,0.2037087411314005,0.2365190703895639,0.5027546720951162
7585,0.0550006660697025,0.0384188849157401,0.2147195286035424,0.2209981784708052,0.4871381923872931
7586,0.0494987021198652,0.0422489834475073,0.2133168192707204,0.2102583425293239,0.4709697805727553
7587,0.0464804314250975,0.039837680584202,0.2166237584049235,0.2002908911405012,0.4497991856230622
7588,0.0476073800207096,0.0350133883077608,0.2136273962831464,0.1976947571504041,0.405000638470039
7589,0.0517799099058468,0.0288785061116559,0.2148993265434789,0.1934827731251045,0.3661749584427888
7590,0.0537476831255346,0.0251427662942019,0.2184404505841236,0.1895555917826929,0.3323910011495517
7591,0.0585741173333046,0.0251105491924655,0.2221010005437857,0.1865715117550482,0.3168639153498891
7592,0.071418228336476,0.0270960774265543,0.2158243185951431,0.1813358659109692,0.2938618955501806
7593,0.0896920803124401,0.0315437836524778,0.2087268341280525,0.1646341990899082,0.3220060489334905
7594,0.1181511299283767,0.0475751973953099,0.2097087241446378,0.1633516422289315,0.2542326592298292
7595,0.1203776052969129,0.0660677180502085,0.216681258780005,0.1682269789594823,0.2468582213303783
7596,0.1248194536716905,0.0827963892799968,0.2258689070542006,0.1849683743374991,0.236417574181638
7597,0.1342575145616466,0.0853279004814818,0.2212492965468152,0.2067963021920756,0.2212732248093513
7598,0.1367067758316791,0.0766742004458717,0.2112712305671918,0.2425982638825817,0.1999288116098729
7599,0.1364473954621263,0.0568477974561974,0.1808548306871869,0.2713907618261582,0.1683158469754465
7600,0.1490574198841598,0.0429143279913607,0.1729527686530088,0.3121502077679989,0.1476038161150123
7601,0.1543241947779882,0.0345669453504619,0.1775929197069369,0.3599141259291212,0.1247085739631087
7602,0.1436468637483047,0.0338800359219352,0.1812200116357928,0.4190135554122737,0.1076211893241041
7603,0.1257582770725409,0.0343529186812073,0.1812992202422008,0.476457735171567,0.0933039801533747
7604,0.1066570785970539,0.0340944128720877,0.1778696140403994,0.5016835377003488,0.0828325441626968
7605,0.0884571740955083,0.0318967292088835,0.1693806227256268,0.4999104541353985,0.081186989409764
7606,0.0604771537912049,0.0336305793516787,0.1563413632612621,0.4486976786646371,0.0755590223756177
7607,0.0508777026653911,0.0307012502052693,0.1606633288124781,0.4355424776351912,0.0790153864363676
7608,0.0438941973834352,0.0198645255198722,0.1580450082282781,0.4187272319228396,0.0766304046364317
7609,0.0419855286984391,0.0186267178247999,0.1546795570379117,0.4025259343445044,0.0734022519167364
7610,0.038219485623702,0.0249019365785186,0.149977484481251,0.3832347297032675,0.0739866708786614
7611,0.0379573703269846,0.0319661297268819,0.1501885906010885,0.3659434834493984,0.0727493303147477
7612,0.0490067773171166,0.0328019324646262,0.1470803118617516,0.3436413801260002,0.0671005268350625
7613,0.0711061215923337,0.0334882195463475,0.1524878217538978,0.312947050137293,0.0638162337860169
7614,0.0991107496191642,0.032167242838209,0.1593073175561898,0.2715904540598529,0.0653300077683748
7615,0.125279834682727,0.0307631325703894,0.1700766429697611,0.2439670021250578,0.0639451789749534
7616,0.12168203318536,0.0306048451087063,0.1657496918106163,0.2165469501356989,0.0535817421645774
7617,0.1027647166567008,0.026538732939126,0.1436421564964841,0.1938679963398067,0.0423024378233994
7618,0.1273828778605798,0.0180883733636866,0.097721629303838,0.1784785551962301,0.044137455574076
7619,0.1320327496768721,0.0170603246359908,0.0951272778165416,0.1375314157697809,0.0513731377016273
7620,0.1336619493251563,0.0151582934883065,0.1053546703209619,0.1102034694654288,0.0641652298848331
7621,0.136403918362423,0.0187509730337461,0.1176791910732251,0.0940095731586334,0.0790933372912057
7622,0.1362541484209513,0.0380880593366526,0.1499998324880673,0.087098628349014,0.0965598101416471
7623,0.1543324596657921,0.0757797811960146,0.1986821126408776,0.081272233330362,0.1084967321184994
7624,0.1818151954351343,0.0915404663491645,0.2362939865576393,0.082898173129652,0.125906068531745
7625,0.1951742886309398,0.0985048491072562,0.2628228786335851,0.096183728288819,0.1504719244472466
7626,0.2003526323859893,0.085362160747903,0.2735974041146994,0.103483204285626,0.1773980325212602
7627,0.2097405919572356,0.066665723070095,0.2846670868702024,0.1143008651007243,0.1916478205249942
7628,0.2232177649505904,0.0565231123971461,0.2912513423452461,0.1170868632436557,0.2094180514632738
7629,0.2330772638118741,0.0560731591704687,0.2947804291258721,0.1190265870433589,0.2214363754925459
7630,0.2304435295777891,0.036063895319051,0.2556573215331748,0.1213302008654729,0.270451773803002
7631,0.2529508393189006,0.0315111419968173,0.2777041360230901,0.1349024155941604,0.2781770022407446
7632,0.262881935524218,0.0369127843499733,0.2954746247877539,0.1502465340220373,0.2779745335148011
7633,0.2653260007430608,0.0429435249432864,0.311263022962525,0.1642916014992762,0.2738734197267076
7634,0.2636930018214173,0.0443971400909291,0.3281985797641458,0.1631155590578305,0.2715306680706891
7635,0.2634918469918227,0.0530236669514033,0.3388608761393371,0.1632623327803418,0.2611403579443057
7636,0.2829809409573807,0.0697974844838846,0.3553508896874793,0.1607181587067543,0.2722929926808531
7637,0.3153480063928675,0.0965829776708872,0.3630098173858256,0.145212695168458,0.2678899330098918
7638,0.3447176035467928,0.1197109425386081,0.3712862379017944,0.1419412260365545,0.2703959226522733
7639,0.3547427337461729,0.1268198189742593,0.3744491722080691,0.1426743872109295,0.2792428841160294
7640,0.3513657354887877,0.0943935371579688,0.3887794014246498,0.1479988015080292,0.2824897336451195
7641,0.3485928639257554,0.0702728516108758,0.3614567184456516,0.1497318396113358,0.2958911036203667
7642,0.3228014007173541,0.0430043512827683,0.2938638457907091,0.1405198834929501,0.3026809719518407
7643,0.3075625190064724,0.0271517465927747,0.2644672179202402,0.1698663510038554,0.3171614890691773
7644,0.2888638171548671,0.0161156501058903,0.2419888838064218,0.1951562574759774,0.3385297824988078
7645,0.2768999925845289,0.0182152863595636,0.2212844206119602,0.2213309700175819,0.3303072495958302
7646,0.288055137064661,0.0119973100677933,0.1969636295180579,0.2473623013599126,0.3182776412953488
7647,0.2782886665905369,0.0167166039175516,0.1856195280927345,0.2246597960180571,0.323468339340222
7648,0.2944733006706886,0.0244746804764182,0.1818655425485721,0.2076127843118737,0.3290216569722856
7649,0.2821329108136029,0.0248602719148056,0.1695053394693071,0.209840979681286,0.3325066661505724
7650,0.2784037217889661,0.026995489144208,0.1466384956192543,0.2133337203356573,0.3217548648683808
7651,0.2768909074630805,0.0259710903963066,0.1262969442800103,0.2168308479076002,0.3104962719130145
7652,0.2786448190132886,0.0243704865034732,0.1139918275018673,0.2195924310610657,0.3099212397556142
7653,0.2744729075053959,0.0210161678894863,0.1058789092681155,0.2213047844192044,0.3074441248547326
7654,0.2146838617236653,0.0093844966046748,0.0848546175411614,0.2285853099898929,0.2773121203313369
7655,0.2212815003994604,0.0071284443265815,0.085080243913019,0.2311882668272177,0.2833994302326057
7656,0.2152547044437266,0.0086351750878795,0.0875082206906001,0.2302309136669706,0.271581708032553
7657,0.2520353979401327,0.0078296984785097,0.0827307875262664,0.2289959762876136,0.2584295428374317
7658,0.3033951091451576,0.0109940284567301,0.081171417821995,0.2274786466369988,0.2435721411454363
7659,0.3140779863609445,0.0146789700631769,0.0763591649090183,0.2183535984646286,0.2175917836365703
7660,0.3009053830887359,0.0232080738225429,0.0784710979924837,0.2128560511418485,0.2035081650373512
7661,0.2839737486605078,0.0223953586759249,0.089250391587513,0.2041216389844464,0.1894873666347003
7662,0.2613410420700633,0.0193220028304314,0.1030970688651406,0.1911378230782869,0.1806816337918461
7663,0.228493919044343,0.0187916861556528,0.1164624729369713,0.1847621933435892,0.1733557129854612
7664,0.1977432023078555,0.0173325441033932,0.1343168273669059,0.1806956620155219,0.166002089114941
7665,0.1782605536908107,0.0157296307457748,0.152607855724949,0.1844807864694553,0.1740709696875754
7666,0.1720848678728075,0.0157399157320072,0.1754744271587503,0.1528929165003394,0.1832160467239523
7667,0.1945089907849762,0.0197186806703323,0.2035862710833958,0.1581891414171467,0.1834748141863887
7668,0.1885466774913149,0.0193416380757332,0.2395330301535774,0.149257618431098,0.1905899011215976
7669,0.1705993181135278,0.0216431209874139,0.2663482505897552,0.1366273723147179,0.2058411021744728
7670,0.1533788468097263,0.0145065681396991,0.2700111091477493,0.1163874152063518,0.2227058048314415
7671,0.1331177861532418,0.0092981168186174,0.2622413694779916,0.101796232427503,0.2679720376785834
7672,0.1282801102531937,0.0138463755564308,0.2669233679574522,0.0963469004701091,0.2988182238052252
7673,0.1191184572799377,0.0240050972767856,0.2797271342715113,0.0945987330849432,0.3328042525598447
7674,0.1001898539921091,0.0327366861043289,0.2905970004029461,0.0877712168449939,0.3656510698993918
7675,0.0962674462229981,0.0346680874629156,0.2861754704770503,0.0818353459248481,0.3914979976567977
7676,0.0945583392410692,0.0341906285544176,0.2684946375719763,0.0804709515740539,0.405612093435321
7677,0.0873209573869884,0.0302456249407193,0.2479870978226952,0.080871767206658,0.422800189218656
7678,0.0936222858101639,0.017960106767446,0.2313342472511447,0.0822447738503824,0.4159194255864876
7679,0.0908328626785477,0.0137216928854343,0.1916250559734262,0.0779760206004475,0.4011098104563229
7680,0.1151348120612909,0.0162858229948039,0.1769675586070822,0.0723592622287371,0.400392856033517
7681,0.1239670903877186,0.0250465171898693,0.1640789246166096,0.0704842261413803,0.3900060279796613
7682,0.1337652492753707,0.0230635546117122,0.145338722456345,0.0709273711575173,0.3678200643422902
7683,0.1646326416536896,0.0226072869340212,0.1318844282035354,0.0706271386420674,0.3569379800620313
7684,0.2017849059780679,0.0291342979791551,0.1180593744332264,0.0630264707725852,0.3646213388955028
7685,0.2614900667530859,0.0372650982777885,0.1064024099542933,0.0628505211223087,0.3689602742696773
7686,0.298297505623308,0.0389709653649368,0.1030594241336676,0.0621645332873477,0.3849451954659654
7687,0.3056463772950047,0.0350679282959108,0.1050920187553521,0.061304254631476,0.4161807547387408
7688,0.3056147210704101,0.0317778410696546,0.1054944725099594,0.0562634734446917,0.4273325817507204
7689,0.2914446788631706,0.0263466771118081,0.1061459253547585,0.0460286968010465,0.4172970411814299
7690,0.226168718399452,0.0230147207258954,0.0908982498317782,0.0431923800801167,0.3498896931756222
7691,0.2345096437386573,0.0192695246497672,0.1015601762349137,0.0453844644916327,0.3408097745364393
7692,0.2708427054884768,0.0168962768655723,0.1156711529873409,0.0501713445639339,0.2964360368947062
7693,0.3476905985106172,0.0193751079028612,0.1426632505643924,0.0585803115137894,0.2816582518166581
7694,0.3673331958859058,0.0197099281894555,0.1828685739091625,0.0665743101525558,0.2705180097321674
7695,0.366594399305378,0.0214024602849414,0.217212135239479,0.0741977659047652,0.242076009271502
7696,0.3945009731109764,0.0263393349681629,0.2403313522055958,0.0898979077327915,0.2119132473428935
7697,0.3869199618620342,0.0352675418054063,0.2593591360340301,0.1088986724603496,0.1885638792679181
7698,0.3619899722635151,0.0367813434176927,0.2689759135412213,0.1239172213253865,0.1711201439252097
7699,0.342310213641859,0.041090151705349,0.2757678883719435,0.1263720734490996,0.1713390288209804
7700,0.3208736255452407,0.0509249247371754,0.2796191879634825,0.1283021556585404,0.1695125805306985
7701,0.2814668173578463,0.0590212116235729,0.2755546353263132,0.1234341980809701,0.1664524723371247
7702,0.2378524277437395,0.069255781764444,0.2154681468757553,0.1249591825575407,0.1867142737353445
7703,0.2598162160787057,0.0661018082777253,0.2095226390068203,0.1256597775406061,0.1664008583954131
7704,0.2451340891965443,0.0768193590090037,0.19612506185698,0.1227583637267755,0.1537221813942477
7705,0.2187377161234414,0.088135803917606,0.1903877933546038,0.1271753522358722,0.1431896003502294
7706,0.1929779179648362,0.093037337540357,0.176348852870493,0.1313179543722689,0.1310366565599494
7707,0.1575572788087764,0.101489892922208,0.1541474422915819,0.1302062350297464,0.119046620480133
7708,0.1356663785566017,0.1064401820729965,0.1398181710034786,0.1307692753542932,0.1104774512091096
7709,0.1236257772057125,0.1107442713492638,0.1344387730253448,0.1436163737587031,0.1050244133491425
7710,0.1270519034802724,0.1143268713514921,0.1309930241147934,0.148533930630422,0.100390943991738
7711,0.1247324761801277,0.1120988769575456,0.1278126975239955,0.1509403769354762,0.0981067510232662
7712,0.1216672924228859,0.1054839473027492,0.1209137547039907,0.1488152740012611,0.0924477834724949
7713,0.128076830373794,0.1007379210595359,0.1101212730500547,0.1378340636739883,0.1044281091802195
7714,0.1148320516378715,0.0982119291003324,0.1003355628855039,0.1407261006121842,0.1573678130578429
7715,0.1232263256620259,0.1079424450516622,0.1122568147546782,0.149643653787053,0.1764209644406416
7716,0.120764542951154,0.1038819304068971,0.1246760129952928,0.1518837497996459,0.1820761185473229
7717,0.1143390709805424,0.0806209986816191,0.1337116651642345,0.1497807588171627,0.1911514136395581
7718,0.0973339897745422,0.0711220955061167,0.1547414960584869,0.1518500818575006,0.1950176715432405
7719,0.0827125105319536,0.0652402456879436,0.1744218027766345,0.1473363747320906,0.2004747461518474
7720,0.0720229347248793,0.0532307848062136,0.205842761209675,0.1597805457882273,0.2080401255004209
7721,0.0582370568936274,0.0422345599095237,0.2358840942744002,0.16941129812206,0.2249937087381283
7722,0.0524450061127896,0.0406691545836203,0.2633504679766293,0.1685399683858511,0.2436411834673812
7723,0.0590832257855189,0.0384032006766998,0.2834703054093571,0.1591513869102394,0.2595765185654558
7724,0.0636085782768316,0.0312018214132715,0.3010174384947562,0.1531925509215738,0.2729325837984062
7725,0.0673094284529468,0.0270151290163469,0.3278824179783108,0.1478772411365694,0.2765217280872857
7726,0.0718916538915731,0.0243337878042057,0.3452933258414734,0.1396911633977084,0.3058229343275398
7727,0.0608392693697496,0.0272878451017161,0.3844603903322869,0.138465265469427,0.2779841911178331
7728,0.0643071744263148,0.0247808350783351,0.4164716042327616,0.1296210929485756,0.2507808768815168
7729,0.0695371651010697,0.0171821021054917,0.4346408037735612,0.12212886957661,0.2338050526497876
7730,0.0704154520590429,0.0132747237957262,0.4389287664996202,0.1110408384890711,0.2239088439493196
7731,0.0702780598673697,0.0116818617916077,0.4397632764812238,0.1021441127158829,0.2078014575637513
7732,0.0733404533099423,0.0137995162453119,0.4241110101253144,0.100403707411369,0.1901336881692135
7733,0.0832416633001304,0.0182850612519748,0.406658735624137,0.0952763858664775,0.1741238243144476
7734,0.0964476781602324,0.0204189862357949,0.3873433087716308,0.0888096914136264,0.1674801086921694
7735,0.105831871933002,0.0186599931673254,0.3697252858479887,0.0850026771975539,0.1654416454339237
7736,0.110609115433945,0.0146534827798527,0.3424638396897021,0.0856561975635163,0.1601074820658333
7737,0.1013473719964569,0.0147722008312217,0.298120259587407,0.0838231501866876,0.1583757432822935
7738,0.0916830327492251,0.0303176812935954,0.2540709023762203,0.0846633804188199,0.1423832745174285
7739,0.1004697711589459,0.0325267367113401,0.2400530166735164,0.0758192632027291,0.1469179019194986
7740,0.1021090175331812,0.0271561465548645,0.209687806530776,0.0746119278173238,0.1495459934300077
7741,0.0980241060483993,0.0251752897471985,0.1734907436080866,0.0737767656338245,0.1399775002194234
7742,0.1143319801073793,0.02753673569147,0.1454849140531069,0.0748674725237694,0.1342642170671219
7743,0.1331107228248415,0.0333968110447003,0.1268527979286175,0.0789012332610392,0.1262119798822854
7744,0.1399433415250357,0.039523630711008,0.1136963621560982,0.0980334606809938,0.1186636922212147
7745,0.1371616362125555,0.0411378416473829,0.1038014898969264,0.1286248745770045,0.1104956113222985
7746,0.1276509817333263,0.0405796833739314,0.0932197144411912,0.1538620293805176,0.0987082258082289
7747,0.1139739152339954,0.040665189759585,0.0821046106312052,0.1714819704350077,0.0879236596708674
7748,0.0937198518012152,0.0426107075614979,0.0717149813503952,0.1801081911143384,0.084844044850424
7749,0.0768506024853351,0.0440361713663406,0.0640101153476201,0.1899247778050854,0.0891703183570923
7750,0.0693045354618985,0.0302524876584629,0.0563769098081655,0.2038336304843938,0.0900425262100598
7751,0.057005959349666,0.0260277990617358,0.0477004879011689,0.2072519973739578,0.0982858176954647
7752,0.0467576605165657,0.025474571548941,0.0432984998880525,0.2099849107823683,0.1042385056006722
7753,0.0411582585272794,0.0369376342595211,0.0421863103169664,0.2151493242300227,0.0998703874453011
7754,0.036342967936795,0.0440319820652569,0.0414354962819792,0.2267313310984254,0.1043150462363787
7755,0.0314908596469896,0.0409105850730661,0.0408348779799362,0.2368795721964387,0.1111120168658813
7756,0.0291161336792514,0.0382565517848279,0.0394974583617514,0.2457350127806966,0.1129393009253898
7757,0.0251608054024279,0.0382355045454609,0.0374073994908905,0.253284015329973,0.1060999101238935
7758,0.024167656647177,0.0398339134539036,0.0373264863311112,0.2613194613944299,0.0943873941033085
7759,0.0233519696155373,0.0369177833892979,0.0366437888285712,0.2640835104096514,0.0839983630285174
7760,0.0209828709806371,0.0292410836047257,0.0335506048743588,0.2583728325423612,0.0740357503981516
7761,0.0185359313925001,0.018991675527656,0.0277427268277317,0.2398257186725723,0.0818922626937329
7762,0.0180358926032179,0.012849364412274,0.0156234084085616,0.177604425982602,0.1003876737517734
7763,0.0246861790054646,0.0110407122979223,0.0160610916449512,0.1575153640076285,0.1072041240987939
7764,0.03423031535069,0.0094024021171025,0.0167355797962612,0.1538265417696347,0.1013622523487068
7765,0.0452937033650215,0.0093943559872216,0.0183527505739883,0.1622898493820453,0.0895212992333987
7766,0.0543682486436598,0.0096235588378216,0.0218357731072391,0.1727257956382379,0.0804671679985944
7767,0.0599180066025505,0.0137935530242907,0.0251738027828655,0.1950836290355725,0.0713000700485367
7768,0.0684721087210366,0.0191128575995469,0.0306546578602137,0.251625642508032,0.0667407438274854
7769,0.0735375974038023,0.0221817543279687,0.0366543526766083,0.3001885966776329,0.0630784778320651
7770,0.0741940382048549,0.0216779814216615,0.0408075577083733,0.3194942722345116,0.061952562437245
7771,0.0687620545659463,0.0202828374671445,0.0451515035128826,0.3167390178544371,0.0628666797052793
7772,0.0631049022316984,0.0201353180984007,0.0488373408576205,0.3006438577580617,0.0631351733744263
7773,0.0579810975258658,0.0221957257819626,0.0528814389220695,0.2847189860804255,0.064096094588501
7774,0.0432037981077814,0.0229136247782802,0.0517479182474699,0.2838262944179784,0.0803454788124361
7775,0.0432895958096154,0.0136520184656009,0.056157385682214,0.2747340840206892,0.085034745882668
7776,0.043745427997755,0.0106677407428801,0.060662441891548,0.2682687673971778,0.0806407370589876
7777,0.042285387727025,0.0095791811780453,0.0672429836217729,0.2640923992657307,0.0724488263980027
7778,0.041740228900238,0.0098759410808321,0.0723819865226573,0.2572121043779146,0.0674762783556471
7779,0.0388041806167959,0.0089734467492666,0.0728608229385194,0.2456045129789978,0.0632537369472767
7780,0.0380528432396128,0.0094095398636293,0.0722564025176484,0.242565764370027,0.0595000027585138
7781,0.0408050843005825,0.0094131409441426,0.0724388332619474,0.2421933580367955,0.0557271237014437
7782,0.0439762048086351,0.00851650703844,0.0740964686946839,0.243547218178438,0.0546602832991729
7783,0.0468127441535201,0.0089919715199777,0.0759364300482478,0.2506933679073916,0.0553045614653141
7784,0.0559916866830347,0.0087194298558976,0.0765376784775388,0.254206229100362,0.0528318396691884
7785,0.0658011232272778,0.008266674224836,0.078000779606319,0.2469159539586727,0.0522556822768684
7786,0.0817425266397593,0.0106973754866293,0.0733279836269329,0.2181835483001493,0.0574004025595492
7787,0.0932552355821699,0.0130846367656821,0.0793379349161544,0.1958601724021531,0.0691094373103451
7788,0.0968998322538553,0.0129760046890572,0.079482198461079,0.2044339585804712,0.0770821834979028
7789,0.0951592870778775,0.0119059846538845,0.0822620659714776,0.2178116902926405,0.0796433304930718
7790,0.1019512014735779,0.0124885802798137,0.0880533660942443,0.2338641233716263,0.0753201532211992
7791,0.1049217422007478,0.0160220029808462,0.094294828747273,0.2539784101337009,0.0692543180454797
7792,0.1079402627847941,0.0188479355985224,0.1019441950969891,0.275281141631987,0.0678239411808906
7793,0.1085198102651769,0.020278913417325,0.1032926793661818,0.2952535461981448,0.0661250146352246
7794,0.110195684238716,0.0208500044593229,0.1016421714737441,0.3137257354998888,0.0643559111349366
7795,0.115453681058068,0.0202100768242935,0.1009451001559534,0.3358777981338613,0.0609737346393725
7796,0.1169359225091674,0.0168822738834904,0.0975275533005099,0.345964853588705,0.0608928149521127
7797,0.1120003552194563,0.0152619164379586,0.0984074273282524,0.3612309119049499,0.0592139439745424
7798,0.1328674629309521,0.0222345810284151,0.1086190985507842,0.3464858967093001,0.0670919552755462
7799,0.1156727000698775,0.0157355714404581,0.1159876663816614,0.3480827887120415,0.0672821448948112
7800,0.1030627890143808,0.0203490716863595,0.1232817919704326,0.3643178283488332,0.0651052082604051
7801,0.0983798348308879,0.0247257082322605,0.1278217999978899,0.3701109072381772,0.0610904289885871
7802,0.1027452890581901,0.0266205471383393,0.1296446888198342,0.3839399019704431,0.0585585364572148
7803,0.1042411652204464,0.0249704428595878,0.1289876006920543,0.3850422625919609,0.0566876165935269
7804,0.104131209373522,0.0227393597135767,0.1282667784318206,0.385962245595771,0.0555116417176491
7805,0.1031946699392761,0.0182097824523493,0.1280449993008854,0.3854616598073259,0.0561929587120876
7806,0.10423968449826,0.0152340780633235,0.131394599105923,0.3819195613378807,0.0579760269517869
7807,0.1033372517775012,0.0162785962442532,0.1353067685606889,0.3955960099961536,0.0596790494292619
7808,0.113760173049173,0.0220481505130135,0.1365493077268387,0.4157169371935653,0.0586660299431719
7809,0.1169513903175214,0.0249444068778803,0.1311385428984551,0.4325814285142226,0.0502492846169936
7810,0.1380673879203006,0.0257401676353609,0.1051984536717505,0.3975716992436625,0.0533537485542337
7811,0.1536128201844682,0.0240690473345109,0.1034902253075967,0.3713895211011545,0.0701108617782854
7812,0.155775616975246,0.0193407109918563,0.10699533810413,0.3700621897282841,0.0824499124589631
7813,0.1564143698921304,0.025285204558532,0.1169433969844544,0.4066087795460119,0.0829353290404706
7814,0.1541941936356083,0.0402719134345946,0.1289590635131698,0.5108865499747464,0.0850954219609902
7815,0.164167521317233,0.0673566108202033,0.1476906786481998,0.5604940183726832,0.093244397787805
7816,0.1891290467838556,0.0907118879969134,0.1727410925437548,0.6168167424051246,0.102692366452532
7817,0.2123139036570432,0.1006306353178348,0.1843241677899523,0.6556606686145453,0.1099222902143524
7818,0.2262523840350397,0.0988535978104893,0.189639790384013,0.672926512583162,0.1169389197573779
7819,0.2380367022704136,0.0931008289975112,0.1960450437261742,0.6933100797639189,0.123543905621092
7820,0.2458749945693616,0.0940679018494452,0.20872144698682,0.7021639980996399,0.1303600423732855
7821,0.2521237547445939,0.0935545547177302,0.2200167349998077,0.6904825179042827,0.1388199507479531
7822,0.2323328755283614,0.0823727105991882,0.2148489798883303,0.5789436164216055,0.1600434325533234
7823,0.2554029795896104,0.0788794751884114,0.2429812265981239,0.5725496301648473,0.1644504045389021
7824,0.2722896706591305,0.0741671616320204,0.2632609027393299,0.5401304469353572,0.1738240148660678
7825,0.2845321841133377,0.0727790836014203,0.2728372072600232,0.4933431708496076,0.1831639297685767
7826,0.2925386130640556,0.0727096904429721,0.2818196495838937,0.4589084278411796,0.1979365115713043
7827,0.2929959909793248,0.0820759588259589,0.2878883794991687,0.4351425017041033,0.2101490852785763
7828,0.2968698051182894,0.0924571955556289,0.3017057580621917,0.412804132843338,0.2183768638669966
7829,0.2971252070300734,0.0904109941921397,0.3136766204347844,0.3908651465807797,0.2277072881022631
7830,0.3023588775187031,0.0903337563760809,0.3176591846414666,0.3679610537741318,0.2392040565038696
7831,0.3002069438755458,0.0926331207506903,0.3213404250800491,0.3539521754445895,0.2501919754040324
7832,0.292529239570985,0.091943714978875,0.3247180520971587,0.3313478079324964,0.2634268816051718
7833,0.2834735785770114,0.0833939125312279,0.3186121520175937,0.282780213730897,0.2960964451844595
7834,0.2427429807036806,0.0606578933670062,0.2510895663256932,0.1810966635891793,0.3216776484553714
7835,0.2557641725584358,0.0504973468050336,0.2741264369406129,0.1844909692900346,0.3369274403407647
7836,0.2727709134634281,0.0426364009837548,0.2774954068390538,0.1921343232203679,0.3340219850609483
7837,0.264148822320994,0.0429967966544856,0.2833113647178143,0.1982686422316655,0.351081273251024
7838,0.2636697382665696,0.0397712241680382,0.2959025820741471,0.1992638358506139,0.3559113566646616
7839,0.2965539459803049,0.0394120167193887,0.3110822286246569,0.205865165807005,0.3803325299747676
7840,0.3156912640549782,0.0398483917840274,0.3323963076195337,0.2176917310159041,0.3715823729845597
7841,0.3224603745316522,0.0445406130253294,0.3378267841233574,0.2204568801711881,0.354165870026802
7842,0.3220252479634632,0.0453628998798771,0.3242825947507737,0.2178008509314221,0.3472555318919174
7843,0.3135635821398818,0.0441672552655825,0.3078658816201917,0.2009570914989617,0.3436055902222219
7844,0.3026425713597218,0.0406099406303176,0.2901290920129585,0.1771479492292056,0.34439390925629
7845,0.2897313843094394,0.0400170347838538,0.2747073105015252,0.1618299228066118,0.3575067091398863
7846,0.2388335763287354,0.0278689595740551,0.2397254130972597,0.1621781675035512,0.3619099297346507
7847,0.2423600111743673,0.022904632199456,0.2471816435783833,0.1422110997805001,0.3184568204518587
7848,0.2429582747332449,0.0326036158238243,0.2439291321662618,0.1251306465549065,0.2943945417008585
7849,0.2334731133601336,0.0306341756894135,0.2408207159554815,0.1181754046432482,0.2719010565665956
7850,0.2172686857621646,0.0215835456830299,0.2407537722189927,0.117888917881412,0.2589302770317908
7851,0.2061161241311622,0.0217672111592684,0.2379163482753466,0.1179725742779238,0.2457542762028232
7852,0.203611605296352,0.0206608945696763,0.2213562568073118,0.1213414285549757,0.2447687598385469
7853,0.1957520808072651,0.0199377773890026,0.2125922028767937,0.1251427440233883,0.2446213547024527
7854,0.1882461156950144,0.0187250490749489,0.2037480640277638,0.1281675676745811,0.2331090445799746
7855,0.1842870284363363,0.0124199837251577,0.1926704481907871,0.131928473951543,0.2344653086472577
7856,0.1643590246478326,0.0142625617901291,0.1790517940828297,0.1289351722339242,0.2536070714350186
7857,0.1315686670453514,0.0122937459402953,0.1532925927668774,0.1197413364239945,0.2728943124775767
7858,0.1079895696568917,0.0106576714430422,0.1183508580816557,0.1079603220101894,0.2536966219021602
7859,0.1131993643072434,0.0110917671405755,0.1002522695347338,0.1117160871886811,0.2482619825512733
7860,0.1059867983515776,0.0144230322522993,0.0892117539872476,0.1204310694712567,0.2638779792678968
7861,0.1029974036286733,0.0178940879866167,0.0881944356771676,0.1265935553978222,0.2847358472358409
7862,0.1142362316757849,0.0147505254123043,0.0904332166668118,0.1277268632453394,0.2895603909305735
7863,0.1276083780418196,0.0155051224930623,0.0932554198295569,0.1141843437846938,0.3002488788568467
7864,0.1349265061213707,0.0131444442714917,0.1006608080531554,0.1224497265174582,0.3118660116545403
7865,0.1302428327752184,0.0114885507208523,0.1067085743639602,0.1533262385602603,0.315225539044179
7866,0.1252047982877038,0.0117368738327184,0.105594038716624,0.1934056537675843,0.3033561504735314
7867,0.1181159737663513,0.0117484400357633,0.1038987393522729,0.2185540355425983,0.307284830912197
7868,0.1099539127117046,0.0111222908377128,0.1021023608466302,0.239496343432138,0.3148668844814952
7869,0.100166315821849,0.0118162341181201,0.0932259064379174,0.2585540435858088,0.3122616469736619
7870,0.0834666456169107,0.0102334445519812,0.0684269573878817,0.2694157898228365,0.2640972230694727
7871,0.077305353086829,0.0098833108169395,0.0636289327105177,0.2774978954523971,0.263594079381981
7872,0.0717584256159209,0.0105857889844534,0.0606661094092302,0.2858964911804321,0.2712749991941373
7873,0.0668696174963624,0.0116112146475029,0.0574878640624474,0.2854798132116705,0.2610915502892232
7874,0.0648903712026842,0.0092919845551657,0.0556154693632983,0.276003056100923,0.2449001222004451
7875,0.0602653649509053,0.00981463816262,0.0547809016352964,0.2623759596320916,0.22963817302321
7876,0.0552076917211478,0.0101893397074338,0.0562978915820311,0.2566308346316918,0.2181784560993509
7877,0.0504539654941258,0.009313033577802,0.0578391536633625,0.2558482445833024,0.2147836955339332
7878,0.048960541617167,0.0080296965906757,0.0592788953629437,0.2574741026254636,0.2120999321651409
7879,0.0487063794730146,0.0079802551311139,0.0607030125435018,0.2612039701922894,0.2108419780542326
7880,0.0411175089822426,0.0071112396580234,0.0609073118250451,0.2617133476770737,0.2058280051781989
7881,0.0335521443749894,0.0060979251704671,0.0544495360883512,0.2630151910044274,0.1887875297359657
7882,0.0286265591179741,0.0067470627229693,0.0445618986983215,0.225065649776852,0.1832756331196917
7883,0.0267030194901808,0.0046179587522633,0.0377116794555274,0.2126516280352115,0.1840700261164267
7884,0.0257162823544639,0.0045681157637233,0.0343598583907669,0.2112010184648222,0.1787586544426917
7885,0.0244289645335557,0.0046555476408256,0.0344018563201422,0.207661400007089,0.1721235003215439
7886,0.0296208254744529,0.0060634938689524,0.0378661678541357,0.2134112583248154,0.1591733528153269
7887,0.0328824366286786,0.0080264367023762,0.0458318824824794,0.220404317891149,0.1372079277441949
7888,0.0372187076208226,0.0101639304939186,0.0568135155938625,0.2364087390582749,0.1183093903291715
7889,0.041330136099759,0.0141089139019044,0.0668287121336918,0.249671808765283,0.1079934630134357
7890,0.0388466970465011,0.0174142135938684,0.0757289179334541,0.2510813752787298,0.1013914315283695
7891,0.03292926999852,0.0237999314104936,0.0847587791577492,0.2486025364442161,0.0955090625679466
7892,0.0305058584928261,0.0281065516817259,0.0898223940692612,0.2488142741223039,0.0894573280650688
7893,0.0295293700229789,0.030160438055241,0.0929204255306072,0.2508071507833527,0.0831052004442784
7894,0.0351606143763392,0.0350274551239134,0.0823915329364669,0.2457472405190452,0.0896452504880714
7895,0.0338801588566089,0.030699204807292,0.0881363822262099,0.2482400413996674,0.0942833404810776
7896,0.0282499939154414,0.0304701776539032,0.093488202945253,0.2589831719969532,0.0930550708473562
7897,0.0246944325484454,0.0311252807059172,0.1014913239608054,0.2682698760820798,0.0881099572474382
7898,0.0244250169139762,0.0321962633260958,0.1080644284664925,0.283358886543935,0.0830525541743234
7899,0.0260701631681391,0.0294614366654518,0.1177419795294068,0.3045209872589078,0.0821979330917552
7900,0.0240242847652082,0.02783301766799,0.1204588414964317,0.3398063500609242,0.0791419400664751
7901,0.0243689416638756,0.0232013053638084,0.1284506640837925,0.3850577099965175,0.0784906030858332
7902,0.0249661425450406,0.0214185922749978,0.1332955559136583,0.430662169859185,0.0706604272955358
7903,0.0248227502758398,0.021671701896418,0.1415495893716876,0.4729349016990627,0.0641518824066672
7904,0.0217390225230289,0.0195130506633191,0.1476844314338751,0.4928271693250938,0.0571615536903048
7905,0.0193456675030091,0.0146695606407488,0.1452723484103336,0.5033820655727073,0.0576641757669041
7906,0.0247935400133679,0.018257651062264,0.1275611121345252,0.446459039071203,0.0604164044406773
7907,0.0235720805989434,0.0131978213044535,0.1262746206617903,0.4924082801929952,0.0582958123202707
7908,0.022378062563411,0.0080310170601841,0.1332110016123995,0.4819483934177313,0.0643583501848395
7909,0.0215307984634658,0.0071814767303453,0.1307247238681283,0.4663841341262312,0.0685256845521664
7910,0.0202193442179706,0.0069382647095713,0.1365058450723099,0.4660894418706453,0.0699291022186456
7911,0.0253074878095515,0.0072124341692771,0.1506637232864415,0.4350954010225731,0.0631909746685774
7912,0.0338417454309863,0.0102820676516015,0.1682612876762066,0.3973960297505051,0.0564072782417446
7913,0.0427787632963355,0.0139715207123393,0.1832214024102531,0.3705297415828862,0.0479477812855407
7914,0.0466519621370831,0.0163028512205659,0.1943741744380159,0.3843785025116855,0.0439280945915176
7915,0.049208614139235,0.0168609165204199,0.2016561438546708,0.4017455136250857,0.0416482148229793
7916,0.0526384183085046,0.0241698628562238,0.2006676197865956,0.4161944240294827,0.0408927352421923
7917,0.0568603177404479,0.0300145208862269,0.2014001789906521,0.4455923180460325,0.0429363400982466
7918,0.0586430598887965,0.0421498440447786,0.1765207854542292,0.370351458533498,0.0454651107038377
7919,0.0648836662855599,0.0390473003747247,0.1863395915072779,0.4608475159069233,0.0522390980174653
7920,0.0809445937639898,0.0344098508301349,0.1935695134681178,0.5442566136232805,0.0610051884263134
7921,0.0952993339178068,0.0404620346742303,0.2001673476599008,0.6290148135618923,0.0690375782105471
7922,0.1066451134088411,0.0478266286873647,0.2058529975700376,0.7011271428933286,0.0773879107441494
7923,0.1246369307503724,0.0782001019800191,0.2100931651402196,0.7252431377836815,0.0870003615920228
7924,0.142303960330605,0.0879251651081237,0.2286683760706923,0.7264347984250034,0.0933618894750882
7925,0.1562034907110732,0.0846754497747649,0.2404824131244989,0.7006400787651932,0.1033898687809585
7926,0.1666932903619647,0.0978112028282792,0.2606374913525534,0.7039803125913562,0.1140275858502641
7927,0.1682577515929705,0.1276748595019409,0.2881639408447597,0.7113612437602613,0.1297176622348585
7928,0.180712130065623,0.1504687535222643,0.3025063247685766,0.7361998267007238,0.1511217869681655
7929,0.1573016171283051,0.1451500887903087,0.3178662470670091,0.7570818343872527,0.1884799954157547
7930,0.1289325340747408,0.0798211871180424,0.300123198328367,0.7474773469030525,0.2302767714560537
7931,0.1230346586811064,0.0729278086043479,0.3052054995979071,0.7438315377818729,0.2777013676733374
7932,0.0910696457979887,0.0829963013014963,0.3027800279473108,0.7763108382170516,0.288297805154571
7933,0.0714332162232677,0.1313529665579309,0.2997970222470829,0.8214488606643356,0.2874864814869121
7934,0.0640538920629898,0.1698584256300544,0.3011653078598218,0.8683930295774699,0.2814863168384345
7935,0.0541317397511207,0.2122418982063131,0.3091124439414866,0.854907831378433,0.2686347548356773
7936,0.045821026651969,0.1956595614643443,0.3317420635872315,0.8218079410437454,0.2545309958182939
7937,0.0418561354713253,0.1871091507531672,0.3485297773621407,0.7898238629372956,0.2373534986284918
7938,0.0406288752865593,0.2035325208003962,0.3755815505655596,0.7843065672709706,0.2153014064585358
7939,0.0365636704694209,0.2131045617834986,0.4093188231797011,0.7601144997106825,0.19249949074905
7940,0.0367375105297237,0.2153797595636794,0.4392458831847709,0.7405290836688603,0.1798680666975101
7941,0.0412156087154062,0.2076696282475969,0.4683664585492869,0.7170777638701827,0.1757757432133811
7942,0.0382635406204135,0.1521559428040112,0.4764302109475272,0.6875669354457674,0.1692377482426459
7943,0.0392098040020558,0.1690649923527692,0.4856545520341482,0.6660084040018368,0.1616361280194168
7944,0.046954287469315,0.1777423975858655,0.5143277312166963,0.6467892072866068,0.1576618856631147
7945,0.0582458233576966,0.1792211033603975,0.5381199744481786,0.649736455076758,0.1509798950134651
7946,0.0629225877238022,0.1818795234830847,0.5569548642593858,0.6260522904744615,0.1435889412683182
7947,0.0638652095769698,0.1829221957289055,0.5722223045891301,0.6147869807799135,0.1458177653051538
7948,0.0679944888422972,0.1800742995680273,0.5772597090827583,0.6137877764685848,0.1470656253299193
7949,0.0693349417035309,0.181395038874416,0.5802620837243414,0.5987237444158087,0.151067874410411
7950,0.0655143518081075,0.1686089869145401,0.5757881978824816,0.5847446711808006,0.1558846549601948
7951,0.0567354126421046,0.1606828994248739,0.5762537944902979,0.5681010728034677,0.1581735972054967
7952,0.0486209246004513,0.1624259379172007,0.5790098909359213,0.5693321433278431,0.1635381845461785
7953,0.0425360083008733,0.1807700820543478,0.5932835442129687,0.6023185054480977,0.1800793471823801
7954,0.0429508629585488,0.1374820305602097,0.5496434553301763,0.5107976853076998,0.1978980063167794
7955,0.0384720447578457,0.1440333315558338,0.5640166733165338,0.5384926949804433,0.234204793357549
7956,0.0398465635014602,0.1767003838228986,0.5801437569500612,0.5489420732918042,0.2761366987371791
7957,0.0433668803772842,0.1970270515401456,0.5851242398789167,0.5178111164045424,0.289470534381
7958,0.0618059171383647,0.2227808794153483,0.5508373891141347,0.4721593281538581,0.2829778795144413
7959,0.0739383321075003,0.2316400593313525,0.5230612605985637,0.4499295618891664,0.2832105467949933
7960,0.083466024682414,0.2238271179328062,0.5203842924520595,0.4141147847450896,0.2820433375555927
7961,0.096177947021788,0.2140652362945158,0.5168642296442413,0.3876518348968687,0.2763376683739025
7962,0.1167317531061118,0.2266383605208436,0.5040914138468754,0.3574382022023263,0.275163911346353
7963,0.144358376168185,0.2384658701503587,0.4894150382156695,0.3292131493770973,0.2851146226286284
7964,0.1619360572127218,0.2375300523859159,0.4709434655113556,0.3002787161137251,0.2917415483401138
7965,0.1697986449477291,0.2282837548394021,0.4514382660155823,0.2777969857686093,0.2848017393021153
7966,0.1715776421466112,0.1580103222203466,0.4266027370046924,0.284524161248018,0.2916609800292005
7967,0.1798766454864973,0.170386613167274,0.4117346858590391,0.258367759488048,0.2639783211020258
7968,0.2118781933054463,0.1737156089041105,0.4111455151868464,0.2406290917776986,0.2489489674501591
7969,0.2373670324336099,0.1622280036622894,0.4115894545013563,0.2230499359339344,0.2322014826464837
7970,0.2421453879859947,0.1602786013885968,0.416892988418126,0.2108012396272814,0.2164056321556116
7971,0.2309959295168703,0.1449238731767203,0.4214978038607684,0.1988926956457535,0.203050923099746
7972,0.2172054832037892,0.1242795352232183,0.4176194241534864,0.1997232061975223,0.1956900134529413
7973,0.2209469988472636,0.1159054867554531,0.4148855481700069,0.1955795446127368,0.1942763796831892
7974,0.2360360326277903,0.1100128995350085,0.4084638150878962,0.1902527631440244,0.1879653805899032
7975,0.2352170464508655,0.1145348311543843,0.4035332145681619,0.1877923006114,0.1815013817799255
7976,0.2261923290638249,0.1353757056738386,0.3911269790257142,0.1782207282636889,0.1867950919209287
7977,0.2355262263197269,0.1666643742173173,0.3776485011133681,0.1691404070599541,0.2047737048797038
7978,0.2005199889914156,0.1717713596086336,0.3358545030191117,0.1162935019463283,0.199771956878489
7979,0.2118971151584338,0.1762894986781036,0.4175321213051204,0.1184052980852626,0.2233772171499326
7980,0.2106442206320954,0.1667453723314403,0.4170855391812761,0.1126731510852901,0.2509322901394893
7981,0.2195201857467433,0.1213776118527807,0.3921745598471679,0.0999896611700996,0.2577763052701343
7982,0.2270727060890769,0.1176375445187874,0.3684802898058295,0.0900209076820276,0.2421729414894486
7983,0.2157519896722014,0.112494356920704,0.3255041384219996,0.0815331146522765,0.2228353549544522
7984,0.1998985270347327,0.1068715950054782,0.2934966203301424,0.0772832298500574,0.2127846614122363
7985,0.1974142049830364,0.0923443522195052,0.2705777765268888,0.0733269810467108,0.2025020179819504
7986,0.2000081823614043,0.0790637132966575,0.2474171578648456,0.0672943124237235,0.2057857892955222
7987,0.2024278480004097,0.0668807812123651,0.223167236442512,0.0635940298362207,0.2073457684940869
7988,0.2101696381713954,0.0554769681109341,0.2046634264295619,0.0644390534674307,0.2050766527468761
7989,0.2265042936021294,0.0426821550356494,0.1915648699157453,0.07089161908416,0.195794185530235
7990,0.1594917971677971,0.0325374351369173,0.1512991435035031,0.0809131835027187,0.191537107046111
7991,0.192450597856416,0.0254132136014724,0.151770639608258,0.1010207976827292,0.1911142334263942
7992,0.210486228314148,0.0226827245569878,0.1611235354311728,0.123748056005162,0.1787040517219668
7993,0.2316618670294035,0.0214153074607825,0.168375555714721,0.1475412187456226,0.168660466686685
7994,0.2409405338698541,0.0175116033716067,0.1700183267340506,0.1658922874696617,0.1578917730811454
7995,0.2437585319795563,0.0151593389274719,0.1723796115970425,0.1851688650663848,0.1404787889717789
7996,0.2413465038791992,0.0168778018529421,0.168356056116619,0.2058177397764161,0.1229272342604116
7997,0.2296147628217144,0.0223098089791037,0.1709135911229944,0.2287537222285771,0.1129141009074593
7998,0.2062733190541343,0.0295809287327876,0.1674794767125825,0.2528232237599633,0.1062626824866416
7999,0.1813056174204496,0.0327676037703649,0.1629919720389934,0.2792793497995177,0.1008239525393644
8000,0.1700306334476931,0.0353095041287431,0.1513242811139836,0.2983813735616362,0.0904473445506764
8001,0.1727978542753794,0.037541198074501,0.1421671040560561,0.3038928331317655,0.0927917682587494
8002,0.1240780503731238,0.0399098948150423,0.105749282229831,0.2976010686904786,0.0919533619073847
8003,0.116615701900841,0.0408737931446453,0.0975873067821513,0.2689824186645295,0.0993305684331866
8004,0.1213900836398563,0.04960731694614,0.0946254969237847,0.2743404989879057,0.1132583024735353
8005,0.1162335745299023,0.053730176220102,0.0971235060913151,0.280585866480343,0.1105628239743059
8006,0.0887429272642741,0.0573559590818171,0.1000397273216101,0.2821930304762367,0.0877069595322349
8007,0.0668411709465474,0.0657737314730208,0.1085640694418941,0.3181785961290697,0.076039581383607
8008,0.05264273377759,0.0787495428509252,0.1170987241391945,0.336059317982405,0.0688806668146525
8009,0.0414046374424491,0.0803111692271394,0.1153411532642994,0.3452878757634379,0.0617474705175073
8010,0.0314249727407811,0.0827819998692265,0.1091783195237098,0.3405678391526521,0.052807752882283
8011,0.0258253735028182,0.0798421768474685,0.1045849306507801,0.3305568848734484,0.0463305565157169
8012,0.0259863942943207,0.0677846112252824,0.102929127075924,0.3157390985257994,0.0442152559507202
8013,0.0311084548981093,0.0549253403799339,0.0972002203601083,0.2921086427700678,0.0413888516310375
8014,0.0343539515591532,0.0491695745546843,0.0939887291602127,0.2750145973996111,0.0391070082701135
8015,0.0377808134383254,0.0372349597713232,0.0960044247933099,0.2895792204456726,0.0352338724673208
8016,0.0410111633591797,0.0257244793382059,0.0978303266619576,0.2857337941859069,0.0333752576170362
8017,0.0548664377405037,0.0259192287701364,0.0965625592364275,0.2707489615295337,0.032918354796345
8018,0.0758651625668863,0.0395238866153756,0.0884192427465127,0.2630114008084462,0.032406331210766
8019,0.0906547002196602,0.0554846194860493,0.0777370122974736,0.2410825947944181,0.0335573845473303
8020,0.1010302437700422,0.0575180910752726,0.0753346928774287,0.2234869386825914,0.0374693446290747
8021,0.1172628637590954,0.0489694203212777,0.0820866633595337,0.2131016937914974,0.0426960601174375
8022,0.1318464611141373,0.0370320902858886,0.0835368061478386,0.2077751628388523,0.0498676479908523
8023,0.1471993501311735,0.0303614501869722,0.0813925816649231,0.2017201575186248,0.060253852326526
8024,0.1606777953293429,0.026462727145206,0.0799179270647234,0.2044747612097433,0.0721183004208415
8025,0.151114158168753,0.0224345945052215,0.0690357751877054,0.2079613615387349,0.0771890967151814
8026,0.1506930493075012,0.0173574567311716,0.0490981493573793,0.1644171402593224,0.0955145673179487
8027,0.1512237878513543,0.0151209675831932,0.0442323105800194,0.1826453690885567,0.1212464505938341
8028,0.1536132319748986,0.0084005224951864,0.0440188691559182,0.1954603220022019,0.1364917029908429
8029,0.1613199291946432,0.0086712630769982,0.0457233485948203,0.2183923447919648,0.1464421161143121
8030,0.1752907932942048,0.0110990716515612,0.0506131540510707,0.2339254499161662,0.1512133652998103
8031,0.1636531460312854,0.0082421260442297,0.0587693498218528,0.2207306292520554,0.1471632576441769
8032,0.1546199074044452,0.0071381218354857,0.0648723229808753,0.2348287579391777,0.154062081927197
8033,0.1447002487042316,0.0081434621873111,0.0644371441946556,0.2673075591116597,0.1631094767102711
8034,0.1291093241613875,0.0078892705144228,0.0613931953687718,0.298591186867659,0.1680472541428249
8035,0.1145489235931968,0.0076355710623017,0.0587247097015689,0.3105774361385198,0.1685437243533291
8036,0.1020456603357205,0.0069945599048607,0.0608521028559698,0.307847670152854,0.1692695964805371
8037,0.0849507152792792,0.0061100185803704,0.0662858443402186,0.3070251751718883,0.1722182603502465
8038,0.0664132287823633,0.0086354606409581,0.0814642312837153,0.3218049763128073,0.1586718288536104
8039,0.0586295841393323,0.014903135336508,0.0992465718534888,0.318268123629248,0.1668684687700818
8040,0.0512634817378122,0.0137955095051369,0.1139760987369049,0.2979801820881397,0.1700648282429106
8041,0.0435997929509731,0.0142218309403977,0.1228107196151276,0.2937717887922694,0.1637079644669898
8042,0.0348602147998019,0.0171577861183764,0.1309967785466888,0.3039156863229837,0.1665168341575348
8043,0.0317632120081529,0.0207479078980373,0.1421392152047062,0.2940777110518596,0.1662786553404413
8044,0.0380568619024733,0.0337267026973235,0.1560391105810376,0.2767906361466427,0.1730619912845361
8045,0.048632504641009,0.0420384728348617,0.1726737205287573,0.2845259638414505,0.1794364104211741
8046,0.060783541819085,0.0548655801509456,0.1805101584492518,0.2827243267356648,0.1793807227324832
8047,0.0716219112693133,0.0708731528907899,0.1916659899168546,0.2620365287930969,0.1714588765613364
8048,0.0876561004998373,0.0680883552946248,0.2032109483691812,0.2544177780720868,0.1654354789722416
8049,0.1163090779880066,0.0663301053207812,0.2059626992399493,0.2293879847254094,0.1618284201770066
8050,0.1498898455610195,0.0692831904049543,0.2114966735515383,0.1539539117523355,0.1814305069074273
8051,0.1806561030186051,0.0891485579302437,0.2292971819670963,0.1613021099750869,0.1881232453647834
8052,0.1978563197970048,0.0994877516531257,0.2454332245039186,0.1700960084682228,0.1801158097512131
8053,0.171985408500091,0.1080178877207543,0.2406313443880876,0.1846358210526585,0.1641461086687876
8054,0.1613425753749717,0.1128478051855709,0.2307420330115281,0.1890252343710341,0.1454790221421422
8055,0.1521885858177404,0.1177427031949869,0.2399054576602412,0.183819821460631,0.1334067143033701
8056,0.1583000020299126,0.1199174378771609,0.2491615787550981,0.203661246401811,0.1231285057129152
8057,0.1739563803999933,0.1220083293335546,0.2460972921052967,0.2124893707378473,0.1191437261239179
8058,0.1836529980266403,0.1237314141357166,0.2348556568491286,0.2115649222374675,0.1219300956522171
8059,0.1921183001111239,0.1228631391217642,0.2213613601561782,0.2064363246727822,0.1239311198180062
8060,0.1947291284393253,0.1305371524407529,0.1979952961979836,0.2012833985719685,0.1213992036363598
8061,0.1952024608094271,0.1363966161374616,0.1840010244874944,0.1942509510315928,0.1209535888714986
8062,0.1726043296418387,0.119955297928012,0.1450655381155034,0.195532099800241,0.1129475009035008
8063,0.1807140276087259,0.1289388848746772,0.135680508727663,0.1868096094145137,0.1062048971162466
8064,0.1872105669370968,0.1257815189898927,0.1309454814372763,0.1815581796394163,0.1069431950526244
8065,0.1838174641587695,0.1100201791329174,0.120994760819246,0.1763815181265173,0.1136083742164842
8066,0.1875634612147159,0.1101510685632555,0.1176854447038844,0.1728206307405295,0.1196919699878201
8067,0.1924218059671466,0.1113319768426649,0.1124828785429724,0.1656575451364875,0.1257613089978924
8068,0.1875378955817629,0.1173111054406457,0.1025379629266951,0.1583695386883504,0.1328356863341608
8069,0.1797190164061387,0.1125934103533254,0.0970882685819273,0.151274760865113,0.1370559770245443
8070,0.1633301266347729,0.1211470240021115,0.0920331597103457,0.1450845806524001,0.1414621970578859
8071,0.1492863724753011,0.1176897271374381,0.0930480423227074,0.1359591895306075,0.1496142549524128
8072,0.1291153228955597,0.1136641672745834,0.0973411618512304,0.1300400122550625,0.1567987418234151
8073,0.1033371694676962,0.0985347202037854,0.097771481000177,0.1330283190071158,0.1586313710687688
8074,0.097927824335815,0.0618103224416186,0.0942218194615953,0.1241808025744894,0.15084089758324
8075,0.0998048875652505,0.0542315103463162,0.107390282981462,0.1217990728848306,0.1600868600392152
8076,0.0899561830081419,0.0508638570881166,0.1220868642262535,0.1246314453265149,0.1681640813896638
8077,0.0843521382478055,0.0489742691307614,0.1341982886751397,0.1294286852905911,0.1778570432629241
8078,0.0606149075740476,0.0512463486941821,0.1467850455920658,0.1327393888881795,0.1869550139256502
8079,0.051317131831238,0.0477849338940854,0.1642698050774456,0.1408983731395316,0.2059311986690817
8080,0.0460190774076706,0.0605259638648947,0.1771605578349889,0.1668744769492553,0.2181838806180985
8081,0.0360571159604225,0.0678015508141171,0.1875592096835643,0.1983158142888995,0.2205720367099602
8082,0.0258414476237125,0.0630884420827643,0.2035870452391422,0.2156872352057066,0.2256487365689765
8083,0.0203937203339398,0.065500681369046,0.2230035362943978,0.2183964999004683,0.2323459095583387
8084,0.0188062285320808,0.0588578953093218,0.2380502659314179,0.2161058403935545,0.2400349746995885
8085,0.0178631204795964,0.0537180864785689,0.2410158524967635,0.2123435414336766,0.2579243040453651
8086,0.0187246665386212,0.0290207994976989,0.2361543606821396,0.2051263545023695,0.2405325568941481
8087,0.0223178745388299,0.0229673994756238,0.2307736249757159,0.2032002578775773,0.2424066612473286
8088,0.0275484478417564,0.018134125532107,0.2227062020882827,0.2007614459329118,0.2444456725088783
8089,0.0347756973747278,0.0156378310933779,0.2061249785284348,0.1916657048686759,0.273642556241497
8090,0.0357538901435668,0.0129064686354317,0.1924559166363099,0.1821702273142939,0.281291368193263
8091,0.0490488943549543,0.0126441084242171,0.1871637370353308,0.1694434254088249,0.2878146611222994
8092,0.0666484279675933,0.0126235733943301,0.175828219876896,0.1590052796164911,0.3027525640216879
8093,0.0827895203872964,0.0119902781668353,0.1698067525153561,0.1521957036481322,0.3224077268094553
8094,0.0940139582328354,0.0124350781396759,0.1647812189164553,0.1469512279274171,0.3384101942984363
8095,0.0991023512721205,0.0141068824180713,0.1631353445745913,0.1450160343234823,0.3584169960351103
8096,0.0992121717293443,0.0218721738917992,0.1573512128780421,0.1392817853574713,0.3661686222638445
8097,0.0879230487499421,0.0289191789602355,0.1447766436487198,0.1229866615714303,0.374110187906487
8098,0.0925350308234008,0.0189973982468455,0.1196599624999098,0.0808765971939393,0.3083187645927038
8099,0.1039803901160248,0.0126342735799055,0.1092563356540399,0.0613296707476335,0.3076672738733877
8100,0.1121627165892748,0.0120754360130624,0.1024231217303929,0.0506368120629659,0.2896405139933939
8101,0.1259147423515252,0.0106143015941098,0.0957865507357337,0.0444971659045514,0.2788299084477741
8102,0.1584944746718068,0.0097071806391536,0.0963990047164235,0.0458588654297259,0.2736772798713694
8103,0.1810111034923243,0.0094633945747667,0.1057887788489907,0.0554476347507321,0.2816447540684721
8104,0.1877683750214916,0.0097372637422929,0.1126730757706365,0.0716579243090715,0.2894242219903147
8105,0.1910151008875214,0.0090488509203687,0.1154343761400695,0.0846222972499126,0.2996240977565328
8106,0.1977941701838209,0.0075709394783988,0.116193300845018,0.0877746469495949,0.2992135405201198
8107,0.2005679325190696,0.0074057702619492,0.1186381693616621,0.0868478000922744,0.2995979996114048
8108,0.1976213540179928,0.0071166154269858,0.1194457063791891,0.0824995202082274,0.3061171636732737
8109,0.1930936609946408,0.0072327538894713,0.1205715733861961,0.0768768406886666,0.2931667794024404
8110,0.1666128282809332,0.0307593472982666,0.1003596434069123,0.075269027023275,0.3001824543466394
8111,0.1547864595420784,0.02430249850639,0.1066011768694827,0.0780517947990225,0.2817688855172812
8112,0.1524021621244163,0.0280663671056928,0.1149474289839169,0.0819016637584269,0.2501128178835118
8113,0.1541462768817962,0.0281421214800172,0.1189524434298367,0.0823691422075589,0.2044818381100464
8114,0.1492352177668286,0.02239276657888,0.1292077438751662,0.0812696113586698,0.1801773272178408
8115,0.141492824298805,0.019361795813775,0.1370223151915257,0.0725621563100063,0.1661142732768619
8116,0.1329941123382506,0.0180675056519785,0.1465362008816492,0.061447325762663,0.1539847390576154
8117,0.1209422646342078,0.0148320630653836,0.15962209691281,0.0528732058546277,0.1394716886371486
8118,0.1083510644466509,0.0131257574526871,0.1701088607369133,0.0457690034519351,0.1235583194875986
8119,0.0923879650123204,0.0117511936198865,0.1750946136877245,0.0412686216093415,0.1080669865416527
8120,0.0810307915719141,0.0105360912380175,0.1722751145667036,0.0394888654696658,0.0938593324858931
8121,0.0691110927989006,0.0095324453898795,0.1651928040565722,0.0349617944166152,0.0768367744312197
8122,0.0554223701177341,0.0201456293015256,0.1441989427242901,0.0315510068336024,0.0636874741440644
8123,0.0497072878820439,0.0111842734829285,0.1333456441326206,0.0313827618400252,0.0617005729987057
8124,0.0498329503841413,0.0123217546079942,0.138214933863361,0.0342924884215477,0.0632001522430948
8125,0.0501429053005067,0.0130728331534857,0.1652035236432145,0.0402404668080355,0.0670531794268147
8126,0.057811445533644,0.0169101028100119,0.2007257810093219,0.0499081103044774,0.064744703469569
8127,0.0619451239910709,0.0223282616735269,0.2465218854160873,0.0607034697873021,0.0611048004103528
8128,0.063363893935436,0.0199218760689447,0.2834858257309685,0.0809208557822161,0.0574610138014816
8129,0.0599563872230087,0.0167012820401477,0.3060824680435365,0.1009285313537028,0.0550708842423546
8130,0.0523805944672041,0.0156840202428193,0.3278810788875372,0.1171909503802898,0.0531818421797576
8131,0.0472283026031631,0.0183585541586042,0.3610509036343409,0.1402919695526611,0.0473014508789755
8132,0.04517245859247,0.0244008528186592,0.3950227191346863,0.1595063121493627,0.0435296595732377
8133,0.0457979111924768,0.0342450682026957,0.4336313785239167,0.1824207785260876,0.0425303024830416
8134,0.0415455398396984,0.062908448306469,0.4499087804129589,0.2200810965859429,0.041395260102925
8135,0.0382424849836101,0.0534575450778765,0.4923843262589338,0.2273021124931589,0.0411724879806466
8136,0.0352567170918185,0.0509858370614334,0.5336897810141479,0.2391771506975234,0.0411339781931855
8137,0.0367108156284616,0.0464366263733846,0.5736738625561135,0.2494148295143247,0.0422380327074939
8138,0.0358281062924741,0.0437163049095774,0.5956920072904861,0.2672337611271608,0.0420660852681139
8139,0.0348069190250408,0.0458041019136052,0.6065218236565088,0.2853283312747643,0.0397695187288078
8140,0.0360241691314367,0.0491548905764884,0.6082988171319188,0.3065587799010871,0.0375524872016354
8141,0.0399804203928263,0.0520023958801307,0.6038435440453386,0.3340487155142836,0.0347749618405592
8142,0.0442301043214854,0.0573785948461579,0.5970047267326098,0.3620496409966101,0.0335711335743489
8143,0.0463551244762607,0.0637072547856778,0.5984702664772018,0.3890148822011141,0.032234280411317
8144,0.0445098378110144,0.0688568868849243,0.5912975183071802,0.4190807057012962,0.0319618663901535
8145,0.0422354834515308,0.069223244034286,0.5943002666423386,0.4483433291868721,0.0296839404843406
8146,0.0320788900210708,0.059470730259482,0.4707358875084144,0.4853457147173521,0.0274979877900582
8147,0.0283214346420569,0.0470334091463703,0.5122771777991229,0.5262745252579202,0.0316682848208439
8148,0.0283746455328752,0.0444149694741648,0.5437164178792045,0.5458513217952298,0.0390315845095756
8149,0.0311081460743405,0.0528025201475534,0.564929181366272,0.566494705965158,0.0441233206533859
8150,0.0409967533849481,0.0631486912522086,0.5783029905186355,0.5839515789335009,0.0460281367349453
8151,0.0505910067522826,0.0758262731563591,0.5868687867280045,0.5955756788655041,0.0445031229804817
8152,0.0556503416340724,0.0903704833005492,0.5931205566993073,0.6116749450862076,0.0425035266860044
8153,0.0580943725284252,0.0975932727470262,0.5947537517890112,0.6236575161426576,0.0413258051331673
8154,0.0590414454907918,0.1009745439772049,0.6029658275846268,0.6268875971817303,0.0421223777972447
8155,0.0611628313245978,0.1133892928117243,0.6124904343580269,0.6146054895038076,0.0411431575944821
8156,0.0611884858482306,0.1238377599922486,0.6136704801858035,0.5855683351219453,0.042248737002994
8157,0.0611991411210164,0.1374771701123836,0.6176014376204264,0.542497551893212,0.0440519471868005
8158,0.0602004904458341,0.094960800139414,0.5311391309783409,0.4233087410621027,0.0422371956086206
8159,0.0680186081959532,0.1128505175121118,0.5648929292790582,0.4120973735302196,0.048974631306638
8160,0.0740690902310671,0.1288422727974328,0.582517794365956,0.3838594817187061,0.0567275729675796
8161,0.0830411489419456,0.1385456496071692,0.5871752333891588,0.3426034254868131,0.0582176470033995
8162,0.0928373226376062,0.1354857491934622,0.5821674470085376,0.3081850041451279,0.0592704223782504
8163,0.1189290858082377,0.1312348818741219,0.5941665953946622,0.2794952215966657,0.0670695404589021
8164,0.1553267710538511,0.1294199752459499,0.6079223629088725,0.2567143492670095,0.074249412463371
8165,0.1968239735280607,0.1249796045336165,0.6031893035490792,0.2301549951423375,0.0785706975882111
8166,0.2218386639907795,0.1216588504749743,0.6014680752488119,0.209938240791047,0.0789182753060315
8167,0.2151424486677851,0.1152165209006787,0.5845599228747409,0.1888629008454707,0.0761004957650775
8168,0.1963731278702236,0.1124765278958148,0.5634624684742235,0.1778561074269828,0.0706858215395303
8169,0.1900386351825133,0.1072825297895208,0.5565938821422347,0.1655829883129435,0.0620166211693878
8170,0.1391539579761349,0.0737564571511995,0.5000178749566844,0.1308189031350841,0.0535540324643748
8171,0.1452498028941155,0.069189818297188,0.4772509612177346,0.1422977512718488,0.0604018799508883
8172,0.1745271844528334,0.0687592250465938,0.4647214766013076,0.1585466794327712,0.0634041109116557
8173,0.1886974606994667,0.0711839888864447,0.4296393708870543,0.1654916107619426,0.0631738780287514
8174,0.1820560359221417,0.074097590282799,0.3996530772890544,0.1536041619897157,0.0578237980109367
8175,0.1728137725235972,0.0672594493747455,0.386669205690831,0.1446487388014065,0.0527963050476711
8176,0.1764197354395447,0.0653692053509999,0.3852809915344445,0.1568495102467814,0.049766334942737
8177,0.1896307816646831,0.066609920002879,0.3864461942904769,0.1796005321363354,0.0477334200462558
8178,0.1909238556331459,0.0572269468441572,0.3834256733494156,0.2042035995580949,0.0482571110615576
8179,0.1934452267900459,0.0561936817574102,0.3780278432746231,0.2267993260026379,0.0498841162732703
8180,0.1911844822379262,0.0531258897091313,0.3789272204080066,0.2510302159669398,0.050613331272509
8181,0.187066071683079,0.0616447724018507,0.38722337405586,0.2811699789119513,0.0518997134544193
8182,0.1575591388277656,0.0693764926093597,0.3831223179549211,0.3137010933782785,0.0497288243022811
8183,0.1650686201909365,0.0575225104319775,0.3895926608478164,0.3636936212561536,0.0483375928623611
8184,0.1545529811840302,0.0451398418694018,0.4020079700487426,0.4231807928650932,0.0492579311226063
8185,0.1429372054882356,0.045764414047983,0.436437977654836,0.4868757218225905,0.0492130502759956
8186,0.1418280415457778,0.0576037502838743,0.4814376168224912,0.5448978686275083,0.0484334246871117
8187,0.1296004617644769,0.0709193909445522,0.524580392332512,0.6035225563019522,0.0464612994854296
8188,0.1160042830536792,0.0815279581459259,0.5770907766201229,0.6388373688836902,0.0443327994393298
8189,0.1091502107427997,0.0941148229231632,0.6309327088604688,0.6596276121830464,0.0430982625532924
8190,0.0981806973911386,0.1022912496719169,0.685924613071788,0.6685605879554538,0.0424795963134862
8191,0.0833697370104565,0.1157490906818617,0.7313337644564397,0.6724629489793366,0.0413524323883033
8192,0.0773243919638688,0.1295510015290391,0.7716012751266988,0.6726785892214481,0.0367459048445251
8193,0.0767017011317178,0.1368263674082939,0.8067706616917217,0.6663481233499763,0.0300237904117145
8194,0.0632424164517027,0.0919724760613027,0.7468908647251438,0.5576912800017128,0.0239165005163036
8195,0.0600780131382138,0.0779395703912596,0.7821450088534392,0.5611340273389839,0.0289039426273079
8196,0.0653682011570954,0.0824778657637243,0.8140052165632152,0.5578490067921881,0.0360213669946195
8197,0.0819720019528585,0.0933659181279046,0.8275392004236983,0.5512672298238933,0.0389948032620832
8198,0.1091309254322525,0.1170461596062159,0.7937977714049551,0.5855307371491005,0.0419144360625381
8199,0.1211192469562542,0.1365880099229125,0.744807470253578,0.6029438983541807,0.0437935865564386
8200,0.1211767212294918,0.1604318020593975,0.6941365078109243,0.6231825745196647,0.044207914663567
8201,0.1160959659024106,0.1807563869835247,0.6372095350927267,0.6698283660774316,0.0457213870613163
8202,0.1050268839025349,0.2005235901686777,0.5937312770515611,0.7108127728376249,0.0472740707618347
8203,0.093313756096337,0.2163306481487524,0.5628368102010936,0.7499345483414824,0.0499015421773566
8204,0.0870527686573139,0.2400326077484472,0.5488826571793147,0.7842975348478338,0.0557289250504967
8205,0.0852347948252154,0.2576856987203987,0.5425213226301094,0.8158065096834662,0.0649096744407589
8206,0.0771688592895107,0.222390037114693,0.5095560086663637,0.7724333099238525,0.0749493864375548
8207,0.0925608871592972,0.2639499453004605,0.5023713467491577,0.8293546568586329,0.0879093251749811
8208,0.0846344681044337,0.29370692595052,0.516663836528242,0.8715039772557955,0.0948581997643532
8209,0.0813526863219689,0.2952265223045517,0.5379937362409767,0.9006474144671246,0.0960363528942108
8210,0.1099594459678891,0.2970021374384091,0.5486576606595045,0.9114245768087182,0.1011598071873034
8211,0.1343491353733842,0.2893180212932542,0.545715839773743,0.9335282148006672,0.1079263114974236
8212,0.12258000626406,0.2705488916105652,0.539808354463254,0.9558022536161348,0.1094369867926026
8213,0.1117707886132279,0.2593914426351153,0.5307990003220476,0.9538196448047268,0.109288799273265
8214,0.1047391123688308,0.2351070611345255,0.5150985446478938,0.93952065793787,0.1277295983099838
8215,0.1016803492459534,0.2419014940997061,0.4949750573334825,0.9134482574744396,0.1557405000116324
8216,0.0950275097144481,0.2533011563497913,0.4688083697813931,0.8970320185776958,0.1680309750670336
8217,0.0876643666604127,0.272161735508841,0.4375502341247821,0.8926662980389273,0.1767911007865921
8218,0.0529965665898152,0.1700861175742706,0.2920308690708155,0.8690464697854944,0.2203334500675579
8219,0.0668688104366022,0.1916948281727704,0.2891167461681875,0.8336243579876347,0.2486276057365955
8220,0.073310864014992,0.2284903867350868,0.2989788473599953,0.832500546416127,0.2481322875425898
8221,0.0737593283999461,0.2584632892745078,0.3098842287317043,0.825731947143825,0.2392986704526234
8222,0.078511003192423,0.2566155861430528,0.3019319303632742,0.831290624552546,0.2230797000447427
8223,0.0841521251408247,0.2548198759150095,0.2991221148969769,0.7833683963674853,0.2367872356973316
8224,0.0820054970158192,0.238592524668773,0.3179577025660066,0.6907961707348849,0.2468794254812283
8225,0.0757014775891163,0.2330138595669546,0.3440416211494499,0.6288724191147075,0.2440054761201098
8226,0.0745624237879106,0.195967492783727,0.3639484820459029,0.5534257615102346,0.2423512216106453
8227,0.0859862307768575,0.1866732035032251,0.3889145432581684,0.4737115998393659,0.2411050546937624
8228,0.1039498971919547,0.1903858408805753,0.4135344134238341,0.3944130266033089,0.2453447273264181
8229,0.1284327222006985,0.1960992953813662,0.42997986972976,0.3314700037752427,0.2505079595443624
8230,0.1005585777993216,0.1842049844223169,0.3771512818928146,0.2339888371280266,0.2636842098181374
8231,0.1301168925867968,0.1657920268869889,0.3688470884617535,0.1989182257494639,0.2625251943278117
8232,0.1567851579789009,0.1417816881020483,0.3666027092096444,0.1680377868060538,0.2433432482286555
8233,0.1810163758094634,0.1439259609671543,0.3584752010361314,0.1552750450877435,0.2297640704384223
8234,0.1989794210212679,0.1234277805894184,0.3432200953647668,0.161606821579117,0.2180145784616667
8235,0.21921492740724,0.099339309726323,0.3169596782189854,0.1636672855619683,0.2075412492494134
8236,0.2392056222010966,0.0755811370033943,0.2947087434387588,0.1660069693034537,0.1987219692599544
8237,0.2540678504429967,0.0792924861747666,0.2757561660781051,0.1932769226577093,0.1917187102567176
8238,0.2760493994078691,0.0555724904322643,0.2402137384400891,0.236769497060671,0.1819265068828958
8239,0.29633102798163,0.0518488596368873,0.2193134918721361,0.2841782320424813,0.1823834546358164
8240,0.2952837091670376,0.0395404876599811,0.1993330587589603,0.3317826294830123,0.1989003557089869
8241,0.295943504078106,0.0284257312515954,0.1778130687209063,0.3587170103073921,0.2156124995887388
8242,0.2810974714835361,0.022301322066704,0.1321678930984798,0.3973991686080478,0.248908001799506
8243,0.3207718207467439,0.0260327286819206,0.1306837537927085,0.3796960752788768,0.2708053590291209
8244,0.325725010232151,0.0297628431178153,0.1442255310970497,0.39424598098309,0.2871627733647526
8245,0.3010764895630659,0.0261259731585299,0.1635247607015304,0.4261320601700698,0.2854299849290281
8246,0.2496858973565796,0.0252072789903773,0.2023260248695089,0.4677658184568876,0.2791186799285256
8247,0.2377695461815073,0.030228699343618,0.2398447844783878,0.5138641233576238,0.2980967263186417
8248,0.2164653219707056,0.0360544417143837,0.2826407985661474,0.5656044558833514,0.3179899778251409
8249,0.1897126599900076,0.0341985580527506,0.3271784864720326,0.6028866740306075,0.3321546087603629
8250,0.1602702547784852,0.0230594061843776,0.3762833631363387,0.6369091195747022,0.3293763649496914
8251,0.137436387821948,0.0160747344926124,0.4227648943692526,0.6473834302963586,0.3235035486180013
8252,0.1173675526157905,0.0130770203122643,0.4579733509913848,0.6348347034503692,0.3105704784672755
8253,0.0927829392904818,0.0107499444780184,0.4888586614757511,0.6022484499179718,0.302311522383751
8254,0.0846567694770123,0.0182209727505108,0.501162672336425,0.5494805127743668,0.2967801486064024
8255,0.0663472478959091,0.0170674410967315,0.5458165345526765,0.5055133887610798,0.2828377659767923
8256,0.0552572854776576,0.0150094753342508,0.5759470749457455,0.4443709626685548,0.277492678212374
8257,0.0463349588501329,0.0162368237654665,0.5827567281511838,0.3753726768649627,0.2872227198321482
8258,0.0388574397716614,0.0206394397057843,0.5719329434073762,0.3243987414634305,0.2983308359651282
8259,0.0351437837885268,0.0250755058320967,0.5454903724352117,0.2879518401637654,0.3003406088397273
8260,0.0350861951403116,0.0312729452272811,0.4995716700978208,0.2674303023300993,0.3037163367259244
8261,0.0395395193366981,0.0361910760115906,0.4475799137424744,0.2483546103655222,0.3027158458749024
8262,0.0487487675333498,0.0368678489267817,0.394580883388153,0.2369254977225105,0.2920264935309821
8263,0.0548031391823451,0.0371555743516533,0.3513716417465392,0.234522082398394,0.2810948093358417
8264,0.0542568366342805,0.0361427345663387,0.309736826579587,0.2468890492688461,0.2559290541945612
8265,0.0417385269069412,0.0370674662405867,0.2783203141709395,0.2555608156674521,0.2356342131019328
8266,0.0346783621324024,0.0362927032475316,0.1995823297628943,0.2096038601819028,0.2378438863751346
8267,0.0371778914928472,0.0280408677357371,0.1822015542865689,0.2190737467775743,0.2279573556467258
8268,0.0427363149174873,0.0288011882184032,0.1826900017187869,0.2662967666515545,0.2188628919612551
8269,0.0534688347653559,0.0353538129640342,0.1774233346573938,0.3370248013550008,0.2063808047878746
8270,0.0873544019707314,0.0534108994774267,0.1684121919308977,0.3838828998462795,0.1993681661290477
8271,0.1114153606379077,0.0876126957350351,0.1591643176888386,0.3900851129450846,0.1880571834305734
8272,0.1146715804127023,0.1266573137279242,0.1533087023091288,0.4036789528419255,0.1737593968974559
8273,0.1071518357674649,0.135820975614202,0.1564885666659655,0.4045764546451108,0.1536365807291174
8274,0.103372592453593,0.1407641562944658,0.1563695878773134,0.4011114541911442,0.145336794202564
8275,0.1013932452005292,0.1281665259348693,0.1536132501216106,0.4042697493973179,0.141724782576631
8276,0.0956291163468213,0.1080227080311874,0.1494340871236238,0.407885391504484,0.1322528602458761
8277,0.0905068664543391,0.091756303912484,0.1457546171787652,0.398215570734594,0.1238097565258816
8278,0.0758472138813307,0.0628416376159199,0.1396649007325235,0.3744952752081017,0.1257647711379495
8279,0.0719330291785319,0.0549829419676983,0.1349627717770344,0.3392870720324918,0.1173609365161814
8280,0.0632600670985637,0.0552094288532727,0.1383321077060789,0.313859223424377,0.1260661261752663
8281,0.0560005079502568,0.0560831373953975,0.1424120166976264,0.2963601823621813,0.1445690847426092
8282,0.0515274577600356,0.0610228729682465,0.1441948511103352,0.2846797799137454,0.1598683277304863
8283,0.0480596005172409,0.0738028684755339,0.1513053295438885,0.2765327703255163,0.1818463434363824
8284,0.043214099315153,0.0919119710159033,0.1529625106829321,0.2824625114532353,0.1996595585269342
8285,0.0394797567303675,0.1090056208603173,0.1546103824044548,0.2924642822774384,0.2198596852999034
8286,0.0353793371811767,0.1248178599649592,0.156455956736167,0.3208704678330823,0.2443458346438353
8287,0.0334943063761783,0.1325724384315567,0.1608376540344336,0.346331410776993,0.2550729140587748
8288,0.0323567133149453,0.1327137861784663,0.1662328830701728,0.3856451317867556,0.2620121536658196
8289,0.0264676099070912,0.125096578828985,0.1760595780894625,0.4590062614681996,0.2511596490872979
8290,0.0182513008006417,0.126543309990365,0.1748729689931205,0.4893579812646799,0.2457037315678976
8291,0.0153561772000069,0.1396955298288817,0.1997934134740029,0.5641974207971656,0.2705190194893617
8292,0.0153653334407472,0.1307982191324949,0.2069424521696245,0.6434675857438976,0.298937104834946
8293,0.0160751520712563,0.1088725540103894,0.1817957311664287,0.6986680656432492,0.3298797388940143
8294,0.0132272121371543,0.0756097932165373,0.1710828429650534,0.6768881279970809,0.3060627021972669
8295,0.010167596694223,0.0611011936184601,0.1767368904999242,0.6992193612478036,0.2698752049564618
8296,0.008995737279156,0.0591597362959066,0.20106115413624,0.725377274538486,0.2302265062730921
8297,0.0112349551198306,0.0571266951567564,0.2234917178465617,0.7254544066206562,0.1987234743226631
8298,0.0149383820813702,0.0595450190029302,0.245627383338272,0.69334275126705,0.1696634715244021
8299,0.014944897025576,0.0629852349578405,0.2646593395818377,0.6899197777199478,0.154837150139226
8300,0.0129466021520673,0.0612127922823936,0.2854355878664689,0.6777161994304902,0.1487701475395811
8301,0.0153471220273958,0.0744860485388926,0.3039108493059084,0.6784836418511812,0.156050365978711
8302,0.0212928636904794,0.0674880681139211,0.3123184704082686,0.6910263435848287,0.1487027579994829
8303,0.0388957478742185,0.0844748554135358,0.3531718956708126,0.740120194653723,0.1444684147822957
8304,0.0539206123332823,0.0980327661738383,0.3858144172419692,0.7805359237839015,0.1448237198324238
8305,0.0716680674510342,0.0993502062547371,0.4149613200280189,0.8079300539861887,0.1528600708209648
8306,0.0926348596684483,0.1181404522592745,0.4340750365357518,0.8426933381171716,0.1735584920143798
8307,0.1153329204425626,0.1304720328297974,0.4445945563839562,0.8859810941452931,0.1932418100481203
8308,0.1388326826975191,0.1434908569360367,0.4438830881191445,0.9126286723895236,0.2175454629373912
8309,0.1518569186128947,0.1688643459839909,0.4395868404210609,0.9247588150358826,0.2299548872984691
8310,0.160686185014583,0.1843429175476686,0.4291084256190289,0.9332123711978854,0.2509159333110685
8311,0.1790971212038104,0.2034230128708078,0.4051816471797889,0.9412395511991242,0.277133820532999
8312,0.1804102244781046,0.2624588158184205,0.3783531197023292,0.9497327730389712,0.3066197222679622
8313,0.1890810579453419,0.2861357140465955,0.3470691234443065,0.961176302997194,0.3453511561275195
8314,0.1643977740406358,0.1813288947948134,0.2670537335589417,0.9253877336566292,0.3396102818730691
8315,0.1655960091943332,0.2173717806884139,0.280947257538636,0.9019338593016836,0.4125388619413866
8316,0.1402098469634734,0.245984368382042,0.2666678710766762,0.9048861048359002,0.5052296180493172
8317,0.1229418037017442,0.3018845399916954,0.2517904623915046,0.8775246610737527,0.5488655686104645
8318,0.1162660741871555,0.3132265320175001,0.2379034650829898,0.8234903799995938,0.6068453741602413
8319,0.1110188467348636,0.3322482640353816,0.2223241316973537,0.7447822119739202,0.639533265925704
8320,0.1062975644787748,0.3408140982212884,0.2140918893498833,0.66363037742251,0.654145967721442
8321,0.1056084956286978,0.3334212254213277,0.2080659599738546,0.599191300499359,0.6894071891424851
8322,0.1049805141583849,0.3181912373405483,0.2032396596182495,0.5704578562679535,0.72178447519811
8323,0.1123217925927817,0.2851717923398437,0.2005793232433335,0.5843691197418112,0.7121982201733194
8324,0.1364885845985587,0.2505058409208048,0.2019039470598879,0.6160227735642547,0.7009875035863837
8325,0.1613221376875399,0.2216293814158796,0.206796651951921,0.6748363709846477,0.6922744853721641
8326,0.1557897747518624,0.1586505879951801,0.2053214034960593,0.7660466889619251,0.7122713006542407
8327,0.1663572935834905,0.1470922509353572,0.230889029461777,0.8224604290742039,0.6573528189735847
8328,0.2009995153059181,0.168279362674201,0.262924035212933,0.8743484027237597,0.6048709082918642
8329,0.2066194091583953,0.1709613968990229,0.2908483488889082,0.9201900070302644,0.5724965955325709
8330,0.182226509951086,0.203776409824797,0.3138096722911364,0.9528941760761755,0.5243994702358519
8331,0.1620442206212505,0.2770332682399179,0.3358021326027108,0.9520394293284612,0.5025823710352828
8332,0.1350443767770291,0.3641978545278623,0.3465448456923479,0.9120100646665752,0.4967199514358732
8333,0.1034389648497523,0.4317274738838141,0.3535194518343518,0.8416173841338053,0.518926256437423
8334,0.08720884647604,0.5274429388764619,0.3627164218420835,0.7778327899655889,0.538248125890977
8335,0.0995629560816277,0.5812082497254837,0.3693833067521038,0.7290206317437568,0.5392253001016397
8336,0.1172442489452241,0.5463617644418565,0.3858068829220298,0.7075220264241695,0.5204055620690032
8337,0.1259096277904554,0.5068555403015014,0.4241990992773132,0.6992686519786835,0.4683665155979117
8338,0.1553171073494269,0.24045676298979,0.4756915269590357,0.6175392254802413,0.5412429130666242
8339,0.1991464482697196,0.3103724978656779,0.5163154984962831,0.6120685622921294,0.5113107871814886
8340,0.3131993988525837,0.3264059877109265,0.5674320304241259,0.6353515914913535,0.4787190372506662
8341,0.4566886946487411,0.2962592723012481,0.6134196944145274,0.6543342819203514,0.4621976550732698
8342,0.4192179203824786,0.2458787336805255,0.615500280719528,0.6137078390569458,0.4017319744415379
8343,0.4135559299673915,0.2192354281448858,0.6244835043682506,0.5141098876783959,0.3906585032373777
8344,0.4612704269092669,0.2015476044442766,0.6231018193681699,0.4387854395574939,0.3355598975901221
8345,0.4446158185246198,0.1981752870235223,0.632443842564194,0.4255939225647248,0.2833294353972751
8346,0.3492906961037499,0.203472876641574,0.6350180287140383,0.437597211114305,0.2425165662853606
8347,0.2344967985207785,0.2038724453609994,0.6489573950193653,0.4639529880869839,0.2077434773052527
8348,0.1591274940024609,0.1869903701811019,0.6603094517987886,0.5229401934160618,0.179503632933285
8349,0.1440531145072563,0.1632010439101103,0.6583767135873482,0.6101638023382481,0.157730679881018
8350,0.1714328842179075,0.0798755700879294,0.5657708494004701,0.7025611781550378,0.1194641099875982
8351,0.1870730762685524,0.1082196263914651,0.5354796520721556,0.7998178594148412,0.1106834462212187
8352,0.1879338847112826,0.1362838324058946,0.4767296340510669,0.8642781128045977,0.1026031048849477
8353,0.1651775915280052,0.1687810762319024,0.423048083712426,0.8777183530624943,0.1014452959022939
8354,0.155849094396603,0.195319423973208,0.3865957108187368,0.8459198153765167,0.1040661895737915
8355,0.1349261156019913,0.200983216765993,0.3952082361880918,0.7777345129630452,0.1063470675796345
8356,0.1140135544963679,0.1916257120038764,0.4453338789935343,0.7240820620815759,0.1037313193049135
8357,0.0985740047818245,0.1809462985089284,0.5402551277179406,0.6653147295938827,0.0979610718921642
8358,0.084990419920966,0.1887156785395125,0.6056694219614768,0.6009262214950147,0.09201298647108
8359,0.0821707646060972,0.1998619239773872,0.6811688642922658,0.5249484670241708,0.087978800280817
8360,0.0935014768833044,0.1976698655917335,0.7442875411633837,0.4682009711770322,0.0823407328149845
8361,0.1019964078289323,0.1951944799271345,0.7746923780972862,0.4165371104709015,0.0780178815286897
8362,0.0890758275295532,0.1304431178452108,0.6605466788423496,0.3515471250977808,0.0687712541900711
8363,0.0970267017310356,0.1292149426704389,0.6372505323886041,0.3180324645950223,0.083875440640303
8364,0.0803916086487914,0.1182499210200824,0.6348950923062738,0.3104423091521057,0.0911030554088077
8365,0.0761332596553224,0.1080532208002146,0.6272385362078724,0.3161867969042561,0.0945718357091198
8366,0.0840502573383581,0.0958592013805207,0.6169709413006061,0.3157898108207848,0.0926157381232828
8367,0.0805059115710401,0.0763765668267088,0.6047587041072636,0.2982528252207834,0.095910431588527
8368,0.0799336368154227,0.0589570264877142,0.5893913172802951,0.2862922448148544,0.0998353126474693
8369,0.0751460469614319,0.0435714450708468,0.5727418764310743,0.2818887720416646,0.0991975810692655
8370,0.0695718181559672,0.0342796342089567,0.5491245476987376,0.295509222728368,0.0964362647598683
8371,0.0652308512976713,0.0334410820000933,0.5202300988052285,0.3040379901458039,0.0941453523143276
8372,0.0573952271598384,0.0387963822561203,0.4795965294994606,0.3155413731642902,0.0924052135121853
8373,0.0471401226402395,0.0424869518621631,0.4420425000522702,0.3187181256482445,0.0893234952009697
8374,0.0470645742405793,0.0458219954546016,0.3786378129393433,0.2969873497259699,0.0871177390708929
8375,0.0512232032026288,0.047437869092097,0.3505889279893592,0.3032944654075381,0.0844810506457047
8376,0.0553003123849123,0.0454121970335347,0.3275556478194144,0.3005365511422465,0.0845575712253587
8377,0.0500793580922931,0.0461785480111768,0.3087228297170504,0.2857658204178786,0.088829190717467
8378,0.0403444305028497,0.0474745169310459,0.2894688247150279,0.2693225715255983,0.0902991803130657
8379,0.0386522728212471,0.041980897863908,0.2861861874881576,0.2600322517484991,0.0894698521881573
8380,0.0477094771153043,0.0350552211299526,0.2815255085639535,0.2546630885561439,0.0864344226754265
8381,0.0778129879791703,0.0334439336246411,0.285806209580094,0.2513519549448118,0.0872815095484422
8382,0.0993857949519851,0.0350082278835048,0.2848988686155898,0.2517280170061445,0.0918804880936449
8383,0.1077376546512366,0.0335647454050744,0.2883933121193526,0.2428908266667053,0.0975815215881234
8384,0.1124033276208626,0.0326950072522619,0.2917642659853586,0.2380992174951919,0.1014851697789976
8385,0.1059721627227354,0.035968922764638,0.2854519844680473,0.2319840251733964,0.1069190413233215
8386,0.0813886852795512,0.0527860683400846,0.2487950824139179,0.1889391048509277,0.1105393488859581
8387,0.0829037271640048,0.0319420768795653,0.2291425287256281,0.1868644929848011,0.1193082198172342
8388,0.0815347637505094,0.0232153668131516,0.2082431230628241,0.1762255964854873,0.1290717247850334
8389,0.0829278648407783,0.0220745190101829,0.1894088958995239,0.1827921719157085,0.1307804887527913
8390,0.0909856362180191,0.0221341294910077,0.1785037458261058,0.1958642412134595,0.1208643801794735
8391,0.0990573385006148,0.0278892621358809,0.1846967181148825,0.2165337575736728,0.1205961352324343
8392,0.0999469709498466,0.0351563076916212,0.1928925757823504,0.2384388623848603,0.1296509799579894
8393,0.0952328666332913,0.0456477963005562,0.1983934006842862,0.264771102395724,0.1375077664199371
8394,0.0910448952882086,0.0567587036572007,0.1995576847711469,0.2941034497064669,0.14515546106333
8395,0.0897164397703564,0.0637824360912657,0.1970138677874399,0.3228126294121667,0.152249915883119
8396,0.0911171903436867,0.0660492387762083,0.1934519864658459,0.3507445412693331,0.1583453466913353
8397,0.0938883572818912,0.0685985345711157,0.1882364898376056,0.373038189588733,0.1705226216696362
8398,0.0999481116913134,0.0655688124541084,0.172387576292258,0.3744274827547194,0.1936368439618622
8399,0.1142167762180932,0.0677345105134623,0.1786926451833216,0.373415293912738,0.1914293378931658
8400,0.1214678515013431,0.059195277943859,0.1896833278589572,0.3758196803326617,0.1964182041065095
8401,0.1240684683544035,0.0528681482095912,0.2045369246807521,0.3885872754210994,0.2021730195701506
8402,0.1230205771520864,0.0481203262096013,0.2292920196173931,0.4175121968244787,0.2125732675881821
8403,0.119072965919329,0.0422163235512234,0.2411457191271572,0.4522291112333649,0.22116351017744
8404,0.1154148915479936,0.0423300927201397,0.2511995843700552,0.4901559545746285,0.2249134802570104
8405,0.1184557851345093,0.0435164939959525,0.2741629816492861,0.4906051861532579,0.2323887372708293
8406,0.1217905005375998,0.038877173375907,0.2990083246279322,0.4806579739422157,0.240649645330369
8407,0.1203266008130962,0.0345314066453657,0.3154448904788356,0.4613405700263865,0.2440128125628217
8408,0.1165623756979206,0.0328134672899642,0.3264285690541618,0.4466894124154058,0.2489023864905082
8409,0.109016151960899,0.0326835675798954,0.322800691711701,0.4261105292113881,0.255001830242657
8410,0.1140018206185163,0.0347457955981099,0.3189119391773202,0.4355562124653612,0.2601046050207904
8411,0.1068163727477801,0.0335791391344398,0.3011315010842835,0.3876248748397513,0.2692355905632056
8412,0.0934529356750554,0.0249556798480006,0.3002879030918255,0.3357357031327999,0.2748073297365005
8413,0.0965552758985662,0.0215427317705478,0.3101280945467032,0.3080001801182008,0.2740275478571112
8414,0.098260171355977,0.0266769154048487,0.327319324805564,0.2709962099392176,0.257316192486095
8415,0.1036928673615847,0.0293943641199312,0.3518509469245545,0.2415796917150539,0.240925697020358
8416,0.1167632010441651,0.033313900252505,0.3659924762392156,0.2264624354205958,0.2417215160681888
8417,0.1349577298923719,0.0409671110126454,0.3855413124094172,0.2277558879054206,0.2459778432110986
8418,0.1457387180952923,0.0490906609342021,0.3900674066675238,0.2326490886253493,0.2536259336800248
8419,0.1521531625725031,0.062887898606374,0.3953164378536246,0.2373138777298163,0.2635288244719371
8420,0.15880973160283,0.0744450857353364,0.4115244574831046,0.2308277670481535,0.2723201505888585
8421,0.1626497536224251,0.0765393283643279,0.4329809064504463,0.2192344954474956,0.2771401095888101
8422,0.165178980870511,0.0720637711692899,0.4813876025382457,0.1911054538983516,0.280872907541381
8423,0.1619096291522525,0.0784993689645963,0.4758935924102315,0.1936085079486615,0.2723846117513752
8424,0.1431099747984694,0.0635596104382972,0.4926623227309333,0.1974298987553731,0.2598123009450745
8425,0.1317570918152303,0.0463370700556581,0.497744848551948,0.2010849443031691,0.2438112770450233
8426,0.1201720135690727,0.0410535829453256,0.4702972111757275,0.2015322128670125,0.232184628900555
8427,0.113002301210508,0.0313072142869462,0.4263196320182634,0.2000907160953005,0.2232709651664536
8428,0.0961666151692112,0.0250883187406099,0.3670883246628083,0.2002943600819009,0.2186586332251588
8429,0.0860886492272212,0.0215881980909568,0.3155372517798696,0.199086586093644,0.2184991598268318
8430,0.0847307385638032,0.0208414102063408,0.2689864598247614,0.2099708139009127,0.2207450458702895
8431,0.0853202414231517,0.0188207864227839,0.231423974249468,0.2282990866002436,0.2228203774232298
8432,0.0722789255591186,0.0190371177240976,0.207672598850236,0.2571931667466044,0.2329452024972373
8433,0.0590990030008721,0.0137047039908488,0.1883434321379338,0.2756457587284102,0.2613879071889036
8434,0.0297176767158658,0.0175436861854908,0.1632425741544005,0.3199015904350169,0.2389443891581075
8435,0.0204083722049694,0.0170900251992151,0.1420865530152393,0.3162223450087872,0.2352324058897013
8436,0.0132391611413628,0.0111940141816076,0.1364269049699579,0.3173218688269109,0.2525047557326857
8437,0.0119977067112118,0.011198995745103,0.1245000537132436,0.330638742675809,0.25017925325496
8438,0.0156629400536619,0.01264339170572,0.1048615713933221,0.3893482525910316,0.2358907301290292
8439,0.0205234375939179,0.0181977570954707,0.1005692011865448,0.4594961129236613,0.2354488287430438
8440,0.024450579263708,0.0214352117157923,0.1021108455855287,0.5101035508240862,0.2288234911192107
8441,0.0236542335339296,0.0228601881084359,0.1117623524453612,0.5543352987954525,0.2323512822736942
8442,0.0246787715882682,0.0253353705656132,0.1274312108868455,0.583845454563156,0.2416491459499502
8443,0.0282275528299191,0.0263857848635733,0.1430481517696545,0.5978216252608497,0.2454247219121182
8444,0.0308003279077354,0.0274218531111415,0.1574293923204758,0.6062615845118501,0.246577954838005
8445,0.0340444378089377,0.0287948869505662,0.1665969559768693,0.6167016896688793,0.2400972294078721
8446,0.0446826457764675,0.0303611817157493,0.1755173221988278,0.6711786014710098,0.2229547225474804
8447,0.0463110504309131,0.0235626896508894,0.1905932010032285,0.6545643320609108,0.1955651248194895
8448,0.0522651681764286,0.0217938122491028,0.2098337380502911,0.6620582560172062,0.1831795710225599
8449,0.0633300476638467,0.0192211512964891,0.239405211199311,0.6485637064939178,0.1789768516242197
8450,0.0771057443853297,0.0154251045821617,0.2679648785463606,0.6369817066720673,0.1756674968728866
8451,0.089809299123604,0.013628247886782,0.2708275877229593,0.6275918496087155,0.1689750475202924
8452,0.1025737670485747,0.0162193042088818,0.2675995728338194,0.6141753899975243,0.1598309536376264
8453,0.1141849030880609,0.0184093689978046,0.2687709515259492,0.6016732440814068,0.1564626741413442
8454,0.1226990367541004,0.0190755056043523,0.2693006888833605,0.5916568120303133,0.1572456919576559
8455,0.1278028894983964,0.0193530692423292,0.2691644076950089,0.6052437124689145,0.1605868446024224
8456,0.1306382439546291,0.0200960219678083,0.2736730228620506,0.6418871057800205,0.1661028216243134
8457,0.1309732546057269,0.0222977394331087,0.2718873597901723,0.6856877992163244,0.1731325165056055
8458,0.1039443005247701,0.027774913062037,0.2530976482258414,0.657606242077248,0.1323442366133851
8459,0.1109434627519579,0.026145730683033,0.2435056542218507,0.699675923941954,0.1399957120509148
8460,0.1248652796144439,0.0154500968208729,0.2335547921612977,0.7398558357888921,0.1408308748516659
8461,0.1416716896588474,0.0125666767037926,0.2291788926422351,0.7491023532418004,0.1439161842656278
8462,0.1793772277155637,0.0163948386271573,0.2447368114794268,0.7745382590785606,0.1411109033509865
8463,0.2363798494424198,0.0249410007017073,0.2693362059481437,0.7158556255815514,0.1379018103893936
8464,0.2725508503649211,0.0304612022348818,0.2851757793506037,0.6938443397131138,0.1370848042360734
8465,0.2892698431012392,0.0301462862784122,0.3018334675118971,0.6543004568084645,0.135847282941536
8466,0.293539916505089,0.0321253410789498,0.3141013881836278,0.6066349908614024,0.1409304832126917
8467,0.2850436202679879,0.0464420352270042,0.3117855079484234,0.5888161232614024,0.144530995607225
8468,0.2810317293234958,0.059369012988601,0.2987932001930529,0.5850687021320683,0.149771911701623
8469,0.2912819190673872,0.0580965715280619,0.2929042231371749,0.6129384925701349,0.1529525467224837
8470,0.2846567655600855,0.0658707030429869,0.2592342706123887,0.6284147875301342,0.1363601144164695
8471,0.322583148899635,0.0674983791985617,0.2630351526291478,0.6847462771535702,0.1309200454708995
8472,0.3333919852992819,0.0504473565270642,0.2600986614335324,0.712027056323112,0.1247827641734424
8473,0.3247788527788753,0.047312408757833,0.2581943198911864,0.7004573891889999,0.1250798621681751
8474,0.3144304518001847,0.066604231210799,0.2671142297920614,0.7093279863473572,0.1188975653601708
8475,0.3104729192488034,0.0896848775760263,0.2795310177738941,0.7365631333272802,0.1155939459467878
8476,0.3178331682260012,0.0923638976085052,0.2850567323655297,0.7785703853803689,0.1294683350502784
8477,0.3269178845846867,0.0916822768975757,0.2948138274115885,0.8049065530139035,0.1386215092902643
8478,0.3378781027414867,0.0893018311830483,0.3036921948827094,0.797948246078805,0.147570349083339
8479,0.3297970323330293,0.0787615296172683,0.3192917364694212,0.7678171137825833,0.1664099527992049
8480,0.3202073962301269,0.0827830882501368,0.3364365687031977,0.7458376202142275,0.1924542104523878
8481,0.31771021815466,0.1030393075596375,0.3444755697868667,0.7285815714760221,0.2163509382927493
8482,0.2449896983343618,0.0640716538739439,0.370778273708773,0.5905738107990401,0.2240362206734601
8483,0.2658362182153517,0.0922992506974625,0.3879766971602555,0.6167254677276104,0.2690411940766634
8484,0.2914622631057424,0.1107447608634404,0.3930006906519536,0.6114982766651412,0.2964227513827399
8485,0.3269939828292006,0.1223352570643525,0.3718493861592309,0.5767090582709467,0.3162192138856525
8486,0.3570637166947145,0.1319314556226929,0.3643778719782185,0.5619508272724596,0.3294638230485184
8487,0.3770715850274527,0.1767080897073242,0.3608218881663767,0.5180432320230434,0.3688160959252363
8488,0.3732515058735992,0.1947473487645144,0.3516203436213588,0.4602990173046018,0.3924300348335509
8489,0.3495380867491475,0.1750933189290845,0.3405392731172829,0.4514963483496504,0.4084069546200443
8490,0.3225411261472878,0.1488549091508394,0.3354999878037187,0.4375124964634053,0.4368621568060584
8491,0.3008714921196689,0.1218746532328918,0.321231330516637,0.4234182707579572,0.4692138709219325
8492,0.2835745583846258,0.0970756761581453,0.3027599337260218,0.4152527763828691,0.4873210247744517
8493,0.2786330867823178,0.0682830149369254,0.2879128097337227,0.4177729819528152,0.4952778634483522
8494,0.3061206185703538,0.0376820477473773,0.2683339712668294,0.4443226826526489,0.4371431112271812
8495,0.313713298938656,0.0409630525121784,0.2777925855818476,0.4199699861841591,0.4374576808081509
8496,0.3309020601796995,0.0307972410999437,0.2851625745594854,0.4033291637858275,0.444601496699366
8497,0.3111661976652427,0.0265578083857757,0.2913779115949875,0.3808885659121286,0.4462405465140762
8498,0.2745810648852956,0.0329838996043549,0.2847032265685501,0.3809479158974855,0.4548868571754156
8499,0.2180786065120378,0.0283564617851675,0.2777831940490862,0.403731644645155,0.465553173912114
8500,0.1393521529820029,0.0208487006093835,0.2628995823183809,0.4265558061214617,0.5062802617207341
8501,0.0816347863636072,0.017574120499062,0.2497866857484786,0.4347804034934821,0.5373831882753642
8502,0.0563103760565266,0.0194437420471313,0.2301413588598061,0.4470097241217744,0.5513236046732143
8503,0.0456975260210346,0.0349540701218219,0.2159951331003715,0.4473417157756252,0.5764518177133938
8504,0.0390906926744433,0.0435257604857442,0.2073974738287172,0.4486887625273015,0.5994371712394602
8505,0.0470422807335026,0.051455472778134,0.1973727114379505,0.4440696654906548,0.6042895696445292
8506,0.0723488006703066,0.0609974419570288,0.1585863403142303,0.4758401772473055,0.5398938039982561
8507,0.1030368598600671,0.0730758609637496,0.1536081193511383,0.5326473884730338,0.522549910455671
8508,0.1339308095167838,0.0759235049315747,0.1496998223595461,0.6058343136321503,0.5202600435976105
8509,0.1491202192067179,0.0593335635463987,0.1606926964274149,0.63551129241405,0.4881880470592192
8510,0.1383526025740989,0.034703264264063,0.1696964066634066,0.6702233760754531,0.4773949653820836
8511,0.1184026454857748,0.0344886009749974,0.1885863058810231,0.6841640629504341,0.4789741545650388
8512,0.1061581078894681,0.0422050326644213,0.2128932726511799,0.7208332827198987,0.4658177891275505
8513,0.0956521172288637,0.045599478650112,0.2227079796796097,0.754665254716823,0.4516643323845777
8514,0.1014545859416206,0.0583209376228013,0.2201520486163673,0.7880203022576268,0.4383408852910943
8515,0.1210733435343261,0.0555048041854034,0.209009438999223,0.8177832050501302,0.440587660512432
8516,0.1605018605263488,0.0549864898514312,0.1981962300593497,0.807756401783512,0.4360826613972874
8517,0.1967204551450043,0.0852843823033693,0.1940823343225428,0.777975392848912,0.4317272369963266
8518,0.195321567978542,0.1040849766893813,0.1926217174552526,0.7059908239381751,0.402761708093448
8519,0.1273035610057626,0.1000636229095164,0.205344044303106,0.678488094158706,0.4320562656044264
8520,0.0923985669323427,0.0748586048734607,0.2205061164301603,0.702143954404001,0.4694983274447628
8521,0.0703457152707487,0.085776377859476,0.2401401617695748,0.7280491370848134,0.5178263212777443
8522,0.053226704565411,0.0925255495007138,0.2476919561788802,0.7473497876044272,0.5706065161662158
8523,0.0399579240785534,0.099701015463476,0.2486697853248615,0.7669346982563344,0.6161315648650142
8524,0.0312687656017644,0.1096346834116288,0.2434482129003053,0.7786711689965967,0.6265332956347084
8525,0.0250507916858628,0.1294415860454517,0.2417284990366312,0.7850209531240001,0.630824643773519
8526,0.0247530744839715,0.1694364564885516,0.2398642672228393,0.7899560621111071,0.6469150729422474
8527,0.0231257586709011,0.201956672775561,0.2327994184192473,0.7982495355528442,0.6961494825488757
8528,0.0131319722468515,0.2319367664231604,0.2243811610277652,0.8007754314493177,0.753651587585239
8529,0.0142603773934392,0.2770011443661965,0.2119019436957693,0.802179075389472,0.7855552883309977
8530,0.0306417150466765,0.2381591090470614,0.1799805863749523,0.7115436050368625,0.7294095478215519
8531,0.036106871420708,0.3149787712684125,0.1795107310700342,0.7745601369344618,0.7100391012394376
8532,0.0369002752306966,0.3397336038406075,0.1846464347775309,0.7485291104567401,0.7105808569053067
8533,0.0454952700896494,0.4107906011688257,0.1969269382350565,0.6844717860574423,0.70750704523099
8534,0.0691367458113744,0.3837629109290155,0.1971207555532143,0.645979965667056,0.7123242667787122
8535,0.0691812558290703,0.3434588580721886,0.2121458990208312,0.6185240386843163,0.7008526361833937
8536,0.0738157357313433,0.3065517351083351,0.2260715025399047,0.6040604713551722,0.6260045822895173
8537,0.1012687055727575,0.2813519611733919,0.2396346025490681,0.6038419779627263,0.5893389037298947
8538,0.1426633222966652,0.2490103423826249,0.2422567750371083,0.6171483872045277,0.5798816746354787
8539,0.2001999646740631,0.2041698098304208,0.2482885811756667,0.6372720150214403,0.5829125627093688
8540,0.2392515637849081,0.1642624855591583,0.2537032807162572,0.6659330251772462,0.5799990481046027
8541,0.2542268635971327,0.1542873149461589,0.2593777160844546,0.6960890957720725,0.577770498363913
8542,0.2272951787017253,0.1446188483909541,0.2452797171599916,0.6578360978712734,0.5828941009091081
8543,0.3103925209415594,0.168552498827934,0.248717622990108,0.6694216743738046,0.584815305512662
8544,0.3533867518791519,0.1955959116826968,0.2561637166157753,0.6912974871049408,0.5967433094656339
8545,0.3806404176758726,0.2096364067168521,0.2667485808285825,0.688559718479162,0.5863084067540449
8546,0.3897345364656752,0.2145614783752081,0.275305831735779,0.6667989137474313,0.5642849389350985
8547,0.4070394716003997,0.2107794578081708,0.2847925665424125,0.6734844395851879,0.5450746148603011
8548,0.4460801748742493,0.2126227184002969,0.2896813432743249,0.6720141602235219,0.534732705445447
8549,0.4841457168876876,0.2239124707715993,0.2971480893757823,0.661635769823494,0.5222688317870093
8550,0.5215232895550896,0.2376545708037894,0.2972043941755768,0.6339834283979321,0.5201488739666205
8551,0.5483018524589177,0.2370509687943954,0.2983453522778845,0.5927589742509045,0.5250019145857281
8552,0.5561008569150044,0.2349052292935305,0.2983358471760071,0.5511174855922307,0.5252559084441742
8553,0.5628081893362079,0.2283777061899725,0.2978941730963558,0.5127354714052275,0.5163140120577367
8554,0.4831115079244413,0.1702347149536933,0.2634619728890868,0.3828236429532969,0.5047301868277388
8555,0.5418011560053538,0.1762502895685588,0.2879797029457436,0.450661143707627,0.5492674500126092
8556,0.570587899719084,0.2163721267546138,0.3106572901079605,0.4549529200446158,0.6021020929016299
8557,0.5725285887852404,0.2529733985351145,0.3136494607872624,0.4188353283806107,0.6251001461816048
8558,0.5624509808190726,0.2534820794679158,0.2965583182028078,0.3535115909658022,0.6042570453274116
8559,0.5215910521824435,0.2037098891047535,0.2838580308571721,0.2982322521146583,0.6060916989609133
8560,0.5045647915836959,0.181880794565355,0.2753505481433121,0.2847876588944534,0.5880207517447056
8561,0.4963652350444872,0.1797093649509767,0.2763604196055855,0.2869703891854207,0.5708494380358117
8562,0.4938617628329953,0.1624382202864943,0.282859464407821,0.3028753486733891,0.5503456895099195
8563,0.502702173927118,0.1463636220879673,0.287160725852004,0.3163989644183178,0.5370919252698505
8564,0.4947283122403954,0.1481200903028409,0.2953037541039186,0.328405003623733,0.5130423181127509
8565,0.4900421703090461,0.1521955005038688,0.299171776621344,0.3493495666705906,0.488352673236845
8566,0.3740512009276882,0.1095666785759125,0.2752944611176109,0.3553787691931075,0.4418883809642057
8567,0.4174227554243718,0.1091664712829184,0.2771785598971501,0.3891517654295901,0.416217699499536
8568,0.4239524350852267,0.1078896408284166,0.2814335880685892,0.4293174636160098,0.4041002258217969
8569,0.4217155543600632,0.0969207719324384,0.2848120926828129,0.4536569787757542,0.4064042481562228
8570,0.4195508047260817,0.0902842202433144,0.2853298440347658,0.4853777035934871,0.3972323064655774
8571,0.432566736313527,0.0828229326391667,0.28514840435747,0.5086078053965153,0.3811830492005093
8572,0.4444052396447974,0.0721009827751361,0.2757381358394875,0.5272813676084761,0.3794701917358582
8573,0.4125683149991438,0.0751343066352424,0.2675772844714496,0.5357106253545627,0.3629157419394637
8574,0.3791033229085003,0.0946976887839844,0.2572355037521439,0.5321563357258388,0.3334525435010964
8575,0.3553903290589084,0.1072335615793049,0.2565132201040577,0.531171161093398,0.3120873697767432
8576,0.3219373153203682,0.1361667467007618,0.2591728495364375,0.5313153802832739,0.2998661555756335
8577,0.2664602190930547,0.15443912172447,0.2509711574023503,0.5345158220919985,0.2742176383215324
8578,0.1744242847842567,0.0894929758428982,0.1980548887042989,0.4666200811993254,0.2617797033922939
8579,0.1457974815061695,0.1481195033286634,0.2101285556447083,0.4876652883580992,0.2811831908227747
8580,0.1043230831712111,0.1834198596129754,0.2180274711117906,0.5654736617246714,0.2799961334540942
8581,0.0642901750724739,0.1987509308543444,0.2210939401587368,0.5928324731437662,0.2682116347161016
8582,0.0317057574850658,0.2322340433187396,0.2323790768799986,0.6284921352393619,0.2281510256365007
8583,0.039417480623585,0.2511160267476859,0.2496177114512498,0.6215895186589624,0.2171325661620093
8584,0.0691874242096352,0.255234843242028,0.2552520256935058,0.6061874464444426,0.2186537876248283
8585,0.1193639605909058,0.2696536812125156,0.2602013425318986,0.5927186205078724,0.2204685381012579
8586,0.1665976478081644,0.258360416761215,0.2628454766636168,0.5732469294443718,0.2260470565206895
8587,0.2236695915108008,0.2387844584030022,0.2595801168036395,0.5534759053940586,0.2389638007287641
8588,0.2702654323083095,0.2441918115082448,0.2506411330348524,0.5380647403119961,0.2542990098857604
8589,0.2776022979069186,0.2711678343329031,0.2425713557887419,0.5135165602842654,0.2619702530285305
8590,0.2557939085013117,0.1901701760438515,0.2277306889714153,0.4524758054415411,0.2730718108129057
8591,0.231736237679685,0.2018237385631322,0.2131540211735357,0.4157849411557471,0.2582410422113215
8592,0.2478004379154675,0.2137159786506446,0.2042862101389646,0.3965508364055175,0.2316837920416187
8593,0.2879873963975448,0.2331060205924321,0.1924004572558639,0.3838335068320091,0.2175084479295203
8594,0.296542097646064,0.252265129465512,0.1763204436515625,0.3642257899013332,0.2044808557874151
8595,0.312877722464742,0.2424728261374929,0.1660756670544269,0.3305309057322177,0.1941457119669467
8596,0.3160255787672484,0.236475367568379,0.1548821724657836,0.2985839943008249,0.1934949675282641
8597,0.3052099995169164,0.2424931663392104,0.148809243600114,0.2676146451434846,0.1982399302380776
8598,0.2796897856511061,0.2497079365075899,0.1517092282228676,0.2368113379891868,0.1995142508288971
8599,0.2623833504896826,0.2589714288568686,0.1566192467835322,0.2100952509889121,0.1987793241903936
8600,0.2501905212181735,0.2493804027703617,0.1601836726819032,0.18517978607587,0.1894102504981925
8601,0.2332571221927914,0.2519081039438662,0.1615384872941377,0.1554698528761239,0.1743808196727316
8602,0.1779759302700723,0.196659713263868,0.1465904204532591,0.0984907067161,0.1462285241690178
8603,0.204784048617034,0.2078430528504901,0.1599680016004917,0.088692163647665,0.1675097965131209
8604,0.203540495313754,0.2007484510529438,0.171967901250274,0.0861889896767102,0.1795587613501328
8605,0.1997280652657359,0.1914235240406357,0.1805729110424777,0.0802642992571895,0.1794198954429914
8606,0.2052344369371931,0.1534153792568698,0.1832256368524175,0.0752560265918132,0.174174513051252
8607,0.2382237129293441,0.1082113482078267,0.1804076363868386,0.0738753358079076,0.1780277035883026
8608,0.2674603555459798,0.0755348199426586,0.1705573645099765,0.0852169243453093,0.1700492938678962
8609,0.277916825928823,0.0525399164790865,0.1653447476794362,0.1087960791282067,0.1615731385391789
8610,0.2905638652326314,0.0380191641466144,0.1567235829962084,0.1324157477884825,0.1547259565024378
8611,0.305327588036808,0.0327197756312697,0.1580140148375256,0.1577323935704212,0.1490980629688678
8612,0.3026279708881259,0.0345325696001223,0.1558008297398012,0.1841869330198551,0.1461362207879899
8613,0.282721554416603,0.034820318652868,0.1571357834769557,0.2048872082776844,0.141845133458659
8614,0.1832206546583472,0.0376415475358712,0.1631710840854195,0.2283542373690454,0.1334666175907166
8615,0.2022655378464565,0.0428693985447667,0.1647737360526539,0.2325498250714777,0.1197728968416837
8616,0.2080803725439583,0.0440313367905897,0.1601578025105031,0.238605673103196,0.1114569034058599
8617,0.2067718935238655,0.0442247690995839,0.159501050321121,0.2456944414695092,0.1141587443268931
8618,0.2055372698919854,0.051725580098221,0.1509642604200514,0.2615403449646092,0.1131235775447398
8619,0.2049050519454799,0.0495022879103941,0.1427335940010108,0.2872707118599767,0.1111958410605391
8620,0.1970048176393247,0.0440725854163199,0.1385815788874649,0.3036995216983136,0.1076575185233986
8621,0.1860147186582494,0.0419127084156294,0.1327239650643931,0.3208873502428788,0.1070979059296794
8622,0.1869594430535554,0.0417530177516991,0.1331418591974009,0.3316867437428784,0.1067281774967866
8623,0.1825577354767508,0.0387715177761598,0.1342295327181372,0.3393412738166416,0.0980159929559291
8624,0.1687947111113114,0.0290806259829497,0.1353069970029117,0.343231145438764,0.0894005170099775
8625,0.1655974306256261,0.0172703634738267,0.1289397811748639,0.3432416008122253,0.0789221069491622
8626,0.0991268676750763,0.0178387007431852,0.1052484790435727,0.3056873247240796,0.083500570302029
8627,0.1202163533354418,0.0132082919641971,0.0965681033367743,0.3054347903081114,0.0794144810753935
8628,0.1112996823261385,0.012246167512072,0.0953621278801469,0.3409720110765508,0.0747265365340506
8629,0.0863895574463171,0.0156850073420398,0.0918043732438374,0.3696854092115045,0.0701789744690161
8630,0.0632273921764648,0.0208023042007352,0.0837271203034355,0.3861299154729861,0.0689308582905094
8631,0.0496186758316023,0.0408200765868523,0.0829850709108339,0.3836048601799256,0.0705408575616607
8632,0.0472355310562531,0.0648980805537004,0.0856764317606667,0.401904462729956,0.0713281061289534
8633,0.0454785172267707,0.0882845912029224,0.0867130759697445,0.4378956278021227,0.0654774665160905
8634,0.0420870981835139,0.1041314905279622,0.0897109082214864,0.4613421824094759,0.0594790033926244
8635,0.0389604476061839,0.1218676859665975,0.0924845278938679,0.48158588507204,0.0552807644343636
8636,0.0447154024318055,0.1281529649416884,0.0913144983174102,0.4907929093103377,0.053010651109503
8637,0.05535434855147,0.1324620556840561,0.0883485934930472,0.5033668353014237,0.0508133085007189
8638,0.0571911682702605,0.1054733249495347,0.0916763121996733,0.521613177223439,0.0617690023471453
8639,0.0632215778677647,0.1141438142980972,0.0918523945482337,0.5131481492576829,0.0621486579439888
8640,0.0683697301411376,0.1291656412012626,0.0891152170938262,0.5190536071781949,0.0624347483241891
8641,0.0644357561644372,0.1460769251857594,0.0816952307153774,0.5331494323478597,0.0609624913273848
8642,0.059388418612677,0.1481077823268739,0.0794391931397716,0.5244481371732532,0.0594339770798025
8643,0.0493944069053111,0.1630447359799002,0.082822424842001,0.4851764140258717,0.058247059579045
8644,0.0423481726438676,0.172670035341959,0.0895196078110978,0.4546670231984004,0.062990278477637
8645,0.0382159666124572,0.1570492102567915,0.0933150443131208,0.4161023217624477,0.0645993094036871
8646,0.0350999210822847,0.1350104813633974,0.0980885293756763,0.3735401918297279,0.0587740605828598
8647,0.0344593031370047,0.1313734109499803,0.1059393439414516,0.3279827526759331,0.0582174259175549
8648,0.0341495521462622,0.1225967333096957,0.114069931487525,0.274231954554557,0.0580364503257668
8649,0.0308988293264615,0.1077288876502565,0.1127213627840318,0.2308834849698345,0.0547624976629321
8650,0.0238019010691908,0.0544522505777979,0.1003016627540083,0.1861080779742935,0.0786288038117832
8651,0.0405602605286557,0.067038912754385,0.1002983500934688,0.166253877889219,0.0917477957961683
8652,0.0603822228383187,0.0675462874829013,0.1022635670962352,0.1384328343916206,0.1030176464888104
8653,0.0895067216545369,0.0510542332073384,0.1028459693166498,0.1158048583247075,0.1042285217105776
8654,0.1028226994174415,0.0342243043838672,0.0922090284030521,0.0960066894340485,0.105076260007201
8655,0.1126682729678421,0.0374529552730382,0.0835373173374853,0.0881517319111755,0.0970234856732086
8656,0.1245162197418986,0.0356446725439006,0.0892703491741415,0.0871187753167469,0.0903131261664226
8657,0.133244115759168,0.0331843612516111,0.0963500474671543,0.090601859604773,0.0762706985523551
8658,0.1519291685198971,0.026620575833528,0.0986640322202121,0.0923038029418854,0.0670907586233276
8659,0.1628953193392932,0.0252716738812517,0.1020978692689109,0.0934356741125908,0.0643705043539566
8660,0.1711198478342606,0.0264429540315445,0.1087786342617945,0.0959218554098043,0.0602787503909343
8661,0.1855570518767465,0.0303718613097741,0.1052046663249963,0.0982200117831711,0.061156490752593
8662,0.1712325919283926,0.0358757828848027,0.0886590186613143,0.1048524178712097,0.075284209212018
8663,0.2113219891337306,0.049752921145017,0.0752717137974492,0.1113450925097245,0.0808034941198669
8664,0.2208997351364808,0.0541420585448768,0.066874832729454,0.1124656993034754,0.0926377813814603
8665,0.2149405749951558,0.0692890318006392,0.0637035624848148,0.1117531986648986,0.1118969628740103
8666,0.2171847646697215,0.0724580368048079,0.0658983756014851,0.1095032463243517,0.1224022246177242
8667,0.2231045580570625,0.0715742211667409,0.0692851118776478,0.1101410365669458,0.1354782405924692
8668,0.2496434065259596,0.0744787462710085,0.0738921853065614,0.1097922677773672,0.1501474611629366
8669,0.2615193142204699,0.0834462227834947,0.0783550647831043,0.1092615274795253,0.1625825825911155
8670,0.2826784552783622,0.0992826136183308,0.0739806912133823,0.1151375800973879,0.164781027012009
8671,0.3016731658682013,0.1026483675779306,0.0682422094026861,0.126808976302936,0.1641865044013158
8672,0.2915766420730643,0.1046253715874322,0.0652394345100349,0.1350966292277857,0.1650708591467829
8673,0.2837370006362782,0.0985588950162179,0.0637306611623636,0.1352221593186272,0.175097400267118
8674,0.2811847173279125,0.0815575337149188,0.0588791004158343,0.0989078486009889,0.1485050715202598
8675,0.3209967630498723,0.0723207510530307,0.0559994511371162,0.0907407637946779,0.1960767245821331
8676,0.3022952915400669,0.0702746051516088,0.052979071701161,0.0955710678696181,0.2181863395639082
8677,0.3177178896766236,0.0854379408466268,0.0511037437168967,0.0909832375016257,0.2442216979963127
8678,0.2787763806928842,0.0935460613767895,0.0570885325723392,0.0925664078235689,0.2430120768316931
8679,0.2600447083559059,0.0917939285560212,0.0716335472416824,0.1005527186842623,0.2516502332023042
8680,0.2670143217604751,0.0975826014702111,0.0850498823549045,0.1260922075152443,0.2555700052526069
8681,0.2704689238059479,0.1017744461198223,0.0911437436386203,0.1599768647165114,0.270197655487551
8682,0.2734221114952808,0.0990842989813124,0.089417993474298,0.1813515265322677,0.2693650211391874
8683,0.2622854331983541,0.1010986670110301,0.0872275663747268,0.1906087959752345,0.2735665002348438
8684,0.2443920778312207,0.0956304066397558,0.0940840518556491,0.2006438908374556,0.2788650565549194
8685,0.2193296254349871,0.0976575975399432,0.1039816535934162,0.2086848929158886,0.2845958543592737
8686,0.1794973546816034,0.0792529640828615,0.1160237738534357,0.2022845521470972,0.2442186159127731
8687,0.1980908111765081,0.0699604888789567,0.1222541261006378,0.1924474193757946,0.2613897341910049
8688,0.1848153908017566,0.0739749293314555,0.1156345998250229,0.1752690231008104,0.2620985316579734
8689,0.1681782155929586,0.067152774756452,0.1104735663694625,0.1585120667585637,0.2773767219436496
8690,0.1567411037985729,0.0667771615137235,0.1051612875281673,0.1462425975388952,0.2950416462141864
8691,0.1499518759113896,0.060331872901347,0.1111676206578077,0.1483765311135384,0.2964663543563909
8692,0.1455096519455619,0.0539077686383175,0.110401741641768,0.1485347508705851,0.2928735889147087
8693,0.1408730332110879,0.0579947182997976,0.1171865401567366,0.1487070167435541,0.2818359210906246
8694,0.1366131416581967,0.0603216691082631,0.1270787973414377,0.1536258609952126,0.273489807810667
8695,0.1473864174214351,0.0643330024263291,0.1316273832766007,0.164617034796944,0.2647704360900435
8696,0.1394950350781608,0.0729086427242777,0.1347862138151372,0.1686628596487594,0.2556452943474657
8697,0.149924141190112,0.0679501142492964,0.1342925237888581,0.1554753621499691,0.277205287898149
8698,0.1225302923054312,0.0340067495831524,0.1130187706347226,0.1073991882087685,0.2726793174286827
8699,0.1038120718700462,0.0292386859438152,0.1058337324453876,0.0756107137054956,0.3255326276152034
8700,0.1182182346457936,0.0250026251588972,0.1156296484501614,0.0648687690054138,0.3400848144090758
8701,0.1175113576373401,0.0274280511221896,0.1274278602700482,0.0557316567142952,0.3284432785361543
8702,0.1036224152451854,0.031587403671566,0.1440082406567475,0.0545230305961561,0.2989475606827526
8703,0.0908405397020336,0.0486185399518889,0.1676697282733908,0.0743136925788366,0.2704495636076333
8704,0.0796181957012311,0.0637977118517872,0.1835180726249342,0.1045475080147276,0.2576465479736221
8705,0.0721184686478563,0.0677785778562216,0.2039531537077393,0.1389522531874046,0.2406138441117907
8706,0.0619903814781943,0.068493761363141,0.2199749423693401,0.1628820210913246,0.2353181598558603
8707,0.0568287338667676,0.0741843895148646,0.2339144661498146,0.1726257047447714,0.2433128748305338
8708,0.0525894021124212,0.0793301913082712,0.2441009109400648,0.1774295484252607,0.2615376681350104
8709,0.0434924796646405,0.0751380092950584,0.2609567873668105,0.1746403895183245,0.2753197818568836
8710,0.0464686338968525,0.046566536115493,0.2781977919109619,0.1668806601728036,0.2770122814391496
8711,0.0469704937970557,0.0372003597521854,0.294277329414369,0.1649455630645423,0.2982707242162106
8712,0.0364483760829164,0.0332468679015871,0.3091376738892304,0.1598007890166301,0.3011006427262015
8713,0.0323520028661735,0.0289200032873018,0.3218459667141476,0.1506099747797671,0.3065421224287667
8714,0.0363720318876747,0.0271035835889589,0.328041319087759,0.1430955066328534,0.3198044501067216
8715,0.0337043929049214,0.027378297225693,0.3433031047744738,0.1412275384110717,0.3382984437303618
8716,0.0278716511424011,0.022664316294151,0.3479850235410818,0.1328371203073263,0.3328008982102543
8717,0.0277370497440942,0.0222076336386197,0.3651515401783538,0.1277283590325663,0.323819283657376
8718,0.0306601839626893,0.0253202821954026,0.3735117793235181,0.1244536379984928,0.3118803057285426
8719,0.0311738734449475,0.0252621641336548,0.3881541866168617,0.1194754667524334,0.3056330697704841
8720,0.0246760793912321,0.0238668329571612,0.3997126413798235,0.1217424498718715,0.2995367312026943
8721,0.0191899655663819,0.0218717361150295,0.4014673260267652,0.1177775751295903,0.304386984446553
8722,0.0184610852306615,0.0154682516064298,0.3695697746551375,0.094226026878468,0.2853373643677884
8723,0.0172135257851504,0.0080833319675411,0.3832670962849039,0.065655982015419,0.3002631522067195
8724,0.0160057486125996,0.0053825132352849,0.3966454484361936,0.0533174718137562,0.3230018038827827
8725,0.0192156186850465,0.0056504357774164,0.4097668760481483,0.0487207251046466,0.313564223028078
8726,0.026497936589146,0.0063986099871759,0.4212711769547707,0.0523120400060833,0.2769118618820771
8727,0.0367185869439483,0.0072944661301749,0.4434217820691954,0.0658619767569742,0.2577079944662631
8728,0.0449455539351996,0.0080708155694429,0.456509953872992,0.0892351216733842,0.24983922377419
8729,0.0510302476720352,0.0086750033050706,0.4682453237491959,0.1062848059277389,0.2480722439044472
8730,0.0510615682258664,0.0090496548922551,0.4789439266449642,0.1223993003470953,0.2426111052326952
8731,0.0544423913999347,0.0090711435230316,0.4793849415024943,0.1320591516299359,0.2325241684677833
8732,0.056568682125524,0.0096501470354982,0.478743493348402,0.1359018622404733,0.2245378696882821
8733,0.0509652972644474,0.0091711472723997,0.4676892545636674,0.1335340356833536,0.2184169398544146
8734,0.0514993675928446,0.0407175562368949,0.4330504431172159,0.128679810754959,0.2173894440968009
8735,0.0513628305642736,0.0467768514871853,0.431283501423574,0.1188266784546511,0.1981057920664158
8736,0.0579753096738482,0.0470873811600897,0.4234136594763902,0.1059403491490409,0.1846137545938106
8737,0.0647441100968821,0.0454314971030693,0.4056172675300215,0.0914352517909633,0.1679694220764309
8738,0.077070038080952,0.0434843432269989,0.3932363981426296,0.0757643220392099,0.1567877312931027
8739,0.0936442700574314,0.0385871562585429,0.3877860420465199,0.0668134731868033,0.1486628444255308
8740,0.1136888037747806,0.0300753181437376,0.3790769625082754,0.0666451276115011,0.1376525424624816
8741,0.1419964140007141,0.02524739121342,0.3649190133096876,0.0737939312616325,0.1302388051933166
8742,0.1734753219183254,0.0229925755724646,0.3392862436394013,0.0794177090350934,0.1191524177342086
8743,0.1999731231972188,0.0252961687955321,0.3223335575137983,0.082237027448334,0.1103149467980459
8744,0.2143403779873485,0.0220545834611402,0.3111076671004736,0.083633066068689,0.0956968001376561
8745,0.2213422388952866,0.0153827413985397,0.3044405069922977,0.0789508108679084,0.0761901972308867
8746,0.2061300700957442,0.0227538878398066,0.2265363193937548,0.0734653885783267,0.0686469192148525
8747,0.1952867539394228,0.0182903631239885,0.2142437348706742,0.0534224832508236,0.0713485366896456
8748,0.2016643366531134,0.0148235532704483,0.2020500584205109,0.0430140017182325,0.0770967322109826
8749,0.205574628341529,0.0129160405423913,0.1976669766637909,0.0421193860692319,0.0786247794973895
8750,0.2039888229940037,0.0140561454852886,0.1867185956418867,0.0478612135567535,0.0755246884389372
8751,0.1953886141280484,0.0146774076264791,0.1751781532478031,0.0658400430258364,0.07350095137357
8752,0.1824822550356899,0.0189049256397692,0.1709743801979104,0.0903741662895278,0.0777299168097718
8753,0.1794214912434178,0.0301249718669225,0.1663557642417218,0.1155270057184917,0.0804458879371121
8754,0.1785751633772117,0.0329256687353317,0.1617936730614071,0.1327390176229207,0.0763388119125939
8755,0.1705012645360883,0.0351428016276033,0.1504100694977048,0.1453116686297575,0.0749238924048882
8756,0.1567032006985985,0.0422554027196489,0.1439229498822408,0.1530929140117234,0.0746193521203851
8757,0.1399730761710618,0.0494680053224118,0.1340679946904829,0.1494051211826299,0.0740175034054251
8758,0.1199897376011725,0.03495844483842,0.1144271054181202,0.1272606878967113,0.0847524536808313
8759,0.115740370066773,0.0406234157120733,0.1136744326331458,0.1288266341066894,0.0871029940654195
