node,capacity_limit
CH,42.75919580817223
DE,106.972524831
