time,AT,CH,DE,FR,IT
0,0.188978156,0.109191701,0.38967588,0.195098837,0.187990471
1,0.187970665,0.113454417,0.390302721,0.209809237,0.187102913
2,0.190183866,0.116097699,0.381045082,0.223868932,0.187425127
3,0.192979561,0.117049798,0.387311099,0.22913339,0.188134034
4,0.19529378,0.116170968,0.395679383,0.253617572,0.190135695
5,0.1966682,0.110788126,0.407490701,0.236531599,0.189582201
6,0.195001294,0.105933565,0.411424134,0.228060415,0.190396731
7,0.190283374,0.102777271,0.398011376,0.211565526,0.189572358
8,0.192911932,0.09891073,0.395552575,0.195694381,0.189461055
9,0.195490474,0.096904497,0.388760413,0.188700876,0.191098396
10,0.197304491,0.097407817,0.395980997,0.185224677,0.19063451
11,0.202108714,0.103279592,0.419365857,0.19445281,0.190560572
12,0.199840693,0.105974337,0.44102446,0.22380642,0.190540938
13,0.19462197,0.105636268,0.449157336,0.229582313,0.210859211
14,0.191076394,0.102542616,0.432077317,0.225578176,0.2049877
15,0.183575736,0.097530722,0.386920805,0.192187509,0.187598843
16,0.18161967,0.095598295,0.371188996,0.179495243,0.186244008
17,0.18251391,0.094720521,0.360877008,0.171532378,0.186919881
18,0.182310867,0.094836853,0.35731867,0.172642359,0.185959589
19,0.182864339,0.094897966,0.357358306,0.176468599,0.186131598
20,0.183757136,0.095171301,0.357085236,0.177067607,0.18651912
21,0.185202025,0.095444808,0.358519325,0.184985017,0.18727846
22,0.181541163,0.096915763,0.358831204,0.185273481,0.188339425
23,0.17928167,0.097302559,0.358504023,0.193626549,0.190250162
24,0.178555157,0.098269095,0.361787084,0.200593576,0.193540337
25,0.17921721,0.101474864,0.367895162,0.215627819,0.196733081
26,0.183147406,0.106017253,0.368224574,0.228500367,0.20194365
27,0.188054422,0.10118688,0.36678842,0.229429472,0.209736505
28,0.188380075,0.099705803,0.366203991,0.241707664,0.216592994
29,0.187235919,0.104070444,0.370157077,0.245880826,0.225203442
30,0.185576102,0.108839614,0.375125131,0.271411072,0.230084347
31,0.183811659,0.113041144,0.38283809,0.296676012,0.23674859
32,0.189466696,0.129175354,0.382016156,0.308081596,0.259327371
33,0.193218513,0.148145965,0.385671668,0.310803982,0.287959529
34,0.197274778,0.16486081,0.386103367,0.306800886,0.322802748
35,0.197582232,0.16668375,0.392654687,0.303057251,0.350838339
36,0.195782306,0.158764174,0.396316889,0.293935673,0.349534487
37,0.197993504,0.149972111,0.397049071,0.272558224,0.334228795
38,0.200590032,0.145010546,0.391354848,0.256883383,0.345891509
39,0.198625048,0.137941038,0.384433679,0.219375471,0.334458095
40,0.20060766,0.12971823,0.381355393,0.18384619,0.318465582
41,0.201916621,0.124910365,0.381198124,0.185278345,0.298972048
42,0.201638498,0.116539484,0.380720074,0.185682897,0.321504913
43,0.211230886,0.105725891,0.375278474,0.193445146,0.335571443
44,0.206587934,0.107325856,0.375795607,0.190628491,0.367347833
45,0.211217673,0.107851341,0.37608452,0.184927742,0.373606525
46,0.2064712,0.110144656,0.375883449,0.183702863,0.374265892
47,0.201133012,0.112652371,0.376755592,0.191065479,0.378596305
48,0.195390813,0.111691291,0.380520441,0.19449802,0.365709364
49,0.191961488,0.109985297,0.377752941,0.183086834,0.371302047
50,0.192911978,0.106063608,0.378885614,0.18115942,0.372923146
51,0.193089386,0.104423475,0.380783618,0.184395754,0.372901708
52,0.197522581,0.10119751,0.388453068,0.186077726,0.364632307
53,0.188378956,0.098894645,0.375925923,0.192253353,0.356806814
54,0.184728823,0.09799383,0.375628931,0.190579705,0.325137305
55,0.186412325,0.100026445,0.37750081,0.202712823,0.239591838
56,0.184728391,0.097626006,0.372028299,0.196438163,0.241487962
57,0.186223171,0.095957835,0.367810821,0.174122305,0.238674116
58,0.188842117,0.095910264,0.373445312,0.172590976,0.266546244
59,0.191695905,0.096608203,0.38143444,0.177448803,0.330831216
60,0.189149978,0.097611027,0.391242663,0.179262781,0.347374894
61,0.189748843,0.098815456,0.395556006,0.176697649,0.349358842
62,0.188863569,0.098633341,0.387991196,0.182352701,0.308088563
63,0.192203897,0.101211968,0.391290876,0.19757624,0.240175636
64,0.199463926,0.102673558,0.400401017,0.205087844,0.207586102
65,0.203062847,0.101161154,0.39714146,0.208943367,0.19906799
66,0.193068999,0.102464548,0.388853913,0.223264739,0.204852879
67,0.18806121,0.101376633,0.38219469,0.247047666,0.209113198
68,0.185430716,0.106997636,0.389093827,0.269892373,0.214195861
69,0.18224791,0.114858696,0.387792988,0.285393798,0.211705948
70,0.178019638,0.117753274,0.391338383,0.25700656,0.208272889
71,0.176191722,0.118663152,0.392496039,0.281548771,0.211726605
72,0.176629242,0.123295516,0.394660728,0.247369496,0.213739687
73,0.177370227,0.127126572,0.396116561,0.240606091,0.217702147
74,0.182620837,0.140857048,0.417867903,0.276815683,0.225289674
75,0.185752204,0.165774258,0.428841311,0.342537743,0.238839451
76,0.188047888,0.164053702,0.425880704,0.332790764,0.28164704
77,0.188431058,0.144999425,0.419404548,0.268916901,0.316753925
78,0.186397619,0.12897851,0.403319675,0.220183885,0.336437821
79,0.182188528,0.1244245,0.398071273,0.227465032,0.36157263
80,0.189401339,0.120569965,0.411322541,0.218944532,0.365825121
81,0.194985941,0.124795563,0.398479111,0.221802743,0.359493564
82,0.197961572,0.13354756,0.404687271,0.231331865,0.358724474
83,0.195740181,0.130658699,0.413472658,0.21904821,0.360502906
84,0.194171791,0.12929522,0.434640843,0.248697931,0.360851433
85,0.197949213,0.125463882,0.440916855,0.259500653,0.359020468
86,0.203890445,0.126378669,0.433568322,0.258966933,0.352139125
87,0.195429381,0.119910235,0.412032974,0.244287318,0.315368409
88,0.192512312,0.108422435,0.396574217,0.231515792,0.271420154
89,0.192051445,0.102170503,0.386536623,0.22235513,0.244861127
90,0.189018315,0.099934265,0.380297886,0.235415648,0.254874779
91,0.187208303,0.099266214,0.368708019,0.242168252,0.229575306
92,0.184820808,0.099325271,0.37441197,0.243031973,0.22596463
93,0.183788789,0.103059299,0.381406144,0.259629482,0.231192245
94,0.18307362,0.107960349,0.378922074,0.252624932,0.216099188
95,0.182839066,0.112847333,0.374386064,0.244867401,0.218570041
96,0.184185995,0.110919575,0.376043183,0.237654461,0.22397526
97,0.186668205,0.112605041,0.373617297,0.233798212,0.256149082
98,0.188193391,0.112062994,0.368643544,0.228724681,0.284135405
99,0.189209581,0.107415167,0.36503272,0.222715559,0.268862687
100,0.193453282,0.09925793,0.365644625,0.205655312,0.241810793
101,0.191414566,0.097932336,0.369377589,0.209707783,0.232761527
102,0.193220357,0.097324659,0.371571466,0.209387475,0.235180746
103,0.196793778,0.111994872,0.376214225,0.231904061,0.25482814
104,0.193129638,0.111460106,0.376389718,0.256492776,0.269253175
105,0.196523991,0.105863872,0.381829938,0.261591911,0.302745143
106,0.198052382,0.103270129,0.395464598,0.251195589,0.314096457
107,0.193849309,0.102833196,0.406502184,0.241514838,0.313824438
108,0.201168038,0.107492582,0.410706842,0.234978393,0.296240591
109,0.192790734,0.107319341,0.415512619,0.219413015,0.293705809
110,0.192288148,0.108029397,0.415768236,0.205990297,0.282652083
111,0.187963343,0.105815477,0.398876167,0.198291395,0.274683518
112,0.190662556,0.100764705,0.391214562,0.184520927,0.277509062
113,0.191848199,0.099310295,0.390526227,0.180895227,0.316125497
114,0.197795508,0.09892153,0.385261491,0.18523158,0.328154697
115,0.197362734,0.10130547,0.38456066,0.177685531,0.25747618
116,0.204737082,0.101397088,0.377776116,0.166091752,0.260784748
117,0.210036941,0.100934955,0.378417507,0.167862594,0.27110723
118,0.205023218,0.105515346,0.379972247,0.167136991,0.252941467
119,0.202957761,0.101846188,0.383167143,0.161099412,0.245155087
120,0.210202545,0.101263718,0.386893249,0.157592399,0.233356167
121,0.211229082,0.093919636,0.384331157,0.166412282,0.290403722
122,0.214806215,0.094283017,0.383781592,0.174965715,0.272646169
123,0.211764361,0.094186638,0.381565281,0.177365142,0.261192969
124,0.213755182,0.094764241,0.378479505,0.178641593,0.324188102
125,0.219336692,0.097512009,0.376822143,0.178871737,0.35920161
126,0.214391215,0.097098839,0.377313736,0.178144204,0.357266421
127,0.217494788,0.095442276,0.378088259,0.180990137,0.362057934
128,0.21940283,0.094067497,0.379601217,0.18328864,0.362967811
129,0.214127614,0.0937089,0.377195913,0.183246741,0.357409072
130,0.211747123,0.094845442,0.379371405,0.188642709,0.36212531
131,0.200703753,0.097638725,0.392426795,0.208978518,0.357790903
132,0.185323482,0.101473245,0.399587132,0.222187766,0.354803744
133,0.185726351,0.104792505,0.407147211,0.229101104,0.358271292
134,0.183580117,0.10611045,0.404173743,0.237246074,0.349735507
135,0.182653355,0.105511383,0.383766752,0.24559131,0.337583475
136,0.183498371,0.105030362,0.385794869,0.24662514,0.307170279
137,0.183807808,0.101581985,0.383360855,0.257435793,0.246929542
138,0.19338319,0.101629225,0.383196907,0.240688332,0.227741151
139,0.180915016,0.107732894,0.387100604,0.232590747,0.203340631
140,0.179206042,0.112320625,0.393721563,0.232211056,0.2044595
141,0.179393075,0.119595438,0.40375889,0.25441722,0.205026841
142,0.184240544,0.118419526,0.408291787,0.276394234,0.206852319
143,0.190243006,0.115133,0.407009043,0.270725562,0.200525005
144,0.192463357,0.117147377,0.409450803,0.291116337,0.199523798
145,0.19287327,0.111947647,0.408381751,0.289855315,0.200739263
146,0.191798174,0.108458917,0.401791177,0.301378616,0.194158722
147,0.192168987,0.109403766,0.403641887,0.309775472,0.191822202
148,0.191929817,0.109401461,0.404442641,0.317961647,0.190394399
149,0.199118687,0.114283456,0.411855447,0.328903178,0.187804104
150,0.205232742,0.116880059,0.412896905,0.333821554,0.184200322
151,0.200022029,0.123708084,0.412911031,0.345136682,0.192824253
152,0.194555953,0.148942621,0.423544107,0.392585652,0.1996877
153,0.193206145,0.167852984,0.433773177,0.438835196,0.203415942
154,0.193538573,0.171469992,0.437749934,0.45613114,0.21026664
155,0.202144382,0.170511517,0.43165868,0.402566058,0.216332138
156,0.207148157,0.17946167,0.423001401,0.335131726,0.221439699
157,0.209496004,0.182692188,0.424787886,0.309586212,0.227233106
158,0.214181002,0.194827573,0.426275907,0.305385548,0.228352718
159,0.217048833,0.174661533,0.418693056,0.295937472,0.217428269
160,0.214321847,0.152569221,0.418415106,0.282544652,0.204620035
161,0.215383163,0.127011927,0.42053384,0.259901612,0.204788044
162,0.22087488,0.11326092,0.41689808,0.241626405,0.20415603
163,0.21284949,0.131110224,0.406146604,0.230819722,0.233294519
164,0.207689087,0.122285032,0.394058749,0.189643963,0.253238044
165,0.205112495,0.117657563,0.390606326,0.176376299,0.289184392
166,0.198833539,0.111031542,0.3928938,0.179879769,0.27551818
167,0.198073663,0.105187716,0.391526902,0.180398851,0.244169014
168,0.202294691,0.101505217,0.389700592,0.177714865,0.220958837
169,0.204123227,0.098086878,0.388009654,0.174900583,0.223958067
170,0.211056967,0.096223052,0.385228004,0.17024572,0.216787041
171,0.21029312,0.09505885,0.383702926,0.170235552,0.209473155
172,0.20740743,0.095832527,0.382527708,0.167930891,0.204580808
173,0.203466877,0.095762917,0.382267671,0.160404637,0.206433028
174,0.200386456,0.096267083,0.383330379,0.157200488,0.194355092
175,0.192407481,0.097134229,0.383997808,0.179008321,0.192429423
176,0.189556476,0.10054198,0.387294009,0.176879015,0.201506752
177,0.191344555,0.099985922,0.388683026,0.198775581,0.216995097
178,0.1957226,0.104272871,0.397057106,0.230380791,0.224045099
179,0.202807043,0.110249495,0.425891025,0.245294724,0.225183539
180,0.207935929,0.119163928,0.449814244,0.267565723,0.2369111
181,0.20688984,0.1263954,0.440455316,0.289708423,0.239215676
182,0.230315957,0.142611951,0.4168925,0.310783818,0.230126716
183,0.21887611,0.162470259,0.391126694,0.30793004,0.208352392
184,0.229056869,0.160845193,0.407008155,0.311864474,0.190413127
185,0.234254576,0.191948174,0.39052494,0.319062072,0.197410551
186,0.226981825,0.209709495,0.393299063,0.353405471,0.193212197
187,0.210263294,0.211677036,0.386216731,0.224022426,0.210728908
188,0.202710873,0.201067618,0.396664507,0.224573957,0.218314081
189,0.211755607,0.220151593,0.414763549,0.270983518,0.270784397
190,0.224734564,0.217547505,0.435299796,0.350032931,0.292039212
191,0.206708354,0.242479234,0.448264443,0.384472896,0.28429179
192,0.206063298,0.188823888,0.441562843,0.371416868,0.267119755
193,0.199344873,0.164491626,0.450269358,0.363881788,0.253295034
194,0.213665828,0.189746318,0.432108498,0.341045446,0.245146327
195,0.225833945,0.236742933,0.426313133,0.33626244,0.245519021
196,0.234371471,0.277321205,0.423488042,0.307615068,0.239964829
197,0.23477446,0.306058326,0.421778464,0.262939324,0.240538718
198,0.228744184,0.290786651,0.421324064,0.220011895,0.268388197
199,0.221829806,0.206855757,0.438622246,0.308171255,0.246564296
200,0.216676503,0.220457639,0.434523123,0.317392637,0.246928785
201,0.223675617,0.206086584,0.420046455,0.317965125,0.26098244
202,0.229913641,0.200048321,0.425526568,0.31615798,0.283339589
203,0.241964513,0.194268906,0.448909943,0.313119435,0.301836782
204,0.24005331,0.182121043,0.463890253,0.311803215,0.335695323
205,0.246069031,0.168017881,0.477018889,0.312483556,0.362399193
206,0.249006259,0.148347362,0.472613804,0.311451642,0.38289088
207,0.229739684,0.128112365,0.435262584,0.29939767,0.377062704
208,0.223199051,0.114178937,0.424557649,0.289658066,0.36339974
209,0.214941037,0.105583438,0.402558769,0.212174341,0.39832612
210,0.209349642,0.101251804,0.392672546,0.182415228,0.395479341
211,0.228946242,0.105387477,0.378109488,0.190445855,0.388942685
212,0.226983931,0.100130235,0.375211448,0.173394227,0.358415519
213,0.220041295,0.095446792,0.372826874,0.179258865,0.352702175
214,0.217579604,0.093322829,0.373135999,0.189623508,0.329986418
215,0.222380004,0.092794118,0.409987231,0.201471791,0.298696692
216,0.233486524,0.093660581,0.412814736,0.194435462,0.290903031
217,0.240162669,0.094722907,0.407890298,0.18310603,0.347474057
218,0.228860148,0.101658328,0.400075632,0.190409766,0.348912566
219,0.217544563,0.126847772,0.399636459,0.247060142,0.341595627
220,0.212326473,0.146045847,0.410006107,0.238879847,0.320425476
221,0.203009869,0.133087744,0.415043315,0.244441552,0.314456933
222,0.197521898,0.119161965,0.412233257,0.243290725,0.325014348
223,0.192168394,0.154356237,0.42669854,0.285847089,0.312527939
224,0.194627271,0.143824918,0.41464426,0.255790508,0.324383472
225,0.18940397,0.155041633,0.40656464,0.227264461,0.320224892
226,0.201094899,0.152843763,0.402732143,0.231150463,0.296302375
227,0.207953257,0.138748972,0.428452996,0.277295549,0.293486152
228,0.214711446,0.146983596,0.442250801,0.278041393,0.282255261
229,0.216935833,0.187090329,0.446988644,0.301790877,0.305956203
230,0.206745614,0.184844066,0.45244428,0.310104827,0.289860558
231,0.194379546,0.171052297,0.450176097,0.313169939,0.269788879
232,0.194932105,0.18735544,0.483450813,0.288613391,0.252466933
233,0.186043155,0.163831532,0.488959615,0.263500045,0.237891917
234,0.184392552,0.156011078,0.477635486,0.276897729,0.239192426
235,0.196427023,0.237070536,0.47016265,0.304027751,0.294160942
236,0.197117354,0.252057728,0.482955269,0.323411554,0.295471431
237,0.189071458,0.218588608,0.449283176,0.324293232,0.300791303
238,0.187526791,0.203456563,0.438476978,0.320121512,0.289173309
239,0.190157166,0.196201167,0.448892872,0.346487675,0.283122126
240,0.196654605,0.18752791,0.455259197,0.310450661,0.333350944
241,0.197401354,0.185348631,0.437325577,0.281756343,0.352880253
242,0.196783929,0.190037307,0.427943731,0.284514371,0.344431802
243,0.201656523,0.198076952,0.424730234,0.318182396,0.384984172
244,0.212716727,0.232180227,0.417024738,0.340186738,0.434372903
245,0.211497002,0.208825211,0.428891458,0.402398878,0.453113334
246,0.203365891,0.182875426,0.430741564,0.416419675,0.463861419
247,0.198621522,0.212841632,0.42818724,0.417172876,0.611436846
248,0.193401402,0.213225407,0.420788506,0.392376384,0.644611165
249,0.194896194,0.212704003,0.43121009,0.390534703,0.645515996
250,0.215939263,0.201023232,0.446542003,0.352570361,0.637681143
251,0.264878974,0.173084063,0.454834951,0.306263046,0.579013232
252,0.289740682,0.164200187,0.486918725,0.28497507,0.573792044
253,0.302398814,0.16538077,0.464549295,0.269854207,0.518415612
254,0.326948165,0.147099069,0.469104248,0.28720549,0.439931835
255,0.364310495,0.12526482,0.454906484,0.267854995,0.378846149
256,0.340331899,0.116560861,0.431178578,0.252990678,0.34335345
257,0.302522725,0.111433742,0.409067648,0.240466642,0.321519806
258,0.276636472,0.121574308,0.406969675,0.268630074,0.322718889
259,0.243380252,0.131780222,0.420334348,0.251967977,0.353632909
260,0.232335035,0.128299831,0.414850488,0.268228296,0.34701173
261,0.223102163,0.116640255,0.404942615,0.257229955,0.350092051
262,0.20446708,0.115234986,0.414762456,0.267699869,0.354794848
263,0.187392975,0.124316304,0.431030059,0.271749987,0.330655568
264,0.18229211,0.131470129,0.433491077,0.249076862,0.316506656
265,0.18625259,0.129481371,0.437197392,0.229720622,0.317430648
266,0.187478545,0.134573621,0.437170115,0.224880257,0.314196311
267,0.196267863,0.137148258,0.429048571,0.218958548,0.255420863
268,0.203174606,0.137850701,0.438487589,0.208248359,0.287530053
269,0.21098737,0.137692109,0.42922142,0.207636202,0.259330175
270,0.216844274,0.135346417,0.469022116,0.203989956,0.282912511
271,0.211484885,0.12574576,0.474175311,0.212586205,0.270506188
272,0.207472508,0.127696447,0.484109584,0.203820353,0.255834341
273,0.207690469,0.129539527,0.486569154,0.20080481,0.278379095
274,0.211552082,0.137068635,0.494151399,0.205895822,0.291539535
275,0.204276411,0.13708976,0.507275317,0.215536008,0.299220807
276,0.208069051,0.138208526,0.512426894,0.224196833,0.297198052
277,0.206577915,0.13618044,0.527559121,0.225789256,0.300334745
278,0.202096244,0.135225688,0.516817455,0.226760652,0.29787093
279,0.187934972,0.119795571,0.492438829,0.221104659,0.295733895
280,0.186701544,0.115486491,0.464493281,0.219285698,0.28414047
281,0.18297652,0.114931338,0.454050491,0.195956374,0.257111432
282,0.193170646,0.110505125,0.480414331,0.192687128,0.252606734
283,0.190870741,0.117389675,0.47300255,0.19637728,0.232940172
284,0.186906517,0.11189328,0.456177917,0.187681936,0.23117215
285,0.182002301,0.110811341,0.457139095,0.189232452,0.20692908
286,0.178241808,0.108534345,0.459301165,0.193394899,0.226204941
287,0.176013049,0.105969585,0.463625251,0.194334859,0.247841305
288,0.173981391,0.104792471,0.450816207,0.196558375,0.286465174
289,0.173213896,0.102353213,0.427535675,0.195479622,0.273196399
290,0.174988295,0.101717185,0.404345804,0.19190592,0.278841105
291,0.181370281,0.100974813,0.404379872,0.190953615,0.255497727
292,0.181719422,0.101485453,0.40640373,0.190087215,0.23048593
293,0.182730316,0.098912901,0.414470998,0.188036818,0.219112901
294,0.181817916,0.098340061,0.40644037,0.18586357,0.214023968
295,0.175488704,0.098205658,0.411030752,0.187608214,0.205066357
296,0.173759542,0.099275036,0.405646622,0.196165214,0.20642146
297,0.172101454,0.100982864,0.406855847,0.180778976,0.243319846
298,0.172053403,0.100421705,0.409070753,0.17042514,0.283286068
299,0.171814382,0.098834197,0.41329128,0.173050382,0.296267785
300,0.173781964,0.101615535,0.430828109,0.17546183,0.291275989
301,0.17819523,0.102540329,0.445106276,0.169293114,0.2704034
302,0.176566664,0.101579837,0.443697371,0.16598076,0.251363193
303,0.174000456,0.100528767,0.408500476,0.164356975,0.217294527
304,0.17349588,0.098050367,0.389757613,0.165009874,0.17845086
305,0.173688192,0.098958964,0.389316285,0.173734689,0.174335241
306,0.181160278,0.099506288,0.40163203,0.173970618,0.173360891
307,0.187479874,0.098552234,0.416941326,0.174653319,0.173140257
308,0.186875201,0.100143007,0.421136758,0.169598091,0.171884649
309,0.176820367,0.100238443,0.416944574,0.179246561,0.172085816
310,0.179093552,0.099581996,0.400965196,0.180645561,0.172691237
311,0.178629375,0.097500525,0.402589418,0.17909531,0.172447799
312,0.173793074,0.099488331,0.401486713,0.177555112,0.172054547
313,0.175289997,0.100148148,0.389168451,0.180511793,0.171902253
314,0.177294103,0.099909566,0.37728417,0.189787062,0.172467164
315,0.183071817,0.099942747,0.376289229,0.193078472,0.172899525
316,0.189101013,0.098684832,0.378037965,0.194481849,0.172748384
317,0.196987014,0.097650224,0.384493558,0.204395203,0.171761241
318,0.1994465,0.099863364,0.391398899,0.216519742,0.172044189
319,0.207876863,0.100844302,0.400224862,0.229487755,0.17249256
320,0.217783599,0.099665611,0.405636206,0.2461833,0.175647277
321,0.214342693,0.100148378,0.406852716,0.265802219,0.18728022
322,0.194981007,0.101798804,0.388760498,0.272085265,0.204508972
323,0.181874285,0.098932756,0.381671533,0.28400446,0.238101409
324,0.181671253,0.098658176,0.38559393,0.29708776,0.254098146
325,0.184842412,0.099233537,0.389926172,0.27964447,0.289083716
326,0.190633243,0.099406526,0.389815364,0.267987074,0.313183347
327,0.193521971,0.101029316,0.388719813,0.265385557,0.317220103
328,0.196855805,0.100473238,0.390421393,0.264386666,0.315717758
329,0.194892988,0.099486698,0.390937292,0.275748355,0.318219581
330,0.203098757,0.102029667,0.397829382,0.259487617,0.323591391
331,0.190182239,0.102548142,0.382286285,0.288144262,0.324313517
332,0.195290167,0.10370974,0.389075154,0.301593472,0.332033972
333,0.196643762,0.099465173,0.39443137,0.297107882,0.33292792
334,0.185874609,0.097878669,0.385304689,0.246655404,0.334396484
335,0.179156004,0.097877524,0.393451812,0.204795631,0.336539285
336,0.178750626,0.098610155,0.396400018,0.187378071,0.33516232
337,0.175261183,0.09754966,0.385685376,0.182397184,0.32747612
338,0.174610661,0.096532014,0.374948738,0.176718844,0.326566281
339,0.177847341,0.095890606,0.380938309,0.177147293,0.324513993
340,0.18460323,0.096679325,0.384493472,0.179836896,0.326503495
341,0.187451098,0.096977647,0.386733577,0.183984507,0.326080498
342,0.186205345,0.096529847,0.384770805,0.189155885,0.325513016
343,0.18112478,0.096435683,0.385058608,0.188886982,0.275992016
344,0.180806382,0.096445702,0.385515086,0.189819851,0.306572078
345,0.182461103,0.09665944,0.381570727,0.192634649,0.316253251
346,0.187071453,0.096662108,0.376328918,0.189335649,0.314454355
347,0.182197023,0.096681199,0.365804573,0.181792327,0.322423217
348,0.190396524,0.097082327,0.370445505,0.180254237,0.309670356
349,0.192943415,0.098336229,0.372577166,0.17288881,0.318768723
350,0.201760986,0.098571651,0.373818512,0.176711716,0.301237223
351,0.213628257,0.099007453,0.37332813,0.173875395,0.247573624
352,0.217402818,0.098727622,0.373110938,0.178635102,0.215627841
353,0.222254665,0.098857639,0.375893371,0.185956573,0.219474319
354,0.224299706,0.099185021,0.377467021,0.191730587,0.218224229
355,0.212573728,0.098157815,0.37965178,0.196753787,0.216170753
356,0.193930791,0.100926668,0.381370385,0.19716495,0.217059495
357,0.181385681,0.100378246,0.387236592,0.206697945,0.219571126
358,0.173858755,0.099783173,0.386786632,0.207903261,0.218866769
359,0.170616573,0.098702567,0.405410963,0.193584852,0.212773183
360,0.168427743,0.099016878,0.427595791,0.184048066,0.211688479
361,0.168871655,0.098700341,0.422125593,0.178697882,0.209357295
362,0.172565818,0.098118,0.409678039,0.176393227,0.208112305
363,0.176115097,0.097637316,0.407847746,0.172787017,0.208258209
364,0.176363882,0.098169051,0.407727058,0.173156773,0.206817125
365,0.177622515,0.099378372,0.391150026,0.178257795,0.205610945
366,0.176664613,0.10045523,0.389652356,0.184776454,0.206373914
367,0.177176085,0.100912922,0.390056176,0.186897093,0.207754247
368,0.182034121,0.102495032,0.391911195,0.191646655,0.208960851
369,0.182149469,0.101150977,0.384616104,0.187575627,0.207608914
370,0.181994362,0.102631016,0.381472593,0.189653923,0.210732558
371,0.178175303,0.105901357,0.384685538,0.197396998,0.214491256
372,0.176338408,0.106030164,0.383379954,0.193322844,0.218942781
373,0.179920687,0.107747109,0.384921906,0.193595867,0.22505334
374,0.182100221,0.105485316,0.386257828,0.19320714,0.224573136
375,0.189321606,0.103174304,0.394838329,0.186696229,0.217381604
376,0.181114052,0.099716003,0.377301369,0.184232924,0.21971394
377,0.185605966,0.097566414,0.381836645,0.18802524,0.209974983
378,0.187088843,0.098783457,0.378927726,0.186502433,0.207827882
379,0.183942213,0.097967053,0.372226836,0.190948739,0.200763313
380,0.186306039,0.099105543,0.3739393,0.195874154,0.194914825
381,0.184679545,0.098829096,0.37403934,0.199912547,0.19021277
382,0.175665996,0.097983473,0.373562258,0.193652669,0.18677992
383,0.177940359,0.097034603,0.370669457,0.17896201,0.186561227
384,0.18055463,0.097399459,0.379214228,0.172650654,0.186973873
385,0.173924212,0.098714,0.378111688,0.173155153,0.185631568
386,0.170287277,0.098170907,0.371088872,0.17654404,0.184911264
387,0.171712904,0.096965219,0.36780968,0.174492637,0.180097242
388,0.172843229,0.096162156,0.367152222,0.174493709,0.181690474
389,0.173134758,0.096077566,0.371603814,0.172743036,0.184775914
390,0.173604671,0.097332857,0.37581293,0.179075657,0.186381353
391,0.17745124,0.098112632,0.376810844,0.185927051,0.185884963
392,0.181849227,0.097810678,0.373430342,0.186367496,0.187520697
393,0.184628451,0.099307194,0.372710366,0.189558446,0.186871745
394,0.189902531,0.100661009,0.37076626,0.186894587,0.189151458
395,0.187333729,0.101961425,0.371348123,0.197066534,0.202812094
396,0.181878669,0.1030353,0.375091582,0.193717702,0.205134006
397,0.182177709,0.10599622,0.376215983,0.192765142,0.200640782
398,0.181265514,0.106682036,0.376698115,0.18987677,0.199711915
399,0.178015537,0.105122015,0.378953862,0.18649176,0.188853909
400,0.177051063,0.105520967,0.377277345,0.176898822,0.180423323
401,0.176353934,0.108706562,0.375874974,0.180326939,0.181550321
402,0.180460448,0.109881495,0.380951334,0.198924888,0.180526615
403,0.182761558,0.108589423,0.391288019,0.20273866,0.181192537
404,0.178725562,0.110300773,0.386191098,0.205919744,0.185238085
405,0.174093937,0.109363704,0.382381663,0.215932995,0.18472078
406,0.168886219,0.113397865,0.380625471,0.215768628,0.184642906
407,0.167174538,0.103122822,0.384092923,0.206033623,0.18180039
408,0.166849778,0.101597998,0.392011464,0.199988302,0.18276254
409,0.168541926,0.108238396,0.394105433,0.20455814,0.18430476
410,0.169605005,0.118239774,0.389408052,0.215145398,0.183187735
411,0.175766496,0.11784987,0.404673426,0.217088458,0.183740026
412,0.171928633,0.116362289,0.404147835,0.216890743,0.185208568
413,0.171454456,0.114661284,0.402176561,0.223470793,0.190159117
414,0.171579955,0.109539756,0.402878827,0.233994646,0.189787942
415,0.170569525,0.10896914,0.401715035,0.231986604,0.189132033
416,0.17156757,0.107004484,0.398387583,0.208584429,0.184356752
417,0.176000483,0.106934193,0.398361498,0.190312565,0.183036875
418,0.18025326,0.106304936,0.394600423,0.185659987,0.183550382
419,0.178693504,0.103842487,0.389961788,0.185397565,0.182484822
420,0.1782887,0.101580735,0.379488079,0.189936421,0.184501306
421,0.179516069,0.099818176,0.377467354,0.201195395,0.184693185
422,0.179740795,0.098401845,0.383253388,0.215145036,0.187284735
423,0.179465078,0.097256605,0.383259277,0.212445982,0.18867145
424,0.176898374,0.096519362,0.379370956,0.203362412,0.190982218
425,0.172945756,0.096246598,0.377691688,0.201089302,0.189120386
426,0.171928259,0.096519292,0.379386008,0.192553966,0.188130389
427,0.174278048,0.09645873,0.383640978,0.191536319,0.188266677
428,0.172313619,0.096485383,0.38394131,0.20615392,0.188077241
429,0.172729859,0.096794016,0.384098177,0.213797505,0.187652681
430,0.171900655,0.096983434,0.382510676,0.212008433,0.186910668
431,0.16829383,0.096715616,0.38348958,0.196851519,0.185582027
432,0.16964356,0.098119175,0.387475473,0.187342948,0.18279858
433,0.171690481,0.099937053,0.382099652,0.205438232,0.181131127
434,0.172001431,0.103418609,0.377616917,0.211615472,0.179338196
435,0.172076868,0.104402719,0.377160226,0.216370302,0.180081344
436,0.171380701,0.101771957,0.377606326,0.205197208,0.178725722
437,0.172173936,0.100267406,0.379557151,0.199662994,0.178989809
438,0.172622993,0.104982225,0.381430027,0.204032551,0.17951045
439,0.172843212,0.104228122,0.387233511,0.199958392,0.180438545
440,0.173161327,0.107114629,0.382100816,0.192693883,0.181444864
441,0.172539154,0.109800884,0.373226631,0.192483475,0.18517228
442,0.172166533,0.110145353,0.370189556,0.193500815,0.190883817
443,0.174048889,0.109856032,0.370304425,0.209940719,0.199058805
444,0.179277423,0.110655752,0.370712652,0.218507164,0.206032243
445,0.179933833,0.10753672,0.375068222,0.217274696,0.21140135
446,0.174851422,0.106094821,0.377222408,0.215262468,0.209423999
447,0.174362281,0.104169951,0.378005621,0.214489454,0.207318164
448,0.173525314,0.100872383,0.377111795,0.20945386,0.206813466
449,0.177500591,0.100503124,0.383106165,0.190911315,0.20575729
450,0.181146685,0.107310845,0.387871716,0.180536672,0.205153408
451,0.183687939,0.108813414,0.392905603,0.193865914,0.206723211
452,0.18393255,0.107055276,0.397595753,0.211576569,0.203129035
453,0.177950324,0.105331091,0.399648254,0.22200586,0.196770542
454,0.169550959,0.104603526,0.392386241,0.220735655,0.195790097
455,0.167148356,0.103586171,0.389825735,0.205194867,0.19298409
456,0.169351209,0.105335484,0.388175158,0.194696445,0.189246474
457,0.169248052,0.108607162,0.388936974,0.196392024,0.185602874
458,0.170949991,0.1069285,0.385893165,0.194104074,0.189196369
459,0.174060448,0.111998301,0.384979132,0.195367113,0.185752992
460,0.17946522,0.103211195,0.381805486,0.193918096,0.180083797
461,0.180193704,0.104299683,0.385615114,0.195872727,0.179952726
462,0.174714969,0.105607164,0.390550374,0.213768325,0.181726493
463,0.170518988,0.105926621,0.38993709,0.228858655,0.17967731
464,0.170178764,0.10740172,0.383133377,0.253700372,0.185218222
465,0.174372066,0.105715355,0.376368665,0.262860321,0.190660794
466,0.17975514,0.105507607,0.372431236,0.261500057,0.2024811
467,0.176173198,0.108125577,0.376611239,0.254938738,0.214149738
468,0.174282331,0.112765847,0.382226038,0.25965621,0.23738035
469,0.174910332,0.114356814,0.384069771,0.276091594,0.242788686
470,0.177470781,0.113365669,0.384158487,0.2738824,0.234225975
471,0.175576851,0.108908382,0.384762663,0.264466968,0.205720693
472,0.17170856,0.104143548,0.382771035,0.265221248,0.191751344
473,0.170619593,0.104233487,0.385002885,0.284235753,0.191780244
474,0.176032505,0.105589282,0.388263743,0.309889456,0.190262196
475,0.179935324,0.105722579,0.391392438,0.327727675,0.187978537
476,0.178295002,0.103270627,0.387093218,0.328474444,0.187918124
477,0.178397501,0.103507764,0.384563597,0.338833809,0.191341321
478,0.171556266,0.104718575,0.382309379,0.316450384,0.197550337
479,0.171432769,0.102407242,0.378409544,0.238903987,0.208797551
480,0.172034135,0.104235186,0.385453896,0.217409344,0.2019833
481,0.172502049,0.103624966,0.38342659,0.19933041,0.200478409
482,0.176657887,0.103963202,0.382055407,0.193475788,0.195104327
483,0.182601351,0.104099867,0.381804896,0.194629422,0.191432364
484,0.188360943,0.103296585,0.3817831,0.194284563,0.188883833
485,0.192389341,0.103046952,0.385214373,0.19580169,0.192144473
486,0.201677255,0.103053323,0.39470299,0.192192876,0.193501008
487,0.201197102,0.103373416,0.39342508,0.198522565,0.192932442
488,0.201585369,0.103744158,0.389573692,0.201598623,0.19437733
489,0.198893603,0.103505752,0.382554657,0.198207154,0.213516787
490,0.193393581,0.104232764,0.378559798,0.19478715,0.243253813
491,0.184846993,0.102632912,0.377720789,0.201646574,0.263564801
492,0.176928669,0.100085095,0.377031605,0.209914563,0.28006443
493,0.182054687,0.100904459,0.376407506,0.222887406,0.270023119
494,0.179312685,0.100979599,0.376687044,0.237732758,0.26046418
495,0.177918861,0.099914251,0.380905878,0.2401753,0.229602444
496,0.173817307,0.098791947,0.382559832,0.231632386,0.199647045
497,0.173284985,0.098553974,0.384101776,0.216591415,0.191791563
498,0.180415691,0.098935594,0.381787068,0.205616673,0.189330465
499,0.185828548,0.098304669,0.387230002,0.202115189,0.182488989
500,0.184134479,0.098352347,0.388599852,0.19882408,0.185517303
501,0.181182854,0.098851825,0.393364592,0.201854711,0.190180124
502,0.176224776,0.099842662,0.394699872,0.195030664,0.198665774
503,0.17269906,0.10088186,0.394379438,0.182891839,0.201793197
504,0.172565133,0.100332584,0.399405023,0.174974372,0.203341207
505,0.167238279,0.10047921,0.393672334,0.178738104,0.200113184
506,0.170519362,0.099816957,0.392679947,0.181951314,0.19490314
507,0.177690838,0.097188098,0.382394874,0.181445055,0.185918324
508,0.172633154,0.096170363,0.383008716,0.182510393,0.180478366
509,0.173509691,0.095701533,0.393704707,0.181575966,0.18028261
510,0.178368432,0.095319688,0.406751136,0.18583598,0.18057362
511,0.181709997,0.097319145,0.408458029,0.184155127,0.181554772
512,0.176255891,0.097894979,0.408585299,0.183180353,0.186039642
513,0.173228294,0.099411851,0.40584805,0.186852774,0.193904923
514,0.171761027,0.100720431,0.394947766,0.188486537,0.206022908
515,0.171993773,0.100889032,0.390324586,0.190664046,0.215575021
516,0.176208647,0.102583152,0.385602747,0.18789483,0.222744868
517,0.202671839,0.103400847,0.391694389,0.194760688,0.224758149
518,0.220707721,0.103265822,0.389055233,0.205660493,0.217219146
519,0.190086996,0.102120468,0.389580067,0.1919783,0.211902326
520,0.18471041,0.099479595,0.386719276,0.181033701,0.19456826
521,0.173705936,0.098795245,0.3827632,0.184839638,0.186524093
522,0.176201603,0.098319345,0.382673686,0.190398226,0.186148959
523,0.176389432,0.098234764,0.383399821,0.189179179,0.190121394
524,0.176817724,0.098142991,0.384773856,0.196175247,0.1908558
525,0.173689277,0.10331235,0.391243168,0.203050967,0.189884089
526,0.173775029,0.108465363,0.39191557,0.213163622,0.190880234
527,0.177692666,0.109825332,0.387130906,0.205461259,0.187487798
528,0.183202927,0.105385415,0.392645628,0.202184899,0.186200639
529,0.186066849,0.101970563,0.393436507,0.193847262,0.187173481
530,0.195713503,0.100852951,0.393286285,0.185055505,0.185768694
531,0.21386221,0.100382907,0.398330974,0.178964306,0.185437522
532,0.194588374,0.101204918,0.405747293,0.172667193,0.186236685
533,0.196054362,0.102642946,0.409806618,0.17987298,0.188244642
534,0.196117265,0.105353401,0.410235471,0.184323744,0.188704358
535,0.19396845,0.111560248,0.401657038,0.189803343,0.189025693
536,0.202562596,0.111534346,0.399441528,0.192800138,0.188231046
537,0.200474608,0.109001507,0.399164534,0.20208963,0.187757903
538,0.203740345,0.108352733,0.403340239,0.217893418,0.198906109
539,0.209022004,0.1116781,0.410135775,0.227798918,0.221573933
540,0.206881393,0.111325742,0.421238887,0.232056261,0.231114982
541,0.178405703,0.114002626,0.42627058,0.243783693,0.237281736
542,0.171868484,0.112414706,0.433821873,0.242226277,0.217822072
543,0.168255208,0.105018699,0.441457148,0.237127269,0.194920379
544,0.166497007,0.09883154,0.433085358,0.227440266,0.181852968
545,0.164240084,0.097567814,0.429282511,0.228685858,0.182944404
546,0.163817729,0.096707721,0.42635299,0.236821863,0.183392134
547,0.166457943,0.097564492,0.41038302,0.227476102,0.193177994
548,0.166090625,0.09664557,0.40847914,0.22520957,0.188755765
549,0.165540267,0.096393763,0.404842595,0.229588874,0.182736651
550,0.164846435,0.096130443,0.401907141,0.227236301,0.180359035
551,0.164217654,0.095661859,0.398722108,0.236476464,0.181560793
552,0.164611375,0.095407664,0.401877833,0.241750845,0.179486672
553,0.164543344,0.095314283,0.401006178,0.232571927,0.181751233
554,0.163497358,0.095444267,0.393899182,0.230812469,0.186230675
555,0.163933043,0.09544068,0.392150826,0.225142398,0.190496671
556,0.164104545,0.095438778,0.393781521,0.228115416,0.188508814
557,0.164958681,0.09506819,0.404600956,0.240883656,0.182868957
558,0.167645198,0.094946645,0.412391145,0.235538091,0.183099419
559,0.166865418,0.095100103,0.410794415,0.231968141,0.180476924
560,0.167214146,0.095575209,0.402472645,0.226478634,0.180273665
561,0.165203787,0.096073716,0.402578195,0.198008324,0.189706642
562,0.17068853,0.09698012,0.402452871,0.181971758,0.214426539
563,0.173244074,0.102109086,0.408036415,0.198321583,0.234680956
564,0.173663998,0.114644481,0.407449712,0.205923581,0.238918353
565,0.17779027,0.119835436,0.408160896,0.210184521,0.235939112
566,0.180175937,0.123096723,0.402918578,0.211752937,0.22426533
567,0.17680258,0.112599125,0.393295746,0.202779081,0.200961721
568,0.178185844,0.103834539,0.3849789,0.184651201,0.182441451
569,0.175815191,0.099856603,0.385611678,0.169949432,0.180311848
570,0.172443012,0.099009036,0.390732278,0.168682851,0.180159864
571,0.175317475,0.098676922,0.403256387,0.175899782,0.180866574
572,0.177322026,0.098470647,0.397019965,0.17805562,0.181352095
573,0.182240576,0.097770553,0.39755867,0.185605584,0.178490342
574,0.182580523,0.096454836,0.399801594,0.186548102,0.178085437
575,0.182035366,0.097034307,0.405101609,0.188883992,0.177530154
576,0.178244543,0.097703567,0.412799415,0.191018523,0.177397602
577,0.178266347,0.098143236,0.411905114,0.187814402,0.176331229
578,0.175206881,0.09761214,0.415710053,0.180894061,0.175057606
579,0.185082372,0.09610038,0.413381073,0.174785555,0.176508031
580,0.209186218,0.095398998,0.420735741,0.174374134,0.177733192
581,0.22561778,0.095252343,0.425741765,0.17910067,0.17816485
582,0.233767152,0.095498246,0.435905853,0.186757014,0.17807672
583,0.245167147,0.095945326,0.454682915,0.197073593,0.178399614
584,0.239243329,0.096696845,0.443948029,0.193333663,0.178940736
585,0.233201225,0.096826931,0.434493786,0.19322255,0.186944059
586,0.243608161,0.099095481,0.447415871,0.199697009,0.212989287
587,0.237468584,0.110352207,0.468363936,0.222834316,0.235039949
588,0.284886408,0.1226988,0.487750549,0.233289686,0.246877403
589,0.31298123,0.137889404,0.497488953,0.233460071,0.251610052
590,0.327887319,0.143513026,0.482646553,0.222717439,0.250018923
591,0.247626497,0.126586329,0.445350438,0.213853408,0.214364846
592,0.187877144,0.104887337,0.406986922,0.195309216,0.182302563
593,0.176652529,0.107310463,0.407318894,0.197371748,0.179532273
594,0.169705437,0.111826687,0.406088799,0.190935081,0.179993333
595,0.167808037,0.115611576,0.402164121,0.183243501,0.180497847
596,0.165544102,0.112177144,0.405156098,0.193374113,0.177997567
597,0.162907494,0.112382881,0.396107708,0.195452673,0.176745114
598,0.16103089,0.107762412,0.391603695,0.194770609,0.177322725
599,0.15998382,0.104800224,0.388143448,0.190174911,0.177515584
600,0.159701935,0.103392217,0.383711833,0.184443278,0.178826834
601,0.159718156,0.101095362,0.385371231,0.180302249,0.182336498
602,0.161519035,0.106010055,0.385310294,0.176849387,0.183090891
603,0.163477448,0.115538573,0.385301755,0.182964211,0.18321117
604,0.164254504,0.120142975,0.389209358,0.186688157,0.18329283
605,0.170030325,0.116095584,0.390058411,0.186185956,0.183128902
606,0.174526959,0.11236675,0.392040525,0.185536587,0.182905946
607,0.183507197,0.103497567,0.395138665,0.184220845,0.183144449
608,0.187479128,0.107057821,0.393409174,0.186675322,0.184609352
609,0.190827702,0.103404354,0.391241583,0.189781783,0.197336934
610,0.186194242,0.104644212,0.399904968,0.199449942,0.226457821
611,0.187446992,0.110929393,0.418536007,0.217900638,0.237930497
612,0.235729994,0.125340792,0.467543311,0.222773443,0.244880902
613,0.287558339,0.142512137,0.482782279,0.222356847,0.254404735
614,0.272628032,0.148224453,0.480968643,0.228105203,0.247859435
615,0.202499114,0.122175191,0.442582585,0.205053004,0.216380886
616,0.162595133,0.098126165,0.401576882,0.185211919,0.182868224
617,0.161231766,0.094866609,0.396104771,0.180234855,0.180316164
618,0.16124389,0.094845208,0.393652881,0.188770398,0.182992952
619,0.161101416,0.094362202,0.395548192,0.186640629,0.184386762
620,0.162165047,0.094304512,0.397875176,0.193729343,0.184648392
621,0.16236068,0.094505435,0.398086748,0.199174715,0.185986459
622,0.163522589,0.09520052,0.396652242,0.206606832,0.186681332
623,0.164303227,0.095081993,0.398416033,0.213654825,0.186567038
624,0.165351716,0.096139709,0.394570575,0.187235292,0.186806467
625,0.167789514,0.097791419,0.396949238,0.192451748,0.18616058
626,0.170920926,0.098513289,0.401062487,0.202258871,0.179715846
627,0.172697463,0.101290188,0.404759246,0.221639175,0.177979843
628,0.174512348,0.102370371,0.406885651,0.226166594,0.176867618
629,0.183942671,0.100045642,0.405772901,0.217098435,0.176535616
630,0.192586333,0.096953189,0.404969254,0.202204558,0.175133397
631,0.198510268,0.100763123,0.403029825,0.19758624,0.176585546
632,0.203586493,0.10097589,0.404120231,0.208750994,0.180113816
633,0.193079295,0.102864483,0.407184449,0.212475316,0.19474582
634,0.199706836,0.105519989,0.430787022,0.221661555,0.212045949
635,0.204226296,0.108396908,0.442657228,0.22798299,0.227952129
636,0.238417241,0.132540313,0.488879568,0.234180797,0.238851758
637,0.29691152,0.149159848,0.488528332,0.244567187,0.231229169
638,0.292837815,0.144739297,0.479160237,0.244793155,0.221600974
639,0.213213419,0.123905826,0.440750595,0.239453098,0.200722367
640,0.170247841,0.102871007,0.404311183,0.228349648,0.180198507
641,0.165942759,0.099998545,0.403050798,0.219426761,0.177167172
642,0.161961917,0.103930046,0.40359485,0.210567192,0.179962329
643,0.162023323,0.112535993,0.41083378,0.207347293,0.182952576
644,0.161861717,0.118670351,0.415965405,0.219650694,0.181694233
645,0.162548283,0.112008725,0.417974916,0.215984048,0.182540822
646,0.162573764,0.107238591,0.417430124,0.205322315,0.180016376
647,0.161192168,0.104841476,0.410340033,0.188432521,0.179184194
648,0.16020806,0.10347636,0.406431564,0.183927753,0.17819184
649,0.158770489,0.109994075,0.405003387,0.180819592,0.177483902
650,0.159349721,0.110463695,0.407565556,0.180270523,0.177521417
651,0.158718223,0.113239512,0.408147458,0.176540254,0.177454411
652,0.158562401,0.107419268,0.413713706,0.176197136,0.178771487
653,0.163168658,0.106105939,0.418422384,0.1815606,0.177328216
654,0.16677267,0.104676985,0.416786607,0.188575293,0.176252005
655,0.174972266,0.108799612,0.411544845,0.191370945,0.181606251
656,0.177575761,0.114747436,0.409094483,0.195523509,0.1825379
657,0.177957477,0.120652576,0.407687958,0.207954615,0.192719252
658,0.178895486,0.113451459,0.41253525,0.221532439,0.197073145
659,0.189065897,0.111753322,0.439427289,0.216905067,0.208438203
660,0.233608148,0.122433862,0.458389056,0.207320179,0.212711198
661,0.294518928,0.133929674,0.46900051,0.200473326,0.210900104
662,0.27452681,0.134039253,0.456567145,0.198776503,0.206649515
663,0.202773221,0.120891368,0.427331009,0.191378786,0.191515608
664,0.162430736,0.109367319,0.401412361,0.201817798,0.176625108
665,0.159720867,0.107150517,0.395879408,0.206626969,0.174094205
666,0.158976917,0.109982905,0.39692048,0.224188756,0.174683959
667,0.162254946,0.106107503,0.392769143,0.25835433,0.176869987
668,0.160489543,0.10598389,0.394226028,0.271404801,0.178458765
669,0.159542103,0.108168322,0.392209961,0.270640997,0.178763415
670,0.159496367,0.108048354,0.391022797,0.253688916,0.179574471
671,0.160617229,0.116330155,0.395330055,0.230731366,0.18346431
672,0.160865194,0.118280521,0.397336841,0.211722629,0.185064696
673,0.161671932,0.114865017,0.402441766,0.202054245,0.18547197
674,0.164039728,0.118187423,0.402228849,0.200748668,0.184857342
675,0.166276545,0.121109846,0.402900399,0.200890445,0.185154953
676,0.175281165,0.127048254,0.405963423,0.206681972,0.185060059
677,0.186206494,0.140842684,0.425586124,0.206361201,0.185431754
678,0.194043869,0.140015023,0.432355998,0.213060858,0.184325192
679,0.210761049,0.125807704,0.436707792,0.211428435,0.184453022
680,0.24805046,0.126821668,0.441387972,0.212206074,0.18525525
681,0.231983549,0.1336039,0.431122776,0.209928903,0.197178434
682,0.22264519,0.146413339,0.440152456,0.224434611,0.203466841
683,0.23219225,0.157971691,0.451156112,0.220300691,0.217120169
684,0.257914119,0.172464588,0.468751014,0.219282492,0.236980686
685,0.288224534,0.160305615,0.490453592,0.218501407,0.238868056
686,0.276242462,0.155554677,0.489621572,0.230083003,0.230640809
687,0.213352291,0.138930282,0.450307491,0.220190959,0.205806749
688,0.158729497,0.116375169,0.407089191,0.205500116,0.175662347
689,0.157469762,0.111413991,0.408096898,0.193122696,0.174649838
690,0.156843951,0.110890757,0.428887766,0.191679594,0.176089807
691,0.156768363,0.109281585,0.431171524,0.185696316,0.176927636
692,0.15689196,0.104794915,0.43306765,0.192012067,0.177364157
693,0.15681044,0.100930349,0.433383114,0.197130045,0.175984355
694,0.157965675,0.099742457,0.419639395,0.195536204,0.175889371
695,0.161183166,0.09900852,0.412019086,0.193683406,0.175647916
696,0.160453002,0.098936594,0.41027139,0.209575168,0.176052795
697,0.159108332,0.100324379,0.409286134,0.209041554,0.177156743
698,0.158505753,0.098324471,0.408900171,0.205104006,0.178613459
699,0.159129933,0.096582923,0.404904828,0.205073734,0.180044009
700,0.159526221,0.095710251,0.406237113,0.204970811,0.180997042
701,0.164789286,0.095500468,0.413740042,0.204408065,0.181956148
702,0.174097098,0.09609946,0.413519687,0.213607994,0.180759174
703,0.17625294,0.098188288,0.408275682,0.214333575,0.186388583
704,0.174887103,0.099982802,0.40615209,0.230686953,0.189958677
705,0.172338028,0.09983861,0.39945672,0.258971831,0.197601826
706,0.170338107,0.105255865,0.399555982,0.262613286,0.20652566
707,0.16683009,0.112362258,0.410848314,0.242873191,0.220881661
708,0.175865159,0.119967319,0.428676122,0.237329792,0.225993053
709,0.216082183,0.138471431,0.44527867,0.232866735,0.22747707
710,0.215918183,0.134704255,0.449816777,0.214982441,0.21722672
711,0.191961056,0.122723143,0.441629595,0.20527359,0.207964833
712,0.166286858,0.112258382,0.429321179,0.205672234,0.197712173
713,0.167331661,0.130169912,0.453456135,0.21993497,0.19255752
714,0.167666146,0.16031215,0.443959985,0.244609173,0.20994125
715,0.166664453,0.15498819,0.447570022,0.235466348,0.22326757
716,0.169466815,0.181203224,0.468355266,0.27277306,0.231341084
717,0.186456936,0.197614407,0.482142027,0.276292229,0.232683856
718,0.201980222,0.18410966,0.507102567,0.277808819,0.222375737
719,0.217260432,0.172945995,0.548609649,0.284159724,0.224980492
720,0.246305057,0.173925891,0.533401614,0.288284082,0.216073394
721,0.260255962,0.188534206,0.541847734,0.297963557,0.222504527
722,0.237446781,0.195483001,0.518245211,0.307246866,0.229208753
723,0.229786599,0.199681391,0.483291472,0.310397091,0.217891824
724,0.208615881,0.217145874,0.457355694,0.318038951,0.221060382
725,0.203165472,0.218205949,0.446303592,0.323803475,0.223657194
726,0.198827498,0.211600543,0.44007959,0.328288742,0.226572643
727,0.207540303,0.220758782,0.463713466,0.372089473,0.247127681
728,0.206387816,0.188390261,0.423362716,0.321530337,0.231780529
729,0.204679671,0.191700054,0.427831921,0.31248641,0.232226523
730,0.208098484,0.210803602,0.44451082,0.3157779,0.226046877
731,0.213522118,0.225483886,0.473324579,0.318293885,0.227434517
732,0.219069611,0.224388928,0.494653743,0.321068884,0.227639847
733,0.222289369,0.205013078,0.514964001,0.329347044,0.230428768
734,0.221827523,0.193807168,0.519527167,0.348391967,0.276616234
735,0.218621289,0.205661576,0.528236563,0.349514167,0.285480113
736,0.209340743,0.19675271,0.53036691,0.329943509,0.247504589
737,0.207940601,0.205912411,0.545317252,0.326161271,0.237058719
738,0.212392988,0.225508441,0.566392416,0.351862648,0.243928707
739,0.225777689,0.223757505,0.583774463,0.339279975,0.2277132
740,0.238812566,0.228431961,0.613688756,0.345643125,0.248965678
741,0.273143111,0.254122097,0.644656261,0.344997772,0.228053546
742,0.312330235,0.268534077,0.64525457,0.349037241,0.208854898
743,0.335988063,0.275971455,0.636048606,0.341625371,0.203290907
744,0.382514321,0.269674489,0.636603542,0.333571132,0.202835861
745,0.393701051,0.256235735,0.620530289,0.327044236,0.200118219
746,0.385905934,0.219807658,0.612175729,0.330605292,0.19504356
747,0.387645182,0.196666917,0.611150879,0.330740895,0.184191421
748,0.384313335,0.181812672,0.606690533,0.32477035,0.178992214
749,0.382468499,0.16019183,0.600539773,0.313575412,0.177273099
750,0.377232558,0.145222454,0.58831445,0.299452913,0.177401836
751,0.375571438,0.157590167,0.589518656,0.286464819,0.18282724
752,0.370331883,0.151379387,0.555522077,0.276291912,0.178214243
753,0.379619962,0.170558437,0.536262879,0.286166638,0.183351269
754,0.39726899,0.206141433,0.530729323,0.305750199,0.209420914
755,0.389276023,0.23283235,0.527744117,0.301955764,0.275366381
756,0.401254623,0.234624774,0.532130285,0.303995338,0.379023032
757,0.378367981,0.22953703,0.546407188,0.312404704,0.412394168
758,0.356399501,0.196983968,0.561509167,0.328737783,0.357899868
759,0.280688865,0.147936455,0.535528129,0.300611671,0.255450177
760,0.177159944,0.105381647,0.469687027,0.228091865,0.169031284
761,0.163045599,0.101269939,0.4560597,0.189755999,0.167107346
762,0.163649059,0.101292312,0.449147575,0.182594796,0.167520646
763,0.168606314,0.100590133,0.470103926,0.18766202,0.168162623
764,0.170075235,0.100367564,0.448063146,0.205972006,0.168131315
765,0.171078745,0.100476587,0.454273107,0.22303217,0.168999016
766,0.171140412,0.101112802,0.453980737,0.245397386,0.168973814
767,0.169567438,0.101037014,0.455122195,0.231661094,0.169837689
768,0.166826513,0.101252037,0.45526822,0.228966647,0.170324513
769,0.166557228,0.101967874,0.459611783,0.218909984,0.170398614
770,0.16938176,0.101247184,0.459506378,0.208184288,0.170302293
771,0.175033205,0.101583414,0.458003889,0.201008535,0.171310869
772,0.179481814,0.105004584,0.452801904,0.203107516,0.173442388
773,0.173118858,0.104545904,0.445501791,0.201651071,0.172657714
774,0.174222451,0.105834112,0.445289261,0.201441198,0.172894229
775,0.173183248,0.100222446,0.429959398,0.184174919,0.175723555
776,0.174948235,0.101224712,0.431953149,0.186862471,0.173301503
777,0.177763085,0.103171144,0.427736262,0.185265047,0.178378926
778,0.183628564,0.106734118,0.440152351,0.189440718,0.180837144
779,0.208117252,0.116148509,0.453844604,0.196777614,0.185296512
780,0.287982705,0.13195626,0.485841851,0.238129888,0.26883825
781,0.338286848,0.154731162,0.510888995,0.286425154,0.333277385
782,0.351986897,0.163532097,0.515071625,0.330219117,0.312714279
783,0.246616823,0.136274135,0.485737187,0.314604956,0.25146784
784,0.169649992,0.105435786,0.444707576,0.22427889,0.180266592
785,0.169780244,0.102441566,0.451256365,0.205795017,0.175763783
786,0.169290881,0.102827433,0.450887369,0.203466757,0.178210529
787,0.168461497,0.102514667,0.447241006,0.203421614,0.178293934
788,0.164994509,0.102158857,0.449822201,0.19257503,0.178014345
789,0.161322913,0.102697147,0.441776143,0.19532651,0.177027241
790,0.159152788,0.104719831,0.437157133,0.194485258,0.178714578
791,0.161053005,0.106693061,0.433403957,0.195701075,0.180985054
792,0.164034586,0.107494743,0.433851596,0.195746031,0.183693453
793,0.168755062,0.110447755,0.443455598,0.202851922,0.183013976
794,0.168124463,0.112543426,0.44776707,0.215521863,0.182180434
795,0.176386426,0.120856027,0.457773193,0.242946361,0.183728998
796,0.173193317,0.123176771,0.452449955,0.24220876,0.182455959
797,0.176029019,0.138025522,0.45322877,0.244776955,0.185465326
798,0.177184836,0.152317581,0.457812091,0.254905053,0.187103709
799,0.195287648,0.212035215,0.485960444,0.279969785,0.201890677
800,0.20560609,0.211175075,0.49797508,0.275619632,0.221965994
801,0.210104106,0.21574422,0.478006868,0.292383935,0.229494952
802,0.21511497,0.182973203,0.464626457,0.288164916,0.249388745
803,0.217644018,0.157117969,0.464748571,0.288580045,0.252313564
804,0.210691222,0.149007797,0.472132438,0.295686986,0.267730461
805,0.209839689,0.147870807,0.476693192,0.287791149,0.290899267
806,0.201970142,0.141352216,0.477809428,0.291074954,0.293369502
807,0.19748848,0.130362199,0.472005638,0.277656622,0.303332807
808,0.199412619,0.12015779,0.457500476,0.246568656,0.282794393
809,0.197476919,0.111887708,0.448049212,0.214386449,0.291057683
810,0.179699318,0.108282109,0.451071311,0.20419671,0.275673496
811,0.173656411,0.106982952,0.455449733,0.211747742,0.264288055
812,0.174344731,0.107957473,0.463673133,0.206730379,0.246024352
813,0.169842986,0.108807951,0.455291109,0.210586199,0.283696673
814,0.162363152,0.107939993,0.442436658,0.2032883,0.293864613
815,0.158584203,0.109805006,0.439350474,0.210209179,0.309380112
816,0.15950574,0.110523755,0.436675574,0.1965667,0.303816674
817,0.165912474,0.110358558,0.438041843,0.196046171,0.299982457
818,0.168354682,0.110333869,0.43385934,0.206751274,0.27935423
819,0.167892748,0.109165959,0.431336903,0.211220085,0.233841229
820,0.16101929,0.107784866,0.432083686,0.20980706,0.225394879
821,0.159783282,0.107381737,0.432568483,0.210691889,0.225704792
822,0.160617856,0.105752346,0.439813856,0.207002572,0.213729596
823,0.160130548,0.104248174,0.444577957,0.200425123,0.228253553
824,0.160422051,0.10260217,0.43661166,0.196876225,0.236381305
825,0.159944594,0.101632475,0.434665226,0.191313982,0.234333111
826,0.162560632,0.102385999,0.450044636,0.192282731,0.236157944
827,0.162937452,0.104090411,0.454819184,0.191549066,0.239761091
828,0.160814785,0.105612898,0.458034724,0.19061813,0.263064469
829,0.162836499,0.106734714,0.445690529,0.194638228,0.249960863
830,0.170206136,0.10696719,0.442531327,0.189746437,0.227901487
831,0.168573209,0.105103993,0.444490511,0.184036835,0.206430003
832,0.16915459,0.105594188,0.442000108,0.184369988,0.190021775
833,0.17116093,0.105924038,0.438694714,0.186958558,0.18262561
834,0.17309967,0.108638198,0.44437413,0.189657872,0.173976964
835,0.177608838,0.118557766,0.468289491,0.193808579,0.184366971
836,0.181297582,0.117051438,0.487463938,0.1967439,0.17602908
837,0.178880079,0.119750465,0.477706452,0.206131627,0.170564365
838,0.17546388,0.126972071,0.476647106,0.210124177,0.169906635
839,0.18057052,0.135815623,0.477909394,0.220555677,0.169739396
840,0.183453691,0.139785371,0.482741886,0.227037711,0.168703207
841,0.177867477,0.136319813,0.491977205,0.222733213,0.16861434
842,0.182562749,0.131571266,0.477592846,0.219466636,0.168476765
843,0.185299466,0.127272991,0.473687445,0.225969137,0.168186728
844,0.181963382,0.122744011,0.471156382,0.223883128,0.168988688
845,0.185748573,0.120902282,0.479207197,0.226888922,0.168830808
846,0.187661354,0.119781784,0.50655299,0.222544758,0.169715936
847,0.186002176,0.115578036,0.525592414,0.224790168,0.16976844
848,0.177604946,0.111626973,0.527825886,0.213081248,0.16875741
849,0.173684793,0.112786277,0.50526237,0.218850957,0.169629807
850,0.174698351,0.11585215,0.497653597,0.234657967,0.19007492
851,0.179870112,0.124200321,0.508264673,0.250431724,0.221006394
852,0.179326623,0.131530728,0.532353528,0.254278938,0.229457657
853,0.179035095,0.1343142,0.527041279,0.264830061,0.227973567
854,0.176399694,0.132036926,0.515870557,0.238535472,0.214574608
855,0.172811411,0.125389355,0.508284778,0.227671224,0.193203938
856,0.164269396,0.110476084,0.485750616,0.215318662,0.167210008
857,0.165662476,0.108465208,0.476540709,0.211918375,0.166023996
858,0.169050324,0.108719647,0.463514649,0.221441115,0.165960646
859,0.175335589,0.111736447,0.48245804,0.239072681,0.165716271
860,0.178617504,0.111930725,0.491858179,0.231910392,0.165408137
861,0.170061118,0.111075764,0.489243535,0.227363043,0.16550255
862,0.167179777,0.106882717,0.466178817,0.219785526,0.165075718
863,0.167557136,0.106860132,0.459082167,0.228230284,0.164699969
864,0.166861643,0.108567094,0.463635662,0.227335926,0.164907404
865,0.167725503,0.108339526,0.467566538,0.233688246,0.164996595
866,0.170560061,0.107391726,0.457716442,0.228640457,0.165154769
867,0.172885999,0.104623106,0.44646966,0.216466819,0.165033899
868,0.180672738,0.102882554,0.442298044,0.217147004,0.165477954
869,0.192546009,0.101582506,0.443999036,0.207360091,0.165772944
870,0.206029886,0.102181652,0.444656103,0.214566988,0.165547104
871,0.21170382,0.103069065,0.447559595,0.231231361,0.166138923
872,0.218384142,0.10385868,0.45277436,0.240999522,0.16536377
873,0.200060263,0.104253399,0.445692486,0.234711694,0.166958683
874,0.182660323,0.106431262,0.44875405,0.215048368,0.19322167
875,0.189265779,0.109307682,0.479176026,0.207098009,0.20910351
876,0.201463938,0.116210956,0.483718898,0.201074083,0.218852659
877,0.215272922,0.125389202,0.489299998,0.202028735,0.21956317
878,0.249586526,0.12562623,0.501844568,0.208365869,0.212688126
879,0.208744441,0.120274531,0.482006647,0.205912483,0.201331973
880,0.175544733,0.108441483,0.45558924,0.204153743,0.183605009
881,0.17317253,0.106064156,0.458910142,0.209202389,0.188581286
882,0.172819479,0.106230979,0.461150941,0.214666498,0.194073002
883,0.181274971,0.107716744,0.477327769,0.217858487,0.196563506
884,0.176278477,0.112001847,0.480947601,0.236150864,0.199871001
885,0.176531347,0.115714447,0.478920877,0.254549551,0.204011387
886,0.175687024,0.116906749,0.495682551,0.249204226,0.206730959
887,0.1767691,0.119910245,0.541258598,0.249842373,0.211239617
888,0.181666384,0.11627813,0.528511325,0.235318248,0.220916233
889,0.186664488,0.114236023,0.510711088,0.228384037,0.224664688
890,0.184549423,0.113438021,0.479268365,0.231287837,0.237311556
891,0.182516015,0.118026609,0.476582119,0.25692092,0.245410161
892,0.192975367,0.118696434,0.468356023,0.262248499,0.261889535
893,0.197785675,0.120703064,0.469599786,0.273987551,0.277725562
894,0.204007234,0.121904535,0.471315203,0.265031832,0.286875242
895,0.20583063,0.119877326,0.475628495,0.289023746,0.307935958
896,0.196002493,0.12823033,0.481914698,0.314475413,0.332835906
897,0.177945359,0.148576822,0.466391946,0.3175195,0.351391099
898,0.175624378,0.174919765,0.483703197,0.336244104,0.374616053
899,0.183484727,0.176128315,0.501410548,0.338308451,0.384423059
900,0.207140965,0.175795487,0.510486911,0.313658801,0.401666496
901,0.220064808,0.172169609,0.508205427,0.279693233,0.409756349
902,0.219203767,0.185821937,0.515226756,0.27264984,0.43968597
903,0.206877508,0.184575046,0.487897333,0.260802128,0.479878302
904,0.181680141,0.165065884,0.46687537,0.255612695,0.548043912
905,0.175199755,0.14673272,0.455297016,0.236917556,0.510861898
906,0.170850978,0.137182648,0.454875077,0.23277778,0.472049
907,0.179977903,0.128739785,0.463838938,0.225939221,0.406564742
908,0.179246933,0.121235335,0.478078156,0.223810158,0.421836722
909,0.17600787,0.11784737,0.487936754,0.219561733,0.426264018
910,0.170836252,0.11342927,0.484155008,0.224963597,0.423844695
911,0.163442086,0.110384884,0.481275531,0.226927132,0.379961144
912,0.161949821,0.105308613,0.461908882,0.226976355,0.345921255
913,0.163045613,0.10384574,0.4534196,0.225474162,0.331543058
914,0.16520956,0.104278107,0.450553771,0.227763174,0.32381792
915,0.168610233,0.102164101,0.447404329,0.222841818,0.288481406
916,0.177380168,0.101254694,0.451650819,0.213787771,0.288344129
917,0.198092294,0.101867391,0.447979827,0.211961443,0.271534202
918,0.214523924,0.102248327,0.454352764,0.21161081,0.253546144
919,0.232543195,0.103279441,0.470841122,0.204277701,0.24538248
920,0.220458982,0.103568942,0.480173329,0.208719291,0.250986319
921,0.192161476,0.103792255,0.479970867,0.205116512,0.259289102
922,0.192447563,0.105673468,0.494111139,0.225453388,0.323677039
923,0.22949968,0.11258585,0.512331377,0.262323345,0.393676396
924,0.277063163,0.126626163,0.547646396,0.275358658,0.415522694
925,0.296613604,0.136303616,0.546517564,0.264604449,0.412093857
926,0.288439311,0.158830515,0.538135899,0.264932433,0.383305602
927,0.243256082,0.15695285,0.516568435,0.260005497,0.306856657
928,0.184129445,0.163815456,0.477874884,0.26202556,0.231278273
929,0.167499912,0.162219247,0.488723636,0.251161061,0.210219547
930,0.167615402,0.173152283,0.495490023,0.252800382,0.197045473
931,0.174712991,0.166203759,0.515298564,0.279984733,0.205302579
932,0.17074992,0.170114534,0.514943917,0.294153667,0.190762936
933,0.16919482,0.152032325,0.514248447,0.275193895,0.194013524
934,0.175554248,0.149175234,0.499259181,0.272191728,0.194498559
935,0.170675992,0.137840419,0.489200591,0.258754894,0.191645571
936,0.172578226,0.124918552,0.495729073,0.257198727,0.188838686
937,0.170332239,0.118408738,0.490949888,0.256617331,0.188760348
938,0.17582799,0.119159257,0.489366932,0.25471424,0.188421333
939,0.182668262,0.124052639,0.490838479,0.268605957,0.195688845
940,0.194307789,0.128183955,0.500302596,0.292089744,0.187312584
941,0.213359977,0.123981979,0.507867018,0.283481507,0.193164841
942,0.227775169,0.136968104,0.507846498,0.284874995,0.194875002
943,0.227231954,0.148199835,0.500455081,0.266225277,0.197380777
944,0.217164146,0.174855899,0.502718546,0.283626227,0.199365479
945,0.198180536,0.180744331,0.529883696,0.29174911,0.190523422
946,0.206481105,0.17709116,0.516801918,0.307528439,0.21052927
947,0.232147105,0.185198867,0.524655301,0.331990525,0.260521034
948,0.234999146,0.198643807,0.531750561,0.344169235,0.294071805
949,0.252730659,0.189243026,0.53046511,0.355711668,0.356111657
950,0.25896964,0.184852368,0.538323505,0.377738686,0.398224916
951,0.248794849,0.189657189,0.53813149,0.383766805,0.427899476
952,0.215928341,0.234407782,0.548108932,0.407018514,0.458313465
953,0.203817394,0.262967688,0.570729875,0.434017901,0.484324635
954,0.229768345,0.283340829,0.548929497,0.451665027,0.558406613
955,0.23574572,0.256249272,0.533609649,0.377045751,0.546466867
956,0.242194596,0.214774574,0.515111597,0.336100021,0.590636486
957,0.251127869,0.172378282,0.513773386,0.290721401,0.580231792
958,0.237512893,0.134495081,0.506955942,0.262588537,0.498794928
959,0.229207284,0.131578238,0.50811735,0.235510428,0.45295169
960,0.244396771,0.121109273,0.486492328,0.235446346,0.421532057
961,0.240279803,0.113990868,0.471420444,0.23131521,0.395620654
962,0.234632316,0.108933159,0.476138575,0.224373558,0.412199044
963,0.228859475,0.107225424,0.468674901,0.221150832,0.388566575
964,0.222676354,0.106180302,0.465989227,0.224505732,0.36131654
965,0.219960758,0.105411349,0.463834283,0.224042982,0.347425979
966,0.225103933,0.106761192,0.471585178,0.222608318,0.349662813
967,0.213246627,0.106621375,0.476872626,0.219208885,0.361222235
968,0.205635811,0.10834165,0.477879114,0.222452116,0.32480481
969,0.188301513,0.109542139,0.480239025,0.222256686,0.313588125
970,0.1719546,0.109759722,0.474726458,0.225172612,0.307202162
971,0.168912145,0.111604532,0.46766408,0.236919062,0.312776398
972,0.174030267,0.114260639,0.475169904,0.244804914,0.30618243
973,0.175948157,0.115717235,0.477871714,0.248593018,0.312562006
974,0.17896498,0.113530863,0.474626177,0.247165744,0.27475107
975,0.181649888,0.110917124,0.46792658,0.247617266,0.223538875
976,0.198223108,0.109329069,0.464329633,0.24454253,0.18707232
977,0.211138814,0.106095724,0.460796781,0.25093502,0.173231246
978,0.190413063,0.106501021,0.474887651,0.253941215,0.169812646
979,0.192319556,0.107166288,0.483416997,0.247596626,0.165948631
980,0.182633545,0.109717364,0.490366851,0.242653119,0.165545077
981,0.171040256,0.106859358,0.473091122,0.228307658,0.167682443
982,0.169885198,0.105780341,0.465356669,0.218494884,0.168985305
983,0.178769871,0.105819613,0.465228744,0.214348233,0.169039679
984,0.174265418,0.106762835,0.469676323,0.213256132,0.170308084
985,0.176104534,0.108285344,0.474034136,0.217195917,0.183409055
986,0.18710402,0.108472243,0.476379719,0.228466803,0.218057741
987,0.184900799,0.106948176,0.478613705,0.236030047,0.253382124
988,0.181924506,0.106443118,0.484333329,0.241067144,0.262630451
989,0.183738248,0.1055975,0.488596977,0.241032438,0.274749795
990,0.188889584,0.105355255,0.487740468,0.240250662,0.28107756
991,0.192377137,0.106799415,0.495710704,0.236821614,0.259413827
992,0.196624259,0.111021588,0.489373078,0.255617209,0.239508545
993,0.181218287,0.112446758,0.486281895,0.286908678,0.243924026
994,0.183174446,0.114781103,0.486689748,0.289790333,0.255591939
995,0.192871985,0.116695721,0.487190079,0.299585565,0.294190777
996,0.198657169,0.117937931,0.497681271,0.2980284,0.296666116
997,0.188278825,0.114449125,0.49666413,0.273003275,0.283167037
998,0.177992434,0.11021452,0.495382452,0.266230391,0.268788107
999,0.172765243,0.10769951,0.490807542,0.262184443,0.23026522
1000,0.17492125,0.106926514,0.496761992,0.265952995,0.20024079
1001,0.175945486,0.106450065,0.491911361,0.255678749,0.197128532
1002,0.175610107,0.107832553,0.493230287,0.247876354,0.176450452
1003,0.178386292,0.109806164,0.492647071,0.232797385,0.175474448
1004,0.180386977,0.110199938,0.494808417,0.227824541,0.171694027
1005,0.17983664,0.10958033,0.490634397,0.221011468,0.170641988
1006,0.180229708,0.108176238,0.485794666,0.216213955,0.171685306
1007,0.178601496,0.109853308,0.481525448,0.211296056,0.180918195
1008,0.176383046,0.111310142,0.477716019,0.210980626,0.18274789
1009,0.177420131,0.110617572,0.477821746,0.212563028,0.184955815
1010,0.174682018,0.109721172,0.479821888,0.232684719,0.185804331
1011,0.174647568,0.108747844,0.477613543,0.23419127,0.211962369
1012,0.173757019,0.110073183,0.47908077,0.232815464,0.233340246
1013,0.176021226,0.10928281,0.474422814,0.242248965,0.229898557
1014,0.176791587,0.111429125,0.476054681,0.246327673,0.248133397
1015,0.175086858,0.110132674,0.471511192,0.253452002,0.249006361
1016,0.172466492,0.109982983,0.47424106,0.264133672,0.256688138
1017,0.167113615,0.109240374,0.470429233,0.269216564,0.279474608
1018,0.16102514,0.109428192,0.464723917,0.273048571,0.295458624
1019,0.162130874,0.113227552,0.46831521,0.269765177,0.30266695
1020,0.165627838,0.114757591,0.471168916,0.274967716,0.306068975
1021,0.171649136,0.115192264,0.468743662,0.272666029,0.314113853
1022,0.168265188,0.11749867,0.464445553,0.283766271,0.313878255
1023,0.165500456,0.115066572,0.458223321,0.314479876,0.323042979
1024,0.163753401,0.112924767,0.456031386,0.282691111,0.33162631
1025,0.167704363,0.114659672,0.457726919,0.267133632,0.280524936
1026,0.177932093,0.11443134,0.461206794,0.280674768,0.314263699
1027,0.183575343,0.114244955,0.462138712,0.309670274,0.32461755
1028,0.188296016,0.113805635,0.464366582,0.306830999,0.341284479
1029,0.200070925,0.116311168,0.466604753,0.282145217,0.349421386
1030,0.20218798,0.117156608,0.466888356,0.287869783,0.340670541
1031,0.199254563,0.122970591,0.461119285,0.290893701,0.340042317
1032,0.199515754,0.116365382,0.460094277,0.32108708,0.334321442
1033,0.202487351,0.116436178,0.458348712,0.320361465,0.330794009
1034,0.205382551,0.11451075,0.457276596,0.311718629,0.329631053
1035,0.20622345,0.114457138,0.455356572,0.313843309,0.327950482
1036,0.208535615,0.112309738,0.458227331,0.291035838,0.324551506
1037,0.214019581,0.109888339,0.461541484,0.280095741,0.31763482
1038,0.215041514,0.108149449,0.473536607,0.281443597,0.319906902
1039,0.207962939,0.107007739,0.478282722,0.268841781,0.28766022
1040,0.197963246,0.111001218,0.478251259,0.274452412,0.26495103
1041,0.183006028,0.117583445,0.47238107,0.276959424,0.299656767
1042,0.170245234,0.116580901,0.470301211,0.260575632,0.316032043
1043,0.176542762,0.119420803,0.481725984,0.272856543,0.33227374
1044,0.190122586,0.124247689,0.49459206,0.270302468,0.344856736
1045,0.197059308,0.130660093,0.506053364,0.285024715,0.337865106
1046,0.198379479,0.145835595,0.51740225,0.290569341,0.311786631
1047,0.185697408,0.164100596,0.517431087,0.303236691,0.273411412
1048,0.159921126,0.146834448,0.516660736,0.288555683,0.250055852
1049,0.158148614,0.14317818,0.513907639,0.283465784,0.219614092
1050,0.156167802,0.14899995,0.510822142,0.282119125,0.227870295
1051,0.159007046,0.170242982,0.524846666,0.287264039,0.298610186
1052,0.158767771,0.161846156,0.535436124,0.287266192,0.312027912
1053,0.156788484,0.144714409,0.533737055,0.278399776,0.304070989
1054,0.156852139,0.135787127,0.534880581,0.280853338,0.309443476
1055,0.15664864,0.12747128,0.532560665,0.271986612,0.295478459
1056,0.156928223,0.125263396,0.52654352,0.293432732,0.271046451
1057,0.15657382,0.121063733,0.517221473,0.314852464,0.252100162
1058,0.158829382,0.114788393,0.51137948,0.311332307,0.255587219
1059,0.159521724,0.112251546,0.510351125,0.318435677,0.262713676
1060,0.161217938,0.11227473,0.506055531,0.30396965,0.256225245
1061,0.164782897,0.115058145,0.497795269,0.295604392,0.26534871
1062,0.176163182,0.119681254,0.499112473,0.283106643,0.292151983
1063,0.179220302,0.157162397,0.493243354,0.315923458,0.300538258
1064,0.180085292,0.153254431,0.49446618,0.31157892,0.346216428
1065,0.168354236,0.158337271,0.494663098,0.324998981,0.372855935
1066,0.169066154,0.153072873,0.49870887,0.326303998,0.378133243
1067,0.18492791,0.147936416,0.511771001,0.340268835,0.393114599
1068,0.198344963,0.144273195,0.51115802,0.325723701,0.413567139
1069,0.209516533,0.148128956,0.50811192,0.302000539,0.418180711
1070,0.206767214,0.156021246,0.499391638,0.302698889,0.421353711
1071,0.20318376,0.146244033,0.495989472,0.298626914,0.399949318
1072,0.196060529,0.132310832,0.485589163,0.278057926,0.373942012
1073,0.186285593,0.119049239,0.485103878,0.284145849,0.348528163
1074,0.178307818,0.114452817,0.486447001,0.278187262,0.345313976
1075,0.181533066,0.114822899,0.50194516,0.284417688,0.325960257
1076,0.180562667,0.112959194,0.506511794,0.277803063,0.330187323
1077,0.172544077,0.110567123,0.497879532,0.273621356,0.328077447
1078,0.169878294,0.108336619,0.48846719,0.280638035,0.332141683
1079,0.167800402,0.109033159,0.485574712,0.287935071,0.330410314
1080,0.166187989,0.110126599,0.483593675,0.271594574,0.330570896
1081,0.164491844,0.111345654,0.478651858,0.250585319,0.330515201
1082,0.164752446,0.113427622,0.479080502,0.240978471,0.333273719
1083,0.166710654,0.11263547,0.487405896,0.236217056,0.332933836
1084,0.174357589,0.113363055,0.49095957,0.235492414,0.332456167
1085,0.185326882,0.113493164,0.490827851,0.237206434,0.333860444
1086,0.192559492,0.114883716,0.493889615,0.259675119,0.327008334
1087,0.196164673,0.111721999,0.491047862,0.262520577,0.319942107
1088,0.196417127,0.112728713,0.49367485,0.235704378,0.322359563
1089,0.193388828,0.114691035,0.496582247,0.227851582,0.323112636
1090,0.197386874,0.117589138,0.506739699,0.224409132,0.33771313
1091,0.198594412,0.12023968,0.513627899,0.237957146,0.353682538
1092,0.203159231,0.126080161,0.513384063,0.24259111,0.358633765
1093,0.207657009,0.128422042,0.516306006,0.250383212,0.360932604
1094,0.203289042,0.128747281,0.508754293,0.246915697,0.358689222
1095,0.195849597,0.128282961,0.505883806,0.263162072,0.344064664
1096,0.189170209,0.125173841,0.50472612,0.262685646,0.329651248
1097,0.185028565,0.121149369,0.498175518,0.265252447,0.312122393
1098,0.187343015,0.119481965,0.5009161,0.253532658,0.252304626
1099,0.189428993,0.119647164,0.496876327,0.248270842,0.262329615
1100,0.186170013,0.117982381,0.489639942,0.243238151,0.266623208
1101,0.182183365,0.114004153,0.487318821,0.243767445,0.263755817
1102,0.182244755,0.110825722,0.481785492,0.244349012,0.25365409
1103,0.183245585,0.109889924,0.478512544,0.249130474,0.252801594
1104,0.184410848,0.109393229,0.475557399,0.240889222,0.252533276
1105,0.182180743,0.109217757,0.473395865,0.246396303,0.26423074
1106,0.181994359,0.109172228,0.472469589,0.244394244,0.279424444
1107,0.186124317,0.109224188,0.471967129,0.241658401,0.321176718
1108,0.187710572,0.108503607,0.471384014,0.245040985,0.335602901
1109,0.183563367,0.108320879,0.472746323,0.248891677,0.331105094
1110,0.179488524,0.108573646,0.474298824,0.252080912,0.263880554
1111,0.17405711,0.108496266,0.475461889,0.25468869,0.334690226
1112,0.172099745,0.110408752,0.477212386,0.258151157,0.373750008
1113,0.176163608,0.11319922,0.470899968,0.268049322,0.384674543
1114,0.181371841,0.114054509,0.469182401,0.289812648,0.415070523
1115,0.18169512,0.114156618,0.473540251,0.299788725,0.417295935
1116,0.184698539,0.115833707,0.474909741,0.308702999,0.390820421
1117,0.180932453,0.114660984,0.475985513,0.302027135,0.373833664
1118,0.175848013,0.116456132,0.47554117,0.290872736,0.399336932
1119,0.172595176,0.120929771,0.478595821,0.276490286,0.381398868
1120,0.169953874,0.119747662,0.477677415,0.272737548,0.324062416
1121,0.172943849,0.119379162,0.48266534,0.276325107,0.279659539
1122,0.181171494,0.120084849,0.491117363,0.26395555,0.287812427
1123,0.181523716,0.121141412,0.498004253,0.270193364,0.274170938
1124,0.181169213,0.125520098,0.499762806,0.275620034,0.295791405
1125,0.176348421,0.125098126,0.492398935,0.279685301,0.313820425
1126,0.172848027,0.12260604,0.483661512,0.282011486,0.317947524
1127,0.170490156,0.117955149,0.478480956,0.28207287,0.355365824
1128,0.171043932,0.119214192,0.477673597,0.269895468,0.385689845
1129,0.173000153,0.120010501,0.474601722,0.266659998,0.373670883
1130,0.177912294,0.122341645,0.479769633,0.26278017,0.38109027
1131,0.183174838,0.123536978,0.479736158,0.256479574,0.394990119
1132,0.182663196,0.125156782,0.478880538,0.246041008,0.414283086
1133,0.183007988,0.126109894,0.491047559,0.241010332,0.388993208
1134,0.18546789,0.124959685,0.488052333,0.237749002,0.339127294
1135,0.188810769,0.123836947,0.490777371,0.236076898,0.319201211
1136,0.189258138,0.122210574,0.484685508,0.243695842,0.319935615
1137,0.181431679,0.122211411,0.486460144,0.244298958,0.34280672
1138,0.179123195,0.123823318,0.47718338,0.252585368,0.340048971
1139,0.17858524,0.126438331,0.479571526,0.274748565,0.341903626
1140,0.19172376,0.128337145,0.491514643,0.293781376,0.36295402
1141,0.19258499,0.127325421,0.498542278,0.291626601,0.333522878
1142,0.2041566,0.12757067,0.500763331,0.281351421,0.31887352
1143,0.207821823,0.126957348,0.500138652,0.28411598,0.296799801
1144,0.195110027,0.124992306,0.492660988,0.267091502,0.262604962
1145,0.186317544,0.125057997,0.485644137,0.252185831,0.237603028
1146,0.192061102,0.127558502,0.483221602,0.250143032,0.230539103
1147,0.198416753,0.127344196,0.483232348,0.256800899,0.22624983
1148,0.205208735,0.126420589,0.485316138,0.256583649,0.225552035
1149,0.2094385,0.122747648,0.484121393,0.266005634,0.230744269
1150,0.198731381,0.118302697,0.478424839,0.289020959,0.227821282
1151,0.194478457,0.11597593,0.475038787,0.287855845,0.218505052
1152,0.19259229,0.115445328,0.472308416,0.266410139,0.221655011
1153,0.187059978,0.115829278,0.480240569,0.257866875,0.227967574
1154,0.186863485,0.115741662,0.472413261,0.259529434,0.222849359
1155,0.195883855,0.115147634,0.479887409,0.267108837,0.234221748
1156,0.190756737,0.113581392,0.478091413,0.291499215,0.23928327
1157,0.204469057,0.113901844,0.484675083,0.297179554,0.276563805
1158,0.199101955,0.115684781,0.491235017,0.289498417,0.297470573
1159,0.202372472,0.118824653,0.489933335,0.287253475,0.248258599
1160,0.201775565,0.118475236,0.485845986,0.284217077,0.269103499
1161,0.213744141,0.116062071,0.484075764,0.286025407,0.284607738
1162,0.216794854,0.117328247,0.491133593,0.28173,0.308226657
1163,0.231699953,0.121467693,0.509021439,0.281395711,0.323662531
1164,0.246687747,0.120471674,0.513489298,0.285271165,0.330496281
1165,0.253639221,0.122483663,0.519463035,0.274174769,0.339943252
1166,0.256076263,0.122449587,0.505105966,0.272959806,0.355883722
1167,0.244268155,0.12771937,0.494381846,0.27073592,0.306252086
1168,0.19381498,0.128249329,0.478704489,0.275460938,0.252982526
1169,0.194283986,0.126035073,0.475850816,0.276127664,0.228995764
1170,0.204723434,0.126337932,0.473789629,0.257341054,0.226989922
1171,0.187223161,0.123099161,0.476025111,0.246394631,0.210111336
1172,0.180986394,0.122405572,0.479011351,0.246285773,0.207286434
1173,0.180082893,0.119316571,0.47803697,0.251524207,0.208442352
1174,0.180424076,0.115754223,0.47645632,0.257459392,0.212036544
1175,0.17862108,0.115271997,0.474158622,0.261709949,0.214519877
1176,0.179242069,0.115461877,0.475463639,0.264847562,0.210299463
1177,0.177297948,0.116113603,0.476421603,0.272213214,0.20536229
1178,0.179054692,0.117010941,0.481782446,0.267159568,0.203724386
1179,0.184970547,0.116240151,0.484511881,0.280431519,0.204411764
1180,0.179564839,0.115187254,0.484218681,0.291139662,0.203083748
1181,0.186451733,0.113001991,0.488528268,0.294140899,0.203488694
1182,0.196160259,0.111593162,0.493000039,0.287109305,0.20394159
1183,0.191295341,0.110685971,0.499827243,0.288736066,0.212405709
1184,0.190662894,0.111130234,0.498658636,0.287866558,0.235515763
1185,0.191975708,0.111426554,0.491411214,0.278949594,0.251947884
1186,0.194167744,0.11337056,0.485500132,0.286545841,0.269791653
1187,0.201263084,0.117169091,0.488925879,0.278662548,0.275339516
1188,0.198597359,0.120211608,0.500003362,0.279569049,0.286810957
1189,0.197065529,0.122295071,0.500371234,0.295083544,0.302870802
1190,0.193438772,0.122008785,0.497976603,0.298911453,0.295418776
1191,0.187133177,0.119089509,0.495170549,0.292756543,0.292374023
1192,0.178908889,0.114507446,0.488294314,0.276669714,0.263867896
1193,0.175673134,0.113903944,0.486833512,0.264877521,0.229749584
1194,0.17059008,0.114722447,0.490186047,0.261294624,0.237654923
1195,0.172472474,0.116470702,0.497186589,0.274485256,0.2661447
1196,0.167253265,0.115726037,0.499808908,0.281894482,0.266057312
1197,0.165891077,0.114380523,0.491515526,0.275738545,0.259891645
1198,0.162360512,0.112165813,0.483965036,0.271594991,0.286849386
1199,0.159793367,0.113012942,0.479256777,0.267058453,0.27245522
1200,0.160879747,0.11589945,0.477223832,0.255393099,0.26247545
1201,0.167405634,0.113654726,0.476776518,0.255487659,0.272122648
1202,0.16948147,0.117348896,0.478036937,0.266600162,0.257596894
1203,0.17115623,0.118908134,0.480584215,0.267736142,0.262510224
1204,0.170754325,0.116766084,0.48628631,0.26799226,0.261760136
1205,0.177124778,0.116706257,0.487702454,0.262773747,0.256213659
1206,0.191552774,0.120041848,0.494549,0.262869558,0.228108807
1207,0.192604592,0.125913398,0.495746675,0.262057023,0.235398436
1208,0.187587182,0.123917704,0.497631384,0.273425273,0.229138869
1209,0.182132892,0.122147208,0.495899831,0.278154569,0.261357887
1210,0.179353606,0.123848788,0.493630713,0.276705039,0.297943176
1211,0.179650529,0.122013571,0.491523764,0.280500347,0.311394008
1212,0.17830001,0.122812999,0.493283373,0.281782705,0.322162894
1213,0.180494188,0.126626149,0.497214102,0.285561345,0.313535792
1214,0.18500123,0.134234201,0.505138602,0.290110915,0.298123684
1215,0.177697466,0.1442549,0.518942932,0.28584152,0.268420784
1216,0.172707242,0.152803466,0.530708489,0.277759725,0.233715173
1217,0.167200293,0.157544531,0.541991386,0.280301746,0.214107195
1218,0.17649166,0.160703841,0.554773198,0.285759881,0.211626333
1219,0.177553781,0.141518797,0.574826331,0.299853163,0.213302231
1220,0.184734785,0.147269044,0.583665902,0.305313878,0.212462693
1221,0.187223307,0.14681001,0.599988941,0.299366775,0.213989307
1222,0.193214995,0.14124563,0.609501788,0.291390214,0.213745009
1223,0.198430986,0.136697326,0.620783097,0.306901548,0.21264682
1224,0.203408639,0.135292022,0.654392227,0.295011979,0.214073524
1225,0.217882538,0.136778086,0.66192011,0.292256123,0.215523299
1226,0.235294567,0.136462855,0.632290358,0.277869588,0.215662757
1227,0.267187479,0.136341215,0.609225646,0.261039015,0.216204794
1228,0.288138705,0.135614357,0.593096287,0.263851441,0.216866421
1229,0.306176612,0.133737864,0.578928534,0.263528156,0.218322778
1230,0.318884416,0.132549206,0.574868972,0.265892539,0.22014043
1231,0.280128322,0.135011956,0.57315389,0.26571078,0.221174783
1232,0.330681718,0.140620698,0.580023356,0.263785954,0.222952218
1233,0.357202953,0.151486386,0.591916017,0.272608924,0.238817012
1234,0.363734642,0.167398988,0.583291879,0.291266407,0.30490452
1235,0.37892839,0.1777728,0.590062698,0.303461576,0.348039465
1236,0.382189787,0.189829139,0.595658701,0.311891283,0.382436498
1237,0.38286647,0.193476697,0.591216968,0.319284971,0.389252228
1238,0.37878768,0.189644214,0.58846686,0.326442903,0.393082707
1239,0.326319743,0.179068515,0.572916133,0.320448955,0.371829027
1240,0.246754158,0.143124996,0.54400933,0.30075759,0.271512643
1241,0.176801988,0.125171312,0.496136354,0.317975924,0.2179438
1242,0.167373728,0.124002909,0.49645354,0.333221606,0.217216962
1243,0.171412673,0.125457063,0.502584802,0.336037816,0.219683578
1244,0.17422012,0.124726704,0.502866789,0.301508112,0.219671413
1245,0.173523526,0.121001982,0.500172221,0.298170876,0.220592807
1246,0.165379941,0.118898603,0.496053035,0.301295311,0.224041574
1247,0.164577033,0.117755623,0.49089369,0.299593132,0.225384828
1248,0.17037282,0.119507996,0.498757481,0.298951678,0.224733117
1249,0.179520625,0.12167378,0.521937146,0.322209772,0.226405062
1250,0.183852972,0.124024025,0.522049522,0.318343774,0.223459439
1251,0.185857915,0.120813618,0.505985579,0.29929927,0.221765451
1252,0.17796345,0.120249649,0.509814684,0.288412246,0.223873347
1253,0.175945403,0.116864923,0.505498509,0.279978489,0.223009093
1254,0.171615945,0.115200181,0.502095972,0.274582859,0.219363475
1255,0.171212765,0.11451766,0.499068451,0.272246293,0.220496446
1256,0.176410823,0.113947234,0.495506023,0.270298881,0.227125852
1257,0.194279908,0.119928974,0.514973306,0.284554954,0.247792994
1258,0.233771186,0.139772932,0.578299811,0.313657889,0.291048676
1259,0.33613074,0.160249492,0.601755468,0.342665443,0.337352458
1260,0.414314587,0.170251908,0.607127547,0.354622481,0.37551809
1261,0.439959005,0.187820236,0.607352276,0.348010301,0.378661006
1262,0.451985021,0.18177012,0.58258728,0.320787848,0.377472772
1263,0.398177746,0.170020195,0.588496424,0.359795993,0.363612999
1264,0.249295436,0.141170609,0.547894023,0.351693077,0.301240156
1265,0.178790911,0.123222032,0.519392532,0.347184414,0.254681469
1266,0.169732726,0.126381235,0.519635986,0.363893073,0.253851792
1267,0.162595978,0.1643013,0.521514443,0.396583511,0.281935575
1268,0.163787951,0.19145722,0.527021008,0.416241718,0.296162704
1269,0.167495156,0.186369167,0.528804211,0.427056366,0.345401474
1270,0.179522367,0.173859786,0.535287984,0.398735347,0.415655114
1271,0.180850677,0.156200477,0.549852251,0.344541173,0.393999377
1272,0.198150332,0.158002154,0.560473325,0.341344586,0.391044462
1273,0.205222038,0.157566531,0.59449792,0.327285323,0.397036649
1274,0.203419574,0.146726659,0.579759124,0.297722286,0.374466794
1275,0.197995895,0.137944132,0.547559317,0.27813965,0.372816662
1276,0.199464952,0.126697424,0.542846635,0.273343428,0.305930299
1277,0.204100209,0.120596384,0.531942462,0.279466817,0.292140231
1278,0.1987616,0.128800711,0.525298523,0.294350551,0.275223787
1279,0.193392509,0.12892154,0.528037124,0.301641902,0.259470505
1280,0.210015411,0.145287084,0.541820622,0.330833656,0.27544887
1281,0.281715337,0.154636219,0.576284993,0.373992371,0.307592742
1282,0.324473427,0.170418677,0.606816651,0.356253234,0.374554638
1283,0.360624891,0.196494072,0.612252324,0.351983316,0.47251411
1284,0.366739871,0.216427116,0.609749314,0.38701493,0.533253797
1285,0.373589131,0.22978241,0.607624961,0.387046044,0.505250854
1286,0.375601174,0.235250714,0.603546911,0.390881589,0.483592444
1287,0.34357325,0.232907567,0.599512996,0.388624688,0.423161811
1288,0.285490937,0.226860183,0.59226386,0.35559726,0.301309893
1289,0.249711745,0.223815831,0.585064479,0.330920669,0.242221892
1290,0.228296903,0.194381905,0.568389128,0.348244806,0.241404915
1291,0.247745345,0.155967002,0.521241487,0.353946084,0.241792089
1292,0.204423323,0.136298418,0.537190494,0.347498151,0.245127744
1293,0.195315789,0.127681518,0.524435337,0.332763669,0.254411903
1294,0.188171375,0.124814445,0.524503426,0.311515288,0.271157251
1295,0.180138825,0.119423567,0.511133149,0.28398868,0.286358651
1296,0.175770642,0.115314643,0.525956384,0.268830148,0.280400711
1297,0.178347819,0.116395671,0.538676084,0.269288898,0.270841893
1298,0.172810923,0.122107617,0.5407746,0.288472093,0.249459681
1299,0.167637725,0.124784375,0.534428921,0.292664503,0.246275594
1300,0.169481228,0.118568128,0.51781642,0.271592435,0.234550047
1301,0.172485901,0.115969957,0.511647174,0.259550608,0.230573563
1302,0.171677792,0.114114947,0.505851779,0.248748234,0.231974992
1303,0.169460888,0.11564319,0.515893837,0.252810598,0.238074425
1304,0.169126772,0.116907003,0.521631786,0.25960852,0.238173044
1305,0.176941435,0.121738965,0.532163657,0.273511343,0.237948076
1306,0.184143992,0.127366707,0.534780674,0.280086996,0.244044205
1307,0.197483899,0.125796293,0.529042624,0.272495962,0.249517353
1308,0.188776647,0.123527277,0.524356901,0.268764158,0.248716408
1309,0.19460084,0.121802241,0.517313035,0.286557519,0.249496125
1310,0.190790327,0.125286408,0.52107903,0.307635048,0.246322817
1311,0.176753743,0.133936585,0.531308218,0.344306626,0.250920449
1312,0.169394502,0.135554937,0.530552083,0.330396291,0.242058753
1313,0.164508622,0.132624062,0.510486299,0.287615991,0.237622518
1314,0.16775557,0.128135955,0.506506333,0.272707071,0.235144903
1315,0.165283122,0.134936114,0.508911857,0.287848661,0.234643054
1316,0.162420761,0.136886534,0.507401959,0.285968276,0.23589031
1317,0.162331701,0.135278638,0.507218887,0.280890716,0.237010598
1318,0.163461018,0.129410642,0.512092442,0.296614905,0.238040395
1319,0.166747297,0.130975328,0.52936007,0.295221691,0.236384638
1320,0.172851752,0.142377754,0.564975902,0.305534662,0.236683605
1321,0.171918008,0.154301303,0.56482506,0.32049466,0.23951921
1322,0.170294568,0.159900818,0.554086159,0.342188579,0.243285791
1323,0.168498131,0.163030035,0.537311188,0.344070362,0.24492596
1324,0.167918212,0.161319756,0.532780582,0.343323753,0.247215433
1325,0.169290828,0.164650235,0.537322552,0.35378235,0.247760482
1326,0.173834051,0.167824315,0.529779729,0.354180109,0.243678427
1327,0.174442494,0.156816943,0.522520073,0.324548989,0.253332246
1328,0.172981287,0.152003126,0.52274754,0.320237182,0.249157971
1329,0.171233571,0.153556736,0.532179994,0.341885527,0.23860883
1330,0.167705303,0.15040959,0.536050207,0.356707093,0.25034184
1331,0.176941879,0.154437411,0.555609013,0.395932838,0.276535891
1332,0.180028881,0.151195847,0.573015478,0.404030994,0.294396538
1333,0.189676022,0.153118694,0.583220598,0.406002798,0.324355454
1334,0.190782367,0.139289691,0.570330554,0.363407161,0.30761225
1335,0.187099205,0.141819733,0.566344253,0.363350621,0.322612011
1336,0.188077835,0.142276273,0.562043345,0.367611005,0.306139228
1337,0.181453216,0.140254349,0.555952098,0.366570178,0.271886727
1338,0.186089014,0.142972786,0.566178354,0.35692658,0.288395384
1339,0.190121516,0.139867538,0.569185934,0.33897089,0.243512335
1340,0.195209637,0.140316168,0.574981645,0.366974838,0.252644506
1341,0.192140946,0.136255461,0.564692565,0.357809538,0.258618734
1342,0.193022599,0.129833784,0.554835443,0.34712455,0.276975554
1343,0.184289819,0.126966792,0.576871959,0.311816948,0.277101222
1344,0.181329717,0.128252516,0.550533479,0.314748197,0.273426803
1345,0.175177845,0.12696058,0.544629458,0.309824637,0.274866683
1346,0.173110911,0.128437448,0.549249912,0.320539793,0.275104635
1347,0.171793256,0.126184898,0.537490578,0.320048452,0.260581137
1348,0.17619826,0.124133268,0.540186868,0.31209269,0.250289418
1349,0.183092076,0.121262259,0.549400647,0.299851822,0.251038464
1350,0.185448863,0.118635155,0.549040193,0.288698662,0.25121223
1351,0.185428916,0.119445446,0.550953444,0.278787776,0.264652564
1352,0.181783903,0.12204828,0.542376271,0.270903065,0.2688736
1353,0.187027463,0.121650131,0.541998526,0.271089565,0.274450743
1354,0.189407833,0.12057497,0.552339695,0.287005611,0.285702717
1355,0.187749503,0.12632022,0.546064773,0.289245479,0.313160033
1356,0.188816615,0.131445354,0.554466781,0.287200917,0.320702615
1357,0.187472541,0.130544071,0.560830152,0.292306708,0.342900053
1358,0.178708119,0.125728072,0.545640425,0.29128823,0.345434893
1359,0.171363824,0.127246749,0.534943008,0.290761157,0.363649547
1360,0.164675963,0.134901859,0.519905144,0.296781938,0.325471618
1361,0.163675842,0.140516298,0.516510878,0.299181294,0.284169815
1362,0.166855419,0.133770057,0.518174206,0.296305673,0.267847874
1363,0.169339465,0.13337001,0.529765985,0.305147294,0.273093592
1364,0.169322566,0.131782264,0.529183469,0.301501326,0.266522537
1365,0.168851591,0.131017741,0.522098506,0.288457468,0.259516852
1366,0.167865009,0.125644488,0.523972773,0.29352788,0.261580014
1367,0.168389589,0.121268993,0.532598957,0.286546935,0.269761654
1368,0.167597254,0.120696981,0.525322077,0.290502998,0.288150737
1369,0.171651503,0.123503564,0.535885258,0.308664365,0.268818228
1370,0.175456213,0.121514985,0.536664117,0.322971556,0.264969832
1371,0.177625154,0.122316826,0.536629111,0.328966818,0.266861307
1372,0.18129661,0.122674265,0.541927917,0.315837154,0.268759043
1373,0.179423025,0.120275402,0.542871937,0.304840091,0.268922841
1374,0.181842816,0.117211952,0.560582618,0.297848049,0.268673762
1375,0.186314314,0.121810639,0.578106321,0.3098839,0.269937354
1376,0.194621477,0.124825412,0.604718191,0.321469335,0.275467573
1377,0.201874145,0.124568233,0.620852252,0.319050813,0.296971318
1378,0.213321486,0.126304297,0.636412983,0.32511722,0.323300585
1379,0.224883977,0.130318311,0.64512988,0.339959455,0.317208103
1380,0.235917716,0.131755125,0.655923333,0.321379425,0.341653172
1381,0.244400656,0.138011845,0.672321591,0.327893714,0.346488168
1382,0.241218407,0.137709917,0.665243043,0.338989966,0.364252357
1383,0.233160446,0.134566056,0.66782328,0.324386875,0.368403422
1384,0.211363872,0.133063912,0.634185755,0.335826167,0.365035906
1385,0.191581444,0.13347107,0.615383144,0.336829276,0.370099852
1386,0.192187687,0.129494429,0.608897028,0.330226188,0.367070956
1387,0.191873562,0.128870205,0.607246363,0.324906285,0.328082828
1388,0.187583029,0.135472931,0.627350543,0.324219284,0.355838308
1389,0.186949362,0.137853444,0.640073194,0.31916207,0.392311737
1390,0.180994138,0.13626742,0.651828901,0.322061341,0.401654827
1391,0.178972566,0.143888188,0.644784776,0.32551043,0.429703657
1392,0.172269611,0.14373152,0.639154565,0.322740348,0.437165651
1393,0.175297705,0.155419449,0.645738906,0.32233984,0.503420892
1394,0.174273097,0.157748478,0.614669124,0.308948208,0.509381487
1395,0.176268052,0.163148322,0.561248098,0.305558441,0.52595101
1396,0.182335456,0.154316257,0.5579093,0.295174114,0.484819238
1397,0.185426586,0.148514736,0.559586723,0.296379991,0.481274972
1398,0.185704924,0.149411978,0.56588598,0.292105385,0.530165723
1399,0.183815816,0.163873691,0.57074054,0.291865286,0.569877406
1400,0.18328033,0.161299498,0.566162845,0.285763587,0.504662053
1401,0.193320399,0.165090842,0.561848075,0.288103001,0.523494137
1402,0.2081544,0.150127861,0.565877772,0.298618302,0.460998227
1403,0.228328796,0.158497935,0.586089841,0.316039676,0.495810985
1404,0.260718036,0.165219929,0.611684969,0.325626732,0.527771286
1405,0.305094375,0.156382324,0.618737395,0.319972641,0.517228843
1406,0.301668389,0.164254634,0.612121178,0.327836457,0.510349828
1407,0.272368239,0.149964528,0.59242252,0.32782066,0.515380657
1408,0.224053607,0.143064683,0.557799173,0.341567054,0.532363199
1409,0.180563041,0.13598478,0.535902852,0.305916604,0.52162066
1410,0.177571107,0.132134249,0.538691828,0.301300169,0.482869621
1411,0.188489995,0.129661905,0.54865885,0.293886939,0.465430275
1412,0.195031892,0.127623504,0.545934703,0.295898084,0.490045057
1413,0.201179641,0.122858662,0.542974963,0.292193886,0.533791038
1414,0.207494569,0.123938304,0.54286095,0.294073479,0.592077886
1415,0.209377543,0.124722555,0.582334176,0.295654148,0.630390666
1416,0.202360083,0.124253338,0.521049695,0.292060411,0.322908507
1417,0.199657388,0.118466254,0.521124219,0.30763689,0.324897628
1418,0.201503111,0.115802962,0.525589228,0.30525202,0.324757515
1419,0.204417475,0.116924005,0.541530342,0.297147571,0.324937113
1420,0.200285167,0.114556966,0.528600426,0.297592145,0.312284328
1421,0.209557296,0.112148856,0.524772834,0.292628095,0.303638031
1422,0.205593416,0.111053843,0.520534478,0.298217177,0.296435046
1423,0.197448994,0.111182513,0.522686118,0.296177529,0.293201737
1424,0.206028802,0.115040527,0.527198331,0.297077723,0.298730917
1425,0.197655721,0.116863127,0.528865009,0.30178194,0.310922862
1426,0.177471849,0.118625815,0.53701571,0.29903048,0.331396192
1427,0.183298462,0.125222896,0.536660566,0.303411253,0.369099635
1428,0.190792659,0.130847983,0.541418112,0.313268967,0.395097092
1429,0.182398122,0.135130231,0.549998176,0.32696141,0.411660058
1430,0.182328107,0.137511515,0.564627367,0.341961759,0.393112436
1431,0.178486145,0.137561933,0.578268712,0.344406871,0.374317324
1432,0.1752334,0.134532788,0.588804131,0.34275317,0.343480331
1433,0.174280718,0.128749847,0.592221874,0.337388158,0.290761857
1434,0.175489756,0.127655116,0.58521378,0.318857676,0.287172512
1435,0.173783965,0.132151107,0.587820555,0.32599447,0.278467764
1436,0.173739017,0.127317551,0.575872017,0.304604046,0.277876357
1437,0.170348593,0.125196316,0.569124493,0.298579151,0.271763328
1438,0.16432575,0.124895354,0.554755865,0.316248095,0.261197315
1439,0.162926085,0.122103703,0.54599811,0.326910463,0.254432122
1440,0.170336398,0.122160232,0.544676178,0.324518356,0.258983514
1441,0.182239026,0.121273323,0.550011761,0.314131489,0.254092666
1442,0.187864572,0.120999412,0.554908995,0.318916219,0.249205653
1443,0.191707242,0.122305475,0.558811157,0.316520875,0.247823676
1444,0.194563807,0.124418693,0.564812447,0.323511324,0.247083089
1445,0.196511694,0.130178539,0.57685747,0.347593691,0.251422966
1446,0.203223832,0.127011986,0.568097215,0.355779497,0.253107269
1447,0.196589573,0.132400664,0.570355235,0.346614581,0.254002412
1448,0.191497559,0.132488485,0.578627703,0.347691922,0.261315298
1449,0.180798256,0.136890013,0.580741141,0.354269461,0.281884268
1450,0.181984688,0.141278734,0.58745949,0.379978874,0.297841209
1451,0.201836193,0.155046184,0.623922149,0.403222624,0.326978351
1452,0.219364748,0.173945559,0.648973098,0.424947229,0.341320914
1453,0.24709169,0.198679118,0.659414252,0.464743631,0.347408609
1454,0.280495089,0.224236613,0.67007245,0.45649749,0.361249477
1455,0.270397685,0.25074424,0.678261673,0.452816891,0.356052643
1456,0.241666444,0.257533377,0.662262439,0.413658004,0.350307769
1457,0.227069114,0.186487053,0.63109349,0.366185247,0.338269518
1458,0.207434209,0.146706628,0.620665031,0.331352155,0.371429865
1459,0.201170554,0.134101158,0.60959497,0.321624255,0.404165324
1460,0.204678168,0.128452749,0.593088395,0.306446759,0.403808912
1461,0.206642395,0.123849527,0.586259162,0.298630058,0.416498221
1462,0.203412754,0.119404817,0.577497979,0.297276953,0.402359472
1463,0.196568798,0.120206835,0.565652881,0.298057339,0.419221529
1464,0.198380427,0.120980667,0.558517578,0.300448015,0.41717556
1465,0.205509195,0.119518453,0.543538807,0.290120812,0.412263887
1466,0.210593371,0.117001179,0.548116339,0.287729958,0.396824458
1467,0.203365973,0.11587734,0.555080161,0.292201831,0.387644388
1468,0.203529253,0.113960346,0.55058679,0.277439284,0.392883046
1469,0.209804083,0.114525196,0.552557161,0.28667272,0.378512914
1470,0.208103604,0.114084611,0.557812034,0.296314598,0.36280971
1471,0.198714948,0.115356405,0.558013599,0.306668889,0.350787894
1472,0.193656571,0.116840133,0.559375143,0.329302397,0.351277658
1473,0.179004375,0.116862929,0.554753756,0.336697959,0.356444862
1474,0.171885045,0.118825018,0.544594446,0.331716756,0.361223498
1475,0.172070739,0.121785436,0.541167696,0.324979669,0.36658569
1476,0.171658015,0.125145255,0.548791699,0.335593297,0.378206256
1477,0.173657141,0.127859574,0.552720702,0.32314237,0.38390304
1478,0.173406024,0.128753833,0.551980432,0.32471396,0.379680158
1479,0.169604967,0.128285608,0.555395987,0.323694188,0.367845545
1480,0.16932695,0.126022138,0.549027865,0.311179289,0.332473047
1481,0.171375609,0.118799141,0.536345083,0.300186517,0.28423338
1482,0.175527109,0.114466129,0.536314621,0.313171419,0.277138939
1483,0.172641849,0.112489371,0.548839559,0.347544988,0.278797206
1484,0.171329923,0.111035438,0.556815475,0.344678621,0.276865513
1485,0.17527374,0.111396108,0.552101154,0.350622318,0.274789041
1486,0.179504319,0.111186083,0.541029001,0.339621479,0.275022852
1487,0.17990474,0.111350229,0.538689621,0.314200081,0.275055498
1488,0.188243093,0.112198242,0.537700332,0.302800447,0.286888028
1489,0.195230435,0.112897596,0.539601525,0.30149431,0.287090957
1490,0.225613395,0.113713547,0.543979912,0.299661868,0.273337167
1491,0.246326237,0.114199912,0.549063816,0.300318916,0.273821144
1492,0.24757874,0.113002807,0.559679046,0.309980815,0.276547365
1493,0.253058192,0.111534947,0.565660561,0.30654536,0.27618436
1494,0.249296933,0.110089557,0.563593666,0.2992697,0.272592542
1495,0.237806517,0.11011684,0.560846515,0.291904509,0.280357893
1496,0.234436707,0.11001468,0.562613233,0.287611342,0.284444851
1497,0.234249633,0.110212154,0.562406112,0.288253518,0.315800872
1498,0.209829949,0.112554286,0.55591386,0.307036492,0.345082661
1499,0.204801365,0.123337865,0.553811431,0.316538157,0.357719479
1500,0.204919292,0.146261565,0.553792131,0.349172545,0.370381936
1501,0.204012134,0.152022878,0.553857464,0.34142044,0.38540478
1502,0.211700089,0.14109258,0.561475458,0.350056352,0.3659888
1503,0.207436982,0.13363505,0.565795047,0.348531039,0.348960296
1504,0.191468529,0.129703532,0.563043173,0.332809433,0.304322386
1505,0.179618414,0.124321405,0.547411954,0.332098289,0.259565397
1506,0.181719796,0.123896061,0.553591875,0.311581331,0.256443837
1507,0.175156706,0.151616932,0.566224994,0.352836371,0.258346565
1508,0.171378968,0.153201961,0.57326183,0.363397897,0.259239609
1509,0.170032925,0.157490647,0.58785391,0.382617033,0.261267538
1510,0.169714386,0.153758345,0.58839247,0.381883684,0.276031008
1511,0.171234079,0.145518016,0.585063821,0.380164791,0.281345778
1512,0.17466738,0.147702858,0.573977044,0.386498245,0.288375218
1513,0.175307447,0.151881663,0.569300802,0.389081023,0.297716861
1514,0.173875475,0.140026483,0.569555215,0.387180225,0.307694758
1515,0.179574323,0.132495646,0.575998994,0.388920686,0.32046207
1516,0.20160437,0.129928087,0.581141835,0.386394133,0.331607806
1517,0.221605099,0.127033141,0.570231562,0.366854665,0.347333327
1518,0.223345168,0.126761939,0.570719669,0.343579543,0.355126183
1519,0.222523893,0.120760885,0.576777603,0.320774479,0.350295319
1520,0.216471035,0.126652608,0.572997683,0.31458275,0.409209356
1521,0.221841902,0.137357434,0.583707629,0.307896766,0.451018787
1522,0.209886138,0.149023741,0.59296237,0.314592067,0.557411317
1523,0.215231934,0.158490404,0.607673335,0.341130545,0.586951795
1524,0.220143619,0.161397047,0.612663353,0.356807355,0.569378262
1525,0.221458215,0.164654835,0.609973554,0.35586643,0.628488821
1526,0.231070822,0.15556604,0.604988888,0.360059778,0.624198946
1527,0.223407181,0.148007782,0.59493186,0.359310407,0.540113233
1528,0.203131724,0.147819504,0.579185202,0.368108496,0.511122807
1529,0.189592184,0.131848439,0.556822765,0.338114271,0.499803461
1530,0.185986972,0.127161859,0.558071777,0.336965259,0.451694152
1531,0.182363276,0.123181585,0.565451024,0.330283106,0.42925137
1532,0.179844707,0.119782929,0.562534076,0.333843329,0.414479299
1533,0.183188466,0.118249477,0.564022118,0.344203544,0.412669713
1534,0.191131546,0.117654276,0.564792222,0.351724368,0.385522973
1535,0.204302599,0.119004304,0.595529122,0.377773016,0.346337073
1536,0.210808068,0.116065079,0.609246418,0.364187104,0.32998839
1537,0.209513048,0.113254042,0.604649293,0.36146428,0.315763857
1538,0.208131054,0.11060022,0.582026839,0.351136189,0.307360244
1539,0.21979097,0.109982355,0.549160241,0.344570004,0.301358584
1540,0.221260954,0.109839567,0.545426549,0.341968451,0.303500337
1541,0.221538124,0.109066086,0.543562392,0.333516478,0.310972236
1542,0.221900573,0.108649801,0.55474651,0.311242991,0.309680158
1543,0.222074736,0.108616116,0.555411254,0.311344409,0.319535094
1544,0.220919556,0.108723081,0.561634766,0.358191314,0.332019984
1545,0.226035043,0.109470797,0.584656213,0.350129647,0.349431479
1546,0.210944354,0.112546442,0.579214527,0.358043726,0.364419623
1547,0.20851459,0.124849789,0.582919596,0.323834396,0.40924797
1548,0.226437989,0.130697809,0.581962092,0.31595698,0.445991746
1549,0.258601615,0.132078145,0.578524797,0.321576491,0.461755501
1550,0.25164601,0.131892807,0.571482323,0.341556567,0.465910913
1551,0.230544917,0.128539016,0.564070724,0.332975037,0.439075218
1552,0.195125335,0.118638635,0.547008809,0.336906797,0.40260593
1553,0.185422302,0.112959175,0.546869852,0.334699491,0.331405012
1554,0.182018639,0.111721626,0.547731922,0.33532274,0.323093666
1555,0.185088881,0.111894686,0.551120836,0.317502706,0.321806239
1556,0.17688855,0.111679705,0.548817059,0.307984364,0.323216778
1557,0.176874522,0.113335735,0.554836422,0.30867215,0.338101151
1558,0.172102722,0.113076533,0.55397753,0.309798447,0.322376943
1559,0.175559209,0.113332499,0.552362314,0.304789897,0.307001422
1560,0.177211569,0.113803831,0.552894616,0.311020415,0.30532443
1561,0.179243242,0.113946913,0.553886806,0.301535552,0.308289923
1562,0.177973103,0.114155385,0.555360486,0.311633966,0.306577961
1563,0.178834213,0.113703558,0.556924261,0.314594746,0.303916581
1564,0.180951988,0.113462954,0.558371816,0.315923096,0.305513789
1565,0.185933561,0.112286868,0.557795364,0.326220073,0.301312104
1566,0.189162277,0.112016662,0.555968512,0.325538998,0.301231154
1567,0.182236406,0.111111945,0.552521811,0.320113086,0.299291637
1568,0.181463088,0.110958739,0.553230236,0.31068697,0.321523557
1569,0.183110495,0.110289716,0.552057086,0.300808509,0.342046919
1570,0.195288534,0.110887611,0.554916652,0.294402514,0.365439204
1571,0.197577564,0.117050477,0.563283613,0.304903967,0.389697745
1572,0.194322517,0.122794587,0.567496093,0.295674003,0.406611611
1573,0.191534806,0.123636986,0.562991831,0.302146811,0.430669321
1574,0.189925623,0.123118316,0.562265378,0.319186371,0.43353187
1575,0.187945609,0.123659424,0.565996209,0.326917488,0.421703853
1576,0.185735337,0.11798641,0.564803575,0.310219049,0.376880921
1577,0.183095766,0.113720415,0.569425364,0.311698504,0.329306427
1578,0.183490717,0.115609806,0.575236727,0.317655794,0.294698196
1579,0.182471095,0.119577475,0.581881414,0.335004991,0.290631682
1580,0.177471504,0.117185361,0.577111091,0.327009049,0.288787873
1581,0.175113422,0.116543434,0.574241321,0.31458035,0.28833743
1582,0.173801177,0.11393986,0.562914235,0.301595346,0.287694201
1583,0.174621756,0.113558214,0.557877479,0.295496857,0.285872881
1584,0.178782209,0.115945096,0.568160552,0.296219351,0.283515959
1585,0.18618336,0.11871023,0.572167376,0.302886505,0.281806578
1586,0.196059043,0.120208489,0.579716381,0.307566132,0.284257266
1587,0.196447836,0.116472896,0.568036683,0.297790678,0.287090938
1588,0.197289747,0.115004792,0.561637407,0.296969502,0.287314194
1589,0.191652579,0.111786897,0.54673127,0.287030786,0.290421018
1590,0.186382576,0.110972047,0.543090534,0.280455075,0.297713728
1591,0.179955735,0.110620323,0.543904832,0.278450129,0.305260349
1592,0.177453643,0.110112606,0.54431363,0.274981903,0.308971924
1593,0.182356652,0.109964913,0.544253629,0.280959821,0.345867753
1594,0.189099127,0.11233659,0.5462204,0.291525198,0.372144011
1595,0.192749384,0.121250088,0.545867295,0.293040577,0.39757089
1596,0.19828881,0.123924334,0.552201371,0.297238606,0.414884804
1597,0.203271382,0.125256055,0.559979538,0.29347029,0.418008823
1598,0.203903182,0.123527055,0.563849384,0.302268157,0.424256686
1599,0.207586691,0.119800768,0.564094995,0.285146174,0.400899733
1600,0.208490556,0.115824558,0.562938926,0.275617492,0.382790401
1601,0.199709964,0.113132925,0.562757891,0.280507566,0.356118349
1602,0.203813494,0.113337974,0.566458532,0.279936322,0.333658702
1603,0.212018739,0.112944494,0.569603665,0.279669042,0.317516116
1604,0.213807165,0.11257195,0.571552762,0.277456562,0.315802398
1605,0.212684941,0.112172994,0.563978003,0.283091601,0.313384706
1606,0.215254399,0.110748902,0.552755733,0.287304579,0.305244589
1607,0.220791772,0.11064314,0.545434884,0.288794261,0.308954922
1608,0.228602016,0.111193012,0.546773644,0.284225341,0.30961718
1609,0.229216754,0.111513994,0.543213115,0.28989257,0.312927573
1610,0.238416476,0.111739028,0.543046469,0.296233487,0.316155951
1611,0.242675542,0.111837744,0.547335597,0.300465435,0.306279471
1612,0.24231334,0.111918198,0.550817158,0.305665792,0.297682595
1613,0.239018026,0.111731631,0.553419807,0.322053809,0.297677146
1614,0.238366182,0.111763202,0.55870361,0.321577314,0.300374251
1615,0.229488869,0.111652451,0.563048717,0.321009302,0.336275489
1616,0.217275143,0.111532161,0.5633997,0.325642882,0.336470592
1617,0.210297729,0.11276989,0.555830202,0.326844675,0.355097904
1618,0.216478595,0.114752176,0.546159558,0.325438438,0.376563522
1619,0.221226207,0.116886514,0.547107708,0.331809363,0.396565241
1620,0.226850422,0.118843209,0.546366037,0.347518078,0.411033726
1621,0.230030284,0.11998386,0.552424648,0.360684618,0.416153318
1622,0.230692934,0.120825306,0.568474227,0.355523501,0.411616182
1623,0.220466936,0.119113884,0.56633181,0.345184204,0.399465271
1624,0.21032147,0.114732404,0.55778357,0.338247092,0.388479385
1625,0.195092291,0.111530608,0.539782791,0.328862363,0.371070282
1626,0.201632148,0.110958488,0.544233996,0.34376522,0.367482131
1627,0.210847654,0.111788148,0.545645758,0.355592406,0.365334933
1628,0.238380659,0.111719238,0.548295905,0.360973912,0.364428664
1629,0.251699756,0.111357714,0.5490999,0.342331721,0.366501525
1630,0.22186627,0.110543753,0.546247681,0.320182997,0.36868261
1631,0.192277064,0.109652265,0.540912981,0.314472261,0.353758122
1632,0.183143171,0.109757144,0.538715388,0.33265016,0.339611232
1633,0.18088826,0.110426056,0.542131993,0.367515583,0.32158391
1634,0.180493926,0.111033661,0.544631475,0.386781406,0.310044485
1635,0.186838199,0.111689191,0.548535114,0.392702833,0.309369621
1636,0.197317341,0.112213835,0.553144304,0.384973709,0.312597087
1637,0.203155842,0.110734393,0.552509057,0.351913029,0.31115585
1638,0.209225618,0.110143428,0.561685834,0.337688033,0.314446172
1639,0.203103578,0.109689934,0.570770852,0.323697882,0.315983544
1640,0.188095013,0.110053654,0.569427264,0.321574803,0.345749674
1641,0.184654961,0.111516165,0.559017065,0.32850927,0.373763694
1642,0.189611552,0.114353201,0.557292485,0.329895614,0.401227152
1643,0.199852893,0.122233816,0.566262561,0.35106842,0.422503506
1644,0.209694389,0.125492102,0.59600035,0.360153839,0.434216294
1645,0.214728831,0.126168763,0.604034827,0.367464617,0.438505333
1646,0.210348717,0.123728755,0.604963154,0.371798784,0.432443857
1647,0.205399692,0.120872072,0.591006386,0.365933757,0.424799135
1648,0.202015591,0.116361595,0.581780099,0.346154439,0.400752776
1649,0.190521241,0.111689291,0.557676969,0.335944212,0.359808217
1650,0.194767463,0.110994832,0.561417757,0.323532222,0.352967743
1651,0.191500907,0.113987562,0.565350347,0.327167415,0.352575206
1652,0.191894831,0.11602392,0.564531854,0.323319189,0.355553396
1653,0.193786529,0.114784319,0.558978926,0.317930622,0.355185268
1654,0.192394573,0.112731823,0.549860927,0.308756893,0.347409218
1655,0.199826621,0.112032722,0.547880678,0.3100205,0.34616161
1656,0.207983519,0.111612433,0.551831452,0.318234259,0.351450809
1657,0.212567011,0.112037459,0.559215019,0.336152628,0.334556324
1658,0.221060506,0.111360802,0.565362146,0.334419068,0.323771539
1659,0.229203365,0.111183623,0.564849903,0.320260493,0.323305573
1660,0.230802636,0.112456019,0.565009445,0.314202589,0.31414677
1661,0.23183107,0.112575735,0.561146946,0.329777326,0.30790399
1662,0.233259641,0.112238904,0.56030824,0.323971848,0.304685089
1663,0.23467291,0.112780933,0.565804781,0.321549598,0.318631903
1664,0.228344169,0.118614241,0.572386984,0.323038069,0.328816187
1665,0.222875628,0.122345836,0.57165688,0.320269533,0.376471018
1666,0.217637471,0.127830464,0.568239129,0.324870013,0.406717507
1667,0.213248981,0.135326065,0.58478824,0.347071509,0.418383839
1668,0.208233631,0.137955379,0.592189533,0.338616057,0.436980757
1669,0.209346174,0.137178977,0.583414877,0.338048577,0.459811336
1670,0.2138631,0.137861332,0.578060939,0.326800188,0.458626139
1671,0.209556961,0.137963476,0.572802568,0.315382985,0.445927926
1672,0.209684133,0.129455441,0.565527672,0.312640396,0.413938052
1673,0.200717107,0.12094347,0.556811187,0.327205889,0.351627992
1674,0.200257617,0.116304424,0.553590338,0.329936309,0.330465312
1675,0.202503942,0.117750587,0.559044287,0.330068205,0.326162209
1676,0.202169266,0.113544139,0.561245248,0.325965657,0.314399283
1677,0.201828572,0.114570425,0.56242686,0.330649408,0.309946255
1678,0.200235027,0.114565227,0.556328849,0.325204854,0.311462263
1679,0.197505211,0.113671041,0.547470875,0.328926459,0.312556418
1680,0.194540494,0.113253102,0.547193438,0.328590533,0.3166706
1681,0.196306753,0.111237404,0.551117979,0.328705163,0.313233599
1682,0.200083343,0.111206993,0.552124379,0.340613093,0.315819365
1683,0.197673483,0.111100775,0.551127469,0.327101963,0.317191248
1684,0.192824946,0.110144192,0.549676893,0.320927923,0.325864512
1685,0.196238603,0.109824754,0.552228971,0.327400902,0.33679823
1686,0.203377636,0.109507015,0.557432509,0.339682375,0.348718422
1687,0.205241924,0.109202195,0.561936824,0.336249989,0.351575061
1688,0.205712197,0.10911611,0.567850142,0.325890628,0.367790568
1689,0.210799873,0.11003862,0.580404187,0.3150706,0.393794851
1690,0.207227428,0.114218343,0.592373467,0.323953932,0.403395631
1691,0.198084855,0.119300702,0.591102906,0.338415972,0.433264783
1692,0.205141965,0.121497287,0.591944297,0.341648347,0.455989497
1693,0.204089664,0.126639593,0.586768366,0.342616564,0.469009181
1694,0.204233302,0.130554393,0.589236585,0.351197455,0.481133675
1695,0.196988197,0.129505828,0.584744479,0.356624269,0.450667762
1696,0.187557032,0.126814466,0.575713631,0.347809048,0.407995687
1697,0.175790687,0.120544543,0.564026084,0.330020605,0.346777462
1698,0.178315646,0.122002585,0.558892202,0.326000114,0.323928319
1699,0.177413114,0.122313301,0.568639553,0.317341911,0.349425579
1700,0.176254964,0.122276864,0.577558737,0.323332735,0.35602684
1701,0.179223668,0.122914147,0.582511415,0.334580163,0.378038493
1702,0.17662295,0.119978416,0.579804171,0.337314401,0.38528356
1703,0.176121282,0.119054053,0.571364511,0.348724536,0.389007938
1704,0.175981657,0.122273209,0.571162228,0.352365362,0.401272354
1705,0.178708445,0.124124548,0.568874999,0.371088497,0.406822723
1706,0.180506213,0.123520368,0.570420215,0.365791823,0.394910324
1707,0.179488322,0.121798571,0.564446409,0.364306993,0.380214193
1708,0.176193973,0.118784252,0.554937967,0.344015199,0.360831836
1709,0.175372994,0.115590077,0.557357523,0.332424357,0.349915105
1710,0.175675186,0.114961011,0.561634936,0.331062784,0.346685786
1711,0.176494742,0.116514889,0.567237224,0.36365758,0.361660966
1712,0.176179249,0.115856064,0.567080234,0.361340482,0.374076722
1713,0.179919509,0.117484099,0.565446262,0.339233437,0.392594297
1714,0.187710359,0.119043157,0.568750135,0.344432264,0.405156657
1715,0.193322015,0.121080741,0.58083174,0.361222846,0.42524493
1716,0.199294638,0.121800755,0.583788037,0.37034817,0.441964297
1717,0.198485917,0.128463054,0.591314269,0.380050333,0.449793278
1718,0.199594072,0.127629274,0.587699917,0.38011785,0.455989925
1719,0.194059326,0.128617869,0.581149063,0.374197382,0.438304002
1720,0.184452642,0.123769214,0.572862606,0.355581003,0.416390581
1721,0.179546377,0.117603641,0.565795884,0.352101485,0.376399403
1722,0.176873057,0.118757947,0.564971219,0.345789396,0.356785716
1723,0.1763151,0.122042463,0.564666421,0.335881074,0.383834407
1724,0.177651748,0.123754727,0.563459106,0.332833989,0.404066569
1725,0.1804008,0.121405203,0.561665064,0.326560133,0.38875283
1726,0.176698175,0.117895037,0.558668624,0.323668036,0.368024698
1727,0.175835892,0.116336452,0.555046297,0.315342917,0.348953361
1728,0.177272602,0.115343755,0.554372999,0.308659885,0.327197034
1729,0.179372787,0.120458257,0.559198235,0.308906192,0.322396223
1730,0.181120225,0.124822045,0.558360401,0.311260981,0.31529355
1731,0.184664609,0.12003417,0.557495974,0.30618718,0.306982899
1732,0.186409723,0.114525132,0.551715297,0.303550662,0.305635474
1733,0.193703368,0.112503646,0.551537187,0.302132324,0.305561362
1734,0.197040202,0.112500354,0.551177034,0.300366116,0.311528472
1735,0.204497295,0.113388221,0.554925636,0.299509724,0.339240066
1736,0.203692863,0.112165832,0.553757417,0.297105089,0.354943929
1737,0.202545183,0.114001576,0.551152291,0.304746328,0.376907716
1738,0.198642116,0.115803974,0.548938216,0.320450357,0.404955751
1739,0.19929977,0.11857949,0.553400817,0.340650641,0.425221145
1740,0.206320652,0.128643497,0.564691262,0.358915236,0.426280686
1741,0.20682331,0.139617297,0.567842025,0.385042514,0.437159729
1742,0.20942955,0.137319854,0.572437738,0.36582979,0.426268636
1743,0.199250916,0.132447879,0.567319035,0.365808334,0.424590137
1744,0.186667096,0.125472069,0.558590054,0.375801734,0.384566313
1745,0.183238178,0.117203434,0.553716722,0.363390823,0.341559978
1746,0.181680267,0.115447728,0.554980053,0.351372091,0.317976611
1747,0.181055501,0.115512418,0.55474871,0.351464855,0.317710635
1748,0.18227431,0.115607334,0.555139482,0.34460901,0.316424544
1749,0.18041973,0.116271522,0.55593854,0.333272671,0.31422613
1750,0.178688521,0.116747747,0.557311161,0.337169545,0.309239263
1751,0.179390654,0.117213774,0.557837001,0.323289546,0.30961648
1752,0.179397513,0.119120692,0.563643912,0.332878924,0.30147845
1753,0.180620343,0.117471249,0.567462807,0.331985168,0.301480018
1754,0.183411847,0.115926889,0.566576172,0.340756962,0.298940722
1755,0.185591928,0.117494418,0.567604122,0.337863467,0.296837051
1756,0.186188098,0.116715732,0.565201682,0.352264861,0.296215868
1757,0.184324871,0.11513221,0.561343276,0.359945256,0.301048008
1758,0.185237286,0.114187127,0.563130383,0.349507858,0.300398581
1759,0.18292029,0.113894602,0.566805631,0.335689798,0.308134675
1760,0.180716675,0.113668358,0.570452009,0.334453446,0.315134477
1761,0.177419842,0.117674411,0.581230943,0.345178115,0.333987699
1762,0.175920158,0.121520418,0.586703374,0.34850767,0.379588535
1763,0.175538268,0.129002424,0.587947357,0.353379003,0.40949758
1764,0.178542267,0.143144122,0.585580292,0.371711019,0.430784051
1765,0.182877392,0.142445476,0.576660279,0.389887334,0.459096666
1766,0.189927624,0.137539183,0.575637372,0.405899298,0.455690366
1767,0.186761303,0.129505425,0.571668679,0.397581653,0.444986771
1768,0.186587073,0.127152392,0.568148105,0.371249218,0.442972193
1769,0.182608483,0.129019845,0.567094539,0.370397677,0.437440947
1770,0.182791839,0.123795412,0.56545581,0.354469313,0.443048107
1771,0.182728665,0.121686219,0.566513857,0.344378858,0.454000077
1772,0.183169202,0.121060124,0.561472573,0.330909896,0.45233478
1773,0.182417371,0.124358006,0.559609611,0.326075673,0.510326958
1774,0.181268646,0.125785995,0.561079722,0.329867095,0.50617584
1775,0.186305733,0.130145879,0.56169309,0.32497291,0.459779595
1776,0.182810366,0.131448855,0.561394152,0.329454193,0.426041994
1777,0.182125349,0.123551898,0.568212373,0.332685949,0.40357551
1778,0.18383032,0.118877548,0.566005937,0.34886785,0.378455521
1779,0.190008095,0.117348305,0.562607139,0.320477157,0.364461351
1780,0.198955071,0.11490006,0.559444617,0.321332463,0.350890763
1781,0.201740462,0.113669266,0.562686864,0.316772824,0.339080595
1782,0.204318694,0.113626398,0.571299333,0.318589883,0.328312661
1783,0.202928623,0.114111402,0.57238425,0.322522767,0.327999123
1784,0.196274589,0.11376779,0.569365342,0.327012284,0.333188199
1785,0.189426539,0.112497889,0.562693048,0.331698359,0.351378437
1786,0.19406119,0.113415078,0.561560377,0.33842218,0.379044618
1787,0.198781464,0.115020025,0.558246477,0.348105632,0.376374017
1788,0.200360675,0.119902723,0.562860307,0.352192623,0.393843141
1789,0.202078378,0.123971294,0.579139827,0.345117654,0.397601841
1790,0.199852462,0.129292127,0.587925826,0.353882997,0.398300121
1791,0.204018431,0.126499488,0.583399298,0.358058113,0.399149812
1792,0.194554732,0.121926576,0.57571557,0.369994961,0.391767025
1793,0.191319861,0.116058229,0.561623976,0.37646389,0.382500708
1794,0.195919294,0.112695394,0.558282104,0.360619527,0.373503506
1795,0.196508942,0.113007482,0.560345717,0.369234096,0.337632338
1796,0.19459675,0.112259549,0.559923279,0.365731653,0.329870576
1797,0.197167196,0.110857722,0.562491355,0.358042253,0.330604925
1798,0.193867848,0.111105098,0.565495319,0.359405035,0.330052277
1799,0.184354635,0.111638974,0.563183366,0.354986046,0.334005645
1800,0.182826458,0.112380283,0.56488769,0.347222779,0.340829095
1801,0.1802528,0.112503119,0.563482482,0.341370518,0.341416219
1802,0.188820435,0.11221312,0.564223242,0.339790721,0.335789429
1803,0.194456044,0.111773337,0.561399239,0.345749288,0.330055539
1804,0.200952102,0.109931543,0.556423025,0.342038747,0.324639311
1805,0.200647305,0.108512299,0.553016145,0.331702148,0.31986326
1806,0.199504311,0.107835186,0.556055742,0.327747253,0.323908821
1807,0.194865539,0.107907189,0.554172513,0.32934177,0.326577347
1808,0.194789635,0.108328822,0.557279067,0.335824173,0.353934365
1809,0.196389424,0.10979237,0.560552618,0.351984138,0.384020915
1810,0.199537259,0.115597838,0.58039521,0.353153162,0.403200961
1811,0.223244421,0.128917868,0.624482525,0.351042235,0.418630158
1812,0.24817596,0.145485117,0.635014929,0.335400845,0.445087235
1813,0.274365696,0.146290906,0.642996244,0.355957332,0.456983875
1814,0.285931105,0.144133439,0.64892232,0.366711422,0.460970997
1815,0.279057256,0.137944067,0.635839724,0.363331014,0.443875847
1816,0.242490577,0.12953172,0.617037878,0.350308469,0.414654831
1817,0.185234446,0.113691032,0.57216769,0.327923093,0.378953366
1818,0.182024245,0.109273998,0.56492649,0.311970212,0.360530141
1819,0.179436709,0.108605933,0.559548888,0.305825415,0.34806205
1820,0.180717087,0.108339813,0.560131189,0.312020026,0.342519006
1821,0.180246307,0.107608724,0.559005537,0.313956826,0.355657504
1822,0.18172417,0.106855661,0.558012613,0.318981376,0.359259076
1823,0.182710346,0.107209014,0.55604552,0.323104009,0.35922831
1824,0.182904871,0.107126504,0.557145805,0.328419114,0.35798918
1825,0.186221346,0.108206059,0.560170593,0.334794897,0.346277412
1826,0.190067678,0.107933051,0.559497397,0.335590061,0.340568177
1827,0.1977771,0.107438173,0.55819186,0.32467385,0.324230465
1828,0.20362157,0.106330853,0.554439812,0.316909518,0.324764498
1829,0.20418339,0.10713807,0.55602668,0.320967644,0.312526612
1830,0.20779287,0.109168953,0.566812132,0.327850963,0.313207392
1831,0.206599349,0.107467735,0.567917328,0.328593967,0.316689175
1832,0.205069601,0.11005804,0.573588612,0.331703226,0.347476939
1833,0.215952779,0.113254642,0.587226359,0.340952692,0.375145314
1834,0.233575904,0.120573342,0.617334162,0.344921971,0.4070054
1835,0.246523684,0.143092363,0.631190778,0.365965642,0.429855632
1836,0.274254365,0.150580899,0.64652352,0.379427222,0.448977634
1837,0.288896441,0.152482044,0.655781227,0.381997867,0.460287258
1838,0.304821118,0.15440678,0.684580219,0.394632703,0.461391653
1839,0.288619771,0.148303298,0.673217785,0.397434126,0.456689405
1840,0.25089764,0.139744219,0.652409172,0.395817131,0.423694698
1841,0.199251454,0.122188098,0.617098186,0.383716688,0.34247443
1842,0.193936106,0.11548554,0.61394018,0.360443519,0.308032617
1843,0.1994932,0.115429587,0.63360204,0.351029911,0.298087788
1844,0.208820883,0.113959416,0.659542204,0.339633192,0.296401821
1845,0.203971439,0.11484159,0.661774516,0.344670517,0.295837737
1846,0.208689162,0.115286298,0.678410395,0.334340229,0.295176305
1847,0.207430883,0.115199222,0.674311989,0.337903833,0.296336131
1848,0.204519062,0.114864948,0.672496376,0.351412033,0.299672192
1849,0.204012113,0.113305503,0.67983565,0.372750639,0.297740234
1850,0.200237703,0.112523162,0.684430584,0.359856167,0.298029374
1851,0.191663937,0.11216902,0.62562858,0.344684452,0.295712451
1852,0.187922916,0.112026591,0.599377168,0.323822984,0.295503719
1853,0.183323308,0.111975032,0.593233544,0.327193717,0.295045723
1854,0.181004395,0.112513497,0.590625156,0.338620374,0.295156836
1855,0.186035829,0.11351598,0.601409577,0.341871792,0.296077329
1856,0.185012434,0.115818124,0.600280762,0.346515316,0.310335583
1857,0.199437568,0.121916439,0.61382331,0.354031851,0.33583825
1858,0.219931294,0.143677028,0.632233113,0.370069916,0.371917732
1859,0.23760695,0.15968198,0.650068038,0.363624201,0.390186656
1860,0.264851943,0.162861028,0.652910867,0.367058128,0.415323789
1861,0.282636334,0.162616803,0.656354415,0.373990637,0.445197002
1862,0.276718407,0.164131951,0.652769212,0.379606114,0.44736807
1863,0.255182409,0.1626387,0.634771084,0.388039905,0.433506402
1864,0.235552567,0.149371694,0.613816931,0.379512046,0.380007587
1865,0.187242613,0.122022283,0.578360313,0.35954429,0.320620368
1866,0.184008925,0.113131922,0.571212299,0.356830889,0.296236067
1867,0.184643432,0.112488469,0.573643911,0.374064623,0.297247718
1868,0.18811303,0.112137265,0.574142352,0.378945552,0.29753341
1869,0.190721867,0.113383594,0.589895982,0.361788248,0.297465591
1870,0.199563503,0.113429323,0.618429522,0.345747616,0.297519423
1871,0.200492642,0.112825224,0.653847906,0.340349157,0.298297267
1872,0.197112782,0.111988837,0.666310204,0.341704905,0.297250761
1873,0.197381752,0.111280327,0.662327862,0.347103523,0.297725804
1874,0.195246914,0.110962863,0.659253376,0.362065359,0.299258014
1875,0.187572011,0.107531235,0.595627995,0.338637867,0.300520669
1876,0.189553815,0.105335104,0.572205155,0.331390127,0.299401895
1877,0.191999473,0.105031506,0.572260728,0.373170762,0.301397778
1878,0.195290311,0.105703334,0.577643882,0.347408853,0.301857466
1879,0.199449039,0.106426873,0.576076523,0.352856782,0.301499663
1880,0.200672759,0.10639505,0.576310016,0.344839086,0.325236721
1881,0.206229978,0.113775072,0.58486432,0.328295993,0.346667124
1882,0.222801624,0.134541738,0.610051443,0.323180935,0.36672256
1883,0.273775409,0.142314163,0.648658159,0.329511939,0.404190515
1884,0.301688054,0.146767419,0.662606476,0.339597449,0.437724641
1885,0.310273689,0.152211015,0.672787766,0.364721002,0.440759883
1886,0.303311122,0.15564013,0.66750879,0.379399281,0.432751982
1887,0.282984692,0.150523344,0.649684592,0.383071073,0.448031345
1888,0.25701627,0.136368021,0.628507935,0.369744001,0.436003103
1889,0.201879658,0.114789722,0.587575242,0.368363155,0.386624818
1890,0.195158612,0.106336332,0.588842753,0.321739244,0.349423721
1891,0.196534739,0.10629187,0.596049669,0.318153035,0.326497541
1892,0.199099832,0.108141161,0.614991743,0.321037589,0.339021939
1893,0.202051073,0.108614447,0.651152262,0.329266158,0.326169888
1894,0.200435504,0.109757866,0.667052068,0.332903461,0.328915643
1895,0.201770234,0.109141618,0.667407347,0.328666728,0.341764955
1896,0.203902529,0.106599355,0.667392657,0.31958794,0.347432385
1897,0.207956052,0.106428961,0.670281463,0.327323487,0.350367227
1898,0.209726216,0.109810007,0.672193222,0.338012169,0.335703038
1899,0.210013246,0.109492668,0.636624629,0.330911606,0.359072567
1900,0.207255219,0.10801834,0.591377028,0.330399198,0.349065771
1901,0.207689346,0.106383253,0.571839011,0.319326034,0.362666218
1902,0.205572414,0.105057413,0.571549061,0.318957797,0.373166252
1903,0.202938082,0.104178223,0.581914804,0.315275289,0.367787969
1904,0.201631183,0.105598411,0.593982509,0.315235295,0.382866134
1905,0.207992198,0.113759065,0.588431735,0.325186077,0.40031898
1906,0.224897176,0.121005875,0.597438905,0.336990608,0.447592616
1907,0.239753728,0.123661082,0.614261962,0.368055516,0.483732054
1908,0.264077586,0.133945392,0.615200327,0.397036454,0.492391545
1909,0.263368267,0.138746568,0.614938149,0.408394719,0.51073518
1910,0.258463213,0.139172696,0.613803947,0.411920729,0.580600593
1911,0.246295333,0.138572856,0.612434309,0.396942911,0.607232897
1912,0.227654744,0.134406999,0.603237289,0.405051467,0.51705848
1913,0.194774109,0.119578354,0.591485783,0.384364106,0.35901609
1914,0.189994663,0.115190155,0.597612164,0.35679986,0.305783862
1915,0.189553619,0.120844199,0.609575547,0.351999156,0.313164796
1916,0.184138326,0.118854702,0.604284974,0.352580753,0.313980823
1917,0.184283894,0.118554345,0.611133575,0.358587085,0.307738429
1918,0.186771085,0.11464363,0.603561063,0.343156912,0.309991243
1919,0.188177102,0.111876314,0.597433875,0.333759394,0.313895182
1920,0.195591884,0.112817387,0.608941426,0.340403651,0.321478147
1921,0.191007142,0.113678918,0.607243315,0.365582452,0.312413883
1922,0.193949924,0.110576953,0.599000718,0.370012357,0.311745977
1923,0.198737264,0.107753826,0.595884407,0.36080413,0.301992198
1924,0.204574873,0.106740515,0.589926011,0.33833428,0.298626398
1925,0.212647126,0.105933907,0.589064428,0.331818301,0.297323913
1926,0.212159863,0.105939095,0.583317546,0.335850872,0.298447053
1927,0.212287198,0.106589821,0.591029744,0.338873928,0.303921939
1928,0.211145621,0.107858665,0.59893796,0.340584148,0.313519233
1929,0.210852296,0.110575247,0.60766681,0.342227549,0.341034558
1930,0.204121587,0.117553195,0.613623634,0.378453091,0.364078606
1931,0.21178884,0.120387351,0.619165068,0.394832608,0.425041328
1932,0.218838568,0.122239365,0.619737544,0.413899771,0.427089652
1933,0.226687764,0.125150958,0.63019628,0.411606744,0.478900188
1934,0.227478587,0.131885955,0.62241445,0.399693385,0.530797946
1935,0.220541724,0.127375057,0.614240719,0.400854087,0.482063288
1936,0.207010092,0.124242269,0.611192346,0.403838999,0.452882641
1937,0.200000852,0.118000143,0.603397768,0.379033153,0.361095
1938,0.197424037,0.117653058,0.606583673,0.3626706,0.367733944
1939,0.195446284,0.118473668,0.59912898,0.352841028,0.383827955
1940,0.192617792,0.119439745,0.594524151,0.354692356,0.389886769
1941,0.190779309,0.12087627,0.589316031,0.342973013,0.383090168
1942,0.189728929,0.118228258,0.582802544,0.33882977,0.384760445
1943,0.189918233,0.113108438,0.585032678,0.340379533,0.383493213
1944,0.188093955,0.113765383,0.585321548,0.351417781,0.382538829
1945,0.186897074,0.117500189,0.587297634,0.361317597,0.394032958
1946,0.190543273,0.119089283,0.585544285,0.370502525,0.389251833
1947,0.194991738,0.119623965,0.584863067,0.384658696,0.390128544
1948,0.199677281,0.113537071,0.581102007,0.391295363,0.382602573
1949,0.202849715,0.109621001,0.583904079,0.386221944,0.372592379
1950,0.201164244,0.106695759,0.575584399,0.361652566,0.368063119
1951,0.200888461,0.105822721,0.574652084,0.332507597,0.377215759
1952,0.199299551,0.105749984,0.578805159,0.325566831,0.376440761
1953,0.199724862,0.108931908,0.589540518,0.329751744,0.394331955
1954,0.20479732,0.110243776,0.602623081,0.332468847,0.403855017
1955,0.204727081,0.116520109,0.618805567,0.341625367,0.427049605
1956,0.206371491,0.120418298,0.623979297,0.384985854,0.438905629
1957,0.210866698,0.122460449,0.627269541,0.394700055,0.435393365
1958,0.21022006,0.121738866,0.626654591,0.391390033,0.436745416
1959,0.203669448,0.119759242,0.618400942,0.397178576,0.444199851
1960,0.19767433,0.115558593,0.616200605,0.390944941,0.40889734
1961,0.192163376,0.111253793,0.606758807,0.363813553,0.383799584
1962,0.189306662,0.107354219,0.585068971,0.350759954,0.351436596
1963,0.191708414,0.105944197,0.583416078,0.335992264,0.354578243
1964,0.189904196,0.108216461,0.586307344,0.333090541,0.353434654
1965,0.186780472,0.10835871,0.581501354,0.345539821,0.347307202
1966,0.186397723,0.108224937,0.574598864,0.36952749,0.340274249
1967,0.186269468,0.107821741,0.585631118,0.372634266,0.336035009
1968,0.181473622,0.108617479,0.591414375,0.367731759,0.325447032
1969,0.179206623,0.111196434,0.598732834,0.366515779,0.322209544
1970,0.181024503,0.110885854,0.599814768,0.343577356,0.32124857
1971,0.187810877,0.11089764,0.600497438,0.343446575,0.318905684
1972,0.187168085,0.107907359,0.589779103,0.330347571,0.314926011
1973,0.188771606,0.105509969,0.587258381,0.319255572,0.312117708
1974,0.191583896,0.103568243,0.586788198,0.315308239,0.31529426
1975,0.195061782,0.104989194,0.586828279,0.311172644,0.31536356
1976,0.196387485,0.104689657,0.59129804,0.31263646,0.334553783
1977,0.196297222,0.105163984,0.594714122,0.320417671,0.347063447
1978,0.197303616,0.107409823,0.60408946,0.318393057,0.370664357
1979,0.204529316,0.114430191,0.615420732,0.322249644,0.3900944
1980,0.2091857,0.117702904,0.622359335,0.327085675,0.403468746
1981,0.211143526,0.11956492,0.621405118,0.3532807,0.45903881
1982,0.206565076,0.132213348,0.631310685,0.371513527,0.508213284
1983,0.196151557,0.129846549,0.627463721,0.388049038,0.458156279
1984,0.192592117,0.123279076,0.621779173,0.397326797,0.393786326
1985,0.18620796,0.115646075,0.611477377,0.352951632,0.331792784
1986,0.184420484,0.112950544,0.601119021,0.331935308,0.312317135
1987,0.183806737,0.113510671,0.599641522,0.326885865,0.313201638
1988,0.182929538,0.108403758,0.591596547,0.314549375,0.312532917
1989,0.180831541,0.104441379,0.584013986,0.310431331,0.312162294
1990,0.180943585,0.10604729,0.586001259,0.323270109,0.311459254
1991,0.181077003,0.111670146,0.601316552,0.340342747,0.311635551
1992,0.181424033,0.116779548,0.605282127,0.360034778,0.311598252
1993,0.182618236,0.114193711,0.600642013,0.348271972,0.314864162
1994,0.185836612,0.111907735,0.596096628,0.339819286,0.317797636
1995,0.187825216,0.110061819,0.593294912,0.342062828,0.319103935
1996,0.18842194,0.109216134,0.593874967,0.35354616,0.317310582
1997,0.187534106,0.106879765,0.58663186,0.350226002,0.311926428
1998,0.189502993,0.108199438,0.58940527,0.353133091,0.306657832
1999,0.188112331,0.109833662,0.589017992,0.344991646,0.307166377
2000,0.189424651,0.107242405,0.582754333,0.325733711,0.315917616
2001,0.19671647,0.109642839,0.587936451,0.325928787,0.343337579
2002,0.204771464,0.112806184,0.605224291,0.342718848,0.364562303
2003,0.217536705,0.116411123,0.617062644,0.383287151,0.386001643
2004,0.225136622,0.121943626,0.621507928,0.430168652,0.403153839
2005,0.233422168,0.131167303,0.621114344,0.424765221,0.466704132
2006,0.244077171,0.146929148,0.626042413,0.405964012,0.469326377
2007,0.244149749,0.141847528,0.634160999,0.389902917,0.450872247
2008,0.239285008,0.134018408,0.63454563,0.364935448,0.406456906
2009,0.222386554,0.1259384,0.626366447,0.351884831,0.362555158
2010,0.209983051,0.117121735,0.6147199,0.328357911,0.31764489
2011,0.214085752,0.117265634,0.639682635,0.343077424,0.313148566
2012,0.212831685,0.120012548,0.637587409,0.36231856,0.311645197
2013,0.212242512,0.121741489,0.61912089,0.363807658,0.309703668
2014,0.205705066,0.12139743,0.610985818,0.364618729,0.30988185
2015,0.205542618,0.124646476,0.607042112,0.362675837,0.313096687
2016,0.212953503,0.120004281,0.613597225,0.352588385,0.30961802
2017,0.210633813,0.117506599,0.640774649,0.348627376,0.305347611
2018,0.212393452,0.114048485,0.617651298,0.374644082,0.304484244
2019,0.21198019,0.112308128,0.590634287,0.394737871,0.304806838
2020,0.212801232,0.109571977,0.574131381,0.41645974,0.307418341
2021,0.210035069,0.105956841,0.572624975,0.423796182,0.305426815
2022,0.209554113,0.101587374,0.580261618,0.419635345,0.308184662
2023,0.219052606,0.105529622,0.584954925,0.399895287,0.323797642
2024,0.211116362,0.104400478,0.590450943,0.39371098,0.342612579
2025,0.217301652,0.109397868,0.59359061,0.371856211,0.36320199
2026,0.234891351,0.131584287,0.603344303,0.382667591,0.390378517
2027,0.255348384,0.143452376,0.61602835,0.454962919,0.415720581
2028,0.277873775,0.154900687,0.63672853,0.477049441,0.586669597
2029,0.298910885,0.163624949,0.638287971,0.471902514,0.63664576
2030,0.296067095,0.164479899,0.635818913,0.462962981,0.592395777
2031,0.287957019,0.158331311,0.630447415,0.460146275,0.564005712
2032,0.273911977,0.145364716,0.617462737,0.460694424,0.497712527
2033,0.221561276,0.111344575,0.578309033,0.419731028,0.366294534
2034,0.205739877,0.10031135,0.571888584,0.362310185,0.319538468
2035,0.203118773,0.100285072,0.581812345,0.367781624,0.31168496
2036,0.194913154,0.100408595,0.585715125,0.355433969,0.310058106
2037,0.200907671,0.100339593,0.581661727,0.352100211,0.309194122
2038,0.200070941,0.099884807,0.577769712,0.349536403,0.303780812
2039,0.197157693,0.099599712,0.571802201,0.353189242,0.30413811
2040,0.197657429,0.100033079,0.577956575,0.350425503,0.303842389
2041,0.19741094,0.101952068,0.583048885,0.365581719,0.307363781
2042,0.197581665,0.103906707,0.585983956,0.373800784,0.305333472
2043,0.199427549,0.10285922,0.58412665,0.368598728,0.306018087
2044,0.198709992,0.102966577,0.583823551,0.367286412,0.307562825
2045,0.202308817,0.102495515,0.583682901,0.358590906,0.305178386
2046,0.196470896,0.103610111,0.585246475,0.354962629,0.305476579
2047,0.197319186,0.108534168,0.591102182,0.370776881,0.310220852
2048,0.196497136,0.113906543,0.601135931,0.404598486,0.32147058
2049,0.211264378,0.125436379,0.613529298,0.40150847,0.326005841
2050,0.27136948,0.135576951,0.631770393,0.39407151,0.34251373
2051,0.310994107,0.136146961,0.635051677,0.392476769,0.426647468
2052,0.34909668,0.150257011,0.628086401,0.404135905,0.528636005
2053,0.351007396,0.174317624,0.62502933,0.407301385,0.543755033
2054,0.337756246,0.174517006,0.624696641,0.398061119,0.553558071
2055,0.31661333,0.171914279,0.615467947,0.387897862,0.558846043
2056,0.274163023,0.158863162,0.611077454,0.390478832,0.46422705
2057,0.231163127,0.150891933,0.616102737,0.375718032,0.399235096
2058,0.228385083,0.139004663,0.615338856,0.32646661,0.384897441
2059,0.230305609,0.135156633,0.620986349,0.33067619,0.359756742
2060,0.223764574,0.123872875,0.643693967,0.328211677,0.349926342
2061,0.205543729,0.113357484,0.666536599,0.334496215,0.349398675
2062,0.197158874,0.108106603,0.66028936,0.333178935,0.352143791
2063,0.19273976,0.105733973,0.654338832,0.34294055,0.348551585
2064,0.190280691,0.107317383,0.642701022,0.349901268,0.387616237
2065,0.194008529,0.105875254,0.626821819,0.333023666,0.382389737
2066,0.196951977,0.103994874,0.607925459,0.323899467,0.385641496
2067,0.198476433,0.102769863,0.595970171,0.318290226,0.382819405
2068,0.195775985,0.106623296,0.599154534,0.327894735,0.386321322
2069,0.198760833,0.107698436,0.604250695,0.331728071,0.384566525
2070,0.200627777,0.110620252,0.613577684,0.338034914,0.370539372
2071,0.202787757,0.10885423,0.609718966,0.320849656,0.38575382
2072,0.218758658,0.112630515,0.628749991,0.318527874,0.451101981
2073,0.264253472,0.125647382,0.633264822,0.360096287,0.481877158
2074,0.299830333,0.153433267,0.635586381,0.415792714,0.535004053
2075,0.31814608,0.158851878,0.634294181,0.418942625,0.630847106
2076,0.333918831,0.185744394,0.640156375,0.431169599,0.649188774
2077,0.335159013,0.193877132,0.641638242,0.434451127,0.653098205
2078,0.324263218,0.179829682,0.638140468,0.42894205,0.63429404
2079,0.309224177,0.180741856,0.635498616,0.429425101,0.615644092
2080,0.276106865,0.164096898,0.632816689,0.427725261,0.524797535
2081,0.231470908,0.127670353,0.610790068,0.377890732,0.457802689
2082,0.200286522,0.106695419,0.599063706,0.318675257,0.368886974
2083,0.203221253,0.114256341,0.606909153,0.31953223,0.358600376
2084,0.205030808,0.113530085,0.606020253,0.33651892,0.353652978
2085,0.210278622,0.116753216,0.611883769,0.344497432,0.345692084
2086,0.211792382,0.120953589,0.606990115,0.34794129,0.334185155
2087,0.209131389,0.118374652,0.596453086,0.327479631,0.335447735
2088,0.220610981,0.112484359,0.594272065,0.327176549,0.327078444
2089,0.237421853,0.113913915,0.602921705,0.333266214,0.324837534
2090,0.235748868,0.120091903,0.620971005,0.344550552,0.324702281
2091,0.246467269,0.12590409,0.607068947,0.352899197,0.320275652
2092,0.259910186,0.121554942,0.602993502,0.371335582,0.320816453
2093,0.268303161,0.11902721,0.593842938,0.36753913,0.317753209
2094,0.271760417,0.105805786,0.59853764,0.361032217,0.308100979
2095,0.288683697,0.105088958,0.599781216,0.35171566,0.320545282
2096,0.298370067,0.107329372,0.612264032,0.352981237,0.346909513
2097,0.317217322,0.118692925,0.618328782,0.343603353,0.38982415
2098,0.313239996,0.134301397,0.615845856,0.369317231,0.456656758
2099,0.319393152,0.146570248,0.617252146,0.449711168,0.630474042
2100,0.326180512,0.176666792,0.618583626,0.474624863,0.650941624
2101,0.345789863,0.205540022,0.621209296,0.481473364,0.66889977
2102,0.360230597,0.202364445,0.639283412,0.504453637,0.646602008
2103,0.375772281,0.196610187,0.634897305,0.502721388,0.619435896
2104,0.331855531,0.176373514,0.628771035,0.509276591,0.51476799
2105,0.25523709,0.136691051,0.61104614,0.523140742,0.397087805
2106,0.221962875,0.125875803,0.595216092,0.415010786,0.329213106
2107,0.212211142,0.20087653,0.60402814,0.454152001,0.338385646
2108,0.196510661,0.170657586,0.607368362,0.421682773,0.341776379
2109,0.198788869,0.158817085,0.613678603,0.382130274,0.340835037
2110,0.200231846,0.167258745,0.621176584,0.384517729,0.333919226
2111,0.192553195,0.122553617,0.596806814,0.383657702,0.333053743
2112,0.183126236,0.117126313,0.580947649,0.37867095,0.328676007
2113,0.18395132,0.108614739,0.579818829,0.352704225,0.323635565
2114,0.190532298,0.104774268,0.565045818,0.33120305,0.319339308
2115,0.204255712,0.102891517,0.563381867,0.328273802,0.320581337
2116,0.239731443,0.103515816,0.567902513,0.337511646,0.319922991
2117,0.252636895,0.104418997,0.574580299,0.347982729,0.323635035
2118,0.260078477,0.105197987,0.583221597,0.344350109,0.336081146
2119,0.256795459,0.122157642,0.599976681,0.351135312,0.439350924
2120,0.261155217,0.13590524,0.605524341,0.34035398,0.532647059
2121,0.295435996,0.175073816,0.603188533,0.373284894,0.593069045
2122,0.287779515,0.249226127,0.596562205,0.46682632,0.641781908
2123,0.307591361,0.28052037,0.620767648,0.464608111,0.662062986
2124,0.350325352,0.292300942,0.620610818,0.462827808,0.704106915
2125,0.362167405,0.294767218,0.627926429,0.460412011,0.714391293
2126,0.375689528,0.284112243,0.64126631,0.455170872,0.711947749
2127,0.375796257,0.278228742,0.636240797,0.443494584,0.667163118
2128,0.370050024,0.246482808,0.63066662,0.44239437,0.595208065
2129,0.283407766,0.179243691,0.61140046,0.430067017,0.496151825
2130,0.252140806,0.137341611,0.580607346,0.326971535,0.436470823
2131,0.223284982,0.136555499,0.580279506,0.331377243,0.477773401
2132,0.212560021,0.137113529,0.580388102,0.351222317,0.463807142
2133,0.210669607,0.135502765,0.575322896,0.353847449,0.470719586
2134,0.20633626,0.135517432,0.571750397,0.349523658,0.465221174
2135,0.200748615,0.129156026,0.569137888,0.352967082,0.462505542
2136,0.202394532,0.128427237,0.568665702,0.361508881,0.445512309
2137,0.217214855,0.120099504,0.569929412,0.346742051,0.429833119
2138,0.236497902,0.11104914,0.572329744,0.338145448,0.382679888
2139,0.256000199,0.106608915,0.576973427,0.332542341,0.352035607
2140,0.269666197,0.103908309,0.583669593,0.33685964,0.341562354
2141,0.278275124,0.101355066,0.591007739,0.334538471,0.32854572
2142,0.282251771,0.101113737,0.593297514,0.333824,0.325394913
2143,0.301981948,0.123500753,0.601394878,0.325028771,0.431217846
2144,0.334704698,0.178578407,0.603202983,0.343649727,0.599649815
2145,0.345646439,0.225736005,0.600628173,0.365543461,0.666703658
2146,0.376629388,0.290854083,0.623238888,0.383513222,0.759190169
2147,0.386122371,0.374106765,0.612269647,0.409104646,0.801288498
2148,0.395639918,0.42725937,0.607995925,0.452873475,0.805493947
2149,0.394023896,0.410923145,0.608952297,0.45408947,0.807838027
2150,0.390240134,0.397591515,0.615360426,0.457609661,0.800729591
2151,0.373517266,0.324049748,0.628002624,0.458899569,0.789206058
2152,0.34019936,0.286406843,0.624223204,0.465623896,0.714663717
2153,0.257593876,0.216350884,0.607009471,0.470654666,0.51220422
2154,0.215888305,0.140941055,0.585243692,0.434490778,0.397823489
2155,0.209200031,0.185094679,0.583835871,0.399176199,0.55150294
2156,0.206886479,0.187100772,0.588185737,0.385893709,0.525950521
2157,0.206048286,0.208113519,0.587931979,0.394071454,0.481248032
2158,0.199397735,0.186065313,0.58770752,0.403371056,0.540024465
2159,0.195821862,0.169259895,0.58150484,0.403661005,0.461290839
2160,0.197814516,0.158427317,0.575525446,0.40594236,0.423534603
2161,0.19524455,0.154271043,0.569941111,0.386166344,0.404018222
2162,0.202016981,0.152414933,0.573476742,0.410117043,0.398972546
2163,0.208912566,0.147070853,0.57967421,0.419158251,0.39976142
2164,0.217653354,0.145149416,0.57881887,0.410015653,0.393815018
2165,0.223179607,0.141111826,0.577257411,0.390315028,0.394527379
2166,0.232222689,0.140718484,0.580323106,0.377342853,0.398653985
2167,0.259123934,0.224493961,0.590231095,0.423203038,0.417277057
2168,0.291007086,0.222124645,0.591348927,0.414596,0.614908741
2169,0.326587158,0.277738994,0.592727743,0.450926009,0.762884001
2170,0.375910819,0.37797725,0.620209015,0.479206342,0.826755697
2171,0.377084726,0.447878263,0.620743544,0.476337977,0.842810023
2172,0.378551168,0.415456503,0.618687901,0.46394368,0.834810497
2173,0.376625884,0.408538056,0.622092765,0.467258355,0.83665005
2174,0.37719925,0.42760218,0.621740968,0.472503561,0.832475245
2175,0.378927013,0.374784954,0.624522309,0.467222985,0.803602836
2176,0.351610005,0.308934839,0.616420115,0.498451554,0.768187711
2177,0.247688286,0.190956307,0.609358867,0.491723407,0.478276629
2178,0.202176175,0.112999768,0.596788383,0.372180979,0.306830674
2179,0.202167832,0.108033827,0.598174396,0.354823679,0.30236769
2180,0.20998477,0.104585142,0.600972995,0.360308439,0.299025312
2181,0.21293033,0.102685982,0.596841448,0.363970838,0.298316572
2182,0.200916043,0.101871781,0.588941378,0.365016831,0.297415984
2183,0.194549093,0.100845054,0.580053804,0.366601421,0.309260949
2184,0.193900857,0.102999628,0.573365111,0.36915827,0.312936714
2185,0.190932328,0.102968782,0.566895303,0.373113688,0.316233402
2186,0.195957196,0.101735408,0.567031436,0.366237398,0.31302998
2187,0.199293212,0.102834667,0.569451894,0.391503902,0.3121362
2188,0.202560836,0.101333398,0.57436032,0.362421554,0.32112744
2189,0.211863983,0.100835935,0.577995978,0.364453461,0.327407886
2190,0.220262176,0.10289983,0.587455029,0.367036467,0.334985028
2191,0.236724348,0.107492483,0.59773842,0.359119608,0.351475151
2192,0.261729488,0.13162325,0.614918275,0.349435903,0.45652665
2193,0.353503949,0.255633767,0.623593697,0.438754358,0.73995254
2194,0.374722509,0.473781493,0.629527252,0.499100609,0.796409627
2195,0.374500073,0.56088924,0.639751709,0.506785083,0.839240803
2196,0.377988153,0.603049456,0.638830957,0.487715461,0.84780598
2197,0.376417698,0.590805937,0.636946282,0.466700624,0.848074981
2198,0.375891735,0.572505515,0.631544439,0.456470497,0.843748999
2199,0.367637182,0.477978443,0.628816291,0.445834065,0.822646373
2200,0.354089575,0.378967703,0.629567023,0.455698211,0.80081219
2201,0.253919911,0.169930538,0.626594254,0.442703795,0.501583295
2202,0.19110184,0.103909354,0.599681215,0.356156152,0.30876319
2203,0.190958684,0.105600136,0.599326731,0.331462912,0.310144106
2204,0.200604636,0.105135616,0.59761982,0.329978652,0.310103719
2205,0.202219841,0.104649616,0.588671695,0.328238576,0.312496062
2206,0.197426045,0.102672238,0.584141027,0.329228921,0.316583697
2207,0.194399623,0.101716507,0.576044656,0.326571528,0.321078544
2208,0.189847462,0.098373276,0.566747748,0.332009839,0.317814672
2209,0.194605594,0.097888302,0.565461541,0.325951615,0.32048582
2210,0.198902045,0.097372797,0.563166131,0.315771832,0.314330027
2211,0.203532117,0.097474766,0.564861065,0.317076461,0.305735942
2212,0.204295006,0.097865234,0.566908891,0.338565662,0.302378891
2213,0.203333065,0.095253674,0.565712387,0.346244472,0.301322868
2214,0.204878191,0.095263124,0.567296297,0.333233496,0.305499519
2215,0.21017747,0.113232256,0.567818868,0.328907822,0.356246319
2216,0.20846676,0.170455045,0.568011801,0.359979207,0.461112811
2217,0.276984168,0.329523527,0.600851016,0.421485615,0.640730678
2218,0.33414911,0.462829441,0.607382764,0.475314643,0.816842511
2219,0.365514279,0.541011516,0.612499735,0.480077006,0.844657272
2220,0.377379914,0.548323516,0.616498013,0.477765467,0.853834309
2221,0.378615951,0.528000444,0.618962708,0.462135112,0.847594265
2222,0.371670529,0.483002715,0.622176081,0.460940845,0.832675006
2223,0.368301027,0.434788707,0.623133508,0.464057862,0.826974229
2224,0.350147346,0.377656717,0.619037122,0.457539009,0.81301705
2225,0.259497105,0.259328953,0.608870514,0.453467993,0.598247781
2226,0.195323637,0.149221702,0.577957081,0.422550199,0.422443074
2227,0.200807854,0.236061292,0.582763044,0.381710609,0.611364549
2228,0.207020519,0.21334497,0.582708521,0.369927464,0.527810809
2229,0.204097882,0.238921493,0.578326666,0.349149072,0.544424179
2230,0.19689308,0.231831689,0.573476546,0.33454693,0.56466304
2231,0.187317981,0.238524163,0.563208166,0.329963884,0.594337774
2232,0.186584096,0.229542018,0.561111291,0.324999776,0.616309512
2233,0.187279406,0.199057503,0.563850691,0.333165676,0.591409127
2234,0.191508601,0.177304649,0.563891252,0.344425073,0.517090618
2235,0.194528028,0.168112835,0.563238992,0.34517588,0.480078524
2236,0.196894998,0.150653308,0.563707263,0.348320233,0.442227611
2237,0.199321105,0.151253028,0.568036946,0.355240214,0.415663118
2238,0.199154232,0.159153727,0.567242578,0.351447107,0.4333996
2239,0.212665006,0.221864618,0.574867918,0.379617558,0.614410606
2240,0.291446821,0.286382973,0.603586665,0.389807222,0.692935656
2241,0.360242642,0.426958021,0.616464199,0.446996566,0.803120032
2242,0.376620339,0.492486328,0.615798971,0.463444581,0.839343005
2243,0.385028344,0.545419171,0.617306601,0.473852789,0.842460241
2244,0.388076887,0.57980572,0.621337553,0.467614451,0.846619348
2245,0.392801217,0.559538594,0.626746269,0.464042919,0.84581783
2246,0.381959778,0.519520086,0.618478689,0.466905366,0.847782226
2247,0.376207143,0.46451223,0.614448394,0.464087797,0.841927027
2248,0.368326345,0.384169967,0.631979508,0.482946344,0.825176793
2249,0.297366821,0.292168042,0.62541258,0.529568478,0.725498888
2250,0.212606858,0.207721069,0.590554879,0.457326663,0.490250854
2251,0.215201725,0.273051978,0.59433391,0.370143718,0.662518031
2252,0.213187089,0.237473103,0.598205978,0.365041088,0.647696061
2253,0.210895479,0.228991095,0.598603959,0.35916044,0.644105862
2254,0.204613875,0.234380553,0.590542734,0.360992334,0.640895394
2255,0.197866195,0.231761467,0.579991916,0.360328691,0.596695564
2256,0.196417829,0.23105154,0.57611006,0.374094635,0.574095027
2257,0.202833431,0.22866998,0.573520839,0.396431474,0.566707093
2258,0.209404512,0.22420143,0.568819951,0.399477317,0.578761874
2259,0.212765163,0.219607887,0.569962931,0.406110263,0.544671177
2260,0.214496808,0.220921625,0.571732196,0.407739311,0.500246378
2261,0.217276637,0.204437934,0.575169107,0.429689338,0.462522712
2262,0.21314636,0.21654927,0.577620177,0.496530304,0.462113295
2263,0.250043964,0.286455288,0.589237006,0.488138481,0.628127344
2264,0.334037713,0.400209453,0.631576358,0.485853899,0.805538293
2265,0.376353061,0.475409207,0.631739909,0.486333352,0.841694844
2266,0.380278734,0.542811049,0.630905466,0.481834197,0.840583947
2267,0.38896561,0.541904314,0.628616831,0.479671681,0.840766629
2268,0.390740262,0.568127672,0.626273206,0.491808444,0.845267166
2269,0.388214236,0.551351686,0.62561475,0.474487601,0.843514598
2270,0.387679677,0.541482738,0.625444864,0.477358061,0.846712664
2271,0.390324197,0.50053376,0.628944869,0.469793295,0.844047465
2272,0.39366737,0.423190616,0.625673529,0.482942603,0.819005246
2273,0.290008042,0.29831664,0.621267404,0.479376875,0.595042433
2274,0.212421729,0.212868784,0.587181854,0.48430079,0.37077398
2275,0.209774908,0.310029662,0.61456137,0.509378889,0.428154009
2276,0.208922037,0.298127897,0.607922806,0.513705346,0.380874523
2277,0.209643577,0.314950631,0.627580663,0.510235631,0.395040752
2278,0.217003805,0.321615533,0.61748464,0.486645881,0.42292766
2279,0.231731844,0.41522403,0.612810066,0.471383452,0.400085019
2280,0.251793846,0.420380538,0.613532508,0.465100147,0.362690066
2281,0.285812002,0.37423762,0.61690863,0.437265518,0.352432114
2282,0.29652749,0.315634319,0.616635182,0.346799252,0.335958179
2283,0.318059981,0.245793527,0.627163696,0.345961165,0.319733205
2284,0.321973206,0.198148764,0.633430755,0.350825278,0.31582935
2285,0.313125151,0.16245937,0.637014016,0.35778101,0.312458139
2286,0.305520703,0.144230193,0.637671951,0.360542053,0.31059599
2287,0.342838273,0.175985647,0.64147228,0.424870349,0.364911724
2288,0.370737913,0.212988352,0.643415545,0.454837268,0.524817568
2289,0.410079645,0.316005645,0.635021584,0.46180743,0.766977112
2290,0.437685075,0.431667016,0.634477922,0.456210193,0.803108565
2291,0.440388699,0.526188038,0.632442832,0.454366397,0.847777583
2292,0.429785847,0.576516532,0.636939724,0.462148655,0.849521559
2293,0.428515818,0.513629903,0.628162151,0.474852101,0.909573314
2294,0.45800774,0.561047961,0.635968019,0.462728347,0.906258842
2295,0.449673177,0.484739729,0.62592766,0.444361217,0.900539198
2296,0.451601222,0.377947931,0.633802854,0.45322908,0.868033403
2297,0.394006466,0.235690696,0.635262202,0.456457256,0.669736298
2298,0.293297929,0.109519128,0.608282639,0.354464807,0.350163556
2299,0.277716098,0.107775423,0.621905117,0.331812244,0.307946259
2300,0.310830849,0.106820614,0.616017977,0.327608317,0.30516032
2301,0.327613804,0.106158275,0.613609013,0.324791016,0.353026442
2302,0.328385759,0.103148735,0.605862209,0.326100765,0.331244291
2303,0.297270809,0.10152097,0.595198224,0.332780441,0.344158107
2304,0.290915201,0.103193247,0.590675256,0.325515019,0.366548887
2305,0.300291055,0.106933602,0.589899608,0.332207049,0.379712842
2306,0.296484054,0.109729418,0.59471319,0.331604093,0.366725182
2307,0.297277204,0.113205067,0.599794104,0.337981491,0.354836068
2308,0.281349242,0.110886635,0.611682241,0.335570075,0.366617745
2309,0.268897837,0.108578439,0.617450782,0.338970604,0.424180608
2310,0.260650456,0.109487732,0.627455814,0.328541669,0.489115999
2311,0.330436678,0.108789257,0.648323958,0.347333576,0.473442179
2312,0.381723371,0.118752038,0.647435869,0.390716652,0.61443469
2313,0.414203327,0.166954585,0.645412045,0.394208227,0.702026818
2314,0.396763788,0.287426198,0.641401546,0.442985112,0.767933506
2315,0.41676572,0.345905005,0.633259083,0.445346918,0.791715558
2316,0.412597679,0.423589545,0.632775947,0.447514932,0.828400723
2317,0.420820398,0.51987253,0.636470026,0.462450928,0.850857342
2318,0.421956044,0.558663364,0.634911079,0.46235851,0.916460411
2319,0.419173718,0.462538006,0.638289689,0.463881227,0.903787168
2320,0.447341805,0.396593238,0.635904051,0.467121012,0.881251032
2321,0.387635181,0.278186918,0.641527194,0.46361815,0.730319317
2322,0.298232021,0.204806674,0.64347742,0.377047767,0.435838997
2323,0.270135888,0.215281786,0.635862832,0.36551509,0.463600636
2324,0.267540716,0.197764381,0.634271854,0.36738325,0.472460592
2325,0.285882388,0.177274936,0.644059837,0.371992278,0.515939387
2326,0.285138749,0.158395925,0.641011184,0.367569958,0.579757475
2327,0.286031333,0.142500296,0.624170264,0.349358088,0.594464011
2328,0.279073819,0.126765831,0.611455726,0.347133268,0.600817032
2329,0.284480482,0.115392574,0.602964232,0.341261647,0.56000216
2330,0.275791869,0.112539016,0.600672928,0.367157218,0.534615213
2331,0.283306888,0.106945245,0.593347146,0.379437549,0.48750063
2332,0.290472827,0.110006936,0.59543029,0.376593856,0.461673672
2333,0.294637009,0.107296092,0.594602529,0.341114962,0.447156696
2334,0.29596658,0.114337934,0.592642089,0.336865103,0.456534931
2335,0.346292638,0.117693284,0.584326618,0.330685335,0.458943148
2336,0.328637064,0.114281731,0.592095885,0.337584823,0.470183575
2337,0.329929966,0.124612168,0.601212226,0.343800555,0.529178334
2338,0.35710285,0.145930559,0.605243714,0.364631516,0.653692586
2339,0.373005047,0.157209587,0.603890644,0.404624987,0.743449112
2340,0.393487812,0.180509399,0.602648231,0.443189969,0.783461386
2341,0.38701964,0.173033226,0.602909688,0.461665586,0.792139397
2342,0.389837033,0.176995541,0.608394984,0.45034469,0.836916312
2343,0.35684533,0.166836237,0.610124109,0.455328222,0.817882082
2344,0.325631471,0.154192694,0.608251935,0.431341596,0.792421773
2345,0.293622825,0.139770095,0.606396598,0.407915694,0.727973677
2346,0.266837456,0.120476724,0.602948337,0.396712874,0.627927494
2347,0.262505664,0.120995912,0.602814017,0.418773661,0.660024941
2348,0.242857085,0.120787102,0.5964097,0.4041776,0.596863524
2349,0.234134859,0.114809819,0.596140368,0.402983223,0.54435861
2350,0.22236953,0.113772347,0.597063389,0.408411016,0.53483792
2351,0.221757403,0.109970731,0.594786368,0.406777205,0.509380561
2352,0.219530547,0.117553274,0.595082701,0.400902423,0.478544302
2353,0.224315938,0.118824695,0.594772583,0.391209732,0.464720763
2354,0.229476742,0.119739517,0.594744084,0.383958483,0.451715544
2355,0.237251518,0.114239217,0.593253192,0.375400079,0.422394757
2356,0.235204786,0.114582936,0.589599061,0.37009984,0.401996846
2357,0.236158794,0.10965828,0.586315828,0.370758849,0.395474495
2358,0.234513335,0.106024621,0.589941787,0.358142057,0.381373139
2359,0.234948216,0.108283158,0.5927334,0.349995236,0.418981964
2360,0.236611405,0.118704206,0.599057664,0.389005207,0.435586053
2361,0.255311216,0.129679488,0.610510658,0.392112819,0.479234622
2362,0.258481006,0.146118979,0.612302315,0.461965729,0.525047457
2363,0.26740296,0.161261558,0.620490347,0.462236124,0.669112083
2364,0.281284861,0.203203598,0.616463935,0.426169591,0.70600669
2365,0.277869982,0.238800617,0.625606468,0.459846508,0.777136416
2366,0.275888644,0.218433522,0.623190125,0.461681659,0.775517256
2367,0.277952966,0.209619718,0.646132526,0.481045015,0.769767161
2368,0.261287781,0.169594179,0.648431837,0.488231744,0.622436513
2369,0.240273842,0.134339967,0.63999058,0.467960094,0.606297944
2370,0.217251689,0.11709235,0.620465944,0.386440924,0.45323681
2371,0.221665577,0.115611557,0.621689397,0.369613938,0.43343242
2372,0.224002402,0.112739605,0.6101819,0.357989488,0.403809062
2373,0.226502698,0.107883804,0.60300095,0.353575406,0.368932345
2374,0.226533799,0.106635998,0.595246069,0.350513076,0.374044485
2375,0.221740704,0.102862832,0.590678413,0.351658579,0.360518494
2376,0.218162817,0.102750461,0.585735269,0.35870585,0.366292483
2377,0.227550922,0.103752789,0.591319565,0.365509798,0.363785579
2378,0.238348152,0.102964805,0.593578422,0.36846253,0.361011227
2379,0.252785554,0.101135342,0.595572719,0.364195905,0.362776914
2380,0.256936451,0.0983186,0.59159051,0.364241477,0.324116601
2381,0.260070315,0.096375813,0.584273595,0.361777854,0.316730036
2382,0.257799004,0.106439234,0.581643689,0.355939178,0.313949978
2383,0.258230446,0.112195024,0.585362055,0.360116168,0.334255939
2384,0.273725168,0.126227958,0.598765415,0.366448018,0.361302239
2385,0.280446782,0.140444242,0.621516554,0.366380135,0.4064036
2386,0.288301526,0.168467042,0.638103063,0.413155522,0.405864755
2387,0.340909458,0.220974836,0.633446533,0.460553713,0.53955273
2388,0.354448006,0.363926289,0.62863322,0.460565609,0.690944171
2389,0.359003131,0.424880932,0.625645275,0.468641094,0.72607143
2390,0.348960311,0.415410081,0.628060754,0.501787391,0.712772286
2391,0.341654579,0.369605106,0.630163373,0.503271953,0.684774669
2392,0.322022534,0.288829612,0.627541056,0.501583514,0.574103727
2393,0.260991801,0.169986299,0.622792106,0.491732144,0.384385386
2394,0.220404842,0.109127745,0.583095474,0.376318286,0.280218223
2395,0.21869525,0.109421564,0.582639556,0.375054471,0.280417676
2396,0.211652938,0.10921859,0.580380266,0.368169044,0.280238833
2397,0.205298091,0.108406585,0.58140391,0.357978399,0.280230043
2398,0.200490231,0.105462918,0.582130787,0.359433888,0.282987565
2399,0.200393054,0.103174629,0.576636221,0.360073137,0.282741794
2400,0.212848938,0.102761581,0.576999955,0.367816517,0.288054756
2401,0.227223285,0.10124049,0.575561501,0.364797846,0.299151568
2402,0.243572442,0.100518565,0.573892118,0.375146002,0.315373956
2403,0.250132399,0.101066797,0.580905044,0.38102471,0.323280777
2404,0.251253921,0.101977666,0.583761903,0.368948113,0.320493052
2405,0.248176745,0.10446045,0.584005743,0.351013091,0.3181518
2406,0.249454683,0.106079606,0.584754894,0.343751401,0.308841517
2407,0.24409692,0.110102434,0.574740721,0.343038559,0.310514086
2408,0.241782518,0.124454046,0.577016158,0.341268612,0.326299305
2409,0.246465357,0.142549843,0.593026112,0.34570365,0.387924592
2410,0.286082475,0.260686014,0.609761654,0.390935357,0.477584195
2411,0.306945267,0.436830768,0.607411576,0.47026895,0.676026289
2412,0.348152433,0.524733174,0.612606887,0.492982726,0.774003096
2413,0.364095657,0.574741169,0.616248833,0.48879191,0.805994192
2414,0.369997774,0.548273869,0.622125691,0.466514531,0.809671319
2415,0.368771073,0.525834666,0.617526154,0.476132603,0.812036339
2416,0.345877674,0.37607627,0.61688956,0.488111694,0.687231513
2417,0.276694396,0.266520151,0.615912116,0.488344478,0.484838781
2418,0.235198173,0.157032582,0.589534741,0.369858242,0.313109963
2419,0.222473341,0.137835432,0.589275399,0.366964418,0.311043558
2420,0.220760639,0.135207559,0.587391407,0.366287149,0.314546749
2421,0.213718583,0.14275037,0.58410875,0.367977837,0.322224573
2422,0.221370266,0.133971607,0.587869852,0.36109001,0.314925862
2423,0.222536354,0.148147869,0.584152372,0.374789847,0.317308805
2424,0.224920565,0.156230377,0.574945937,0.371399008,0.309040087
2425,0.239528484,0.165768522,0.578929688,0.366819834,0.325858196
2426,0.25953214,0.185149816,0.594297024,0.36578829,0.327468541
2427,0.27314495,0.163189407,0.609219387,0.376824747,0.322367943
2428,0.292060349,0.153458903,0.623217974,0.384621379,0.316495342
2429,0.281281694,0.127270249,0.629836923,0.369521146,0.314370429
2430,0.273404683,0.111677108,0.617033423,0.354836451,0.315341961
2431,0.273823761,0.115171214,0.606475087,0.353966484,0.32907067
2432,0.280624048,0.133220045,0.604691853,0.363512089,0.372984565
2433,0.335865055,0.216496005,0.637075033,0.375639605,0.435095152
2434,0.426112018,0.325252874,0.630965386,0.385707516,0.515304927
2435,0.415348055,0.463069668,0.626284715,0.43047933,0.603302903
2436,0.410543938,0.575820488,0.626589258,0.469057589,0.750911134
2437,0.396901136,0.604193044,0.628029512,0.48052905,0.801647021
2438,0.397325745,0.553023311,0.646759132,0.483235302,0.814818068
2439,0.410747852,0.458421522,0.644935231,0.497719957,0.794868609
2440,0.40980469,0.36118187,0.652208911,0.476741988,0.688368089
2441,0.288912032,0.216842009,0.635909533,0.485287077,0.43429587
2442,0.211486432,0.119813182,0.597348459,0.392048784,0.291685001
2443,0.208407806,0.148414747,0.590403757,0.384733923,0.298175686
2444,0.209932865,0.154561649,0.591124763,0.392292347,0.300784044
2445,0.207341864,0.161979719,0.592404968,0.386013062,0.308218114
2446,0.211941047,0.15174163,0.605043952,0.378400294,0.321982711
2447,0.213287171,0.144275322,0.597618696,0.363005425,0.336934813
2448,0.217524943,0.133822981,0.606951916,0.369996234,0.332692844
2449,0.221542138,0.12731793,0.622629999,0.36565059,0.327448972
2450,0.23507807,0.123522481,0.619970398,0.358810838,0.347655987
2451,0.250140169,0.117983288,0.60381492,0.357983116,0.350611199
2452,0.250892673,0.116211767,0.583784482,0.354148537,0.336237317
2453,0.247056587,0.109204137,0.584612799,0.351317515,0.333685737
2454,0.252098983,0.117745945,0.592667795,0.339767039,0.332427251
2455,0.253188191,0.184749474,0.597426442,0.365090271,0.372192873
2456,0.267172534,0.224234362,0.616182594,0.37583398,0.446169026
2457,0.361770756,0.34796301,0.639478466,0.407429709,0.502806111
2458,0.361485694,0.514820434,0.650210255,0.483913367,0.670326827
2459,0.372440812,0.583870971,0.656028584,0.47637914,0.800475254
2460,0.387070176,0.648283103,0.651515409,0.484173835,0.830847855
2461,0.38715432,0.636310687,0.660706452,0.489475345,0.828368787
2462,0.391630094,0.626224344,0.675320422,0.47900589,0.83761543
2463,0.399355743,0.531005938,0.739840944,0.490707541,0.825169016
2464,0.396691707,0.417800238,0.742121892,0.530289802,0.803060123
2465,0.410764778,0.276710366,0.734120815,0.519309387,0.650846406
2466,0.432461452,0.167667734,0.721382813,0.501669412,0.488676956
2467,0.411242336,0.207111492,0.716835777,0.472943624,0.442410848
2468,0.406945207,0.197850703,0.675684085,0.450305651,0.474315116
2469,0.397667152,0.185263251,0.657845805,0.389093088,0.483330616
2470,0.359224577,0.162278156,0.648987964,0.34965668,0.489116662
2471,0.27521156,0.159478749,0.633846494,0.375198361,0.460801062
2472,0.254645101,0.167652716,0.647422011,0.374915026,0.474585593
2473,0.281368782,0.169125741,0.666301402,0.38049671,0.454246282
2474,0.321387099,0.16915987,0.670631956,0.376681385,0.469735673
2475,0.323108063,0.155967986,0.666059434,0.366665032,0.431418497
2476,0.327930948,0.145938186,0.650776492,0.369963568,0.420337068
2477,0.333795899,0.146356749,0.640817909,0.358648465,0.395842315
2478,0.319940599,0.147986673,0.6387977,0.35154669,0.373998975
2479,0.35250988,0.169438195,0.656938976,0.352557231,0.359102993
2480,0.365147614,0.173677602,0.664036104,0.348457052,0.354562635
2481,0.381517676,0.191885529,0.65812238,0.407781648,0.380919954
2482,0.378298084,0.233821547,0.659204708,0.43491814,0.515588287
2483,0.356114307,0.326430923,0.658582403,0.452994258,0.559639246
2484,0.384695653,0.356866706,0.670953733,0.488564567,0.667064675
2485,0.3603368,0.368985182,0.66825135,0.511041109,0.70513688
2486,0.351792395,0.373557986,0.662088242,0.504265781,0.739256633
2487,0.33148777,0.326456658,0.66741673,0.50484609,0.678430217
2488,0.272991547,0.261971724,0.649317784,0.494527964,0.543096423
2489,0.238858383,0.162299401,0.625204959,0.495148075,0.373196612
2490,0.211782638,0.134328499,0.597483878,0.413316418,0.290785571
2491,0.210301857,0.134060385,0.592687103,0.40110437,0.282383177
2492,0.208542761,0.13763816,0.58772894,0.395161458,0.280686522
2493,0.207164851,0.129502131,0.578264055,0.393386228,0.277713681
2494,0.213447799,0.127611249,0.591466807,0.393643543,0.277576433
2495,0.215232131,0.121145788,0.620427656,0.390502261,0.277301325
2496,0.219096401,0.116305588,0.633185345,0.382519933,0.277748684
2497,0.24564312,0.113624598,0.633800088,0.385925053,0.283251462
2498,0.253893538,0.114336214,0.632532404,0.38978562,0.2897916
2499,0.257789093,0.116196066,0.621997292,0.398021676,0.2968047
2500,0.26268542,0.125733615,0.603453739,0.40127186,0.300319107
2501,0.274343329,0.132031717,0.600478187,0.395319083,0.316859811
2502,0.278584517,0.149634554,0.61410926,0.397988508,0.318813325
2503,0.269765713,0.147987677,0.6172588,0.39012726,0.302026233
2504,0.269680999,0.189019498,0.613993028,0.403781979,0.324583774
2505,0.305219606,0.218693121,0.617032181,0.477434303,0.40461584
2506,0.301235305,0.284596867,0.616268594,0.532893506,0.49063501
2507,0.301158694,0.367225339,0.612032359,0.545036499,0.569571051
2508,0.315426858,0.423099672,0.617284429,0.522727776,0.646215369
2509,0.359851764,0.476300643,0.632415535,0.511548623,0.759046043
2510,0.366224002,0.44749205,0.64057339,0.491998213,0.765979118
2511,0.3509918,0.400456189,0.645651114,0.505178786,0.696676239
2512,0.324126711,0.316793188,0.622340447,0.498016466,0.603800824
2513,0.281873753,0.247984651,0.608042912,0.502303778,0.469222668
2514,0.228646761,0.159856438,0.601086362,0.426731924,0.335196845
2515,0.224305833,0.207986335,0.6062903,0.394492623,0.352996059
2516,0.224439696,0.220860138,0.604749213,0.388561359,0.396883084
2517,0.228379079,0.226081165,0.610185363,0.390999953,0.41715572
2518,0.236430545,0.250012357,0.638920808,0.397022006,0.440399995
2519,0.234578763,0.230905604,0.662802783,0.389676621,0.480374254
2520,0.231926456,0.193419141,0.663277298,0.383854152,0.483490931
2521,0.248011536,0.180116153,0.654985357,0.378932803,0.472415733
2522,0.267580804,0.169925096,0.653409156,0.374690471,0.424107344
2523,0.276586177,0.157264077,0.642385984,0.389246439,0.398992174
2524,0.284037798,0.157688137,0.609108019,0.393015719,0.394872467
2525,0.294464105,0.179862381,0.610909625,0.412541557,0.401233946
2526,0.295496829,0.199430922,0.625667883,0.406821722,0.421444453
2527,0.318162308,0.241896168,0.638949935,0.424375165,0.513724783
2528,0.34348017,0.303789809,0.638224605,0.452571566,0.531008731
2529,0.388266806,0.37113124,0.63492811,0.451967281,0.582702996
2530,0.399737357,0.403735614,0.641619574,0.47456432,0.648924736
2531,0.394458963,0.468153592,0.659402858,0.486474466,0.725860354
2532,0.403088934,0.504001656,0.643990658,0.483572821,0.758683547
2533,0.398188242,0.525339941,0.642050275,0.482048389,0.747529923
2534,0.429382493,0.548963397,0.652641317,0.496976515,0.745577808
2535,0.406433515,0.434147932,0.655165694,0.505175445,0.689962994
2536,0.335124432,0.369711014,0.631885679,0.517033173,0.616050825
2537,0.282725697,0.318712232,0.614505823,0.500809219,0.517979921
2538,0.228331738,0.217617892,0.5922943,0.442130507,0.4306555
2539,0.219061337,0.251974716,0.579461747,0.472049719,0.651207571
2540,0.226023237,0.299477189,0.58885099,0.487207758,0.699138688
2541,0.236373104,0.313491445,0.624061949,0.44444901,0.717461695
2542,0.243668926,0.34319427,0.652969468,0.483848895,0.728714583
2543,0.243315409,0.423342609,0.677195861,0.52023495,0.720164554
2544,0.258426522,0.515809545,0.702885063,0.568300364,0.68941858
2545,0.266037113,0.579433241,0.697585503,0.546529361,0.647588474
2546,0.279104605,0.508054579,0.685761614,0.51876656,0.647226827
2547,0.292817654,0.439416821,0.653009673,0.506211248,0.63249305
2548,0.293640835,0.376890422,0.635924499,0.485986984,0.621116941
2549,0.288941855,0.338328795,0.612846567,0.45652981,0.64763232
2550,0.290271536,0.33481398,0.634097929,0.498549468,0.68024472
2551,0.343278524,0.411089648,0.671931508,0.497807988,0.732725923
2552,0.392842018,0.549777603,0.682276644,0.509099915,0.793023062
2553,0.411980383,0.607395438,0.676274705,0.512304294,0.801860586
2554,0.422752922,0.679561187,0.664595611,0.503166857,0.812750012
2555,0.406472469,0.723408398,0.65471176,0.505043214,0.812892009
2556,0.411586421,0.740583503,0.657327372,0.487890974,0.820732731
2557,0.427651338,0.741817383,0.711165752,0.495090713,0.823042289
2558,0.459197996,0.739707148,0.703833807,0.507981228,0.826444783
2559,0.493216661,0.736623155,0.725143815,0.503360933,0.828645722
2560,0.49323912,0.704313422,0.716883221,0.5017021,0.828610034
2561,0.490025554,0.609165531,0.706655342,0.487728841,0.832184833
2562,0.489862385,0.446511419,0.707927967,0.481313574,0.789992827
2563,0.443217335,0.398296334,0.753485532,0.498500231,0.728596356
2564,0.437142545,0.346879586,0.743614769,0.487689666,0.721618976
2565,0.434917408,0.308698435,0.709470835,0.420577898,0.720105828
2566,0.428339863,0.254423491,0.704338505,0.399056323,0.682587432
2567,0.42230406,0.225630038,0.694443278,0.383975915,0.675903465
2568,0.411900993,0.174649417,0.695608314,0.386430117,0.618553459
2569,0.387259239,0.152557626,0.697101563,0.389259453,0.615143398
2570,0.366824383,0.145757293,0.694291646,0.38803244,0.5915818
2571,0.353591319,0.137986634,0.687004369,0.385887001,0.567670992
2572,0.366852533,0.133930781,0.682447947,0.387669575,0.506508818
2573,0.372513939,0.138476059,0.675225166,0.389983404,0.442475143
2574,0.368961384,0.138592651,0.665018593,0.38876003,0.399717126
2575,0.417755628,0.168353978,0.659624446,0.413751512,0.409825117
2576,0.400617427,0.172726035,0.656304387,0.437462327,0.514593324
2577,0.421192654,0.18935522,0.662044838,0.471444983,0.606270779
2578,0.43020545,0.222770572,0.666218477,0.474445106,0.697112703
2579,0.448036527,0.293561355,0.669476299,0.48662776,0.758613968
2580,0.462166791,0.325821233,0.665379718,0.475625997,0.775287155
2581,0.458881538,0.359786672,0.666149772,0.480672727,0.778102654
2582,0.456458039,0.313177391,0.664396692,0.482755101,0.757843564
2583,0.441254253,0.27757722,0.664846725,0.494345421,0.728958262
2584,0.426452507,0.274161149,0.672334403,0.452833892,0.72659872
2585,0.417180953,0.232349731,0.66859732,0.433427973,0.692588197
2586,0.412208616,0.203884085,0.673637515,0.418164102,0.662704265
2587,0.382668846,0.185401384,0.687294374,0.411330959,0.540170661
2588,0.370748118,0.158777391,0.688326626,0.441901771,0.4469075
2589,0.376001725,0.16013375,0.682537217,0.392424305,0.45909212
2590,0.36704662,0.147204499,0.668556541,0.387217766,0.429756458
2591,0.343645268,0.131892287,0.655830704,0.37737548,0.390066461
2592,0.32394858,0.126870868,0.652440425,0.369673147,0.335557803
2593,0.300671425,0.132260296,0.642378781,0.365970806,0.332772551
2594,0.288009944,0.134755635,0.635407243,0.371584815,0.3273761
2595,0.275768467,0.129317273,0.627216977,0.376527207,0.314495874
2596,0.27389335,0.129595284,0.617103714,0.379146522,0.313752068
2597,0.276877092,0.117489378,0.601739345,0.37597904,0.313878835
2598,0.285974611,0.114022016,0.605443885,0.361591711,0.326385335
2599,0.27953455,0.116114351,0.606677327,0.375031328,0.315512494
2600,0.288459727,0.12819932,0.60735123,0.373775808,0.322008193
2601,0.299232558,0.142664997,0.623940525,0.377516573,0.383991603
2602,0.307503776,0.165124829,0.650347348,0.399650183,0.440802371
2603,0.313137377,0.246368448,0.641621446,0.449474315,0.471486576
2604,0.334458115,0.297464453,0.629349675,0.491884745,0.471809678
2605,0.332062361,0.303620143,0.623542662,0.498265284,0.46731246
2606,0.327972953,0.286506901,0.628065788,0.506006293,0.441502148
2607,0.324332681,0.256685153,0.637058895,0.499277267,0.402145607
2608,0.296843933,0.225438332,0.638473195,0.501306671,0.371963989
2609,0.265305623,0.185162221,0.623547489,0.494793598,0.316915114
2610,0.243288358,0.147758762,0.600189462,0.417747983,0.278427334
2611,0.237092971,0.14515804,0.601776951,0.399013854,0.278558998
2612,0.237881716,0.145679765,0.602342191,0.39186901,0.279466319
2613,0.234815753,0.144717334,0.599560493,0.395950007,0.279266018
2614,0.238011633,0.14198314,0.602635328,0.398076333,0.279285151
2615,0.234636607,0.130522386,0.604793593,0.396739407,0.283136563
2616,0.232139347,0.125926922,0.599289378,0.378913344,0.286170131
2617,0.255102053,0.125548119,0.599014598,0.376306858,0.295635481
2618,0.25002941,0.124807025,0.598877964,0.382230158,0.298377502
2619,0.258192087,0.12566619,0.598753923,0.378603133,0.306642544
2620,0.291385219,0.12790965,0.597997553,0.378863267,0.312342121
2621,0.292158457,0.131751515,0.596106093,0.39524334,0.314790459
2622,0.291076282,0.133035786,0.594484415,0.397354779,0.313057279
2623,0.292582523,0.129431617,0.594943596,0.382965404,0.311553947
2624,0.289485222,0.138851674,0.601572624,0.377320732,0.317390102
2625,0.301717818,0.166483101,0.613552339,0.400118572,0.3484684
2626,0.311992806,0.239331004,0.614883379,0.464421697,0.369497835
2627,0.32833982,0.329431439,0.618483444,0.458909698,0.383409279
2628,0.345998201,0.367219951,0.618472758,0.473552518,0.423814879
2629,0.364163805,0.396909058,0.618572215,0.488562193,0.509100055
2630,0.354092018,0.375803574,0.620783935,0.504102479,0.500993383
2631,0.34024622,0.347805008,0.628536941,0.492861019,0.511395724
2632,0.308501336,0.317096838,0.621894104,0.489980545,0.46371214
2633,0.268184627,0.226732682,0.612912454,0.491658045,0.35789581
2634,0.230254909,0.154944131,0.599784668,0.439547863,0.283494605
2635,0.227694804,0.15181316,0.597192498,0.408347568,0.282291077
2636,0.224263149,0.151499765,0.593154759,0.429544671,0.279938723
2637,0.229245455,0.150154076,0.608976808,0.432053309,0.281199453
2638,0.230041823,0.146727501,0.604263906,0.440794957,0.290245526
2639,0.236466213,0.13715061,0.591103755,0.404776385,0.290905666
2640,0.245565859,0.130269839,0.604328722,0.404124587,0.29589809
2641,0.235461628,0.13073407,0.60715207,0.404089727,0.304375475
2642,0.236747796,0.128637654,0.606385547,0.40311392,0.31039856
2643,0.237854416,0.126230713,0.591152311,0.399268773,0.315131017
2644,0.260249207,0.124473703,0.584744668,0.416987183,0.318200677
2645,0.269651122,0.123959547,0.582467067,0.414462033,0.317288757
2646,0.268148298,0.121643877,0.580475211,0.411536407,0.309416647
2647,0.266607232,0.144815591,0.582948295,0.464820646,0.325173459
2648,0.274058028,0.195761062,0.589526224,0.492291378,0.383044102
2649,0.288226464,0.32779203,0.593927492,0.501039768,0.470449265
2650,0.308393202,0.48210909,0.596070114,0.516918133,0.551889866
2651,0.31548863,0.569425831,0.597114792,0.514556767,0.6068034
2652,0.347948296,0.653421481,0.602619738,0.507577748,0.701323789
2653,0.362383752,0.665538618,0.60283384,0.502763782,0.69839741
2654,0.367204779,0.629430823,0.60336646,0.512921722,0.69485591
2655,0.358497126,0.574248061,0.606185766,0.507777815,0.680993391
2656,0.331829013,0.474766675,0.605427481,0.509698703,0.609043311
2657,0.280519002,0.312100542,0.60244987,0.509761428,0.446378615
2658,0.229348024,0.166091814,0.601065985,0.509081515,0.305604844
2659,0.232774277,0.144666798,0.598394557,0.516234264,0.291755544
2660,0.232784622,0.148592032,0.599515401,0.477592767,0.297681306
2661,0.23107603,0.151986969,0.612691945,0.497895389,0.303664929
2662,0.239984634,0.173305524,0.642508514,0.502257697,0.306854821
2663,0.25228283,0.19401724,0.669082354,0.490442173,0.312446955
2664,0.265305391,0.229566166,0.676168155,0.478436309,0.352028764
2665,0.273125778,0.244480956,0.668596534,0.471419177,0.34785382
2666,0.2774017,0.242500384,0.656519615,0.470503383,0.338238181
2667,0.284051693,0.25029035,0.643236794,0.472735413,0.326608819
2668,0.275492144,0.233947467,0.595564579,0.483245338,0.335577595
2669,0.278745199,0.216279393,0.584915342,0.481957378,0.325662587
2670,0.281984825,0.197409784,0.586781511,0.507056613,0.341630874
2671,0.285602555,0.214150334,0.592324111,0.498032644,0.383710294
2672,0.302961255,0.323849374,0.594037816,0.49676481,0.481553209
2673,0.347881717,0.488907464,0.60362172,0.502054365,0.552731684
2674,0.375671747,0.596522008,0.619219962,0.513353981,0.697005794
2675,0.382970254,0.659368623,0.624649421,0.515192744,0.758690037
2676,0.377203479,0.714760733,0.629413669,0.526358535,0.78074795
2677,0.373210567,0.668547114,0.633754577,0.525463413,0.852549365
2678,0.374619857,0.65378745,0.637633314,0.516412176,0.873360425
2679,0.365376268,0.662176964,0.633355235,0.504298063,0.871116014
2680,0.340489804,0.587565979,0.63482638,0.504807659,0.864897503
2681,0.319215812,0.470599052,0.634501314,0.504212843,0.809373919
2682,0.263924359,0.37784467,0.621639073,0.485295359,0.723900628
2683,0.273726027,0.334246619,0.620754299,0.471253017,0.60980668
2684,0.277607925,0.386080025,0.626999586,0.484914235,0.618550953
2685,0.285457915,0.352243939,0.657011243,0.492503296,0.605709651
2686,0.282101491,0.33813766,0.663291576,0.491062613,0.613093881
2687,0.282850133,0.31008829,0.655445242,0.490860298,0.600870011
2688,0.290377908,0.286590403,0.653068484,0.509794011,0.589732771
2689,0.311439654,0.280964626,0.650194621,0.509640789,0.566110024
2690,0.332739852,0.265455253,0.655078677,0.507812204,0.541760067
2691,0.329130353,0.263878176,0.657207048,0.50844719,0.494253694
2692,0.336385833,0.282001821,0.651743613,0.507684035,0.500991296
2693,0.340929402,0.302152291,0.66851032,0.515838064,0.499435507
2694,0.359903226,0.35619589,0.676188135,0.521684208,0.507559397
2695,0.386701364,0.335424383,0.693857016,0.529406341,0.572696478
2696,0.406210881,0.38216568,0.680474154,0.535015111,0.575417756
2697,0.435581591,0.47597761,0.675467333,0.525915972,0.724272476
2698,0.462693656,0.560585451,0.670029246,0.510387744,0.841853135
2699,0.491477357,0.615443607,0.661322743,0.523059669,0.907158601
2700,0.470671274,0.647960621,0.659872096,0.515919959,0.920598099
2701,0.488160179,0.668499521,0.657491792,0.52263353,0.942209886
2702,0.501570381,0.703065298,0.670665591,0.549341138,0.940528056
2703,0.500690197,0.666431227,0.677470556,0.5536491,0.917907681
2704,0.470213707,0.642080994,0.683658574,0.512694845,0.859031189
2705,0.45432202,0.550915292,0.681223702,0.512436484,0.737943214
2706,0.431022061,0.452006316,0.704918214,0.499909005,0.533833263
2707,0.445853458,0.334146238,0.723665792,0.509432429,0.5105182
2708,0.404562369,0.259227616,0.726863714,0.517645914,0.493168796
2709,0.398471304,0.22014648,0.711297424,0.507054476,0.477069248
2710,0.397258229,0.197660636,0.710261161,0.490641919,0.471635849
2711,0.363214756,0.177206386,0.707227863,0.472656728,0.441182437
2712,0.3220123,0.164661818,0.690876859,0.434291609,0.445106863
2713,0.280133956,0.160146645,0.6824068,0.429663788,0.440168883
2714,0.27521353,0.154768632,0.668247229,0.426621581,0.429333381
2715,0.276161572,0.149775045,0.661215207,0.426759165,0.437720602
2716,0.2864409,0.1463634,0.614526258,0.423521486,0.424453369
2717,0.29899762,0.142572102,0.594794015,0.422730996,0.423388776
2718,0.297711844,0.138042802,0.603152995,0.436010642,0.423988055
2719,0.281887519,0.138514262,0.611752079,0.449586791,0.442722432
2720,0.270931204,0.144628765,0.630852932,0.452200541,0.445636342
2721,0.26278811,0.16257425,0.641591145,0.456087773,0.442694592
2722,0.263162995,0.18020359,0.643998418,0.467053075,0.44797324
2723,0.259819871,0.197853269,0.659291345,0.505046291,0.453875078
2724,0.260228404,0.201741527,0.660615686,0.507378498,0.471491272
2725,0.252432049,0.201733733,0.656972269,0.493006789,0.474763427
2726,0.249664934,0.19949703,0.658842375,0.493929131,0.512113355
2727,0.247620686,0.198670442,0.654145851,0.489110266,0.497327833
2728,0.254463053,0.195262895,0.643105934,0.464256886,0.471748236
2729,0.260777353,0.199865397,0.621823819,0.450183282,0.482939167
2730,0.255472856,0.189530945,0.608855564,0.439287509,0.478043415
2731,0.253079959,0.178706813,0.607791773,0.443780231,0.460593329
2732,0.248489492,0.180301902,0.638072585,0.461745663,0.450261911
2733,0.245892504,0.175399071,0.639760874,0.470559586,0.42258343
2734,0.243005087,0.165427439,0.651954837,0.476517334,0.414274818
2735,0.244474949,0.155131304,0.653788186,0.470712001,0.401011339
2736,0.245153336,0.145114207,0.664343293,0.450374286,0.395076732
2737,0.246432385,0.145117946,0.647449671,0.444031246,0.392697635
2738,0.25134501,0.144094682,0.640396573,0.439501067,0.394209281
2739,0.263520438,0.145229166,0.622822358,0.450381397,0.404055405
2740,0.270875444,0.147635313,0.601896343,0.458861074,0.411039332
2741,0.269440755,0.147293505,0.596245488,0.44136086,0.413755604
2742,0.29263937,0.145919238,0.607237055,0.436596188,0.412980667
2743,0.294579228,0.151522364,0.610304813,0.439286978,0.419771507
2744,0.284938448,0.156009045,0.624210715,0.446279698,0.42048188
2745,0.288226823,0.166791259,0.620250218,0.446376992,0.425585901
2746,0.281462427,0.195788167,0.624198653,0.460252956,0.425864835
2747,0.268028157,0.212425373,0.626645935,0.479270359,0.431320942
2748,0.267887666,0.219216503,0.632573147,0.47159739,0.451457175
2749,0.261117386,0.222781555,0.630695211,0.499726801,0.43102032
2750,0.269052378,0.215688089,0.628368763,0.489336134,0.411740742
2751,0.270565934,0.211241071,0.617714322,0.496584007,0.38353704
2752,0.267940626,0.1989179,0.609952714,0.495492618,0.358960581
2753,0.261308788,0.189394777,0.606076577,0.491917553,0.320000304
2754,0.255292263,0.179590418,0.599261704,0.497317894,0.296560215
2755,0.256049859,0.179487243,0.610426615,0.485162725,0.2858245
2756,0.25855319,0.186611474,0.622577031,0.481215653,0.278510875
2757,0.262508896,0.188196178,0.6292253,0.481623052,0.276707809
2758,0.267536145,0.199418401,0.640019865,0.494481918,0.275481285
2759,0.270207171,0.191100536,0.676970478,0.492843548,0.275827036
2760,0.27729565,0.187239215,0.680605062,0.459674736,0.279150384
2761,0.301054939,0.199411416,0.681742655,0.438603443,0.28240815
2762,0.309850387,0.197561017,0.681093167,0.436991481,0.282698281
2763,0.312596213,0.198081082,0.689834438,0.432752284,0.287917078
2764,0.315572556,0.191746418,0.644055367,0.44839261,0.291024554
2765,0.305677441,0.203371175,0.618935196,0.445940618,0.294013752
2766,0.303324867,0.199818844,0.623056187,0.454345776,0.29367839
2767,0.304003244,0.200940555,0.622683189,0.459147791,0.294359691
2768,0.304684125,0.205874797,0.627990082,0.470521945,0.319289452
2769,0.30876285,0.216044267,0.630546693,0.472743237,0.355627716
2770,0.318262529,0.222161008,0.643926152,0.488366128,0.382598113
2771,0.312387765,0.24639531,0.651094922,0.511550628,0.416542671
2772,0.307853372,0.259795395,0.650342776,0.513841149,0.461356335
2773,0.300727681,0.27179696,0.667560088,0.527005502,0.456905849
2774,0.311729364,0.280999513,0.65983228,0.518442966,0.475020204
2775,0.306683302,0.267380133,0.647255766,0.524148297,0.454902648
2776,0.305955823,0.255118196,0.642531851,0.516888551,0.425448017
2777,0.305250937,0.232374029,0.645671851,0.511165899,0.423205617
2778,0.308333109,0.22124601,0.651187613,0.495089392,0.403103614
2779,0.301691617,0.238516466,0.647020903,0.505414992,0.391759615
2780,0.299258642,0.25086214,0.664732005,0.520626234,0.431210478
2781,0.293261438,0.254139948,0.692439932,0.533391422,0.408874276
2782,0.280770054,0.221197699,0.708290004,0.522840327,0.401302646
2783,0.276838227,0.200171934,0.718159069,0.51416696,0.390062666
2784,0.285474829,0.181561805,0.713760909,0.502750693,0.379421279
2785,0.291587181,0.174149171,0.704150909,0.478838572,0.391908179
2786,0.295914244,0.168769397,0.69456402,0.46357579,0.39503573
2787,0.298774993,0.164104156,0.69011903,0.453298011,0.408952869
2788,0.301282544,0.161866434,0.651825283,0.452887457,0.419726579
2789,0.308217547,0.1628273,0.61956175,0.458087337,0.412534497
2790,0.308222056,0.172683668,0.625455246,0.459151034,0.401367639
2791,0.32037137,0.180539275,0.626927257,0.474685955,0.41419001
2792,0.318248895,0.192139987,0.630577902,0.471982648,0.406848229
2793,0.312558768,0.204907613,0.633304981,0.478911223,0.39912709
2794,0.303417,0.210620041,0.627666475,0.485613251,0.395177127
2795,0.300174741,0.21445273,0.629508059,0.484543459,0.391295401
2796,0.295750615,0.217784131,0.622579935,0.487223663,0.398076523
2797,0.292495827,0.214795119,0.615590962,0.483356426,0.423809805
2798,0.291031102,0.207823999,0.615592426,0.487937406,0.386055048
2799,0.287452756,0.194300966,0.614520453,0.476632993,0.388581031
2800,0.28306154,0.183672035,0.60723917,0.481341384,0.357027836
2801,0.283986327,0.172467095,0.610601248,0.475144988,0.349246563
2802,0.293044674,0.171196496,0.620259322,0.479353887,0.308983779
2803,0.301482945,0.172549637,0.645449633,0.474596345,0.290605014
2804,0.297106029,0.173337446,0.694025069,0.488551652,0.286722948
2805,0.291983097,0.168576739,0.716082188,0.49113466,0.281165998
2806,0.290690814,0.166034321,0.734712894,0.49466157,0.278442525
2807,0.28040816,0.158215976,0.7391166,0.483056785,0.276982614
2808,0.282579926,0.15714208,0.730199156,0.477269027,0.278919641
2809,0.286060117,0.154664783,0.717687264,0.472120254,0.289058731
2810,0.295259868,0.154642375,0.710725522,0.456262917,0.312091509
2811,0.29881393,0.153232094,0.708369873,0.453247757,0.301525228
2812,0.299687362,0.152284722,0.665697757,0.450221377,0.313041098
2813,0.300520878,0.152983539,0.627700094,0.443279302,0.315310712
2814,0.305038193,0.152720693,0.627109045,0.442139728,0.31800681
2815,0.316600302,0.149437165,0.627733669,0.428042678,0.349613094
2816,0.316242938,0.151480103,0.632890383,0.439043247,0.353060503
2817,0.33289438,0.161244028,0.631090123,0.446060585,0.371573401
2818,0.327837512,0.170509366,0.638266482,0.453873261,0.375849996
2819,0.320614202,0.182014808,0.639535285,0.473355932,0.396139459
2820,0.31771643,0.18628401,0.647506929,0.468043782,0.428438252
2821,0.320752706,0.190292962,0.653822241,0.48044376,0.445261917
2822,0.316159932,0.186664727,0.655305095,0.483109625,0.455198859
2823,0.306209062,0.18048541,0.647112517,0.494912527,0.444463139
2824,0.293256064,0.176248705,0.63916378,0.503544703,0.431747276
2825,0.286301876,0.172737745,0.631615539,0.485146067,0.402053825
2826,0.271643845,0.166191576,0.625285894,0.477442758,0.354312377
2827,0.269210178,0.158967094,0.650406225,0.500437472,0.331572561
2828,0.274300561,0.158832593,0.708181749,0.513957357,0.32815357
2829,0.278138641,0.160888401,0.719890355,0.510981259,0.334390844
2830,0.279202837,0.164298158,0.728761611,0.516168091,0.344661031
2831,0.275722383,0.161173979,0.723781677,0.497250081,0.359129112
2832,0.264827985,0.160266825,0.716454368,0.487693502,0.350266509
2833,0.27094672,0.158461195,0.715172384,0.488354811,0.35238732
2834,0.279760839,0.155470226,0.708385241,0.480890202,0.340111372
2835,0.287694437,0.155058446,0.701471633,0.448981176,0.350716227
2836,0.291196512,0.151999071,0.664090399,0.438620852,0.350901116
2837,0.293921797,0.150285192,0.604402901,0.429450774,0.354748015
2838,0.291322876,0.149042371,0.608112871,0.423118895,0.339701033
2839,0.287807091,0.150821747,0.600657451,0.412999424,0.355801606
2840,0.301542081,0.153688101,0.612143863,0.413321197,0.3608935
2841,0.336630934,0.162161292,0.62885157,0.455755935,0.392406553
2842,0.384424613,0.189748908,0.633398564,0.475766745,0.459672521
2843,0.431611864,0.215595302,0.657505237,0.492399867,0.507897648
2844,0.433826528,0.237866528,0.661324093,0.500993617,0.554408855
2845,0.414056712,0.251173785,0.657867644,0.489743879,0.582027375
2846,0.417892582,0.240104399,0.647260102,0.477949199,0.58219902
2847,0.406551867,0.234561316,0.647098112,0.473976041,0.547845428
2848,0.373633045,0.230517643,0.646409496,0.476821425,0.505679643
2849,0.333002629,0.198695629,0.645848639,0.482852388,0.46367791
2850,0.282291613,0.172050006,0.637512588,0.479141839,0.344187625
2851,0.284255138,0.164499432,0.644810563,0.491245129,0.304025543
2852,0.286874112,0.166074048,0.711387985,0.521788518,0.293406982
2853,0.273371178,0.168678206,0.733621115,0.536339145,0.28497901
2854,0.272478381,0.168624352,0.731073991,0.516809115,0.285081423
2855,0.273860756,0.164763033,0.727695873,0.486245528,0.28568608
2856,0.275115807,0.160598276,0.706549099,0.480977436,0.2885003
2857,0.282589859,0.156350199,0.693126566,0.439569537,0.291483718
2858,0.282944188,0.154510108,0.683832705,0.418687892,0.297231565
2859,0.286404944,0.154709923,0.674415182,0.404661336,0.311748011
2860,0.305341703,0.154069601,0.658230071,0.415069045,0.322018477
2861,0.305389508,0.152950438,0.588648376,0.404790491,0.322963085
2862,0.305617232,0.154907282,0.595468361,0.418141134,0.325314396
2863,0.325609697,0.164015826,0.593612629,0.420908558,0.338281919
2864,0.363180283,0.174919035,0.609562796,0.448467988,0.365542271
2865,0.416639401,0.216573129,0.634200597,0.483262224,0.410568152
2866,0.43307331,0.254178249,0.643604851,0.497559793,0.489220305
2867,0.434570865,0.298003345,0.649430036,0.484512474,0.565091942
2868,0.437571799,0.346642658,0.646496044,0.496915143,0.596205088
2869,0.415433484,0.339346352,0.641347741,0.501565059,0.598211751
2870,0.396436593,0.353217886,0.651695114,0.511501053,0.630332892
2871,0.372988648,0.356081459,0.654922073,0.512293525,0.555255695
2872,0.376819593,0.412618397,0.662220048,0.52884779,0.508390548
2873,0.325969069,0.309318064,0.670140328,0.537972907,0.487440807
2874,0.280139986,0.281177114,0.677085647,0.550200002,0.41750082
2875,0.284503095,0.261190399,0.743852513,0.569913236,0.425925677
2876,0.287248025,0.25011346,0.76546987,0.586518452,0.44161872
2877,0.280338206,0.255669887,0.788516666,0.58627772,0.529332539
2878,0.265008804,0.263979176,0.782789122,0.588568281,0.600992893
2879,0.26135234,0.272318723,0.76372492,0.555608372,0.647231344
2880,0.265120541,0.271277885,0.744419136,0.519283227,0.653839289
2881,0.271773674,0.265091476,0.726947468,0.485270606,0.641949091
2882,0.284075429,0.252236623,0.716083537,0.451226928,0.653563182
2883,0.306600387,0.247976402,0.711443118,0.448410842,0.620277621
2884,0.31079947,0.223878457,0.691642344,0.440250305,0.616690491
2885,0.319204864,0.211413193,0.619627948,0.435431975,0.608432691
2886,0.335718815,0.202139394,0.615733772,0.448383769,0.598948388
2887,0.336039866,0.201974833,0.627835209,0.459265768,0.610860674
2888,0.352274028,0.21426806,0.635381292,0.478628453,0.56490373
2889,0.373764283,0.21816939,0.650343436,0.480037243,0.562405671
2890,0.393184487,0.241517555,0.648835842,0.488597533,0.60487648
2891,0.392360676,0.268194688,0.664124845,0.499068837,0.711867219
2892,0.417786609,0.293889241,0.67365062,0.49646242,0.730709152
2893,0.448336819,0.31916063,0.680876365,0.487287524,0.726716256
2894,0.455558071,0.318704039,0.68230754,0.488044053,0.744379609
2895,0.472332221,0.310083966,0.698153865,0.492396386,0.71683638
2896,0.469675106,0.282085587,0.725046675,0.495757479,0.626978683
2897,0.458345052,0.274846036,0.746396782,0.499825191,0.537318022
2898,0.434964227,0.256150829,0.757646567,0.543258615,0.428363471
2899,0.451206154,0.260663665,0.773964423,0.554082607,0.367360905
2900,0.465835456,0.265670857,0.79140966,0.579712159,0.327478491
2901,0.466813912,0.266175972,0.796799147,0.589819687,0.326852156
2902,0.464224554,0.249012917,0.788589095,0.576690334,0.341052793
2903,0.454537062,0.232167385,0.78067503,0.547863088,0.374512325
2904,0.434630398,0.202987348,0.77305073,0.515927459,0.411704555
2905,0.451682188,0.194513122,0.768313042,0.479000273,0.434384034
2906,0.475832787,0.184162275,0.761655709,0.448175907,0.435304885
2907,0.480851307,0.180430904,0.751473762,0.432699974,0.434871706
2908,0.469519415,0.181590677,0.720105492,0.426670857,0.430429974
2909,0.434213863,0.184895194,0.637967212,0.463296409,0.416888798
2910,0.42333703,0.180982215,0.630667489,0.458963623,0.389745873
2911,0.478489326,0.200838046,0.655437244,0.453177941,0.392521886
2912,0.478479997,0.213877688,0.668507519,0.464861107,0.410222417
2913,0.493873892,0.22670762,0.669798723,0.48045786,0.464886242
2914,0.491880589,0.272448483,0.675691546,0.513193128,0.514951425
2915,0.486956506,0.319145855,0.67709984,0.531248861,0.532880007
2916,0.485869523,0.357314293,0.697546226,0.548239342,0.56999607
2917,0.46824514,0.365285016,0.699552353,0.54126579,0.609870346
2918,0.443062195,0.351754769,0.705439756,0.531833005,0.599686189
2919,0.424601821,0.346828033,0.712425322,0.519081082,0.597151095
2920,0.42690049,0.307066127,0.715642908,0.542894373,0.554967119
2921,0.418149217,0.256278984,0.721497456,0.538563357,0.480925855
2922,0.387461659,0.228431242,0.720741789,0.552170815,0.421201315
2923,0.416744267,0.201773212,0.715473802,0.533242399,0.389661103
2924,0.400301759,0.200461578,0.723236873,0.546831863,0.370106946
2925,0.362907661,0.196416896,0.731621519,0.54824483,0.359409916
2926,0.350896516,0.199104479,0.73908797,0.541826219,0.361207427
2927,0.343910024,0.188886447,0.736303194,0.556347809,0.353347622
2928,0.354624673,0.183360816,0.736654246,0.523932709,0.343392051
2929,0.356507271,0.193998554,0.736659315,0.506291314,0.336860775
2930,0.36456684,0.192473992,0.731295221,0.476649959,0.327718355
2931,0.351877436,0.188498083,0.735945293,0.470711296,0.331888957
2932,0.353689116,0.186988731,0.734880137,0.462039261,0.326922688
2933,0.35743786,0.191031482,0.719174487,0.447535548,0.328271572
2934,0.371113033,0.194404959,0.716322891,0.464278835,0.330946767
2935,0.424131034,0.207550742,0.742733773,0.488348292,0.333610143
2936,0.451349096,0.237566672,0.750843704,0.526244801,0.347276483
2937,0.488193096,0.296291668,0.733871552,0.524611412,0.401769304
2938,0.498446847,0.355801435,0.717536161,0.52367312,0.46494462
2939,0.497494729,0.413460995,0.710905387,0.517925554,0.560784529
2940,0.491962472,0.439794304,0.723190726,0.514358305,0.608748655
2941,0.504729946,0.505381228,0.761977081,0.506992259,0.562138895
2942,0.509538989,0.536915203,0.711624528,0.488436438,0.623756563
2943,0.501856972,0.472816745,0.734537457,0.49086879,0.539422828
2944,0.485331407,0.431654027,0.728299122,0.494050089,0.478346881
2945,0.44299661,0.343003981,0.738381945,0.506809184,0.362620699
2946,0.437600859,0.297417116,0.744799303,0.544210261,0.3182743
2947,0.437902964,0.246149876,0.747560506,0.525819774,0.315316362
2948,0.421868604,0.237782262,0.754521175,0.541561221,0.302030167
2949,0.406094914,0.237262719,0.750279388,0.531885169,0.290960835
2950,0.39658301,0.233939028,0.758050064,0.530356575,0.295071746
2951,0.393572648,0.241589875,0.743262218,0.530141722,0.291230151
2952,0.404296634,0.220139709,0.738945157,0.50273954,0.291096073
2953,0.411206426,0.195747448,0.731894944,0.467696098,0.295781414
2954,0.4103403,0.180937514,0.729203422,0.428535032,0.293849204
2955,0.411271895,0.179365539,0.737630311,0.415011762,0.295577711
2956,0.405336911,0.176468993,0.72472949,0.40853087,0.294867536
2957,0.391128576,0.173745995,0.715582665,0.398719685,0.29338949
2958,0.390401641,0.169678643,0.67852355,0.408511321,0.28963109
2959,0.384661493,0.180497694,0.661641229,0.416150781,0.329530049
2960,0.37246769,0.18999933,0.675015169,0.437660266,0.312735448
2961,0.360993624,0.183388275,0.662406805,0.464089402,0.332285544
2962,0.37709031,0.183389957,0.657904638,0.465091366,0.353087146
2963,0.390528749,0.193832716,0.65116561,0.467340907,0.35516092
2964,0.39173923,0.213868999,0.636763212,0.47971283,0.452426604
2965,0.377008086,0.243365128,0.64110443,0.463528759,0.466732764
2966,0.376353796,0.24498395,0.648787633,0.474088441,0.450619537
2967,0.37291992,0.237345737,0.646969563,0.49945972,0.421132608
2968,0.356675554,0.221108676,0.647968566,0.538094551,0.387934736
2969,0.338113355,0.195725703,0.632806679,0.560729797,0.325609612
2970,0.321609088,0.182338262,0.634528765,0.537851799,0.296433785
2971,0.320418404,0.182525181,0.642948838,0.535600832,0.288148044
2972,0.317895796,0.183071772,0.649005563,0.55982783,0.292503152
2973,0.314695178,0.181572639,0.657468006,0.541736623,0.298848004
2974,0.309493027,0.177879741,0.655397031,0.533585787,0.310296109
2975,0.306377163,0.174956403,0.690287463,0.534695013,0.323773904
2976,0.30380263,0.17031769,0.66502045,0.507120431,0.316641196
2977,0.310264868,0.166758846,0.64894544,0.50280282,0.316025473
2978,0.3144305,0.16554033,0.628183071,0.441322774,0.307477633
2979,0.33389726,0.163921736,0.616428711,0.430605231,0.307707534
2980,0.344261355,0.158624659,0.612198357,0.461800423,0.294959065
2981,0.347363995,0.156042774,0.611024107,0.458737224,0.303599043
2982,0.349850557,0.156001027,0.609360989,0.454693782,0.305469909
2983,0.346401896,0.157360219,0.607403212,0.458124248,0.297873547
2984,0.369887386,0.162355602,0.607735156,0.489258464,0.311339537
2985,0.39284525,0.181146867,0.616675559,0.505931464,0.335831541
2986,0.415228742,0.194267156,0.619358858,0.512330115,0.33943089
2987,0.416824176,0.205851703,0.621010436,0.500801594,0.430417599
2988,0.425798456,0.213817812,0.618360298,0.489359367,0.520025847
2989,0.412161468,0.256560566,0.619195182,0.473125805,0.626739198
2990,0.392685544,0.314445823,0.619108407,0.466821483,0.618791543
2991,0.383406336,0.322438867,0.620391074,0.501201824,0.589089167
2992,0.369527976,0.287289539,0.617419735,0.515566712,0.5341947
2993,0.344940233,0.240036354,0.614540001,0.537162755,0.457414869
2994,0.300657833,0.186153048,0.603484327,0.523320781,0.298503477
2995,0.277622019,0.174370699,0.598591239,0.522440406,0.289728223
2996,0.268326626,0.174088786,0.597506695,0.54236866,0.278525103
2997,0.268854773,0.173649742,0.600937794,0.524538811,0.280509784
2998,0.270507987,0.17287936,0.622205793,0.509296051,0.278577792
2999,0.267264924,0.172956775,0.635359045,0.520950111,0.272745368
3000,0.264362154,0.163802451,0.640055079,0.477662629,0.269359454
3001,0.26973453,0.166921954,0.652890763,0.461603409,0.265482823
3002,0.272892537,0.166682323,0.667070968,0.435002468,0.266825783
3003,0.280471839,0.162417918,0.646368538,0.414563204,0.270324585
3004,0.288293892,0.158777198,0.626381856,0.431134541,0.27309493
3005,0.290035844,0.156403026,0.613547428,0.452709285,0.278146602
3006,0.296878674,0.152675979,0.620417642,0.453150245,0.277712069
3007,0.306716318,0.153082031,0.624196858,0.446048556,0.283758735
3008,0.331779653,0.15916113,0.626245023,0.474123056,0.292653277
3009,0.343478071,0.164180049,0.629120358,0.499439472,0.344386306
3010,0.354965467,0.208255041,0.638206451,0.514918976,0.4572431
3011,0.356457362,0.321942529,0.639836123,0.529090617,0.551696369
3012,0.372928591,0.368522575,0.643179495,0.545189211,0.606228351
3013,0.383842996,0.388298572,0.647006713,0.526267276,0.613124662
3014,0.385019899,0.373558651,0.652524731,0.53206382,0.575967553
3015,0.380587835,0.383012514,0.662826456,0.522513405,0.59687437
3016,0.365954668,0.354758558,0.659795709,0.535187573,0.526613607
3017,0.341464733,0.271698648,0.646511466,0.537423508,0.406964304
3018,0.283061693,0.197793711,0.622585677,0.504632835,0.294753887
3019,0.284684754,0.194692538,0.622602079,0.500028198,0.283142704
3020,0.287085416,0.187156769,0.620336636,0.502568435,0.285064475
3021,0.286420515,0.184657678,0.631868401,0.498492197,0.278714671
3022,0.287254177,0.180970625,0.658690497,0.49687698,0.276327548
3023,0.286314766,0.174763481,0.671433937,0.497226895,0.27548969
3024,0.292703713,0.158049304,0.673017448,0.474569757,0.28028382
3025,0.289039925,0.157502867,0.671767517,0.444279566,0.280539264
3026,0.289433998,0.15927152,0.673682876,0.423320073,0.277594913
3027,0.290411781,0.157619861,0.667558979,0.402362136,0.283306314
3028,0.287997055,0.155359162,0.627330537,0.411379126,0.282575036
3029,0.296631815,0.157819258,0.611687153,0.417055581,0.283643735
3030,0.310864932,0.174011574,0.616341927,0.426048058,0.284537511
3031,0.317651529,0.191423731,0.62487821,0.448257324,0.308361453
3032,0.321187052,0.183976516,0.625129379,0.46219021,0.350289793
3033,0.324394193,0.212819648,0.634738522,0.51505146,0.405243976
3034,0.365219301,0.292284486,0.644632869,0.515299613,0.551750498
3035,0.392308902,0.425148548,0.647045172,0.518505753,0.612221384
3036,0.396378259,0.451953266,0.624976084,0.51645803,0.659313866
3037,0.414783668,0.456363219,0.610036873,0.491738848,0.716485458
3038,0.421693439,0.462777753,0.604027005,0.487295953,0.680775912
3039,0.416144211,0.435473088,0.619035898,0.478763677,0.696786984
3040,0.392254641,0.391279438,0.612528178,0.492915456,0.576301478
3041,0.354466238,0.315883557,0.620174341,0.507442626,0.518415749
3042,0.288883908,0.225508279,0.613629783,0.469232203,0.337227572
3043,0.286199579,0.187606346,0.606515892,0.425813758,0.352643182
3044,0.284443985,0.188823167,0.616035968,0.421024149,0.307630906
3045,0.279588683,0.202411739,0.675850535,0.439496452,0.300495722
3046,0.280008735,0.200147936,0.684398663,0.429769436,0.29948687
3047,0.284705593,0.188847254,0.694972805,0.438240981,0.290214921
3048,0.284653419,0.17990575,0.693625446,0.442983966,0.285558911
3049,0.28312497,0.16837598,0.685592783,0.426924416,0.282923148
3050,0.285233163,0.164950231,0.686011765,0.424459695,0.282750646
3051,0.286981965,0.164930552,0.68087198,0.404167512,0.284846785
3052,0.294688873,0.163337306,0.660912847,0.415058048,0.283007011
3053,0.305682811,0.161927099,0.621023714,0.435571683,0.287799764
3054,0.316849745,0.160236201,0.628576153,0.433618866,0.295295249
3055,0.323348349,0.159089355,0.638790385,0.432216733,0.291828009
3056,0.34794047,0.160638577,0.641807934,0.442650418,0.33303124
3057,0.382480052,0.199783801,0.645566793,0.460900019,0.444814109
3058,0.406119953,0.381595393,0.64539998,0.494492657,0.600556712
3059,0.418331864,0.461145444,0.625413756,0.512908301,0.686565233
3060,0.429054433,0.491229063,0.613116141,0.495581513,0.706886671
3061,0.462316715,0.481232715,0.632012855,0.490335959,0.681193362
3062,0.452644472,0.466943821,0.626924209,0.533957846,0.644857612
3063,0.45602192,0.434170205,0.632741832,0.546632691,0.592979899
3064,0.395733901,0.372311918,0.616771041,0.565617577,0.566535317
3065,0.382647828,0.286003237,0.617100122,0.536402464,0.493107823
3066,0.281755947,0.182267286,0.600932175,0.518817178,0.361846861
3067,0.283653695,0.159836693,0.627511865,0.501559034,0.358301119
3068,0.276840769,0.163287714,0.661499547,0.517643845,0.347672816
3069,0.281336934,0.165804406,0.697403387,0.529475914,0.351857993
3070,0.287742318,0.174387586,0.71133425,0.527506501,0.350423995
3071,0.289303693,0.181093182,0.72919147,0.526585816,0.362468804
3072,0.289257606,0.179619285,0.721279073,0.496845427,0.384855735
3073,0.28539537,0.188574847,0.718553234,0.480113383,0.413766335
3074,0.293880862,0.198759958,0.713638591,0.474385233,0.4523883
3075,0.307841653,0.204590467,0.719406727,0.472344005,0.483626538
3076,0.310218852,0.210129882,0.674566757,0.472436886,0.526942294
3077,0.313643606,0.214188767,0.637868669,0.474807555,0.55328812
3078,0.316126591,0.21863535,0.638573289,0.49857958,0.529150039
3079,0.329684779,0.290898608,0.645700207,0.534347751,0.678773434
3080,0.357675235,0.379141458,0.659743139,0.545390437,0.701239444
3081,0.389045244,0.459393236,0.672808755,0.560628871,0.704288099
3082,0.392594274,0.508266065,0.681525619,0.568143647,0.648702866
3083,0.389809847,0.528169048,0.657869195,0.558378445,0.64225517
3084,0.387950781,0.580360978,0.634596824,0.532633676,0.670564611
3085,0.390179203,0.560527286,0.629066328,0.512391327,0.66511198
3086,0.378947337,0.563155481,0.631062645,0.509287905,0.639071083
3087,0.370933903,0.548440755,0.621452954,0.507842959,0.601748727
3088,0.36040017,0.531275271,0.623628519,0.513331244,0.552136765
3089,0.340526792,0.38772483,0.634666851,0.516903501,0.492407044
3090,0.291490323,0.285803209,0.644563455,0.524076558,0.43141268
3091,0.279217506,0.197671045,0.658912087,0.531712433,0.337376102
3092,0.282260945,0.202961467,0.691548831,0.548695728,0.337998126
3093,0.283530842,0.218968278,0.731794563,0.563192183,0.36491037
3094,0.285476214,0.224961443,0.744756006,0.566402195,0.393291283
3095,0.283673235,0.232608216,0.745294625,0.559035908,0.420192335
3096,0.284401302,0.255289669,0.725482895,0.549345673,0.461480318
3097,0.292624116,0.273478351,0.716076625,0.541932723,0.54321455
3098,0.309353804,0.299040036,0.730841241,0.517306256,0.59010159
3099,0.321943011,0.307319081,0.745961703,0.505916491,0.565307369
3100,0.35724733,0.332776638,0.762156468,0.50721768,0.624510432
3101,0.380369932,0.361455638,0.77208195,0.501215945,0.673542644
3102,0.396867259,0.354771241,0.769083068,0.500575387,0.709371082
3103,0.444014846,0.421583375,0.767595173,0.509028827,0.761606935
3104,0.452795391,0.480924023,0.737800026,0.505098272,0.732689598
3105,0.452780755,0.53392805,0.718069047,0.51434497,0.727743349
3106,0.442770234,0.584398536,0.688555927,0.516030906,0.724395529
3107,0.413507414,0.60124396,0.685576726,0.518829487,0.696654528
3108,0.440449592,0.695813001,0.689055181,0.507405436,0.709658922
3109,0.43025286,0.627385639,0.716160408,0.55483685,0.645143797
3110,0.443511977,0.627284927,0.698575738,0.531860441,0.636585096
3111,0.479283967,0.591903478,0.707938134,0.547184395,0.544689255
3112,0.421663093,0.516198002,0.73827463,0.548195088,0.500807549
3113,0.416980406,0.408519842,0.751352299,0.559795572,0.444950268
3114,0.336331827,0.268653955,0.726607934,0.53963447,0.351072836
3115,0.324629066,0.275293107,0.74244036,0.520421108,0.352060446
3116,0.301080726,0.257522895,0.726321609,0.546333323,0.34529155
3117,0.294185106,0.238638117,0.727117455,0.579808477,0.371065123
3118,0.29563938,0.234230677,0.744765422,0.567186424,0.418098615
3119,0.298190035,0.257422353,0.739108404,0.560950665,0.451946112
3120,0.302730923,0.275992782,0.70632315,0.553666442,0.459162858
3121,0.324922674,0.359357945,0.712330294,0.535866569,0.475463165
3122,0.337495722,0.360783499,0.717288728,0.522786022,0.461520219
3123,0.383656588,0.317656681,0.694993294,0.519422751,0.449865557
3124,0.36963118,0.286026414,0.661694529,0.52269512,0.447685205
3125,0.383267916,0.334961173,0.654900609,0.528296323,0.572848438
3126,0.418424814,0.461481023,0.665027521,0.517452286,0.721438896
3127,0.428656954,0.563660001,0.647494356,0.524328845,0.837148046
3128,0.448713252,0.650143643,0.64935861,0.53200538,0.879253433
3129,0.456417621,0.669848592,0.647902357,0.538665722,0.888605709
3130,0.464335528,0.670720292,0.646240687,0.558807303,0.90781322
3131,0.458385177,0.66034292,0.644751757,0.578693314,0.92084376
3132,0.478472383,0.660710674,0.643819806,0.583724741,0.901538065
3133,0.485040247,0.694175318,0.669906426,0.569652803,0.88911505
3134,0.47036448,0.649840737,0.668523099,0.55515262,0.906625858
3135,0.444179431,0.625162454,0.679137307,0.548535343,0.847508789
3136,0.417204208,0.618793623,0.673386344,0.553957125,0.792269843
3137,0.386090075,0.548528239,0.671288529,0.541701921,0.727484723
3138,0.369112548,0.425669926,0.659564563,0.536150597,0.691957823
3139,0.396244806,0.525111773,0.665380258,0.555477094,0.735926164
3140,0.367535655,0.499744686,0.670606177,0.589792854,0.746480026
3141,0.350377424,0.620190208,0.686435221,0.589243165,0.736678842
3142,0.346087285,0.615580069,0.711399204,0.588909508,0.740737076
3143,0.348509226,0.625097442,0.741441321,0.597396167,0.796248533
3144,0.359481268,0.595578483,0.723785674,0.567266226,0.846266287
3145,0.379703597,0.585854806,0.706695051,0.488595818,0.873945282
3146,0.417610999,0.53024841,0.729492958,0.469059199,0.851136127
3147,0.457319248,0.424059809,0.753665294,0.433842902,0.830690534
3148,0.481411499,0.328568713,0.760046059,0.427717987,0.807109803
3149,0.522512873,0.27146156,0.708334908,0.426277209,0.794088073
3150,0.549887307,0.321029448,0.719551359,0.499431432,0.818577398
3151,0.584677987,0.551205332,0.735215625,0.547518464,0.914215793
3152,0.619121581,0.431341355,0.749430355,0.577315944,0.916532468
3153,0.647160615,0.472758996,0.749052863,0.579038294,0.92386537
3154,0.62790931,0.524996548,0.765763449,0.572895137,0.891291596
3155,0.588154372,0.58495144,0.749291027,0.562855382,0.88467064
3156,0.562857572,0.635979407,0.743304632,0.554546463,0.912581829
3157,0.557598906,0.673796005,0.741234311,0.541649691,0.920879707
3158,0.516062467,0.659252809,0.734321139,0.536362775,0.923487121
3159,0.535790131,0.631052199,0.743673823,0.547871236,0.9148165
3160,0.543103279,0.613659417,0.738874242,0.521113377,0.872260214
3161,0.527778095,0.568096562,0.747827337,0.549356406,0.795793134
3162,0.445277528,0.54053943,0.746166202,0.574409054,0.736296463
3163,0.507079161,0.445115025,0.745233978,0.554339491,0.533105491
3164,0.496913655,0.435225955,0.784976294,0.576932035,0.598478165
3165,0.505630208,0.443956492,0.82375274,0.637289975,0.581768093
3166,0.510164961,0.448668897,0.824896208,0.656621195,0.596382899
3167,0.507381224,0.441196312,0.834220302,0.636598167,0.549268602
3168,0.512898676,0.41000923,0.829632653,0.620191456,0.468869583
3169,0.53018138,0.399136092,0.816894651,0.583408992,0.408186973
3170,0.536248243,0.408434671,0.810798085,0.563697568,0.380311569
3171,0.554004359,0.402921992,0.800823663,0.549396224,0.368830994
3172,0.55445646,0.414442263,0.803819123,0.529696556,0.372618722
3173,0.573034527,0.441219543,0.787109292,0.528908963,0.391421948
3174,0.594960568,0.475019589,0.791424749,0.541777188,0.436783317
3175,0.602279662,0.477213735,0.774118157,0.567968715,0.501836256
3176,0.607175608,0.468224716,0.771168248,0.568710267,0.586072557
3177,0.610384828,0.491761352,0.765286498,0.563848959,0.70501851
3178,0.595627537,0.531596273,0.78058013,0.583786626,0.835343803
3179,0.578601111,0.582352067,0.794594615,0.608614951,0.8957231
3180,0.583112868,0.626118218,0.78046184,0.586345796,0.910923722
3181,0.585097284,0.662885314,0.798275732,0.588916297,0.899832878
3182,0.598988422,0.607564194,0.783794231,0.564537144,0.870949808
3183,0.592645355,0.588007417,0.791504541,0.570501644,0.782651759
3184,0.568577132,0.533328355,0.758413362,0.553751113,0.716011478
3185,0.558243065,0.411446425,0.769130241,0.559674016,0.609872922
3186,0.524693582,0.292147275,0.794405776,0.533683233,0.468935177
3187,0.55832472,0.357166558,0.792635613,0.565659601,0.437125968
3188,0.570558811,0.438925962,0.812513809,0.610354131,0.439414919
3189,0.580426954,0.448939121,0.820002513,0.610154732,0.451319981
3190,0.579901127,0.411892169,0.817108866,0.614433232,0.43266322
3191,0.591079714,0.395763401,0.819235465,0.587433888,0.443524636
3192,0.592588012,0.379765607,0.829654765,0.538146879,0.415804708
3193,0.596729313,0.368490683,0.810839645,0.508775372,0.410427357
3194,0.592477166,0.360186042,0.827210276,0.489547767,0.406037643
3195,0.603399565,0.384813384,0.814458858,0.477752936,0.386508129
3196,0.602216676,0.387293903,0.816891127,0.49227329,0.3921883
3197,0.628975117,0.425870865,0.825511393,0.527477304,0.411985941
3198,0.657413345,0.463162591,0.821914873,0.541211136,0.471542386
3199,0.66113392,0.545832042,0.821715012,0.574179477,0.53814096
3200,0.655965806,0.620950968,0.824980368,0.599984522,0.621049162
3201,0.628721908,0.686960462,0.819506295,0.604528707,0.783830615
3202,0.605801321,0.691700085,0.800562091,0.597831137,0.860583181
3203,0.591326563,0.695841241,0.770312448,0.593707845,0.911753101
3204,0.591766808,0.730306727,0.780638415,0.590391021,0.932083159
3205,0.593108184,0.715853283,0.759693944,0.55949387,0.944601751
3206,0.581644279,0.736648217,0.751198098,0.54384779,0.931647639
3207,0.549323631,0.711305366,0.734671133,0.559444995,0.873408374
3208,0.544205628,0.650413501,0.732665683,0.581249778,0.820147928
3209,0.490348565,0.525160933,0.750216508,0.580657914,0.67873444
3210,0.463878682,0.488086763,0.774499728,0.584959607,0.501612952
3211,0.4985315,0.393884219,0.778717697,0.609277958,0.480126234
3212,0.530418349,0.352061849,0.795105367,0.592501507,0.434937798
3213,0.538157946,0.371666727,0.789369999,0.599495925,0.482092789
3214,0.53459805,0.375798653,0.784350852,0.574583782,0.39121523
3215,0.537933595,0.35882996,0.782671381,0.565646884,0.385289243
3216,0.524541348,0.339815812,0.770029511,0.552547832,0.394269207
3217,0.522451843,0.301604876,0.752704145,0.520975343,0.36131855
3218,0.503908357,0.276379535,0.746392591,0.503091263,0.35473057
3219,0.482447909,0.248880682,0.73163618,0.479635209,0.349808362
3220,0.47096468,0.241268278,0.73446303,0.502008612,0.358316447
3221,0.46778628,0.227109799,0.715630845,0.48076393,0.347973381
3222,0.457922453,0.220785507,0.694707436,0.49271014,0.362414549
3223,0.45919683,0.222116185,0.682388277,0.464838082,0.347281496
3224,0.472568784,0.220292517,0.680259987,0.465606245,0.364780596
3225,0.462749924,0.229006339,0.67946236,0.477635599,0.413747482
3226,0.460929021,0.2557932,0.679850207,0.479338474,0.475182044
3227,0.458410128,0.296101648,0.677985729,0.52491123,0.613918335
3228,0.433316136,0.311674372,0.677686278,0.500260998,0.679131717
3229,0.435699189,0.320190063,0.672610261,0.478819745,0.679449746
3230,0.419858777,0.32312286,0.676762304,0.48273405,0.656887513
3231,0.418610921,0.303402546,0.672875274,0.478075614,0.622206289
3232,0.394667308,0.258778691,0.66301931,0.476254729,0.603921661
3233,0.39857085,0.235324233,0.675301346,0.487903638,0.531495464
3234,0.383534202,0.219957892,0.676246376,0.461590605,0.487682659
3235,0.386383539,0.215319254,0.687846515,0.481201104,0.512661094
3236,0.384864561,0.220115858,0.699976599,0.487031268,0.475921003
3237,0.385499094,0.221789427,0.70249939,0.503083146,0.488475208
3238,0.385888205,0.218082345,0.701908431,0.492690862,0.511828516
3239,0.390435983,0.221902011,0.703700006,0.505443069,0.435774406
3240,0.389111907,0.219714277,0.70753199,0.503198949,0.46253756
3241,0.394925762,0.217408755,0.698505205,0.448362065,0.42625051
3242,0.39352745,0.218358166,0.682050588,0.418533623,0.37933812
3243,0.41125037,0.216707968,0.67832673,0.397393334,0.345094373
3244,0.418731259,0.210261413,0.663505645,0.411835775,0.326649033
3245,0.418222084,0.205061404,0.655142869,0.422705242,0.325498266
3246,0.413288233,0.203409113,0.652884876,0.441612357,0.331474325
3247,0.430511446,0.219959738,0.673374674,0.48058139,0.388406313
3248,0.440616284,0.226296496,0.688338421,0.483302188,0.418141261
3249,0.446029881,0.25374185,0.692336073,0.481546507,0.47336899
3250,0.43711615,0.286138889,0.687700362,0.491972844,0.506668791
3251,0.433955866,0.31610723,0.677099429,0.49356083,0.622531253
3252,0.444597602,0.341975108,0.677225866,0.515200211,0.651379265
3253,0.458723128,0.344276639,0.703399764,0.504180542,0.733014769
3254,0.482847348,0.353600069,0.707947359,0.47164289,0.666316884
3255,0.49103839,0.353198451,0.707061727,0.465130572,0.688166162
3256,0.475265439,0.324295637,0.703075832,0.481542389,0.633618685
3257,0.461561577,0.299301215,0.707308052,0.506092518,0.560518267
3258,0.426840315,0.297982448,0.696050267,0.496991076,0.485782798
3259,0.413251341,0.2572747,0.697504402,0.521237278,0.434811982
3260,0.406264453,0.245493967,0.716554157,0.55693842,0.380299425
3261,0.415141113,0.24296664,0.755452985,0.56054818,0.363026507
3262,0.406657526,0.237022414,0.745911007,0.55755229,0.387034686
3263,0.396142583,0.224076995,0.748865416,0.550094559,0.393140808
3264,0.394012922,0.228049371,0.743497532,0.538083986,0.396299409
3265,0.390785609,0.22631543,0.727673491,0.498764393,0.406296978
3266,0.400780774,0.221901467,0.719848426,0.478918754,0.400761428
3267,0.41476196,0.214468737,0.713764212,0.447662685,0.409534688
3268,0.424003436,0.210237472,0.692489578,0.435731799,0.422671505
3269,0.425278562,0.199241288,0.65193357,0.421373907,0.424135344
3270,0.429863582,0.199490684,0.655079827,0.417559908,0.379178586
3271,0.449650948,0.20545404,0.665389046,0.428544422,0.391256476
3272,0.458133138,0.224582064,0.672052787,0.447574062,0.422253504
3273,0.478020762,0.246369214,0.668400118,0.470983503,0.458563027
3274,0.495262253,0.290976459,0.664628478,0.500647256,0.524574694
3275,0.493853775,0.329968907,0.649515773,0.524765545,0.56307307
3276,0.491907587,0.395847395,0.641383865,0.492766207,0.6043072
3277,0.492023645,0.424173174,0.644193398,0.472804978,0.648724432
3278,0.485081384,0.43677244,0.646843565,0.460318198,0.613697546
3279,0.46008494,0.410938898,0.656326832,0.468080123,0.607580562
3280,0.431317633,0.361306982,0.664828989,0.493253336,0.621072649
3281,0.407240153,0.272531266,0.671827622,0.503454455,0.487515102
3282,0.367686446,0.223646137,0.666556243,0.519757864,0.373862999
3283,0.35375029,0.222344957,0.6952412,0.507566086,0.338717047
3284,0.354013532,0.220885463,0.729501123,0.519394691,0.296557789
3285,0.355884104,0.227059709,0.74463895,0.550791544,0.298727724
3286,0.357673743,0.229633659,0.751236433,0.544634185,0.294764174
3287,0.35888991,0.235893961,0.754134787,0.521263907,0.291030287
3288,0.36307028,0.234484693,0.753272398,0.519203635,0.292024989
3289,0.375484042,0.229370853,0.754736526,0.481378517,0.298177641
3290,0.384189065,0.229367069,0.746557749,0.480596397,0.303656159
3291,0.38425901,0.2239744,0.73795383,0.459444793,0.313137851
3292,0.3978213,0.220786784,0.728914903,0.458432122,0.315715864
3293,0.413117943,0.217283775,0.680646829,0.466789824,0.317314164
3294,0.442079538,0.217823085,0.689672443,0.46493519,0.319652062
3295,0.459605311,0.226458861,0.696582001,0.481009626,0.3358308
3296,0.509232667,0.247616289,0.698861941,0.491515929,0.358876264
3297,0.514737522,0.281591262,0.69164874,0.484078806,0.412889862
3298,0.532435896,0.362120964,0.683463286,0.522243728,0.475245178
3299,0.526526004,0.443136107,0.66767201,0.531648252,0.528767112
3300,0.507163809,0.491253704,0.657224337,0.529762185,0.594912044
3301,0.497970265,0.514231048,0.674875879,0.541511583,0.592686851
3302,0.480640283,0.529594595,0.689976576,0.570907968,0.594427978
3303,0.463113021,0.510918102,0.687827199,0.574279574,0.569249458
3304,0.451227526,0.436546781,0.689391516,0.596132897,0.550989383
3305,0.428785875,0.372476968,0.68212127,0.601973676,0.529232418
3306,0.385053547,0.295295004,0.698697821,0.624527265,0.439273094
3307,0.362989496,0.26344673,0.715347205,0.684202861,0.407828344
3308,0.365477121,0.333232335,0.746935455,0.692280895,0.430204239
3309,0.372896461,0.362294533,0.774498701,0.711572973,0.43888229
3310,0.374625146,0.441597944,0.797819934,0.701988883,0.453111543
3311,0.377921779,0.477265653,0.81022006,0.692594496,0.479219262
3312,0.373318196,0.532646643,0.791629331,0.628043575,0.472250601
3313,0.405370095,0.545577018,0.767189185,0.593092764,0.515413015
3314,0.45497904,0.563996728,0.752008917,0.606461321,0.587385864
3315,0.460345551,0.548923649,0.750933301,0.572066859,0.605189311
3316,0.463728248,0.517196302,0.758034918,0.564076416,0.623695437
3317,0.481309659,0.476127415,0.750322016,0.535555742,0.653711973
3318,0.504031145,0.455285618,0.761916006,0.514725433,0.669174962
3319,0.553285757,0.419515243,0.782848506,0.541555931,0.673375203
3320,0.589288932,0.393641688,0.775254018,0.53830127,0.74476502
3321,0.584004448,0.426252859,0.771848901,0.527811992,0.843264094
3322,0.585947465,0.48098583,0.761058743,0.544958956,0.89075615
3323,0.55917253,0.489113474,0.746483473,0.541531267,0.894820206
3324,0.537795602,0.491290018,0.744782089,0.53461322,0.888656173
3325,0.544216212,0.48710464,0.748516298,0.534857275,0.878731868
3326,0.514595755,0.474821528,0.763573822,0.542973831,0.887525457
3327,0.518604458,0.456273225,0.779053821,0.556516755,0.851471436
3328,0.523211153,0.384493267,0.772021477,0.584824502,0.783596467
3329,0.496370977,0.307312087,0.772323485,0.607464072,0.604765295
3330,0.473205081,0.253544065,0.778632058,0.592821184,0.457959488
3331,0.456354454,0.248366118,0.782926878,0.598511227,0.433478768
3332,0.452713191,0.233710964,0.791720428,0.587215468,0.427655254
3333,0.443171237,0.239561954,0.8109373,0.593234692,0.408520352
3334,0.446868678,0.243991745,0.824459428,0.613263407,0.41296772
3335,0.450265998,0.251599303,0.816912765,0.58967667,0.418254786
3336,0.47360056,0.247027862,0.794341478,0.546968236,0.423525215
3337,0.465011611,0.246652577,0.790553137,0.501288954,0.377767672
3338,0.48258669,0.242526338,0.78448833,0.493933845,0.363683019
3339,0.486961068,0.238291905,0.786789941,0.473545225,0.366677282
3340,0.480300231,0.235517109,0.78692344,0.471328824,0.372868008
3341,0.499563497,0.230324254,0.781733829,0.454432681,0.391318136
3342,0.513613816,0.238297312,0.794157919,0.455866279,0.413784994
3343,0.518276006,0.250004508,0.786909354,0.457406916,0.417575434
3344,0.554110324,0.256884299,0.745432259,0.487019187,0.434896624
3345,0.563186637,0.29111561,0.722668895,0.51225304,0.511926834
3346,0.573727226,0.33884648,0.699459898,0.53294693,0.634307237
3347,0.579394652,0.432429118,0.6958177,0.530399631,0.683048134
3348,0.572351787,0.510969472,0.699715716,0.552234407,0.732983272
3349,0.568237445,0.57295413,0.700807573,0.540230839,0.734109039
3350,0.521054627,0.579005022,0.70482446,0.55232483,0.734395834
3351,0.492810281,0.523678666,0.703671563,0.540591598,0.657926127
3352,0.474514176,0.457881534,0.703652762,0.567422281,0.594706329
3353,0.443088914,0.366656703,0.710024525,0.621400551,0.543578248
3354,0.411222352,0.27466021,0.710857424,0.610822467,0.367614451
3355,0.388392016,0.264175823,0.716412273,0.617749386,0.342100806
3356,0.383145005,0.260117144,0.713194729,0.605836507,0.330651911
3357,0.406188192,0.267596655,0.720041403,0.6513227,0.326631152
3358,0.420031397,0.269361152,0.717793615,0.615649478,0.314082086
3359,0.440092956,0.280524414,0.716783193,0.635661397,0.312008739
3360,0.455211377,0.281380402,0.702015491,0.626338927,0.317740526
3361,0.448325286,0.264530017,0.704889232,0.564387389,0.310527873
3362,0.434437814,0.244602808,0.704634198,0.517899357,0.328607255
3363,0.431211476,0.231525713,0.712134725,0.517294708,0.346040476
3364,0.437564656,0.232570947,0.712259529,0.520506078,0.340565517
3365,0.450034549,0.226932652,0.702673071,0.461574173,0.329295281
3366,0.468047166,0.232773669,0.696575222,0.473700997,0.328130738
3367,0.482047916,0.245825981,0.701192895,0.479142685,0.356317554
3368,0.512453986,0.268126633,0.702562756,0.504155,0.412631948
3369,0.54928715,0.337882998,0.702922088,0.506431953,0.469061058
3370,0.606944996,0.489496563,0.696536485,0.505790099,0.53957519
3371,0.610967336,0.631185107,0.705223256,0.498770686,0.582242973
3372,0.622886308,0.673990522,0.709168045,0.520554792,0.578255461
3373,0.593838285,0.6790222,0.707881438,0.544092002,0.563500813
3374,0.560535154,0.668496849,0.705320584,0.547718837,0.557765723
3375,0.552924974,0.647922792,0.708433937,0.55509009,0.554576773
3376,0.533524061,0.568047014,0.707552177,0.547052846,0.496805912
3377,0.499373115,0.473399652,0.710283611,0.572080552,0.446999732
3378,0.447219517,0.331340514,0.70762214,0.591151936,0.386320367
3379,0.436163579,0.253571847,0.712410635,0.561091711,0.304367092
3380,0.436640312,0.239919193,0.708801464,0.58020602,0.30126897
3381,0.42639806,0.251286794,0.718202708,0.592289958,0.307453906
3382,0.42406494,0.256001363,0.716782499,0.587723789,0.305861143
3383,0.423108996,0.265709836,0.71137921,0.572208525,0.317943671
3384,0.422149338,0.261524357,0.707563538,0.575699207,0.30805072
3385,0.424659987,0.260900336,0.700614914,0.579166901,0.314626578
3386,0.438689812,0.253272324,0.705960049,0.55865274,0.316810356
3387,0.442674186,0.246501615,0.711831449,0.53958983,0.304555223
3388,0.461009206,0.246611478,0.70914001,0.490794936,0.320958217
3389,0.484989841,0.266509835,0.699631318,0.497443016,0.327622866
3390,0.515441091,0.308843506,0.69515601,0.509333288,0.360334326
3391,0.557084263,0.364006707,0.70472081,0.528845373,0.405020047
3392,0.616474473,0.508961181,0.711243981,0.557405018,0.467960641
3393,0.615943969,0.578936151,0.714041269,0.588729607,0.502575174
3394,0.608535637,0.600230869,0.719171505,0.582220405,0.519029023
3395,0.590386587,0.626309622,0.71258426,0.580669407,0.523337685
3396,0.573430107,0.64827542,0.716394571,0.599435375,0.526374803
3397,0.570473347,0.677276139,0.722464291,0.622321138,0.532963246
3398,0.548416374,0.659351218,0.717174503,0.619193765,0.515417661
3399,0.539254039,0.64740318,0.71627217,0.620559933,0.498490216
3400,0.522527133,0.598433391,0.713029341,0.619168741,0.479089275
3401,0.482683927,0.484491383,0.709444598,0.665768897,0.441783525
3402,0.432953486,0.478597213,0.718108994,0.672936921,0.414677654
3403,0.442977283,0.525865351,0.713029774,0.699680793,0.41300164
3404,0.451054988,0.521840829,0.707476564,0.673642483,0.396412216
3405,0.424692519,0.577689083,0.727492544,0.692272119,0.408345928
3406,0.445408315,0.588881827,0.7201168,0.688686279,0.407200665
3407,0.445465613,0.583774719,0.717325154,0.688656789,0.419831108
3408,0.449776879,0.561601197,0.715539669,0.650323323,0.412596908
3409,0.462670175,0.524422016,0.752912413,0.646729386,0.44268398
3410,0.479388636,0.52166824,0.741459768,0.645580911,0.49591714
3411,0.48758048,0.524861687,0.735321728,0.589853685,0.619008496
3412,0.52074867,0.50416021,0.738160101,0.563558451,0.625890658
3413,0.560397613,0.519170338,0.728840848,0.55522024,0.68484447
3414,0.603962588,0.493236071,0.719574856,0.560735202,0.721453516
3415,0.626967861,0.484579774,0.7412432,0.620916787,0.715450657
3416,0.644799332,0.472673087,0.750322441,0.634843466,0.767293184
3417,0.643734412,0.453321877,0.80192348,0.641477419,0.755792307
3418,0.637291802,0.462143737,0.816960566,0.652629148,0.735142184
3419,0.640844222,0.487138793,0.825792715,0.672391265,0.759480755
3420,0.661977668,0.480233949,0.822180535,0.688150616,0.813854307
3421,0.659500491,0.497178298,0.82547391,0.661967013,0.82498031
3422,0.648533352,0.484978158,0.813328516,0.629837822,0.811930877
3423,0.627616962,0.451707414,0.805511331,0.622288931,0.769786162
3424,0.588067728,0.404832221,0.781248614,0.62045547,0.74586323
3425,0.554339313,0.371976945,0.764065708,0.649893033,0.648534419
3426,0.551195407,0.356998955,0.75439087,0.640770398,0.603899515
3427,0.548655718,0.338741759,0.752757006,0.651883962,0.576645002
3428,0.555867851,0.359369714,0.75157005,0.602750068,0.514085071
3429,0.555959442,0.370210891,0.758663219,0.614890217,0.470645128
3430,0.553721771,0.382446886,0.783581441,0.60460432,0.416937851
3431,0.570480746,0.382524231,0.77255473,0.586746905,0.414871086
3432,0.590453664,0.366942297,0.786367376,0.558004824,0.395157525
3433,0.581340856,0.339984593,0.78883417,0.517898857,0.413270784
3434,0.582939791,0.317457138,0.802101483,0.507740818,0.415294242
3435,0.59470305,0.292658096,0.801325078,0.472641753,0.431801657
3436,0.61423965,0.278898648,0.800414206,0.463016153,0.429197982
3437,0.62313086,0.28227797,0.799895917,0.457982482,0.412370812
3438,0.640988039,0.286208991,0.788502002,0.457791977,0.394543507
3439,0.670569486,0.291664271,0.800534142,0.503411057,0.374510934
3440,0.638123379,0.300138546,0.802684853,0.526015458,0.399617204
3441,0.667701106,0.340235221,0.792820714,0.513017913,0.449303246
3442,0.664502367,0.375470431,0.77179589,0.532481607,0.481040691
3443,0.665073751,0.480629723,0.777763917,0.524308687,0.62595808
3444,0.676059762,0.528949559,0.785093168,0.523301386,0.694437613
3445,0.685073687,0.520492849,0.77975181,0.5267839,0.701739786
3446,0.664586075,0.499755106,0.770840501,0.526950766,0.69568022
3447,0.634155978,0.503509625,0.760342948,0.496691851,0.687263221
3448,0.611647541,0.436694914,0.754106339,0.532253122,0.670118329
3449,0.571292422,0.361378208,0.742408124,0.543631144,0.590766898
3450,0.517899868,0.248767204,0.731589062,0.533057442,0.341117413
3451,0.510609806,0.221007178,0.737408516,0.508763066,0.326250796
3452,0.502756171,0.21654606,0.721775926,0.508131047,0.341121066
3453,0.481595087,0.215981088,0.70702227,0.508673128,0.355161829
3454,0.467241297,0.216856533,0.706285789,0.523517984,0.318518118
3455,0.473940259,0.215883414,0.702096698,0.516045979,0.300396529
3456,0.470174328,0.215034683,0.704190524,0.492249352,0.300178505
3457,0.462005605,0.216451828,0.714794422,0.476079079,0.3001773
3458,0.456574112,0.215140301,0.715428692,0.450401323,0.299356671
3459,0.45650581,0.211546436,0.716428788,0.424557921,0.302689807
3460,0.472364726,0.209131362,0.713618296,0.423852196,0.306516223
3461,0.488976272,0.204528579,0.710132087,0.421979636,0.308793352
3462,0.502874874,0.203846518,0.703894536,0.444949552,0.311166959
3463,0.520275467,0.20719294,0.69998399,0.488131259,0.311324726
3464,0.576248026,0.254460089,0.699284225,0.532352151,0.368665963
3465,0.612608709,0.332509742,0.711654912,0.546161402,0.47706618
3466,0.636952205,0.492668781,0.734026158,0.559422464,0.567763699
3467,0.628371142,0.589245204,0.746148653,0.560536549,0.622241379
3468,0.614641258,0.600252006,0.747381947,0.552580292,0.619732523
3469,0.611687557,0.58302497,0.746880899,0.536456884,0.606732945
3470,0.601434072,0.59129224,0.75145811,0.504657418,0.5913102
3471,0.579747483,0.556819774,0.751941893,0.524839918,0.592778455
3472,0.562028831,0.51177498,0.745810107,0.533185949,0.507872437
3473,0.533605158,0.444076737,0.721180703,0.512059494,0.494183081
3474,0.466301293,0.304752487,0.705955446,0.518517576,0.393990865
3475,0.424194092,0.318073506,0.695124917,0.497109478,0.342038499
3476,0.426301503,0.248316899,0.69429646,0.496900363,0.326030849
3477,0.433291691,0.227521739,0.706825345,0.49363897,0.321647407
3478,0.442017138,0.218898378,0.724238972,0.519666939,0.317339659
3479,0.441064272,0.217545063,0.734143939,0.514711222,0.325353847
3480,0.436369582,0.215835704,0.731851823,0.508255774,0.322140338
3481,0.436354387,0.218714422,0.733798502,0.468389206,0.321850371
3482,0.439203898,0.219754745,0.729284033,0.438568939,0.329785769
3483,0.439888604,0.221115814,0.712590011,0.441700057,0.330925546
3484,0.434143124,0.221284185,0.704519095,0.440203009,0.329975446
3485,0.430253002,0.219792103,0.685275764,0.450890154,0.326207801
3486,0.435842952,0.220033168,0.688810437,0.460601572,0.325210573
3487,0.45923455,0.238388415,0.685515352,0.511285898,0.357412073
3488,0.48785382,0.296203086,0.699396742,0.541081891,0.405206579
3489,0.53017813,0.445574094,0.716219413,0.552899492,0.503425914
3490,0.553646429,0.556874831,0.733433552,0.557436495,0.555615245
3491,0.565987671,0.608084294,0.740189582,0.55569211,0.593164265
3492,0.557285351,0.614089353,0.749064498,0.561958714,0.595520775
3493,0.561223604,0.618740713,0.755723643,0.554887158,0.652472558
3494,0.560750549,0.639719263,0.78011716,0.539897568,0.631395005
3495,0.56511966,0.584853812,0.780810445,0.535273667,0.585672745
3496,0.55577696,0.502054388,0.767717114,0.544368848,0.509811666
3497,0.479807704,0.430066091,0.754200147,0.5717611,0.461792189
3498,0.461470997,0.297562438,0.736776114,0.583458119,0.393318893
3499,0.432411859,0.223037114,0.73163247,0.536750514,0.324907979
3500,0.430837843,0.216203512,0.747233343,0.539827191,0.324432672
3501,0.420999818,0.215008743,0.761733498,0.530447585,0.329028825
3502,0.408169716,0.215319396,0.759247254,0.525569409,0.332651737
3503,0.408598257,0.214561303,0.757074494,0.506696123,0.331595019
3504,0.416058224,0.211851495,0.757147988,0.438843835,0.331548013
3505,0.412611718,0.211712945,0.749088303,0.432415934,0.329719442
3506,0.407585378,0.216943278,0.745580257,0.437463975,0.324178717
3507,0.412166035,0.22444718,0.75613346,0.456255052,0.326200416
3508,0.42126594,0.230986517,0.743366712,0.492501326,0.334206877
3509,0.432979195,0.230730679,0.728338078,0.518514383,0.329916364
3510,0.440135633,0.235710838,0.728010329,0.549962274,0.350014516
3511,0.47681009,0.293537918,0.724267614,0.575650978,0.419197071
3512,0.513481191,0.41114647,0.734447794,0.565586367,0.453228425
3513,0.526717465,0.521277261,0.762046395,0.555091776,0.483891789
3514,0.533824679,0.574585872,0.766558293,0.546838718,0.509835989
3515,0.528998649,0.608444449,0.75605485,0.544183625,0.538145584
3516,0.534486978,0.611391163,0.750115099,0.546525618,0.547417895
3517,0.579655538,0.605630235,0.784756047,0.530001606,0.603489976
3518,0.572142646,0.670506449,0.803950308,0.561885717,0.556161743
3519,0.577208961,0.633801573,0.790923163,0.555318577,0.596928145
3520,0.565270403,0.606863987,0.791053522,0.549315872,0.550161597
3521,0.533426391,0.501230259,0.768254981,0.548809357,0.515111513
3522,0.463722831,0.341890049,0.757892915,0.536788412,0.481456445
3523,0.436558099,0.357454513,0.75052837,0.550162843,0.394764872
3524,0.448140948,0.34696647,0.746590458,0.54939002,0.394817007
3525,0.439050281,0.352406412,0.750985566,0.56561465,0.401829143
3526,0.425206847,0.387843967,0.762357947,0.583051334,0.402626608
3527,0.421543226,0.44663172,0.786352552,0.591642497,0.418553801
3528,0.427908032,0.522847784,0.795651596,0.592662897,0.405654435
3529,0.45446035,0.445489438,0.791659015,0.566211169,0.396119081
3530,0.461570009,0.419713148,0.793280803,0.559481392,0.397757976
3531,0.461821886,0.378613157,0.798761597,0.547250718,0.371473738
3532,0.487070099,0.3249773,0.791402905,0.522207023,0.365430852
3533,0.486177249,0.314885446,0.779246598,0.487815429,0.400979586
3534,0.500468785,0.345136191,0.75344151,0.523441218,0.426480408
3535,0.508667481,0.649502506,0.756383995,0.587817654,0.471275169
3536,0.557372392,0.658678746,0.762277099,0.586690893,0.507090354
3537,0.564276157,0.614730104,0.773460703,0.590905736,0.536355512
3538,0.590795708,0.558766866,0.778341715,0.587879476,0.543676053
3539,0.641666055,0.666768675,0.779718956,0.566288634,0.650863173
3540,0.661123947,0.695413563,0.796543211,0.561358091,0.601445092
3541,0.645597908,0.72148093,0.808859635,0.580155725,0.642918853
3542,0.628285084,0.700456457,0.815442043,0.607736544,0.60769428
3543,0.602080261,0.688988295,0.828798698,0.608490374,0.618989612
3544,0.551375088,0.594027985,0.822197794,0.602330688,0.658182415
3545,0.481022321,0.594834498,0.80693048,0.629488547,0.651399354
3546,0.470454716,0.439593328,0.801883965,0.633491657,0.659901988
3547,0.462709773,0.350626432,0.799172418,0.633826009,0.401224282
3548,0.425331902,0.383565609,0.799137717,0.64812028,0.401256234
3549,0.421464691,0.592510012,0.797857773,0.650548221,0.435387467
3550,0.419628759,0.666366697,0.805547472,0.646629036,0.515420145
3551,0.421681161,0.638327806,0.810869256,0.660699892,0.598785188
3552,0.431264939,0.653490648,0.805589953,0.643408823,0.56883984
3553,0.431333975,0.698491057,0.800632458,0.61923192,0.561415577
3554,0.436757877,0.66019219,0.803899395,0.580589148,0.590593925
3555,0.44549433,0.633036002,0.802719123,0.596072643,0.611290754
3556,0.464116088,0.630390482,0.820489531,0.577107535,0.626231072
3557,0.487754909,0.613696685,0.797087212,0.589326991,0.645303747
3558,0.511956091,0.571601244,0.749927055,0.555457727,0.713299584
3559,0.558673551,0.620263924,0.744402436,0.56446551,0.757433898
3560,0.595547174,0.701934924,0.75262853,0.575689514,0.788018484
3561,0.620626423,0.745954066,0.758603638,0.614443006,0.814133793
3562,0.619437656,0.79510217,0.76574945,0.623739035,0.901870563
3563,0.618213407,0.815980595,0.772486097,0.602902581,0.85054103
3564,0.620363907,0.830717012,0.824152979,0.626403437,0.847232572
3565,0.631037725,0.80903349,0.837569766,0.609351859,0.856366948
3566,0.610035721,0.786825677,0.843054874,0.630945468,0.845785271
3567,0.58043481,0.798014889,0.834687349,0.636649245,0.843282964
3568,0.581774861,0.7565738,0.811541089,0.647515028,0.825864903
3569,0.55337727,0.720684079,0.782618979,0.649736437,0.816447952
3570,0.52891234,0.60351865,0.767754345,0.649733688,0.75965382
3571,0.591248049,0.567554531,0.806530979,0.621001643,0.789979246
3572,0.566156362,0.416307661,0.802597234,0.602487216,0.690060176
3573,0.564354972,0.392281837,0.816323253,0.615748535,0.571566172
3574,0.563767592,0.41892716,0.833635703,0.630299291,0.590070147
3575,0.553445837,0.48350762,0.841823045,0.630525747,0.634377627
3576,0.558849687,0.522933029,0.843075663,0.625282703,0.606920329
3577,0.546409412,0.518281686,0.835596345,0.601592011,0.60945769
3578,0.522876705,0.515811216,0.830561954,0.585156427,0.582881742
3579,0.517846549,0.521330479,0.834859326,0.588479117,0.589298672
3580,0.522192988,0.519227474,0.828313528,0.567592367,0.662491984
3581,0.573506662,0.52328494,0.846010368,0.56606504,0.680631202
3582,0.624742866,0.503904734,0.815601417,0.559598488,0.751845336
3583,0.607963715,0.504080052,0.827609264,0.583258276,0.649168016
3584,0.610544357,0.578151692,0.784721324,0.598810367,0.756378278
3585,0.625315633,0.644409216,0.768424452,0.619495753,0.787326166
3586,0.635240082,0.664291266,0.778251657,0.621936108,0.8159654
3587,0.683398878,0.715792333,0.832465386,0.623639501,0.815447697
3588,0.702764621,0.74061501,0.824832853,0.639456858,0.818660509
3589,0.729222797,0.796274185,0.836389469,0.632089004,0.82286229
3590,0.713549744,0.753451496,0.833329003,0.605475732,0.828268854
3591,0.695617303,0.75149117,0.828177176,0.626772516,0.817416846
3592,0.653672705,0.753785574,0.82808722,0.606501907,0.800570568
3593,0.635327611,0.687640969,0.816207715,0.629386012,0.763391728
3594,0.594863761,0.529059623,0.783318264,0.65313046,0.709722586
3595,0.605149943,0.409667731,0.774418651,0.645743481,0.544067787
3596,0.554532887,0.381350377,0.776919269,0.651723641,0.520853682
3597,0.537596531,0.387417143,0.793710904,0.708190112,0.502034699
3598,0.534342986,0.383590412,0.793065934,0.737214443,0.489288225
3599,0.538027931,0.371508437,0.781014599,0.672462843,0.538802098
3600,0.533574474,0.389984676,0.774311172,0.707512612,0.529627233
3601,0.54106247,0.350468776,0.750636869,0.67452962,0.46154962
3602,0.538126541,0.360889651,0.742260767,0.63735212,0.459121894
3603,0.531631409,0.344779629,0.732449366,0.59700073,0.442181035
3604,0.531768016,0.344747859,0.729698464,0.60125911,0.450739474
3605,0.529089548,0.378876522,0.728484937,0.636347709,0.507913816
3606,0.517398121,0.402804049,0.744659025,0.658141652,0.516255033
3607,0.532623908,0.465412187,0.745954224,0.649208993,0.489849743
3608,0.56648167,0.496915076,0.750808872,0.635695833,0.535909515
3609,0.58484329,0.581910551,0.75095096,0.64203509,0.595242327
3610,0.607314217,0.648092186,0.753535877,0.65943726,0.644057351
3611,0.614533229,0.715893025,0.758610513,0.708430139,0.759894994
3612,0.633832421,0.778134887,0.775185598,0.694008732,0.843309885
3613,0.64432725,0.808507635,0.767798614,0.718712247,0.848610447
3614,0.651942459,0.846890286,0.772386076,0.722665108,0.862793093
3615,0.653776871,0.839879312,0.782159619,0.735775181,0.842048967
3616,0.630101019,0.787027855,0.78295525,0.673520768,0.815277505
3617,0.618929703,0.716592362,0.763685567,0.671699262,0.781296281
3618,0.581841396,0.602030194,0.760157633,0.670526214,0.688422889
3619,0.601237179,0.517460488,0.777970361,0.673381042,0.593678584
3620,0.586344937,0.440266106,0.763100598,0.642034314,0.574702593
3621,0.584203976,0.370593073,0.765411019,0.627958066,0.562943028
3622,0.571450051,0.372874389,0.783555999,0.650987959,0.57314156
3623,0.528440803,0.358838626,0.787239815,0.635604865,0.611048922
3624,0.530250885,0.33080116,0.784739272,0.593136014,0.539410014
3625,0.55861935,0.316312909,0.786313812,0.56965077,0.5245277
3626,0.553659749,0.316230712,0.797372907,0.583607715,0.492316003
3627,0.568117743,0.330676436,0.798623337,0.572781402,0.471879323
3628,0.614275467,0.328408238,0.784753095,0.559847939,0.474268847
3629,0.57366792,0.345377227,0.770651828,0.569549828,0.448057699
3630,0.576997121,0.358772316,0.771321067,0.565313757,0.44625035
3631,0.589194198,0.443992482,0.77362136,0.575309876,0.469785156
3632,0.621637845,0.556911973,0.773548695,0.57885655,0.559283509
3633,0.640485014,0.592399962,0.783444018,0.590435044,0.630777962
3634,0.676665731,0.619258215,0.804584442,0.638250552,0.70035751
3635,0.706346025,0.6540101,0.793057963,0.669922806,0.820618839
3636,0.716811865,0.704350291,0.831372409,0.723078707,0.840819571
3637,0.710169944,0.763024492,0.797918143,0.734151792,0.889152871
3638,0.68698583,0.746613047,0.80590789,0.708347837,0.920226901
3639,0.699761984,0.814953764,0.835474912,0.658106448,0.91756978
3640,0.676550341,0.785593267,0.839550344,0.640090714,0.865991253
3641,0.658686537,0.691533591,0.81332542,0.645837069,0.81339531
3642,0.632571064,0.52984248,0.787051856,0.63520058,0.669137681
3643,0.572156646,0.540595317,0.762308078,0.589225707,0.706732809
3644,0.515582227,0.409389843,0.756479344,0.617439499,0.573205392
3645,0.49280315,0.382093455,0.754626189,0.624076567,0.493635002
3646,0.495626931,0.354300277,0.790113924,0.640991867,0.409017692
3647,0.492107515,0.35108616,0.797603464,0.650152244,0.379816679
3648,0.496971742,0.34580525,0.797819475,0.648807493,0.380582563
3649,0.503243289,0.34221533,0.791715068,0.626255006,0.39626644
3650,0.509666753,0.333756758,0.792511432,0.623050059,0.40337882
3651,0.523084288,0.343524858,0.780936474,0.613746813,0.439197469
3652,0.529372272,0.340655364,0.765771383,0.598888145,0.463685461
3653,0.541561757,0.355217938,0.727575146,0.63073055,0.485098525
3654,0.53995955,0.375497211,0.70996507,0.645150761,0.495972441
3655,0.598537307,0.587613243,0.720840294,0.639698792,0.592958911
3656,0.63731195,0.647588528,0.747759912,0.626525798,0.784502805
3657,0.627014014,0.688586628,0.744321817,0.606538484,0.841872008
3658,0.629346048,0.743478282,0.77823986,0.616520574,0.882043991
3659,0.625061161,0.785125359,0.791157509,0.652646982,0.922736006
3660,0.632754242,0.810259793,0.795126997,0.680358994,0.929502568
3661,0.637746473,0.779206382,0.760315668,0.708162089,0.922479514
3662,0.640432644,0.769106095,0.762210529,0.723778259,0.920457383
3663,0.643039261,0.796846218,0.765894724,0.706069575,0.886614025
3664,0.666401108,0.761078893,0.756492454,0.677125342,0.867439072
3665,0.619448875,0.674355366,0.754111293,0.669145858,0.756181424
3666,0.572711129,0.600787322,0.739498038,0.667389074,0.715329579
3667,0.565810462,0.42814618,0.74033484,0.640404025,0.569244702
3668,0.530993078,0.412454187,0.762960306,0.640849832,0.493805832
3669,0.520924907,0.421261265,0.790887098,0.65997256,0.483951571
3670,0.507909459,0.379134945,0.796891444,0.666561073,0.445843491
3671,0.491587435,0.347337066,0.803610322,0.669748582,0.415269955
3672,0.47685624,0.338857675,0.798997909,0.636195538,0.404867365
3673,0.469594227,0.352064537,0.792886272,0.615836251,0.406044868
3674,0.478748284,0.352439277,0.785292012,0.573414813,0.403170144
3675,0.479076676,0.355178978,0.780948955,0.551716224,0.414572132
3676,0.509615817,0.376418054,0.787378581,0.58929753,0.434927461
3677,0.557969597,0.38193958,0.750643664,0.60108804,0.456322623
3678,0.567452251,0.433421416,0.762738173,0.612711874,0.474220091
3679,0.586130974,0.532753625,0.755894552,0.601806914,0.517089406
3680,0.583099155,0.611069823,0.770152247,0.61611093,0.612208461
3681,0.580413515,0.695904003,0.767131351,0.631140714,0.671333891
3682,0.568971996,0.725280778,0.761008871,0.655516457,0.704482284
3683,0.610296931,0.762442978,0.789345406,0.693396697,0.755589426
3684,0.645777025,0.793218253,0.868068587,0.739021748,0.88004566
3685,0.648050868,0.817772358,0.852039083,0.733736897,0.845984732
3686,0.655204417,0.853990289,0.8671623,0.718575037,0.893803297
3687,0.655656022,0.868704262,0.866926233,0.711836387,0.886170409
3688,0.663694984,0.824249626,0.857239547,0.699565803,0.870459333
3689,0.613530948,0.767486569,0.844244362,0.711464427,0.757587005
3690,0.556819312,0.636192313,0.788574857,0.692332163,0.711423864
3691,0.548860081,0.530140879,0.808886281,0.684839983,0.59054112
3692,0.510550527,0.502121816,0.823192816,0.731836455,0.475919959
3693,0.515746154,0.454490968,0.832226254,0.77638329,0.462035202
3694,0.494815375,0.432751803,0.841778074,0.793749401,0.452321193
3695,0.503609958,0.40027831,0.841618197,0.774427327,0.441902752
3696,0.49139175,0.427557839,0.859155808,0.75787197,0.442289693
3697,0.502971557,0.411138294,0.826225437,0.667548456,0.472726727
3698,0.52184557,0.405392585,0.829328318,0.647967165,0.47453736
3699,0.550032383,0.40727548,0.833565107,0.640879941,0.517624942
3700,0.565118552,0.423914824,0.822269307,0.638306084,0.527548822
3701,0.564652657,0.42643884,0.767903653,0.597318943,0.544737156
3702,0.563062169,0.486445016,0.744552056,0.591806892,0.602129576
3703,0.555936406,0.508418664,0.756034505,0.58061238,0.645848519
3704,0.562848372,0.572076073,0.760643104,0.600010514,0.701843429
3705,0.570655599,0.670688558,0.768751593,0.616026663,0.754050629
3706,0.591942365,0.731601738,0.791818873,0.632034474,0.783623535
3707,0.64013375,0.794561308,0.776366351,0.651751007,0.824999387
3708,0.644128215,0.785786258,0.807873238,0.666172432,0.824217993
3709,0.652864103,0.828860246,0.846780507,0.68138803,0.819553963
3710,0.664128453,0.836938823,0.831973176,0.697643764,0.846699993
3711,0.66860896,0.822803251,0.805085183,0.685745567,0.845090924
3712,0.651567963,0.752059378,0.781825311,0.69168885,0.833115837
3713,0.626606204,0.617815575,0.760104292,0.680276314,0.778160445
3714,0.560528611,0.529106003,0.745760105,0.690880669,0.673479297
3715,0.577430053,0.428237441,0.795399714,0.673684648,0.560529249
3716,0.508063398,0.385628749,0.801637857,0.710546751,0.458467726
3717,0.512953734,0.36278816,0.816392556,0.711782198,0.442007735
3718,0.523867439,0.361008544,0.815688954,0.704579948,0.426906682
3719,0.509515733,0.358511732,0.808180437,0.685007279,0.423131332
3720,0.540603379,0.345496757,0.803283806,0.657738293,0.409648452
3721,0.562171392,0.335367987,0.793504397,0.629275212,0.42573609
3722,0.564022319,0.33017739,0.783039966,0.572350997,0.433033216
3723,0.585435652,0.32200613,0.78531404,0.551237767,0.443081465
3724,0.598037857,0.316064405,0.789999891,0.559647363,0.444543227
3725,0.606110512,0.327571182,0.795670376,0.570421618,0.432993329
3726,0.596514681,0.339748455,0.787485839,0.584716382,0.436585974
3727,0.561042093,0.411351683,0.774442049,0.581542702,0.505776413
3728,0.593808688,0.471316341,0.813846898,0.589106791,0.626895689
3729,0.590776294,0.566692569,0.822009033,0.616062843,0.74246249
3730,0.629853306,0.646004937,0.823265505,0.637236536,0.868210938
3731,0.637420699,0.677446168,0.80479508,0.68179105,0.884594271
3732,0.648205367,0.807648136,0.842988068,0.705491563,0.894343735
3733,0.663644745,0.813494713,0.857824883,0.706892448,0.878269466
3734,0.661962354,0.846635952,0.853176517,0.736393919,0.907724466
3735,0.670419961,0.779596308,0.874906987,0.738550716,0.922795624
3736,0.633352671,0.775044646,0.854260151,0.726302377,0.898572548
3737,0.597976354,0.592509327,0.845109146,0.717030142,0.833499303
3738,0.516446158,0.499072785,0.851652634,0.739056127,0.574884379
3739,0.514306626,0.374256298,0.840114081,0.733753909,0.476715984
3740,0.489910084,0.360809089,0.836598989,0.757637516,0.520983638
3741,0.4957775,0.358192406,0.835781047,0.732733825,0.53077539
3742,0.485890277,0.373923155,0.820339786,0.721752093,0.503596632
3743,0.48793372,0.364712704,0.828114859,0.709829191,0.444736948
3744,0.556164399,0.354978774,0.834065878,0.689098273,0.409185349
3745,0.58428391,0.349485363,0.839707997,0.653734329,0.418275476
3746,0.566552506,0.34059892,0.829138026,0.606351414,0.421477298
3747,0.543726534,0.337759048,0.819465891,0.570042587,0.417443739
3748,0.553775384,0.328368971,0.826940331,0.570153977,0.417766312
3749,0.528166862,0.327407116,0.782506269,0.563112987,0.420914525
3750,0.527482639,0.351975996,0.786525181,0.574817036,0.4228035
3751,0.530351239,0.44557206,0.753768508,0.583506724,0.499692078
3752,0.546729871,0.530942173,0.764816996,0.631613208,0.56543986
3753,0.545026461,0.612401092,0.772089493,0.647614763,0.615169031
3754,0.5591662,0.666168138,0.774120283,0.663924749,0.708196991
3755,0.540236684,0.674238132,0.776210472,0.654806311,0.871739994
3756,0.547793686,0.695155963,0.788575431,0.665848671,0.85809651
3757,0.583049308,0.711475443,0.81456533,0.678134964,0.914106289
3758,0.603663952,0.71125682,0.842687334,0.643512608,0.841500108
3759,0.609353461,0.730277573,0.835200581,0.663999391,0.855319893
3760,0.617840726,0.703881069,0.823626927,0.65485036,0.837732689
3761,0.57708705,0.632309395,0.809151067,0.649349947,0.817048295
3762,0.537444828,0.513410844,0.823196943,0.679678164,0.781901973
3763,0.524940147,0.524922292,0.822542014,0.692590228,0.591075996
3764,0.47233661,0.477752258,0.835349638,0.751379027,0.551716072
3765,0.472632183,0.401465837,0.838016053,0.717852752,0.496000453
3766,0.470610917,0.389057822,0.838327123,0.710432938,0.437304375
3767,0.486084184,0.378596461,0.846763471,0.721806651,0.426779839
3768,0.491498243,0.370531078,0.844426558,0.712571994,0.420812162
3769,0.494861811,0.367904032,0.838519065,0.686855105,0.421184694
3770,0.502515127,0.372350656,0.828807655,0.649815246,0.419887476
3771,0.515164149,0.368566076,0.821711554,0.62102016,0.421536329
3772,0.529988098,0.375482433,0.818426357,0.603482428,0.427125307
3773,0.531733037,0.380206044,0.803839873,0.576949823,0.430506631
3774,0.545477081,0.416869044,0.779625681,0.563820065,0.451713918
3775,0.565411465,0.519245664,0.785252771,0.573139061,0.547409801
3776,0.585937978,0.600050859,0.788033185,0.600015065,0.580245191
3777,0.578054038,0.654749201,0.818316834,0.633243854,0.634723403
3778,0.57478503,0.684316584,0.833858291,0.652821876,0.70554332
3779,0.593663175,0.731048943,0.848539297,0.710260468,0.802046613
3780,0.60618713,0.774362064,0.854905699,0.739785715,0.86970749
3781,0.670644224,0.871047027,0.858332779,0.770228791,0.933526333
3782,0.680210541,0.858991706,0.869097339,0.757636121,0.884340255
3783,0.659517235,0.852638933,0.872500405,0.750152241,0.916278332
3784,0.648288829,0.837779576,0.872591742,0.786807543,0.894502268
3785,0.631424888,0.665074533,0.880280788,0.817576009,0.721648629
3786,0.605188651,0.553529603,0.889681492,0.824464737,0.738882722
3787,0.559165065,0.450873126,0.895807167,0.832615758,0.538700552
3788,0.54567801,0.433674864,0.883648156,0.824752073,0.499748507
3789,0.538103446,0.429001134,0.883369542,0.843864895,0.506549158
3790,0.549242494,0.428030059,0.880708937,0.841907737,0.501758337
3791,0.550260304,0.443249286,0.871257263,0.834776139,0.462624252
3792,0.563163651,0.443436383,0.863298122,0.819795328,0.47286057
3793,0.597326023,0.424046238,0.852634075,0.761452828,0.479030658
3794,0.622689834,0.446162753,0.875078363,0.752103404,0.524410442
3795,0.638614645,0.4567414,0.877568548,0.762060827,0.523506151
3796,0.643700401,0.467986314,0.871259454,0.707078409,0.516691345
3797,0.637455034,0.484801297,0.879112711,0.708008776,0.508059378
3798,0.637075707,0.509938752,0.852850989,0.681600435,0.540742141
3799,0.66925752,0.572165991,0.842472107,0.712952248,0.5441529
3800,0.66102798,0.637508246,0.84111549,0.729703838,0.596966963
3801,0.646761015,0.810219389,0.850034392,0.72815128,0.624590566
3802,0.657151504,0.844829413,0.870410486,0.702975665,0.73841782
3803,0.675127504,0.843790267,0.863793533,0.679357711,0.797750351
3804,0.666249724,0.839252856,0.864192907,0.667354668,0.845920073
3805,0.679552555,0.820884696,0.871239768,0.634799388,0.908784654
3806,0.694760988,0.840104213,0.873394634,0.652637474,0.88685673
3807,0.677092704,0.821791528,0.886551519,0.708561673,0.846677406
3808,0.678813809,0.827472136,0.873437148,0.699268741,0.858771158
3809,0.669865121,0.73136628,0.874259477,0.72768296,0.760240195
3810,0.635804766,0.639869407,0.891724921,0.764645168,0.681648706
3811,0.698020263,0.779742518,0.897545393,0.77650161,0.772462829
3812,0.689754492,0.743273417,0.8915183,0.814204514,0.749358713
3813,0.671691861,0.751279946,0.890437839,0.815640475,0.746426169
3814,0.671373734,0.749044093,0.89007825,0.815470942,0.72396754
3815,0.67597886,0.746685687,0.893182025,0.808943198,0.720970824
3816,0.668615135,0.746849946,0.915477099,0.805478735,0.722967412
3817,0.679143539,0.689528061,0.90459432,0.742854826,0.709900186
3818,0.689383491,0.697967799,0.898876551,0.739357428,0.640012729
3819,0.674879842,0.682298354,0.896716979,0.74386491,0.581384671
3820,0.697654825,0.70163224,0.887971751,0.729494411,0.577941677
3821,0.725581487,0.726341102,0.890525791,0.731822992,0.610080067
3822,0.708195646,0.757759538,0.880145651,0.730251833,0.638130752
3823,0.746664589,0.735999566,0.875630308,0.760455078,0.724595395
3824,0.742454603,0.82828979,0.882073443,0.77762944,0.796781885
3825,0.7354551,0.839138518,0.888656427,0.766962357,0.847504274
3826,0.719369766,0.849777975,0.888311712,0.761961241,0.880279975
3827,0.72667457,0.846471537,0.890017059,0.751246547,0.922687125
3828,0.732851732,0.845761977,0.895965683,0.740068095,0.930295673
3829,0.721935533,0.85578486,0.88974914,0.757627709,0.952720484
3830,0.726760428,0.842226089,0.880607884,0.712251453,0.950548942
3831,0.728168616,0.803699921,0.88370715,0.708577701,0.948689669
3832,0.74954874,0.72194792,0.892873568,0.745995016,0.937777508
3833,0.737009431,0.622026956,0.887763223,0.769475662,0.895051263
3834,0.701623486,0.565363259,0.892316799,0.800559392,0.758115863
3835,0.663002416,0.477050047,0.875391467,0.762777502,0.737516097
3836,0.654539666,0.463609042,0.888365343,0.799756261,0.613989534
3837,0.635018267,0.468240284,0.871951562,0.808142358,0.571210156
3838,0.648918229,0.473412711,0.87131362,0.811008309,0.536837769
3839,0.657265659,0.46100691,0.858956041,0.791449832,0.510357777
3840,0.640136333,0.45344068,0.851098969,0.742436652,0.489297148
3841,0.643540931,0.436139509,0.839357761,0.72793398,0.474533271
3842,0.649598294,0.446709396,0.847032673,0.734677068,0.476235696
3843,0.64387987,0.42852716,0.832708762,0.723948543,0.476457602
3844,0.633509299,0.423859421,0.83386107,0.715200915,0.475812336
3845,0.623074952,0.415515746,0.829771205,0.717117727,0.482806157
3846,0.638395186,0.407372252,0.848975521,0.667073089,0.479955213
3847,0.611558415,0.427542446,0.848280573,0.659360094,0.509587294
3848,0.592975236,0.494189636,0.851579245,0.674747775,0.547613767
3849,0.589812438,0.56109176,0.851383032,0.656108112,0.599242934
3850,0.573415292,0.644420508,0.843353959,0.66128487,0.629792223
3851,0.555542797,0.675319136,0.835714406,0.661489007,0.67186801
3852,0.541629646,0.690700485,0.817914695,0.677645069,0.645750696
3853,0.542520321,0.698785724,0.812194499,0.733917415,0.643525658
3854,0.574873159,0.702943454,0.806840938,0.74378589,0.648714394
3855,0.562028354,0.685398783,0.821907142,0.781030144,0.649970998
3856,0.562751039,0.637124688,0.822365572,0.765845246,0.621964614
3857,0.566619897,0.604400578,0.825884747,0.758304521,0.608789215
3858,0.568955934,0.556910673,0.822258677,0.754572646,0.522837597
3859,0.561427557,0.512729813,0.819387195,0.736181935,0.4988815
3860,0.553859726,0.510262619,0.825397348,0.788905692,0.495405304
3861,0.552758575,0.50095716,0.830283086,0.805373222,0.486372902
3862,0.548899194,0.523225213,0.833770577,0.829336548,0.486888752
3863,0.551628217,0.547071387,0.843268358,0.841574374,0.516275896
3864,0.558195714,0.568889052,0.842674273,0.823037515,0.502738881
3865,0.559374473,0.617153061,0.827629162,0.72327453,0.521035769
3866,0.592832912,0.732146546,0.826255806,0.709881549,0.549269712
3867,0.651982176,0.768737791,0.795582112,0.676398804,0.648884196
3868,0.679888042,0.789585858,0.797268761,0.679164524,0.701218979
3869,0.678510391,0.760790966,0.800349682,0.700411334,0.727825553
3870,0.681368623,0.757311738,0.818205944,0.734442825,0.721894259
3871,0.663155241,0.796107364,0.816615263,0.712724789,0.76465848
3872,0.666587796,0.78247438,0.820967083,0.729069261,0.774236635
3873,0.684370532,0.752315535,0.841003598,0.708299712,0.785661344
3874,0.683048849,0.82532438,0.843147877,0.710362916,0.783390421
3875,0.708421941,0.814803044,0.858556477,0.674442915,0.80162554
3876,0.693406374,0.842497177,0.855410003,0.695945357,0.806879883
3877,0.739492347,0.858683819,0.866564762,0.705791938,0.783564892
3878,0.715170122,0.880209054,0.83986357,0.723083601,0.81641665
3879,0.731881821,0.871588065,0.855457891,0.718821019,0.790334357
3880,0.733247891,0.833071935,0.862633556,0.70803579,0.812188782
3881,0.72862298,0.799074479,0.846731992,0.696449345,0.815870681
3882,0.72069909,0.692806108,0.838032818,0.694383635,0.771452202
3883,0.667487303,0.503482174,0.828256805,0.694606728,0.610918372
3884,0.637261427,0.451600699,0.817032681,0.709419469,0.514408036
3885,0.594865732,0.459258087,0.805537929,0.678806349,0.495267905
3886,0.585138474,0.466098021,0.800113623,0.648922317,0.491492696
3887,0.566630068,0.457065086,0.806312718,0.641678838,0.489103241
3888,0.554039534,0.450804799,0.807322218,0.626688747,0.495649092
3889,0.56180311,0.442761138,0.816230856,0.63154851,0.513739419
3890,0.59516031,0.461838599,0.814767313,0.616040265,0.509637672
3891,0.598187312,0.461588629,0.81140483,0.601732911,0.513390085
3892,0.60016333,0.467030885,0.813227572,0.607958982,0.555495434
3893,0.596536993,0.476138843,0.79879639,0.641028005,0.590017759
3894,0.594609452,0.493328636,0.801827223,0.664740582,0.598516681
3895,0.614117501,0.48909242,0.796726953,0.659383436,0.629024068
3896,0.615210787,0.523489619,0.810670065,0.646452293,0.675834766
3897,0.621923189,0.604497872,0.814889688,0.67275456,0.720798039
3898,0.611765675,0.645609715,0.822137833,0.69049282,0.717158373
3899,0.620247621,0.666420178,0.831119257,0.693363215,0.752200631
3900,0.653505457,0.708185961,0.818202959,0.71847263,0.87149983
3901,0.658472078,0.705548742,0.859137492,0.716313372,0.869890547
3902,0.652293487,0.73747043,0.858481531,0.727528171,0.800401303
3903,0.677053198,0.756318278,0.883914968,0.690242817,0.835009707
3904,0.683407634,0.741907753,0.849729198,0.668096339,0.794195984
3905,0.676013441,0.630997231,0.840339712,0.687098055,0.738760493
3906,0.637128208,0.548944949,0.835517017,0.697001017,0.675215748
3907,0.645758622,0.504942867,0.818416268,0.689464483,0.631821356
3908,0.585368778,0.473865506,0.828793058,0.685491595,0.531177638
3909,0.583316289,0.478694283,0.843035303,0.707616663,0.526025537
3910,0.562656752,0.503105582,0.839318814,0.704120612,0.535339791
3911,0.567872049,0.524542578,0.843521213,0.727305232,0.523786504
3912,0.567024023,0.550874672,0.836002581,0.694046873,0.487636916
3913,0.561801849,0.587484396,0.82565213,0.67631127,0.499541882
3914,0.588502057,0.599885401,0.825514257,0.691826345,0.490892249
3915,0.623126568,0.638818018,0.821842897,0.667411808,0.500344542
3916,0.621360177,0.667189017,0.829602994,0.650867975,0.49937658
3917,0.636334995,0.671480243,0.81972989,0.663740027,0.536177988
3918,0.629133954,0.693563669,0.822581583,0.656462463,0.598546423
3919,0.60852262,0.649405718,0.819175942,0.66402422,0.589051028
3920,0.587295616,0.712528407,0.81503394,0.684806975,0.625333629
3921,0.600618622,0.728878331,0.822105301,0.723807357,0.682186013
3922,0.60663844,0.707069537,0.836652527,0.717876157,0.761678608
3923,0.61783715,0.766484165,0.852926874,0.776588744,0.804843292
3924,0.608623493,0.733531011,0.856476321,0.761564166,0.852420132
3925,0.663968755,0.787808597,0.87420113,0.781484447,0.848973288
3926,0.661090053,0.737401477,0.886730229,0.803692078,0.90297589
3927,0.696682948,0.758940457,0.86727923,0.802451966,0.836293189
3928,0.710478309,0.795177813,0.876378094,0.77708842,0.883091861
3929,0.659263157,0.661458824,0.872832682,0.754644598,0.777115494
3930,0.668361804,0.742304133,0.869314697,0.737310416,0.797617977
3931,0.6017091,0.707227209,0.870329968,0.720323855,0.757893012
3932,0.589191063,0.779702227,0.877588302,0.754649759,0.772793176
3933,0.593988209,0.812246313,0.878482299,0.777579711,0.71882654
3934,0.566919996,0.810540154,0.883414294,0.760645077,0.693221901
3935,0.564090558,0.791650694,0.869362736,0.744376551,0.682967722
3936,0.592332148,0.754690199,0.859235669,0.694836031,0.716188009
3937,0.593088221,0.734921998,0.849824726,0.701358477,0.717174275
3938,0.585287118,0.678113329,0.849554365,0.713605328,0.726239445
3939,0.595828476,0.591724301,0.846201279,0.692371225,0.709828942
3940,0.605412873,0.564398814,0.850321748,0.701924409,0.72776122
3941,0.610827354,0.568929613,0.846748899,0.663290967,0.665117861
3942,0.604994093,0.562524964,0.850777956,0.683768921,0.624756346
3943,0.586412913,0.635519454,0.858054618,0.708472321,0.747790326
3944,0.600758406,0.663625443,0.857805138,0.726518564,0.669668011
3945,0.586128143,0.669687138,0.842184837,0.69336011,0.701253449
3946,0.594586802,0.728563866,0.8448401,0.689169445,0.798223007
3947,0.622560826,0.774047708,0.855098422,0.686483438,0.889037751
3948,0.671823253,0.852821479,0.867157872,0.686538018,0.950340351
3949,0.670138449,0.802392811,0.887430647,0.68433044,0.90953086
3950,0.667225771,0.83258477,0.881655979,0.667580299,0.928940441
3951,0.651820913,0.796116114,0.88413888,0.652437701,0.90363243
3952,0.650786551,0.788524033,0.880912257,0.666407727,0.896005243
3953,0.63080524,0.756269831,0.874271794,0.636878153,0.804890642
3954,0.626134836,0.70712445,0.875119516,0.661881482,0.777173382
3955,0.652579972,0.743426961,0.889120042,0.671080343,0.784909947
3956,0.672124581,0.739567427,0.89766157,0.645133063,0.777518114
3957,0.648349252,0.735794271,0.889974384,0.66822799,0.773309704
3958,0.670260173,0.707671931,0.8898618,0.682878538,0.771168429
3959,0.663047214,0.627937597,0.872659457,0.695976464,0.774893286
3960,0.664139909,0.551400018,0.866276678,0.706829028,0.767916974
3961,0.6740164,0.488969114,0.865496773,0.685945762,0.756947071
3962,0.666708008,0.442954955,0.863180977,0.66977218,0.741071385
3963,0.644496588,0.44067221,0.870538562,0.664830318,0.617308578
3964,0.643446581,0.448230382,0.870841503,0.67594426,0.586454068
3965,0.665278542,0.452917554,0.875435755,0.669968964,0.551789127
3966,0.646090114,0.46348805,0.874002861,0.69882136,0.536064988
3967,0.670451469,0.545827863,0.873134186,0.706134734,0.54033982
3968,0.66090975,0.540859731,0.867612096,0.707253026,0.577919695
3969,0.645604418,0.550372741,0.871842925,0.691592135,0.593387051
3970,0.624172901,0.610724396,0.873707962,0.699896077,0.625877196
3971,0.619003412,0.678395749,0.86785487,0.68917653,0.685546985
3972,0.595747324,0.819340721,0.86252297,0.703946525,0.778542416
3973,0.598986588,0.81633081,0.869523517,0.699012397,0.787396204
3974,0.607814496,0.811155764,0.869162639,0.689707327,0.785163697
3975,0.610111104,0.852392463,0.870232262,0.671062189,0.773013285
3976,0.62359427,0.800629444,0.875045947,0.655067184,0.762470627
3977,0.603366612,0.6995494,0.87429259,0.680029896,0.762461848
3978,0.586121933,0.681987255,0.840867739,0.653446486,0.767177199
3979,0.572053198,0.705477406,0.838888981,0.657942079,0.737606393
3980,0.538990834,0.619375043,0.850471922,0.678648615,0.646709414
3981,0.545658151,0.669257402,0.849834019,0.69237232,0.701012313
3982,0.55471833,0.701358651,0.843870037,0.693655258,0.760855745
3983,0.569372491,0.737745086,0.839132847,0.69986513,0.796233136
3984,0.575900113,0.754416252,0.8355467,0.684031115,0.805086081
3985,0.577993534,0.758970048,0.845298388,0.673399734,0.797571095
3986,0.592370448,0.741205538,0.842208528,0.660788663,0.7997668
3987,0.605024851,0.72871242,0.849207679,0.657874475,0.807093715
3988,0.613885819,0.722834155,0.85040187,0.662503394,0.841169027
3989,0.629179404,0.719170092,0.84928347,0.678649032,0.828998152
3990,0.627908825,0.753008041,0.836276788,0.698803494,0.780339407
3991,0.662259061,0.854451347,0.84315692,0.714435606,0.775025791
3992,0.642898175,0.814370019,0.853350418,0.728323376,0.776184182
3993,0.639602465,0.768989005,0.855370059,0.706823135,0.748790062
3994,0.624277004,0.77413818,0.843334327,0.704604212,0.787030903
3995,0.615001089,0.78973736,0.842472891,0.708657215,0.793631832
3996,0.597418805,0.815770881,0.828455239,0.707827251,0.792371795
3997,0.607191363,0.816000145,0.832041983,0.701050516,0.797027222
3998,0.593689892,0.859890373,0.843063296,0.683482993,0.791797478
3999,0.586667211,0.850667517,0.841061064,0.669298124,0.799519141
4000,0.598383877,0.858900505,0.848651806,0.672917145,0.793944625
4001,0.599275832,0.852678045,0.857469349,0.658314597,0.802180927
4002,0.609238519,0.863221183,0.873022624,0.680125566,0.804089952
4003,0.671703837,0.867596509,0.888803268,0.709631566,0.804987398
4004,0.707939583,0.873079375,0.887704698,0.774025506,0.815726463
4005,0.721868224,0.893930613,0.887373587,0.827750468,0.804952567
4006,0.695385423,0.8951752,0.881539959,0.846445528,0.79324403
4007,0.685407172,0.914518017,0.891407125,0.84746919,0.793684076
4008,0.652318672,0.916499822,0.883804542,0.82166602,0.782507823
4009,0.651254928,0.920472945,0.885375318,0.808690016,0.775203385
4010,0.684427446,0.862778355,0.886707033,0.75865152,0.773387119
4011,0.701839674,0.849129358,0.9015679,0.742817464,0.770330879
4012,0.725725672,0.838555856,0.901782347,0.722682969,0.762080268
4013,0.758872883,0.800631747,0.886014213,0.719141197,0.761133231
4014,0.753040502,0.737909467,0.880393744,0.717784342,0.754759887
4015,0.724347931,0.679943919,0.886004628,0.70076619,0.755261495
4016,0.696868529,0.71975703,0.877395038,0.69771613,0.696611455
4017,0.697951901,0.764754507,0.876552515,0.727708652,0.711605209
4018,0.709931933,0.791989118,0.877356423,0.733954835,0.748109821
4019,0.693713924,0.828090744,0.876609846,0.752280767,0.739305944
4020,0.681019881,0.834773234,0.866149455,0.776983642,0.762116765
4021,0.670196638,0.859501361,0.873990792,0.780551248,0.743757789
4022,0.654231154,0.85330055,0.888772604,0.789330846,0.755341572
4023,0.647077901,0.85218542,0.888807096,0.775795162,0.782012595
4024,0.660890613,0.823371692,0.89618933,0.785665156,0.797330025
4025,0.667599839,0.797902401,0.886966646,0.78407713,0.754923569
4026,0.68762967,0.693615794,0.884626544,0.814188336,0.759365789
4027,0.708188449,0.600606641,0.898243875,0.798154648,0.638829348
4028,0.654780061,0.617175988,0.888766745,0.794282229,0.663347931
4029,0.644963225,0.665371779,0.875977865,0.764029278,0.709263796
4030,0.649955009,0.647329615,0.867589396,0.757141804,0.745517618
4031,0.661545755,0.666554379,0.881174305,0.754477643,0.681852463
4032,0.673121168,0.610151047,0.880504376,0.728818644,0.640971851
4033,0.675547456,0.578735062,0.877465685,0.667588513,0.630982375
4034,0.656113532,0.558471729,0.871528698,0.634382455,0.62119233
4035,0.667766825,0.558630372,0.875101237,0.635189205,0.626731207
4036,0.659983224,0.572325379,0.872338807,0.652738327,0.622747128
4037,0.643154073,0.596553648,0.858351198,0.673725755,0.624784593
4038,0.656709926,0.59215679,0.834182121,0.673313507,0.625486021
4039,0.685279649,0.661133504,0.831216815,0.691779792,0.707227878
4040,0.676869099,0.721075,0.840128908,0.698651322,0.723711837
4041,0.695200203,0.804172034,0.860985597,0.693391254,0.761524239
4042,0.707059997,0.836456766,0.876363972,0.683477304,0.793612287
4043,0.734444975,0.869207129,0.872560739,0.69199502,0.814242151
4044,0.733552478,0.895962448,0.869245277,0.712887143,0.80469373
4045,0.748281999,0.874044929,0.875670416,0.697583312,0.791532406
4046,0.763702821,0.898555472,0.876773864,0.726195965,0.791790604
4047,0.760318861,0.908571323,0.874460984,0.705726667,0.788477665
4048,0.741098558,0.886796056,0.874560902,0.698869565,0.786314577
4049,0.757130559,0.853732339,0.890036051,0.710340352,0.742720501
4050,0.712292432,0.789139361,0.894077519,0.750823128,0.731775146
4051,0.736530665,0.764589823,0.901854269,0.777784482,0.782997678
4052,0.709058543,0.747532415,0.913394563,0.805615884,0.683230823
4053,0.707179151,0.788178389,0.913860602,0.802883796,0.680572367
4054,0.707660844,0.757097607,0.899874308,0.780887797,0.686561888
4055,0.707790542,0.712136576,0.910297018,0.776846964,0.672988845
4056,0.706439806,0.70468717,0.917962005,0.76477109,0.659152534
4057,0.68058309,0.667895882,0.901790483,0.733881424,0.651685997
4058,0.670063483,0.677516111,0.881533509,0.71348512,0.66537486
4059,0.670544757,0.692387796,0.873351296,0.727608743,0.676137437
4060,0.679773921,0.726822454,0.883521152,0.760968708,0.685238504
4061,0.699984987,0.745080834,0.890938257,0.777772881,0.705619207
4062,0.723998922,0.770702347,0.896629889,0.793036587,0.701022111
4063,0.751821366,0.819106741,0.905208979,0.789406379,0.762101015
4064,0.755164562,0.845801288,0.91830877,0.754513417,0.779202124
4065,0.802930821,0.862067439,0.916626439,0.717504254,0.823451139
4066,0.796744001,0.896842423,0.913177717,0.706565995,0.893759388
4067,0.775275944,0.883695357,0.889808189,0.680169934,0.917121776
4068,0.776124246,0.870976046,0.869870567,0.686728063,0.91793123
4069,0.75548509,0.875663678,0.866973572,0.678020242,0.929585307
4070,0.767580857,0.876454305,0.881429113,0.667674143,0.933162049
4071,0.796626636,0.869941092,0.884697748,0.689853315,0.901372966
4072,0.7898031,0.859382138,0.894092211,0.683004885,0.889839531
4073,0.787189852,0.802435731,0.891536623,0.704587889,0.924686954
4074,0.760603755,0.734040995,0.889287742,0.698720926,0.818518514
4075,0.765511111,0.713665129,0.88458254,0.687349162,0.695308585
4076,0.745719231,0.628820969,0.884496067,0.705007165,0.664572541
4077,0.750164892,0.632660764,0.882172668,0.719170704,0.668728623
4078,0.765920624,0.64868367,0.877952498,0.734832616,0.664901982
4079,0.763499813,0.643896695,0.878002619,0.734540479,0.665430903
4080,0.79388593,0.666502749,0.881238183,0.750437978,0.666852674
4081,0.798732703,0.655290377,0.885308089,0.741073099,0.656187921
4082,0.812457494,0.637990527,0.894400777,0.726289907,0.655040599
4083,0.801420973,0.622052317,0.892877168,0.706558136,0.660103343
4084,0.789144057,0.618925895,0.890598961,0.714453762,0.657054818
4085,0.779488137,0.615698652,0.882597474,0.717430164,0.659008454
4086,0.770177004,0.632519215,0.879723274,0.722678819,0.663531873
4087,0.76048011,0.656105228,0.871956142,0.744020485,0.698766571
4088,0.76499494,0.669020344,0.864077901,0.754211972,0.710624415
4089,0.741091249,0.714378898,0.854342492,0.741749493,0.764562579
4090,0.73211988,0.759529905,0.838868535,0.715535736,0.804033997
4091,0.727210017,0.764252711,0.827877451,0.707714391,0.815358164
4092,0.698017348,0.761719676,0.824436128,0.704753279,0.807987035
4093,0.715045525,0.759333262,0.835319821,0.697026607,0.825324984
4094,0.706497219,0.755615924,0.837572907,0.746006222,0.815448276
4095,0.721871013,0.748516586,0.838277263,0.729287205,0.787655756
4096,0.704319188,0.738279823,0.839581074,0.726873151,0.714145054
4097,0.700688502,0.696132509,0.850111108,0.731601992,0.714892672
4098,0.681892181,0.66247026,0.857514982,0.741320016,0.68322828
4099,0.680542749,0.641603828,0.86895337,0.754307042,0.696924225
4100,0.662390259,0.651788794,0.888055244,0.74395533,0.653092266
4101,0.660552024,0.652984895,0.887462858,0.720146082,0.651610986
4102,0.672733704,0.662828562,0.888047835,0.71383672,0.658646312
4103,0.675540131,0.778510673,0.877453431,0.715756273,0.678813471
4104,0.698129259,0.791413711,0.870129669,0.713800774,0.745298088
4105,0.710914987,0.795913805,0.864195511,0.692379922,0.781878288
4106,0.720664403,0.790392906,0.866241024,0.67814572,0.752505166
4107,0.726399767,0.770554518,0.867107139,0.661966526,0.775810257
4108,0.72445134,0.762685044,0.865926327,0.650842606,0.772430211
4109,0.706952452,0.73007523,0.855250062,0.685184002,0.743895064
4110,0.690970524,0.706215456,0.8364287,0.669533387,0.698056959
4111,0.696721361,0.676501551,0.842034916,0.688855285,0.69335287
4112,0.714810399,0.662049509,0.845116603,0.690117062,0.706014396
4113,0.700731483,0.65995591,0.843699163,0.683398526,0.70504595
4114,0.703342441,0.689774524,0.851591171,0.686568128,0.712318823
4115,0.711281245,0.720769601,0.851083174,0.712932141,0.730426966
4116,0.703703088,0.734780089,0.841060319,0.718378701,0.697895036
4117,0.717330462,0.732835641,0.847426889,0.733140345,0.699058994
4118,0.695407587,0.750977578,0.851821887,0.715167091,0.708596633
4119,0.676105716,0.792636618,0.85203191,0.700849326,0.705347677
4120,0.686376722,0.786657016,0.864505386,0.710353588,0.707437912
4121,0.666864725,0.720217042,0.863844717,0.740239788,0.706242266
4122,0.692134616,0.677074773,0.878799478,0.758580499,0.743745815
4123,0.66682553,0.616928094,0.888005759,0.764303109,0.726161003
4124,0.672033206,0.607800875,0.898655749,0.776388071,0.737241575
4125,0.698163048,0.611078354,0.905241168,0.789180591,0.662807639
4126,0.706446081,0.607590359,0.902792097,0.785295581,0.667354264
4127,0.688952195,0.613058576,0.882964805,0.767281698,0.658257731
4128,0.680130527,0.607117854,0.874287786,0.755600685,0.654484432
4129,0.681078501,0.6131005,0.880533837,0.720917096,0.654993611
4130,0.726952397,0.60648657,0.865203155,0.717457097,0.655808629
4131,0.734859942,0.607979449,0.867829903,0.719799197,0.656173358
4132,0.738074322,0.598291584,0.859324445,0.685135384,0.657483998
4133,0.744626042,0.58853147,0.860765993,0.675156787,0.653306149
4134,0.739964464,0.596867464,0.853130572,0.691862063,0.657238401
4135,0.743275247,0.620678715,0.854257651,0.709869803,0.662973616
4136,0.734707282,0.642382605,0.858095857,0.717524505,0.666211639
4137,0.738603388,0.671276946,0.865073844,0.739838407,0.685220746
4138,0.712074373,0.696140591,0.871531868,0.748535503,0.745457318
4139,0.694903654,0.717594774,0.867396909,0.761815858,0.771759895
4140,0.679320529,0.724254162,0.861878685,0.782485588,0.718284103
4141,0.664035243,0.771305051,0.864576176,0.802539795,0.743900096
4142,0.650371928,0.758196417,0.871436541,0.784881882,0.733324925
4143,0.618048965,0.802828818,0.884936666,0.817837784,0.714294981
4144,0.615523495,0.757886077,0.870650671,0.805755353,0.701354654
4145,0.615077222,0.707108294,0.872401016,0.816103426,0.661093755
4146,0.619212907,0.685955442,0.877046966,0.786391921,0.652347903
4147,0.629624248,0.636257536,0.875639402,0.782711414,0.654772407
4148,0.628517664,0.618534034,0.873964162,0.791044265,0.65152496
4149,0.637603379,0.616816328,0.875406224,0.807328078,0.656640986
4150,0.63522748,0.619127954,0.87575014,0.821505722,0.660191971
4151,0.640978467,0.614551996,0.87489529,0.81385415,0.653460519
4152,0.651287685,0.603742181,0.878884679,0.780639829,0.649616892
4153,0.665082527,0.589768461,0.875933293,0.758553955,0.656747555
4154,0.673554623,0.58605326,0.880047353,0.735288156,0.651527851
4155,0.705236353,0.586578072,0.882189302,0.716861313,0.667062223
4156,0.702799681,0.595377892,0.877291589,0.715195688,0.660072917
4157,0.701773086,0.601241175,0.865746512,0.739479262,0.653168618
4158,0.699976719,0.615501544,0.859031027,0.765539779,0.653363913
4159,0.744414724,0.635403831,0.859105385,0.787328271,0.651047272
4160,0.71964172,0.648117427,0.870987016,0.808407549,0.653248067
4161,0.714903682,0.662208927,0.881652315,0.800136815,0.662520654
4162,0.729358502,0.672151581,0.898310181,0.797292325,0.668650915
4163,0.717354628,0.697296322,0.875200102,0.773433199,0.681556617
4164,0.683123699,0.720677053,0.866560577,0.789473041,0.709080488
4165,0.666123603,0.745113837,0.853833327,0.767425381,0.736646641
4166,0.660067786,0.738552988,0.859970622,0.775784621,0.693246113
4167,0.651518648,0.759818984,0.865238867,0.817494999,0.676009946
4168,0.647800679,0.698062562,0.86393908,0.799669227,0.681412025
4169,0.641049357,0.681562067,0.872440179,0.76717315,0.684624905
4170,0.634069902,0.656284309,0.86851748,0.768683694,0.670804729
4171,0.637547421,0.629105297,0.871870979,0.788519279,0.663063121
4172,0.662190417,0.619142658,0.872695572,0.792563747,0.659435871
4173,0.653322115,0.632335503,0.881453788,0.810653295,0.656271032
4174,0.644986107,0.61326446,0.889871209,0.777878697,0.652899925
4175,0.643973351,0.621784988,0.889917875,0.7925359,0.653193091
4176,0.667425494,0.616202152,0.891010749,0.783902468,0.652363154
4177,0.659683471,0.596557368,0.875911418,0.766318196,0.652802792
4178,0.672760834,0.58574666,0.88889813,0.732980873,0.663099724
4179,0.666865547,0.609773904,0.874598782,0.719095421,0.655921193
4180,0.665584115,0.588174486,0.863385103,0.688609898,0.661270121
4181,0.673356861,0.566389005,0.86287545,0.672905505,0.649637925
4182,0.685269803,0.570779927,0.864844754,0.666251856,0.660954947
4183,0.688003978,0.59655374,0.867006224,0.669817732,0.651025289
4184,0.705944023,0.679233684,0.867347088,0.675266593,0.653997457
4185,0.687271532,0.686632933,0.870005565,0.69147661,0.677973871
4186,0.684456876,0.713859555,0.86805918,0.702194746,0.674948338
4187,0.686111135,0.729593453,0.850252621,0.688915492,0.695504809
4188,0.667324309,0.81241197,0.843178213,0.673853652,0.717405431
4189,0.673230392,0.826353036,0.847834408,0.654731446,0.792978915
4190,0.646570448,0.813614759,0.860580183,0.700531232,0.850814741
4191,0.655045527,0.789891721,0.865374858,0.681130972,0.793548752
4192,0.622324854,0.791587675,0.865429726,0.698576543,0.751061037
4193,0.607348895,0.802239436,0.862208618,0.71517104,0.742406254
4194,0.608007795,0.696532616,0.872694634,0.733928183,0.731781297
4195,0.609399448,0.666801714,0.87749585,0.74862231,0.647338429
4196,0.632430209,0.658785161,0.891833562,0.741902814,0.710888283
4197,0.653230845,0.632019752,0.888907599,0.753991359,0.751384764
4198,0.667919553,0.671034034,0.876881125,0.762540829,0.674134279
4199,0.672213444,0.649643482,0.880490587,0.750256498,0.721009899
4200,0.6482757,0.636206353,0.867288146,0.750004694,0.701471275
4201,0.651412274,0.612542995,0.867308403,0.738384933,0.662837465
4202,0.655893365,0.635060143,0.86804183,0.725235323,0.702560383
4203,0.648376359,0.644359746,0.869717942,0.700188829,0.724853209
4204,0.685133202,0.721745773,0.88767287,0.679647969,0.71000615
4205,0.70947763,0.66426952,0.877472463,0.682425522,0.711715714
4206,0.715976015,0.684651106,0.907526129,0.751571125,0.703967439
4207,0.727514969,0.819534115,0.903293401,0.758972525,0.689710059
4208,0.719264305,0.798347804,0.91592748,0.800615436,0.705543005
4209,0.721479457,0.773554979,0.918237311,0.79644921,0.727020248
4210,0.74432006,0.827894803,0.916959102,0.753210038,0.771308678
4211,0.759004858,0.866590721,0.918195685,0.752574253,0.782044843
4212,0.743314075,0.895236588,0.908069844,0.759370157,0.821146338
4213,0.716794366,0.923213045,0.908255995,0.802100684,0.922332723
4214,0.695182062,0.910367298,0.901527402,0.770494821,0.898690249
4215,0.693884458,0.88047287,0.907739872,0.711440612,0.838735408
4216,0.703576855,0.886751651,0.907155039,0.768061891,0.787726255
4217,0.720808496,0.834571929,0.897537764,0.792870557,0.763019178
4218,0.701942442,0.818719875,0.901193459,0.836980986,0.761022932
4219,0.733758375,0.71682295,0.914840366,0.840019717,0.764857584
4220,0.71281982,0.709978714,0.913957746,0.843887513,0.685468467
4221,0.702128335,0.688684733,0.916848918,0.862725847,0.679069062
4222,0.721583728,0.699683869,0.927332505,0.849906896,0.669965658
4223,0.73991306,0.706235944,0.934141269,0.836814237,0.659449014
4224,0.726276176,0.694344146,0.913536527,0.814079237,0.66531451
4225,0.728910375,0.669108162,0.901136084,0.778160439,0.666972265
4226,0.729976916,0.686972384,0.890204219,0.745937252,0.666953071
4227,0.738479154,0.67065248,0.895220473,0.731394984,0.658123301
4228,0.74041405,0.670886675,0.887663685,0.737740127,0.700509327
4229,0.750752842,0.679077625,0.892814173,0.734676671,0.678193335
4230,0.736966458,0.686006414,0.891359079,0.733243667,0.65264887
4231,0.71703974,0.704868377,0.887378893,0.714342778,0.761635174
4232,0.722967165,0.741677325,0.882799001,0.697277078,0.760772625
4233,0.701081252,0.73628427,0.887554801,0.720690611,0.76668145
4234,0.694158072,0.772422932,0.884600378,0.717711344,0.772050409
4235,0.685084921,0.775778389,0.879920911,0.719866648,0.768969589
4236,0.7002391,0.772430118,0.876302633,0.73473881,0.780704005
4237,0.700661817,0.795306791,0.865725956,0.723226719,0.827690135
4238,0.701497108,0.802265961,0.879645268,0.754224507,0.817287828
4239,0.693609545,0.839929994,0.86569033,0.715856924,0.795621569
4240,0.698614617,0.843811653,0.873500904,0.742973223,0.775237822
4241,0.700043445,0.856511697,0.875560366,0.790331021,0.772728187
4242,0.710600869,0.8223897,0.883425617,0.800229928,0.77088512
4243,0.701704508,0.799596135,0.878596969,0.795977502,0.777870109
4244,0.721536022,0.733758441,0.887960811,0.789721679,0.782085858
4245,0.73666651,0.697045999,0.887009913,0.773015022,0.776880105
4246,0.732241876,0.689742364,0.878538958,0.785736919,0.774687953
4247,0.753207487,0.719597125,0.881015853,0.789073375,0.789265822
4248,0.747444039,0.717806341,0.88689836,0.80231828,0.784769835
4249,0.743344674,0.723869043,0.885406497,0.758669204,0.776324995
4250,0.749966735,0.691066095,0.892358026,0.75475792,0.766692546
4251,0.789156115,0.676217413,0.88978142,0.683329682,0.723335776
4252,0.796897901,0.680505586,0.892108039,0.651547353,0.72432243
4253,0.786920218,0.670813957,0.89120353,0.627543189,0.6999746
4254,0.763767082,0.658497474,0.884830261,0.637927656,0.672020021
4255,0.732405149,0.632964148,0.887861082,0.679964636,0.665851314
4256,0.751712905,0.652600378,0.896088625,0.714086836,0.65570651
4257,0.761492664,0.683619387,0.891072397,0.712410066,0.655736774
4258,0.765625093,0.671469768,0.887459813,0.707175209,0.659174961
4259,0.739307672,0.662680626,0.876189359,0.701137497,0.682051092
4260,0.718205922,0.66317103,0.869049516,0.710024388,0.69078912
4261,0.7194863,0.670347763,0.875558551,0.721721852,0.735257353
4262,0.729284394,0.666279259,0.885126828,0.707964542,0.709260055
4263,0.701428351,0.66073108,0.8901169,0.771540879,0.660847518
4264,0.709751389,0.644710077,0.890414613,0.782769866,0.654519391
4265,0.699846621,0.626449173,0.885368556,0.798078428,0.668892512
4266,0.690022306,0.626786648,0.891164054,0.782310595,0.668475178
4267,0.699487137,0.61783794,0.89661306,0.796519477,0.649789925
4268,0.692583628,0.621633184,0.907150015,0.838515414,0.647205665
4269,0.698020718,0.598113644,0.912863876,0.822615297,0.660815153
4270,0.700633727,0.57920493,0.894446438,0.807954702,0.668907479
4271,0.701674238,0.568885948,0.902944748,0.801226642,0.671820458
4272,0.689299909,0.565947583,0.895080222,0.779606486,0.657333596
4273,0.742676745,0.554338365,0.892647692,0.75391923,0.64822768
4274,0.743176124,0.562227666,0.900847648,0.780235025,0.639115902
4275,0.762543986,0.571473508,0.913923296,0.776153767,0.634178242
4276,0.769246536,0.562865205,0.900831623,0.779416863,0.632266525
4277,0.728280308,0.556772948,0.891223128,0.745186018,0.641761386
4278,0.717171723,0.553394386,0.87747199,0.744936102,0.662054979
4279,0.699425445,0.561174685,0.871042914,0.771029995,0.661350891
4280,0.708982983,0.584223869,0.86505007,0.74925883,0.657448323
4281,0.690140384,0.605122624,0.873204721,0.753344992,0.646560644
4282,0.671597222,0.608565433,0.871954587,0.703252196,0.645243732
4283,0.674814485,0.640160943,0.881275378,0.693420133,0.659208584
4284,0.663151912,0.658531102,0.887872212,0.706723976,0.656509551
4285,0.683537848,0.698682103,0.899961825,0.730647003,0.640095207
4286,0.683464273,0.69742771,0.889602127,0.738610202,0.641074019
4287,0.668530544,0.687070015,0.868918723,0.710152036,0.648616515
4288,0.66036869,0.666556981,0.868998558,0.731977327,0.632942105
4289,0.664716904,0.645182865,0.870356831,0.753744778,0.624546009
4290,0.667697102,0.608464346,0.879695156,0.728266362,0.607287955
4291,0.681468625,0.608195734,0.885729508,0.75745586,0.641907988
4292,0.665825899,0.58785572,0.879568503,0.734781073,0.617486703
4293,0.668954447,0.57620072,0.892200596,0.778392352,0.621941518
4294,0.667184048,0.576520739,0.889313318,0.753235351,0.623209902
4295,0.699673543,0.568031588,0.900518231,0.744560785,0.631568564
4296,0.680598167,0.575475238,0.896617391,0.756512475,0.631408954
4297,0.673749666,0.576236559,0.891566946,0.764425791,0.634433404
4298,0.675991194,0.582541997,0.887183573,0.74205832,0.627213231
4299,0.67841357,0.599826534,0.890836398,0.729501321,0.629610659
4300,0.693575281,0.603329897,0.905740563,0.762016843,0.628448694
4301,0.678382929,0.61309664,0.890481898,0.740322607,0.618903224
4302,0.698693466,0.609495458,0.896326877,0.763566534,0.61767577
4303,0.765003375,0.596648523,0.879803708,0.753789088,0.626878972
4304,0.691937637,0.605346789,0.884390631,0.758681936,0.631452356
4305,0.687259675,0.622330246,0.879917205,0.770249971,0.667704769
4306,0.675288125,0.657610615,0.870660605,0.76545702,0.677227867
4307,0.70692449,0.730571298,0.867630341,0.781613404,0.681706454
4308,0.728548657,0.738713842,0.872605749,0.788233619,0.669536616
4309,0.711580219,0.729742008,0.874814827,0.802504251,0.677468752
4310,0.714198962,0.711170253,0.879012335,0.774861971,0.683842097
4311,0.719354929,0.747366576,0.888757004,0.792473994,0.670306955
4312,0.727736638,0.725692516,0.895116613,0.796056461,0.652300931
4313,0.752736796,0.684663718,0.897228475,0.796613467,0.664459846
4314,0.708691307,0.650359139,0.891350714,0.780000839,0.634291315
4315,0.686010351,0.638277528,0.890819907,0.790736126,0.603796809
4316,0.65953621,0.628368192,0.890029702,0.799942468,0.606897578
4317,0.66085515,0.62386475,0.88714652,0.809892194,0.604402352
4318,0.66214162,0.648272843,0.891918158,0.817105677,0.606998268
4319,0.673166274,0.639005048,0.899843641,0.791188175,0.611680605
4320,0.694572548,0.625888764,0.903652161,0.769007277,0.6212648
4321,0.71887187,0.623645733,0.916282694,0.776408983,0.635776312
4322,0.689807364,0.625555235,0.907975389,0.801747749,0.647866525
4323,0.700705843,0.66761407,0.911121597,0.799013884,0.661775507
4324,0.736179082,0.719058257,0.903467355,0.772856696,0.676390991
4325,0.715857196,0.741716815,0.890383253,0.737019134,0.692373393
4326,0.713355545,0.707988496,0.889696891,0.707601137,0.684777716
4327,0.724882427,0.64414301,0.888295523,0.752856267,0.737553806
4328,0.718536924,0.7682426,0.88714817,0.795133602,0.759517953
4329,0.718933395,0.811107256,0.884554959,0.803660558,0.75941776
4330,0.743924712,0.865228939,0.873580498,0.801007521,0.768209615
4331,0.760217504,0.824144977,0.875888286,0.801871328,0.791378094
4332,0.743459374,0.82379997,0.874304793,0.809963376,0.799382067
4333,0.746691209,0.846796034,0.873810188,0.806988484,0.820417808
4334,0.733538711,0.854520955,0.877925739,0.820848052,0.787306828
4335,0.732163311,0.822664845,0.896469378,0.817033173,0.807821547
4336,0.718928962,0.876820199,0.887998728,0.812203576,0.793133889
4337,0.727148438,0.816995258,0.886344334,0.808071355,0.779891762
4338,0.698908513,0.757551614,0.879165009,0.816311437,0.729113483
4339,0.693347805,0.801032293,0.87935761,0.848086645,0.674236359
4340,0.68462154,0.702777684,0.900423249,0.808742918,0.66068568
4341,0.669031877,0.655452873,0.903880794,0.787434928,0.730038957
4342,0.715002867,0.66665843,0.913806013,0.789635171,0.690694118
4343,0.705712336,0.697490274,0.906236899,0.785834136,0.622401089
4344,0.692280938,0.663849887,0.911156464,0.757928724,0.617692971
4345,0.65903926,0.656469147,0.913282144,0.76402461,0.631412028
4346,0.671788692,0.651476374,0.916931566,0.793482349,0.625678873
4347,0.678136462,0.602618429,0.900771657,0.758690345,0.610481105
4348,0.693657402,0.574295517,0.903558,0.791730423,0.599413389
4349,0.661325286,0.543690333,0.886586946,0.752343111,0.599276023
4350,0.645619542,0.545802693,0.890153025,0.772974598,0.608013016
4351,0.6274017,0.548851465,0.879165965,0.742494829,0.62124677
4352,0.65072473,0.565749538,0.88046627,0.735973439,0.622584382
4353,0.691997846,0.601823228,0.879783366,0.709261474,0.661155271
4354,0.737543851,0.630644242,0.880714353,0.709778093,0.722960813
4355,0.719760468,0.640323592,0.873144229,0.709100605,0.770095321
4356,0.698936777,0.660738617,0.871379998,0.729592019,0.787617761
4357,0.680433129,0.674688758,0.870251302,0.716212932,0.811292068
4358,0.696513123,0.769973618,0.883909932,0.747423673,0.755095741
4359,0.708756871,0.733851728,0.886035629,0.730737626,0.732814388
4360,0.72255851,0.780788451,0.890870035,0.762655806,0.728140027
4361,0.703379052,0.772659507,0.89031185,0.746828923,0.68554834
4362,0.662463406,0.663817146,0.871879357,0.765909394,0.653692735
4363,0.674356926,0.668902113,0.894814431,0.784218174,0.614861643
4364,0.666313092,0.607808855,0.89652342,0.771098888,0.610008504
4365,0.656643287,0.594821268,0.890741274,0.716735091,0.620454408
4366,0.640519002,0.58791199,0.887018615,0.720581154,0.607970629
4367,0.667606727,0.594832985,0.886026446,0.71346887,0.682703587
4368,0.663626219,0.562287509,0.887218353,0.687980193,0.688330399
4369,0.642083124,0.547824068,0.878234483,0.713178988,0.682720537
4370,0.648137353,0.569188353,0.887132683,0.725819706,0.651150309
4371,0.65074975,0.574362336,0.890418906,0.713239598,0.614715516
4372,0.648991718,0.580143193,0.885939435,0.702018756,0.638215736
4373,0.674344067,0.57725455,0.879493903,0.72355106,0.678895928
4374,0.66029363,0.561274748,0.875504015,0.709778667,0.670123279
4375,0.684117024,0.800409142,0.879267248,0.761177136,0.718603325
4376,0.690145881,0.705426197,0.879840295,0.799505578,0.729362307
4377,0.682726114,0.733697717,0.869799575,0.777978688,0.753927749
4378,0.705400905,0.780107465,0.876118858,0.796421285,0.771940558
4379,0.716610147,0.834398525,0.885162929,0.78900156,0.786380182
4380,0.71154741,0.845626749,0.879380196,0.781821625,0.807329667
4381,0.722288999,0.866133304,0.881564213,0.776258752,0.816009541
4382,0.72219758,0.866192907,0.882609307,0.761187364,0.862675668
4383,0.721061456,0.868559227,0.8980202,0.767243057,0.813659517
4384,0.700206369,0.785962542,0.889477872,0.775361794,0.781644601
4385,0.696467522,0.789935397,0.888445079,0.795129677,0.752180045
4386,0.692877266,0.765890944,0.882987546,0.802447468,0.755615593
4387,0.709146842,0.722760709,0.882845641,0.820183127,0.750237056
4388,0.695702825,0.678872516,0.887188843,0.831098283,0.651015822
4389,0.710026649,0.660640707,0.884727534,0.788124633,0.644110409
4390,0.724892211,0.624910476,0.878522959,0.797245408,0.648605599
4391,0.727478009,0.605402384,0.876822736,0.765081488,0.636533478
4392,0.732373946,0.568389769,0.880897132,0.747699671,0.619418708
4393,0.732036271,0.543580022,0.886514713,0.700433279,0.608570111
4394,0.710894202,0.527498113,0.885283003,0.688381537,0.611973072
4395,0.694633831,0.53577859,0.879196047,0.668620685,0.60756271
4396,0.703960354,0.53725291,0.884775507,0.695061352,0.592333662
4397,0.659039755,0.528673146,0.877016524,0.680567958,0.585672837
4398,0.664378279,0.53081541,0.864759753,0.662723972,0.581269217
4399,0.687611566,0.534959732,0.858398347,0.680490757,0.595285855
4400,0.693320618,0.549521802,0.862070676,0.707016752,0.610936335
4401,0.685966302,0.584998444,0.868389138,0.710711554,0.620914931
4402,0.678422137,0.607760572,0.877256192,0.724486245,0.666617867
4403,0.668565699,0.607946397,0.880862687,0.72943261,0.704663059
4404,0.655102691,0.620654294,0.876529301,0.730648615,0.725684735
4405,0.650336262,0.628012177,0.874269517,0.729846226,0.733221151
4406,0.648945636,0.62545019,0.87315751,0.73023638,0.715380043
4407,0.639357743,0.626196356,0.873672928,0.721939439,0.710330827
4408,0.657242711,0.615699469,0.880698558,0.719772774,0.656380178
4409,0.646588848,0.606654468,0.878046639,0.729856607,0.63885176
4410,0.634449294,0.565872318,0.873680081,0.72234658,0.684304062
4411,0.635139328,0.537644931,0.876430405,0.736424948,0.60651535
4412,0.650180678,0.529160664,0.888118747,0.759410835,0.616866651
4413,0.637661691,0.531037515,0.88407077,0.755388124,0.618835704
4414,0.62865641,0.534860529,0.884314294,0.772551602,0.63363025
4415,0.624433017,0.534874113,0.880681785,0.768882467,0.651034062
4416,0.616626383,0.547497602,0.890058311,0.768952291,0.689738508
4417,0.630389737,0.565435358,0.896319959,0.74891915,0.705431257
4418,0.672164824,0.582818654,0.898946726,0.753589099,0.7228076
4419,0.690624778,0.580720699,0.893903122,0.71241358,0.718735857
4420,0.694742686,0.571695767,0.882391894,0.703955103,0.692780793
4421,0.695755232,0.576173527,0.881323242,0.751722105,0.71394573
4422,0.682102462,0.587102968,0.881309636,0.770999462,0.724012466
4423,0.6708802,0.580296562,0.881498608,0.802126192,0.647962784
4424,0.71626959,0.553083549,0.87880415,0.758787877,0.68422911
4425,0.71673323,0.589772442,0.879955751,0.76454394,0.69836038
4426,0.739647293,0.61895212,0.873306032,0.769280517,0.720713185
4427,0.731911279,0.644193008,0.874217895,0.77268527,0.700240078
4428,0.736662004,0.651692634,0.876675918,0.765118999,0.691887231
4429,0.726513645,0.652354998,0.874539289,0.735394475,0.665241556
4430,0.706868082,0.662601376,0.884576313,0.76890852,0.68033666
4431,0.684825314,0.644778078,0.879845185,0.753387972,0.63597016
4432,0.658473169,0.624795147,0.87721117,0.758036095,0.625946142
4433,0.659926008,0.605890371,0.879789231,0.799108996,0.601420847
4434,0.630072091,0.567718921,0.883194321,0.78119873,0.571819365
4435,0.645039004,0.55306807,0.884371675,0.759524714,0.578296594
4436,0.626348252,0.532349367,0.887383479,0.790463941,0.577314376
4437,0.61041034,0.526178059,0.898425427,0.77062042,0.570595446
4438,0.611543348,0.534857169,0.905420926,0.80706674,0.564833709
4439,0.62885036,0.528836952,0.906442962,0.812726535,0.553461376
4440,0.636379761,0.511155512,0.896086065,0.767525555,0.553329261
4441,0.680253132,0.519362936,0.911230319,0.786096238,0.54918555
4442,0.662968572,0.515239886,0.905661691,0.796473327,0.550864835
4443,0.667405327,0.51130619,0.905905812,0.824450228,0.547678932
4444,0.693751233,0.502015939,0.899938928,0.765025121,0.547613689
4445,0.711261426,0.501559559,0.89410629,0.750200309,0.542757629
4446,0.733507528,0.493139641,0.899819242,0.77398111,0.542297943
4447,0.731573074,0.507862032,0.905485462,0.788866152,0.570616925
4448,0.75139564,0.530248856,0.899848744,0.733602229,0.603678155
4449,0.752946546,0.635043568,0.898630403,0.733810277,0.613837284
4450,0.78195919,0.794875276,0.914310965,0.805205371,0.628588548
4451,0.774934255,0.75774069,0.918278281,0.848665955,0.653876222
4452,0.773299695,0.761558992,0.906701659,0.833003546,0.768993757
4453,0.761280616,0.776661548,0.904856005,0.828451462,0.798747327
4454,0.743347488,0.834525862,0.902371452,0.836586887,0.816839293
4455,0.732480715,0.875503724,0.898128674,0.830074642,0.843770272
4456,0.718156169,0.825962774,0.907660065,0.801444663,0.742055969
4457,0.714028676,0.75025684,0.891352267,0.806212953,0.664881668
4458,0.724047559,0.664393475,0.903943565,0.747849677,0.663870662
4459,0.754010143,0.785878136,0.904321449,0.764918223,0.749313534
4460,0.73915809,0.667578604,0.908154138,0.786053555,0.717083917
4461,0.779805403,0.682163187,0.919464027,0.785816696,0.597799707
4462,0.775873195,0.677624861,0.930392079,0.785738746,0.577940461
4463,0.755605099,0.628868076,0.917173045,0.779062697,0.5578628
4464,0.731471708,0.558462642,0.914812623,0.79083164,0.554898742
4465,0.691845685,0.529117737,0.896863697,0.79280487,0.53991141
4466,0.675921255,0.530181247,0.894180913,0.799214452,0.546107021
4467,0.684183239,0.54939427,0.905755586,0.840690325,0.533323541
4468,0.712002467,0.593448738,0.919681415,0.849972355,0.54777732
4469,0.752677187,0.602454969,0.917639359,0.849548117,0.536981938
4470,0.786000721,0.625518222,0.923190075,0.84997806,0.565285461
4471,0.767048363,0.602091651,0.932444783,0.844864914,0.6206105
4472,0.79857753,0.586267611,0.933565022,0.827645918,0.623603516
4473,0.814861373,0.627561534,0.922605466,0.79375703,0.636897787
4474,0.797701963,0.648115613,0.919175556,0.793448337,0.648352762
4475,0.849133751,0.659078917,0.917715278,0.780370246,0.651983315
4476,0.814514759,0.653995844,0.910272402,0.789157198,0.677959176
4477,0.774661602,0.686496005,0.918072076,0.793461612,0.714263586
4478,0.75902574,0.675443054,0.907081589,0.793804177,0.680471157
4479,0.73925757,0.676507186,0.896444434,0.765374242,0.632543924
4480,0.755882042,0.672248868,0.896875648,0.767595302,0.6246806
4481,0.738108323,0.629829245,0.898497746,0.782688456,0.597562989
4482,0.688517124,0.600590189,0.891207524,0.813827756,0.568663913
4483,0.677665233,0.559605052,0.881823918,0.819507782,0.567839779
4484,0.656983637,0.531830602,0.877259608,0.813965062,0.532225499
4485,0.640184714,0.503941729,0.87225546,0.776479882,0.530334664
4486,0.617445462,0.512103104,0.87940908,0.822707426,0.542990383
4487,0.611742859,0.495279173,0.864841733,0.750129889,0.555358275
4488,0.639336142,0.495282353,0.867076923,0.726884922,0.547142519
4489,0.660428165,0.501783745,0.869804439,0.772124776,0.543062435
4490,0.687050575,0.494338443,0.863101231,0.728565191,0.54580465
4491,0.717043381,0.499635526,0.865603112,0.736282409,0.538192684
4492,0.740300446,0.501320091,0.868424029,0.730095243,0.535909316
4493,0.754375714,0.50257921,0.868700452,0.732652166,0.534598846
4494,0.776743002,0.495002099,0.875379953,0.711559471,0.539856839
4495,0.755273727,0.493880117,0.873788748,0.700916688,0.554761801
4496,0.745625478,0.504848945,0.878484604,0.714539295,0.572343808
4497,0.754328852,0.516762031,0.874796459,0.715032619,0.582390697
4498,0.73391749,0.558897374,0.876410564,0.706264592,0.577289236
4499,0.723868419,0.571995176,0.87882546,0.714955044,0.596216359
4500,0.708574647,0.574830785,0.88388511,0.732129984,0.620918949
4501,0.69650084,0.581374147,0.883203582,0.736261847,0.602944225
4502,0.708421238,0.581336936,0.894550691,0.722211043,0.589862744
4503,0.682866015,0.577295035,0.897350122,0.744144377,0.573214671
4504,0.696484293,0.582963552,0.898362117,0.767148644,0.594774035
4505,0.70174252,0.572296538,0.897863943,0.786711956,0.57571697
4506,0.679332443,0.536428375,0.893439269,0.762882701,0.548108772
4507,0.672924863,0.513486979,0.89079895,0.750098467,0.554713319
4508,0.686694535,0.500828364,0.889556251,0.715263503,0.544490494
4509,0.692499895,0.484582243,0.895585768,0.685745156,0.537270624
4510,0.690299855,0.520298474,0.898475248,0.684164741,0.549494548
4511,0.680810858,0.510766642,0.899618372,0.703799721,0.544913943
4512,0.691834081,0.511904822,0.902399997,0.709115042,0.529792099
4513,0.716992446,0.528794684,0.897124853,0.724076817,0.535670467
4514,0.720172567,0.514267624,0.896293583,0.716738627,0.534427176
4515,0.728569335,0.508482646,0.904579417,0.72936465,0.543985691
4516,0.746304744,0.502015568,0.899819106,0.74246906,0.548669028
4517,0.80129275,0.491456204,0.894632122,0.76085346,0.567688223
4518,0.802217014,0.496667652,0.88896918,0.774079176,0.617125986
4519,0.792331368,0.5274369,0.887151263,0.783694459,0.605057248
4520,0.803157146,0.534653054,0.882289453,0.78620812,0.6443742
4521,0.809385675,0.562039002,0.884080217,0.783175684,0.661201993
4522,0.815174286,0.588224177,0.883620776,0.789199667,0.67453811
4523,0.77134513,0.677899105,0.893134364,0.842880383,0.731104979
4524,0.763062144,0.761000938,0.897761712,0.855001256,0.769269662
4525,0.750117679,0.654813336,0.886339161,0.882900586,0.769755249
4526,0.775173631,0.673309309,0.886227467,0.856695728,0.716101671
4527,0.731235295,0.75542444,0.89974133,0.84363945,0.694641466
4528,0.718872403,0.793446346,0.892653902,0.849756922,0.740407616
4529,0.67924869,0.695198279,0.888187103,0.79990834,0.674846585
4530,0.665248118,0.617785883,0.881973961,0.811587178,0.613923966
4531,0.661317454,0.525506921,0.882962549,0.769794564,0.544638727
4532,0.660246007,0.528126476,0.884421789,0.778214702,0.527501743
4533,0.677205428,0.553022648,0.889643643,0.819301458,0.537832631
4534,0.674083534,0.553672832,0.89118057,0.815897773,0.535492842
4535,0.671650292,0.522031018,0.896865602,0.793112419,0.538947001
4536,0.669950312,0.519261538,0.901350318,0.785529023,0.523581929
4537,0.673822478,0.540912929,0.904685822,0.777196213,0.52320339
4538,0.685352623,0.498150926,0.903929115,0.761129617,0.515698622
4539,0.703936028,0.504644099,0.904276639,0.755346142,0.511716849
4540,0.695944468,0.50169951,0.887729085,0.770918751,0.515868948
4541,0.715223159,0.498237826,0.88525933,0.797127962,0.519855734
4542,0.741998499,0.51440956,0.892694092,0.81431074,0.521672779
4543,0.790410018,0.505106149,0.885574953,0.819948194,0.52743941
4544,0.725189099,0.53623857,0.894224776,0.821596329,0.531272064
4545,0.730217315,0.563542501,0.905374615,0.80972108,0.538250014
4546,0.711847774,0.605929024,0.912075708,0.813149383,0.546726663
4547,0.691275124,0.646741253,0.906036982,0.810100541,0.618026265
4548,0.658280645,0.617690193,0.893449654,0.817139976,0.623969484
4549,0.651393744,0.621511376,0.894112978,0.829613297,0.593011628
4550,0.638882134,0.613930069,0.884453444,0.823687591,0.59495969
4551,0.636074788,0.610970808,0.882094832,0.796229621,0.592815917
4552,0.674196318,0.611944693,0.889281719,0.800321707,0.58264303
4553,0.67565543,0.589045088,0.891198335,0.792967651,0.578769422
4554,0.648219798,0.567471203,0.879936436,0.801256309,0.547276925
4555,0.632868848,0.534966572,0.881161029,0.811988488,0.589225824
4556,0.627946038,0.521941563,0.887083008,0.801488907,0.533657354
4557,0.644217872,0.512601618,0.899572703,0.781946458,0.524322814
4558,0.642884965,0.527078228,0.91312043,0.806766268,0.544466644
4559,0.646709559,0.515540099,0.915497801,0.822564839,0.568571527
4560,0.663678255,0.498416034,0.908276219,0.824487195,0.628781571
4561,0.676080226,0.489292347,0.91087895,0.805037834,0.569210609
4562,0.693517221,0.496190343,0.911739235,0.776528254,0.552463508
4563,0.694424651,0.514473006,0.907334155,0.769795745,0.526198219
4564,0.69883234,0.514045835,0.90029132,0.755394466,0.547749733
4565,0.750290471,0.511117173,0.89659043,0.749249739,0.518048195
4566,0.752234073,0.513718946,0.896678421,0.766773395,0.532202211
4567,0.744272282,0.518218801,0.897139355,0.774883179,0.523386943
4568,0.745330079,0.525973223,0.888160478,0.787761889,0.525581425
4569,0.717076317,0.557721961,0.889052982,0.837855773,0.552706431
4570,0.691545957,0.58566075,0.891856575,0.815268294,0.597564668
4571,0.666577127,0.614013643,0.892686532,0.830014164,0.697526561
4572,0.664823337,0.636264026,0.899276527,0.820651106,0.817518301
4573,0.696766886,0.646099865,0.902625997,0.825005821,0.839408503
4574,0.697403841,0.695803296,0.905885795,0.837985159,0.834476948
4575,0.680469387,0.697448137,0.898435728,0.82201913,0.76527495
4576,0.702141278,0.690032196,0.907704432,0.821417943,0.748071854
4577,0.692595061,0.620127462,0.898996528,0.828842298,0.649727268
4578,0.655281474,0.563270917,0.893949635,0.756303055,0.597736052
4579,0.615825745,0.521559099,0.89575128,0.722031251,0.544633306
4580,0.609956849,0.459390976,0.893127532,0.701826437,0.514685107
4581,0.600839958,0.461740476,0.889443667,0.716469095,0.52854503
4582,0.598412567,0.47439989,0.896636452,0.738433436,0.546315091
4583,0.593640232,0.469408782,0.894060635,0.763185768,0.552824985
4584,0.595227682,0.470764799,0.898757546,0.786831569,0.517287291
4585,0.627471066,0.45298104,0.90033095,0.760439821,0.506982622
4586,0.668574975,0.458297791,0.914157687,0.806060797,0.503211349
4587,0.688742542,0.455329385,0.915884688,0.78375575,0.49812143
4588,0.680732353,0.460345714,0.914428429,0.795106357,0.51378494
4589,0.709585061,0.47010225,0.906613044,0.803310841,0.502307419
4590,0.680237654,0.476106164,0.899070065,0.803618604,0.504295393
4591,0.71264073,0.501063842,0.904323197,0.789284801,0.538889133
4592,0.712103155,0.49752908,0.905844891,0.770071169,0.643310676
4593,0.710945461,0.51089641,0.906107435,0.780486742,0.580841311
4594,0.733660259,0.558700222,0.909837933,0.77648505,0.560381674
4595,0.725331176,0.641308898,0.910476104,0.814135406,0.622665049
4596,0.692522616,0.758728616,0.915799225,0.855539929,0.6666108
4597,0.745517526,0.881373471,0.922852096,0.833044114,0.780851379
4598,0.745060834,0.839036711,0.917647471,0.851417785,0.785804114
4599,0.701279057,0.823006683,0.904705432,0.880696742,0.84709423
4600,0.684250559,0.876343311,0.894783598,0.86375191,0.794745549
4601,0.685427828,0.797091384,0.891179268,0.870330465,0.696139793
4602,0.62612069,0.707439167,0.888144186,0.890832575,0.601536651
4603,0.675237966,0.781083373,0.888906856,0.894633718,0.65298811
4604,0.687028097,0.778301477,0.898814767,0.915791007,0.635550536
4605,0.668736601,0.769586187,0.902204812,0.918154291,0.593909647
4606,0.618649155,0.822348079,0.925739183,0.912208413,0.650937531
4607,0.662195412,0.864082363,0.932734826,0.908220948,0.713990128
4608,0.684902711,0.787270942,0.926051994,0.896036491,0.706178182
4609,0.699187591,0.720387124,0.923685781,0.864904156,0.694791582
4610,0.716228899,0.693424351,0.914213264,0.838179757,0.674392907
4611,0.69693899,0.791474768,0.904061315,0.843542222,0.588943966
4612,0.693033379,0.74766109,0.921290942,0.860370066,0.571364825
4613,0.68397322,0.748002288,0.914347693,0.861154763,0.575794322
4614,0.69690441,0.72382966,0.903338228,0.867531987,0.563066204
4615,0.759391811,0.783402526,0.877364571,0.840776013,0.686377366
4616,0.758189631,0.700941237,0.8800185,0.844958751,0.703342731
4617,0.789106912,0.727841733,0.885195013,0.861765197,0.743069633
4618,0.788488678,0.782590581,0.884567392,0.825995384,0.786211464
4619,0.763818044,0.884409474,0.892130476,0.819752105,0.796587754
4620,0.768292882,0.897006018,0.889581288,0.838309805,0.785111973
4621,0.767216698,0.898762034,0.894567156,0.836905744,0.801988153
4622,0.765953424,0.900908817,0.899908605,0.831624113,0.801696558
4623,0.747910008,0.887405243,0.901605819,0.834849828,0.802507628
4624,0.766291945,0.891261129,0.898789482,0.836806538,0.80059116
4625,0.765835667,0.882973166,0.899480732,0.810163496,0.773987435
4626,0.733702274,0.875072404,0.909358372,0.803325369,0.759406708
4627,0.77273046,0.884169627,0.909042123,0.824288571,0.742189034
4628,0.761364465,0.891301119,0.927636083,0.844991142,0.722037342
4629,0.756582288,0.889109571,0.918533842,0.860124101,0.724433316
4630,0.754296852,0.878917732,0.928724051,0.863335274,0.721167049
4631,0.762683917,0.862687801,0.927903827,0.870255553,0.718529015
4632,0.737552916,0.794097387,0.918865995,0.869015034,0.735221072
4633,0.701588817,0.710237408,0.915563753,0.858923712,0.693154304
4634,0.709280265,0.612611937,0.907519766,0.84164948,0.676289377
4635,0.743448961,0.548342423,0.911303329,0.831497109,0.610932921
4636,0.780352165,0.565498975,0.913704208,0.826249875,0.571778347
4637,0.767093521,0.538702764,0.910404918,0.850992095,0.593898754
4638,0.792608483,0.561542875,0.927261374,0.847348001,0.5806602
4639,0.762189222,0.57164771,0.92748375,0.827519144,0.567257025
4640,0.764176032,0.650697981,0.956445333,0.846692031,0.602496808
4641,0.795074978,0.727860075,0.958207577,0.867929568,0.725237123
4642,0.78922926,0.852209354,0.981051089,0.866884947,0.729840195
4643,0.814333278,0.826317212,0.976000957,0.860891516,0.745032351
4644,0.796805885,0.868496535,0.960360302,0.852813785,0.765698194
4645,0.80896497,0.897706667,0.950500644,0.851877119,0.770681696
4646,0.804373537,0.921465425,0.953402692,0.858460553,0.796661849
4647,0.797962489,0.943269397,0.96566398,0.843935866,0.817372373
4648,0.811477851,0.931138913,0.945181822,0.834767482,0.806676595
4649,0.827903488,0.915917532,0.939799301,0.851711261,0.789246381
4650,0.809409396,0.853662821,0.936958181,0.845642354,0.764096713
4651,0.79824022,0.813645565,0.926514556,0.871519877,0.749650521
4652,0.78055672,0.765415524,0.919040097,0.856947084,0.740959366
4653,0.782685844,0.680565489,0.917062659,0.842906058,0.728451926
4654,0.78162174,0.677242252,0.92998793,0.851632504,0.715455121
4655,0.774544959,0.629785506,0.937315771,0.860240351,0.709313695
4656,0.774532498,0.634857906,0.933031949,0.840865936,0.707120047
4657,0.767947044,0.63046903,0.929296099,0.823643193,0.69384283
4658,0.770875427,0.624286976,0.929556179,0.800975066,0.693461211
4659,0.78686747,0.587524143,0.932539736,0.805130088,0.650464322
4660,0.784953378,0.590200448,0.934560514,0.831189375,0.623639811
4661,0.759190482,0.623131084,0.934466644,0.847923935,0.573656583
4662,0.763887776,0.651679488,0.941552335,0.846122804,0.554509772
4663,0.766846638,0.676273329,0.939757074,0.848997258,0.545742177
4664,0.771130437,0.683494334,0.937085934,0.844365451,0.580668524
4665,0.77547573,0.776316187,0.936258537,0.854328357,0.615830658
4666,0.776163717,0.820190199,0.944183112,0.855933178,0.660338907
4667,0.800974048,0.855470214,0.948386385,0.853533914,0.723980551
4668,0.764733018,0.84685804,0.936291409,0.856409059,0.742065748
4669,0.760120578,0.842630641,0.926861914,0.866645063,0.731438789
4670,0.763057239,0.802647132,0.913112744,0.887100352,0.711605821
4671,0.740584903,0.801096197,0.919899019,0.897276922,0.693197724
4672,0.746893993,0.772734977,0.912123505,0.860722491,0.684560497
4673,0.732950823,0.711031696,0.91492549,0.843802716,0.658465475
4674,0.681590132,0.686561963,0.903287484,0.844652689,0.62223613
4675,0.644001379,0.60429964,0.901477,0.80516766,0.56985155
4676,0.644999627,0.52707855,0.899207523,0.806029062,0.561386453
4677,0.65194894,0.51710135,0.90232527,0.789039913,0.549270417
4678,0.638173365,0.543053395,0.900826774,0.788776217,0.553963295
4679,0.625009789,0.552363498,0.907685293,0.781691494,0.547529361
4680,0.625271722,0.580307582,0.899729159,0.791458488,0.569463435
4681,0.651359357,0.576107286,0.898954806,0.784782369,0.566913112
4682,0.66263396,0.572342936,0.893459715,0.761890074,0.618524264
4683,0.656671014,0.564808688,0.892620561,0.745653831,0.621473607
4684,0.683125323,0.553711463,0.894959579,0.756804719,0.62076732
4685,0.723890937,0.551460427,0.905149611,0.796210371,0.619619073
4686,0.733001371,0.547071961,0.902274265,0.763252066,0.620812159
4687,0.766403073,0.553351175,0.902192227,0.772716144,0.618648909
4688,0.771343912,0.606257562,0.893163534,0.757284865,0.635295352
4689,0.767917546,0.657287993,0.898447113,0.779907131,0.696691563
4690,0.773226291,0.685664965,0.908450787,0.808789799,0.723344247
4691,0.777099401,0.679703576,0.914492513,0.80546585,0.796700097
4692,0.769390592,0.664721448,0.905197488,0.780792832,0.805329557
4693,0.777173997,0.668695803,0.912482315,0.77591137,0.808528197
4694,0.756494929,0.644136726,0.914862285,0.779795018,0.761358201
4695,0.777508241,0.674349011,0.927686138,0.784728881,0.717883414
4696,0.788671077,0.644211318,0.922240765,0.791334908,0.701883615
4697,0.791006407,0.639028335,0.920654036,0.77891301,0.666451113
4698,0.826125138,0.614793582,0.912371508,0.781506507,0.648917008
4699,0.778801488,0.578792494,0.911117842,0.784513718,0.618686364
4700,0.743816112,0.577578133,0.9122001,0.773540075,0.621140251
4701,0.748675085,0.599764035,0.927367761,0.772025051,0.615073416
4702,0.724121777,0.593909241,0.926826066,0.799019258,0.613373725
4703,0.760192053,0.58592981,0.928870742,0.787798332,0.600111258
4704,0.75562786,0.579228863,0.921461033,0.813997303,0.607815181
4705,0.70418763,0.562022879,0.912400606,0.814198415,0.601638036
4706,0.734656568,0.543690176,0.906541024,0.801403907,0.604386304
4707,0.716767634,0.529027335,0.904010798,0.789741751,0.604888392
4708,0.722106736,0.51047607,0.89907876,0.7709446,0.609620887
4709,0.717849175,0.495313186,0.891658456,0.77805473,0.61214182
4710,0.730208291,0.481836537,0.893417312,0.791097057,0.620645008
4711,0.742792788,0.47509508,0.894041136,0.785573898,0.624209411
4712,0.768071539,0.475172432,0.889196434,0.759921688,0.610115054
4713,0.795650991,0.502535764,0.89348959,0.789556937,0.612178351
4714,0.781580017,0.540965209,0.905140981,0.794355605,0.621260742
4715,0.759358305,0.568745517,0.903504591,0.805934888,0.625502233
4716,0.763587285,0.578186112,0.894362293,0.805132848,0.624638335
4717,0.759437102,0.588058098,0.898861809,0.802283399,0.635924447
4718,0.771382388,0.597623807,0.906265231,0.783323157,0.605229727
4719,0.777771342,0.596156233,0.906526365,0.813773825,0.597538494
4720,0.757085969,0.581749528,0.902437314,0.789900201,0.571810477
4721,0.746571247,0.551203059,0.89957218,0.764723956,0.552883971
4722,0.706369149,0.523990324,0.903278136,0.767015123,0.519466733
4723,0.676696066,0.50546108,0.898695515,0.762045871,0.514551599
4724,0.641647047,0.49800519,0.905079007,0.767131034,0.514626489
4725,0.640505144,0.509552534,0.906139515,0.786234514,0.503071283
4726,0.667298247,0.503418926,0.909509942,0.777331962,0.50146367
4727,0.657987806,0.510840292,0.913439473,0.796024388,0.505919599
4728,0.671236856,0.505389349,0.901078458,0.783504967,0.50866573
4729,0.701677607,0.49842968,0.894936095,0.776074686,0.500936306
4730,0.724874467,0.484505359,0.890018011,0.756481383,0.497026991
4731,0.743999904,0.481204608,0.88785934,0.761966178,0.492044702
4732,0.731056639,0.47992166,0.884768504,0.795162687,0.499512868
4733,0.727815167,0.471252898,0.879357641,0.784543119,0.494602143
4734,0.751979646,0.463753574,0.877603623,0.766492811,0.500101054
4735,0.789301304,0.471963788,0.886681712,0.765013629,0.521965719
4736,0.773064721,0.484238186,0.887279413,0.760029073,0.542571492
4737,0.762584872,0.494661502,0.887879419,0.74030615,0.547762348
4738,0.780356505,0.502161764,0.899330523,0.746437773,0.550112256
4739,0.781444549,0.51723554,0.903378176,0.752183474,0.550449059
4740,0.779509644,0.543406353,0.905509837,0.765496738,0.549743451
4741,0.763772148,0.560018439,0.909720923,0.760189006,0.545938046
4742,0.730887121,0.570664004,0.915816416,0.748562568,0.537263191
4743,0.750375965,0.57708673,0.915503603,0.745717478,0.535983535
4744,0.70793752,0.553053483,0.902686397,0.73731547,0.520722893
4745,0.691241185,0.529945299,0.903664793,0.755472081,0.518669505
4746,0.675117044,0.504928092,0.903615981,0.763789184,0.5073196
4747,0.670661188,0.483695284,0.904634149,0.779863734,0.49814698
4748,0.704324053,0.480293603,0.909193677,0.799532818,0.499563987
4749,0.698775477,0.453428217,0.896157766,0.783733643,0.497456176
4750,0.733329567,0.453110165,0.89745209,0.768983191,0.492355536
4751,0.71866795,0.452376172,0.893576801,0.79428249,0.492537791
4752,0.708763847,0.457710878,0.893968149,0.813149643,0.486518302
4753,0.73243636,0.459376543,0.897621371,0.816919251,0.484610604
4754,0.706389058,0.457400227,0.900741761,0.771367656,0.485075173
4755,0.74821891,0.456692905,0.897996651,0.746686362,0.492200448
4756,0.742012516,0.462800408,0.896573747,0.757959936,0.490405081
4757,0.765753531,0.444453496,0.893473302,0.738150398,0.494252143
4758,0.770004406,0.439566241,0.883819244,0.733896142,0.499583407
4759,0.774520209,0.450269622,0.888320914,0.760200931,0.512088019
4760,0.769045672,0.448869683,0.882745534,0.744409367,0.516945228
4761,0.777421535,0.458432902,0.884134902,0.749640862,0.539959216
4762,0.767048814,0.507603524,0.880251371,0.727450807,0.551937417
4763,0.735273273,0.525263411,0.87959005,0.707229506,0.56148121
4764,0.720082969,0.536054425,0.881016931,0.721776737,0.586185809
4765,0.718494924,0.541782868,0.882488085,0.733468289,0.602943763
4766,0.755867069,0.551881984,0.88989032,0.781426304,0.695728245
4767,0.768464003,0.546660987,0.897068275,0.758138268,0.61640723
4768,0.747845465,0.553296043,0.897787388,0.788588125,0.663271446
4769,0.741716547,0.482401912,0.885231828,0.824658195,0.55816806
4770,0.66350739,0.460973405,0.882044184,0.821600359,0.499580693
4771,0.668383749,0.436230895,0.883971447,0.791226194,0.522276572
4772,0.658699956,0.432966064,0.885680891,0.77354071,0.543309569
4773,0.668653639,0.430902643,0.881278975,0.780935961,0.527301084
4774,0.646184549,0.433147686,0.882577895,0.796877489,0.506599004
4775,0.621375771,0.440563556,0.882869169,0.802065259,0.503049253
4776,0.620260381,0.434225967,0.877042377,0.786499375,0.489035266
4777,0.647863889,0.437414348,0.877190424,0.779252274,0.499351247
4778,0.648603701,0.442050056,0.874807029,0.786659139,0.492655068
4779,0.665393622,0.446926606,0.878328894,0.771934684,0.489804322
4780,0.692055305,0.449939537,0.885424179,0.762173584,0.485853089
4781,0.684189973,0.448433469,0.88070551,0.767258125,0.486763502
4782,0.682625444,0.433273638,0.876888604,0.790844941,0.486170135
4783,0.688478639,0.433839273,0.873564505,0.775113591,0.492832949
4784,0.699276916,0.429017704,0.870975392,0.755853997,0.496989715
4785,0.709698747,0.432125727,0.879673833,0.755380071,0.508056138
4786,0.659485425,0.466674078,0.885362387,0.765963552,0.524193061
4787,0.667115637,0.479842606,0.884828113,0.761880827,0.540818345
4788,0.653615942,0.490915448,0.88555215,0.760162345,0.559618048
4789,0.649754836,0.511499548,0.889832032,0.783548228,0.556385897
4790,0.639829367,0.510607414,0.889139367,0.777319176,0.557503816
4791,0.645930039,0.496040049,0.883515353,0.7673009,0.552417315
4792,0.647945803,0.482137593,0.875745173,0.749092158,0.539355735
4793,0.625999762,0.478784448,0.876742325,0.772186496,0.524519441
4794,0.617520267,0.46679658,0.874630755,0.796145802,0.505588356
4795,0.606180131,0.457961904,0.880044836,0.824436308,0.498235582
4796,0.606841554,0.441722544,0.875492876,0.825098471,0.502265596
4797,0.586341071,0.448883918,0.882040198,0.826933655,0.54677889
4798,0.593732709,0.450962428,0.884922568,0.813345289,0.502854358
4799,0.60045961,0.453366031,0.890115326,0.783377292,0.498176436
4800,0.592060153,0.464957847,0.889434473,0.767408768,0.495949467
4801,0.606870291,0.47939977,0.893254994,0.767735426,0.494582196
4802,0.604410652,0.445483869,0.880911105,0.782187936,0.492247119
4803,0.615565445,0.444441458,0.878440568,0.765886007,0.49049959
4804,0.623203773,0.438587942,0.873883792,0.745121256,0.483701871
4805,0.662194237,0.436426581,0.87370572,0.726637733,0.482716651
4806,0.690022662,0.441461771,0.881245292,0.724559162,0.483849783
4807,0.72206103,0.43732971,0.885926601,0.7052657,0.484184976
4808,0.753489666,0.433023436,0.888967699,0.728905306,0.486375669
4809,0.759561901,0.453946003,0.901811651,0.789908702,0.494796299
4810,0.726289309,0.455912829,0.890362759,0.754243739,0.505866318
4811,0.691836869,0.466517393,0.890705623,0.752226634,0.49979097
4812,0.685559937,0.469860093,0.897746668,0.74173862,0.492776667
4813,0.686200627,0.487630623,0.899540236,0.764927348,0.50202908
4814,0.682840764,0.493976027,0.905667291,0.787896369,0.498901707
4815,0.654191867,0.528293642,0.909789704,0.778363581,0.496356525
4816,0.638626344,0.529707196,0.916864738,0.764354935,0.48559361
4817,0.629843573,0.495429958,0.905395904,0.749780999,0.47197248
4818,0.628772918,0.505024997,0.902896243,0.757164695,0.476014181
4819,0.637765411,0.482556158,0.901722109,0.785656603,0.492425203
4820,0.630050036,0.472990058,0.891891206,0.77825108,0.481595552
4821,0.607794439,0.445152331,0.88878529,0.784680279,0.479142069
4822,0.604289068,0.46052579,0.889239379,0.793483478,0.478316451
4823,0.592717431,0.438802774,0.888462541,0.836748252,0.475237569
4824,0.591204447,0.429459168,0.89049528,0.856688211,0.486286702
4825,0.62456514,0.471079462,0.889055567,0.864937734,0.509553238
4826,0.613931407,0.468472615,0.886790598,0.825449897,0.516559192
4827,0.644917992,0.493283691,0.897429528,0.788948921,0.5270933
4828,0.670704368,0.53680318,0.884208411,0.735016725,0.528270115
4829,0.656966154,0.594783534,0.880630356,0.746109713,0.575656666
4830,0.670169528,0.661957551,0.878464289,0.769044872,0.562252785
4831,0.678458269,0.443695008,0.890463176,0.759573387,0.520262224
4832,0.688696644,0.512353825,0.90400994,0.767649872,0.524249337
4833,0.653091643,0.451293975,0.90353827,0.76938338,0.627444376
4834,0.639033546,0.465812094,0.900959198,0.78342893,0.536287596
4835,0.66434026,0.568376409,0.898702361,0.841683372,0.670912995
4836,0.655569941,0.60420673,0.901273357,0.842146812,0.766985004
4837,0.693627824,0.789383647,0.913018938,0.835828529,0.779426206
4838,0.696634167,0.710006139,0.918130124,0.848650123,0.643504235
4839,0.689702829,0.730447948,0.91578738,0.869900492,0.648358705
4840,0.718976041,0.814933058,0.918703235,0.87051672,0.73514105
4841,0.700691807,0.740543983,0.913755432,0.825478181,0.624807991
4842,0.695131263,0.623894444,0.909510503,0.846583129,0.664379
4843,0.71125493,0.635757782,0.905705624,0.814751436,0.513835236
4844,0.759049789,0.573915502,0.902670478,0.797729385,0.581459868
4845,0.673172454,0.527528067,0.900411853,0.781111944,0.601775208
4846,0.637358701,0.475769398,0.898653581,0.778976072,0.498737383
4847,0.661198141,0.469651808,0.909707656,0.818155157,0.466888401
4848,0.646072534,0.446818756,0.906085021,0.820843486,0.465661
4849,0.645602963,0.452137284,0.918277303,0.817911315,0.475025452
4850,0.660919387,0.440490422,0.904856387,0.80806919,0.477849874
4851,0.670346719,0.427412843,0.894344888,0.767838175,0.499085876
4852,0.665137498,0.447072159,0.906725336,0.794484019,0.499982027
4853,0.66102289,0.46847896,0.897114428,0.809700732,0.488869113
4854,0.704909031,0.456771798,0.905884658,0.802758687,0.492585343
4855,0.711812011,0.524730428,0.907180596,0.873585555,0.664032667
4856,0.726080016,0.507841695,0.913333544,0.854449977,0.632111683
4857,0.709693239,0.50794107,0.904589906,0.826134084,0.64180174
4858,0.728846315,0.65458481,0.912665078,0.854901202,0.71084446
4859,0.756425093,0.742859763,0.914593156,0.87536752,0.7823877
4860,0.78214365,0.726706115,0.928102307,0.871905358,0.784978997
4861,0.744339436,0.866409177,0.933668198,0.863869163,0.791097075
4862,0.773812273,0.744489545,0.935026318,0.870085901,0.769411007
4863,0.790899383,0.83840205,0.932770294,0.882721952,0.773625456
4864,0.737945684,0.802657696,0.923058163,0.894486352,0.775472927
4865,0.683199798,0.89982488,0.924686518,0.891845226,0.764244836
4866,0.66424848,0.911436679,0.928953875,0.894600459,0.718513281
4867,0.694831879,0.671020287,0.93507175,0.882245575,0.68478035
4868,0.654940883,0.593412598,0.934312092,0.867703623,0.526030472
4869,0.643383657,0.577523239,0.940609659,0.827979545,0.527209215
4870,0.644910104,0.540654869,0.931692768,0.816768404,0.499116768
4871,0.632951357,0.535786563,0.929363786,0.814548606,0.516376338
4872,0.608579654,0.60019955,0.92856691,0.824051669,0.53613154
4873,0.63117325,0.515060965,0.917482786,0.83866992,0.534246923
4874,0.658840027,0.536749563,0.913034201,0.82837819,0.538008254
4875,0.671762586,0.658198162,0.905588772,0.837374577,0.561408182
4876,0.685235631,0.675957889,0.912098331,0.799092706,0.549083671
4877,0.724453332,0.580281198,0.913184174,0.794850986,0.571882431
4878,0.740349895,0.535193871,0.920916254,0.785791679,0.623888652
4879,0.700296147,0.541068211,0.92009612,0.827043058,0.649249126
4880,0.699500668,0.50442591,0.922364604,0.784512467,0.688275556
4881,0.687047843,0.557323758,0.923738994,0.821061967,0.728279504
4882,0.722441322,0.708991701,0.922049506,0.835670945,0.782324751
4883,0.740883365,0.81949574,0.923024259,0.829213636,0.80819231
4884,0.855562879,0.833459112,0.919163143,0.820247419,0.796120725
4885,0.854260453,0.738437974,0.922977182,0.818205431,0.775570381
4886,0.864996672,0.699755507,0.921649864,0.814840665,0.694411658
4887,0.819328039,0.748877123,0.938135493,0.818139609,0.79579997
4888,0.814334302,0.742903297,0.934272595,0.847559507,0.810101706
4889,0.713405364,0.722192901,0.9229098,0.859019828,0.714385089
4890,0.704582271,0.685712764,0.913323926,0.875695544,0.563144609
4891,0.76385327,0.588753505,0.924500699,0.822972076,0.508549083
4892,0.810723681,0.485213816,0.91344047,0.817151527,0.482421777
4893,0.81573971,0.437149413,0.911687122,0.836324326,0.45940885
4894,0.805852823,0.414541137,0.91342107,0.778252379,0.45381778
4895,0.796554112,0.418927659,0.915204091,0.786246144,0.449318844
4896,0.773363065,0.404061544,0.909798489,0.785371237,0.467601988
4897,0.750135352,0.407301439,0.906754139,0.762344567,0.487570371
4898,0.711832187,0.400408916,0.904913479,0.764460188,0.522977667
4899,0.715980244,0.397620849,0.90594219,0.752727441,0.526950552
4900,0.727346332,0.39483995,0.904830125,0.708950836,0.541895968
4901,0.74141364,0.392330075,0.900985282,0.719456718,0.554246472
4902,0.717350286,0.392544073,0.897115675,0.713067779,0.557980367
4903,0.724927397,0.412898941,0.901027046,0.730162456,0.553069615
4904,0.739716967,0.44627295,0.90191989,0.729477585,0.559267948
4905,0.762382391,0.464788516,0.911214863,0.725107437,0.576920311
4906,0.750915991,0.475759353,0.908846642,0.745373243,0.572362539
4907,0.757528887,0.486482383,0.911428204,0.781257478,0.562147326
4908,0.705418439,0.537781166,0.910970213,0.814991083,0.783068834
4909,0.738831242,0.609768221,0.909300267,0.848277655,0.750122979
4910,0.76431892,0.72714793,0.939251005,0.845346387,0.856850563
4911,0.770662691,0.720952138,0.944604052,0.862602516,0.853977138
4912,0.785165783,0.761905746,0.922086586,0.845368551,0.747640964
4913,0.75158635,0.624884666,0.923772876,0.847233388,0.689278587
4914,0.679371422,0.583498853,0.897647217,0.853207038,0.618514996
4915,0.648841883,0.447683911,0.893502556,0.784850798,0.588240546
4916,0.638446512,0.40055194,0.888945266,0.773057307,0.569439312
4917,0.648838648,0.403032005,0.886836276,0.734434771,0.552342912
4918,0.64374756,0.407024075,0.883961394,0.714195772,0.500119255
4919,0.667164669,0.39733346,0.883754092,0.72160422,0.470698568
4920,0.654732335,0.410070776,0.884564727,0.747470384,0.549287919
4921,0.623758667,0.420528938,0.896360089,0.759094293,0.517883721
4922,0.632496763,0.425492663,0.896299813,0.758341973,0.527433178
4923,0.664839573,0.39734826,0.887262943,0.722000203,0.513710774
4924,0.68347468,0.391810406,0.889459305,0.701424372,0.500026849
4925,0.695037007,0.383113724,0.888783539,0.680825026,0.468500431
4926,0.707862472,0.380947678,0.883915213,0.66512432,0.455130466
4927,0.800020596,0.431493475,0.891314735,0.674371749,0.461099267
4928,0.863883119,0.467932651,0.896579925,0.695077171,0.477280265
4929,0.831428455,0.443922708,0.897610902,0.736197801,0.529985121
4930,0.812928965,0.523920873,0.902798261,0.747601078,0.538642183
4931,0.817544619,0.531888537,0.906978449,0.782395231,0.595640587
4932,0.825528286,0.489561525,0.913649389,0.813815609,0.73874372
4933,0.816617561,0.500900857,0.913526328,0.783771783,0.812575242
4934,0.798747422,0.690063323,0.915444264,0.77058777,0.789117081
4935,0.822714829,0.783091768,0.92055259,0.808188961,0.721192692
4936,0.842132677,0.87537943,0.922972461,0.801277466,0.718597762
4937,0.81883252,0.733700995,0.908726769,0.760552427,0.667448446
4938,0.755205874,0.53431499,0.90249996,0.800804043,0.575346186
4939,0.738530039,0.43777793,0.902790737,0.764031473,0.563419643
4940,0.704314746,0.408417501,0.899884905,0.756183169,0.471121624
4941,0.695843846,0.425571716,0.902228085,0.768976436,0.463079168
4942,0.682929363,0.435809729,0.902278045,0.7798389,0.507203265
4943,0.68660721,0.461339363,0.90515737,0.78462141,0.549537563
4944,0.689831212,0.447798375,0.88887836,0.773387912,0.558283846
4945,0.720039261,0.456819542,0.895736631,0.782720831,0.508382809
4946,0.715336603,0.463393652,0.915703535,0.788092621,0.504108873
4947,0.727796362,0.40119216,0.900352986,0.747185616,0.4706607
4948,0.752289723,0.391289544,0.899614899,0.728805956,0.445491806
4949,0.728634255,0.388701594,0.89624802,0.727877963,0.440811858
4950,0.720516392,0.406915635,0.898340612,0.727206304,0.44210644
4951,0.713214542,0.392253819,0.897525567,0.737098188,0.445853053
4952,0.718173076,0.382243373,0.88871925,0.74723658,0.452025585
4953,0.77209568,0.393615071,0.898131719,0.761159898,0.486524808
4954,0.736352046,0.420236793,0.909340026,0.797730951,0.553813701
4955,0.78198361,0.451027955,0.922317303,0.818264336,0.616255963
4956,0.764555765,0.496731744,0.93126327,0.827345145,0.76230086
4957,0.823984745,0.592410783,0.938013324,0.829143083,0.798793259
4958,0.831561628,0.59280545,0.953507053,0.848268666,0.7960375
4959,0.840859037,0.627611362,0.953065313,0.852999391,0.782009679
4960,0.823459662,0.827792037,0.928146404,0.860159308,0.832022552
4961,0.726357106,0.683419211,0.921958659,0.850462782,0.699050974
4962,0.696834707,0.513244579,0.93717757,0.82142459,0.600944138
4963,0.761569827,0.432763274,0.929424987,0.780361579,0.594375283
4964,0.716311184,0.394929158,0.91955792,0.742438202,0.499605579
4965,0.699476075,0.402709699,0.923372383,0.740294722,0.480079209
4966,0.692857088,0.46369436,0.933436441,0.754036696,0.448757466
4967,0.671546891,0.492028366,0.933315603,0.749961833,0.444268895
4968,0.672438945,0.390106779,0.905756746,0.731887069,0.443306353
4969,0.684227236,0.378657576,0.905192786,0.734375461,0.452890769
4970,0.68208543,0.407137328,0.900846643,0.734137117,0.561174041
4971,0.668775793,0.399240043,0.889182617,0.7296047,0.608561742
4972,0.65094857,0.374690112,0.884780498,0.708341965,0.602050275
4973,0.639518696,0.366812634,0.886242447,0.695058707,0.507406258
4974,0.644120963,0.367617803,0.887458499,0.692104544,0.526845836
4975,0.662083788,0.39480921,0.881108741,0.697263492,0.561112406
4976,0.651895443,0.4083074,0.880830965,0.716318038,0.532443227
4977,0.657826542,0.479510684,0.892568487,0.749341291,0.516235066
4978,0.73929376,0.549714216,0.900299845,0.764037562,0.590007308
4979,0.783854208,0.79359832,0.902446162,0.755634634,0.674139522
4980,0.808526656,0.766901592,0.902986114,0.74762531,0.782857959
4981,0.818449216,0.694001743,0.914357802,0.762090748,0.922213468
4982,0.78047597,0.735379221,0.909707936,0.751478875,0.885665083
4983,0.821329753,0.57924685,0.900990298,0.736514724,0.872539406
4984,0.831686489,0.73765723,0.905256604,0.725162136,0.627854673
4985,0.735000554,0.564884924,0.90647515,0.752682671,0.5803682
4986,0.742697522,0.500801612,0.897750162,0.778913222,0.528417603
4987,0.822685802,0.491217745,0.903453434,0.779238814,0.550571286
4988,0.839438401,0.445670301,0.897457342,0.792182628,0.609012341
4989,0.776951225,0.41454893,0.897968906,0.772040872,0.57420403
4990,0.744534545,0.401648305,0.893230459,0.763662168,0.532450429
4991,0.721181135,0.38919377,0.889641305,0.748303225,0.471562115
4992,0.711294503,0.380297809,0.892039367,0.752912564,0.450949547
4993,0.668205394,0.372392486,0.888824446,0.724958483,0.428624269
4994,0.683579152,0.371869932,0.88833765,0.708131882,0.43774339
4995,0.665053609,0.387632039,0.889573316,0.705635981,0.433361992
4996,0.66862433,0.372350086,0.882979184,0.708409918,0.425572962
4997,0.658795311,0.36314309,0.870331069,0.7699245,0.434138842
4998,0.64690936,0.365325193,0.870421896,0.77637176,0.455563768
4999,0.642693472,0.36882063,0.870370357,0.755430352,0.459239541
5000,0.662921139,0.378633366,0.876363601,0.754481989,0.457051208
5001,0.64556856,0.401514861,0.87844057,0.755231715,0.495160645
5002,0.65643205,0.406890527,0.881334441,0.751886759,0.520768148
5003,0.722369076,0.420846702,0.891414022,0.733498038,0.559950352
5004,0.736350192,0.448235157,0.904657274,0.746134572,0.630786797
5005,0.783664287,0.475925963,0.901397917,0.745368226,0.715586736
5006,0.798501302,0.466848949,0.907301387,0.771995317,0.697299777
5007,0.847694372,0.443374817,0.913169435,0.765797919,0.57668832
5008,0.813357609,0.508068551,0.928472356,0.768545422,0.542459772
5009,0.795604105,0.527146562,0.923921623,0.760508543,0.556202962
5010,0.646248764,0.424905438,0.905695505,0.764956658,0.484493802
5011,0.630816209,0.403063923,0.896308487,0.789414487,0.438992247
5012,0.623287687,0.397670998,0.89857104,0.79226446,0.431514819
5013,0.624164367,0.403517107,0.898312542,0.777457685,0.451416777
5014,0.633253846,0.386119356,0.906138969,0.771256757,0.466794391
5015,0.617709112,0.374596547,0.895981922,0.765159377,0.447191423
5016,0.607025643,0.392742718,0.906633993,0.76663801,0.421431123
5017,0.64067018,0.396467935,0.920769454,0.768983816,0.426971473
5018,0.655035492,0.384181307,0.916061231,0.735373235,0.417598342
5019,0.64983061,0.373042112,0.920272082,0.712552346,0.425243397
5020,0.649238821,0.376858208,0.913890268,0.723139094,0.423527596
5021,0.642410387,0.377271887,0.914015081,0.762975604,0.423189623
5022,0.640259664,0.374241488,0.910399224,0.762445764,0.421903861
5023,0.647534078,0.362461893,0.898585175,0.72547438,0.446734144
5024,0.670182238,0.359909951,0.899166631,0.736128291,0.449610551
5025,0.640107539,0.364680418,0.893748494,0.727036081,0.464876377
5026,0.619802844,0.397143926,0.89418021,0.736147342,0.483382949
5027,0.634546953,0.437016493,0.908028557,0.746161372,0.513193928
5028,0.636886426,0.45077601,0.910332306,0.735613393,0.529879214
5029,0.670491986,0.491241251,0.914124,0.74369243,0.519181921
5030,0.716232422,0.464494095,0.914089309,0.759129568,0.502071172
5031,0.749048805,0.477662006,0.919896524,0.759318888,0.495972081
5032,0.655479025,0.419430267,0.897446277,0.766415656,0.489747285
5033,0.609893288,0.379043527,0.886840615,0.770391244,0.43314645
5034,0.612621491,0.398141029,0.885464638,0.77160775,0.424701019
5035,0.59560855,0.394358795,0.883151857,0.777607325,0.423185274
5036,0.595871732,0.389144366,0.881424506,0.791595077,0.423152687
5037,0.604732869,0.406500844,0.888384695,0.813775143,0.423049928
5038,0.604312416,0.39664431,0.890432325,0.805001109,0.418960518
5039,0.590387286,0.373682401,0.88016475,0.787133498,0.416437848
5040,0.592743657,0.370224964,0.875243693,0.782835487,0.416499304
5041,0.59917524,0.367300624,0.882102582,0.784953081,0.42337559
5042,0.601638428,0.375966351,0.88410329,0.78043599,0.430513084
5043,0.592394666,0.373021244,0.88013168,0.782582389,0.43906978
5044,0.595949681,0.374495838,0.881617936,0.768786152,0.447443065
5045,0.596068216,0.368940484,0.878392595,0.758327898,0.442098614
5046,0.599578072,0.361892843,0.881105449,0.762139054,0.43782335
5047,0.588888675,0.36615233,0.878822839,0.773160027,0.461073126
5048,0.61141509,0.360238833,0.884702864,0.767229106,0.478235787
5049,0.646824968,0.370642512,0.89183471,0.743085141,0.490443299
5050,0.656737404,0.400011162,0.899991938,0.753520048,0.53187448
5051,0.646736545,0.412769657,0.900376321,0.788254045,0.604903267
5052,0.674342026,0.447388467,0.908804282,0.794789216,0.609274988
5053,0.665205746,0.479107147,0.909258095,0.763780206,0.701341289
5054,0.729138031,0.490847953,0.912170404,0.758456523,0.719832092
5055,0.77193358,0.5151417,0.90841793,0.799589271,0.629212859
5056,0.741542162,0.47434234,0.905397631,0.815339302,0.58322683
5057,0.695616187,0.499352959,0.897163678,0.821211605,0.670209485
5058,0.624483087,0.464027332,0.880473347,0.784303859,0.501084706
5059,0.609909204,0.387113789,0.873194302,0.795317713,0.423006
5060,0.595999131,0.382837407,0.874609909,0.767779061,0.407249305
5061,0.594637901,0.373450628,0.872474921,0.761965565,0.407632569
5062,0.597447785,0.357175381,0.872357458,0.744162105,0.40205141
5063,0.610334205,0.365764742,0.890719673,0.771031871,0.403037453
5064,0.617479192,0.359668479,0.881959588,0.77285475,0.413490395
5065,0.613775937,0.388469405,0.87967882,0.760911401,0.432091911
5066,0.623575756,0.392971435,0.880915695,0.816761056,0.469144315
5067,0.625579908,0.439538357,0.890948382,0.834855694,0.498581285
5068,0.61166619,0.518692929,0.894698013,0.807551476,0.530860526
5069,0.624138659,0.545316559,0.895367521,0.791968287,0.525636328
5070,0.643089107,0.667884983,0.900981201,0.818806287,0.628617414
5071,0.681423154,0.593221611,0.905243214,0.783207492,0.684012031
5072,0.662777457,0.601533573,0.917176296,0.781785495,0.71378172
5073,0.690011093,0.704562016,0.933322629,0.781713387,0.720862168
5074,0.696393517,0.705756148,0.924634509,0.833872794,0.70591448
5075,0.722262666,0.681264283,0.933386499,0.824158534,0.704232786
5076,0.702133904,0.70492549,0.937180062,0.801728813,0.752661687
5077,0.734258516,0.697470052,0.942419033,0.85579226,0.764299392
5078,0.760722954,0.741452997,0.92798305,0.852678496,0.751911052
5079,0.806214447,0.844113979,0.929667397,0.855775096,0.768041781
5080,0.799655932,0.760843376,0.921650651,0.875484055,0.738423396
5081,0.769042481,0.746227334,0.908856966,0.853791874,0.626943439
5082,0.784898983,0.697063018,0.898966756,0.870383816,0.557010059
5083,0.788315339,0.758357744,0.89607426,0.866152758,0.560920167
5084,0.770933093,0.642588598,0.8937401,0.839301522,0.532709918
5085,0.745905115,0.590625396,0.893265822,0.85646539,0.549560419
5086,0.728134046,0.545545519,0.887691839,0.86451724,0.507435093
5087,0.68409842,0.509722094,0.882938062,0.831982229,0.453317844
5088,0.657158159,0.471293272,0.879228894,0.815148989,0.450516888
5089,0.668697453,0.489384408,0.882655296,0.795305085,0.445128004
5090,0.630566167,0.452725468,0.882031125,0.795967445,0.433865807
5091,0.682383099,0.477601087,0.889875561,0.794098931,0.442049029
5092,0.655446652,0.479751283,0.885193125,0.803341969,0.434468136
5093,0.681511133,0.499056017,0.878528208,0.769824912,0.446328776
5094,0.677980548,0.514497296,0.884019666,0.782961547,0.479112031
5095,0.704027408,0.46448892,0.893079678,0.775145345,0.482018211
5096,0.711489945,0.432782823,0.891143814,0.78321444,0.481171066
5097,0.672498385,0.44587299,0.883430575,0.780354564,0.53179533
5098,0.672309469,0.453217494,0.886996687,0.777125581,0.576176871
5099,0.752452742,0.486049713,0.889279863,0.755498456,0.630014246
5100,0.781330259,0.444960786,0.890100592,0.756475147,0.692616739
5101,0.826697709,0.454352038,0.901400867,0.747679035,0.740162124
5102,0.797609824,0.421179639,0.900009586,0.760895002,0.759128141
5103,0.790876778,0.445157624,0.891889711,0.730565706,0.770322873
5104,0.729079676,0.453344822,0.898794467,0.735098737,0.641262142
5105,0.686398398,0.445299572,0.89479071,0.757945112,0.660973603
5106,0.66921594,0.436185947,0.894043007,0.747323831,0.588602575
5107,0.628742493,0.397243829,0.86922573,0.736163297,0.557214305
5108,0.618928129,0.394048102,0.868928982,0.737802844,0.537500514
5109,0.599045426,0.393537999,0.878711984,0.730834957,0.531275477
5110,0.606805374,0.397486458,0.878871534,0.730850573,0.525504194
5111,0.634987382,0.39285604,0.875774467,0.727275258,0.52289955
5112,0.616790503,0.3856967,0.871862768,0.731570348,0.469697125
5113,0.616633257,0.406471407,0.877910745,0.727133766,0.474330503
5114,0.624904151,0.406180956,0.874782517,0.728759526,0.459070332
5115,0.623705649,0.40025815,0.884304157,0.744761952,0.447735719
5116,0.650241712,0.39004557,0.886141627,0.748669544,0.428407413
5117,0.670330718,0.38429458,0.885241978,0.756310825,0.436541161
5118,0.689458874,0.384409448,0.879531465,0.765578675,0.443225166
5119,0.675150422,0.420770668,0.880889731,0.778153315,0.573265573
5120,0.657129635,0.4067969,0.884452871,0.748395963,0.554146438
5121,0.619828886,0.40937564,0.884763836,0.7680309,0.574263364
5122,0.6523181,0.40838524,0.889392219,0.758544997,0.588867166
5123,0.674407559,0.388590025,0.891733843,0.757094858,0.584482132
5124,0.66306189,0.386744419,0.901143462,0.776281994,0.506133577
5125,0.668117643,0.395147551,0.896058311,0.793069963,0.565439992
5126,0.666598005,0.410008415,0.892206485,0.778760414,0.603297476
5127,0.692976666,0.386260684,0.897960065,0.725613957,0.606187524
5128,0.680816569,0.395224026,0.885756476,0.724250859,0.509421227
5129,0.676102428,0.386465596,0.890640471,0.739440174,0.514038478
5130,0.663444866,0.407118309,0.89567842,0.732386467,0.504868084
5131,0.685682106,0.407232112,0.913578997,0.716388116,0.399809379
5132,0.701108869,0.389200049,0.899276409,0.726918951,0.399602151
5133,0.670476229,0.372172081,0.892064441,0.72676911,0.408520893
5134,0.681742268,0.360019453,0.891927958,0.740044,0.403373927
5135,0.682738426,0.361707364,0.878951449,0.735487782,0.404832989
5136,0.682125952,0.364986894,0.875735664,0.734787859,0.40655389
5137,0.638916835,0.379281553,0.875265581,0.73605273,0.408760636
5138,0.638573855,0.358185776,0.874730218,0.729969868,0.404195427
5139,0.625536264,0.362916819,0.879487998,0.723404346,0.407458325
5140,0.633888424,0.366802275,0.885679045,0.720182795,0.405150559
5141,0.637222473,0.375041364,0.893552134,0.749323607,0.408907495
5142,0.633109069,0.390370816,0.90601525,0.756456808,0.407258972
5143,0.668690482,0.394133954,0.91743316,0.76198364,0.409325217
5144,0.682740855,0.392035583,0.920947192,0.761002221,0.418295903
5145,0.693653554,0.39122771,0.925389831,0.761071717,0.443363252
5146,0.68208739,0.396085042,0.92154537,0.758147679,0.449372847
5147,0.665114355,0.409263054,0.922184256,0.736079687,0.491124224
5148,0.664943941,0.420561695,0.918513791,0.755223159,0.48052223
5149,0.681608814,0.441219194,0.916771155,0.775263693,0.483658281
5150,0.67455464,0.46842574,0.915860603,0.780378612,0.475635962
5151,0.754108371,0.442523855,0.900070187,0.742886081,0.47274652
5152,0.765540144,0.483619986,0.901321,0.758973705,0.455791034
5153,0.72511562,0.433931509,0.890449095,0.727600813,0.424325847
5154,0.716879455,0.397464555,0.881772336,0.708668784,0.41033707
5155,0.693703564,0.395892173,0.883268903,0.725080685,0.412715321
5156,0.68865145,0.362054833,0.878660343,0.675949042,0.424656451
5157,0.680006354,0.365613396,0.881375683,0.674692898,0.42557199
5158,0.642677879,0.371450141,0.882071622,0.714355661,0.422732857
5159,0.607046701,0.364723578,0.885798138,0.741511082,0.413148797
5160,0.644635866,0.351447296,0.886810556,0.771486945,0.416635626
5161,0.610648923,0.338952045,0.888772222,0.742641473,0.402758488
5162,0.644695047,0.340065206,0.897126269,0.724070021,0.394681587
5163,0.622832799,0.338610394,0.880467758,0.720402734,0.395666511
5164,0.635779716,0.340441073,0.871182555,0.739099354,0.399746793
5165,0.633741954,0.337850245,0.868787051,0.727348836,0.401229036
5166,0.670947236,0.327478877,0.857635638,0.732247466,0.407666857
5167,0.680687786,0.332243698,0.85515394,0.741996443,0.413639953
5168,0.692802312,0.332303925,0.859664718,0.738192598,0.415935707
5169,0.681959445,0.341466378,0.868307559,0.731201203,0.433570754
5170,0.650716846,0.345258915,0.868012263,0.756268607,0.475922398
5171,0.634509316,0.359346098,0.868539366,0.75922503,0.53061882
5172,0.605434437,0.388960071,0.860581088,0.760703918,0.587745926
5173,0.635703042,0.398916244,0.870706254,0.798206156,0.581332742
5174,0.640082261,0.418318934,0.869169482,0.83884696,0.61185874
5175,0.67358391,0.469555592,0.865933402,0.847055272,0.601874115
5176,0.630508887,0.468620346,0.876089592,0.824851657,0.712636894
5177,0.627407434,0.503473216,0.877781891,0.854629984,0.616396556
5178,0.633153202,0.548293467,0.88184037,0.858046891,0.668137738
5179,0.679434975,0.838328453,0.893203979,0.850823462,0.632658139
5180,0.683424497,0.874523562,0.907168114,0.853110118,0.666664753
5181,0.687481133,0.886616217,0.913422519,0.855685881,0.688841245
5182,0.685275481,0.899404038,0.918234524,0.857232555,0.708021705
5183,0.709870767,0.899559652,0.92954671,0.858745144,0.739034077
5184,0.721625244,0.899514506,0.934147273,0.876826644,0.747634762
5185,0.725928039,0.882323593,0.93321045,0.856750901,0.742103928
5186,0.752466292,0.892469369,0.92836242,0.855468564,0.716077229
5187,0.755290084,0.881660693,0.914952492,0.843516362,0.703157034
5188,0.782848678,0.861000744,0.907507754,0.823122171,0.704720694
5189,0.790949999,0.86359661,0.907885288,0.800660595,0.696541578
5190,0.805696439,0.868729887,0.905505438,0.800244459,0.698678762
5191,0.803408028,0.831273693,0.912507711,0.84590055,0.730098193
5192,0.843751853,0.766489553,0.907257069,0.795362445,0.756888662
5193,0.857408477,0.793947964,0.921635671,0.810916334,0.766821995
5194,0.861798676,0.745659858,0.917355775,0.812483158,0.781095775
5195,0.869995567,0.669937746,0.914949603,0.808796646,0.840739313
5196,0.905344919,0.615351051,0.91525332,0.810538447,0.808242455
5197,0.90018657,0.56016984,0.911882496,0.807338709,0.678523668
5198,0.871874499,0.546086915,0.913634504,0.812208504,0.706630181
5199,0.859320651,0.534682519,0.905590669,0.814671452,0.671148496
5200,0.87547786,0.54190088,0.895236805,0.830268301,0.706499885
5201,0.856427215,0.453260162,0.885534302,0.788357981,0.657717932
5202,0.811702482,0.441198978,0.872850909,0.741760042,0.586383797
5203,0.80807639,0.448093086,0.867929094,0.719853341,0.555333252
5204,0.76847034,0.426798707,0.871411464,0.715781637,0.489719259
5205,0.753513914,0.408783678,0.868836696,0.72539284,0.44777848
5206,0.719829147,0.380556286,0.872607433,0.733823367,0.41982224
5207,0.676836863,0.364106743,0.86891257,0.711732219,0.418558559
5208,0.636156662,0.340307178,0.878578236,0.710634274,0.40814056
5209,0.635814695,0.340641401,0.881381313,0.711154103,0.407793771
5210,0.665213329,0.356841081,0.891747348,0.697828435,0.419896234
5211,0.6843744,0.360564902,0.896980768,0.700353766,0.452583041
5212,0.700719757,0.369589069,0.896442269,0.676602224,0.460556988
5213,0.703358613,0.356553464,0.879602196,0.670127296,0.469629235
5214,0.695337294,0.360249907,0.873731607,0.686135193,0.456349513
5215,0.74856151,0.389560532,0.877637344,0.694324427,0.514277726
5216,0.761928009,0.374908299,0.869723942,0.648910254,0.515580446
5217,0.737444788,0.382323758,0.86892488,0.644508584,0.521445421
5218,0.729063335,0.390850743,0.876506338,0.672442648,0.537055403
5219,0.695617725,0.390110045,0.870075884,0.649424427,0.578066276
5220,0.69992214,0.376551034,0.867836471,0.644228793,0.572759783
5221,0.684090224,0.378324133,0.87035709,0.656226165,0.593350385
5222,0.684616849,0.354591903,0.86452921,0.661225428,0.56664579
5223,0.700031828,0.343947823,0.868936999,0.651082071,0.537251092
5224,0.664742558,0.343819192,0.86866442,0.661041362,0.544146989
5225,0.656887524,0.356173937,0.872422668,0.746950765,0.532580021
5226,0.630774051,0.347847181,0.863193952,0.744344913,0.487779371
5227,0.648139294,0.333864799,0.863765561,0.700283176,0.477086871
5228,0.631880821,0.32552276,0.864585028,0.681912802,0.455693586
5229,0.610314328,0.325055201,0.866215346,0.704701427,0.444993563
5230,0.588774112,0.320744874,0.859779107,0.712449419,0.432958487
5231,0.58407285,0.32323284,0.865049098,0.724873476,0.429852038
5232,0.568653207,0.330389069,0.876895407,0.72151153,0.446149044
5233,0.561011586,0.334361775,0.878409017,0.719266972,0.454865623
5234,0.60141812,0.350208063,0.888081909,0.725168464,0.459282091
5235,0.619577601,0.362549914,0.898249089,0.727026017,0.462006027
5236,0.632959219,0.363780695,0.894536836,0.734144248,0.45237588
5237,0.640812136,0.34956929,0.878665051,0.732565911,0.451849051
5238,0.661724326,0.349120145,0.893470378,0.756036691,0.451102796
5239,0.699416466,0.358840961,0.898713034,0.753471445,0.472119072
5240,0.725005115,0.35681257,0.897777147,0.759555369,0.47819875
5241,0.708880692,0.351298147,0.898155779,0.765508231,0.489088522
5242,0.716122672,0.346352709,0.885461068,0.732226627,0.493835019
5243,0.696465006,0.354634512,0.892091536,0.758042408,0.49990995
5244,0.676225765,0.356988004,0.897400111,0.725644141,0.500037202
5245,0.668298856,0.368188904,0.893262389,0.748692314,0.489102336
5246,0.665276302,0.37182538,0.895145483,0.739333086,0.496232586
5247,0.656869211,0.380346826,0.904107465,0.714750672,0.472529666
5248,0.641501111,0.36989619,0.913232426,0.71331124,0.444903582
5249,0.625437028,0.391290863,0.922412964,0.779429965,0.423974085
5250,0.632129835,0.357879465,0.907672966,0.741439976,0.414115053
5251,0.633055564,0.340526335,0.898424655,0.737541856,0.42767623
5252,0.670680643,0.350829889,0.910157101,0.73260674,0.422886446
5253,0.701068605,0.341003066,0.910627681,0.714067255,0.411280516
5254,0.617165326,0.321409437,0.894461455,0.693776459,0.406905214
5255,0.603196087,0.342226233,0.896425766,0.711109419,0.413487882
5256,0.60244136,0.348680816,0.900548909,0.71578191,0.410017997
5257,0.596131988,0.339882962,0.893553993,0.718116063,0.411503882
5258,0.60319128,0.337064045,0.891557841,0.706390475,0.397187767
5259,0.612943843,0.353756172,0.90565556,0.716796086,0.406305258
5260,0.686153473,0.361200412,0.90572638,0.709727859,0.417233053
5261,0.700673662,0.344408166,0.894286529,0.702791178,0.407480614
5262,0.744720572,0.339218562,0.898347766,0.714600556,0.411009943
5263,0.725413367,0.334719933,0.90553629,0.72457351,0.413305252
5264,0.69624118,0.340904868,0.908719993,0.721906339,0.418696787
5265,0.678935598,0.335348795,0.90337492,0.712503792,0.42756325
5266,0.710608734,0.336423443,0.90334394,0.700091555,0.428015769
5267,0.707073585,0.352070148,0.909260919,0.700727658,0.438416522
5268,0.701405219,0.376976865,0.921660063,0.719558006,0.46210286
5269,0.74818026,0.40493236,0.929410269,0.723950095,0.490947594
5270,0.747357814,0.395955899,0.940725689,0.722325929,0.478819755
5271,0.721402252,0.408643189,0.948032568,0.735280133,0.463538743
5272,0.696820695,0.393082258,0.932149231,0.737537077,0.447601384
5273,0.665199903,0.3850244,0.924743762,0.736726133,0.422620075
5274,0.716424761,0.380277262,0.928135455,0.737766541,0.387346878
5275,0.729228962,0.375516725,0.933645711,0.745428759,0.384519849
5276,0.739585108,0.391598319,0.932457695,0.752173477,0.387065186
5277,0.699227137,0.396993634,0.936104255,0.735423516,0.405830804
5278,0.713133231,0.384628037,0.93541491,0.741146118,0.403792128
5279,0.697680975,0.409287039,0.936302994,0.736789366,0.431125007
5280,0.714796345,0.438554593,0.934219988,0.737891619,0.533273024
5281,0.680652835,0.466463804,0.919655285,0.736301654,0.553103913
5282,0.667973049,0.46682723,0.906214201,0.719502139,0.448504115
5283,0.683830507,0.567656399,0.915489877,0.706097035,0.499242574
5284,0.707748451,0.650879522,0.909865087,0.708402671,0.486152296
5285,0.739133033,0.55432837,0.922358701,0.716374524,0.550249511
5286,0.781317157,0.547916461,0.914841464,0.730779099,0.485306333
5287,0.793516311,0.624895944,0.904929183,0.759427229,0.609069192
5288,0.75776947,0.651054398,0.907672107,0.746671611,0.558180539
5289,0.781624084,0.751264574,0.920131637,0.774882456,0.583905392
5290,0.810527742,0.787345882,0.924941026,0.763114679,0.656995903
5291,0.814212829,0.854395494,0.929014742,0.814954413,0.675667103
5292,0.79533635,0.900304834,0.926534738,0.843954581,0.747849232
5293,0.782748764,0.788272108,0.922123714,0.855444678,0.754500902
5294,0.791387216,0.86624257,0.920892859,0.846644904,0.78530413
5295,0.828521513,0.830505171,0.913838782,0.857699794,0.757792991
5296,0.825414562,0.73802818,0.910954446,0.819333843,0.730283142
5297,0.826809938,0.699248729,0.906018352,0.835921644,0.730083285
5298,0.816718435,0.632394597,0.896187297,0.7666017,0.689769987
5299,0.82777867,0.572861933,0.891457795,0.786084559,0.697818974
5300,0.834898971,0.57406456,0.893335026,0.793707716,0.681184244
5301,0.813340735,0.57937253,0.902138134,0.813957005,0.696221749
5302,0.832662381,0.564376604,0.896229853,0.793078609,0.691475425
5303,0.820778244,0.555048234,0.898260617,0.758521667,0.696382702
5304,0.82222018,0.518585264,0.893239167,0.786957804,0.702595925
5305,0.826265372,0.485764871,0.888508992,0.769318036,0.707846549
5306,0.827496582,0.474542344,0.888348799,0.760047693,0.695631481
5307,0.832538063,0.457979769,0.89364155,0.785305252,0.702345074
5308,0.858315633,0.424234737,0.892831461,0.767073268,0.679092313
5309,0.83593413,0.398156826,0.890445275,0.733277883,0.650488163
5310,0.860704608,0.398000157,0.892553293,0.704164459,0.646015737
5311,0.85494874,0.385563705,0.901206277,0.680450803,0.580280968
5312,0.88112662,0.39841301,0.910072682,0.7431992,0.520083854
5313,0.84260095,0.402845732,0.906237972,0.726256133,0.515311363
5314,0.824073093,0.406640323,0.899767233,0.682372884,0.51362012
5315,0.819699744,0.467270174,0.898861682,0.685409869,0.51265732
5316,0.82098851,0.473466034,0.900086736,0.718445267,0.546832312
5317,0.81449876,0.470358083,0.905948022,0.713274413,0.565707525
5318,0.814706078,0.553350069,0.906002065,0.712086313,0.64550392
5319,0.804760744,0.527503373,0.903380381,0.729565271,0.58296086
5320,0.795592783,0.518120406,0.91689258,0.708574306,0.542505253
5321,0.786112754,0.511040158,0.905968315,0.722533355,0.525986002
5322,0.749978195,0.49357293,0.904664333,0.735166613,0.472573025
5323,0.749284579,0.504632617,0.905433791,0.761283695,0.50111839
5324,0.770714082,0.473334555,0.903017346,0.790020808,0.458017058
5325,0.752071537,0.50466904,0.899910141,0.791776836,0.477702016
5326,0.722593798,0.484423954,0.893975016,0.78863815,0.479322669
5327,0.693964203,0.438774439,0.90010169,0.788540466,0.456439055
5328,0.693733254,0.382753842,0.894736368,0.796724322,0.456098397
5329,0.684566779,0.366644255,0.892304491,0.788566266,0.44652045
5330,0.667617422,0.340361204,0.889610154,0.771696424,0.442740159
5331,0.664526956,0.34014789,0.896275205,0.771893396,0.437223943
5332,0.713783265,0.331201742,0.900066961,0.750853423,0.439688222
5333,0.743197142,0.323808021,0.899140563,0.746669395,0.437761881
5334,0.731439761,0.335404262,0.903018368,0.748547454,0.437232641
5335,0.809763094,0.33216778,0.900953974,0.761266293,0.467064864
5336,0.860964086,0.320730471,0.898058913,0.760427313,0.489538115
5337,0.81538496,0.319037819,0.892298789,0.752721969,0.505026027
5338,0.833194814,0.320977721,0.888744784,0.741982276,0.482027095
5339,0.756819088,0.325403465,0.885992388,0.737524935,0.524536719
5340,0.723424789,0.32113045,0.87806881,0.725014293,0.530038938
5341,0.696459799,0.345343564,0.883165688,0.751743323,0.516714079
5342,0.706794328,0.365263925,0.879466533,0.767727493,0.518644064
5343,0.679878165,0.367074907,0.881369744,0.759530146,0.496093024
5344,0.692176882,0.377582447,0.882519776,0.743713608,0.517025086
5345,0.688159142,0.388016321,0.887941479,0.736156045,0.491427726
5346,0.65356608,0.373276259,0.88240766,0.734589913,0.447537035
5347,0.631022041,0.377075889,0.890125396,0.762201108,0.418454357
5348,0.628725727,0.333463529,0.880409018,0.763695176,0.410669681
5349,0.630809789,0.326403303,0.88225029,0.767739807,0.416948466
5350,0.643645728,0.347882202,0.885379115,0.752715622,0.432598283
5351,0.663370014,0.365795929,0.895288964,0.743222105,0.449160471
5352,0.657496478,0.380743154,0.906742883,0.737664805,0.413979068
5353,0.670110952,0.36444352,0.914677857,0.743661591,0.40852245
5354,0.649293953,0.347449985,0.900768691,0.753965622,0.410686068
5355,0.658593703,0.352063549,0.899962171,0.713736261,0.40931761
5356,0.653355449,0.338231717,0.880444742,0.705646652,0.419994787
5357,0.703842526,0.351231582,0.880846979,0.708198374,0.417251112
5358,0.704449289,0.368734706,0.873406807,0.714445772,0.427021816
5359,0.736846138,0.338444411,0.869256855,0.719690591,0.432343638
5360,0.746896541,0.34009758,0.868867479,0.712743935,0.451004376
5361,0.773567082,0.33330914,0.865958548,0.721598366,0.450913713
5362,0.778983101,0.327826897,0.867777284,0.705802304,0.446278642
5363,0.749786167,0.329710499,0.871668602,0.710932913,0.451612343
5364,0.734775975,0.340789533,0.87469559,0.712873902,0.432530738
5365,0.722129603,0.345806808,0.869912558,0.704996749,0.436495409
5366,0.720491516,0.345389239,0.871561342,0.703205649,0.434299949
5367,0.715585258,0.343585048,0.869487628,0.697818711,0.416886205
5368,0.718394737,0.336689516,0.864085519,0.670921165,0.405946595
5369,0.720496455,0.340024101,0.862518103,0.67270636,0.395925102
5370,0.706367863,0.35775148,0.869028741,0.685222652,0.390379028
5371,0.699760101,0.335929153,0.869824482,0.674595315,0.392344006
5372,0.704674413,0.340729201,0.873735017,0.663927895,0.38743936
5373,0.763287292,0.314107908,0.875783838,0.67500005,0.385685535
5374,0.739945349,0.311215009,0.874470425,0.698619811,0.387652115
5375,0.709335163,0.327452282,0.868654773,0.700311231,0.382361052
5376,0.686040215,0.32959339,0.864980909,0.734479548,0.39048569
5377,0.672793518,0.31677784,0.859985501,0.719377152,0.391636534
5378,0.686305411,0.314557085,0.858133127,0.720431495,0.392010745
5379,0.705629063,0.319877318,0.86243956,0.725251889,0.393512911
5380,0.71579749,0.318973903,0.866250894,0.706298211,0.393479395
5381,0.735335385,0.319926055,0.860372929,0.717082196,0.398765007
5382,0.723145295,0.315335139,0.861384321,0.720440384,0.393668067
5383,0.743767108,0.315386634,0.877403014,0.715667387,0.406083413
5384,0.759151326,0.316557517,0.877955807,0.719687096,0.403420488
5385,0.747950788,0.325412361,0.884440757,0.717086183,0.401605744
5386,0.709688838,0.316858307,0.878105864,0.725216857,0.40168359
5387,0.702793555,0.312407592,0.87432093,0.710730269,0.39953107
5388,0.684233693,0.315869334,0.871591774,0.711301467,0.409980885
5389,0.682593575,0.321923079,0.872977781,0.701878947,0.418766404
5390,0.707754626,0.34589504,0.873269994,0.705002997,0.443908062
5391,0.695196867,0.342565773,0.86622509,0.684837594,0.483347189
5392,0.70389182,0.337997444,0.875109117,0.711556237,0.427765394
5393,0.700096477,0.328244752,0.87584311,0.710112097,0.394575674
5394,0.688168286,0.328416602,0.874116568,0.721675198,0.384706034
5395,0.689799357,0.315871962,0.873400693,0.694188423,0.379066856
5396,0.705259926,0.335679254,0.87845868,0.72542064,0.380244089
5397,0.686267113,0.332583005,0.87869926,0.727944207,0.384958938
5398,0.680352472,0.360997379,0.880146923,0.732203474,0.384132064
5399,0.675660988,0.333720611,0.885025849,0.749309505,0.380014751
5400,0.688363678,0.325830597,0.880320866,0.743026233,0.385213632
5401,0.676988104,0.321514196,0.866878592,0.727755563,0.383907859
5402,0.695331242,0.320439475,0.873901434,0.716121727,0.386227633
5403,0.712865166,0.323511125,0.868700391,0.712969341,0.392303597
5404,0.734607062,0.311732553,0.859060268,0.687255614,0.394623941
5405,0.726300995,0.306701808,0.848914787,0.664163943,0.393389099
5406,0.737509512,0.300821523,0.848321776,0.656045758,0.395153968
5407,0.742322413,0.291479234,0.8582242,0.673126474,0.384880895
5408,0.706080977,0.300354286,0.860236533,0.674727888,0.389517989
5409,0.675785111,0.304809337,0.855268442,0.667721578,0.402225236
5410,0.653194726,0.318261901,0.846413477,0.67760265,0.452188504
5411,0.637967248,0.328211216,0.851405927,0.683450042,0.476313456
5412,0.661256596,0.408775717,0.852981204,0.714938828,0.585422724
5413,0.668741467,0.543760429,0.864894537,0.788558476,0.691134263
5414,0.683530161,0.452382732,0.865339265,0.7603948,0.707186247
5415,0.668771089,0.500622736,0.864705239,0.786416245,0.649449232
5416,0.660021131,0.469920612,0.863795652,0.777209275,0.683110204
5417,0.640997676,0.419952997,0.863875584,0.722048217,0.556647359
5418,0.623370656,0.362606138,0.859188215,0.746877093,0.464082555
5419,0.703397534,0.351797073,0.858692658,0.744097568,0.437463712
5420,0.657442758,0.365952038,0.855231636,0.704826036,0.420471471
5421,0.676555957,0.372405306,0.86011332,0.706084347,0.413142429
5422,0.664708773,0.375242744,0.862777467,0.705385987,0.404052325
5423,0.680832847,0.370216251,0.86464813,0.706233534,0.408799092
5424,0.680635413,0.35208974,0.866023304,0.70712148,0.386428205
5425,0.704540898,0.33793334,0.859198444,0.708930593,0.397813391
5426,0.687376064,0.318672629,0.85230694,0.65658636,0.396191807
5427,0.66132486,0.314106349,0.845898613,0.630545992,0.404908688
5428,0.675562591,0.311616196,0.843666879,0.606929593,0.393356481
5429,0.671033281,0.330375869,0.844367797,0.611313208,0.402273201
5430,0.697270757,0.341319607,0.84335482,0.601601328,0.399817393
5431,0.684420741,0.311778271,0.845646853,0.608562326,0.396614779
5432,0.687795122,0.352859367,0.850532531,0.61915522,0.42805817
5433,0.707908469,0.336454123,0.847907145,0.616381745,0.433747311
5434,0.724149591,0.330320992,0.849372421,0.661861697,0.471587414
5435,0.800206231,0.352093904,0.849853215,0.678085805,0.571293963
5436,0.809395713,0.403236942,0.858147042,0.705361142,0.58599578
5437,0.823763064,0.639968673,0.859787889,0.779867309,0.66653306
5438,0.83078668,0.499638148,0.868222984,0.791317067,0.692090061
5439,0.750645144,0.43254388,0.869126975,0.7299594,0.6903775
5440,0.723569177,0.535470861,0.876604252,0.728320905,0.673747006
5441,0.705006948,0.386475806,0.870405373,0.709395228,0.567620883
5442,0.7144996,0.409968973,0.872514443,0.670983684,0.409503039
5443,0.752608822,0.370846181,0.880844874,0.687299214,0.579911225
5444,0.745200485,0.351779273,0.880916796,0.720760237,0.568165421
5445,0.705456464,0.30636648,0.868292173,0.71836933,0.466553002
5446,0.712667976,0.33991789,0.858639323,0.69002088,0.483310648
5447,0.70855238,0.347672612,0.865063284,0.73504633,0.48012145
5448,0.723078543,0.354990317,0.867688678,0.720286515,0.469403516
5449,0.720721283,0.36775632,0.878749578,0.724375191,0.486356498
5450,0.720532728,0.342153371,0.880528099,0.730709256,0.437315513
5451,0.714356175,0.323086865,0.881760665,0.713768498,0.404044728
5452,0.735996244,0.315478289,0.877448981,0.726231201,0.401538192
5453,0.749176295,0.31585869,0.879087172,0.741531224,0.397083125
5454,0.73578751,0.302004896,0.866638368,0.699765345,0.386707512
5455,0.739339768,0.329066653,0.869827372,0.67513737,0.418154453
5456,0.732485718,0.34854618,0.897993783,0.702886984,0.401304518
5457,0.688669552,0.34212314,0.883835884,0.712521179,0.418442351
5458,0.679065856,0.333608847,0.875056265,0.747115297,0.449456971
5459,0.655387724,0.34736701,0.873913557,0.760754032,0.511886199
5460,0.645689614,0.426846826,0.867982466,0.810515062,0.660798712
5461,0.625517982,0.631375554,0.869042116,0.801586144,0.718817652
5462,0.657512103,0.654084264,0.864465131,0.779605419,0.731745719
5463,0.663577988,0.585341681,0.866524221,0.83100149,0.728443492
5464,0.638611035,0.518740116,0.867987799,0.825528191,0.712645378
5465,0.63763666,0.396896353,0.871752945,0.759780806,0.517267085
5466,0.615923737,0.326442932,0.869948717,0.716574692,0.421219275
5467,0.616329251,0.418612703,0.875607885,0.736505145,0.572183972
5468,0.622816118,0.382192141,0.879799703,0.727343613,0.378894102
5469,0.620455089,0.359565075,0.885961976,0.720338156,0.382561345
5470,0.640016827,0.379923516,0.898300587,0.721661812,0.385020605
5471,0.656567637,0.377542893,0.895816143,0.734307718,0.381620907
5472,0.639918761,0.370542859,0.895122737,0.73886115,0.38158324
5473,0.613229836,0.384523651,0.899428636,0.748759425,0.380490317
5474,0.614775908,0.366326441,0.903146189,0.745834408,0.380179818
5475,0.633850061,0.348446747,0.890707027,0.720785589,0.382349175
5476,0.648181136,0.373089759,0.879540751,0.720752568,0.382571584
5477,0.667737623,0.375822974,0.874654754,0.721414031,0.390017196
5478,0.722323903,0.361477101,0.867111054,0.689288582,0.386453276
5479,0.677793014,0.375549717,0.880821911,0.704337259,0.390207716
5480,0.671009456,0.319494468,0.868570771,0.680441085,0.390993306
5481,0.676654253,0.324765795,0.867480019,0.716608827,0.406340121
5482,0.69546964,0.337813137,0.871684118,0.720781045,0.426435908
5483,0.67175953,0.349479232,0.872305368,0.708481449,0.491280453
5484,0.702677515,0.38666523,0.867494244,0.734605315,0.554085519
5485,0.744583178,0.447120256,0.875575818,0.759220041,0.632345076
5486,0.706301516,0.606296305,0.877625643,0.748784459,0.696467339
5487,0.694250567,0.451092714,0.874113789,0.746023665,0.631199257
5488,0.684130485,0.44135431,0.872752329,0.751612984,0.574323419
5489,0.657036999,0.358041347,0.873947874,0.715802085,0.47381743
5490,0.663916268,0.343016699,0.868881799,0.688026247,0.47955377
5491,0.661014472,0.32686758,0.864167344,0.681360029,0.421382985
5492,0.658348232,0.328949611,0.864305928,0.676166307,0.444149167
5493,0.671499701,0.326273973,0.867098261,0.713643845,0.489206088
5494,0.695754154,0.319612683,0.864441785,0.670141583,0.463751258
5495,0.720838407,0.296355664,0.861757475,0.641185669,0.448046925
5496,0.69655407,0.313517496,0.87591361,0.691474365,0.441292529
5497,0.709681287,0.314543418,0.872117632,0.661993949,0.424562453
5498,0.708643476,0.327998237,0.869745174,0.619937959,0.399254809
5499,0.698466281,0.314635463,0.870400795,0.618874088,0.390616224
5500,0.709564521,0.2836386,0.869916302,0.58987182,0.417953772
5501,0.703020107,0.275470123,0.863670304,0.604187979,0.40539267
5502,0.720584076,0.279190515,0.867798924,0.604518727,0.37596434
5503,0.682827725,0.288150237,0.863941785,0.619296032,0.373451878
5504,0.701920329,0.313110395,0.870510846,0.634435244,0.379272523
5505,0.6835565,0.327108925,0.87224635,0.657905057,0.387726611
5506,0.683750248,0.355466958,0.868324687,0.741328085,0.451005168
5507,0.738511833,0.434428518,0.867895479,0.699224562,0.540811903
5508,0.744758765,0.431014847,0.866897751,0.714802176,0.646608662
5509,0.781961328,0.644757369,0.872989259,0.723617543,0.795600037
5510,0.800370029,0.474291007,0.879880204,0.761362201,0.766573615
5511,0.838698708,0.552498944,0.880121277,0.796787726,0.626503518
5512,0.785104709,0.510083399,0.880271751,0.762808299,0.515006971
5513,0.749442007,0.479739498,0.876053031,0.752710403,0.506958864
5514,0.742566888,0.466089536,0.879661945,0.697715015,0.480189549
5515,0.767038314,0.460213004,0.891887914,0.724330455,0.547302296
5516,0.758725835,0.44203887,0.888173442,0.749091309,0.462070723
5517,0.782351426,0.435326242,0.894222917,0.750686707,0.462375579
5518,0.797736777,0.397380894,0.888702646,0.718105725,0.449807416
5519,0.82395395,0.389507057,0.909906419,0.723800845,0.428898917
5520,0.756875654,0.381818228,0.89442023,0.733435133,0.424872892
5521,0.745178043,0.368401234,0.895280308,0.711783961,0.439003128
5522,0.736694756,0.338119769,0.879875321,0.712911457,0.439465085
5523,0.710606605,0.302142115,0.870272776,0.673155706,0.442517925
5524,0.746446501,0.317544993,0.868776438,0.671308931,0.38698691
5525,0.7635615,0.31036231,0.860086508,0.664869445,0.379884829
5526,0.797506072,0.299277743,0.876096557,0.642186239,0.385408305
5527,0.792043955,0.317027804,0.863563515,0.654069783,0.421810948
5528,0.79676804,0.314005793,0.865946312,0.678305924,0.405852461
5529,0.800010975,0.318729597,0.866556306,0.693370434,0.421747459
5530,0.825515467,0.331162155,0.864613178,0.686252036,0.469048653
5531,0.777320673,0.338379172,0.870620273,0.675268095,0.553857959
5532,0.81026252,0.377883393,0.869531148,0.677233023,0.534665047
5533,0.80328239,0.37213658,0.870949953,0.675593259,0.561144464
5534,0.841932486,0.335309604,0.867710221,0.670108148,0.62432921
5535,0.810881366,0.333759857,0.863724648,0.687492346,0.530564759
5536,0.826623516,0.333831045,0.864608653,0.675404021,0.499485097
5537,0.831635028,0.332699503,0.863007352,0.669106814,0.43622379
5538,0.739688219,0.337775956,0.86302493,0.651856917,0.408614089
5539,0.741776884,0.343532286,0.869741268,0.690078731,0.372882768
5540,0.704274552,0.329430013,0.880582805,0.706414334,0.382749635
5541,0.70023492,0.326813346,0.875324636,0.707285892,0.36809256
5542,0.707667523,0.305658421,0.86138214,0.651827596,0.363876481
5543,0.699311578,0.300106193,0.861787075,0.647094145,0.371970472
5544,0.708229891,0.311557644,0.875235808,0.668319615,0.374589385
5545,0.716007727,0.31694647,0.875945385,0.650477466,0.385052433
5546,0.712439441,0.3208124,0.886088896,0.635932073,0.391147747
5547,0.728304602,0.307418211,0.876454475,0.60005107,0.401262133
5548,0.749530646,0.28872337,0.872016038,0.585219721,0.403433995
5549,0.730833402,0.287603976,0.861447961,0.620825202,0.410348781
5550,0.718344708,0.298893564,0.863808116,0.642237821,0.429227391
5551,0.727332159,0.320812187,0.867487247,0.729821882,0.492160791
5552,0.723031046,0.34961042,0.861407382,0.772096055,0.513951525
5553,0.727469326,0.544314212,0.861122677,0.782806206,0.567664118
5554,0.730921424,0.71187195,0.867583303,0.774355829,0.643803138
5555,0.722162379,0.754810916,0.870792968,0.771678515,0.709183296
5556,0.722221354,0.802655016,0.878704369,0.790554154,0.707381769
5557,0.769352274,0.798017873,0.887012852,0.822361917,0.77990825
5558,0.738795311,0.78220063,0.885004518,0.798816143,0.771288377
5559,0.763852019,0.760781957,0.883975477,0.805106232,0.778188496
5560,0.760456359,0.73241073,0.88804636,0.808490349,0.757282571
5561,0.756135931,0.72232522,0.895500849,0.779982525,0.719055814
5562,0.745027781,0.662782687,0.903642788,0.781823986,0.699190089
5563,0.75706738,0.794113678,0.897057518,0.796241337,0.723233394
5564,0.749131927,0.804626433,0.894051426,0.795452405,0.680560881
5565,0.795486498,0.731430702,0.893094053,0.801355709,0.672961563
5566,0.809185838,0.653814504,0.902008215,0.826751886,0.640866828
5567,0.823870027,0.541708282,0.897928357,0.752335532,0.627191035
5568,0.845317953,0.492763833,0.902371595,0.777306433,0.521747232
5569,0.8337634,0.414855795,0.897726807,0.757022935,0.596322201
5570,0.896708679,0.333169442,0.895506769,0.723994658,0.58197881
5571,0.896628485,0.315846485,0.89173751,0.689898786,0.524917349
5572,0.908738625,0.311949483,0.886739669,0.649172795,0.479482165
5573,0.939821905,0.309141186,0.878820197,0.649914179,0.470158573
5574,0.918002721,0.310744451,0.871630236,0.631052126,0.474686972
5575,0.858861027,0.306009618,0.860614814,0.64074611,0.480591143
5576,0.8151106,0.30658582,0.862988551,0.646696315,0.449857688
5577,0.818719549,0.305127982,0.86612506,0.651127502,0.49438579
5578,0.858984236,0.300779244,0.867812191,0.597265281,0.495714928
5579,0.872093362,0.327744557,0.869673821,0.608389395,0.545613324
5580,0.889274389,0.351386474,0.867381074,0.627291643,0.536864676
5581,0.849858331,0.336538137,0.860526262,0.586850541,0.545288663
5582,0.807267918,0.322976541,0.865319416,0.583884974,0.572078939
5583,0.845357679,0.332346476,0.877792774,0.612249366,0.532617321
5584,0.85215334,0.335682461,0.868509424,0.618447998,0.482710231
5585,0.862934867,0.341844828,0.867158048,0.649684377,0.473429342
5586,0.873067135,0.322434801,0.865034981,0.655369383,0.455289552
5587,0.87196851,0.335133224,0.854342683,0.634021378,0.472780591
5588,0.887620636,0.336544526,0.854461866,0.65247192,0.45386728
5589,0.82649735,0.326495451,0.845391438,0.677236427,0.420270172
5590,0.801431028,0.316142361,0.860180754,0.733355929,0.412464656
5591,0.782612102,0.287851108,0.867451849,0.70220752,0.416444424
5592,0.774974535,0.285409001,0.877283717,0.705654393,0.396470124
5593,0.743823486,0.279658353,0.871196684,0.670343529,0.378994424
5594,0.743065159,0.289558217,0.868984227,0.657664886,0.390432726
5595,0.716907447,0.27799101,0.868385135,0.635923834,0.398783519
5596,0.679690466,0.275661369,0.861780345,0.635742798,0.406189014
5597,0.689862407,0.275492178,0.859927688,0.646460358,0.399170838
5598,0.733429903,0.278506653,0.871258016,0.666026498,0.398163081
5599,0.7404059,0.275902109,0.873155553,0.660134539,0.413819148
5600,0.740687814,0.269100997,0.870692988,0.6227686,0.406516632
5601,0.716930074,0.269147014,0.86285919,0.621415466,0.416891006
5602,0.66640381,0.25933317,0.847726901,0.613250812,0.390817614
5603,0.639409765,0.261310941,0.846123312,0.62719869,0.385122721
5604,0.626000619,0.254605358,0.84381402,0.609555297,0.376878024
5605,0.643020341,0.25752205,0.8420122,0.601936671,0.370072985
5606,0.642064582,0.267379736,0.848801918,0.601774209,0.368555884
5607,0.635493097,0.304868108,0.864084451,0.648433651,0.367304926
5608,0.638942781,0.311074018,0.862088358,0.664349581,0.36227044
5609,0.662492799,0.350503077,0.867720641,0.688299106,0.362822389
5610,0.667846366,0.312018454,0.872312374,0.683394211,0.363953962
5611,0.65806308,0.28692847,0.85637404,0.656315962,0.36973493
5612,0.631039564,0.27491878,0.854371774,0.653454707,0.371792446
5613,0.626304366,0.263550152,0.855460124,0.652840099,0.369629357
5614,0.649920252,0.269912046,0.87347478,0.673501933,0.363581949
5615,0.640523856,0.286818831,0.879076676,0.705804862,0.363078679
5616,0.644600215,0.282484289,0.877762657,0.717881757,0.363053747
5617,0.632691124,0.267417816,0.861509478,0.667186493,0.364177919
5618,0.683203924,0.261449624,0.86651758,0.616916421,0.370298025
5619,0.720378176,0.2637205,0.866909308,0.602992782,0.382356995
5620,0.722380819,0.254737034,0.855891052,0.566207444,0.404314121
5621,0.717739906,0.256203302,0.856625481,0.579311342,0.416390445
5622,0.708151549,0.264091212,0.869619972,0.611478408,0.412756296
5623,0.68617009,0.260443833,0.857738084,0.600672619,0.414003168
5624,0.675587763,0.257400018,0.847691756,0.584237329,0.415710442
5625,0.685326499,0.258498574,0.844687245,0.591131769,0.417199176
5626,0.674773843,0.263114519,0.843686732,0.600303656,0.400821671
5627,0.679132082,0.266928815,0.84288995,0.594851699,0.409214972
5628,0.675129107,0.260645722,0.843564477,0.597183251,0.405432911
5629,0.64915455,0.270132386,0.844183792,0.611457426,0.40407893
5630,0.667571585,0.276911736,0.837431143,0.563989361,0.404725731
5631,0.690123216,0.271215163,0.840680456,0.571852903,0.398473317
5632,0.672523729,0.265949276,0.838122383,0.588574762,0.394844254
5633,0.678784923,0.295021268,0.850805392,0.626994467,0.384975973
5634,0.642634114,0.277954464,0.848072922,0.613148914,0.388275973
5635,0.682995662,0.272320576,0.857143861,0.668539705,0.381649545
5636,0.63877202,0.269844532,0.842930947,0.65328173,0.372361602
5637,0.615631023,0.262657171,0.83716514,0.63784942,0.368085319
5638,0.599881805,0.266463542,0.838322033,0.645863313,0.371336883
5639,0.604623616,0.263411592,0.832872047,0.631035397,0.362461849
5640,0.627140396,0.26773155,0.841492841,0.666879991,0.365220299
5641,0.648703018,0.266498358,0.850451796,0.635022444,0.384255777
5642,0.671845778,0.287106314,0.846482408,0.637497257,0.385808156
5643,0.679449622,0.285887469,0.853304956,0.640279651,0.393756424
5644,0.688266887,0.253509557,0.845086272,0.59997015,0.394582427
5645,0.672886379,0.24407277,0.840102091,0.593375781,0.39238262
5646,0.673882677,0.243148309,0.83329966,0.639497754,0.389692098
5647,0.685117818,0.24278461,0.84115309,0.631403867,0.390119539
5648,0.676025854,0.244387274,0.839764016,0.628860839,0.383439763
5649,0.677090918,0.241207853,0.838074219,0.606218176,0.362669483
5650,0.632178796,0.244143065,0.834774989,0.589082477,0.389572481
5651,0.664761427,0.258484687,0.83729382,0.613812647,0.398891271
5652,0.663748137,0.256280145,0.83571636,0.604546916,0.418678967
5653,0.667807416,0.282827905,0.836432098,0.589164167,0.403407154
5654,0.702942449,0.294718892,0.858657143,0.676789786,0.401015552
5655,0.683492898,0.270562274,0.843661881,0.632148139,0.393336729
5656,0.643106789,0.271367317,0.848917039,0.616827584,0.377385696
5657,0.623942603,0.292882749,0.840609043,0.596841051,0.367816582
5658,0.615778933,0.311545175,0.840781345,0.648204209,0.379939868
5659,0.618928723,0.28538887,0.831093939,0.605200574,0.370916728
5660,0.606555709,0.243182036,0.833403198,0.619087783,0.37272807
5661,0.624248047,0.243071285,0.833015758,0.619220915,0.371221201
5662,0.607477038,0.250313301,0.834420985,0.619245055,0.356419109
5663,0.619103438,0.246177408,0.831274652,0.59949943,0.359431184
5664,0.61336545,0.257128697,0.833051424,0.651004771,0.363061901
5665,0.62313643,0.308667138,0.836014579,0.675115103,0.365145733
5666,0.633026911,0.312398031,0.837072903,0.669872441,0.379337322
5667,0.623658335,0.321603375,0.835371086,0.629121412,0.364798753
5668,0.645940852,0.321001307,0.837444496,0.604176376,0.372777242
5669,0.672881607,0.3014868,0.831580933,0.638541197,0.368361849
5670,0.67325583,0.302821246,0.832324087,0.605630953,0.367066116
5671,0.684269419,0.299522089,0.835351071,0.595416326,0.36029071
5672,0.657440344,0.304163765,0.837198062,0.615361318,0.360806165
5673,0.627122396,0.309333901,0.8264652,0.601181621,0.364766019
5674,0.623849676,0.31581058,0.8266473,0.59348855,0.36419859
5675,0.606674023,0.344559755,0.82543267,0.571583085,0.371810832
5676,0.623634951,0.372713974,0.825802639,0.570670994,0.411545686
5677,0.6110471,0.339061638,0.839751804,0.612543171,0.380370461
5678,0.599867529,0.41941269,0.864055486,0.640259852,0.451831654
5679,0.614365825,0.389121967,0.855484636,0.639715149,0.44387001
5680,0.627838366,0.364244299,0.85117124,0.62882658,0.387294562
5681,0.637651582,0.350726447,0.85485852,0.620643197,0.380394329
5682,0.637906663,0.331520327,0.85699217,0.619909251,0.374729414
5683,0.624372371,0.290963608,0.845595666,0.633497068,0.370179031
5684,0.59438207,0.280264584,0.848431466,0.646995224,0.371414721
5685,0.593808378,0.27764238,0.84365501,0.60891774,0.364009639
5686,0.596989346,0.291186194,0.838443086,0.605709954,0.356498925
5687,0.599684892,0.266925693,0.83717695,0.609385032,0.357294713
5688,0.590365139,0.272741614,0.84560286,0.62028033,0.367445807
5689,0.614565925,0.265674404,0.853838,0.596015566,0.362675794
5690,0.598528129,0.259915443,0.849403944,0.603250162,0.358211468
5691,0.589318081,0.254529755,0.839650408,0.599655046,0.359416498
5692,0.601391329,0.257586184,0.844644332,0.606364051,0.351667991
5693,0.594747221,0.248795834,0.830885901,0.568517105,0.347432764
5694,0.605924324,0.244354169,0.83433293,0.571843166,0.354507086
5695,0.618770236,0.246418711,0.837731983,0.579664672,0.359840386
5696,0.645571875,0.252011432,0.842151331,0.588048854,0.359483015
5697,0.665299261,0.253811255,0.844734277,0.585620012,0.360748948
5698,0.665249345,0.257071398,0.838135167,0.578203638,0.363893574
5699,0.647392477,0.284894658,0.84039901,0.618625744,0.362724303
5700,0.633127571,0.290321612,0.837282711,0.62403327,0.370317658
5701,0.622071234,0.300262753,0.841845788,0.616919125,0.378289351
5702,0.615007447,0.283474552,0.845644047,0.597204197,0.400643823
5703,0.632915934,0.266990188,0.841948223,0.612278044,0.362716036
5704,0.607378944,0.258595092,0.849635399,0.61054625,0.346800735
5705,0.6060545,0.267072759,0.854058828,0.650961029,0.342369872
5706,0.608110896,0.263252711,0.865410697,0.636557371,0.340960306
5707,0.608656527,0.267427594,0.864721621,0.633589653,0.342562578
5708,0.606111586,0.252883379,0.85820505,0.633449386,0.342313307
5709,0.624207956,0.247554949,0.860175068,0.645479961,0.344675349
5710,0.623054161,0.243194934,0.853062925,0.622250038,0.343309394
5711,0.61133619,0.249127576,0.854248713,0.637370033,0.345526794
5712,0.652900017,0.256889811,0.857496155,0.652736607,0.344897932
5713,0.62572576,0.254439825,0.856981964,0.637181712,0.339614006
5714,0.638099426,0.255462732,0.859352787,0.63753553,0.340833575
5715,0.638921188,0.24448451,0.858188671,0.620307251,0.343452901
5716,0.672930195,0.236541207,0.851869321,0.573805494,0.348482493
5717,0.673984188,0.237020989,0.847172796,0.559009821,0.35318386
5718,0.671251541,0.236451462,0.851801817,0.558507265,0.353467549
5719,0.673874691,0.242131917,0.852670692,0.559983428,0.354019733
5720,0.676461305,0.241689079,0.856504231,0.569551097,0.34957052
5721,0.657371141,0.246488023,0.858296926,0.573249024,0.35286108
5722,0.639898907,0.259066373,0.860070837,0.590686372,0.364562206
5723,0.6382819,0.268839462,0.848987767,0.620959487,0.361745844
5724,0.670134564,0.322006434,0.851801578,0.616351506,0.380346763
5725,0.641684363,0.425435376,0.841694398,0.640798357,0.42669364
5726,0.643838702,0.495382847,0.834191034,0.602529963,0.51453641
5727,0.624766016,0.387201419,0.829393349,0.569601123,0.415555002
5728,0.606636421,0.31104964,0.837363153,0.601061693,0.370238219
5729,0.569834448,0.285510068,0.839192176,0.680220595,0.354586221
5730,0.575859775,0.288279101,0.847411282,0.706938036,0.349054015
5731,0.580233867,0.323908385,0.857116314,0.733762024,0.364795753
5732,0.585098556,0.275275526,0.843100573,0.706282088,0.34606915
5733,0.590393166,0.252792424,0.844027032,0.607934104,0.346481999
5734,0.575424733,0.267826551,0.846637866,0.664638096,0.34678892
5735,0.60137344,0.296972368,0.8506867,0.679776171,0.354589615
5736,0.570834482,0.264411012,0.845725941,0.693781588,0.349298474
5737,0.56663908,0.269282067,0.851648817,0.673464894,0.34632223
5738,0.589926386,0.273849379,0.862057909,0.693678594,0.349587175
5739,0.591089858,0.257851445,0.838600986,0.667205798,0.351518003
5740,0.612999672,0.255571355,0.831277261,0.597229655,0.35043896
5741,0.640898751,0.247929499,0.838279659,0.625282238,0.344676053
5742,0.663452184,0.238390588,0.828154573,0.579446374,0.345076126
5743,0.655505809,0.261216817,0.849261951,0.633080572,0.350868953
5744,0.648472927,0.249741097,0.838292952,0.598935737,0.350354452
5745,0.692710553,0.252245068,0.842650708,0.60363376,0.360728655
5746,0.66671266,0.258842083,0.846351906,0.599656361,0.372779582
5747,0.634474569,0.271080587,0.844375217,0.599783112,0.391243179
5748,0.627922976,0.274509766,0.83296507,0.59309451,0.389778824
5749,0.647853772,0.299276502,0.847618271,0.605493829,0.395706581
5750,0.747653782,0.495558813,0.837027441,0.589590481,0.468974862
5751,0.713147385,0.503062854,0.834647921,0.593937655,0.474821215
5752,0.666157661,0.366601775,0.830440211,0.644565962,0.428483876
5753,0.648748669,0.343270752,0.82755904,0.578164891,0.369144216
5754,0.645350368,0.251345174,0.823608233,0.58823664,0.361837787
5755,0.630634599,0.251797951,0.830448029,0.604550304,0.353412589
5756,0.614598212,0.23219495,0.827161617,0.56120025,0.342749901
5757,0.611549382,0.240047054,0.831430472,0.550848752,0.364352315
5758,0.59559424,0.264712909,0.834860145,0.606509241,0.372761339
5759,0.617210381,0.308195906,0.847541681,0.662025146,0.358211281
5760,0.621524587,0.31950718,0.859072991,0.665313344,0.35318825
5761,0.617903973,0.301027894,0.844595423,0.661708466,0.355738863
5762,0.618674881,0.269977597,0.843681813,0.651378698,0.346942977
5763,0.640105979,0.265045065,0.841731253,0.638929067,0.336250517
5764,0.664252728,0.270389445,0.846725063,0.65015663,0.331679772
5765,0.671062804,0.3002708,0.843738943,0.619557396,0.334196849
5766,0.722605365,0.34511386,0.842672613,0.619134955,0.351536237
5767,0.770059973,0.450622493,0.844297517,0.626299538,0.460613256
5768,0.75651112,0.48475325,0.849625342,0.610341785,0.500048854
5769,0.783985997,0.512268705,0.845859916,0.585426182,0.414344788
5770,0.83167557,0.670226598,0.862255272,0.601319556,0.443917404
5771,0.839169382,0.586390818,0.861761175,0.578672072,0.562717374
5772,0.87381794,0.598355239,0.849024346,0.568960154,0.574486236
5773,0.834497301,0.650970556,0.840332872,0.546907489,0.667348269
5774,0.829940081,0.640437303,0.835091137,0.557020724,0.694665894
5775,0.7975241,0.713268635,0.832460241,0.548718871,0.648110171
5776,0.779883864,0.474148467,0.835484418,0.551609429,0.592224343
5777,0.741625182,0.460348431,0.832411432,0.572821199,0.498194026
5778,0.703172602,0.422589823,0.825945703,0.56911586,0.452422042
5779,0.734287058,0.37000397,0.828214721,0.581444179,0.566797835
5780,0.708454856,0.360731051,0.832162478,0.60940413,0.559951651
5781,0.676889325,0.328946226,0.829843584,0.591037654,0.443711695
5782,0.61771672,0.288775322,0.833696171,0.618656259,0.461581832
5783,0.662431922,0.281633454,0.834242588,0.62786272,0.522542689
5784,0.663950719,0.303594633,0.838134109,0.689765952,0.514358371
5785,0.635219889,0.289614627,0.835510705,0.658121303,0.477950621
5786,0.701241308,0.304902178,0.839242261,0.700571314,0.470014245
5787,0.67893153,0.287048989,0.832352219,0.674153019,0.493085409
5788,0.693838235,0.271946582,0.829331669,0.643128593,0.510653521
5789,0.707141541,0.270590851,0.830286273,0.609142022,0.522384153
5790,0.735029214,0.276662846,0.826986255,0.616249966,0.468216511
5791,0.779367133,0.351042114,0.837530895,0.654737407,0.599969659
5792,0.769827009,0.2672549,0.831451662,0.642747286,0.544106596
5793,0.771724391,0.292913958,0.834963071,0.63240727,0.597617661
5794,0.763901864,0.350094869,0.83928922,0.662593255,0.622335412
5795,0.680563937,0.412084469,0.837267742,0.683048053,0.622181428
5796,0.653137768,0.462644017,0.835167245,0.704812526,0.690037217
5797,0.655257879,0.445171672,0.827053537,0.726914229,0.765211938
5798,0.650793208,0.56925281,0.827036181,0.739041998,0.824050886
5799,0.641684092,0.497195587,0.832508459,0.765151513,0.806048698
5800,0.657072848,0.532237145,0.833768033,0.669084233,0.652870152
5801,0.644177814,0.46200703,0.835838759,0.666683383,0.542968843
5802,0.612295129,0.335111788,0.846043513,0.658082639,0.370680473
5803,0.644052254,0.329579981,0.840038417,0.682841018,0.454825567
5804,0.624511221,0.30567657,0.844326991,0.655051591,0.357160062
5805,0.62672122,0.290864575,0.839031743,0.600996814,0.346924895
5806,0.606161967,0.288273964,0.839240085,0.613628507,0.361939512
5807,0.620406937,0.28721032,0.840360923,0.616234228,0.372974887
5808,0.632024908,0.287590013,0.847565149,0.617315632,0.349274469
5809,0.6487421,0.280583777,0.860721454,0.683335461,0.375775524
5810,0.699602404,0.260554047,0.851623438,0.627184486,0.445073778
5811,0.7005139,0.256687762,0.838001196,0.629755251,0.448387601
5812,0.737314772,0.268400792,0.845725093,0.680486188,0.392284235
5813,0.720923898,0.259618209,0.837967604,0.62285142,0.370426607
5814,0.737819759,0.254389985,0.833942054,0.569045949,0.353361977
5815,0.721535731,0.254780179,0.839261696,0.583930308,0.411871625
5816,0.733180005,0.246856778,0.838317284,0.586441482,0.385539259
5817,0.732401088,0.246845809,0.845578327,0.595971659,0.401840365
5818,0.748448278,0.256601495,0.84846854,0.599163831,0.43548386
5819,0.752735561,0.278902811,0.843742151,0.589525598,0.498812311
5820,0.747820993,0.275165264,0.845172072,0.570173172,0.552662527
5821,0.768302805,0.30032169,0.850886,0.596460621,0.583464609
5822,0.751880762,0.294452098,0.839316673,0.655983378,0.672013972
5823,0.757323089,0.439757577,0.844470847,0.69661796,0.669397279
5824,0.751479435,0.374624487,0.850827381,0.715973682,0.61287425
5825,0.721944066,0.391758449,0.851701527,0.623103336,0.561300278
5826,0.704370113,0.285842754,0.849785742,0.583770508,0.449056259
5827,0.729470027,0.369631262,0.853670123,0.583936761,0.456441538
5828,0.681686006,0.314048331,0.862625921,0.630435627,0.392695851
5829,0.674876086,0.334556678,0.876144877,0.648167698,0.400022296
5830,0.697249349,0.35670748,0.885663955,0.6417367,0.375807973
5831,0.661451195,0.315075949,0.893400982,0.651406128,0.371001072
5832,0.663658348,0.300286911,0.891608564,0.681923597,0.421478064
5833,0.641043805,0.30406695,0.884114829,0.641510561,0.372045345
5834,0.63137816,0.295927785,0.88404694,0.655025819,0.352576049
5835,0.660608876,0.306780896,0.884016082,0.6643681,0.358465548
5836,0.670374077,0.305583171,0.881897302,0.649382158,0.361423745
5837,0.712816477,0.305123451,0.882221896,0.703783067,0.354655703
5838,0.704246045,0.303791919,0.88648115,0.706728393,0.339381301
5839,0.711799004,0.325866618,0.892520015,0.701417197,0.338287567
5840,0.715418469,0.315541523,0.888895765,0.689679703,0.340915155
5841,0.718183585,0.31424447,0.883632278,0.678193507,0.370050086
5842,0.764826373,0.321701535,0.884538185,0.659766761,0.412700787
5843,0.729292824,0.341869527,0.872209874,0.652522425,0.449188487
5844,0.745092849,0.357432943,0.878091571,0.639572451,0.55307172
5845,0.758832349,0.343333086,0.872168463,0.63151783,0.615420609
5846,0.732065855,0.369200177,0.882999332,0.624551537,0.721188528
5847,0.748048666,0.541967775,0.858961595,0.615590564,0.686532462
5848,0.654943733,0.517262344,0.856166515,0.612341535,0.666264676
5849,0.650313911,0.320130015,0.853029193,0.621635302,0.38021567
5850,0.630624026,0.268887109,0.853606794,0.636324303,0.374376479
5851,0.619169846,0.271739953,0.854446708,0.657934117,0.363872949
5852,0.610786223,0.282491889,0.868045458,0.657023857,0.344077008
5853,0.588008939,0.278476439,0.870830904,0.657524386,0.36965665
5854,0.59411828,0.266074355,0.865440149,0.649067345,0.380619423
5855,0.618191166,0.261118268,0.858793748,0.644610819,0.347429537
5856,0.617626928,0.266663585,0.860006891,0.641428583,0.410818215
5857,0.61638926,0.250940264,0.847137553,0.629288611,0.43272165
5858,0.63342426,0.25389409,0.844638035,0.626211242,0.378603679
5859,0.640594621,0.244899658,0.836306882,0.622410687,0.355870824
5860,0.653537368,0.229064405,0.823643745,0.58498781,0.376776
5861,0.667564318,0.216148972,0.819564112,0.551009386,0.333692536
5862,0.686260429,0.210112293,0.822118477,0.53765675,0.316331507
5863,0.699202095,0.212016247,0.829099595,0.539779517,0.316147968
5864,0.693328783,0.213428982,0.82057761,0.561857599,0.318170545
5865,0.687202122,0.216778585,0.819628942,0.561817485,0.331112641
5866,0.685219331,0.219214559,0.813899147,0.585509956,0.375653372
5867,0.689486434,0.220904883,0.8110364,0.571680427,0.382880558
5868,0.690884287,0.2301903,0.813139239,0.580224008,0.383689505
5869,0.713125348,0.2511645,0.825246756,0.585294323,0.452772739
5870,0.721131935,0.255326247,0.82327749,0.588896035,0.534754777
5871,0.736542235,0.252168377,0.831181807,0.586308384,0.544588391
5872,0.693183178,0.247701804,0.836265263,0.573893526,0.446378865
5873,0.671197905,0.276981581,0.835584081,0.587049492,0.330548269
5874,0.624240117,0.252082052,0.841514355,0.625593196,0.335559184
5875,0.632142998,0.252778364,0.8407687,0.61122377,0.334241039
5876,0.619016778,0.292994203,0.838084659,0.614136229,0.317518058
5877,0.629422584,0.317828964,0.838582596,0.588660947,0.316456127
5878,0.62362489,0.307842838,0.838171867,0.601756025,0.317500548
5879,0.663470416,0.323985884,0.841919723,0.587001418,0.317690778
5880,0.643805744,0.320253848,0.838338623,0.552700072,0.318230328
5881,0.620802584,0.307247664,0.825336547,0.565309013,0.321574794
5882,0.621991458,0.292431788,0.821091671,0.548783787,0.312283846
5883,0.619187439,0.300766578,0.819081568,0.535088976,0.31390654
5884,0.617242414,0.323546464,0.814667701,0.553336952,0.314208341
5885,0.637588938,0.32118328,0.812621673,0.546508488,0.319962548
5886,0.645551796,0.300596391,0.815208932,0.524727143,0.320533184
5887,0.676536024,0.281638218,0.815028715,0.54209633,0.338890752
5888,0.645623695,0.258096305,0.815503852,0.546619971,0.335522023
5889,0.636139259,0.244594597,0.814428559,0.546111348,0.340723678
5890,0.623036388,0.238000417,0.816974342,0.553807316,0.348798303
5891,0.620806604,0.231205397,0.815869483,0.551846174,0.37283821
5892,0.611720375,0.234170964,0.818319007,0.562036825,0.407620893
5893,0.601844907,0.247127459,0.817442281,0.577277365,0.575438058
5894,0.609219916,0.232875903,0.820418278,0.581650183,0.521684126
5895,0.648572445,0.394190061,0.818486894,0.548339125,0.615048938
5896,0.648109847,0.348346152,0.818014148,0.545859965,0.522279674
5897,0.672088454,0.278168773,0.817166885,0.529678095,0.514552144
5898,0.664880507,0.241778004,0.814413214,0.53124826,0.469122621
5899,0.609172068,0.212552777,0.819498406,0.519127861,0.385119242
5900,0.612280947,0.220820301,0.821922364,0.536201647,0.360170179
5901,0.575608993,0.214201732,0.821527725,0.516135668,0.354859893
5902,0.558385113,0.219112292,0.819542731,0.521623727,0.365847239
5903,0.559772817,0.216362495,0.817469198,0.51885624,0.335121699
5904,0.567331311,0.210705874,0.808551176,0.511474874,0.322778442
5905,0.581186265,0.210344322,0.812008546,0.510645055,0.329602565
5906,0.571026244,0.210948604,0.813305555,0.511641865,0.321053975
5907,0.576171515,0.215984464,0.81668375,0.516751045,0.320305838
5908,0.585312077,0.211343502,0.816462508,0.509173994,0.326457396
5909,0.601167824,0.209815042,0.823678649,0.499026458,0.314910602
5910,0.607771383,0.21045482,0.824431157,0.503762036,0.310943507
5911,0.616612471,0.22136403,0.810886491,0.511844099,0.317865909
5912,0.61804693,0.226754843,0.815733417,0.551940657,0.332492335
5913,0.618552378,0.243770307,0.827855807,0.583776005,0.3344074
5914,0.617699686,0.248645071,0.832120686,0.632956828,0.333611758
5915,0.616746877,0.314247334,0.875541299,0.686524697,0.359319012
5916,0.613874045,0.319564222,0.886219247,0.672707752,0.466870455
5917,0.685890887,0.481281262,0.896478342,0.673364748,0.579903326
5918,0.73311437,0.425611478,0.899766611,0.676924645,0.580717604
5919,0.745613741,0.404129624,0.877717137,0.679302758,0.614027222
5920,0.695661995,0.478094884,0.872855533,0.683666522,0.509951366
5921,0.663110743,0.47937524,0.864591274,0.659323818,0.579627488
5922,0.672914881,0.51087029,0.882447075,0.669382842,0.58544975
5923,0.730261045,0.61377399,0.891001241,0.673795797,0.60015026
5924,0.729426419,0.620066346,0.888069771,0.671809732,0.60109676
5925,0.744548226,0.586590091,0.871756289,0.670634436,0.526809557
5926,0.763262492,0.633664691,0.880293251,0.68486633,0.522634481
5927,0.773909161,0.663085148,0.868525611,0.66556403,0.525338384
5928,0.80018605,0.63189852,0.861671727,0.649901671,0.515034352
5929,0.779492249,0.499763728,0.85457715,0.592098098,0.462353436
5930,0.768168907,0.432386487,0.860333786,0.553412827,0.449087397
5931,0.764228945,0.402849523,0.862269767,0.55161744,0.469406903
5932,0.747467993,0.427738677,0.856870383,0.557453413,0.476398503
5933,0.746952174,0.512456572,0.858367589,0.564394893,0.488966192
5934,0.705729361,0.600688901,0.858209593,0.55971572,0.494772862
5935,0.820286308,0.750250603,0.857864418,0.594836538,0.62437866
5936,0.797717658,0.746860687,0.866996188,0.642985334,0.614767
5937,0.805844692,0.721171715,0.8632779,0.686392756,0.580188734
5938,0.775410097,0.66685091,0.858175425,0.702050647,0.538188123
5939,0.75143281,0.580263619,0.858307815,0.701274418,0.47146882
5940,0.691659284,0.467202201,0.852844239,0.691599392,0.406949732
5941,0.701162823,0.370762052,0.857823228,0.667431528,0.434682087
5942,0.697815498,0.339783386,0.858258716,0.663573944,0.473359875
5943,0.649795455,0.30351935,0.855991433,0.648308361,0.459670544
5944,0.707285293,0.282682512,0.853640592,0.613259857,0.446794852
5945,0.689164178,0.261240699,0.853141042,0.60365589,0.461708878
5946,0.776573118,0.260865282,0.850794576,0.591878589,0.450867703
5947,0.74438457,0.251509586,0.84798832,0.57775829,0.41181255
5948,0.725242698,0.252343748,0.843133372,0.566161045,0.392031146
5949,0.774004574,0.269159787,0.846204605,0.588248783,0.350894269
5950,0.785392374,0.248648628,0.840989311,0.581486904,0.348213922
5951,0.786219319,0.232219448,0.840755229,0.583613058,0.340754639
5952,0.782855847,0.225614559,0.834494327,0.555517221,0.343575281
5953,0.837230825,0.2233959,0.838319416,0.523835219,0.339361014
5954,0.836222662,0.210958943,0.836415842,0.502919353,0.339886574
5955,0.835090131,0.210660132,0.834732158,0.50882316,0.338813602
5956,0.803910516,0.210093261,0.829287024,0.499050343,0.341512782
5957,0.802328882,0.205331782,0.824417199,0.481025814,0.350291387
5958,0.813035321,0.202441591,0.822299096,0.474379074,0.358959101
5959,0.820292744,0.204225923,0.824996803,0.476904565,0.350792962
5960,0.777458658,0.203978138,0.824389577,0.47979977,0.344080638
5961,0.798454723,0.207086575,0.823430489,0.501319698,0.372230429
5962,0.833412848,0.21415589,0.824073156,0.505428848,0.35284609
5963,0.785375827,0.222062118,0.820829019,0.50928684,0.33245863
5964,0.745938879,0.22633226,0.81844422,0.513080209,0.357078238
5965,0.758024945,0.236274894,0.823050096,0.502182774,0.355843166
5966,0.746054591,0.220033021,0.8204287,0.517992215,0.368815586
5967,0.747804548,0.21240604,0.825104805,0.52232857,0.371097061
5968,0.715450105,0.211675053,0.827198823,0.481911688,0.380248464
5969,0.684576943,0.212510553,0.83037944,0.528791377,0.357292017
5970,0.670592403,0.213626503,0.834278706,0.547829983,0.323966588
5971,0.65610532,0.213255493,0.831256153,0.520094802,0.315783279
5972,0.635482579,0.214898999,0.828057594,0.536886285,0.323010377
5973,0.623251926,0.223769952,0.825579013,0.519315195,0.358211302
5974,0.652688634,0.22668069,0.826665544,0.581275936,0.358055239
5975,0.631075782,0.220129128,0.823624621,0.593644584,0.343226835
5976,0.651331723,0.218875549,0.825597574,0.574408624,0.335693414
5977,0.651579567,0.217865964,0.822827414,0.5520328,0.346368089
5978,0.604023802,0.210362032,0.819331761,0.525308324,0.361362006
5979,0.619696791,0.2201789,0.82166246,0.553870121,0.363392871
5980,0.625420184,0.231784999,0.823281735,0.588496073,0.34638638
5981,0.643667208,0.233607882,0.816005312,0.532564867,0.356792392
5982,0.635286916,0.213953475,0.809047673,0.489098573,0.36547699
5983,0.663325467,0.21928147,0.812313151,0.484132175,0.365291623
5984,0.629436657,0.210931698,0.808859964,0.497996419,0.37898559
5985,0.64402522,0.217346147,0.812156815,0.520637945,0.372464847
5986,0.644604481,0.22802212,0.808291001,0.513844815,0.359582192
5987,0.657325441,0.241985954,0.810176482,0.497459601,0.383636827
5988,0.623039387,0.252653636,0.814308619,0.497732926,0.427099274
5989,0.591092896,0.308047924,0.824008903,0.547043145,0.450600187
5990,0.571307309,0.247850765,0.812079795,0.5131932,0.454618513
5991,0.579043174,0.264397818,0.816392923,0.508552554,0.471918067
5992,0.576902043,0.244385283,0.82266103,0.496591581,0.407588674
5993,0.576829458,0.244497,0.827993793,0.502725412,0.420617369
5994,0.582803622,0.227299645,0.822799006,0.492362638,0.392172852
5995,0.593905595,0.232253095,0.826764954,0.502458697,0.387878009
5996,0.59238726,0.22200346,0.824051717,0.493864292,0.385593285
5997,0.582942973,0.221894974,0.822231698,0.488119487,0.371224552
5998,0.595588509,0.220639683,0.832433283,0.505132074,0.350734534
5999,0.616108848,0.264600666,0.840513317,0.559972645,0.338180905
6000,0.602828132,0.250200468,0.833148614,0.568795238,0.328965948
6001,0.591396039,0.235954168,0.829677926,0.57578407,0.334660056
6002,0.585027848,0.22559983,0.815060381,0.511772821,0.33116286
6003,0.588763534,0.237595049,0.808432001,0.491248667,0.330294705
6004,0.591480547,0.243218179,0.815118481,0.525444987,0.329173247
6005,0.60869639,0.229947196,0.814156002,0.513072307,0.321535555
6006,0.606049489,0.220017577,0.804853822,0.506281597,0.319558598
6007,0.620313892,0.22413344,0.80415538,0.463747403,0.342388221
6008,0.614176157,0.229895943,0.805852852,0.457941623,0.361050849
6009,0.635614236,0.231918995,0.810847142,0.474137341,0.358586307
6010,0.672985462,0.221659901,0.811210889,0.498638854,0.361425913
6011,0.650158268,0.236577618,0.808165059,0.500107014,0.357987596
6012,0.61795273,0.240845133,0.804975434,0.502926333,0.355994799
6013,0.601408067,0.259517457,0.808166697,0.503450791,0.365988268
6014,0.587799899,0.252622908,0.817609738,0.517556431,0.367440351
6015,0.562480576,0.245671736,0.817041221,0.513912268,0.371865909
6016,0.556325868,0.22419386,0.816155366,0.526440804,0.362470797
6017,0.553134581,0.21900745,0.81680642,0.529314091,0.344068238
6018,0.551797953,0.21613156,0.815623135,0.518978863,0.323000971
6019,0.549848957,0.210796254,0.814044107,0.52940329,0.312759663
6020,0.560053765,0.204137321,0.808701977,0.518529058,0.341341782
6021,0.551189091,0.212207123,0.809244999,0.541469279,0.383489047
6022,0.544205835,0.214774823,0.814578845,0.544559639,0.344633045
6023,0.557693925,0.217493424,0.821947839,0.570056207,0.317674664
6024,0.543400195,0.237806864,0.827035208,0.616946271,0.303649087
6025,0.530513101,0.221926191,0.821183889,0.582103409,0.297760051
6026,0.56665347,0.22287789,0.82802324,0.581216689,0.29563635
6027,0.602943339,0.210431457,0.817231325,0.540193082,0.29661711
6028,0.60113128,0.206504598,0.813162368,0.531321322,0.297987733
6029,0.581742025,0.223036169,0.816196828,0.562211926,0.30395345
6030,0.584557624,0.215927444,0.81564949,0.570165319,0.312624946
6031,0.578417774,0.201349127,0.815946706,0.525815613,0.322528704
6032,0.651918737,0.199241851,0.810031679,0.508275116,0.332248614
6033,0.649015115,0.198021041,0.800666368,0.50168256,0.367099041
6034,0.632486629,0.199228353,0.803630229,0.515462512,0.395891384
6035,0.643997043,0.20086037,0.804529596,0.5266387,0.506044587
6036,0.608006948,0.211800648,0.802841838,0.544576485,0.490264065
6037,0.662539423,0.22840782,0.799051916,0.553122164,0.532936276
6038,0.638007156,0.242014575,0.801505168,0.567958195,0.598593068
6039,0.626772495,0.263420236,0.80646999,0.595616546,0.573739421
6040,0.608699954,0.266327658,0.809855106,0.600629659,0.542509916
6041,0.574013203,0.238632827,0.806589759,0.52893675,0.43466043
6042,0.554273748,0.26041332,0.810222836,0.500814983,0.378760304
6043,0.551654372,0.218236669,0.809908873,0.505635623,0.307008005
6044,0.543276051,0.214737409,0.807920401,0.514022168,0.304258018
6045,0.539471414,0.2135912,0.807795152,0.502739166,0.301662832
6046,0.539894325,0.23725575,0.815761938,0.514125119,0.296334721
6047,0.542184204,0.233705965,0.808330664,0.522867264,0.328026079
6048,0.527745158,0.242234031,0.813853355,0.515799633,0.367591384
6049,0.544261651,0.257979023,0.823612151,0.537824787,0.287513051
6050,0.546576141,0.271455541,0.826012743,0.545210703,0.302754749
6051,0.549775467,0.257051938,0.815958788,0.54735995,0.306913218
6052,0.565753697,0.253103888,0.820635212,0.590551584,0.298835316
6053,0.571711376,0.225687027,0.811101986,0.518822157,0.318840474
6054,0.602215972,0.217712361,0.813106366,0.497495953,0.317072468
6055,0.601447172,0.214510855,0.816628997,0.500275935,0.324904288
6056,0.661219858,0.211264986,0.809856042,0.480420987,0.341944092
6057,0.626505377,0.22148623,0.811864445,0.505404135,0.336510936
6058,0.631745503,0.254431029,0.816929878,0.526260877,0.430070483
6059,0.601461,0.255535587,0.819438214,0.527670428,0.513126853
6060,0.628396215,0.268649679,0.80820651,0.533821534,0.553953566
6061,0.666311614,0.37521339,0.804379359,0.58642169,0.65570723
6062,0.65672271,0.489870612,0.813419584,0.669601424,0.724746846
6063,0.626806592,0.362530445,0.810846551,0.637180167,0.693370765
6064,0.614340505,0.341886842,0.815900808,0.560879401,0.529317635
6065,0.572175167,0.337386185,0.823207038,0.619314497,0.444892401
6066,0.565081285,0.206856194,0.816458011,0.554189728,0.3047928
6067,0.560172601,0.314951222,0.807572397,0.521346446,0.389778064
6068,0.561744666,0.232417019,0.808180678,0.509858737,0.335221448
6069,0.555974619,0.21988177,0.808747282,0.542775715,0.329950909
6070,0.563058255,0.203805329,0.815983717,0.499745211,0.447716529
6071,0.573095431,0.198245526,0.82317126,0.499026472,0.374636468
6072,0.57392344,0.194367661,0.829188373,0.512072421,0.280298072
6073,0.551883884,0.197095005,0.825527322,0.532642825,0.280582282
6074,0.580818508,0.215245567,0.828525092,0.558892254,0.293441416
6075,0.655863541,0.214802303,0.831370394,0.553824021,0.300822013
6076,0.611052003,0.206959496,0.823591804,0.539375409,0.287173035
6077,0.648283924,0.206586088,0.815524702,0.520109118,0.287598964
6078,0.695839117,0.203282633,0.812241961,0.509256338,0.291981286
6079,0.658046582,0.198241176,0.809878675,0.533924535,0.333657341
6080,0.636018508,0.206960304,0.813416149,0.582264482,0.326327811
6081,0.640904155,0.212971171,0.816362524,0.589975732,0.379757624
6082,0.67359317,0.21284409,0.809366395,0.573842238,0.399685633
6083,0.698939166,0.215791881,0.808774077,0.567351992,0.495426259
6084,0.694948486,0.228847707,0.801264896,0.542892716,0.552654748
6085,0.780373838,0.25609994,0.816879721,0.58798216,0.759050656
6086,0.776955107,0.34033941,0.832477801,0.649504216,0.707013341
6087,0.725323136,0.282043935,0.832902711,0.645020788,0.660179884
6088,0.682736621,0.339535861,0.831236436,0.665418249,0.602479563
6089,0.59520225,0.328390188,0.824273338,0.622192968,0.596705088
6090,0.578961087,0.260877462,0.83083588,0.604481762,0.376566169
6091,0.582806434,0.263426031,0.833259632,0.656932394,0.328173792
6092,0.582315753,0.310865071,0.846657911,0.639658095,0.351170393
6093,0.580756887,0.373752129,0.843859899,0.647958229,0.414611537
6094,0.593541235,0.352300823,0.843923113,0.628170999,0.384073879
6095,0.555936508,0.286572513,0.846861364,0.62327692,0.342492052
6096,0.527437838,0.258041523,0.837878715,0.596237397,0.352960914
6097,0.536851962,0.24633455,0.836536016,0.585754395,0.344734014
6098,0.556334612,0.250672608,0.829808511,0.584102289,0.347254034
6099,0.549701082,0.234535812,0.819867641,0.522246781,0.318980649
6100,0.559439759,0.234012961,0.813033074,0.567221405,0.306639105
6101,0.587352695,0.221093666,0.809710359,0.524004803,0.308942914
6102,0.575893292,0.197912845,0.802646597,0.466486249,0.278584447
6103,0.565248149,0.195261212,0.807177611,0.471778545,0.285533347
6104,0.551483143,0.198024815,0.800437552,0.489698493,0.297380472
6105,0.540349358,0.204472758,0.79823622,0.489283482,0.327680784
6106,0.551204095,0.227410242,0.798749992,0.521132387,0.397284352
6107,0.547731149,0.225629868,0.798564071,0.537724677,0.427008639
6108,0.54704113,0.258947578,0.796777591,0.552850496,0.450675729
6109,0.54755488,0.273799919,0.799916364,0.659004973,0.485397538
6110,0.606342248,0.542456596,0.807660064,0.718637699,0.685203896
6111,0.59275624,0.476341797,0.820892309,0.713904641,0.690740813
6112,0.626273063,0.408705302,0.823818849,0.708656663,0.510194685
6113,0.535561965,0.270880558,0.82231314,0.68045547,0.384418232
6114,0.515016027,0.254433615,0.816347849,0.62346868,0.31287125
6115,0.524197584,0.225214184,0.810198088,0.572341444,0.30763329
6116,0.505578127,0.220244786,0.809629667,0.566227893,0.293839591
6117,0.500602735,0.214952015,0.815190016,0.595409294,0.284756353
6118,0.528135519,0.205129981,0.811830001,0.566340428,0.281230003
6119,0.556991088,0.204941264,0.810452501,0.584587767,0.282601473
6120,0.602989486,0.195589241,0.808432854,0.532450529,0.282793387
6121,0.591592118,0.205690754,0.808646183,0.535813263,0.291216209
6122,0.607964362,0.205226075,0.81545068,0.554843034,0.277666823
6123,0.628293562,0.190259804,0.811802697,0.494368626,0.270576451
6124,0.647342743,0.190701776,0.808062525,0.486067577,0.26845023
6125,0.639621254,0.193849127,0.815278394,0.491827398,0.267248239
6126,0.635769787,0.186472664,0.80996574,0.472861436,0.268213383
6127,0.622309508,0.198979122,0.809445332,0.482869426,0.288697648
6128,0.652467117,0.184253743,0.805066848,0.447752303,0.312884624
6129,0.630900794,0.194852331,0.800635511,0.472082062,0.326221337
6130,0.641668326,0.222013091,0.799574849,0.492928839,0.388324501
6131,0.611941119,0.228510677,0.800865468,0.527067446,0.421684321
6132,0.593714189,0.223202585,0.799518861,0.526608168,0.544784511
6133,0.602397111,0.2603506,0.808479625,0.554818341,0.604418873
6134,0.597300832,0.260168997,0.807284867,0.625679985,0.595789239
6135,0.576017341,0.291863862,0.813533223,0.636845938,0.557831993
6136,0.559330847,0.267305696,0.808156094,0.616293094,0.394865402
6137,0.546400296,0.259736813,0.816527491,0.568988934,0.3209326
6138,0.543328215,0.20925718,0.803504246,0.506045426,0.277692144
6139,0.529169251,0.219459139,0.807323934,0.554712969,0.326730335
6140,0.561321093,0.213068769,0.808964651,0.567718058,0.363513231
6141,0.538643197,0.219060291,0.809715719,0.57163983,0.323104529
6142,0.52086207,0.225518498,0.813489794,0.584303108,0.287569537
6143,0.535695059,0.20166312,0.802859748,0.575538114,0.293028837
6144,0.528212737,0.191174006,0.796535442,0.562153829,0.2807036
6145,0.526804379,0.183625401,0.798013192,0.554514683,0.279115276
6146,0.545177005,0.190021049,0.808327855,0.572476071,0.28036612
6147,0.536932293,0.189273275,0.804669373,0.581150108,0.285012071
6148,0.544965956,0.198182885,0.806083648,0.578335019,0.280604509
6149,0.549692211,0.197163306,0.804547925,0.555243637,0.275495983
6150,0.583298698,0.208444949,0.813151288,0.560684678,0.276881976
6151,0.587376884,0.204943737,0.811249629,0.547632096,0.278379939
6152,0.58677838,0.212403877,0.814191776,0.535150781,0.280515362
6153,0.576535391,0.20011777,0.809303598,0.517143964,0.30271946
6154,0.605839236,0.209235455,0.803773368,0.533590754,0.335609231
6155,0.587208036,0.240935863,0.801281981,0.550253048,0.386106162
6156,0.587186163,0.245542062,0.806824546,0.569572282,0.398425692
6157,0.650360842,0.247479094,0.813358179,0.573978361,0.482970132
6158,0.610363268,0.270578651,0.805732501,0.635795671,0.517112714
6159,0.595282831,0.233071588,0.802455834,0.592718124,0.505775913
6160,0.561520091,0.296859434,0.796338821,0.59812852,0.522636371
6161,0.537756871,0.285455974,0.79641475,0.628021044,0.375881533
6162,0.545900935,0.231141951,0.796898756,0.625055372,0.312865975
6163,0.532112728,0.253244977,0.79181037,0.693351026,0.394468042
6164,0.540465007,0.249867802,0.793689683,0.63027667,0.381093257
6165,0.523778964,0.247770158,0.794053691,0.653189623,0.380145468
6166,0.516508467,0.254875657,0.788100839,0.597323048,0.392952331
6167,0.532847846,0.260051848,0.793189681,0.571774435,0.356703381
6168,0.524253013,0.242102288,0.786942984,0.557480301,0.356768478
6169,0.543164421,0.227140146,0.786463941,0.617727094,0.366170332
6170,0.589719037,0.225794826,0.791397698,0.656141778,0.365778542
6171,0.612381724,0.226062177,0.791753592,0.623505393,0.375420707
6172,0.606347774,0.23041215,0.79302829,0.636570702,0.415005998
6173,0.618187216,0.271829499,0.784612176,0.591936044,0.410247408
6174,0.622311192,0.351724034,0.780721427,0.566211491,0.425869882
6175,0.605375826,0.610176772,0.785097405,0.585559696,0.593474737
6176,0.608220135,0.694430142,0.788272621,0.585164649,0.623068334
6177,0.611297597,0.703380612,0.793705919,0.565524086,0.650012091
6178,0.619437416,0.631912172,0.798154243,0.563913997,0.657879259
6179,0.702904321,0.555687887,0.803750993,0.556560969,0.719645142
6180,0.687584705,0.513807008,0.805651756,0.539669592,0.736679285
6181,0.719493232,0.524710126,0.818595013,0.52400275,0.738262106
6182,0.726675849,0.514236362,0.823095549,0.524002324,0.665683221
6183,0.708678853,0.56556609,0.816209363,0.537050076,0.627262098
6184,0.699315334,0.44027199,0.813123664,0.533956123,0.603059081
6185,0.674843418,0.357293575,0.815379374,0.534908695,0.532531991
6186,0.662121719,0.320900038,0.818867242,0.487243532,0.446350212
6187,0.662366703,0.32421758,0.820000569,0.494735951,0.451303787
6188,0.657407684,0.288218848,0.814354534,0.47996883,0.41936636
6189,0.643713402,0.265109027,0.814645743,0.498490224,0.36547527
6190,0.629556048,0.263648461,0.815760116,0.536817359,0.377530313
6191,0.646590478,0.236494633,0.815465356,0.561286948,0.363813844
6192,0.643936355,0.249263163,0.813585197,0.538145831,0.343573169
6193,0.640580969,0.259704425,0.808386617,0.560953814,0.339875151
6194,0.65743372,0.27234191,0.806370973,0.5777706,0.329032991
6195,0.658399286,0.272274781,0.807511383,0.563615372,0.3583825
6196,0.655068823,0.277784121,0.803594084,0.571769814,0.352046554
6197,0.642195573,0.300147139,0.8034629,0.559107906,0.379776661
6198,0.669444168,0.32706787,0.803840694,0.534215302,0.417529844
6199,0.714031393,0.286122998,0.806192362,0.564092051,0.365117282
6200,0.714113871,0.242854102,0.809584077,0.559268504,0.365217031
6201,0.723084126,0.226820934,0.814410451,0.562053549,0.384736518
6202,0.730158415,0.264694762,0.821738339,0.578649162,0.463255848
6203,0.702310511,0.258750548,0.820878847,0.584270938,0.517914581
6204,0.722839993,0.300782861,0.833891193,0.633172885,0.497186462
6205,0.70425981,0.369982036,0.83883029,0.643580501,0.522979151
6206,0.733031119,0.428086576,0.870323347,0.688997691,0.581252092
6207,0.785602639,0.464288564,0.864953757,0.665039446,0.70238186
6208,0.829684757,0.437378162,0.840588246,0.623767297,0.666291173
6209,0.873745135,0.54018751,0.844506813,0.617265148,0.617054279
6210,0.870325837,0.540189782,0.846734149,0.5847663,0.610714174
6211,0.85932649,0.458302058,0.844431458,0.605377988,0.688270569
6212,0.762176796,0.463899182,0.852522419,0.644762505,0.628774677
6213,0.732611674,0.421591751,0.853604579,0.633195743,0.704053844
6214,0.727264821,0.378630048,0.852905018,0.616915537,0.711850363
6215,0.716346683,0.354281776,0.846584557,0.606191836,0.707896008
6216,0.70805728,0.321255504,0.838266844,0.588216744,0.705679193
6217,0.726297167,0.304206469,0.852111996,0.599093355,0.669486017
6218,0.779388002,0.265239566,0.853753192,0.603974958,0.619001721
6219,0.838600539,0.260263612,0.847086457,0.619863724,0.5791641
6220,0.895894225,0.272827544,0.85664337,0.680486236,0.505513074
6221,0.896108999,0.289051965,0.860930435,0.714359606,0.466875423
6222,0.896628489,0.293253922,0.853250376,0.71207494,0.421417455
6223,0.862423891,0.244068893,0.836157715,0.649883491,0.428431452
6224,0.865579014,0.244629052,0.835726748,0.627563212,0.391336002
6225,0.857187326,0.240883479,0.833480037,0.620725639,0.401982556
6226,0.845879113,0.25294168,0.836547563,0.632847159,0.393938655
6227,0.852631866,0.271045258,0.833772802,0.630890742,0.412702952
6228,0.853708065,0.26605867,0.830552549,0.600057644,0.444322049
6229,0.844961496,0.261497513,0.832707099,0.588089176,0.480313308
6230,0.830011356,0.27155247,0.843215941,0.563149225,0.594669808
6231,0.821175664,0.301491381,0.850011071,0.575181685,0.564874573
6232,0.809959738,0.346677088,0.847103751,0.596791779,0.601713647
6233,0.776087753,0.36094263,0.843641134,0.603993135,0.59809017
6234,0.746847225,0.330720482,0.842619571,0.600729519,0.591094452
6235,0.769371015,0.295781419,0.845033427,0.565812267,0.480459463
6236,0.723654977,0.264397628,0.840216069,0.569941185,0.450526994
6237,0.672743229,0.25263126,0.836355553,0.540033629,0.401096336
6238,0.659745354,0.23941145,0.830568744,0.556306314,0.408231913
6239,0.657166776,0.227335065,0.821692776,0.549366062,0.412237801
6240,0.669382043,0.201555446,0.816853671,0.526350827,0.417661691
6241,0.655970615,0.197360107,0.818535364,0.481013583,0.364138651
6242,0.641839737,0.193511335,0.81603105,0.481386151,0.363072586
6243,0.653820979,0.190179882,0.821273649,0.506402799,0.392200111
6244,0.654814794,0.190901831,0.824082541,0.520949005,0.428986356
6245,0.677427211,0.201209009,0.821742029,0.510799513,0.463927629
6246,0.679468964,0.234202563,0.816216003,0.521669115,0.466231333
6247,0.707763837,0.298305128,0.81845308,0.529429753,0.414292777
6248,0.728484966,0.272468012,0.827598842,0.577561383,0.448945918
6249,0.703261555,0.291904238,0.828775222,0.619182275,0.460014075
6250,0.683246375,0.321536363,0.828894294,0.608662023,0.520964553
6251,0.70101886,0.361500993,0.820550369,0.5977895,0.611190526
6252,0.716964751,0.371004583,0.824102551,0.58852247,0.708112496
6253,0.750883383,0.368791001,0.82170794,0.584365819,0.743399359
6254,0.770739333,0.34455154,0.818815491,0.56002127,0.727981918
6255,0.767995563,0.334157042,0.810495018,0.55771577,0.712832563
6256,0.769009355,0.309607508,0.815808983,0.571528969,0.568945973
6257,0.751163255,0.2859629,0.808011393,0.570219374,0.436271956
6258,0.710119269,0.315526693,0.798053603,0.553862287,0.383458936
6259,0.672328494,0.338734331,0.801635239,0.442734266,0.352261734
6260,0.667020296,0.380659816,0.79591184,0.465058392,0.334101139
6261,0.669153624,0.407147723,0.792645984,0.473199971,0.339947555
6262,0.651459076,0.435781088,0.790794276,0.47282034,0.364609951
6263,0.665501762,0.430350166,0.795192333,0.48360677,0.395181275
6264,0.664610088,0.451869838,0.791996535,0.439798898,0.41454525
6265,0.672114575,0.434517519,0.792885071,0.437858876,0.465665446
6266,0.691169359,0.426443413,0.788109645,0.469477985,0.446603863
6267,0.669198861,0.396301809,0.790368607,0.462063805,0.475713926
6268,0.694179295,0.349821848,0.797649487,0.450888027,0.480199352
6269,0.68942118,0.330339285,0.796538274,0.465969573,0.464610438
6270,0.714488173,0.306190384,0.79823302,0.464079174,0.41147105
6271,0.723357814,0.279275117,0.795411215,0.448229458,0.368489
6272,0.73146051,0.258289258,0.788769354,0.449106465,0.365671569
6273,0.771540735,0.221926421,0.781524467,0.442041587,0.392140899
6274,0.789874359,0.219084501,0.779267142,0.472645833,0.371779844
6275,0.766155007,0.22760751,0.775360911,0.464251779,0.392467114
6276,0.779497357,0.220856047,0.781682079,0.47036392,0.402160161
6277,0.774876222,0.219521196,0.78665447,0.444828631,0.475431287
6278,0.748845114,0.206864122,0.788800905,0.429435818,0.467888559
6279,0.721420614,0.224723439,0.788883722,0.424031568,0.463067976
6280,0.738857331,0.200330774,0.797274142,0.430381034,0.337381753
6281,0.692995892,0.180469048,0.791897372,0.420931457,0.285234349
6282,0.693966052,0.177632563,0.786001473,0.406674202,0.286725334
6283,0.696751849,0.173418709,0.780000398,0.393881098,0.263472347
6284,0.69924466,0.20021959,0.782910832,0.398519227,0.267952625
6285,0.6755344,0.185560065,0.782324283,0.404628573,0.266364186
6286,0.651283115,0.173612128,0.776893801,0.430660645,0.265688751
6287,0.64555818,0.177950218,0.778294337,0.442384521,0.258787096
6288,0.622008929,0.178529455,0.781048462,0.400859249,0.262088049
6289,0.625059818,0.180273622,0.779476177,0.402943935,0.261884579
6290,0.611298107,0.192540259,0.783203907,0.446184081,0.262653799
6291,0.608571104,0.18806639,0.775065786,0.448244726,0.26233429
6292,0.642028309,0.183082216,0.776839128,0.449547588,0.265618065
6293,0.645314152,0.183092926,0.776678713,0.44024304,0.271805244
6294,0.670501668,0.184044889,0.779810388,0.450234395,0.263816637
6295,0.657097014,0.189633661,0.778925668,0.445350988,0.265709826
6296,0.681369901,0.188298784,0.776665047,0.430561995,0.277906021
6297,0.683011135,0.197766756,0.785714742,0.493793156,0.288832114
6298,0.674339789,0.208750887,0.793620979,0.488644099,0.368877106
6299,0.654423863,0.210160257,0.787778103,0.488220446,0.403690424
6300,0.680002311,0.212721751,0.795415741,0.50452863,0.388933643
6301,0.675455148,0.247341533,0.802709855,0.569286204,0.420536968
6302,0.674950301,0.253107149,0.809407269,0.63221186,0.424082483
6303,0.616159953,0.281563838,0.811234184,0.617344158,0.463883058
6304,0.601140873,0.23918991,0.781299024,0.584791604,0.535428563
6305,0.594585116,0.235458969,0.772644878,0.58715846,0.506293494
6306,0.59673351,0.231223487,0.768378694,0.485201236,0.519649324
6307,0.594818175,0.248743623,0.772860608,0.480060371,0.447796016
6308,0.572797487,0.263951763,0.780427836,0.515997174,0.451152428
6309,0.544858616,0.267112883,0.775620586,0.470641457,0.460735417
6310,0.536414962,0.273170091,0.778924149,0.492845849,0.548141897
6311,0.552884378,0.268943049,0.770437548,0.479603078,0.557303139
6312,0.570347247,0.226854933,0.766005614,0.480797448,0.478258596
6313,0.556855193,0.224642392,0.766910008,0.491315901,0.426212481
6314,0.593176894,0.207536178,0.767044667,0.499601822,0.423409183
6315,0.611027243,0.211491141,0.766102153,0.494397173,0.387992388
6316,0.631125685,0.211987556,0.768955078,0.507408113,0.363363529
6317,0.607088936,0.210350463,0.766029607,0.492346269,0.385665815
6318,0.619894693,0.214092294,0.772794453,0.484581376,0.367720252
6319,0.650051655,0.248033955,0.793783167,0.600253264,0.368373658
6320,0.629999326,0.263875756,0.809822505,0.633931978,0.388101425
6321,0.631424542,0.284147052,0.826517063,0.696717205,0.426300321
6322,0.594937973,0.301493112,0.825945994,0.696164687,0.565320107
6323,0.57823285,0.289798881,0.818331546,0.726802927,0.638905703
6324,0.570123636,0.298962522,0.80650326,0.721620846,0.806736363
6325,0.555535318,0.341320643,0.804393098,0.726382912,0.803365415
6326,0.560620811,0.35844973,0.810604146,0.698764445,0.805927096
6327,0.575940032,0.330864637,0.798914329,0.709730923,0.797365496
6328,0.602713307,0.345981435,0.80949539,0.7202982,0.762232979
6329,0.597217091,0.243089803,0.790500669,0.672286223,0.608695069
6330,0.592188206,0.244796376,0.792425484,0.588900996,0.390692217
6331,0.56456898,0.206219924,0.771923374,0.505894607,0.380183404
6332,0.517820085,0.196416981,0.77024691,0.466307686,0.300667427
6333,0.505823356,0.189088798,0.771440515,0.444488991,0.296064693
6334,0.517678596,0.18772555,0.773195638,0.427442562,0.310038427
6335,0.513292445,0.180349722,0.76838334,0.416150207,0.315188858
6336,0.516355741,0.173573897,0.76694467,0.382343629,0.31909286
6337,0.499924373,0.177271619,0.766236382,0.392433078,0.324838045
6338,0.497149716,0.172592676,0.76513384,0.429797796,0.301515395
6339,0.510424754,0.173721638,0.766137765,0.40619069,0.305743249
6340,0.517724576,0.184009401,0.772687657,0.451896298,0.298620506
6341,0.531352404,0.173842499,0.768517326,0.426041984,0.308839029
6342,0.52467034,0.184123633,0.769656548,0.426387649,0.30771214
6343,0.560150395,0.183971223,0.770268901,0.407491623,0.309295592
6344,0.609653625,0.180338755,0.793623743,0.446215509,0.298016931
6345,0.596288587,0.179664963,0.789990593,0.437033706,0.330614572
6346,0.535861725,0.175774918,0.772457099,0.452431676,0.324575964
6347,0.511001413,0.183799517,0.772402979,0.455740636,0.326899545
6348,0.51457647,0.191457854,0.770428499,0.442735112,0.328581497
6349,0.513795234,0.199922619,0.776002317,0.473375315,0.33281288
6350,0.51585344,0.189353802,0.775180285,0.477169651,0.345024176
6351,0.519377293,0.187917831,0.769233975,0.439011317,0.336022053
6352,0.509252538,0.171905008,0.768473209,0.401077375,0.308077678
6353,0.507050768,0.188586617,0.777636884,0.41957052,0.278915252
6354,0.508555964,0.169958394,0.770528512,0.380490541,0.264421048
6355,0.514928653,0.169095464,0.771315278,0.372128117,0.272648254
6356,0.536837962,0.164947625,0.768546951,0.356380791,0.272850179
6357,0.535007492,0.164488017,0.775866257,0.35509782,0.284894754
6358,0.53265799,0.164488695,0.772241964,0.371735143,0.284812365
6359,0.512613371,0.166916298,0.76695107,0.355806812,0.296697449
6360,0.516188689,0.164302203,0.767794897,0.357322759,0.282780456
6361,0.51734879,0.164973576,0.774186747,0.355316142,0.270804713
6362,0.525114443,0.159086505,0.767668427,0.372598751,0.263700296
6363,0.524880312,0.158611083,0.754245399,0.381697712,0.254903165
6364,0.521158027,0.156437999,0.753545143,0.372435218,0.254217148
6365,0.515049845,0.155385153,0.75313718,0.362628888,0.253873642
6366,0.530027874,0.154656448,0.746710352,0.357929746,0.255953826
6367,0.545596519,0.160366067,0.747299379,0.385379727,0.273214686
6368,0.525266978,0.165172991,0.752602091,0.392706269,0.279523972
6369,0.527310735,0.18362477,0.754725289,0.386537189,0.288854123
6370,0.534143154,0.185349074,0.764705614,0.376902432,0.294906356
6371,0.524851288,0.178859818,0.76450428,0.41785258,0.29850069
6372,0.52253175,0.179041716,0.764972407,0.416203367,0.30879463
6373,0.518824409,0.191558455,0.764278983,0.411620251,0.326249682
6374,0.512595189,0.20483498,0.777017761,0.426210779,0.351691976
6375,0.561684911,0.223865944,0.792186978,0.448392523,0.341831182
6376,0.554211262,0.241373929,0.797222497,0.497555608,0.334131933
6377,0.559605257,0.205785477,0.780082899,0.420213704,0.328400338
6378,0.532147284,0.180402701,0.768212024,0.37637859,0.418526374
6379,0.514955699,0.189186941,0.770508878,0.363193167,0.359108408
6380,0.504984834,0.176338482,0.775693154,0.380366263,0.344105838
6381,0.519777892,0.174950499,0.779234955,0.367205895,0.327713381
6382,0.537234276,0.17287197,0.779054065,0.363661481,0.354273153
6383,0.502372303,0.164728783,0.765823364,0.355446253,0.344624198
6384,0.493017429,0.171149119,0.762855401,0.373196648,0.335405855
6385,0.523418242,0.160792269,0.770196284,0.373215031,0.311911166
6386,0.503642293,0.162068033,0.77151468,0.373022845,0.328424631
6387,0.508501255,0.159860079,0.761546245,0.373605613,0.322688793
6388,0.510638768,0.165887352,0.760617575,0.389674355,0.317615764
6389,0.509896698,0.18098078,0.758084795,0.397569236,0.315363642
6390,0.516443715,0.183291872,0.754621998,0.410377189,0.314485168
6391,0.534281217,0.185851699,0.764730985,0.42603445,0.316053811
6392,0.555720131,0.181088692,0.769541623,0.40003646,0.335412604
6393,0.540087961,0.176510576,0.770063262,0.429700348,0.340752686
6394,0.537610556,0.18154913,0.783650098,0.446595376,0.348319042
6395,0.525253826,0.182422197,0.775748299,0.482438393,0.358760036
6396,0.533843627,0.198139943,0.778418354,0.51763854,0.379325494
6397,0.538119541,0.202198256,0.777475199,0.55758944,0.39175218
6398,0.532280879,0.198677508,0.778657631,0.554995563,0.371775425
6399,0.539176932,0.196275875,0.782434954,0.591920459,0.391100467
6400,0.519253051,0.193518436,0.777297302,0.625988413,0.363049031
6401,0.507062452,0.183605477,0.76945189,0.507540551,0.287657481
6402,0.520011486,0.173709557,0.762334141,0.424180116,0.251700436
6403,0.525078501,0.161522879,0.772796998,0.372703996,0.255977452
6404,0.529245972,0.156276099,0.767123942,0.370031409,0.249615974
6405,0.54529115,0.161192076,0.793802955,0.355848085,0.252966889
6406,0.515576857,0.182845172,0.79840711,0.418736456,0.253781978
6407,0.554029314,0.19648788,0.801581088,0.456051498,0.247160737
6408,0.557972086,0.230196575,0.813318264,0.502056973,0.249732607
6409,0.526888849,0.275174145,0.819920483,0.513722911,0.249164492
6410,0.566704612,0.274153068,0.820407589,0.521092416,0.255182147
6411,0.533793353,0.279249764,0.822585056,0.523559427,0.252601216
6412,0.539795557,0.28391093,0.826094553,0.524304781,0.251532939
6413,0.548880971,0.29352564,0.811703119,0.552204091,0.251185585
6414,0.549032821,0.272503454,0.801979242,0.54374491,0.25172187
6415,0.567205838,0.266525036,0.80720269,0.552262785,0.256549962
6416,0.591240188,0.289019476,0.823154409,0.561716181,0.259896592
6417,0.57414091,0.284882377,0.820496654,0.562658471,0.267699534
6418,0.56022725,0.274091291,0.816538578,0.555976924,0.272834231
6419,0.562509983,0.278999238,0.828719546,0.611181937,0.295069855
6420,0.569324747,0.286240652,0.82638512,0.59352926,0.276326555
6421,0.579181503,0.324666017,0.835822809,0.632733466,0.278858255
6422,0.57037818,0.319514223,0.828640916,0.645522638,0.282054691
6423,0.561608267,0.309502795,0.816924444,0.618170046,0.275043973
6424,0.551326614,0.297031551,0.807813151,0.661279536,0.276742528
6425,0.569783595,0.267024397,0.811249426,0.6206938,0.266805193
6426,0.615708948,0.266258352,0.82433192,0.588892683,0.257179763
6427,0.605112287,0.240628114,0.806277047,0.595065047,0.264128126
6428,0.604731217,0.243320512,0.810338863,0.589127095,0.261086443
6429,0.610712333,0.230299177,0.808378352,0.596764272,0.256777245
6430,0.592406518,0.214009189,0.798914218,0.57025654,0.259976195
6431,0.571232348,0.199680948,0.794404034,0.548311595,0.254225339
6432,0.573536975,0.189496662,0.79670741,0.513962691,0.248972363
6433,0.57556222,0.17693951,0.794121217,0.468003088,0.249122854
6434,0.553852608,0.173388929,0.784958599,0.460120625,0.250554723
6435,0.543026361,0.176979169,0.780570464,0.465487816,0.251671362
6436,0.542701373,0.173363338,0.762004506,0.448959366,0.248974132
6437,0.565711946,0.173428667,0.752861502,0.427126405,0.248832481
6438,0.590179367,0.175858904,0.760565167,0.410228217,0.255124938
6439,0.580680249,0.175027808,0.75936496,0.420825363,0.26041391
6440,0.617644088,0.188354683,0.763356315,0.43863526,0.277673086
6441,0.629567685,0.188824076,0.764270149,0.447918445,0.272772938
6442,0.604706353,0.187593313,0.765244938,0.415759465,0.276138418
6443,0.600177197,0.194814358,0.769696324,0.40944432,0.307382554
6444,0.578893927,0.195905689,0.769989632,0.438342044,0.367904904
6445,0.574460711,0.234921843,0.77928997,0.579278829,0.436674063
6446,0.580606633,0.275359583,0.778884379,0.60960971,0.497631826
6447,0.607469455,0.293931743,0.779556579,0.525947039,0.383039294
6448,0.625903379,0.295908625,0.782139674,0.452288127,0.310640774
6449,0.602707292,0.266581977,0.7670022,0.414714878,0.285261973
6450,0.595538575,0.253034604,0.76256498,0.390736438,0.26088447
6451,0.611387206,0.312829844,0.762958419,0.405171869,0.285248624
6452,0.615228695,0.269390692,0.762446399,0.398429709,0.268405955
6453,0.614355548,0.2607169,0.769841741,0.408844006,0.291048508
6454,0.604516474,0.305120884,0.770741699,0.433869042,0.295704345
6455,0.60345335,0.254787077,0.771516527,0.403068231,0.277263847
6456,0.577158815,0.232633997,0.776856228,0.415800454,0.252545033
6457,0.56809556,0.212647385,0.784902229,0.42771792,0.254182712
6458,0.630533672,0.204605133,0.791263955,0.407452948,0.263668778
6459,0.672945398,0.234445324,0.790321393,0.401469821,0.285319527
6460,0.697189384,0.261511469,0.776956369,0.415549742,0.27506957
6461,0.679897414,0.271807771,0.771224071,0.397122192,0.257424525
6462,0.654683685,0.279923039,0.769248446,0.415954015,0.258287587
6463,0.628448694,0.195663066,0.762902321,0.397154955,0.273642084
6464,0.656257186,0.192245682,0.765003401,0.396447965,0.273988158
6465,0.654694879,0.211312575,0.765712008,0.408598498,0.300911599
6466,0.638625877,0.241914161,0.767715361,0.413318975,0.367669585
6467,0.631549757,0.323726721,0.767520861,0.469263115,0.450954336
6468,0.63260029,0.313550803,0.776989098,0.468596311,0.505828778
6469,0.625656708,0.339338929,0.768924169,0.479444933,0.485408018
6470,0.638714574,0.361884256,0.772137271,0.45931906,0.445818839
6471,0.588251111,0.360197072,0.770488435,0.462844291,0.43717008
6472,0.575447135,0.29104115,0.775386597,0.524549849,0.456183972
6473,0.548861698,0.279031523,0.768850189,0.407201921,0.333372938
6474,0.539644777,0.175292975,0.768556069,0.36956696,0.258085797
6475,0.538571692,0.162229025,0.761527145,0.345325512,0.24103766
6476,0.538535602,0.170721288,0.771964017,0.374597033,0.237839609
6477,0.553957493,0.161884545,0.780328869,0.347104459,0.247032581
6478,0.59663748,0.164373064,0.777888708,0.370359128,0.251364839
6479,0.608837887,0.167110824,0.784491986,0.396589953,0.242885742
6480,0.614129655,0.161934234,0.779276929,0.382150422,0.240288745
6481,0.571328949,0.165631039,0.77290771,0.369325066,0.241848534
6482,0.562390812,0.167787631,0.771060513,0.361561725,0.238348135
6483,0.56244272,0.160993246,0.774526998,0.35497859,0.241473576
6484,0.566862973,0.163192867,0.765058047,0.385464602,0.24028023
6485,0.597737834,0.157140108,0.758275128,0.35818812,0.244000352
6486,0.604289523,0.152346839,0.752323092,0.368734832,0.242435718
6487,0.626742207,0.152026283,0.74089484,0.355357259,0.241045065
6488,0.599507949,0.151412619,0.742937739,0.363607523,0.239072697
6489,0.582028311,0.151581603,0.738330997,0.36582885,0.250063335
6490,0.563870094,0.151763844,0.739155026,0.382268406,0.250808341
6491,0.59926392,0.161314199,0.74532365,0.375901129,0.253126123
6492,0.594533228,0.160804646,0.752342261,0.36495692,0.244992233
6493,0.569673975,0.16686695,0.752946978,0.352161912,0.244010986
6494,0.565107239,0.167312632,0.740356791,0.332923567,0.239194278
6495,0.577260582,0.17581002,0.74195588,0.321332787,0.234014767
6496,0.57928175,0.175068222,0.739192671,0.325211068,0.234966229
6497,0.579925369,0.174779305,0.740291324,0.326635542,0.235690273
6498,0.579660326,0.174627673,0.747873905,0.332615627,0.234888412
6499,0.585947798,0.161354562,0.751737541,0.34580618,0.232465913
6500,0.600760012,0.166201745,0.75613768,0.36296976,0.232544059
6501,0.618786817,0.171709138,0.756883576,0.407251966,0.2341008
6502,0.639095383,0.177941358,0.76498531,0.435942946,0.242479241
6503,0.658751819,0.1815523,0.769259789,0.43386539,0.239800511
6504,0.672461127,0.177910343,0.765664022,0.398640053,0.239131739
6505,0.671860875,0.169464151,0.763340338,0.387634373,0.236924741
6506,0.665283483,0.165312868,0.764785288,0.377077876,0.234996973
6507,0.616986485,0.169773059,0.766819056,0.413775833,0.238609769
6508,0.638572139,0.16910618,0.766372312,0.420279393,0.236430258
6509,0.64985927,0.17010514,0.768116002,0.444858312,0.243750962
6510,0.639042661,0.166668707,0.766997297,0.44409758,0.240213806
6511,0.639414741,0.172816354,0.769550082,0.452270985,0.242265119
6512,0.653490189,0.169376232,0.768794045,0.4374683,0.241768226
6513,0.627897377,0.160632891,0.765375196,0.4128663,0.240911574
6514,0.597827362,0.170212779,0.771308823,0.432379329,0.240136509
6515,0.596489443,0.172031177,0.766575066,0.415996558,0.24574614
6516,0.565603681,0.177544859,0.769959395,0.398578536,0.249565001
6517,0.563551832,0.173935077,0.771370528,0.401013024,0.245430822
6518,0.56972604,0.185920423,0.776073602,0.428006498,0.249160861
6519,0.558740725,0.190231088,0.779081575,0.438756947,0.248037855
6520,0.548477895,0.185386881,0.768622439,0.448803725,0.243206765
6521,0.52612727,0.19053989,0.765976018,0.446125699,0.242863474
6522,0.502640949,0.198761339,0.76168757,0.41404435,0.246216477
6523,0.524403912,0.184348172,0.764135991,0.449895348,0.248603244
6524,0.531770359,0.17281534,0.759407562,0.468486886,0.250777394
6525,0.520620536,0.171475161,0.755317428,0.448971348,0.245231229
6526,0.528782176,0.159477991,0.756985419,0.429256567,0.24438709
6527,0.516471883,0.162468324,0.755988043,0.427349474,0.248953884
6528,0.515856618,0.162102802,0.758351599,0.395398778,0.256369165
6529,0.523292294,0.162603968,0.758955303,0.391460829,0.260547928
6530,0.521076738,0.165579241,0.771160459,0.383081542,0.258661508
6531,0.514576226,0.173722382,0.77370166,0.359599093,0.253633445
6532,0.534831776,0.166712555,0.768734998,0.39517581,0.247890469
6533,0.545324049,0.163733457,0.760457106,0.413464829,0.24749785
6534,0.551827447,0.168329139,0.759142185,0.427564037,0.24864782
6535,0.548305511,0.164437684,0.758302814,0.444891798,0.249538267
6536,0.563690362,0.162682358,0.758979666,0.428201039,0.242101271
6537,0.540082368,0.174672487,0.763220227,0.450831813,0.24563889
6538,0.540710037,0.184884666,0.766005605,0.497116739,0.248946362
6539,0.553642847,0.19348635,0.772707747,0.565180912,0.256769115
6540,0.532698522,0.205925431,0.776872611,0.577511433,0.261340508
6541,0.523161655,0.214350812,0.776229536,0.5631441,0.262276264
6542,0.534394865,0.202558504,0.770228645,0.547634257,0.273610882
6543,0.508365594,0.207301673,0.761610799,0.529958174,0.285629645
6544,0.502278558,0.225701574,0.754653697,0.516563578,0.297740341
6545,0.509214978,0.211837959,0.751238684,0.478141134,0.276043155
6546,0.556703738,0.199138435,0.754855677,0.453965847,0.278685093
6547,0.540445392,0.195823677,0.748082193,0.464229709,0.274950441
6548,0.556726315,0.211922351,0.764497593,0.498027899,0.279457973
6549,0.540533508,0.198152371,0.763061749,0.489043974,0.275754704
6550,0.556048934,0.186836632,0.762840751,0.484503108,0.274805659
6551,0.570024205,0.187784986,0.764951989,0.491889831,0.279065284
6552,0.583876082,0.174105157,0.778198038,0.468685635,0.282652966
6553,0.571062755,0.171470171,0.782773138,0.435458165,0.272584311
6554,0.59387031,0.165561955,0.803298365,0.458594053,0.275210293
6555,0.601822788,0.163301867,0.80994887,0.42775753,0.263394859
6556,0.628769213,0.159294514,0.805077655,0.410794836,0.25904925
6557,0.621701224,0.1653567,0.807439045,0.43152714,0.252176457
6558,0.630352026,0.150234992,0.787282317,0.388860191,0.259890985
6559,0.599673979,0.19739538,0.794408384,0.410124846,0.325643275
6560,0.587548086,0.191240446,0.792277034,0.419565673,0.308773321
6561,0.585990594,0.198073596,0.798555564,0.4303068,0.318685837
6562,0.602113711,0.207066269,0.795805416,0.432979795,0.321399629
6563,0.594037272,0.230556354,0.786981147,0.449088906,0.347430354
6564,0.579923763,0.279212522,0.78710847,0.44603194,0.363299143
6565,0.546619447,0.317400662,0.780932508,0.469112766,0.412475818
6566,0.534950539,0.34425474,0.784146796,0.446859984,0.40001347
6567,0.563589104,0.317796173,0.778264022,0.389728355,0.418638287
6568,0.538669073,0.315143369,0.778349001,0.409260663,0.418713391
6569,0.530140458,0.365996316,0.770423701,0.440331151,0.53125178
6570,0.527880998,0.364580667,0.776482531,0.485858143,0.50965973
6571,0.567555381,0.412042724,0.785115215,0.507501534,0.440153984
6572,0.537121991,0.339151629,0.775747492,0.506953373,0.429919318
6573,0.545675379,0.329426808,0.773024428,0.489211762,0.426151188
6574,0.585962941,0.305634964,0.771019047,0.447290801,0.418037417
6575,0.569452627,0.238655994,0.761110464,0.412605788,0.419507864
6576,0.57444807,0.219574139,0.76201141,0.39742418,0.417249763
6577,0.529119574,0.205116661,0.760617495,0.405759751,0.388777204
6578,0.553025558,0.246250485,0.767729238,0.452052181,0.418447108
6579,0.57677015,0.270163903,0.764401914,0.427119784,0.418809361
6580,0.596989971,0.305089961,0.764524067,0.399352885,0.423580374
6581,0.592871103,0.376154735,0.768335295,0.395847741,0.425117305
6582,0.631600842,0.403503592,0.778322139,0.414596119,0.447878876
6583,0.693902038,0.441146812,0.792332406,0.431471432,0.608521265
6584,0.713766703,0.457385641,0.796184069,0.46364549,0.590644993
6585,0.700349516,0.451989433,0.796755161,0.440963607,0.586883257
6586,0.709140001,0.391144296,0.794643533,0.405948927,0.530496846
6587,0.715393643,0.408279652,0.794661295,0.400014097,0.613707749
6588,0.679360482,0.359804498,0.803429008,0.394479147,0.600098807
6589,0.665094635,0.357588901,0.802437547,0.409176268,0.569547166
6590,0.660087221,0.398422167,0.819653511,0.413727471,0.630548304
6591,0.653627588,0.440411087,0.800995592,0.428503383,0.657504083
6592,0.720078372,0.348682666,0.795468634,0.419633923,0.557043793
6593,0.723051302,0.295027352,0.792036473,0.408032992,0.46307028
6594,0.701465562,0.230080205,0.788225779,0.396525065,0.376287904
6595,0.678967021,0.283455146,0.780235685,0.371759931,0.37041441
6596,0.652508475,0.232499003,0.775253364,0.375309897,0.378679824
6597,0.664973006,0.209587852,0.768043196,0.373187944,0.375719369
6598,0.659575324,0.191181642,0.74810127,0.356310765,0.360673688
6599,0.634519317,0.159773191,0.737105264,0.331251305,0.338303299
6600,0.645077958,0.15412597,0.733859982,0.331427232,0.314376809
6601,0.630017644,0.149099361,0.734021168,0.321919329,0.297506423
6602,0.601856265,0.155294042,0.745738329,0.366362253,0.264804643
6603,0.575093579,0.16184806,0.743083504,0.380902835,0.25073506
6604,0.545102997,0.152792088,0.745431276,0.365717476,0.247400487
6605,0.545101863,0.145452495,0.738552631,0.332868484,0.236753651
6606,0.543064815,0.146380632,0.745502067,0.318601587,0.232763792
6607,0.563078965,0.156229851,0.758317773,0.327709744,0.236245816
6608,0.617680953,0.148418644,0.7536007,0.316536262,0.235727565
6609,0.625897405,0.146096148,0.756508016,0.327099047,0.238754578
6610,0.623146741,0.145834118,0.759726529,0.317012277,0.249410851
6611,0.622096537,0.145938692,0.763613026,0.328320912,0.271541745
6612,0.616731081,0.15077988,0.764609804,0.329989764,0.268747934
6613,0.641830576,0.149047416,0.778511495,0.343423901,0.264084547
6614,0.581559428,0.149914122,0.770363333,0.347887116,0.276932631
6615,0.574468454,0.155518846,0.786757986,0.355828413,0.247745241
6616,0.602614136,0.157114606,0.791883916,0.361280905,0.242259462
6617,0.544726439,0.155479703,0.750163975,0.352186304,0.25453922
6618,0.540859646,0.160830221,0.748515748,0.366986348,0.259175927
6619,0.552367168,0.17134523,0.764424373,0.405007407,0.248152667
6620,0.530575287,0.166033897,0.749856328,0.355005822,0.243544665
6621,0.587741814,0.158801416,0.746194906,0.350249321,0.244973067
6622,0.565774177,0.160770733,0.750319466,0.384104269,0.236549852
6623,0.542030875,0.165408187,0.742763114,0.369599276,0.23225468
6624,0.551939337,0.169953675,0.741174921,0.366566214,0.22926181
6625,0.549984576,0.172537208,0.744063752,0.38205303,0.229089283
6626,0.538683144,0.17214478,0.749945399,0.383149984,0.227721083
6627,0.539930579,0.168998853,0.756125775,0.395143953,0.233190076
6628,0.594154921,0.163642721,0.756512444,0.362463143,0.229885776
6629,0.581143251,0.1607866,0.750092479,0.367903078,0.231576141
6630,0.595571862,0.16009848,0.745297371,0.361305484,0.231830483
6631,0.688008775,0.161530341,0.746229305,0.37133177,0.234175921
6632,0.714766799,0.180253516,0.755575138,0.360247286,0.230418005
6633,0.739612475,0.192952803,0.750196618,0.357379137,0.253444208
6634,0.735019816,0.18703175,0.744355755,0.356985483,0.244006819
6635,0.746589652,0.185526103,0.735508069,0.362844222,0.246128527
6636,0.737771601,0.180918763,0.732627865,0.359901704,0.25306402
6637,0.731539174,0.172371952,0.732713352,0.363659497,0.267943167
6638,0.714229619,0.169678244,0.734987357,0.355218555,0.288953808
6639,0.681804131,0.163653724,0.740493967,0.36510442,0.271978287
6640,0.670037831,0.154171093,0.731390731,0.369779992,0.244301369
6641,0.65027086,0.151907994,0.725702558,0.415977107,0.234065741
6642,0.675658681,0.154715178,0.725271762,0.424240437,0.230252331
6643,0.620760921,0.155779327,0.720587485,0.412147967,0.245288171
6644,0.612305026,0.157838091,0.731124332,0.440973604,0.245967946
6645,0.581630967,0.173615256,0.738789116,0.504805935,0.236540225
6646,0.58162212,0.179145814,0.735845366,0.539286292,0.229868897
6647,0.57948593,0.210505117,0.753483051,0.596758641,0.22658997
6648,0.585916894,0.242325582,0.770277427,0.574628452,0.223581482
6649,0.567252103,0.24170946,0.768009154,0.588338824,0.227691434
6650,0.555776065,0.241335061,0.772201529,0.574833509,0.237716498
6651,0.546342275,0.24272362,0.773164386,0.591459317,0.239990479
6652,0.585472271,0.241423965,0.778463384,0.576147066,0.238934897
6653,0.568141635,0.239754334,0.774486703,0.538968894,0.236225584
6654,0.575962415,0.241325992,0.775037182,0.538187251,0.243411452
6655,0.569366286,0.253327963,0.777565596,0.548740909,0.24426315
6656,0.552467495,0.233273504,0.771883701,0.539565177,0.234313332
6657,0.526291327,0.232348085,0.771966159,0.504640912,0.234134116
6658,0.535982719,0.226624745,0.770503096,0.474890736,0.231939218
6659,0.564528508,0.216964583,0.76784655,0.458280182,0.243862707
6660,0.560856169,0.209474856,0.756846826,0.479368243,0.268373468
6661,0.566190948,0.214150736,0.74596776,0.451321771,0.337451473
6662,0.542842817,0.220925163,0.747813936,0.442715223,0.33241942
6663,0.519368604,0.234171563,0.750175895,0.411409051,0.353835949
6664,0.543102009,0.205180408,0.744443502,0.41909441,0.376137687
6665,0.527395423,0.20001362,0.744339984,0.419403287,0.367330299
6666,0.493585978,0.201243978,0.733106443,0.376714637,0.372223291
6667,0.474469115,0.199184196,0.730353485,0.362208654,0.498626211
6668,0.47266084,0.204621031,0.731783205,0.350029248,0.507128829
6669,0.498238253,0.225684875,0.743190369,0.37543088,0.440067552
6670,0.487763276,0.210054313,0.743022739,0.368203341,0.435883498
6671,0.494734711,0.192681114,0.738740196,0.347288955,0.43989183
6672,0.487937645,0.184772444,0.740933906,0.330887943,0.441373097
6673,0.483389384,0.178804763,0.736758387,0.315225145,0.461037389
6674,0.505141954,0.169500588,0.737484205,0.311933557,0.447881126
6675,0.501927254,0.15928714,0.738497634,0.304313343,0.416133173
6676,0.515708312,0.157681234,0.737409335,0.30340656,0.391591211
6677,0.52151328,0.149114254,0.73704903,0.317379042,0.37751051
6678,0.556227352,0.150519357,0.7391507,0.317733535,0.371198835
6679,0.562433442,0.150235969,0.743219889,0.308489569,0.377699792
6680,0.541378188,0.157556098,0.750525182,0.310099897,0.39614821
6681,0.538568735,0.162055156,0.754400374,0.31027029,0.369368733
6682,0.552802789,0.17035251,0.753945077,0.323117966,0.352339447
6683,0.547520233,0.173511127,0.750724297,0.331808354,0.358387119
6684,0.560440476,0.18173146,0.746724364,0.340078753,0.378851915
6685,0.56849281,0.177465365,0.744026779,0.346712821,0.39627425
6686,0.558875384,0.169000905,0.739219607,0.378778234,0.390829592
6687,0.564234087,0.154495026,0.737564819,0.38374865,0.348876144
6688,0.558040554,0.153654621,0.733374773,0.409050962,0.347912225
6689,0.547889994,0.150188356,0.741630377,0.406213184,0.341416304
6690,0.545371745,0.153221525,0.742588011,0.393212923,0.307994073
6691,0.52975677,0.153065316,0.729016378,0.379857609,0.29865927
6692,0.517662385,0.160425738,0.726582952,0.38812144,0.305100999
6693,0.513504239,0.169573156,0.744820115,0.412454563,0.329724446
6694,0.520344286,0.173728785,0.747970899,0.439917855,0.370174509
6695,0.509194304,0.169828907,0.736846053,0.416628004,0.37788013
6696,0.50813731,0.16833287,0.744572017,0.395009547,0.377879285
6697,0.504261257,0.15717065,0.738014935,0.387450047,0.384967987
6698,0.506266985,0.15534508,0.730975017,0.390703826,0.393516669
6699,0.522839613,0.155990824,0.731666938,0.387971959,0.392418961
6700,0.50693608,0.169388825,0.727516778,0.416186012,0.383205636
6701,0.533370973,0.163925735,0.725246411,0.39733627,0.387200067
6702,0.568725867,0.164381358,0.730409128,0.400612709,0.396724501
6703,0.593967293,0.169897163,0.741482845,0.406241392,0.385474297
6704,0.559368112,0.178355177,0.748733476,0.434975235,0.344906761
6705,0.573668024,0.178087829,0.756368167,0.413685654,0.350089698
6706,0.550873223,0.171553232,0.74816555,0.367853761,0.387430593
6707,0.565698232,0.175250592,0.749575581,0.355667622,0.41110491
6708,0.544953631,0.17249326,0.737756728,0.348037863,0.387027834
6709,0.549576872,0.174428651,0.732939171,0.354531105,0.373446134
6710,0.55279751,0.163401718,0.724438548,0.364973591,0.35286258
6711,0.563943013,0.171831214,0.734397998,0.382630953,0.318293306
6712,0.549113804,0.159362357,0.719751717,0.35978345,0.28083829
6713,0.529541127,0.159421098,0.73183067,0.356402902,0.236052682
6714,0.517535595,0.156057022,0.720874349,0.336256524,0.227763013
6715,0.506986917,0.15026289,0.719949835,0.335001814,0.226591111
6716,0.475684702,0.14999608,0.724072801,0.341277671,0.225965668
6717,0.476617258,0.152432395,0.73598952,0.346751568,0.234753286
6718,0.47411387,0.163059206,0.742901467,0.364921919,0.231586691
6719,0.462682567,0.157414324,0.733208327,0.335502571,0.237502836
6720,0.468485544,0.153405882,0.73818371,0.326981191,0.249555563
6721,0.474134639,0.154799889,0.732361703,0.310242266,0.261982801
6722,0.480770534,0.155243964,0.72333206,0.315904736,0.28151647
6723,0.461382322,0.153858227,0.722115995,0.322277769,0.283840758
6724,0.473462305,0.145344645,0.707119594,0.333940239,0.282394214
6725,0.475849301,0.143705088,0.709042546,0.325034297,0.268231199
6726,0.497946471,0.143147192,0.718898863,0.323875921,0.274128203
6727,0.521126694,0.1612686,0.718764728,0.327726987,0.296087437
6728,0.522833002,0.163286347,0.71842839,0.326387818,0.304427868
6729,0.53767643,0.163131382,0.725150043,0.328996758,0.333709668
6730,0.54431756,0.167980014,0.724381947,0.329421931,0.374003986
6731,0.525799574,0.169933435,0.717088258,0.325360561,0.361643491
6732,0.52391609,0.178926903,0.713677509,0.331697496,0.381342873
6733,0.537932555,0.19180654,0.718915822,0.337856689,0.444446249
6734,0.529206453,0.182842614,0.73803106,0.347989688,0.454329637
6735,0.530579478,0.178670902,0.741938282,0.367381637,0.45500329
6736,0.531582618,0.179370347,0.723053773,0.337615954,0.437644512
6737,0.513299513,0.171315728,0.712462916,0.325496233,0.435028234
6738,0.508892221,0.171823437,0.711447977,0.346701715,0.413004187
6739,0.522164396,0.172995005,0.705786864,0.332175114,0.414599366
6740,0.497674626,0.155293554,0.707896791,0.324997786,0.407743683
6741,0.504661298,0.156826477,0.724122543,0.32200493,0.409748215
6742,0.480079578,0.154361546,0.717557344,0.310382642,0.421997964
6743,0.457747985,0.152490771,0.707086876,0.301632875,0.374652662
6744,0.462206869,0.154735912,0.698064409,0.310241495,0.319600474
6745,0.464940853,0.159006731,0.696700626,0.324946924,0.287956244
6746,0.468009199,0.165021344,0.705795746,0.358342395,0.288657559
6747,0.471632572,0.184298737,0.728224832,0.360218984,0.2921876
6748,0.468332386,0.189515601,0.716414753,0.362040946,0.306632339
6749,0.462109458,0.190315823,0.710523101,0.352312563,0.314123425
6750,0.475743189,0.181235928,0.69934139,0.328861036,0.316880022
6751,0.469952779,0.198430765,0.709149894,0.377728859,0.396025109
6752,0.47961018,0.211780614,0.714016923,0.378904321,0.388500773
6753,0.508757863,0.21305675,0.719901797,0.392982159,0.425683855
6754,0.504420879,0.214553691,0.729539024,0.406447825,0.47316221
6755,0.501569066,0.234821349,0.740364595,0.438310337,0.540484942
6756,0.53191479,0.255835245,0.754624369,0.47497151,0.619133383
6757,0.544520089,0.25776321,0.747172605,0.41108136,0.574213762
6758,0.574241521,0.269673719,0.749149418,0.430196632,0.593012606
6759,0.614192829,0.250669279,0.739324473,0.409953686,0.58689946
6760,0.621635604,0.250388399,0.724136264,0.421724941,0.546648845
6761,0.593608874,0.22732783,0.709456555,0.42712902,0.513257742
6762,0.583783842,0.205067183,0.708384413,0.426109715,0.541319259
6763,0.586314414,0.204234001,0.708185701,0.444894276,0.54806388
6764,0.580622495,0.193263008,0.706375305,0.384816964,0.542166351
6765,0.581787386,0.17512202,0.706941869,0.364840328,0.549142882
6766,0.57853664,0.181091455,0.731668851,0.407284098,0.542572721
6767,0.572340882,0.173917744,0.715649262,0.404632236,0.532943471
6768,0.539705088,0.158991045,0.702103077,0.352897765,0.531210744
6769,0.53274325,0.149999054,0.698729733,0.310602986,0.514768786
6770,0.530560584,0.148531087,0.70640668,0.304862198,0.502661895
6771,0.517936032,0.15166411,0.710235749,0.329284662,0.494948628
6772,0.520642504,0.150927172,0.710145015,0.335582986,0.450490445
6773,0.521290699,0.148970583,0.709518696,0.325418032,0.374995956
6774,0.52210261,0.145144116,0.704726541,0.319211904,0.340959152
6775,0.511752647,0.139753812,0.702591539,0.303590661,0.322194924
6776,0.536022545,0.14175614,0.702167197,0.318205925,0.3160383
6777,0.533940994,0.141513092,0.705943425,0.305469559,0.342771115
6778,0.514406057,0.1428416,0.714496458,0.316838626,0.362948645
6779,0.506646366,0.14679476,0.721969525,0.362636845,0.463184292
6780,0.499292524,0.151205158,0.724967786,0.351001624,0.522278711
6781,0.501724245,0.15230465,0.725665054,0.348953746,0.518896548
6782,0.513156488,0.165085586,0.740233176,0.391453837,0.51555137
6783,0.552337907,0.176592481,0.768074823,0.449755237,0.445435827
6784,0.515941395,0.17284448,0.750334055,0.44969602,0.342721239
6785,0.51712472,0.185049562,0.741441248,0.432848422,0.25376262
6786,0.500332549,0.212973739,0.730325285,0.426924118,0.237045609
6787,0.512553206,0.179486706,0.738245806,0.45778057,0.239425704
6788,0.522475402,0.175044387,0.735376172,0.446071406,0.259491722
6789,0.503512975,0.176171912,0.725564283,0.410867943,0.293072585
6790,0.501483858,0.18257797,0.726942964,0.420784871,0.314053191
6791,0.494572345,0.182663379,0.726639406,0.427502391,0.329174934
6792,0.487564422,0.187646755,0.720321741,0.431226725,0.31751871
6793,0.491350391,0.196358008,0.723804026,0.48346294,0.294115851
6794,0.508239413,0.209350233,0.733959826,0.444057314,0.289113942
6795,0.537322347,0.198978407,0.726570425,0.423855826,0.29330035
6796,0.517685249,0.17591757,0.717603098,0.347292458,0.301613688
6797,0.526379085,0.153456403,0.701861825,0.313597679,0.309086223
6798,0.553657212,0.152857279,0.7039325,0.335623621,0.307707728
6799,0.543074277,0.15194229,0.704037326,0.324885069,0.346548799
6800,0.504859924,0.156860916,0.69623997,0.322336286,0.359584395
6801,0.520977009,0.157305717,0.704048449,0.30785964,0.343080216
6802,0.542567349,0.164077212,0.712932526,0.300465633,0.362405734
6803,0.575025925,0.172724606,0.729799587,0.310527986,0.485640697
6804,0.605207973,0.175300818,0.732158154,0.339902105,0.449478105
6805,0.625582332,0.186846085,0.739043427,0.350474834,0.49439681
6806,0.648843585,0.172556615,0.739286856,0.3375456,0.487825418
6807,0.645073404,0.192700143,0.729031814,0.34180403,0.458140321
6808,0.604077472,0.188324471,0.718312898,0.335544246,0.426356799
6809,0.59938357,0.176724217,0.704683795,0.321090965,0.389166528
6810,0.599753532,0.164610384,0.700857717,0.315945137,0.379078008
6811,0.587179565,0.162962565,0.708075677,0.323516714,0.373112399
6812,0.594071756,0.164572393,0.716684216,0.339284294,0.351960638
6813,0.59669845,0.149663601,0.705568442,0.323391646,0.350413715
6814,0.594396659,0.143249644,0.71578411,0.340533027,0.334964227
6815,0.57510787,0.141184201,0.712066108,0.375460721,0.364678824
6816,0.564361047,0.139803769,0.705129016,0.365694782,0.292522347
6817,0.573336421,0.139639006,0.705953279,0.346115985,0.269032032
6818,0.579648608,0.155469421,0.699270845,0.335267733,0.246338686
6819,0.560540945,0.148660313,0.701868876,0.348988251,0.232303442
6820,0.541393938,0.145651565,0.691172837,0.327666211,0.23175413
6821,0.531176268,0.151401679,0.694363717,0.321330364,0.224106992
6822,0.50681538,0.165558201,0.699997041,0.329651948,0.223234817
6823,0.49824252,0.156210821,0.691881225,0.307930814,0.218174727
6824,0.517461175,0.157029808,0.69328906,0.290605302,0.215732095
6825,0.534882292,0.162903908,0.69540296,0.298602053,0.215818591
6826,0.520615609,0.158299033,0.698376354,0.294767846,0.223971179
6827,0.542066401,0.165168742,0.703787345,0.306043136,0.235753434
6828,0.544676028,0.165532421,0.70565655,0.311374949,0.264336977
6829,0.535855569,0.158652978,0.702240076,0.321845853,0.264650039
6830,0.540190923,0.15750084,0.701799352,0.310945432,0.254684195
6831,0.54358952,0.156626142,0.711788718,0.333388023,0.238184697
6832,0.549799834,0.188294238,0.711691518,0.352133841,0.220333779
6833,0.538413377,0.166592223,0.718138742,0.368699488,0.216324644
6834,0.538674817,0.166185817,0.719001358,0.360652118,0.213263199
6835,0.522163722,0.159230177,0.71580208,0.337032386,0.222971075
6836,0.520412024,0.15712024,0.713511124,0.336262633,0.223195923
6837,0.508891846,0.146665931,0.708426354,0.347608167,0.233093893
6838,0.514363995,0.145534699,0.707517396,0.346695692,0.238821215
6839,0.51216581,0.144212799,0.701712436,0.378463076,0.247713717
6840,0.501479026,0.140100717,0.694429158,0.381766099,0.25615589
6841,0.49979432,0.141331372,0.701919905,0.354634684,0.265165742
6842,0.495803159,0.140302067,0.712177517,0.348529512,0.265606799
6843,0.502844757,0.14007033,0.709888358,0.380707236,0.265483528
6844,0.523611886,0.143474945,0.714429225,0.402141783,0.26670474
6845,0.532804071,0.142002816,0.714870872,0.42550467,0.27230507
6846,0.523660011,0.142041436,0.70600398,0.430024674,0.277780084
6847,0.508157076,0.143080936,0.705565397,0.40504043,0.272683227
6848,0.516510941,0.147556828,0.707240691,0.415180643,0.303755295
6849,0.539652369,0.152821776,0.711956462,0.453243777,0.371046363
6850,0.513365806,0.163553456,0.715192958,0.445575295,0.376460219
6851,0.506648257,0.173686596,0.719237755,0.459934046,0.478871479
6852,0.513227347,0.177100149,0.716133336,0.461939328,0.488585009
6853,0.516024475,0.177724788,0.721055863,0.462519437,0.490275914
6854,0.584328472,0.169652674,0.733050453,0.45183214,0.465492121
6855,0.565648456,0.161491652,0.726730935,0.442563005,0.50204747
6856,0.58524933,0.170936859,0.726318409,0.472065404,0.499139088
6857,0.575244909,0.214629017,0.726191224,0.48181354,0.453845383
6858,0.572399826,0.229554681,0.728533309,0.502954365,0.405661318
6859,0.552144124,0.201169161,0.722240141,0.479167063,0.407710257
6860,0.548716709,0.215523342,0.721126592,0.448057125,0.380167087
6861,0.546949121,0.21333684,0.724557062,0.445259045,0.337303879
6862,0.552656082,0.219793514,0.726961399,0.445997255,0.30905737
6863,0.541582263,0.169528567,0.719648039,0.415387677,0.301421302
6864,0.553267717,0.16542286,0.724885431,0.4193139,0.293187434
6865,0.563906266,0.165173291,0.7221836,0.424689538,0.296373036
6866,0.601761282,0.168296844,0.727395125,0.402243225,0.452367789
6867,0.609823527,0.159141952,0.716494573,0.365889658,0.426660939
6868,0.609910569,0.164138181,0.711503548,0.380805357,0.507080495
6869,0.614530929,0.162780487,0.70461668,0.371013863,0.531682197
6870,0.621834696,0.181488834,0.708122002,0.360408595,0.565507983
6871,0.605711692,0.203471113,0.702104853,0.501455912,0.631604299
6872,0.598193456,0.309254706,0.696779791,0.487989112,0.64305805
6873,0.62516087,0.437324687,0.697093929,0.495798884,0.699204849
6874,0.665727574,0.502917049,0.705656727,0.53601351,0.747274778
6875,0.719850543,0.540676515,0.717662521,0.525556987,0.768690842
6876,0.750249404,0.555156372,0.718349504,0.517312247,0.772803231
6877,0.773125893,0.595578223,0.720199313,0.523849774,0.773131176
6878,0.750048959,0.692062498,0.732679199,0.525123737,0.768523387
6879,0.735298934,0.695139214,0.729665165,0.46425534,0.777161983
6880,0.728227339,0.54576225,0.736884772,0.374258496,0.769246297
6881,0.712284908,0.447911997,0.729054279,0.318995966,0.748437711
6882,0.719843541,0.415675649,0.737019272,0.333597345,0.756415446
6883,0.698480906,0.307642558,0.72611579,0.3621628,0.717451163
6884,0.715969685,0.282071845,0.716341342,0.35317743,0.806219297
6885,0.704074909,0.289359809,0.715277209,0.38820705,0.835014877
6886,0.679372632,0.314072166,0.717712341,0.386006738,0.822759285
6887,0.666046581,0.295233165,0.710203607,0.413369017,0.825017764
6888,0.64630227,0.314101379,0.708271854,0.407824815,0.830788734
6889,0.631149438,0.305913512,0.710840506,0.356112007,0.828112882
6890,0.615758601,0.296959725,0.720454406,0.293128463,0.792869406
6891,0.618052949,0.256485639,0.728761093,0.308150369,0.80435152
6892,0.618404644,0.22045486,0.71800671,0.321772524,0.763646174
6893,0.63953479,0.20542435,0.742328246,0.320853467,0.731864641
6894,0.684296486,0.171180495,0.736769196,0.296266482,0.716838645
6895,0.650890319,0.293117706,0.754186456,0.292022245,0.559832683
6896,0.65383936,0.274084352,0.747078292,0.282204701,0.596242265
6897,0.690422965,0.275216609,0.735935092,0.326717151,0.612549967
6898,0.68613889,0.289393224,0.734211914,0.361191964,0.691842918
6899,0.684536654,0.296761557,0.726522146,0.384283396,0.719552741
6900,0.690486297,0.316543008,0.739788977,0.417804468,0.756969599
6901,0.695198443,0.290537842,0.739739019,0.446948872,0.745446346
6902,0.705360357,0.294683358,0.738606367,0.475227669,0.752659773
6903,0.681571668,0.260144391,0.726626446,0.3890331,0.710145889
6904,0.625628699,0.193777562,0.729676568,0.301909204,0.364700691
6905,0.588502591,0.162429354,0.730180836,0.31373845,0.256802881
6906,0.599191605,0.167470079,0.729345866,0.339824016,0.220527302
6907,0.652209785,0.165620439,0.730087663,0.33269773,0.218611496
6908,0.677121125,0.161019157,0.72416376,0.336500431,0.218934144
6909,0.638856129,0.161893581,0.730184922,0.380132692,0.22551177
6910,0.607982436,0.165998284,0.729862815,0.392932403,0.227998825
6911,0.557322171,0.158415293,0.724873687,0.375668808,0.226811383
6912,0.519104715,0.161266579,0.725958751,0.399195911,0.238814606
6913,0.520077181,0.158167786,0.720501593,0.401956459,0.236240037
6914,0.552211759,0.159924881,0.724429773,0.388803688,0.219789194
6915,0.554456449,0.154007715,0.72362861,0.379546268,0.216788786
6916,0.579370805,0.155000165,0.725410348,0.397959852,0.217180236
6917,0.57703525,0.149379427,0.722987867,0.367926221,0.221870125
6918,0.573011644,0.1509401,0.723871275,0.374104354,0.222076689
6919,0.573057916,0.151445462,0.72506887,0.367334523,0.224282319
6920,0.583709472,0.15388417,0.720941963,0.366153551,0.236088263
6921,0.644814844,0.162494667,0.731249475,0.376190112,0.3153797
6922,0.64906008,0.195426523,0.725985999,0.381999225,0.416991131
6923,0.633407562,0.21872621,0.722407848,0.413176129,0.510462984
6924,0.593622157,0.248604482,0.722831336,0.426054043,0.532393357
6925,0.586094228,0.241149924,0.716458885,0.421937351,0.529306205
6926,0.557854759,0.244521829,0.717006588,0.483619192,0.475402408
6927,0.551418769,0.212200763,0.714458824,0.481386262,0.391115128
6928,0.534094952,0.177485416,0.707692596,0.42196173,0.254556952
6929,0.523009731,0.160204113,0.692846474,0.353272065,0.227571076
6930,0.536672209,0.159059927,0.688197644,0.353763383,0.223471835
6931,0.56943679,0.151180328,0.681737091,0.329049583,0.221259767
6932,0.564689776,0.149841472,0.688167119,0.314891103,0.219710942
6933,0.545583347,0.150661016,0.690954361,0.338056237,0.223283972
6934,0.537761807,0.148264786,0.687394111,0.315637742,0.224907911
6935,0.513905182,0.149763265,0.676054783,0.288828243,0.225476526
6936,0.500997043,0.14824959,0.673327902,0.288741107,0.223611899
6937,0.501140493,0.14996668,0.67282537,0.290826662,0.220335804
6938,0.50009767,0.17825026,0.695364513,0.351472545,0.223954157
6939,0.497121739,0.165042329,0.688250409,0.30515569,0.2211495
6940,0.50895877,0.145105853,0.670075945,0.27849438,0.219738849
6941,0.521980424,0.144835569,0.670253972,0.295873142,0.223907396
6942,0.510208623,0.14685831,0.678485373,0.326276704,0.224517221
6943,0.510615149,0.162216883,0.682736168,0.383117818,0.247192744
6944,0.520067888,0.174811198,0.696421908,0.422350496,0.266273127
6945,0.535111144,0.201174496,0.681898806,0.435683351,0.331623683
6946,0.539423754,0.259778482,0.691598566,0.44665777,0.416284075
6947,0.535163698,0.305170333,0.689928311,0.458293229,0.489505533
6948,0.530527092,0.315133487,0.687762912,0.45278883,0.509268755
6949,0.523917041,0.315703663,0.687435873,0.445172742,0.491580127
6950,0.524824266,0.319738993,0.690840721,0.469980215,0.459121524
6951,0.528346266,0.320599489,0.69494184,0.471560833,0.447586733
6952,0.526545504,0.306321192,0.694231526,0.467672734,0.410774675
6953,0.53396289,0.334797312,0.712953131,0.470231466,0.362398605
6954,0.539368763,0.328899509,0.719332509,0.434354848,0.362442818
6955,0.562838901,0.249946368,0.707388296,0.383568051,0.326805075
6956,0.56299735,0.21563108,0.703099248,0.329462505,0.284149278
6957,0.557313101,0.197014185,0.704012371,0.342795887,0.279151369
6958,0.567085087,0.183246489,0.707588268,0.330794806,0.265851693
6959,0.577034783,0.175951038,0.703854648,0.34924192,0.267050004
6960,0.582229754,0.177133718,0.69796228,0.388470984,0.261781617
6961,0.617938619,0.166495972,0.693949361,0.352969009,0.261420854
6962,0.615311021,0.170861937,0.694842795,0.317363881,0.258926572
6963,0.640467607,0.185489332,0.718202794,0.332327412,0.260456132
6964,0.646809115,0.192680599,0.722907618,0.332964504,0.264778498
6965,0.655369093,0.202588541,0.738724277,0.361761118,0.274949153
6966,0.647815397,0.17823912,0.723052391,0.296425313,0.281576476
6967,0.624347819,0.222497989,0.722391179,0.295745298,0.267121276
6968,0.650933461,0.183781681,0.711114214,0.292238113,0.310486543
6969,0.662035806,0.197348495,0.70446273,0.310161448,0.349058611
6970,0.726799127,0.220301301,0.700939984,0.34221169,0.440193166
6971,0.696455885,0.245208157,0.697352339,0.366714287,0.565458747
6972,0.684065501,0.268739223,0.694123444,0.361761522,0.686127279
6973,0.657954347,0.291093502,0.699530319,0.378684073,0.777884175
6974,0.615862593,0.262675612,0.703553089,0.420098122,0.723920149
6975,0.544965231,0.208490176,0.697972112,0.363109521,0.729220403
6976,0.497477919,0.169975518,0.683576024,0.324487296,0.458588332
6977,0.464576905,0.152751273,0.677186735,0.300592512,0.405793212
6978,0.480447539,0.149218675,0.670385447,0.307056356,0.319372995
6979,0.49923471,0.142012763,0.68094478,0.305276559,0.240178568
6980,0.46876898,0.142800207,0.67159846,0.303171289,0.238313082
6981,0.455303901,0.142685193,0.672976302,0.295819877,0.241021888
6982,0.44586699,0.139523428,0.666859797,0.289480637,0.261040538
6983,0.454148945,0.142941014,0.664449741,0.290323175,0.23283773
6984,0.455743872,0.146019996,0.666334609,0.291742133,0.230176264
6985,0.46739071,0.143925821,0.661158292,0.289538392,0.235160024
6986,0.476867887,0.142991221,0.660958979,0.283437785,0.241852464
6987,0.464190516,0.146140396,0.676795157,0.288896315,0.241134581
6988,0.461755902,0.150105686,0.686432476,0.293270826,0.25250945
6989,0.472923602,0.14756641,0.693541889,0.28296633,0.259391093
6990,0.487322383,0.148438955,0.704338515,0.280120575,0.28558852
6991,0.549104305,0.171326591,0.717029537,0.277142308,0.300646393
6992,0.556260786,0.164561843,0.726240468,0.268811299,0.323823207
6993,0.592372091,0.176049743,0.734858607,0.2877208,0.39052411
6994,0.629915043,0.191867749,0.731075676,0.309800416,0.430633423
6995,0.640237524,0.229597224,0.730453434,0.353787867,0.564033025
6996,0.645937073,0.263731483,0.735440038,0.433529665,0.66220314
6997,0.620272555,0.277634816,0.737661592,0.465768408,0.671910644
6998,0.587314795,0.245872563,0.727451778,0.429280988,0.659038725
6999,0.577529859,0.217685408,0.721130015,0.405159588,0.616984883
7000,0.571203468,0.210816997,0.7084435,0.361863115,0.549427136
7001,0.572057851,0.20210815,0.707694876,0.336094306,0.491791706
7002,0.595265929,0.214053868,0.704485259,0.349073018,0.48006556
7003,0.637664517,0.193712097,0.702595219,0.334215555,0.418210224
7004,0.656255896,0.183485503,0.701777197,0.344318261,0.409577253
7005,0.620105139,0.181637866,0.695917007,0.329124056,0.41112518
7006,0.610761463,0.180185895,0.677356603,0.320780132,0.420021287
7007,0.612040335,0.17462135,0.673349453,0.315145519,0.415927091
7008,0.589811869,0.165724874,0.667951432,0.308575874,0.428765392
7009,0.594050497,0.156023292,0.670820649,0.302526745,0.409327854
7010,0.589957553,0.149278276,0.674627118,0.278587979,0.401743978
7011,0.58833002,0.147446435,0.677862388,0.272912998,0.411260802
7012,0.592090648,0.145313602,0.681677101,0.288520792,0.402039422
7013,0.579218991,0.144686518,0.675625519,0.318813471,0.394891603
7014,0.561225352,0.144266429,0.667409029,0.321949275,0.400930635
7015,0.553568301,0.141510935,0.671503579,0.340913812,0.463769979
7016,0.542166675,0.1402739,0.670424462,0.346833684,0.471103145
7017,0.524375548,0.141988994,0.676292611,0.326153182,0.463540896
7018,0.529206756,0.142869139,0.684776433,0.361597016,0.418992307
7019,0.522885989,0.147228548,0.685539838,0.396943371,0.386063331
7020,0.536870983,0.161434581,0.694159119,0.42311523,0.413022545
7021,0.531759863,0.173643652,0.702342646,0.498699179,0.400021195
7022,0.502969591,0.188055013,0.718436675,0.497678361,0.363996982
7023,0.475145409,0.207597291,0.737770888,0.484522755,0.33079791
7024,0.446047884,0.200858894,0.736956324,0.473614227,0.294373995
7025,0.442233808,0.194705282,0.734989866,0.502520996,0.292097186
7026,0.447942595,0.20599988,0.74913194,0.523538795,0.287936644
7027,0.423790557,0.186758859,0.719183902,0.476222546,0.351531639
7028,0.420813653,0.176295053,0.721904535,0.436672259,0.282328813
7029,0.415941342,0.166541669,0.72096362,0.383416534,0.264198052
7030,0.432310171,0.170869027,0.711957868,0.398694945,0.255713239
7031,0.441340916,0.186291762,0.721371048,0.431729582,0.265145016
7032,0.44343393,0.172979472,0.711110207,0.443568814,0.279573062
7033,0.463708358,0.163327319,0.700487297,0.379157692,0.285407143
7034,0.462630263,0.152539173,0.693018301,0.323220849,0.305979169
7035,0.474457998,0.146574564,0.697226222,0.294113577,0.318403943
7036,0.485247214,0.137829976,0.684292001,0.258661959,0.294177446
7037,0.485527679,0.141416143,0.687143342,0.261655056,0.29233947
7038,0.49465574,0.142476689,0.689930355,0.259631723,0.30070288
7039,0.513301949,0.139925392,0.687090245,0.268777511,0.335037416
7040,0.474238481,0.143423598,0.680860767,0.280474589,0.327456254
7041,0.476958455,0.142898824,0.679736467,0.274260164,0.326172183
7042,0.499239918,0.14682065,0.685799828,0.280596901,0.339596486
7043,0.509106406,0.150289264,0.679881208,0.270423339,0.359561595
7044,0.535079695,0.161375423,0.687306456,0.296781219,0.416872763
7045,0.522773379,0.156094754,0.685224592,0.299355789,0.428541556
7046,0.528298392,0.158475592,0.695256437,0.297048237,0.417524208
7047,0.514111369,0.157113104,0.700833535,0.264580934,0.376057766
7048,0.465447776,0.15093685,0.679301371,0.250077043,0.337499966
7049,0.45679968,0.162996234,0.70813243,0.294837304,0.324098098
7050,0.458782814,0.160751476,0.703374713,0.301994576,0.336172591
7051,0.470542968,0.159257316,0.693131265,0.276163639,0.34516455
7052,0.48571181,0.164058891,0.680654036,0.264793262,0.35498265
7053,0.511917046,0.14638746,0.674072664,0.257034329,0.343735814
7054,0.515686901,0.143403276,0.679531819,0.276237134,0.315217049
7055,0.515027091,0.139720111,0.67334997,0.273386343,0.320327103
7056,0.524820808,0.138078411,0.675353912,0.278920445,0.304576656
7057,0.487697728,0.143057621,0.672252107,0.297489356,0.268126148
7058,0.472072149,0.140779544,0.671368346,0.285853949,0.254908397
7059,0.466842031,0.139892924,0.668507718,0.296727138,0.252920222
7060,0.492187436,0.141977937,0.677053719,0.284797533,0.247899439
7061,0.491064668,0.141226155,0.682112587,0.292360085,0.248857025
7062,0.49033802,0.145209174,0.683719086,0.30245449,0.25289761
7063,0.482481316,0.151732738,0.683454805,0.303387931,0.276234701
7064,0.487449435,0.152222311,0.685270032,0.289913365,0.282931119
7065,0.45421505,0.157446897,0.687422065,0.301802377,0.294279298
7066,0.436079642,0.167459737,0.693226616,0.315314498,0.301014032
7067,0.434798258,0.178351685,0.699991301,0.330380897,0.303506921
7068,0.441643611,0.183987085,0.696606914,0.33932295,0.337912525
7069,0.451720087,0.169854024,0.698057525,0.353116716,0.353152639
7070,0.47115393,0.164228816,0.696249956,0.384258046,0.350371316
7071,0.460195329,0.172480538,0.696973018,0.345379379,0.304861642
7072,0.445642512,0.165136181,0.684832489,0.347597802,0.264506258
7073,0.433682022,0.184201662,0.67998533,0.336656932,0.264111811
7074,0.431780988,0.191048039,0.67859668,0.360990731,0.268010101
7075,0.438783489,0.200201256,0.683337325,0.411039746,0.284801885
7076,0.441873417,0.202413557,0.676995798,0.401220294,0.284010685
7077,0.445317399,0.196939095,0.677332152,0.404228157,0.274692829
7078,0.462762816,0.180792429,0.671201452,0.361062137,0.263357061
7079,0.465799929,0.175730709,0.665624384,0.360839097,0.266389596
7080,0.467879788,0.168112089,0.663766142,0.366332056,0.279886427
7081,0.457642993,0.172634853,0.660717259,0.333481941,0.304721598
7082,0.465457998,0.158251024,0.658519483,0.35839451,0.313171536
7083,0.465978103,0.149804699,0.647231571,0.35804121,0.314377493
7084,0.473477282,0.146125317,0.640121575,0.355077237,0.34167289
7085,0.48069172,0.143559212,0.636246104,0.307778361,0.366981801
7086,0.476646439,0.145213617,0.638771129,0.312828632,0.368265855
7087,0.474613479,0.175952867,0.642461223,0.343553304,0.366463556
7088,0.52189595,0.192522036,0.644756373,0.333624951,0.398202161
7089,0.506072982,0.2020268,0.643291769,0.347938284,0.386815589
7090,0.578265283,0.223953839,0.668065536,0.352681708,0.400084003
7091,0.56930999,0.257431803,0.663373048,0.408156396,0.445819421
7092,0.554737344,0.246113744,0.669009206,0.413251712,0.518264955
7093,0.586848564,0.263582414,0.67496772,0.422693069,0.566014408
7094,0.524219163,0.276414429,0.677418488,0.391349864,0.576881088
7095,0.521662002,0.238108053,0.695014944,0.377352362,0.499775237
7096,0.479405616,0.209390704,0.671281087,0.301743131,0.447031272
7097,0.472258234,0.158963889,0.686418694,0.275926391,0.428875976
7098,0.460026059,0.147333079,0.668969388,0.279683804,0.416341624
7099,0.451809282,0.154446397,0.66744316,0.288923839,0.46687793
7100,0.475560204,0.14503576,0.662244045,0.284676515,0.431594025
7101,0.526258757,0.141911895,0.654069981,0.334403045,0.40476086
7102,0.557235102,0.142344726,0.658391777,0.337470319,0.388283735
7103,0.513507516,0.151645821,0.671808519,0.333802915,0.396775531
7104,0.486377541,0.15186846,0.677515289,0.323929862,0.42532663
7105,0.471097033,0.146660719,0.671271329,0.305786673,0.42554372
7106,0.465082292,0.145609885,0.670646433,0.300687156,0.407495363
7107,0.472379319,0.150189927,0.67956506,0.308746366,0.361923266
7108,0.47974692,0.148672837,0.670732168,0.307889015,0.341977892
7109,0.483944618,0.154870951,0.670877099,0.307123665,0.341931726
7110,0.516217655,0.165464214,0.662944832,0.307683813,0.329706897
7111,0.556599935,0.180972702,0.676430408,0.321014192,0.437647498
7112,0.608289319,0.194269111,0.68448979,0.341572833,0.42300713
7113,0.652361516,0.216103725,0.693416044,0.405855812,0.469274478
7114,0.632745318,0.245072383,0.707423437,0.41092402,0.518996132
7115,0.60451241,0.255610659,0.726780783,0.435656514,0.52971159
7116,0.585260322,0.280225749,0.742901885,0.467654349,0.476120517
7117,0.565594832,0.281177934,0.743973174,0.449138844,0.45438944
7118,0.571747714,0.260314725,0.749390832,0.453756978,0.434697358
7119,0.54793463,0.236513917,0.722782043,0.446091816,0.421644026
7120,0.526492385,0.219365375,0.723047357,0.391231091,0.449809539
7121,0.494352081,0.195080993,0.715951861,0.336938181,0.437994434
7122,0.481983053,0.186711645,0.699131424,0.328866687,0.44604829
7123,0.47184757,0.202343445,0.699824063,0.3407349,0.441561897
7124,0.467820289,0.198601659,0.696799288,0.33679119,0.442271272
7125,0.464297636,0.207660427,0.698550662,0.39694961,0.444029528
7126,0.487899351,0.225273956,0.700668279,0.472742697,0.456988621
7127,0.496682155,0.271583778,0.692215551,0.470505498,0.470221743
7128,0.479081383,0.312541876,0.703866129,0.482273593,0.472413152
7129,0.489957141,0.269959855,0.723111012,0.475692135,0.483838777
7130,0.527332015,0.235617631,0.753522391,0.496032234,0.429616683
7131,0.490297906,0.226523839,0.747523868,0.41061314,0.399198833
7132,0.516793377,0.225734262,0.729842975,0.310015504,0.323468646
7133,0.567015734,0.214234207,0.699668378,0.320040472,0.30477146
7134,0.590897647,0.204360198,0.686564026,0.358435243,0.326670031
7135,0.674310062,0.40216718,0.703996048,0.405222761,0.482477901
7136,0.650636897,0.380292243,0.692339987,0.448956945,0.46015236
7137,0.633346162,0.437875907,0.676514763,0.456574158,0.454246724
7138,0.630249362,0.455834116,0.664458004,0.430953088,0.521132623
7139,0.647109739,0.473132464,0.665789375,0.427677555,0.609891745
7140,0.689261661,0.427743748,0.665315011,0.434259143,0.629232254
7141,0.698113255,0.402106656,0.67321336,0.449017444,0.675378377
7142,0.66969298,0.436569093,0.675295235,0.419300055,0.639427432
7143,0.671424866,0.486151991,0.69049598,0.422189097,0.642855569
7144,0.671195047,0.517447946,0.692911315,0.424825108,0.656207142
7145,0.698090668,0.520971812,0.704000831,0.411478445,0.685209176
7146,0.766180253,0.475727646,0.711860837,0.40084496,0.654351475
7147,0.784712502,0.530060485,0.697737859,0.394143472,0.631650682
7148,0.775840567,0.466412264,0.696282822,0.416241895,0.600954019
7149,0.788602788,0.423827494,0.705218532,0.321548094,0.524888558
7150,0.820351765,0.396558733,0.711251546,0.326605926,0.525312034
7151,0.806726945,0.304129791,0.706337532,0.32779882,0.524482287
7152,0.780643959,0.253663847,0.707239358,0.344769107,0.421675034
7153,0.756093346,0.243592074,0.70024774,0.345763602,0.337757961
7154,0.752062738,0.242035411,0.703098358,0.340161055,0.304553864
7155,0.732403481,0.244622545,0.704856991,0.333658606,0.278046001
7156,0.730238222,0.245120297,0.709590316,0.340927313,0.272982748
7157,0.681639256,0.26959968,0.709785807,0.328630404,0.268817266
7158,0.629018942,0.258035883,0.695161093,0.331840786,0.296895763
7159,0.668031732,0.374398733,0.704742388,0.34567202,0.415805421
7160,0.71347695,0.526845678,0.707400156,0.376763499,0.552717932
7161,0.728214738,0.571817402,0.707768049,0.45153531,0.67309392
7162,0.741235375,0.584765178,0.712821426,0.449669783,0.730171655
7163,0.680356628,0.522922584,0.707576876,0.43647581,0.733503079
7164,0.67029233,0.449983248,0.7110049,0.427559574,0.826354213
7165,0.676425466,0.431244843,0.701739715,0.41830589,0.798190971
7166,0.667916591,0.387080626,0.689072529,0.3899824,0.787170375
7167,0.635874413,0.347358343,0.683893055,0.38916802,0.802780549
7168,0.600285764,0.2689544,0.680556028,0.385267086,0.745638708
7169,0.54901076,0.22171915,0.668723069,0.340419477,0.709501989
7170,0.542348108,0.187586722,0.664694134,0.325746145,0.648250285
7171,0.561051538,0.184174719,0.660918988,0.305037904,0.597137543
7172,0.543136747,0.161223273,0.656698924,0.279317857,0.480418038
7173,0.525559797,0.149995972,0.657062184,0.312437659,0.455824845
7174,0.500680384,0.139909887,0.635516686,0.338028361,0.453811881
7175,0.486394576,0.136750105,0.636420626,0.313521753,0.447175633
7176,0.492149964,0.133450228,0.630487919,0.299949277,0.461339175
7177,0.496556576,0.141864418,0.638717026,0.302923787,0.467470522
7178,0.537539864,0.142809763,0.647099737,0.30526479,0.454355674
7179,0.547251861,0.142550241,0.639845499,0.307765127,0.431857925
7180,0.550372631,0.137345359,0.636630829,0.291974653,0.427066382
7181,0.536581636,0.132867505,0.630347196,0.296740626,0.428685042
7182,0.532028244,0.131776935,0.635042572,0.314708729,0.428493792
7183,0.527226283,0.131206385,0.632727747,0.302092479,0.394849016
7184,0.561682736,0.136102371,0.641600283,0.310266399,0.369110365
7185,0.573111675,0.146346107,0.643826445,0.307663073,0.390163318
7186,0.57283659,0.169325121,0.650333514,0.348777545,0.454897526
7187,0.573888046,0.189727525,0.648799411,0.358518246,0.506078529
7188,0.595360375,0.20370904,0.647147284,0.397703478,0.485418959
7189,0.580880363,0.199811073,0.647673164,0.401500756,0.469338201
7190,0.54073618,0.200462858,0.671760613,0.387269482,0.425147311
7191,0.500737864,0.162261577,0.67501891,0.343058377,0.333562891
7192,0.455656409,0.142168228,0.662560316,0.276380725,0.277958178
7193,0.441908204,0.142690844,0.661091571,0.281585924,0.274926313
7194,0.448636052,0.138784955,0.65521644,0.259584857,0.268631074
7195,0.443254554,0.137623958,0.653140356,0.25495616,0.271491121
7196,0.433349735,0.135524626,0.646394221,0.26387483,0.270634951
7197,0.428755059,0.130765478,0.63407367,0.254207336,0.270771829
7198,0.429557902,0.131192631,0.636568081,0.253320116,0.271287414
7199,0.435746331,0.130487346,0.637709815,0.256738575,0.274279376
7200,0.443916018,0.132218804,0.642100822,0.247536825,0.279038898
7201,0.449386045,0.137869701,0.65697564,0.264195302,0.27816446
7202,0.451294081,0.144548858,0.672045506,0.290635663,0.278390526
7203,0.452277463,0.13910326,0.657329061,0.267751696,0.274140871
7204,0.457299762,0.138173327,0.645691011,0.249659502,0.272820628
7205,0.459306296,0.141209514,0.658217445,0.253033,0.270483459
7206,0.464264688,0.134678599,0.663043311,0.246897401,0.272827095
7207,0.500000418,0.13767047,0.664130775,0.255993794,0.270789895
7208,0.546117158,0.136714299,0.652453782,0.250278908,0.2752924
7209,0.540771307,0.145652947,0.660244834,0.254361585,0.282625178
7210,0.546848174,0.177814179,0.660470634,0.330218534,0.374097484
7211,0.602855755,0.215616233,0.661299677,0.343890407,0.440967988
7212,0.545871541,0.21980866,0.657088335,0.363700385,0.43967042
7213,0.526593361,0.207110517,0.654740467,0.372771186,0.419827674
7214,0.493423015,0.209719133,0.647877165,0.317886284,0.399479437
7215,0.473103367,0.173880423,0.669519276,0.317167727,0.31868431
7216,0.453225346,0.148999298,0.66210641,0.279169035,0.271106229
7217,0.448774823,0.138807783,0.652516223,0.255372898,0.263825687
7218,0.457056805,0.140850114,0.674071272,0.259825641,0.265744045
7219,0.45646215,0.142663625,0.675617958,0.277366369,0.26602487
7220,0.440229729,0.151438051,0.682644547,0.278586214,0.25015371
7221,0.43258055,0.149751873,0.668857053,0.291265488,0.241325416
7222,0.4358494,0.15174959,0.673316869,0.279545877,0.238259847
7223,0.4312139,0.147487192,0.677909996,0.305056667,0.244254543
7224,0.460306758,0.148593217,0.674510562,0.309346245,0.251148435
7225,0.448385353,0.148389931,0.676522022,0.294886377,0.247293317
7226,0.459868873,0.139973185,0.660502681,0.286773232,0.249031772
7227,0.463603841,0.140659025,0.669914836,0.284903196,0.240634168
7228,0.471814701,0.13865787,0.671204685,0.304603792,0.239539519
7229,0.48096006,0.138675802,0.670026498,0.300150514,0.24259672
7230,0.508680447,0.141527714,0.665462957,0.294895908,0.246574444
7231,0.536884212,0.139807241,0.664513635,0.271055324,0.244391318
7232,0.531267619,0.143688431,0.672443981,0.300131197,0.249331533
7233,0.546688912,0.150546789,0.675669605,0.32212142,0.260899859
7234,0.524301103,0.195930162,0.679767078,0.405184338,0.346860108
7235,0.540724666,0.227872966,0.681312339,0.432587601,0.40022689
7236,0.558260767,0.233918235,0.684605784,0.435826573,0.405093442
7237,0.560175603,0.251616568,0.66923352,0.418541642,0.408857317
7238,0.53715532,0.249379601,0.678097726,0.442510928,0.377289076
7239,0.501371436,0.206623584,0.674994236,0.411073039,0.290445523
7240,0.472028893,0.173758421,0.673373051,0.367747014,0.235161777
7241,0.478180131,0.166467693,0.678803325,0.373950304,0.231740533
7242,0.486286495,0.159746747,0.685349302,0.336125524,0.236216
7243,0.523858313,0.145087041,0.695467926,0.30340924,0.235060848
7244,0.489636035,0.145786622,0.688890294,0.275192374,0.241319827
7245,0.474452234,0.143161065,0.675773736,0.286353377,0.241601225
7246,0.468467989,0.143950421,0.661598703,0.275252832,0.243779322
7247,0.464769744,0.147434917,0.659467153,0.298921851,0.252648022
7248,0.471667863,0.136885784,0.648717217,0.257578467,0.251418694
7249,0.473453954,0.131538626,0.643467917,0.240665351,0.245794014
7250,0.484218238,0.139954901,0.667095917,0.269228108,0.244860413
7251,0.500644877,0.141040314,0.670257383,0.270082068,0.244528168
7252,0.503797174,0.132860665,0.654852081,0.249280293,0.244151354
7253,0.499374829,0.127548955,0.640147368,0.238614794,0.245696191
7254,0.490385826,0.124854421,0.631446899,0.249523681,0.248347895
7255,0.508894632,0.124453381,0.63251674,0.245332784,0.246340557
7256,0.482809173,0.13246132,0.639319017,0.263963614,0.242999499
7257,0.481199095,0.137513757,0.639466847,0.265872077,0.246047775
7258,0.474020059,0.163607663,0.644046269,0.295695537,0.319167221
7259,0.481447646,0.178624675,0.642051455,0.299561676,0.34852111
7260,0.477682599,0.183110318,0.657114934,0.338786307,0.346899537
7261,0.477269466,0.211311847,0.661908989,0.327937518,0.372003805
7262,0.44480991,0.198297845,0.662562349,0.315433651,0.337663509
7263,0.425113599,0.167951123,0.660980084,0.282632829,0.275507072
7264,0.409597577,0.161807074,0.675153751,0.295368138,0.238818281
7265,0.416680401,0.174848256,0.685565709,0.371583959,0.238404309
7266,0.433022034,0.157172317,0.684518513,0.278352883,0.239138022
7267,0.457386087,0.137071216,0.661774335,0.260077646,0.238236578
7268,0.447736183,0.14180134,0.65824038,0.242244309,0.236630179
7269,0.436501281,0.139169021,0.659333847,0.243501394,0.235906739
7270,0.43783976,0.14017343,0.662804303,0.260335434,0.234491602
7271,0.439472243,0.137552279,0.662818768,0.262096042,0.236046825
7272,0.432343197,0.131480924,0.654769202,0.236269038,0.235113505
7273,0.435818786,0.127717123,0.648798449,0.24018823,0.23651296
7274,0.449216106,0.129126335,0.648343669,0.230733245,0.236786763
7275,0.455015712,0.125655639,0.636623369,0.22366734,0.23611749
7276,0.500104107,0.125045519,0.633524504,0.232695829,0.237339106
7277,0.501602534,0.126447578,0.635319756,0.220043632,0.23389758
7278,0.481237763,0.127927171,0.639540096,0.221936576,0.231383938
7279,0.470458689,0.130631824,0.638194062,0.225611678,0.232076715
7280,0.462183172,0.128499696,0.634498118,0.227725063,0.232383981
7281,0.464539706,0.13283245,0.640163472,0.227851653,0.23984674
7282,0.468359954,0.146534209,0.640584539,0.263574797,0.280326391
7283,0.468358097,0.161015981,0.638627191,0.298219972,0.310005856
7284,0.491533267,0.161146414,0.641744033,0.268995079,0.315562987
7285,0.484340392,0.177425628,0.642305649,0.26966995,0.332943352
7286,0.474842114,0.164709756,0.648736583,0.259869159,0.305894682
7287,0.459839682,0.161587816,0.661323736,0.292915358,0.269180497
7288,0.466491769,0.147990259,0.646904912,0.2480258,0.241584363
7289,0.467129334,0.148411,0.647939351,0.270558389,0.241241832
7290,0.447097344,0.138754923,0.640965807,0.255791567,0.239655811
7291,0.437509446,0.129179774,0.620651778,0.240188674,0.238984112
7292,0.445856966,0.126846565,0.609955482,0.24513081,0.240077044
7293,0.445555913,0.125095269,0.611295515,0.261498895,0.234959916
7294,0.447527785,0.124363498,0.618766259,0.260755751,0.233952185
7295,0.439169949,0.125230705,0.617795531,0.255271733,0.234224566
7296,0.41893096,0.125393585,0.618554166,0.252604407,0.236344902
7297,0.419084348,0.125792421,0.613655947,0.250248892,0.237511231
7298,0.420205345,0.124744041,0.610272903,0.248571048,0.237794484
7299,0.426248415,0.124364883,0.608480275,0.243311408,0.237442967
7300,0.445844426,0.125265991,0.610748736,0.236404997,0.237022285
7301,0.453363675,0.127271959,0.614077964,0.244346284,0.239343546
7302,0.45610398,0.131386226,0.616010916,0.228041559,0.245844993
7303,0.464587894,0.13387646,0.627172813,0.232928749,0.243522662
7304,0.440147421,0.13695249,0.6331171,0.247851252,0.246377361
7305,0.442926278,0.134317407,0.629886266,0.227192632,0.252263304
7306,0.495979029,0.148589612,0.628706921,0.235303184,0.298574194
7307,0.478295202,0.155177442,0.624344205,0.245889469,0.321186066
7308,0.490753375,0.16940209,0.632808406,0.253016244,0.340717338
7309,0.465037295,0.187804507,0.645575739,0.276436941,0.359398075
7310,0.447192541,0.175251127,0.652276287,0.304206933,0.322643241
7311,0.417206373,0.15597592,0.65747393,0.340834706,0.269167343
7312,0.407114783,0.147207558,0.656394296,0.320923382,0.245437406
7313,0.420274635,0.161083541,0.666918827,0.369642072,0.240626361
7314,0.404885596,0.141730323,0.655458748,0.321529104,0.235483608
7315,0.401908318,0.14750893,0.658398658,0.350094545,0.23325029
7316,0.395409989,0.154529435,0.660134946,0.39098967,0.23072482
7317,0.41594912,0.16504816,0.664633715,0.432005921,0.238677744
7318,0.431406372,0.148254251,0.652736729,0.362438765,0.240686805
7319,0.417299781,0.140672184,0.649643489,0.331583361,0.243789423
7320,0.416675645,0.13870629,0.652796772,0.319202453,0.246020875
7321,0.410713517,0.139933399,0.657762333,0.316869727,0.256671098
7322,0.448526599,0.13953425,0.654391466,0.307624089,0.260380647
7323,0.475339091,0.151818445,0.652995502,0.338913629,0.255107065
7324,0.466955124,0.141470784,0.639713342,0.292647862,0.254130131
7325,0.497626783,0.132797933,0.629047663,0.264897087,0.251960621
7326,0.51682926,0.129525744,0.623284684,0.232015722,0.255741005
7327,0.538883897,0.132240991,0.642839966,0.240990383,0.257160132
7328,0.534030735,0.130561116,0.629159248,0.241541366,0.256294473
7329,0.535741863,0.13544031,0.643127774,0.260550342,0.258044786
7330,0.516411225,0.144256707,0.651640477,0.278252731,0.281729644
7331,0.498997344,0.149026543,0.656816992,0.270847142,0.310103389
7332,0.514948817,0.152010155,0.657035915,0.280770637,0.310572038
7333,0.538070755,0.14896678,0.677479326,0.28213559,0.296145758
7334,0.577764729,0.162160313,0.699300578,0.276376895,0.291609876
7335,0.585970589,0.150196444,0.686654655,0.277582927,0.27006948
7336,0.592526124,0.149902388,0.679907193,0.285095513,0.259068674
7337,0.563617184,0.170739391,0.679576373,0.280233864,0.261293964
7338,0.539852345,0.181381507,0.67732295,0.294202301,0.264243331
7339,0.537885687,0.206094151,0.681837796,0.330675957,0.263235649
7340,0.50659749,0.206605131,0.664378521,0.33725061,0.26202499
7341,0.465417735,0.184786718,0.634814538,0.32804403,0.268765306
7342,0.450725233,0.165399663,0.631519298,0.32559631,0.273586919
7343,0.454777119,0.153459055,0.630144787,0.309622823,0.253088634
7344,0.476401601,0.153322062,0.626998033,0.305473219,0.253148819
7345,0.465370587,0.146267212,0.624264018,0.307124751,0.2415164
7346,0.510225105,0.146289819,0.622413178,0.314956106,0.244034714
7347,0.506539323,0.143941397,0.614478327,0.330085079,0.246865369
7348,0.495908737,0.141293359,0.611368616,0.33659745,0.261628019
7349,0.510596904,0.138864975,0.616507075,0.316955657,0.266338539
7350,0.506287172,0.150894325,0.622026884,0.311516427,0.278775652
7351,0.520508921,0.145379676,0.615652742,0.29224877,0.298550144
7352,0.539879486,0.148724379,0.610477826,0.284646443,0.288550682
7353,0.543567956,0.148872311,0.605297099,0.2629629,0.298531073
7354,0.51822942,0.145103463,0.605776442,0.261571814,0.302899744
7355,0.465471518,0.140983382,0.605826657,0.285583748,0.311166915
7356,0.444753508,0.141252757,0.609034517,0.304110553,0.348388904
7357,0.438497451,0.142531712,0.6143279,0.266098653,0.318700178
7358,0.443814463,0.143701435,0.611038154,0.255808825,0.389976553
7359,0.432453476,0.144062796,0.601879142,0.25802697,0.36554043
7360,0.45687998,0.158148452,0.624482724,0.290885913,0.326309285
7361,0.468097429,0.158348033,0.619601388,0.28546349,0.297884298
7362,0.464671564,0.171985842,0.629188227,0.295391478,0.287670136
7363,0.465524007,0.16895594,0.636293048,0.293936425,0.307962066
7364,0.469411647,0.167803862,0.619554909,0.279318641,0.303710499
7365,0.471784475,0.16587521,0.619093303,0.265451615,0.296576089
7366,0.451464504,0.151256797,0.616854099,0.278704352,0.288225064
7367,0.433554282,0.143118716,0.626061486,0.290648435,0.283095893
7368,0.416469007,0.140858441,0.625654446,0.295849514,0.26568658
7369,0.410947353,0.141608225,0.618673943,0.302303277,0.255384919
7370,0.411840934,0.138330999,0.621260413,0.30792531,0.253764681
7371,0.41585252,0.141400835,0.624537882,0.295784377,0.250636165
7372,0.426680438,0.142602007,0.629619502,0.311918739,0.249966855
7373,0.441713057,0.146758818,0.632113922,0.300563457,0.246607441
7374,0.472520665,0.15013321,0.62871727,0.278727024,0.244833649
7375,0.464190884,0.154307943,0.631613689,0.272513506,0.256772818
7376,0.464698185,0.147099834,0.624556876,0.260824426,0.251957867
7377,0.432950963,0.150111697,0.624453085,0.279477881,0.24138855
7378,0.434067677,0.156625348,0.630502543,0.262806717,0.24522945
7379,0.475652105,0.161954659,0.629135861,0.244198458,0.252251044
7380,0.501402451,0.170835644,0.630208846,0.243080953,0.267346031
7381,0.492634831,0.182098415,0.635218419,0.242281073,0.279717797
7382,0.483968797,0.188008737,0.663557016,0.315737633,0.264034248
7383,0.451062143,0.174885667,0.653089407,0.301240837,0.248116571
7384,0.444067107,0.165503806,0.646100627,0.313103532,0.239036849
7385,0.436400485,0.167890681,0.639749502,0.33522826,0.245211441
7386,0.439698336,0.172837246,0.648041635,0.360405043,0.244479829
7387,0.438263214,0.175151644,0.65694713,0.393730431,0.273846758
7388,0.42139441,0.174312528,0.648816384,0.397620809,0.260618754
7389,0.414591959,0.180984787,0.655208774,0.42624299,0.258357279
7390,0.411442287,0.171618704,0.657147332,0.396098932,0.274028494
7391,0.40374023,0.166416875,0.649410605,0.41350131,0.290986991
7392,0.405677515,0.160775783,0.642511865,0.437778314,0.313384533
7393,0.418751613,0.160282121,0.647038629,0.46128169,0.344034213
7394,0.422953408,0.163459593,0.651178722,0.474809243,0.393109585
7395,0.431299668,0.179830723,0.646752142,0.493180166,0.422045346
7396,0.443070162,0.198120798,0.648206219,0.507312898,0.5031418
7397,0.43872623,0.221338505,0.648864031,0.545616333,0.618158892
7398,0.45289133,0.258701561,0.663994463,0.54831581,0.704501781
7399,0.468354886,0.247730222,0.660560279,0.533477193,0.684953285
7400,0.446877189,0.261692141,0.665037175,0.542808739,0.699162677
7401,0.449725951,0.220915048,0.688789222,0.551991519,0.672006876
7402,0.446885943,0.263400484,0.709276255,0.564831315,0.62428471
7403,0.463539163,0.261435766,0.705472181,0.507590771,0.648223209
7404,0.464907695,0.23393239,0.707362616,0.511156908,0.670395045
7405,0.508896548,0.229926038,0.717762349,0.51102145,0.665908541
7406,0.516217319,0.237751556,0.735880631,0.534646663,0.682182813
7407,0.523119891,0.247605897,0.702088566,0.52623444,0.66365323
7408,0.538379855,0.262432645,0.702796609,0.501449475,0.650418389
7409,0.488249933,0.30343098,0.685951523,0.496578978,0.661423205
7410,0.446425034,0.331483026,0.684817873,0.486928977,0.630905677
7411,0.548779592,0.378257834,0.688740073,0.442734148,0.678881274
7412,0.531500764,0.381872538,0.68174637,0.415253148,0.670957398
7413,0.524512688,0.357489682,0.662489804,0.4096452,0.690298431
7414,0.5338044,0.313610776,0.655715918,0.406267713,0.718795446
7415,0.555661622,0.270925764,0.646259266,0.409893924,0.681169848
7416,0.598574022,0.255115497,0.640923728,0.405049004,0.696643374
7417,0.642360407,0.255090738,0.637934178,0.364343293,0.693528855
7418,0.65202941,0.264991342,0.63558782,0.331143487,0.690011034
7419,0.639066065,0.269899594,0.636784501,0.299206513,0.658065536
7420,0.648972827,0.252827294,0.63588111,0.275431679,0.649583173
7421,0.608122959,0.223390699,0.636885979,0.269169162,0.685834025
7422,0.606774745,0.198303571,0.635340376,0.258033002,0.713459878
7423,0.648679857,0.176264309,0.62777232,0.290683744,0.677392227
7424,0.640700772,0.177004061,0.622322051,0.305283572,0.756243548
7425,0.6173334,0.175612272,0.625039545,0.298860674,0.736494176
7426,0.609451261,0.170866391,0.628208317,0.294500784,0.749267156
7427,0.600891908,0.16601615,0.635323874,0.291826196,0.712057718
7428,0.601851367,0.15987985,0.635139426,0.295745398,0.773704445
7429,0.581808399,0.153469699,0.623813913,0.290318682,0.790768283
7430,0.550363766,0.148606073,0.630741848,0.284982161,0.796713261
7431,0.57942717,0.142681428,0.6361581,0.298303469,0.768449532
7432,0.584356602,0.136532817,0.617769155,0.290775838,0.750046836
7433,0.606596054,0.132698108,0.613278936,0.275973911,0.664271555
7434,0.62410751,0.147456131,0.62065425,0.278608897,0.56609473
7435,0.574820821,0.135650458,0.623907022,0.266101522,0.518259219
7436,0.567410219,0.143102146,0.634007819,0.280203156,0.5054013
7437,0.553522341,0.145715377,0.634368644,0.263478363,0.498919891
7438,0.533709207,0.146421358,0.64694885,0.282623053,0.440687118
7439,0.514424365,0.158690055,0.650960489,0.316202839,0.420845068
7440,0.503169449,0.170301318,0.659487696,0.330357886,0.388987241
7441,0.496623201,0.167708945,0.673237092,0.342613678,0.338530216
7442,0.498688308,0.162601095,0.673223767,0.333761412,0.319510353
7443,0.515591348,0.157279532,0.667683116,0.322997764,0.338587455
7444,0.514042731,0.149021463,0.657784405,0.296755913,0.318129252
7445,0.513908501,0.14374375,0.646018177,0.264688015,0.286846205
7446,0.518228799,0.140536502,0.647274187,0.255606687,0.279150537
7447,0.511139275,0.137333283,0.653286122,0.236783516,0.273567548
7448,0.500779521,0.13677005,0.645300974,0.240669349,0.291402552
7449,0.497494102,0.138532766,0.647738348,0.254712682,0.295453248
7450,0.481215363,0.14397609,0.656788543,0.245973766,0.304295625
7451,0.47577452,0.147564498,0.658944183,0.23682129,0.310825878
7452,0.466520806,0.148261209,0.659128271,0.253592745,0.350321914
7453,0.464177744,0.148813413,0.659968935,0.22461107,0.327475272
7454,0.472666764,0.139760145,0.666137337,0.237827348,0.311704743
7455,0.467845494,0.131093255,0.662834102,0.2327069,0.345074185
7456,0.461153172,0.128421726,0.64569605,0.238205128,0.351790291
7457,0.444398142,0.128089322,0.634200369,0.252702595,0.346444151
7458,0.461304365,0.128341373,0.62294366,0.246472477,0.322350845
7459,0.44824006,0.129690635,0.619256724,0.242709996,0.376164507
7460,0.438528635,0.127794631,0.620493991,0.248638723,0.344308109
7461,0.443334418,0.126780121,0.618125416,0.242262775,0.328701021
7462,0.45038704,0.125113511,0.616529704,0.230711014,0.322385604
7463,0.438711769,0.124683207,0.615880431,0.221649352,0.294681765
7464,0.430448723,0.12349182,0.612928006,0.23138906,0.293457706
7465,0.428242184,0.124366889,0.615757084,0.232034163,0.290714045
7466,0.458099663,0.126854041,0.623122665,0.244421818,0.297912015
7467,0.458051785,0.124952852,0.618783979,0.248596725,0.30235893
7468,0.464917178,0.123460275,0.608951061,0.248451781,0.297733485
7469,0.460659327,0.123163513,0.605390372,0.250246238,0.310946206
7470,0.45584788,0.123075475,0.611836243,0.245931078,0.343845973
7471,0.458970234,0.124449724,0.611962193,0.245715503,0.362935936
7472,0.459323709,0.126072783,0.616676968,0.243399424,0.303707793
7473,0.468864818,0.128068168,0.615182854,0.234708,0.303601119
7474,0.455333945,0.131360667,0.619941319,0.224806336,0.309068746
7475,0.448689075,0.131126549,0.623334187,0.219723123,0.357109057
7476,0.440128386,0.133179973,0.621265574,0.223672419,0.412897016
7477,0.438757377,0.131447739,0.61975088,0.208240805,0.41083507
7478,0.425656992,0.128067219,0.619647868,0.207533306,0.446691594
7479,0.433308855,0.132598329,0.619020062,0.220915328,0.419328022
7480,0.460203878,0.131988127,0.609936518,0.240326893,0.414405975
7481,0.47394729,0.131771515,0.611448566,0.280580442,0.335964722
7482,0.451776085,0.136041646,0.614381289,0.282701896,0.322916834
7483,0.460028397,0.132093029,0.614358326,0.274708384,0.355315421
7484,0.465798903,0.134734142,0.617934263,0.280844077,0.337207308
7485,0.449296843,0.135992544,0.61948876,0.284604457,0.320773925
7486,0.458564121,0.138692682,0.614773508,0.265250086,0.31251855
7487,0.481251817,0.143327992,0.611850322,0.274531036,0.305239493
7488,0.485668865,0.148693246,0.616241497,0.274145547,0.304912666
7489,0.491176597,0.147599609,0.616070762,0.264601831,0.294142903
7490,0.499656609,0.145984452,0.620359075,0.264455195,0.287826501
7491,0.499827494,0.146080515,0.624811742,0.270571457,0.275575187
7492,0.500500083,0.144158234,0.622200684,0.27581922,0.267565438
7493,0.50654591,0.14280418,0.624108599,0.297382895,0.264314258
7494,0.486408237,0.15131232,0.641502386,0.34396874,0.252687344
7495,0.474196016,0.146646523,0.630626384,0.31879566,0.25104954
7496,0.465778306,0.144754351,0.639240325,0.316610544,0.237159705
7497,0.455880669,0.137714081,0.616219862,0.293292857,0.237893761
7498,0.455616995,0.132725565,0.610077525,0.282902052,0.247469117
7499,0.476838235,0.131743493,0.611589658,0.285773066,0.250770131
7500,0.462119385,0.133197896,0.609594627,0.288608951,0.25885546
7501,0.433714271,0.136821345,0.61127853,0.286553092,0.272704731
7502,0.448799187,0.141499354,0.613118598,0.290137752,0.27765919
7503,0.440802897,0.144861208,0.606096612,0.287331395,0.276146373
7504,0.444105687,0.150823232,0.604101616,0.279284376,0.267401495
7505,0.445004997,0.157633664,0.603260457,0.272760626,0.264502428
7506,0.458034235,0.156687255,0.615440306,0.277454477,0.268027337
7507,0.44799298,0.142099047,0.622850726,0.281285793,0.284544856
7508,0.444080701,0.135084808,0.627010572,0.270475734,0.30953284
7509,0.427945452,0.138638686,0.651033871,0.26462851,0.366313881
7510,0.412690638,0.141571472,0.642429177,0.259805872,0.393741804
7511,0.433096198,0.140046184,0.63666884,0.259615783,0.381914978
7512,0.436033207,0.136718904,0.631514991,0.252328493,0.360816172
7513,0.448941961,0.134995652,0.635517099,0.249073928,0.343198512
7514,0.455602023,0.139885769,0.650791416,0.251516719,0.31543456
7515,0.461534045,0.149031322,0.64884004,0.252552353,0.321291476
7516,0.454792684,0.155354132,0.654505064,0.246158676,0.30655793
7517,0.460611735,0.167638245,0.657471571,0.272766992,0.31309405
7518,0.459810825,0.165400658,0.665709849,0.27539421,0.278262035
7519,0.471248866,0.142582248,0.645363567,0.305316854,0.279866037
7520,0.458466915,0.147757384,0.637889826,0.281183827,0.274934983
7521,0.461550432,0.144565544,0.644308707,0.284276703,0.271448931
7522,0.461340656,0.152886796,0.65786431,0.292778756,0.287839803
7523,0.482968191,0.159461353,0.6777403,0.331415525,0.29595304
7524,0.477007308,0.161528734,0.684509543,0.337501521,0.298654758
7525,0.475836547,0.165905344,0.684962447,0.333906538,0.291263713
7526,0.484210505,0.168046131,0.692449114,0.342607273,0.291565755
7527,0.478167534,0.161559264,0.69678189,0.324425515,0.281238177
7528,0.464132551,0.162986335,0.692288765,0.332489289,0.257462532
7529,0.460712714,0.167765565,0.692715116,0.340771425,0.253804777
7530,0.456315066,0.178157605,0.680390376,0.361280708,0.248238139
7531,0.435267923,0.180251454,0.680351784,0.33026381,0.261980843
7532,0.44801623,0.184379469,0.691839233,0.348495901,0.26289323
7533,0.466968283,0.179588548,0.705199859,0.340614768,0.27070568
7534,0.506195213,0.179641618,0.719101094,0.349399036,0.277864418
7535,0.502211359,0.18412902,0.731502014,0.359110409,0.279874454
7536,0.505320594,0.192572773,0.714841496,0.319306392,0.280328336
7537,0.490964346,0.200939612,0.711811137,0.316806337,0.273956408
7538,0.498250632,0.226770588,0.711135411,0.318579415,0.279942472
7539,0.526885451,0.234215022,0.691066251,0.32660887,0.281355695
7540,0.548347102,0.247770179,0.679591174,0.307466148,0.283550426
7541,0.534434968,0.226112753,0.663049173,0.307529119,0.282539946
7542,0.516721623,0.188229812,0.656402941,0.332579778,0.284876773
7543,0.504557582,0.154284077,0.665318167,0.307417905,0.296983949
7544,0.490723301,0.14274335,0.661660515,0.284390048,0.309337831
7545,0.492285114,0.14289679,0.6558302,0.280734167,0.348568355
7546,0.488268477,0.151925799,0.656213113,0.288425267,0.390907764
7547,0.474555958,0.152090249,0.648382163,0.287739136,0.44745057
7548,0.487748672,0.160132905,0.646530426,0.295260341,0.461323431
7549,0.496067553,0.161304265,0.639317123,0.297803403,0.470081238
7550,0.481558827,0.164910321,0.6330306,0.295946324,0.460480741
7551,0.461973509,0.167324344,0.634104695,0.312760827,0.453055455
7552,0.467899329,0.174899364,0.634896956,0.334239197,0.446069868
7553,0.475974095,0.152894451,0.615938446,0.282902722,0.442331796
7554,0.454635642,0.142436979,0.615898105,0.273381245,0.441203224
7555,0.446693151,0.155068276,0.611303584,0.256913234,0.449056802
7556,0.454048061,0.134870962,0.596505657,0.258869257,0.4404147
7557,0.441156646,0.132635787,0.599307904,0.24239737,0.422825184
7558,0.437804996,0.134015603,0.61166147,0.261231595,0.41404429
7559,0.442999492,0.13155482,0.612727487,0.261182355,0.40617653
7560,0.439979359,0.125157302,0.597315971,0.274162614,0.388421203
7561,0.423726633,0.123104105,0.584245008,0.264920317,0.376069094
7562,0.420441562,0.122667927,0.583658914,0.248662366,0.34772201
7563,0.430359264,0.123353704,0.588040461,0.23621418,0.327281959
7564,0.431684734,0.12282246,0.586813405,0.235614636,0.316271813
7565,0.442877712,0.123312643,0.587197431,0.246482917,0.312343586
7566,0.437556586,0.123095045,0.590110078,0.238873524,0.33083658
7567,0.448289256,0.12426115,0.593626643,0.235917803,0.304000379
7568,0.430970113,0.125805538,0.597404802,0.232495861,0.317274416
7569,0.435542422,0.125933682,0.596134273,0.229737324,0.331293453
7570,0.438711439,0.127739932,0.597578104,0.231904354,0.324210709
7571,0.443396441,0.133111359,0.587957077,0.225499489,0.321810871
7572,0.440442518,0.140402909,0.586118036,0.283932549,0.325759717
7573,0.443537641,0.148192617,0.585464848,0.276407374,0.334226263
7574,0.429476882,0.153399707,0.58980204,0.281639273,0.315550815
7575,0.440853009,0.167170527,0.612092105,0.277210629,0.289347226
7576,0.42826209,0.171535339,0.608865834,0.289597178,0.249679547
7577,0.423119077,0.170359509,0.598751392,0.248487423,0.243356435
7578,0.423193172,0.164788438,0.613026858,0.25913331,0.241349897
7579,0.417977351,0.155660248,0.618820637,0.249502799,0.241117634
7580,0.42813941,0.141926756,0.619984522,0.254875156,0.243545997
7581,0.42787009,0.134522302,0.627250431,0.26176379,0.241126648
7582,0.442133008,0.13498553,0.608496732,0.235833113,0.242021245
7583,0.450292977,0.131073798,0.606847999,0.225292316,0.242718761
7584,0.449595257,0.131244674,0.596103032,0.218273796,0.245678612
7585,0.43354493,0.127487836,0.591645987,0.207354545,0.250375885
7586,0.438858173,0.128986311,0.593335672,0.212402215,0.256605798
7587,0.439816095,0.130033386,0.600849222,0.224588306,0.257332461
7588,0.444921019,0.127460337,0.598969553,0.241419723,0.260034313
7589,0.442157669,0.128995604,0.60147062,0.262907051,0.263239547
7590,0.441201639,0.12563736,0.624271591,0.269540896,0.26716341
7591,0.436211592,0.127715936,0.625292791,0.273855088,0.272671558
7592,0.432800612,0.131126227,0.633650268,0.282793809,0.269192598
7593,0.429062235,0.13160288,0.616956741,0.250503497,0.276807396
7594,0.43669843,0.131207221,0.607408139,0.250443191,0.285174709
7595,0.433823731,0.138836769,0.607571016,0.281510657,0.286061833
7596,0.429493676,0.147753997,0.609587714,0.28665532,0.28881866
7597,0.419372617,0.149840013,0.607764875,0.291199287,0.287399146
7598,0.406202347,0.147432398,0.597379406,0.277719035,0.281977752
7599,0.398571721,0.14300902,0.602475315,0.251297896,0.255836439
7600,0.415372821,0.142074972,0.61226418,0.273103607,0.245155325
7601,0.405353195,0.140519248,0.610197698,0.264024379,0.245789132
7602,0.401146587,0.141073214,0.610068345,0.306236045,0.255023473
7603,0.399052445,0.14358897,0.618990918,0.326038176,0.261744392
7604,0.397134318,0.143956493,0.613433988,0.342739422,0.267313456
7605,0.394335864,0.145300219,0.618561443,0.34983999,0.286088268
7606,0.406033775,0.148680696,0.621050895,0.342781973,0.299940089
7607,0.415631696,0.147499879,0.625132653,0.34432141,0.331017306
7608,0.416990395,0.144745223,0.622481968,0.336853514,0.328771515
7609,0.418774752,0.147048909,0.632476777,0.32403125,0.330070281
7610,0.413271222,0.152630321,0.63673548,0.322594807,0.321092962
7611,0.420321554,0.146993123,0.623430113,0.312217942,0.31046218
7612,0.409881235,0.140298025,0.610459577,0.294840279,0.301831685
7613,0.412086781,0.149505293,0.609399748,0.274143458,0.30368062
7614,0.411508388,0.13941083,0.607356234,0.25197301,0.299991672
7615,0.418253644,0.131610092,0.604074008,0.256323203,0.273934179
7616,0.416290696,0.12976422,0.606224035,0.239954724,0.277952641
7617,0.413213981,0.13363991,0.600881465,0.237321135,0.288478349
7618,0.404349883,0.134918537,0.601565925,0.247913891,0.296611289
7619,0.410562293,0.139153718,0.604438197,0.261104749,0.28982259
7620,0.420003703,0.141576285,0.608949748,0.298033,0.29180889
7621,0.432592652,0.160889857,0.610772499,0.304871248,0.290718048
7622,0.41649176,0.166026778,0.607535011,0.301503488,0.286275021
7623,0.413302716,0.165018639,0.593513135,0.280113827,0.294309138
7624,0.415757849,0.165602466,0.59217143,0.280866371,0.292632966
7625,0.426400861,0.170096308,0.591284732,0.266303554,0.289373806
7626,0.417534188,0.161464634,0.598680648,0.261388922,0.289124088
7627,0.423142299,0.1582628,0.600958164,0.272252486,0.284869248
7628,0.417718918,0.159889514,0.598209041,0.280769775,0.282222555
7629,0.410731783,0.157195906,0.602192847,0.27462812,0.283975421
7630,0.411684752,0.15479275,0.589840694,0.274214249,0.280987358
7631,0.409839527,0.155601481,0.583862456,0.273744285,0.27854251
7632,0.419388409,0.149982072,0.583595905,0.265390073,0.280736436
7633,0.419955328,0.161233572,0.580586189,0.260240408,0.284329308
7634,0.422058941,0.154710454,0.582544409,0.247277329,0.279658108
7635,0.421067951,0.149167432,0.582989227,0.263320631,0.277472727
7636,0.410252638,0.146330633,0.600281466,0.28887449,0.272185882
7637,0.428844492,0.134066081,0.605361117,0.317486001,0.270863152
7638,0.443784443,0.132023124,0.610430383,0.31499599,0.270875007
7639,0.431025735,0.133955022,0.610459273,0.289996271,0.271695237
7640,0.428875272,0.134819361,0.629069366,0.288674564,0.275736376
7641,0.424265783,0.138701806,0.638353484,0.302949954,0.279008341
7642,0.423474748,0.143265865,0.649382886,0.315936563,0.280994057
7643,0.410292578,0.161645513,0.65438514,0.337908048,0.283665474
7644,0.413623761,0.167071999,0.660480897,0.345401079,0.28805426
7645,0.410723323,0.182387492,0.666969249,0.335255961,0.287489151
7646,0.411923952,0.183410332,0.665379442,0.293404947,0.283754105
7647,0.410791721,0.18113082,0.651734329,0.272842455,0.265203086
7648,0.424314214,0.175295945,0.649502796,0.272395094,0.246852649
7649,0.415321734,0.16404428,0.650334036,0.271817436,0.242538739
7650,0.425414835,0.151855654,0.649698682,0.275924775,0.239407916
7651,0.408293838,0.148097425,0.65638933,0.289267896,0.234873505
7652,0.414541058,0.143369794,0.638577787,0.303305414,0.234542141
7653,0.429769368,0.140104592,0.634298689,0.312042291,0.233128726
7654,0.431064023,0.134422771,0.625612211,0.311860225,0.237811041
7655,0.409956843,0.13136496,0.623279163,0.296869346,0.233991628
7656,0.410856414,0.128986923,0.618845307,0.282216067,0.233353526
7657,0.413771581,0.127717244,0.620563525,0.274973503,0.232551053
7658,0.418940179,0.126999163,0.624599575,0.272444686,0.233249644
7659,0.443302127,0.124163266,0.63614662,0.255635711,0.235432553
7660,0.436607957,0.124101566,0.63678744,0.258010809,0.243023205
7661,0.467282633,0.124466671,0.635106641,0.252125844,0.242759721
7662,0.480044215,0.124486166,0.634419586,0.243165596,0.24754796
7663,0.470753563,0.127123757,0.657650055,0.241002432,0.252503586
7664,0.504057825,0.127738624,0.667169339,0.24153833,0.253451558
7665,0.545066641,0.129823033,0.686104763,0.240734073,0.266607976
7666,0.580441885,0.143097159,0.68465871,0.23648591,0.303897494
7667,0.57601373,0.161086648,0.689702913,0.23775124,0.390309838
7668,0.590153471,0.174452756,0.688789012,0.255897528,0.440965198
7669,0.590832216,0.182674367,0.689112614,0.238284194,0.459317676
7670,0.562235728,0.17500685,0.694928787,0.23799143,0.399001349
7671,0.531257195,0.161476799,0.683761771,0.262903013,0.289871657
7672,0.471706169,0.142352766,0.686401048,0.2574495,0.271560601
7673,0.47302588,0.142988679,0.673697593,0.261793064,0.283506399
7674,0.46866801,0.145281872,0.669897759,0.266830922,0.286164218
7675,0.562044879,0.152791598,0.671889943,0.276443324,0.276118226
7676,0.561887646,0.149815892,0.676673356,0.276053656,0.264483065
7677,0.505392578,0.145922776,0.678037403,0.280100199,0.27126439
7678,0.489705123,0.148478236,0.678626707,0.296129923,0.263642953
7679,0.459468513,0.150014088,0.672614756,0.316179367,0.258450502
7680,0.417855137,0.150713604,0.666062329,0.313058533,0.256080215
7681,0.410645366,0.147209878,0.652607089,0.286984184,0.255437469
7682,0.409462921,0.141168808,0.645411379,0.27147307,0.255029766
7683,0.405979352,0.133123291,0.631463749,0.257363639,0.256291353
7684,0.410618144,0.130494415,0.629901249,0.255456783,0.25496158
7685,0.421676163,0.130194302,0.640712911,0.253900651,0.249844748
7686,0.442851359,0.1333783,0.653712294,0.264743028,0.250641204
7687,0.4549364,0.13753691,0.661935509,0.269838655,0.253889099
7688,0.489612783,0.13950659,0.665516551,0.275594682,0.25416485
7689,0.563279438,0.142702168,0.657879481,0.281167063,0.258598337
7690,0.626773496,0.152285334,0.655040627,0.255758254,0.262325527
7691,0.604239449,0.158128436,0.682375001,0.244771194,0.299819358
7692,0.572647859,0.169594737,0.679475199,0.278275468,0.359558744
7693,0.58047725,0.172209341,0.668850051,0.302600231,0.355894838
7694,0.532274632,0.174156574,0.67228668,0.333638374,0.309358409
7695,0.412572781,0.147188869,0.632108356,0.32034075,0.265621844
7696,0.389258657,0.135108237,0.610211964,0.28831227,0.255183002
7697,0.411422714,0.135653516,0.607999566,0.288555188,0.253350258
7698,0.422231956,0.131288415,0.597270111,0.266709725,0.250859015
7699,0.410414538,0.13064292,0.58391442,0.267946725,0.257150323
7700,0.402628473,0.128486604,0.57912475,0.270666288,0.260308031
7701,0.404246957,0.126545189,0.576843816,0.258928715,0.259003631
7702,0.409145715,0.127087552,0.58621898,0.249556193,0.256392367
7703,0.410526511,0.128508061,0.592877789,0.253866244,0.266043824
7704,0.400816233,0.134414801,0.599513606,0.248751329,0.267083335
7705,0.399251271,0.143531754,0.620190732,0.273419282,0.264815455
7706,0.403755198,0.154242725,0.612571958,0.293500576,0.268214092
7707,0.412714446,0.14886203,0.593967655,0.267923656,0.275186093
7708,0.428719223,0.14107002,0.590329497,0.243756407,0.277452282
7709,0.439804579,0.138126676,0.617232607,0.274762645,0.281719232
7710,0.441978279,0.136506587,0.617753998,0.257732509,0.283040205
7711,0.451976622,0.140356364,0.613743289,0.263375173,0.314448308
7712,0.462970132,0.143944415,0.622807642,0.260218176,0.315802778
7713,0.481179643,0.152962229,0.630413046,0.290171774,0.335109172
7714,0.496171856,0.172289902,0.625160366,0.31809907,0.347641385
7715,0.460916308,0.187707821,0.601800106,0.368397678,0.375726025
7716,0.454771844,0.197545172,0.607309548,0.356565961,0.404382016
7717,0.463099795,0.232567623,0.629387274,0.360785942,0.436679631
7718,0.480746717,0.217667083,0.642947728,0.399174688,0.468687316
7719,0.450963807,0.212812147,0.657530303,0.427549016,0.467190646
7720,0.458385407,0.198409744,0.634548535,0.451117057,0.447576629
7721,0.422294928,0.19833183,0.61513973,0.450777844,0.448326183
7722,0.419190212,0.226523217,0.636300551,0.46987975,0.492730805
7723,0.409440221,0.236574697,0.624998884,0.444736986,0.445545876
7724,0.414663821,0.24673495,0.635708855,0.466937194,0.478691365
7725,0.418062874,0.275460994,0.652150611,0.499371605,0.533850825
7726,0.4191917,0.225046982,0.645165681,0.467709823,0.568224601
7727,0.432216514,0.20148693,0.654974477,0.464948078,0.596190612
7728,0.471508644,0.19980434,0.642304219,0.439929266,0.630920209
7729,0.485936151,0.205763286,0.640873072,0.465002743,0.634163521
7730,0.499839059,0.237358041,0.650794252,0.478361194,0.671069517
7731,0.501121236,0.245982919,0.655993703,0.45880929,0.669874542
7732,0.457872258,0.248287014,0.671017214,0.446335447,0.676988832
7733,0.488716487,0.239301589,0.670773202,0.433080495,0.649425297
7734,0.510739921,0.238612702,0.675924015,0.427572003,0.624602091
7735,0.576203828,0.291036353,0.675070053,0.406237991,0.691712755
7736,0.605537507,0.264570665,0.689224635,0.366077475,0.697615545
7737,0.62806814,0.231407503,0.699789222,0.329808401,0.707150823
7738,0.681969199,0.230339546,0.666501413,0.305377625,0.700116488
7739,0.67968916,0.209725298,0.663867671,0.311705489,0.719921398
7740,0.620438235,0.185555682,0.655631101,0.320634171,0.720748347
7741,0.577118443,0.170243921,0.648885409,0.318864786,0.713980688
7742,0.537882858,0.150114483,0.651588789,0.284232824,0.675969555
7743,0.504083977,0.135674923,0.617487909,0.234352441,0.611221579
7744,0.527936087,0.127902405,0.602257301,0.221551326,0.51889157
7745,0.49217495,0.12964826,0.594233642,0.227236874,0.408879063
7746,0.483391752,0.131525609,0.60263556,0.228976888,0.348666884
7747,0.430688799,0.132389337,0.599097192,0.23155749,0.337204286
7748,0.4082033,0.12800807,0.585177287,0.235186081,0.326542188
7749,0.396114038,0.128002891,0.590689574,0.231740578,0.308656765
7750,0.392891349,0.132364813,0.601098916,0.251187971,0.302027719
7751,0.38094488,0.132616274,0.602128348,0.253495225,0.285207203
7752,0.373884029,0.130668445,0.589755244,0.240179662,0.287236482
7753,0.378459746,0.126806711,0.586326887,0.223468807,0.289179714
7754,0.382105034,0.127704656,0.58014837,0.221955507,0.289211703
7755,0.391605933,0.131797108,0.580691596,0.228569724,0.290694479
7756,0.402149789,0.136054149,0.579028981,0.217243493,0.296801624
7757,0.398061252,0.13721802,0.57756417,0.217461793,0.3038015
7758,0.409948543,0.136469355,0.580247036,0.21183752,0.302481611
7759,0.398625776,0.134035248,0.583453548,0.228918868,0.29272674
7760,0.39841208,0.136371127,0.593612198,0.238820305,0.287697464
7761,0.399036605,0.135875146,0.611046448,0.236153042,0.290246321
7762,0.424441322,0.136480427,0.6221598,0.223883981,0.297738584
7763,0.433845715,0.136941814,0.610553364,0.233598948,0.304469641
7764,0.42903139,0.145175012,0.605743307,0.229429556,0.309690151
7765,0.429161339,0.145182767,0.612359703,0.25599267,0.316747752
7766,0.43047199,0.140479713,0.607922712,0.260513484,0.307568037
7767,0.409829591,0.135718442,0.600448351,0.299596727,0.293309314
7768,0.399625556,0.136159788,0.595086327,0.268901649,0.285351173
7769,0.39164492,0.139730026,0.592623969,0.274250514,0.295847345
7770,0.383853856,0.141902187,0.609961497,0.270453063,0.299158719
7771,0.383962101,0.143106788,0.621467509,0.282378131,0.327263047
7772,0.389836968,0.145781998,0.620081865,0.260907824,0.364477296
7773,0.39733038,0.146333654,0.617109403,0.25879666,0.387279896
7774,0.395937442,0.148438008,0.612751589,0.255234149,0.38948838
7775,0.40900531,0.153929552,0.614450352,0.257228943,0.4065215
7776,0.43345748,0.155959324,0.621131143,0.247222628,0.477876107
7777,0.444420539,0.161461409,0.623037608,0.270215039,0.500052056
7778,0.404525632,0.167137908,0.629011683,0.310227827,0.516822731
7779,0.415029316,0.164149409,0.627605465,0.306120908,0.492247954
7780,0.436187806,0.166599904,0.631990431,0.311116144,0.527120881
7781,0.462561965,0.167471978,0.639026754,0.311216319,0.490454531
7782,0.480844694,0.174073688,0.645979478,0.314589737,0.534538751
7783,0.475296037,0.194407515,0.64497449,0.347792136,0.600830842
7784,0.471314848,0.218787578,0.648998255,0.38389434,0.578945151
7785,0.501299442,0.231835205,0.645043941,0.384916995,0.58060186
7786,0.557934716,0.23554359,0.641647087,0.389528595,0.605879081
7787,0.573841976,0.238845147,0.63517494,0.399847691,0.636136832
7788,0.598150345,0.248915553,0.648711089,0.424905108,0.640255687
7789,0.606929988,0.260176628,0.640745362,0.426699903,0.626962123
7790,0.575905985,0.257237117,0.638628659,0.432614725,0.618922565
7791,0.536794412,0.261945454,0.663160082,0.458858103,0.598089382
7792,0.506823541,0.253549764,0.643245384,0.463815972,0.582628071
7793,0.49559638,0.262622038,0.63462588,0.475751336,0.57696178
7794,0.502858809,0.262436081,0.636502455,0.50693227,0.582650954
7795,0.492798279,0.265926361,0.661108713,0.492760581,0.615210463
7796,0.482654751,0.271317023,0.66688251,0.482368747,0.633445143
7797,0.47393613,0.269861655,0.684944023,0.49602934,0.644706684
7798,0.453897348,0.264191868,0.693119269,0.509620387,0.644241652
7799,0.448865344,0.273875409,0.685758572,0.515048028,0.646701945
7800,0.444771112,0.285552902,0.67544867,0.513756152,0.646750372
7801,0.441165203,0.268784991,0.66754282,0.501108254,0.652651172
7802,0.444829882,0.288553749,0.685659298,0.468635038,0.633075003
7803,0.420636385,0.2938464,0.670899192,0.452920695,0.634952208
7804,0.410100468,0.290839351,0.661826513,0.486927618,0.645681947
7805,0.403499944,0.300372459,0.640676807,0.504900299,0.634698836
7806,0.408934487,0.297375352,0.665243668,0.507669872,0.621358733
7807,0.442795557,0.334067475,0.636624592,0.492721072,0.678088932
7808,0.513992456,0.369231056,0.656433547,0.509616728,0.685655285
7809,0.514579474,0.3857068,0.674103117,0.535799293,0.655942451
7810,0.541918018,0.408093912,0.658912125,0.565167491,0.682408795
7811,0.567135356,0.429589103,0.658495777,0.571955977,0.69477294
7812,0.570494951,0.415546759,0.656710252,0.536414638,0.683522123
7813,0.561243302,0.411054365,0.646151907,0.492161819,0.654767689
7814,0.533157752,0.38147992,0.650130421,0.492755985,0.677471345
7815,0.491415613,0.34683753,0.639834375,0.487750174,0.658774649
7816,0.464975224,0.337276237,0.624193068,0.449464627,0.596821825
7817,0.460321496,0.336298875,0.634337842,0.412285764,0.571782529
7818,0.463923332,0.337917629,0.650202564,0.384058155,0.566604383
7819,0.455465449,0.331657964,0.650590349,0.354559759,0.535431219
7820,0.466436504,0.312339134,0.636713941,0.323020188,0.548100381
7821,0.46556179,0.297355203,0.625928949,0.308028313,0.55740507
7822,0.442803093,0.29955227,0.610958996,0.289196843,0.57509051
7823,0.408383422,0.302014133,0.606233979,0.276999993,0.595751324
7824,0.428251762,0.29765551,0.59784716,0.258748422,0.592165716
7825,0.449629924,0.309331135,0.588180082,0.233643821,0.590250493
7826,0.463197001,0.304683351,0.5864486,0.227051247,0.580467643
7827,0.450589318,0.31955474,0.584381774,0.243494446,0.578902095
7828,0.449708719,0.309714854,0.579305861,0.240823463,0.57570627
7829,0.443200067,0.315350942,0.584263863,0.246241912,0.583348539
7830,0.445328042,0.316939304,0.58621222,0.255895673,0.588925696
7831,0.456468496,0.302988774,0.601383674,0.340692302,0.590526656
7832,0.493329163,0.333973195,0.599651269,0.298599204,0.600844407
7833,0.549098863,0.368226656,0.59301469,0.38567608,0.611499399
7834,0.591343885,0.408613421,0.616637242,0.385923325,0.633554156
7835,0.611388239,0.467008797,0.621549575,0.360578098,0.677941772
7836,0.604358008,0.46568405,0.625020376,0.339245438,0.698557642
7837,0.598682172,0.443998015,0.619227607,0.326092136,0.682234427
7838,0.569106974,0.398262321,0.61546255,0.334950794,0.672010776
7839,0.510334462,0.309224192,0.597851567,0.332674976,0.620143505
7840,0.4772317,0.257143928,0.5839608,0.254339674,0.548280052
7841,0.475683365,0.227117648,0.586736319,0.267937096,0.557250784
7842,0.455305154,0.223392609,0.572778583,0.266857881,0.523762256
7843,0.442996255,0.264406196,0.579694882,0.258995413,0.632223702
7844,0.43403799,0.271290658,0.584130542,0.264074948,0.640989908
7845,0.420957766,0.264270396,0.593369991,0.272835309,0.654089374
7846,0.424295423,0.239937658,0.59993107,0.283987752,0.625664653
7847,0.414910411,0.208209168,0.594139347,0.291608335,0.544724048
7848,0.424466415,0.193385456,0.594364503,0.299785263,0.494774544
7849,0.415386657,0.181997212,0.591913127,0.310407363,0.473708455
7850,0.409042205,0.180546347,0.590187001,0.332895899,0.461880799
7851,0.419782657,0.178519788,0.585127118,0.347425792,0.454298236
7852,0.425101055,0.170992749,0.588242463,0.39193855,0.450835582
7853,0.468294902,0.168743155,0.586818138,0.395915621,0.451443439
7854,0.448280742,0.168154325,0.588127981,0.378707658,0.449038628
7855,0.434064952,0.171103971,0.590693017,0.371376248,0.452459309
7856,0.433083274,0.17499007,0.587875689,0.390593623,0.457043114
7857,0.455209764,0.209937006,0.589845725,0.401323012,0.478331076
7858,0.475435021,0.268366039,0.593186729,0.411011564,0.528837188
7859,0.500417178,0.316780887,0.6137409,0.412245925,0.608180608
7860,0.52163313,0.367246176,0.613743716,0.387289333,0.626670161
7861,0.499387986,0.364425356,0.615699717,0.382454492,0.619503954
7862,0.471745453,0.349469615,0.618898395,0.386121999,0.610346283
7863,0.442096008,0.329707538,0.600237483,0.413084565,0.618059577
7864,0.454561546,0.325802437,0.585254253,0.426332395,0.630866923
7865,0.453881849,0.329742961,0.579343404,0.427178197,0.605185474
7866,0.444422583,0.335350748,0.600022225,0.427095526,0.543186258
7867,0.396290936,0.259298217,0.600501098,0.442807867,0.540428502
7868,0.375400468,0.289708405,0.598908946,0.463466324,0.580488162
7869,0.368850029,0.299532953,0.601073642,0.49892374,0.612795958
7870,0.371857047,0.293266609,0.593648316,0.493686568,0.584931824
7871,0.380513116,0.291455714,0.592538596,0.496727105,0.595758384
7872,0.390249077,0.264343027,0.593274476,0.503327219,0.628503514
7873,0.400991108,0.264506493,0.593329745,0.479859941,0.739390882
7874,0.406372529,0.265139686,0.585681094,0.483992855,0.814710958
7875,0.407608043,0.271908759,0.574011132,0.48587497,0.820661521
7876,0.404469121,0.264207925,0.577328845,0.501579617,0.831693767
7877,0.399600894,0.272526379,0.579487508,0.495353863,0.842068856
7878,0.394544086,0.25589618,0.581706259,0.470053589,0.843751461
7879,0.394017531,0.299491338,0.579874164,0.452776727,0.79439049
7880,0.395714552,0.306900988,0.591292695,0.435504638,0.788262222
7881,0.398930997,0.330951598,0.584294753,0.420167619,0.734886553
7882,0.423888201,0.355089567,0.594970262,0.421176276,0.747179558
7883,0.443407761,0.393487606,0.596454208,0.424478145,0.80969868
7884,0.473416173,0.394117668,0.596317922,0.412966698,0.842487425
7885,0.482570446,0.356950097,0.596159185,0.413478722,0.865266364
7886,0.466529089,0.299072314,0.605549021,0.445647477,0.859576959
7887,0.450258494,0.239825366,0.589296221,0.414943998,0.838331222
7888,0.447184277,0.217492787,0.572667989,0.333589426,0.818094478
7889,0.45333026,0.234201742,0.574675523,0.315713882,0.821527921
7890,0.445655603,0.253336052,0.579249821,0.316802439,0.802921608
7891,0.459211977,0.245319484,0.613527166,0.314873967,0.748091617
7892,0.446490057,0.191139215,0.612114644,0.331347798,0.619588069
7893,0.431200488,0.17573614,0.615312993,0.344127547,0.596521508
7894,0.433285889,0.170028207,0.613975395,0.333965716,0.487875783
7895,0.44083094,0.173265711,0.592605571,0.305269005,0.450824596
7896,0.440358187,0.178639533,0.587038073,0.285129715,0.452972658
7897,0.432926686,0.183300626,0.585386775,0.257524268,0.504743485
7898,0.440849097,0.184705269,0.579306184,0.248492039,0.584184606
7899,0.435422424,0.188483618,0.566059784,0.230585323,0.599594036
7900,0.43495434,0.190216856,0.564117106,0.235422816,0.624955903
7901,0.442124254,0.185201193,0.565773035,0.235208347,0.625506844
7902,0.440233875,0.186674084,0.568598392,0.230835334,0.653211664
7903,0.437619047,0.170365555,0.589516848,0.234590154,0.638922067
7904,0.431390039,0.170430692,0.583107599,0.234100267,0.548444365
7905,0.430582217,0.169331613,0.592563616,0.235478127,0.521415177
7906,0.456591208,0.168555322,0.600417278,0.221702423,0.557108184
7907,0.475141527,0.176885694,0.615208236,0.24030166,0.548887426
7908,0.47590777,0.204553747,0.609150863,0.255246991,0.520000051
7909,0.467557701,0.225339231,0.606292925,0.29131692,0.511032864
7910,0.459810164,0.217034745,0.603795476,0.318769292,0.467657874
7911,0.462190396,0.190879936,0.611407922,0.273601498,0.410926106
7912,0.460149668,0.185423984,0.608090884,0.236820559,0.374889199
7913,0.454118396,0.177967238,0.615299473,0.239026674,0.371917688
7914,0.443492462,0.171608235,0.617048772,0.225008245,0.367295412
7915,0.408016073,0.16217557,0.591410114,0.238013621,0.354800303
7916,0.4079824,0.160060295,0.59811509,0.24474831,0.357631381
7917,0.405798958,0.159631739,0.600351928,0.247749516,0.355551695
7918,0.401866331,0.159452821,0.605213871,0.263049687,0.354471565
7919,0.410595915,0.158766377,0.61849822,0.252790658,0.358802762
7920,0.416146333,0.158596193,0.62378504,0.256519225,0.369688754
7921,0.422367892,0.160491343,0.628772608,0.264065031,0.370779745
7922,0.425316369,0.160618663,0.619033269,0.262509889,0.368248444
7923,0.434582287,0.1635219,0.618774834,0.257663936,0.367589502
7924,0.438080223,0.164391993,0.623744937,0.251612572,0.368588789
7925,0.435709066,0.164718159,0.628339903,0.254473286,0.369920882
7926,0.434392696,0.162519022,0.631867668,0.253955408,0.37349672
7927,0.410149644,0.162911126,0.626334721,0.254060503,0.361747141
7928,0.397829588,0.158783973,0.6221303,0.255051504,0.356901443
7929,0.395167789,0.15894537,0.635421112,0.258953667,0.360130016
7930,0.402746443,0.161927914,0.635307461,0.254839631,0.373019133
7931,0.417158044,0.164328496,0.631713581,0.251578257,0.389337886
7932,0.423950557,0.170270631,0.639282385,0.246266709,0.39555218
7933,0.420124422,0.17996856,0.640180014,0.273922591,0.39579603
7934,0.396031841,0.189200125,0.631995909,0.315031958,0.381114862
7935,0.389883275,0.187652404,0.627540252,0.288101136,0.367603299
7936,0.397471367,0.182227814,0.625681759,0.25847897,0.359137999
7937,0.39277589,0.176344862,0.625812907,0.242972766,0.360364548
7938,0.383854527,0.17516136,0.620006956,0.243921286,0.359650938
7939,0.385034383,0.17753651,0.609706568,0.243806143,0.370067669
7940,0.393906199,0.175731981,0.608771649,0.238009688,0.366014973
7941,0.397746627,0.169637291,0.603048183,0.24590335,0.365880641
7942,0.389180023,0.165546778,0.593072727,0.238969954,0.36869391
7943,0.38526876,0.166181987,0.60121889,0.244661694,0.360202528
7944,0.387356928,0.169972671,0.588421384,0.233779838,0.367004297
7945,0.380110382,0.173961975,0.579186666,0.21990813,0.386195327
7946,0.379507574,0.176724626,0.581033586,0.222370633,0.384294788
7947,0.392543842,0.180211752,0.567790276,0.218014144,0.3848018
7948,0.400342156,0.178989551,0.575434002,0.229738597,0.390248975
7949,0.405701852,0.172590793,0.576060245,0.240153279,0.395698988
7950,0.404446102,0.167771316,0.581216603,0.252702449,0.395619381
7951,0.399794354,0.163676579,0.583951274,0.254470327,0.386744918
7952,0.38929022,0.160847351,0.588889218,0.258406834,0.387981432
7953,0.380351652,0.161602129,0.583953911,0.260591057,0.395473329
7954,0.376827321,0.164607706,0.586268029,0.267440163,0.398411926
7955,0.375528287,0.167359783,0.584516783,0.26396232,0.437220454
7956,0.37605015,0.171574227,0.577364061,0.257869497,0.453676788
7957,0.396185108,0.174026526,0.562111525,0.279831462,0.461318533
7958,0.387264064,0.183106271,0.567520603,0.280950019,0.488676036
7959,0.387424402,0.178587179,0.566477068,0.25433409,0.493997403
7960,0.391122365,0.171243144,0.565640606,0.247677158,0.499189603
7961,0.391860626,0.16683184,0.566152259,0.235261957,0.48388607
7962,0.391245116,0.168354977,0.5674572,0.254631249,0.478774578
7963,0.385898388,0.172394142,0.563721195,0.256448154,0.541580585
7964,0.386126251,0.172548687,0.567544118,0.258151548,0.526342667
7965,0.380929346,0.169470989,0.576857659,0.254872492,0.486636449
7966,0.383881477,0.165932416,0.5831845,0.246497035,0.4502757
7967,0.39291561,0.162176152,0.573719912,0.244051144,0.409115712
7968,0.388814273,0.159950525,0.573456765,0.229493293,0.40678144
7969,0.381577107,0.158230072,0.571112747,0.216280448,0.405126637
7970,0.38980326,0.157052405,0.571954421,0.203595445,0.394567538
7971,0.41259463,0.156353744,0.576077339,0.202883671,0.40180609
7972,0.414383502,0.156426227,0.577333781,0.20517511,0.394167645
7973,0.416639612,0.156670656,0.583989107,0.227867731,0.377133632
7974,0.412359099,0.156301116,0.582283708,0.226954233,0.371054501
7975,0.411844499,0.156020414,0.580174573,0.224768551,0.370578658
7976,0.411547836,0.155882175,0.58439717,0.225202792,0.366428536
7977,0.409790739,0.156105303,0.579590518,0.219128157,0.362635145
7978,0.400051611,0.156818175,0.582129909,0.214729468,0.360094732
7979,0.385081284,0.158289601,0.588985339,0.210007331,0.36331129
7980,0.383284769,0.160246669,0.577224883,0.215227238,0.364639113
7981,0.380570995,0.162930091,0.578131096,0.252036789,0.362029501
7982,0.359288216,0.166954499,0.570854382,0.245137451,0.361574109
7983,0.354834774,0.16554457,0.575499287,0.216914426,0.361509423
7984,0.356443193,0.163303247,0.579502783,0.21225731,0.361640062
7985,0.359176983,0.161064132,0.575043637,0.221979143,0.360162744
7986,0.358613863,0.161324207,0.586017256,0.236438354,0.359464522
7987,0.351254853,0.161975643,0.585946524,0.236375402,0.360719358
7988,0.349995746,0.162328871,0.586181331,0.241404329,0.359879823
7989,0.348353195,0.163256411,0.586856933,0.2488152,0.358673349
7990,0.348422285,0.162710325,0.577280469,0.242489652,0.357402217
7991,0.348624579,0.162011873,0.573957236,0.235379475,0.357460286
7992,0.349081525,0.161489396,0.566641836,0.220056345,0.356754194
7993,0.352322986,0.160857301,0.569328172,0.23490512,0.358584479
7994,0.354034811,0.161937813,0.573195788,0.237859171,0.360710514
7995,0.357599638,0.162855636,0.578687102,0.230083216,0.362940616
7996,0.365077146,0.163308116,0.579183015,0.249809899,0.365668755
7997,0.373032705,0.162902774,0.578217809,0.239434374,0.366594812
7998,0.375502277,0.164564303,0.604904986,0.231478395,0.366914622
7999,0.378199019,0.161929892,0.59862823,0.223256562,0.367239841
8000,0.3851372,0.164175855,0.6041802,0.217120421,0.364948574
8001,0.415275953,0.165221521,0.608253967,0.21733729,0.361468
8002,0.400663509,0.165669251,0.60837632,0.215157691,0.363780001
8003,0.386544809,0.163780199,0.600893557,0.209428255,0.365551027
8004,0.373451162,0.166322191,0.599928239,0.218930079,0.368764139
8005,0.369615497,0.172629295,0.594957594,0.241558576,0.369164177
8006,0.366774593,0.181623621,0.592507278,0.238459428,0.367164313
8007,0.375129542,0.176423639,0.586653445,0.240081401,0.363369032
8008,0.390385213,0.170230676,0.584713587,0.271538586,0.362749069
8009,0.388785532,0.166116191,0.587426573,0.286499347,0.363672624
8010,0.388397675,0.165021999,0.587301342,0.310066975,0.362190736
8011,0.398713047,0.162929547,0.586369005,0.302097428,0.359780116
8012,0.390228179,0.166057941,0.586679409,0.32414242,0.358485116
8013,0.393935407,0.164178199,0.590393003,0.327727053,0.359140481
8014,0.396642901,0.164112381,0.601646065,0.324958925,0.358939846
8015,0.407801679,0.16551864,0.60835665,0.334359213,0.358980355
8016,0.423003236,0.163829839,0.607732362,0.333995525,0.359449953
8017,0.433559497,0.167194894,0.621065191,0.333921031,0.360878511
8018,0.438887716,0.176215124,0.628196351,0.353393985,0.365411631
8019,0.458884526,0.178643967,0.62524283,0.367610084,0.36246873
8020,0.448582769,0.170963919,0.610475731,0.334260361,0.363579705
8021,0.51540861,0.166748174,0.607696786,0.325507894,0.367002196
8022,0.505658926,0.170265048,0.603006127,0.328306449,0.367588061
8023,0.484527787,0.177478335,0.601027226,0.2943834,0.365177758
8024,0.488752825,0.17273894,0.597497463,0.276717188,0.359648567
8025,0.469317792,0.176193433,0.597981373,0.284851509,0.358155348
8026,0.465000017,0.180287813,0.600452182,0.279027596,0.36244813
8027,0.50454588,0.175823799,0.591439282,0.269295015,0.366033688
8028,0.495632594,0.173806286,0.602567289,0.271475243,0.37465619
8029,0.448563109,0.176281351,0.605581529,0.29833922,0.374303225
8030,0.420419904,0.17439491,0.589404641,0.306967005,0.369221251
8031,0.397360915,0.17378398,0.581825205,0.274012311,0.359919733
8032,0.382394124,0.169895669,0.581965065,0.280445424,0.36012606
8033,0.380012106,0.169322401,0.592671952,0.296907865,0.363357792
8034,0.372395114,0.172927706,0.600627133,0.315784661,0.367341521
8035,0.369362408,0.180077199,0.620304945,0.3435422,0.366372956
8036,0.371768798,0.177641975,0.618289998,0.334399872,0.363812471
8037,0.38487868,0.175218194,0.6148176,0.329047268,0.362496582
8038,0.405668873,0.17201999,0.602084334,0.32726337,0.360308092
8039,0.419778373,0.17039768,0.597214726,0.311941131,0.359553283
8040,0.416885372,0.171041447,0.595584516,0.289564801,0.360138054
8041,0.420240919,0.170022177,0.594570905,0.26350342,0.357997191
8042,0.435019751,0.166543562,0.596330195,0.280854855,0.366058513
8043,0.436291726,0.165600429,0.592816935,0.258032286,0.363520871
8044,0.43804126,0.164071331,0.596784704,0.252859782,0.364684185
8045,0.435084438,0.169404813,0.604026883,0.273622498,0.36495232
8046,0.436720438,0.174394759,0.622968973,0.269820325,0.36977057
8047,0.428320317,0.17890644,0.620537074,0.269601111,0.368734588
8048,0.421952266,0.187661408,0.633752465,0.286234048,0.367055957
8049,0.43878459,0.200417542,0.655377381,0.332795071,0.366344753
8050,0.419189095,0.198643286,0.66086881,0.32078316,0.373852663
8051,0.427108378,0.198725791,0.653647597,0.303893073,0.383655896
8052,0.387558138,0.196614852,0.662200775,0.315338075,0.389826178
8053,0.377611468,0.190618125,0.639067662,0.314914617,0.385951402
8054,0.374818168,0.181899457,0.639513321,0.304878146,0.375192895
8055,0.366181729,0.174231161,0.635500694,0.265012571,0.366240968
8056,0.36421934,0.170860891,0.626351268,0.247954408,0.36087404
8057,0.369932163,0.168183669,0.62258834,0.250758129,0.359923512
8058,0.371226578,0.169260702,0.633208436,0.262333402,0.359834881
8059,0.374251159,0.166716792,0.628606546,0.258354701,0.360068842
8060,0.366339047,0.170921433,0.628822779,0.251145073,0.359104089
8061,0.360783524,0.171691093,0.625750322,0.264336638,0.359786418
8062,0.361165978,0.170476631,0.61666773,0.263724041,0.360600215
8063,0.36331812,0.169560519,0.606522411,0.259503295,0.362203088
8064,0.372064063,0.167320482,0.591564874,0.256436777,0.366733704
8065,0.394231929,0.168076817,0.58574897,0.256978654,0.368965955
8066,0.3883961,0.170029085,0.590135281,0.273016555,0.375126193
8067,0.399692431,0.175435395,0.605226386,0.294780327,0.377003307
8068,0.414731511,0.177619798,0.60932985,0.28170166,0.377163004
8069,0.418765273,0.174573532,0.6113186,0.269674767,0.377479673
8070,0.407457377,0.176659412,0.607845273,0.276129576,0.374450934
8071,0.39484481,0.177205337,0.606083881,0.282205919,0.371259813
8072,0.389977847,0.183326367,0.603366991,0.265693011,0.36860575
8073,0.382609565,0.191804497,0.59550462,0.273914673,0.371027481
8074,0.429342489,0.192592121,0.586145028,0.270384895,0.378194972
8075,0.392232373,0.194874888,0.581068903,0.258552928,0.383296183
8076,0.379948188,0.192020519,0.583632841,0.264024947,0.382217848
8077,0.368238659,0.184996198,0.575176919,0.279242291,0.380760433
8078,0.367299714,0.181271598,0.574169545,0.270510188,0.377288237
8079,0.374237521,0.172998753,0.562197873,0.241485839,0.371631897
8080,0.376770537,0.171045511,0.560930749,0.248928024,0.374593623
8081,0.374542478,0.173321777,0.558487811,0.26472593,0.374337252
8082,0.371679477,0.167645673,0.559706302,0.285031698,0.377416155
8083,0.370603721,0.167585303,0.559965355,0.280408979,0.378621988
8084,0.370244897,0.166425626,0.557345894,0.281343512,0.373998356
8085,0.373520349,0.163093132,0.557560093,0.295387356,0.373141616
8086,0.378053186,0.16023968,0.559000549,0.295796349,0.374840398
8087,0.384262727,0.159142225,0.5617116,0.283022609,0.372917941
8088,0.380456401,0.160916121,0.562522719,0.28107334,0.368571906
8089,0.373058292,0.161694759,0.565689006,0.266600265,0.36742104
8090,0.379462165,0.161357468,0.567121674,0.279795036,0.366486042
8091,0.388310851,0.158838375,0.565805968,0.299023706,0.368228521
8092,0.406682236,0.157496802,0.580919686,0.328255447,0.368616175
8093,0.43226556,0.156834434,0.587946074,0.3313021,0.368023008
8094,0.421820603,0.159011171,0.585747352,0.324029322,0.363846889
8095,0.436055512,0.157666903,0.569651857,0.343864139,0.364108867
8096,0.394914749,0.162087844,0.564590116,0.357313704,0.360287138
8097,0.393948629,0.167143202,0.561796021,0.362238276,0.360445724
8098,0.42452966,0.171415639,0.559391386,0.354703946,0.364989206
8099,0.415709961,0.172512004,0.568850315,0.349256409,0.370925167
8100,0.370714873,0.171804331,0.577646797,0.337702259,0.373450228
8101,0.358008549,0.16987978,0.586529778,0.371724612,0.379820728
8102,0.355926778,0.170387437,0.594795553,0.371335738,0.376679543
8103,0.357847205,0.168893574,0.605417704,0.345490379,0.375999104
8104,0.359340115,0.166163374,0.614985322,0.335281071,0.377806238
8105,0.364950688,0.167164337,0.626939433,0.338603507,0.377304624
8106,0.360135133,0.168625532,0.618929365,0.337255001,0.379634474
8107,0.35623408,0.172641232,0.621893695,0.378175242,0.383528049
8108,0.357878628,0.165790635,0.61512368,0.357019335,0.381716834
8109,0.358401968,0.157546891,0.59600156,0.339041425,0.374413504
8110,0.360764202,0.153962339,0.587318487,0.318756508,0.369006754
8111,0.358966019,0.152454867,0.584606177,0.3175297,0.37101863
8112,0.36248164,0.153569538,0.584924577,0.314389064,0.366977652
8113,0.361127433,0.155674943,0.577426769,0.313276269,0.364047411
8114,0.364711925,0.154533463,0.569463244,0.314735018,0.363185223
8115,0.366608769,0.156053288,0.56279894,0.346326385,0.362894657
8116,0.371938822,0.153768578,0.55865135,0.332821371,0.365405755
8117,0.387883964,0.152562211,0.554835056,0.349455507,0.361305413
8118,0.414789004,0.153276198,0.555766627,0.348863878,0.35977788
8119,0.404527687,0.155633232,0.554438682,0.323825292,0.35821935
8120,0.409651577,0.158875255,0.558046237,0.330511716,0.365819855
8121,0.400178485,0.163815357,0.560452944,0.326078448,0.375243147
8122,0.400495056,0.166741312,0.558625736,0.331192253,0.382134053
8123,0.392846459,0.167072715,0.560130003,0.316975084,0.383906694
8124,0.390593605,0.164612044,0.559168389,0.310782601,0.386463413
8125,0.386315488,0.160481477,0.557082844,0.30435546,0.386446159
8126,0.390950394,0.160768033,0.549439447,0.290927209,0.380700295
8127,0.398451351,0.162211378,0.545781614,0.253876732,0.37326737
8128,0.394344205,0.1663624,0.549850043,0.252218631,0.371978058
8129,0.394856769,0.163285004,0.557225856,0.255505549,0.368934969
8130,0.389234289,0.161575749,0.571131248,0.269165703,0.368642905
8131,0.383196745,0.162763903,0.572028997,0.272018933,0.369316775
8132,0.374822373,0.162294914,0.559226682,0.278413254,0.363769685
8133,0.379102024,0.161760895,0.556099181,0.2655394,0.358935517
8134,0.38215592,0.152044141,0.559272784,0.246635609,0.357452335
8135,0.374785968,0.151013356,0.539997486,0.252327544,0.354113823
8136,0.371988597,0.154617436,0.544144589,0.258991744,0.353796605
8137,0.377698825,0.156519771,0.546671588,0.295953286,0.353542227
8138,0.379599954,0.158853907,0.545351854,0.328488061,0.352828224
8139,0.388760356,0.158381734,0.551576306,0.314618735,0.35325523
8140,0.388141964,0.156518656,0.558555803,0.287599152,0.352768665
8141,0.40078784,0.155416461,0.558318505,0.277982005,0.352581808
8142,0.388723491,0.157761201,0.561144771,0.270641851,0.352176965
8143,0.391371872,0.16761089,0.568155978,0.268601781,0.349613366
8144,0.380904084,0.165613034,0.582963631,0.274048788,0.348775107
8145,0.36766892,0.162080512,0.587521491,0.273119169,0.349891533
8146,0.380071105,0.158986649,0.589554316,0.265075367,0.353187159
8147,0.382874889,0.160451611,0.589081513,0.267750717,0.35788129
8148,0.369200797,0.161317242,0.594897481,0.289170539,0.360158697
8149,0.355830089,0.157471118,0.590452705,0.305370807,0.360814655
8150,0.357909591,0.1575813,0.586640948,0.296026469,0.35887475
8151,0.360993077,0.157042825,0.580371143,0.246092235,0.355917848
8152,0.365685159,0.156151881,0.568681218,0.242401058,0.356798351
8153,0.36555552,0.156553187,0.568791867,0.243518256,0.358390953
8154,0.369548717,0.157294118,0.576455341,0.248861738,0.361053465
8155,0.370862568,0.156981543,0.56998733,0.247925258,0.384262375
8156,0.37340892,0.155257708,0.566213827,0.24220303,0.372857824
8157,0.383688179,0.150914989,0.557075223,0.228586111,0.381071478
8158,0.382945973,0.148586833,0.551903996,0.224665534,0.384153345
8159,0.394433187,0.148206271,0.542416984,0.224556821,0.381574628
8160,0.391365233,0.149525846,0.547294303,0.228826003,0.382733683
8161,0.382616858,0.150839268,0.550025333,0.234698464,0.38602924
8162,0.379941862,0.15128725,0.548020841,0.235313322,0.385348085
8163,0.381712419,0.149915068,0.546232154,0.237976555,0.385318205
8164,0.390522524,0.148188663,0.552758017,0.245958498,0.383817311
8165,0.388643878,0.147227474,0.554873851,0.250544843,0.38323338
8166,0.395155494,0.147350897,0.556828442,0.243549169,0.382469393
8167,0.392487311,0.147576974,0.567610434,0.251560242,0.382572431
8168,0.397152221,0.147123369,0.576436174,0.254270993,0.383746124
8169,0.39200653,0.147498341,0.561182137,0.255512923,0.381455951
8170,0.38782874,0.147753739,0.554138715,0.250685346,0.390408456
8171,0.386965369,0.148450407,0.560068974,0.242707268,0.370443918
8172,0.393928589,0.149791701,0.566570973,0.24965357,0.371483664
8173,0.39088844,0.150811293,0.578735194,0.282492205,0.366783101
8174,0.412762943,0.150964701,0.575442015,0.287131292,0.365026013
8175,0.401248097,0.149385118,0.563155863,0.250111089,0.360568488
8176,0.375773748,0.148595627,0.560952593,0.244401788,0.356612071
8177,0.377543405,0.149133243,0.554811258,0.269465299,0.357802159
8178,0.377517297,0.15242203,0.558153445,0.299706183,0.357761693
8179,0.384638963,0.153324276,0.55878593,0.311743117,0.356626478
8180,0.396014269,0.153337279,0.561956269,0.30963962,0.352108356
8181,0.399947838,0.1567037,0.572618608,0.319232754,0.350787062
8182,0.39771686,0.15696875,0.572308229,0.313996806,0.350043766
8183,0.390315464,0.155360991,0.561218274,0.302536153,0.351639827
8184,0.368265071,0.153431126,0.556764302,0.307426864,0.353125985
8185,0.362992924,0.153919302,0.554539212,0.299576622,0.352999475
8186,0.38376683,0.15460705,0.55357234,0.298019105,0.351393928
8187,0.378424367,0.153424633,0.56370524,0.286668988,0.349816428
8188,0.380478403,0.152579432,0.569727197,0.282927504,0.347766733
8189,0.369178744,0.150846099,0.570823165,0.281299052,0.346900292
8190,0.357459496,0.150934071,0.570350766,0.291807594,0.346212481
8191,0.353082254,0.152879812,0.585744294,0.303485162,0.346980388
8192,0.358306298,0.155217531,0.590744102,0.331694292,0.347921218
8193,0.361875135,0.158432939,0.586568059,0.344513593,0.344206508
8194,0.360443676,0.159046139,0.616523978,0.329075429,0.345868248
8195,0.373611754,0.160411335,0.618457463,0.335274013,0.354123482
8196,0.379294084,0.160077769,0.63379148,0.374847207,0.362394856
8197,0.372770055,0.163950013,0.636149217,0.38889892,0.363067611
8198,0.39713689,0.160922088,0.606225212,0.370865829,0.356911115
8199,0.391056526,0.155446168,0.580020679,0.324086255,0.348690067
8200,0.400131418,0.155521591,0.582234265,0.320717682,0.348479032
8201,0.41501033,0.158009428,0.585099121,0.308879562,0.349191928
8202,0.410767145,0.160147089,0.589222462,0.305680527,0.347474803
8203,0.404360987,0.166814161,0.582751597,0.286473803,0.347381507
8204,0.393930086,0.161137775,0.582458205,0.284886844,0.345691584
8205,0.395274217,0.162292017,0.581488797,0.281657745,0.348412579
8206,0.377538113,0.154658026,0.580038772,0.276452577,0.347352618
8207,0.383343034,0.155155347,0.580758206,0.260090007,0.347817588
8208,0.394610787,0.156818851,0.589112782,0.262453448,0.34994788
8209,0.400919073,0.157712397,0.570256073,0.247223731,0.350620148
8210,0.398556552,0.161994843,0.556139714,0.226190727,0.348027613
8211,0.387262867,0.164544466,0.556637024,0.252539891,0.345828123
8212,0.384407822,0.158518748,0.562575089,0.255611482,0.345079154
8213,0.381635405,0.150166552,0.566800282,0.24874326,0.342786415
8214,0.374215574,0.146514733,0.562926261,0.245374479,0.341989168
8215,0.366067929,0.145966185,0.563916545,0.229460066,0.342404162
8216,0.363453346,0.147676936,0.564844161,0.22406025,0.340353717
8217,0.356658139,0.15157876,0.573154583,0.221170523,0.346819793
8218,0.358608328,0.154771423,0.59158525,0.228562843,0.357481737
8219,0.362107481,0.154598619,0.595700002,0.243961474,0.365561582
8220,0.369117433,0.153848068,0.610760606,0.292045066,0.370879942
8221,0.357826687,0.158841717,0.617234302,0.298445396,0.366327497
8222,0.356636727,0.164631763,0.604940928,0.293319028,0.355770166
8223,0.354894058,0.162169397,0.601044752,0.241924787,0.349647565
8224,0.353014797,0.154998048,0.586542588,0.235729422,0.348210056
8225,0.350358101,0.152033627,0.587828165,0.233095082,0.348065132
8226,0.349336125,0.148355734,0.581250208,0.214860629,0.347881171
8227,0.346204094,0.14880321,0.581817567,0.230317465,0.345906208
8228,0.345937091,0.148692196,0.573848066,0.22326352,0.348124274
8229,0.343554511,0.147038383,0.567656047,0.221734992,0.351942865
8230,0.343456298,0.1470463,0.55931676,0.221819187,0.35027311
8231,0.338321002,0.149490972,0.558594673,0.224817566,0.351617036
8232,0.342165997,0.148386553,0.554389477,0.217702272,0.35452303
8233,0.337002849,0.146462052,0.547400543,0.214806982,0.355830175
8234,0.334574505,0.147502396,0.552006983,0.236021259,0.351817399
8235,0.335081717,0.145930346,0.549575327,0.226152226,0.348098531
8236,0.33534625,0.14496529,0.550071974,0.224597001,0.345753512
8237,0.333227504,0.141597587,0.541134081,0.219900231,0.344852578
8238,0.334407614,0.141525009,0.545120449,0.225571128,0.341799414
8239,0.339540658,0.142714258,0.540059473,0.235456549,0.33948617
8240,0.348235314,0.142452922,0.541606107,0.249696656,0.337525536
8241,0.353441882,0.142121247,0.545072774,0.259946695,0.337084577
8242,0.360211142,0.141313795,0.549102013,0.256209414,0.33865985
8243,0.360166078,0.141997375,0.560954045,0.275846089,0.356210197
8244,0.360596363,0.145098313,0.582670158,0.33379544,0.370859285
8245,0.352677427,0.163421009,0.581544893,0.359362111,0.37229591
8246,0.346525487,0.159900399,0.556604195,0.369938016,0.357266439
8247,0.34223114,0.142085792,0.536621223,0.324594477,0.344399095
8248,0.336424822,0.140982429,0.532457035,0.324477188,0.341283947
8249,0.339549094,0.140961546,0.53915255,0.331180167,0.340091089
8250,0.337400373,0.143220337,0.538735468,0.288820906,0.342827025
8251,0.341822733,0.1437716,0.545242592,0.280716872,0.345348379
8252,0.348151646,0.142947329,0.544803186,0.281695204,0.347473234
8253,0.348587448,0.142777191,0.548332155,0.285643645,0.346177268
8254,0.345615691,0.142200997,0.539594401,0.282522374,0.33919821
8255,0.343529036,0.142236529,0.538061287,0.275987751,0.338243149
8256,0.341504168,0.142604751,0.549574193,0.27319948,0.335781615
8257,0.336796195,0.142346816,0.556624355,0.263030427,0.336758537
8258,0.337604564,0.142023297,0.572939748,0.27164712,0.337447046
8259,0.339451415,0.141715803,0.581697952,0.286622697,0.337736008
8260,0.342902069,0.141752504,0.584281185,0.293952697,0.336753663
8261,0.3440177,0.141598797,0.588142657,0.318089175,0.337326695
8262,0.345036192,0.142667811,0.585168617,0.327543812,0.337518074
8263,0.343082151,0.14251152,0.572257624,0.322078636,0.340688332
8264,0.34488683,0.142766598,0.57522895,0.322172672,0.341258495
8265,0.34880093,0.141389193,0.570438893,0.321303183,0.33497064
8266,0.351115022,0.142166583,0.567251297,0.33604277,0.336533084
8267,0.35336223,0.146585899,0.572009615,0.337616024,0.343976671
8268,0.352551378,0.150492388,0.578629348,0.373194925,0.347416399
8269,0.356371262,0.144955887,0.5658201,0.353466945,0.344732092
8270,0.367331811,0.149255002,0.570093125,0.364675749,0.340446669
8271,0.385429209,0.146518063,0.564987513,0.32003026,0.337090722
8272,0.383127307,0.147968949,0.573057461,0.348527554,0.3413377
8273,0.381259063,0.150731774,0.584931659,0.338515397,0.342726152
8274,0.383645609,0.152126246,0.586899422,0.346049831,0.344675532
8275,0.391842954,0.159991234,0.612050335,0.338201082,0.344005684
8276,0.387439429,0.157876547,0.610984458,0.335926184,0.340929132
8277,0.379698216,0.156949883,0.602231119,0.355507676,0.340309327
8278,0.374914454,0.152919401,0.592891746,0.378897582,0.337050399
8279,0.363809498,0.155801889,0.596202274,0.358989673,0.339540178
8280,0.34818836,0.153143738,0.588645778,0.351107867,0.338782621
8281,0.340503705,0.151728749,0.587649112,0.330971473,0.340605538
8282,0.337632427,0.154079683,0.586824493,0.350120293,0.338608653
8283,0.336601871,0.157256909,0.584302538,0.33337749,0.34005134
8284,0.339086286,0.156453703,0.5847625,0.340907438,0.336964448
8285,0.342848257,0.158135254,0.584603169,0.334519331,0.340805616
8286,0.346709545,0.153571974,0.583420139,0.308067921,0.348375742
8287,0.35467346,0.157832209,0.594766423,0.326677936,0.352103046
8288,0.367980676,0.156540952,0.602079721,0.316833901,0.356826797
8289,0.357994389,0.153379729,0.613276715,0.307970364,0.363662978
8290,0.365484333,0.152546446,0.616233173,0.304117218,0.3498613
8291,0.367984349,0.146114959,0.616031106,0.273735952,0.361977133
8292,0.360790983,0.144159522,0.607954436,0.287181362,0.377913246
8293,0.360297909,0.145949017,0.623802631,0.287805016,0.375466939
8294,0.3558367,0.144129087,0.619801147,0.266663405,0.360534723
8295,0.353730237,0.14583103,0.622991046,0.270019418,0.361319535
8296,0.364546152,0.148493791,0.615393117,0.258577134,0.362112732
8297,0.37652121,0.156908733,0.629029931,0.268895301,0.373841947
8298,0.386364332,0.154046575,0.622165109,0.268681648,0.365178208
8299,0.390870401,0.161406525,0.633477087,0.294341969,0.351225746
8300,0.387677639,0.162663561,0.633828584,0.323016736,0.339682417
8301,0.368980323,0.161481199,0.63254809,0.327678973,0.334025548
8302,0.369392381,0.159693529,0.639767442,0.326134003,0.332031197
8303,0.37402492,0.154960353,0.639498527,0.298961335,0.329775041
8304,0.360847119,0.149316575,0.630653601,0.275271203,0.333470152
8305,0.359471294,0.14901983,0.61471755,0.276246312,0.33153404
8306,0.362883585,0.145304671,0.599287525,0.278487658,0.329150323
8307,0.374009552,0.143552256,0.592411889,0.287314291,0.327272881
8308,0.38510167,0.13977047,0.581466731,0.292349506,0.331698859
8309,0.387679658,0.139202322,0.581743571,0.2837864,0.329976769
8310,0.392699005,0.139007077,0.595440673,0.288211114,0.327413639
8311,0.398973453,0.13926131,0.588097183,0.291167215,0.325619892
8312,0.410437059,0.139747658,0.593512344,0.294552611,0.324641864
8313,0.409815168,0.140724411,0.592459204,0.286396978,0.324009314
8314,0.385408088,0.141278715,0.579387143,0.280433476,0.322842027
8315,0.375499346,0.14261881,0.587171267,0.285542844,0.322158942
8316,0.367440861,0.144719903,0.585251754,0.306688219,0.326924366
8317,0.378057629,0.14568762,0.585850538,0.310319949,0.325990035
8318,0.366559859,0.146010979,0.569621454,0.305720437,0.326088634
8319,0.373491279,0.148271223,0.577324225,0.296712962,0.325482036
8320,0.364974361,0.149497856,0.591656539,0.306471121,0.32881392
8321,0.360036278,0.150414495,0.611577892,0.31142201,0.328359027
8322,0.36425629,0.149804955,0.625795573,0.285437262,0.327047407
8323,0.365902433,0.149496267,0.628724005,0.288167409,0.326572522
8324,0.372466831,0.147820331,0.624125587,0.276975238,0.325389912
8325,0.378080637,0.146631722,0.621352801,0.282612213,0.323764841
8326,0.375443365,0.142003148,0.605969445,0.290549471,0.321794706
8327,0.355861363,0.140870961,0.594729264,0.289695115,0.321216471
8328,0.34999845,0.140261432,0.590968281,0.290073408,0.320224057
8329,0.342457055,0.140172854,0.582882244,0.29883524,0.320899143
8330,0.330397283,0.141662763,0.579377427,0.315781603,0.321519661
8331,0.32898418,0.142958667,0.563942578,0.333205013,0.321630435
8332,0.33124746,0.139781988,0.555675679,0.334077807,0.321825771
8333,0.335254344,0.138493802,0.547986645,0.339403437,0.321539155
8334,0.363872501,0.137884105,0.555538949,0.325866111,0.321110055
8335,0.345360747,0.137415989,0.571694696,0.347202579,0.321818256
8336,0.376227182,0.137620202,0.581239244,0.355372565,0.321261237
8337,0.379225946,0.138602415,0.570121783,0.352128416,0.321424487
8338,0.357927646,0.143803112,0.583048519,0.351873845,0.321643659
8339,0.353910406,0.151091657,0.588410522,0.388522742,0.32176523
8340,0.331404163,0.155946319,0.606386885,0.410439397,0.32465042
8341,0.327397005,0.158372284,0.606967738,0.42572244,0.322213827
8342,0.329097394,0.164546391,0.598713433,0.404664513,0.324111357
8343,0.333016428,0.167847902,0.60719762,0.392586239,0.323907804
8344,0.335678797,0.172444636,0.609496001,0.387217423,0.323608969
8345,0.334848805,0.16601709,0.612798464,0.365911304,0.320562316
8346,0.336414303,0.161616895,0.610683147,0.348062645,0.320310998
8347,0.33151377,0.167186876,0.61424126,0.343622871,0.320553066
8348,0.335857339,0.153483323,0.608814074,0.318196598,0.319313928
8349,0.339943154,0.141078165,0.584454587,0.290493378,0.318884308
8350,0.346006736,0.14129942,0.585174039,0.310890663,0.319095792
8351,0.344960698,0.142538775,0.58630985,0.269793724,0.31888945
8352,0.343801719,0.143512653,0.588820347,0.27614698,0.318267718
8353,0.337815937,0.143767863,0.597399508,0.282643386,0.318263274
8354,0.335802966,0.143847044,0.577435202,0.282134851,0.318334508
8355,0.336387981,0.14520249,0.571003076,0.283935943,0.31862596
8356,0.336920261,0.14637971,0.571001281,0.271554817,0.319801105
8357,0.34314893,0.142183328,0.558691232,0.276292929,0.321374428
8358,0.356224439,0.140863433,0.56062639,0.268897775,0.320960784
8359,0.351413052,0.139785825,0.562724214,0.270667298,0.323686035
8360,0.357652224,0.1403631,0.565127235,0.286158597,0.320911894
8361,0.362542116,0.143819781,0.574674878,0.301770413,0.320060627
8362,0.366605623,0.144469902,0.579289396,0.305461962,0.321482878
8363,0.365382056,0.144268267,0.576598527,0.303611622,0.322991037
8364,0.345102567,0.14521298,0.572560539,0.302720407,0.326641986
8365,0.33350337,0.145439027,0.579040036,0.320917154,0.326958083
8366,0.327918856,0.147920028,0.59404862,0.336735301,0.323627264
8367,0.325253771,0.151301855,0.586860942,0.343283296,0.32318258
8368,0.324936032,0.15181593,0.585402795,0.35216352,0.321748689
8369,0.323936656,0.155986417,0.586037826,0.361610265,0.323779812
8370,0.323037826,0.156306517,0.587144477,0.341109616,0.328073538
8371,0.322585213,0.15331588,0.588528898,0.331718094,0.328498783
8372,0.330689537,0.155114563,0.589098001,0.344400648,0.326712461
8373,0.333750811,0.150974159,0.595393516,0.330272302,0.326209289
8374,0.33171404,0.145837519,0.593854901,0.312161615,0.329670209
8375,0.32908089,0.148917787,0.607199085,0.320399128,0.329162133
8376,0.328706066,0.151468027,0.603609847,0.345579267,0.32144115
8377,0.34308857,0.154995717,0.604119587,0.376239379,0.319280235
8378,0.35264537,0.15442696,0.599502128,0.35765599,0.318798067
8379,0.343758312,0.150032741,0.581721239,0.328614377,0.31965184
8380,0.330275944,0.152357866,0.58157791,0.315629228,0.319793193
8381,0.333603899,0.14939048,0.577684022,0.313817958,0.320007738
8382,0.348105658,0.146708775,0.577726257,0.285168911,0.320731376
8383,0.355190126,0.144399409,0.591348167,0.270644461,0.32624387
8384,0.355824101,0.142726051,0.580116504,0.271630778,0.330615062
8385,0.357541413,0.140394017,0.556058649,0.263899925,0.333697288
8386,0.364464174,0.143954045,0.563112466,0.277516382,0.333884243
8387,0.37733111,0.15165357,0.578206955,0.303440162,0.331597499
8388,0.377148743,0.15441566,0.579949047,0.333708797,0.329614686
8389,0.344259965,0.151284672,0.576527219,0.316628092,0.330540254
8390,0.333558969,0.148570693,0.570835484,0.302317042,0.328445239
8391,0.329661703,0.149033806,0.565839477,0.284878486,0.325252786
8392,0.324504101,0.143738299,0.561076131,0.271297725,0.322298479
8393,0.3285766,0.14214014,0.557168421,0.276366631,0.319608489
8394,0.335059635,0.147163925,0.558831957,0.282072361,0.319351635
8395,0.33203403,0.145350326,0.546479685,0.275565047,0.322237184
8396,0.327338316,0.141809414,0.543038033,0.267829522,0.320081616
8397,0.328380538,0.139390662,0.553164755,0.266395973,0.318797915
8398,0.325570319,0.139777568,0.557881204,0.26975658,0.319031457
8399,0.322834436,0.13866406,0.58769557,0.272720725,0.318205717
8400,0.321321925,0.137562873,0.59287071,0.271261766,0.317874974
8401,0.321009628,0.137762979,0.586417186,0.274454724,0.319779347
8402,0.318014133,0.137532788,0.572490687,0.274015889,0.322008306
8403,0.319634311,0.136955867,0.567503893,0.275968752,0.331983249
8404,0.321252856,0.136084367,0.566072915,0.263127181,0.333493502
8405,0.319260586,0.137182299,0.544890902,0.260161759,0.336067626
8406,0.322816939,0.13597379,0.545051278,0.260758665,0.334264922
8407,0.323538347,0.135026656,0.558802228,0.27518422,0.325319646
8408,0.323242795,0.134212866,0.560481292,0.285853408,0.328842459
8409,0.331244282,0.135459745,0.569290372,0.288295402,0.330079861
8410,0.330842862,0.135646144,0.570015199,0.295902358,0.326842575
8411,0.32639621,0.13633,0.567729603,0.298008023,0.321051968
8412,0.321664742,0.136985397,0.567352508,0.287890389,0.316767345
8413,0.320308948,0.137009527,0.571000454,0.282515757,0.312977972
8414,0.316858977,0.136384935,0.565502227,0.278123541,0.313225161
8415,0.315557254,0.135814381,0.562822579,0.252197211,0.310890375
8416,0.312960782,0.135360426,0.559298528,0.245781588,0.310726367
8417,0.320178391,0.135272268,0.562612656,0.256355127,0.310527216
8418,0.319419214,0.1357785,0.566089271,0.254021785,0.311554702
8419,0.320563285,0.136801156,0.570422732,0.266870697,0.312025426
8420,0.318994844,0.137158912,0.572434177,0.270289215,0.311880611
8421,0.323810242,0.1357003,0.579291744,0.296388767,0.3100243
8422,0.320250663,0.134184883,0.580961549,0.285940841,0.31031923
8423,0.318561694,0.133879278,0.574967331,0.280561059,0.310601397
8424,0.320600798,0.134960716,0.585907622,0.277041575,0.310788833
8425,0.324220434,0.134826715,0.587701846,0.262492256,0.310079982
8426,0.325899029,0.134700415,0.588529682,0.261602815,0.308765851
8427,0.32590175,0.134115104,0.582370846,0.263407827,0.308804386
8428,0.327799804,0.13365977,0.580728958,0.277453381,0.308330398
8429,0.334976288,0.132730862,0.577170617,0.267007133,0.307661312
8430,0.344625387,0.132043793,0.585031377,0.252433515,0.308031638
8431,0.346719651,0.132289587,0.584409277,0.254905127,0.309264317
8432,0.339539992,0.133365797,0.591200646,0.262218314,0.308372974
8433,0.361591769,0.133387091,0.595296689,0.271979047,0.308827043
8434,0.350157302,0.13411108,0.597237327,0.260278605,0.308628233
8435,0.33963705,0.134524962,0.595237332,0.268527269,0.30992154
8436,0.334357164,0.136135475,0.592893269,0.266733827,0.312210496
8437,0.335071401,0.135830741,0.585270219,0.264755626,0.310403858
8438,0.332275858,0.135456766,0.580811403,0.263985718,0.307938464
8439,0.335772167,0.136029651,0.573080324,0.263130807,0.305694723
8440,0.338603814,0.134940561,0.563468558,0.255192756,0.30555254
8441,0.339107292,0.133960494,0.552545711,0.243093165,0.305669839
8442,0.332842071,0.13334631,0.565689132,0.241754974,0.306156114
8443,0.32991599,0.132854054,0.572646957,0.252380263,0.307180502
8444,0.330332666,0.132885223,0.574163288,0.26401427,0.307292865
8445,0.327085789,0.133907389,0.581920256,0.265638861,0.30696296
8446,0.325338406,0.134931609,0.580084619,0.268746182,0.308320021
8447,0.323219757,0.135065396,0.573461555,0.267600588,0.307982084
8448,0.323306949,0.135043429,0.566488561,0.263093883,0.316062528
8449,0.339865882,0.135469815,0.565951419,0.289614374,0.314038455
8450,0.344467762,0.135209165,0.563343642,0.310169624,0.314368444
8451,0.359829495,0.135125377,0.547381789,0.301718725,0.313894847
8452,0.361341862,0.136695145,0.548087259,0.28119712,0.312942661
8453,0.351632678,0.136839833,0.543835762,0.266092902,0.311599834
8454,0.355535871,0.136678673,0.541131143,0.261199678,0.31124996
8455,0.37153009,0.136521393,0.55485314,0.255384334,0.313084761
8456,0.370308626,0.136878763,0.554178161,0.269473651,0.320826905
8457,0.376402343,0.136420402,0.55867203,0.280506175,0.317800388
8458,0.37636521,0.138674673,0.559475018,0.304150436,0.313365287
8459,0.38388754,0.140654988,0.562751193,0.314790021,0.309504945
8460,0.40020255,0.143397345,0.569763593,0.31195588,0.329617214
8461,0.404963958,0.144968724,0.572776208,0.299483687,0.366752206
8462,0.374459473,0.14281695,0.57026532,0.288984385,0.386201628
8463,0.401653997,0.142026479,0.572922451,0.280928081,0.388619266
8464,0.426532478,0.140241885,0.575062113,0.275780294,0.410613572
8465,0.462367685,0.14222193,0.586794411,0.288721291,0.431461518
8466,0.482346101,0.142142585,0.5909065,0.294877141,0.445290549
8467,0.457737827,0.143907423,0.600873747,0.302744629,0.414675998
8468,0.449862368,0.144627891,0.611448318,0.300824244,0.378613376
8469,0.452294121,0.143526387,0.622183185,0.302904521,0.338518384
8470,0.452943484,0.143054315,0.625216851,0.302414813,0.323538352
8471,0.414233063,0.144724773,0.610491596,0.298053618,0.32256529
8472,0.386432746,0.14893507,0.607143756,0.307004979,0.327879177
8473,0.372935875,0.149346595,0.604015845,0.310901471,0.343605552
8474,0.369153701,0.145088846,0.597472191,0.304276734,0.348090138
8475,0.367126195,0.142594554,0.573403618,0.31480183,0.356675656
8476,0.374313131,0.140403834,0.576461896,0.303662342,0.36742565
8477,0.367151601,0.138827194,0.568169186,0.289375978,0.373015975
8478,0.34746639,0.138982512,0.574448508,0.278823948,0.389552228
8479,0.345511353,0.141903744,0.58533553,0.284981103,0.38349287
8480,0.342965783,0.142976217,0.580694049,0.294164378,0.396503462
8481,0.345879093,0.143208624,0.576567983,0.301593304,0.446117542
8482,0.342074153,0.14013635,0.56773859,0.303272464,0.503423083
8483,0.335913685,0.142085507,0.577514614,0.310069294,0.518948317
8484,0.336700791,0.144211484,0.591387507,0.314766426,0.524584226
8485,0.338773755,0.14571699,0.626545169,0.310932659,0.534234322
8486,0.336881775,0.145057719,0.601231973,0.314280072,0.540650049
8487,0.330526557,0.142986966,0.581244488,0.299687076,0.505866439
8488,0.32675309,0.141159457,0.57558912,0.295976969,0.475765748
8489,0.324300404,0.14151743,0.576666673,0.321032707,0.456138185
8490,0.322500156,0.144809223,0.581996311,0.352106428,0.441419617
8491,0.322180106,0.145982003,0.593626558,0.336039668,0.445707082
8492,0.320349838,0.145037861,0.582268753,0.330870295,0.419651876
8493,0.317928771,0.143073003,0.58004591,0.328418762,0.417003314
8494,0.315501113,0.140676056,0.57598309,0.334870368,0.410351885
8495,0.316779581,0.137403587,0.57026899,0.325787857,0.402220045
8496,0.314744672,0.134824719,0.558177359,0.307922846,0.407750634
8497,0.31740789,0.134304906,0.547357684,0.29495183,0.39874641
8498,0.320116746,0.133300817,0.540003216,0.297222829,0.390229936
8499,0.323590233,0.132139645,0.532228991,0.304327927,0.37955575
8500,0.330095544,0.132693658,0.537333439,0.337383055,0.376842393
8501,0.329292261,0.132160357,0.52927789,0.286793168,0.369211552
8502,0.325996272,0.13193314,0.528051457,0.312926786,0.372457088
8503,0.328236969,0.132651699,0.527250655,0.311551067,0.378239921
8504,0.334081564,0.132525309,0.527183354,0.30700996,0.369007153
8505,0.335246862,0.133146672,0.52760976,0.315901151,0.372933747
8506,0.336734405,0.134413326,0.533132644,0.30650826,0.385179601
8507,0.345084424,0.135081512,0.545206428,0.296390174,0.392747955
8508,0.357969364,0.136331796,0.56959446,0.311003411,0.397080546
8509,0.376489392,0.140772477,0.580861137,0.334869928,0.393980556
8510,0.371618017,0.143487301,0.567970145,0.338654481,0.378238956
8511,0.366933469,0.135484144,0.550915084,0.295123629,0.360015651
8512,0.354303384,0.133671323,0.531376512,0.284068781,0.335390797
8513,0.365071368,0.135227462,0.530032403,0.299712287,0.325682764
8514,0.364668383,0.137637416,0.537670474,0.308552284,0.31928896
8515,0.369115077,0.137887866,0.541923253,0.309223261,0.313111345
8516,0.373793384,0.139578786,0.54640756,0.305507415,0.312047556
8517,0.369993805,0.140449676,0.558842413,0.305410946,0.311698352
8518,0.361832767,0.140007029,0.562363932,0.305714006,0.310085705
8519,0.362830025,0.138262639,0.557606539,0.285388474,0.309071981
8520,0.352965085,0.137933739,0.559827159,0.288179943,0.308096281
8521,0.355931494,0.13848422,0.561314019,0.27632355,0.309886165
8522,0.345295651,0.13739705,0.553480153,0.265531757,0.310258081
8523,0.343845203,0.13593327,0.549136807,0.255464897,0.313211988
8524,0.338526032,0.135877609,0.55232647,0.256680805,0.313686344
8525,0.33877743,0.136306917,0.558187593,0.256654214,0.314261238
8526,0.343134109,0.137243726,0.56397621,0.260751183,0.314846847
8527,0.342434289,0.138127326,0.56075742,0.254987662,0.313045682
8528,0.350892267,0.137677897,0.56451302,0.266817077,0.308436229
8529,0.35233808,0.136702678,0.569239131,0.277142651,0.307702057
8530,0.378657534,0.137932919,0.580298636,0.299592094,0.316981706
8531,0.39370342,0.140503847,0.583248163,0.328478323,0.332125159
8532,0.405883304,0.143644052,0.591899085,0.362208069,0.347025673
8533,0.406215357,0.147744987,0.590258131,0.360324134,0.350133801
8534,0.38192096,0.146193482,0.567709708,0.313132871,0.337059128
8535,0.355417552,0.143378909,0.550548687,0.289331659,0.321875649
8536,0.35519735,0.140706206,0.546688221,0.281097845,0.309285846
8537,0.351596656,0.143363847,0.557982202,0.293279003,0.307892373
8538,0.357047271,0.144365682,0.56830947,0.317551555,0.307306519
8539,0.360165223,0.144599924,0.573176191,0.326582349,0.305820999
8540,0.363582717,0.141794189,0.570601509,0.311094807,0.30785868
8541,0.365049999,0.139975534,0.576296845,0.305203585,0.305577642
8542,0.36396382,0.146362344,0.598932802,0.31446683,0.303229042
8543,0.356492658,0.143917357,0.593491981,0.296892503,0.30337971
8544,0.355437804,0.138783147,0.572475906,0.279881524,0.302580373
8545,0.360231091,0.137756716,0.567402308,0.280943385,0.303614627
8546,0.374095365,0.135104201,0.565323221,0.277710825,0.301976707
8547,0.389001877,0.135043384,0.569727849,0.280310817,0.301503612
8548,0.386300061,0.134092438,0.568676737,0.267610332,0.303015797
8549,0.385507395,0.138712778,0.585950046,0.276681373,0.306384118
8550,0.382982769,0.143730712,0.595948321,0.285746577,0.30577541
8551,0.376355209,0.145003768,0.60880413,0.287020622,0.305443649
8552,0.372077087,0.144931937,0.612565952,0.282681806,0.305196259
8553,0.374286262,0.142869792,0.601209958,0.296409656,0.302145268
8554,0.378447293,0.141175344,0.600250313,0.284229132,0.310854707
8555,0.387681744,0.142186296,0.591061165,0.282794216,0.322071763
8556,0.395094966,0.14406855,0.594974867,0.300970691,0.3335534
8557,0.402862873,0.144098657,0.605263792,0.313100984,0.335832765
8558,0.398573846,0.145925881,0.594140766,0.313984346,0.325870515
8559,0.402524508,0.146356413,0.580675332,0.310426194,0.311553958
8560,0.388422399,0.143926297,0.568037183,0.332881517,0.297597724
8561,0.369840495,0.141990546,0.560283399,0.330713365,0.297452894
8562,0.352599058,0.140994364,0.540433607,0.295383143,0.296748334
8563,0.345395162,0.142708902,0.540051657,0.282899033,0.295812638
8564,0.342410586,0.144633899,0.554552188,0.295095914,0.295299791
8565,0.341978044,0.147020531,0.561857962,0.310626199,0.293625983
8566,0.348657594,0.149940514,0.564038396,0.329884908,0.292415015
8567,0.355911583,0.148189996,0.564469854,0.314695247,0.293480637
8568,0.342880492,0.146524013,0.558761771,0.330089197,0.294672793
8569,0.34703651,0.144078816,0.549961078,0.357628557,0.294250952
8570,0.353086645,0.141235488,0.54735918,0.335013642,0.295417937
8571,0.358535917,0.139143672,0.555610583,0.344607528,0.297839173
8572,0.359789282,0.137575266,0.564251881,0.324227508,0.296366058
8573,0.360192211,0.136507622,0.571207274,0.317811129,0.298451974
8574,0.353577454,0.13561284,0.569458431,0.303174657,0.301266966
8575,0.349096397,0.135232093,0.564608284,0.290316243,0.302580525
8576,0.342519507,0.137823606,0.563342177,0.31605327,0.303886535
8577,0.339184633,0.140051065,0.554361338,0.320582288,0.301791716
8578,0.341501257,0.141680244,0.558629521,0.359023519,0.304666443
8579,0.337121038,0.14312103,0.562996015,0.316929596,0.317382811
8580,0.342839402,0.143056037,0.56394546,0.316964128,0.328018396
8581,0.350673544,0.143532599,0.557857679,0.325489474,0.336202888
8582,0.347193887,0.141167831,0.54749072,0.335653457,0.330689802
8583,0.33603378,0.13930137,0.540708911,0.296309926,0.31572894
8584,0.330726509,0.136713135,0.537832159,0.303363939,0.302457337
8585,0.327938198,0.134286401,0.541260416,0.309615344,0.303647798
8586,0.322474505,0.132966164,0.542886142,0.314768634,0.301912932
8587,0.320516213,0.143123091,0.550884641,0.322287458,0.299913169
8588,0.3214308,0.142065538,0.559032762,0.329198063,0.296897608
8589,0.319039245,0.13952443,0.559191094,0.356382428,0.296517941
8590,0.318641294,0.137397409,0.560486321,0.364634676,0.296926783
8591,0.3149061,0.138107067,0.572522189,0.356933465,0.29795801
8592,0.311759854,0.137045474,0.565500195,0.348188363,0.29828922
8593,0.315350387,0.136166754,0.569981812,0.329462265,0.298597916
8594,0.312487581,0.135976964,0.57398858,0.315600986,0.298055236
8595,0.313483225,0.135333669,0.580101699,0.304430534,0.300031003
8596,0.314415814,0.133002744,0.58488107,0.300716808,0.302817533
8597,0.315000905,0.130799388,0.585287054,0.321209274,0.301116529
8598,0.319476648,0.130549233,0.575455838,0.320673893,0.300731255
8599,0.323954329,0.136001613,0.575691694,0.332531591,0.301141774
8600,0.320083487,0.136889187,0.593038899,0.349047496,0.301150339
8601,0.315883667,0.140202408,0.59995333,0.345171079,0.300613644
8602,0.322716346,0.143214965,0.601090072,0.351453351,0.30740279
8603,0.327680972,0.140813191,0.599271822,0.318371372,0.324192084
8604,0.325678658,0.138916043,0.596802031,0.306870525,0.333643909
8605,0.334000338,0.140576225,0.593973971,0.333388944,0.334176866
8606,0.339079703,0.139931497,0.592980936,0.323438812,0.323918038
8607,0.340935961,0.138008616,0.586178285,0.319278538,0.311759071
8608,0.340310345,0.137480834,0.580797246,0.294108543,0.292248277
8609,0.332099635,0.140745081,0.589616693,0.326614814,0.290647742
8610,0.329214933,0.139965712,0.589642765,0.303539102,0.29106452
8611,0.336774279,0.140940127,0.597985898,0.298514661,0.291033045
8612,0.340453372,0.141539773,0.599107211,0.301308696,0.290611674
8613,0.346614893,0.141034735,0.59443509,0.297708954,0.288742861
8614,0.346252246,0.140639552,0.591016739,0.28706383,0.288929149
8615,0.347458639,0.141839691,0.581203036,0.279507773,0.28833308
8616,0.347777377,0.138966142,0.573315147,0.278862473,0.288108442
8617,0.351328107,0.136477794,0.568431002,0.264450128,0.288456842
8618,0.352645296,0.131571442,0.560079302,0.257694936,0.288958141
8619,0.349417365,0.128067267,0.541545481,0.248040471,0.287271433
8620,0.347604694,0.128109102,0.53994223,0.250842807,0.286822723
8621,0.349250311,0.128962497,0.541071898,0.265317877,0.286301597
8622,0.343942579,0.128107684,0.544473856,0.27359443,0.286057638
8623,0.341143422,0.126933354,0.543013584,0.274017123,0.286012254
8624,0.359064455,0.128319369,0.542698659,0.283796119,0.285506086
8625,0.378430003,0.134679403,0.559005611,0.299053173,0.288126737
8626,0.400163948,0.140606572,0.588766954,0.311805535,0.302155544
8627,0.410901229,0.14573612,0.620209282,0.338252688,0.339117909
8628,0.426106365,0.144650746,0.62132696,0.346872984,0.348865088
8629,0.432785485,0.149042077,0.602298885,0.352744166,0.354881771
8630,0.394961898,0.143791258,0.594013201,0.339116471,0.331571718
8631,0.354614094,0.134102001,0.565013539,0.304264764,0.306556011
8632,0.354354036,0.129915229,0.565066484,0.28524753,0.290012241
8633,0.367118662,0.129741541,0.57248403,0.27306125,0.288400071
8634,0.386963494,0.131844374,0.596177669,0.276224945,0.28751703
8635,0.419594551,0.135762379,0.606196511,0.274817258,0.288680852
8636,0.440243238,0.139495609,0.601791631,0.298187821,0.287478575
8637,0.435760923,0.155782684,0.603489061,0.306629767,0.286965398
8638,0.411972531,0.16153442,0.583896288,0.307381408,0.286744176
8639,0.370219125,0.156954433,0.56227453,0.297840844,0.285142299
8640,0.335211438,0.142767157,0.549746384,0.281096861,0.284385498
8641,0.30858839,0.136682566,0.540274769,0.293933142,0.283832678
8642,0.305379065,0.134931551,0.534881404,0.313349641,0.283698102
8643,0.301291401,0.131649981,0.535574757,0.333726526,0.286557945
8644,0.300007462,0.131900749,0.545485308,0.317772855,0.286562261
8645,0.301401956,0.135151755,0.546549328,0.309094268,0.287677355
8646,0.304814937,0.143261238,0.549836017,0.300886826,0.286869746
8647,0.297083549,0.134558062,0.547530174,0.293393861,0.286966207
8648,0.298139504,0.132522701,0.541437975,0.290096065,0.284683195
8649,0.299129206,0.128831927,0.534214854,0.276862467,0.286621654
8650,0.302200382,0.126517947,0.538569298,0.277746983,0.302230174
8651,0.304123457,0.126475355,0.557623972,0.287386731,0.306429432
8652,0.303714077,0.127247047,0.560243316,0.287181363,0.312778762
8653,0.307547102,0.127068157,0.557628524,0.300062544,0.311480167
8654,0.307241612,0.127315064,0.550455049,0.283542824,0.306675374
8655,0.306627088,0.128348525,0.547524665,0.286495959,0.299149876
8656,0.307169161,0.127643213,0.544495325,0.277638822,0.284769217
8657,0.305745488,0.126393778,0.538528655,0.290130471,0.284156525
8658,0.305724232,0.126118243,0.537738748,0.301974376,0.285846163
8659,0.300823685,0.125886132,0.533980039,0.295312096,0.286923541
8660,0.301147837,0.125866005,0.531921816,0.293338296,0.295883951
8661,0.299266488,0.126543472,0.537583403,0.267754605,0.318113975
8662,0.296123009,0.126184017,0.535488728,0.268556731,0.3153144
8663,0.295426348,0.126386501,0.538437789,0.282243878,0.302362719
8664,0.296716465,0.126840471,0.546547233,0.254088119,0.293638763
8665,0.297106378,0.126882824,0.560273505,0.262709864,0.292061098
8666,0.299182401,0.126477297,0.551454637,0.245584442,0.295612583
8667,0.300795678,0.126593948,0.550720429,0.24369339,0.299608148
8668,0.303645001,0.126537739,0.556967952,0.250002431,0.29676633
8669,0.307982053,0.126419348,0.55194113,0.244270311,0.290440009
8670,0.307894878,0.125972055,0.554105019,0.250751096,0.288946864
8671,0.308453806,0.126113792,0.553916277,0.262577364,0.288715154
8672,0.304443512,0.126326137,0.548317467,0.271863356,0.288595767
8673,0.301719533,0.12672466,0.543600123,0.286371203,0.287129849
8674,0.300103225,0.125258464,0.541899693,0.268948613,0.288582097
8675,0.304490508,0.125430412,0.539979242,0.273052528,0.306547289
8676,0.309280128,0.127243827,0.546999287,0.283937415,0.309292446
8677,0.305793033,0.129010134,0.554201679,0.297938469,0.30924813
8678,0.303871488,0.128721888,0.553445146,0.278977148,0.307720313
8679,0.303402669,0.128822695,0.55396732,0.260014288,0.303702975
8680,0.304662604,0.129582667,0.552961147,0.272092968,0.288130687
8681,0.306949246,0.126179888,0.5479665,0.272512828,0.288254927
8682,0.310864001,0.124287177,0.554900693,0.265830672,0.288712562
8683,0.313983916,0.123606209,0.565543128,0.254204594,0.299405427
8684,0.308292801,0.124039843,0.566433052,0.23664232,0.313440965
8685,0.301443235,0.124009268,0.556411576,0.234133456,0.319225082
8686,0.29912941,0.124181361,0.544082907,0.238973053,0.33723829
8687,0.295419512,0.124037842,0.538015615,0.241964834,0.325501075
8688,0.295242962,0.123587216,0.535440499,0.236437551,0.31496102
8689,0.298039592,0.123809448,0.539327755,0.23967583,0.307870897
8690,0.299380202,0.123663391,0.53739579,0.244810834,0.294102291
8691,0.301549157,0.123950496,0.537629403,0.23770607,0.289580041
8692,0.302989163,0.123853084,0.539089677,0.235637449,0.290518671
8693,0.303598874,0.124232234,0.538760297,0.226195307,0.292515272
8694,0.302175721,0.124621133,0.537477884,0.223993049,0.294089521
8695,0.300359637,0.124969428,0.532269537,0.215714731,0.295590731
8696,0.298045432,0.12406178,0.528538447,0.214429562,0.295217368
8697,0.295747399,0.123832822,0.524875336,0.222510269,0.291111944
8698,0.29520174,0.123460695,0.523391117,0.233738246,0.294104658
8699,0.295580261,0.123712416,0.533177221,0.234650015,0.306012788
8700,0.298188042,0.124538127,0.533484967,0.229724482,0.312881649
8701,0.300953197,0.123991519,0.535548112,0.251401835,0.310967555
8702,0.305710016,0.124108618,0.534760022,0.25636282,0.308113643
8703,0.310425283,0.124296978,0.531568697,0.236987083,0.300858722
8704,0.309476556,0.123359694,0.527688264,0.247469201,0.288638548
8705,0.305350458,0.122254762,0.527905628,0.240981428,0.287689136
8706,0.304910027,0.122567768,0.53310571,0.239188275,0.287006901
8707,0.301531111,0.122451897,0.532980107,0.23508684,0.287184758
8708,0.299744835,0.121697729,0.536622254,0.229242609,0.287314732
8709,0.298686558,0.121377118,0.545552626,0.226160465,0.28724564
8710,0.29804905,0.121488595,0.538944014,0.238619043,0.285116183
8711,0.313367504,0.12087978,0.5242213,0.237265177,0.282322126
8712,0.328686336,0.121096475,0.521266675,0.243111275,0.282813532
8713,0.35709596,0.121122983,0.520546279,0.238018036,0.282428054
8714,0.372849612,0.120848392,0.513944553,0.231955896,0.27949841
8715,0.351786294,0.120888131,0.518730248,0.224911347,0.279732972
8716,0.342801904,0.12113616,0.528151007,0.228016921,0.278627845
8717,0.344569029,0.121301248,0.542139648,0.236807682,0.279635562
8718,0.334726002,0.12152871,0.566799531,0.241589137,0.279269489
8719,0.343486042,0.12193431,0.575750139,0.249363317,0.277840284
8720,0.352124266,0.122482193,0.56088461,0.25103305,0.277518487
8721,0.358709318,0.122297612,0.560233536,0.265857247,0.278113748
8722,0.351460261,0.12196377,0.56484717,0.266211365,0.279050203
8723,0.336471914,0.12204586,0.565236009,0.282503353,0.297404544
8724,0.319288261,0.123223686,0.560272144,0.294674773,0.297186707
8725,0.323419749,0.123275165,0.549242285,0.268481891,0.296658278
8726,0.325769273,0.122466148,0.540258731,0.256717617,0.297368201
8727,0.324929619,0.122125923,0.540050304,0.256960521,0.289766847
8728,0.324558634,0.122022451,0.549668208,0.267795931,0.284281648
8729,0.31622887,0.121939165,0.543432936,0.304215791,0.286581817
8730,0.316217077,0.121788918,0.552581199,0.290977235,0.284568001
8731,0.320716345,0.123860598,0.562627315,0.289233414,0.285907806
8732,0.320671126,0.124741299,0.55694961,0.271934989,0.285594638
8733,0.315772369,0.12181896,0.550701072,0.256342985,0.285473576
8734,0.310906243,0.12142437,0.538260249,0.251907439,0.285293502
8735,0.311644197,0.121768622,0.538939537,0.237910675,0.28532126
8736,0.320032337,0.121966442,0.536559033,0.236911411,0.285481435
8737,0.327970799,0.12181359,0.537359444,0.23342601,0.285278908
8738,0.327785011,0.121746827,0.534601018,0.241645863,0.28566944
8739,0.322941665,0.121493653,0.533098818,0.254345215,0.285760697
8740,0.323869535,0.121784687,0.534903474,0.257837095,0.285644385
8741,0.317409483,0.122213079,0.539256916,0.275101067,0.285854596
8742,0.314987731,0.12288625,0.543489564,0.255114002,0.286528338
8743,0.31268463,0.123066741,0.542493611,0.250649664,0.286135583
8744,0.311676165,0.122666316,0.540873812,0.254130293,0.285323624
8745,0.308512934,0.122463134,0.533819057,0.250894387,0.285739091
8746,0.303798327,0.122032456,0.531964374,0.244112823,0.28693342
8747,0.302102317,0.122359165,0.525309612,0.237081485,0.304759999
8748,0.300662378,0.123216148,0.52190268,0.23738482,0.309650142
8749,0.301067384,0.123987321,0.521485502,0.243567473,0.308919085
8750,0.302328049,0.123295006,0.521303181,0.24577818,0.303436592
8751,0.30577402,0.121906975,0.520298647,0.241839527,0.290569626
8752,0.313790331,0.121005036,0.52718315,0.249252438,0.285459582
8753,0.309423702,0.120547364,0.530519992,0.261072405,0.2860527
8754,0.302739588,0.120035506,0.529744627,0.254527066,0.285504738
8755,0.300637763,0.119771988,0.529191021,0.247436906,0.286937058
8756,0.299998157,0.11985826,0.526010883,0.245712112,0.287499482
8757,0.306155157,0.119816217,0.52006048,0.25099939,0.287386932
8758,0.302824685,0.119919061,0.515641528,0.257192765,0.283948887
8759,0.300939338,0.120274394,0.513168197,0.245806489,0.276778871
