set_technologies,set_capacity_types,set_location,set_time_steps_yearly,scaling,constraint_type,component_year,raw_dual,coefficient,discount_factor,contribution_to_rc
BEV,power,AT,0,0.08024258719069129,lifetime,0,-570.8942426451517,1.0,1.0,-7114.604135188945
BEV,power,BE,0,0.08024258719069129,lifetime,0,-574.0261894984183,1.0,1.0,-7153.6351156560095
BEV,power,BG,0,0.08024258719069129,lifetime,0,-594.8513475592645,1.0,1.0,-7413.162615826916
BEV,power,CH,0,0.08024258719069129,lifetime,0,-582.568462462567,1.0,1.0,-7260.090718138624
BEV,power,CZ,0,0.08024258719069129,lifetime,0,-585.6979795690257,1.0,1.0,-7299.091418589889
BEV,power,DE,0,0.08024258719069129,lifetime,0,-576.7588422116734,1.0,1.0,-7187.690008561707
BEV,power,DK,0,0.08024258719069129,lifetime,0,-583.1348187240144,1.0,1.0,-7267.148768997596
BEV,power,EE,0,0.08024258719069129,lifetime,0,-553.7805399463992,1.0,1.0,-6901.329572417398
BEV,power,EL,0,0.08024258719069129,lifetime,0,-566.5364991847443,1.0,1.0,-7060.29701956652
BEV,power,ES,0,0.08024258719069129,lifetime,0,-569.7198423446981,1.0,1.0,-7099.96851161835
BEV,power,FI,0,0.08024258719069129,lifetime,0,-572.2759868320383,1.0,1.0,-7131.823721885507
BEV,power,FR,0,0.08024258719069129,lifetime,0,-575.2985025695051,1.0,1.0,-7169.490948769457
BEV,power,HR,0,0.08024258719069129,lifetime,0,-577.1793396390038,1.0,1.0,-7192.930335949596
BEV,power,HU,0,0.08024258719069129,lifetime,0,-592.4271799127206,1.0,1.0,-7382.952128710107
BEV,power,IE,0,0.08024258719069129,lifetime,0,-565.0301344456503,1.0,1.0,-7041.524385335346
BEV,power,IT,0,0.08024258719069129,lifetime,0,-576.7913770501779,1.0,1.0,-7188.095464562611
BEV,power,LT,0,0.08024258719069129,lifetime,0,-591.2811585013023,1.0,1.0,-7368.670168823958
BEV,power,LU,0,0.08024258719069129,lifetime,0,-564.9008724129621,1.0,1.0,-7039.9134946946815
BEV,power,LV,0,0.08024258719069129,lifetime,0,-580.8638261534655,1.0,1.0,-7238.84718189707
BEV,power,NL,0,0.08024258719069129,lifetime,0,-563.2035669511125,1.0,1.0,-7018.761317013569
BEV,power,NO,0,0.08024258719069129,lifetime,0,-594.1437326843819,1.0,1.0,-7404.344170414621
BEV,power,PL,0,0.08024258719069129,lifetime,0,-577.5579043214678,1.0,1.0,-7197.64808865072
BEV,power,PT,0,0.08024258719069129,lifetime,0,-566.1825669224676,1.0,1.0,-7055.886241267016
BEV,power,RO,0,0.08024258719069129,lifetime,0,-576.3362411640928,1.0,1.0,-7182.423465415781
BEV,power,SE,0,0.08024258719069129,lifetime,0,-583.3972827260726,1.0,1.0,-7270.419650598589
BEV,power,SI,0,0.08024258719069129,lifetime,0,-581.1426049060422,1.0,1.0,-7242.321381350711
BEV,power,SK,0,0.08024258719069129,lifetime,0,-584.464293849972,1.0,1.0,-7283.716967662454
BEV,power,UK,0,0.08024258719069129,lifetime,0,-578.7747184725057,1.0,1.0,-7212.812282548733
BF_BOF,power,AT,0,0.08024258719069129,lifetime,0,-0.0,1.0,1.0,-0.0
BF_BOF,power,BE,0,0.08024258719069129,lifetime,0,-0.0,1.0,1.0,-0.0
BF_BOF,power,BG,0,0.08024258719069129,lifetime,0,-0.0,1.0,1.0,-0.0
BF_BOF,power,CH,0,0.08024258719069129,lifetime,0,-0.0,1.0,1.0,-0.0
BF_BOF,power,CZ,0,0.08024258719069129,lifetime,0,-0.0,1.0,1.0,-0.0
BF_BOF,power,DE,0,0.08024258719069129,lifetime,0,-0.0,1.0,1.0,-0.0
BF_BOF,power,DK,0,0.08024258719069129,lifetime,0,-0.0,1.0,1.0,-0.0
BF_BOF,power,EE,0,0.08024258719069129,lifetime,0,-0.0,1.0,1.0,-0.0
BF_BOF,power,EL,0,0.08024258719069129,lifetime,0,-0.0,1.0,1.0,-0.0
BF_BOF,power,ES,0,0.08024258719069129,lifetime,0,-0.0,1.0,1.0,-0.0
BF_BOF,power,FI,0,0.08024258719069129,lifetime,0,-0.0,1.0,1.0,-0.0
BF_BOF,power,FR,0,0.08024258719069129,lifetime,0,-0.0,1.0,1.0,-0.0
BF_BOF,power,HR,0,0.08024258719069129,lifetime,0,-0.0,1.0,1.0,-0.0
BF_BOF,power,HU,0,0.08024258719069129,lifetime,0,-0.0,1.0,1.0,-0.0
BF_BOF,power,IE,0,0.08024258719069129,lifetime,0,-0.0,1.0,1.0,-0.0
BF_BOF,power,IT,0,0.08024258719069129,lifetime,0,-0.0,1.0,1.0,-0.0
BF_BOF,power,LT,0,0.08024258719069129,lifetime,0,-0.0,1.0,1.0,-0.0
BF_BOF,power,LU,0,0.08024258719069129,lifetime,0,-0.0,1.0,1.0,-0.0
BF_BOF,power,LV,0,0.08024258719069129,lifetime,0,-0.0,1.0,1.0,-0.0
BF_BOF,power,NL,0,0.08024258719069129,lifetime,0,-0.0,1.0,1.0,-0.0
BF_BOF,power,NO,0,0.08024258719069129,lifetime,0,-0.0,1.0,1.0,-0.0
BF_BOF,power,PL,0,0.08024258719069129,lifetime,0,-0.0,1.0,1.0,-0.0
BF_BOF,power,PT,0,0.08024258719069129,lifetime,0,-0.0,1.0,1.0,-0.0
BF_BOF,power,RO,0,0.08024258719069129,lifetime,0,-0.0,1.0,1.0,-0.0
BF_BOF,power,SE,0,0.08024258719069129,lifetime,0,-0.0,1.0,1.0,-0.0
BF_BOF,power,SI,0,0.08024258719069129,lifetime,0,-0.0,1.0,1.0,-0.0
BF_BOF,power,SK,0,0.08024258719069129,lifetime,0,-0.0,1.0,1.0,-0.0
BF_BOF,power,UK,0,0.08024258719069129,lifetime,0,-0.0,1.0,1.0,-0.0
DAC,power,AT,0,0.08024258719069129,lifetime,0,-278.8676892764273,1.0,1.0,-3475.307801500921
DAC,power,BE,0,0.08024258719069129,lifetime,0,-355.7690109240051,1.0,1.0,-4433.66824749236
DAC,power,BG,0,0.08024258719069129,lifetime,0,-347.2412396060954,1.0,1.0,-4327.39336757549
DAC,power,CH,0,0.08024258719069129,lifetime,0,-267.33209124851226,1.0,1.0,-3331.548752450054
DAC,power,CZ,0,0.08024258719069129,lifetime,0,-352.45724611398236,1.0,1.0,-4392.3963378248345
DAC,power,DE,0,0.08024258719069129,lifetime,0,-319.31897442357257,1.0,1.0,-3979.420225630709
DAC,power,DK,0,0.08024258719069129,lifetime,0,-649.9747560600707,1.0,1.0,-8100.122127361721
DAC,power,EE,0,0.08024258719069129,lifetime,0,-524.318882133749,1.0,1.0,-6534.1721957162135
DAC,power,EL,0,0.08024258719069129,lifetime,0,-219.31938978893655,1.0,1.0,-2733.2043677472448
DAC,power,ES,0,0.08024258719069129,lifetime,0,-323.6526352494453,1.0,1.0,-4033.427218395961
DAC,power,FI,0,0.08024258719069129,lifetime,0,-522.190736423164,1.0,1.0,-6507.65079623133
DAC,power,FR,0,0.08024258719069129,lifetime,0,-584.3509189121867,1.0,1.0,-7282.3040653402
DAC,power,HR,0,0.08024258719069129,lifetime,0,-315.7590837152075,1.0,1.0,-3935.05611882661
DAC,power,HU,0,0.08024258719069129,lifetime,0,-95.47624611198063,1.0,1.0,-1189.8450617636186
DAC,power,IE,0,0.08024258719069129,lifetime,0,-652.0068938281048,1.0,1.0,-8125.447055671982
DAC,power,IT,0,0.08024258719069129,lifetime,0,-307.787935981106,1.0,1.0,-3835.7179990927757
DAC,power,LT,0,0.08024258719069129,lifetime,0,-524.425067723648,1.0,1.0,-6535.495502872882
DAC,power,LU,0,0.08024258719069129,lifetime,0,-391.2096493081069,1.0,1.0,-4875.336937708933
DAC,power,LV,0,0.08024258719069129,lifetime,0,-528.5825831903394,1.0,1.0,-6587.307335121153
DAC,power,NL,0,0.08024258719069129,lifetime,0,-159.2459397629188,1.0,1.0,-1984.556397520947
DAC,power,NO,0,0.08024258719069129,lifetime,0,-669.8837405561271,1.0,1.0,-8348.232079857944
DAC,power,PL,0,0.08024258719069129,lifetime,0,-349.69802135649627,1.0,1.0,-4358.010298514699
DAC,power,PT,0,0.08024258719069129,lifetime,0,-255.35317393650362,1.0,1.0,-3182.2649652319087
DAC,power,RO,0,0.08024258719069129,lifetime,0,-353.8044834006642,1.0,1.0,-4409.185892272776
DAC,power,SE,0,0.08024258719069129,lifetime,0,-865.0221154598624,1.0,1.0,-10780.08755380972
DAC,power,SI,0,0.08024258719069129,lifetime,0,-311.76998997762223,1.0,1.0,-3885.3431935927133
DAC,power,SK,0,0.08024258719069129,lifetime,0,-379.51916966074,1.0,1.0,-4729.647721338263
DAC,power,UK,0,0.08024258719069129,lifetime,0,-617.5596656599396,1.0,1.0,-7696.158452522838
EAF,power,AT,0,0.08024258719069129,lifetime,0,-148.2212676249116,1.0,1.0,-1847.1646143795615
EAF,power,BE,0,0.08024258719069129,lifetime,0,-148.2212676249116,1.0,1.0,-1847.1646143795615
EAF,power,BG,0,0.08024258719069129,lifetime,0,-148.2212676249116,1.0,1.0,-1847.1646143795615
EAF,power,CH,0,0.08024258719069129,lifetime,0,-0.0,1.0,1.0,-0.0
EAF,power,CZ,0,0.08024258719069129,lifetime,0,-148.2212676249116,1.0,1.0,-1847.1646143795615
EAF,power,DE,0,0.08024258719069129,lifetime,0,-148.2212676249116,1.0,1.0,-1847.1646143795615
EAF,power,DK,0,0.08024258719069129,lifetime,0,-0.0,1.0,1.0,-0.0
EAF,power,EE,0,0.08024258719069129,lifetime,0,-0.0,1.0,1.0,-0.0
EAF,power,EL,0,0.08024258719069129,lifetime,0,-148.2212676249116,1.0,1.0,-1847.1646143795615
EAF,power,ES,0,0.08024258719069129,lifetime,0,-148.2212676249116,1.0,1.0,-1847.1646143795615
EAF,power,FI,0,0.08024258719069129,lifetime,0,-148.2212676249116,1.0,1.0,-1847.1646143795615
EAF,power,FR,0,0.08024258719069129,lifetime,0,-148.2212676249116,1.0,1.0,-1847.1646143795615
EAF,power,HR,0,0.08024258719069129,lifetime,0,-148.2212676249116,1.0,1.0,-1847.1646143795615
EAF,power,HU,0,0.08024258719069129,lifetime,0,-148.2212676249116,1.0,1.0,-1847.1646143795615
EAF,power,IE,0,0.08024258719069129,lifetime,0,-0.0,1.0,1.0,-0.0
EAF,power,IT,0,0.08024258719069129,lifetime,0,-148.2212676249116,1.0,1.0,-1847.1646143795615
EAF,power,LT,0,0.08024258719069129,lifetime,0,-0.0,1.0,1.0,-0.0
EAF,power,LU,0,0.08024258719069129,lifetime,0,-148.2212676249116,1.0,1.0,-1847.1646143795615
EAF,power,LV,0,0.08024258719069129,lifetime,0,-0.0,1.0,1.0,-0.0
EAF,power,NL,0,0.08024258719069129,lifetime,0,-148.2212676249116,1.0,1.0,-1847.1646143795615
EAF,power,NO,0,0.08024258719069129,lifetime,0,-148.2212676249116,1.0,1.0,-1847.1646143795615
EAF,power,PL,0,0.08024258719069129,lifetime,0,-148.2212676249116,1.0,1.0,-1847.1646143795615
EAF,power,PT,0,0.08024258719069129,lifetime,0,-148.2212676249116,1.0,1.0,-1847.1646143795615
EAF,power,RO,0,0.08024258719069129,lifetime,0,-148.2212676249116,1.0,1.0,-1847.1646143795615
EAF,power,SE,0,0.08024258719069129,lifetime,0,-148.2212676249116,1.0,1.0,-1847.1646143795615
EAF,power,SI,0,0.08024258719069129,lifetime,0,-148.2212676249116,1.0,1.0,-1847.1646143795615
EAF,power,SK,0,0.08024258719069129,lifetime,0,-148.2212676249116,1.0,1.0,-1847.1646143795615
EAF,power,UK,0,0.08024258719069129,lifetime,0,-148.2212676249116,1.0,1.0,-1847.1646143795615
H2_DRI,power,AT,0,0.08024258719069129,lifetime,0,-275.64166701107297,1.0,1.0,-3435.104433460358
H2_DRI,power,BE,0,0.08024258719069129,lifetime,0,-208.11685010971965,1.0,1.0,-2593.5959618941934
H2_DRI,power,BG,0,0.08024258719069129,lifetime,0,-234.672315559372,1.0,1.0,-2924.5357580718146
H2_DRI,power,CH,0,0.08024258719069129,lifetime,0,-0.0,1.0,1.0,-0.0
H2_DRI,power,CZ,0,0.08024258719069129,lifetime,0,-294.6848009904034,1.0,1.0,-3672.4239746919443
H2_DRI,power,DE,0,0.08024258719069129,lifetime,0,-258.46028332018113,1.0,1.0,-3220.986415928578
H2_DRI,power,DK,0,0.08024258719069129,lifetime,0,-0.0,1.0,1.0,-0.0
H2_DRI,power,EE,0,0.08024258719069129,lifetime,0,-0.0,1.0,1.0,-0.0
H2_DRI,power,EL,0,0.08024258719069129,lifetime,0,-230.11851860614172,1.0,1.0,-2867.785382583441
H2_DRI,power,ES,0,0.08024258719069129,lifetime,0,-311.04846467282897,1.0,1.0,-3876.3513934769144
H2_DRI,power,FI,0,0.08024258719069129,lifetime,0,-190.70260029095542,1.0,1.0,-2376.5759176952147
H2_DRI,power,FR,0,0.08024258719069129,lifetime,0,-293.461676135366,1.0,1.0,-3657.18113547328
H2_DRI,power,HR,0,0.08024258719069129,lifetime,0,-252.5373463299724,1.0,1.0,-3147.173529310986
H2_DRI,power,HU,0,0.08024258719069129,lifetime,0,-251.63357683432037,1.0,1.0,-3135.9105637549987
H2_DRI,power,IE,0,0.08024258719069129,lifetime,0,-0.0,1.0,1.0,-0.0
H2_DRI,power,IT,0,0.08024258719069129,lifetime,0,-292.80583779321137,1.0,1.0,-3649.007940102646
H2_DRI,power,LT,0,0.08024258719069129,lifetime,0,-0.0,1.0,1.0,-0.0
H2_DRI,power,LU,0,0.08024258719069129,lifetime,0,-232.39365309601783,1.0,1.0,-2896.138587153844
H2_DRI,power,LV,0,0.08024258719069129,lifetime,0,-0.0,1.0,1.0,-0.0
H2_DRI,power,NL,0,0.08024258719069129,lifetime,0,-217.7880639040236,1.0,1.0,-2714.1206624664837
H2_DRI,power,NO,0,0.08024258719069129,lifetime,0,-163.72627917148736,1.0,1.0,-2040.3913296365
H2_DRI,power,PL,0,0.08024258719069129,lifetime,0,-221.20685913741102,1.0,1.0,-2756.7264077830305
H2_DRI,power,PT,0,0.08024258719069129,lifetime,0,-333.49785215605107,1.0,1.0,-4156.120382354013
H2_DRI,power,RO,0,0.08024258719069129,lifetime,0,-176.5104710344057,1.0,1.0,-2199.7106176915763
H2_DRI,power,SE,0,0.08024258719069129,lifetime,0,-215.2308428279497,1.0,1.0,-2682.252035524074
H2_DRI,power,SI,0,0.08024258719069129,lifetime,0,-280.4339673391145,1.0,1.0,-3494.8270881730346
H2_DRI,power,SK,0,0.08024258719069129,lifetime,0,-254.56565342170236,1.0,1.0,-3172.4507189273904
H2_DRI,power,UK,0,0.08024258719069129,lifetime,0,-179.19570229199957,1.0,1.0,-2233.174534442074
HDT_BET,power,AT,0,0.08024258719069129,lifetime,0,-13.307629447090957,1.0,1.0,-165.84247733022667
HDT_BET,power,BE,0,0.08024258719069129,lifetime,0,-15.7942595800546,1.0,1.0,-196.83138509131777
HDT_BET,power,BG,0,0.08024258719069129,lifetime,0,-19.63688910945515,1.0,1.0,-244.7190425551629
HDT_BET,power,CH,0,0.08024258719069129,lifetime,0,-14.006234599666982,1.0,1.0,-174.54864168801134
HDT_BET,power,CZ,0,0.08024258719069129,lifetime,0,-20.797983184011173,1.0,1.0,-259.18884113975685
HDT_BET,power,DE,0,0.08024258719069129,lifetime,0,-14.757232015847759,1.0,1.0,-183.90772945516022
HDT_BET,power,DK,0,0.08024258719069129,lifetime,0,-20.797983184011173,1.0,1.0,-259.18884113975685
HDT_BET,power,EE,0,0.08024258719069129,lifetime,0,-20.797983184011173,1.0,1.0,-259.18884113975685
HDT_BET,power,EL,0,0.08024258719069129,lifetime,0,-20.154842094203868,1.0,1.0,-251.17388159864782
HDT_BET,power,ES,0,0.08024258719069129,lifetime,0,-20.625291789696032,1.0,1.0,-257.03672465945505
HDT_BET,power,FI,0,0.08024258719069129,lifetime,0,-20.797983184011173,1.0,1.0,-259.18884113975685
HDT_BET,power,FR,0,0.08024258719069129,lifetime,0,-20.797983184011173,1.0,1.0,-259.18884113975685
HDT_BET,power,HR,0,0.08024258719069129,lifetime,0,-17.51764658871498,1.0,1.0,-218.30859649484424
HDT_BET,power,HU,0,0.08024258719069129,lifetime,0,-20.797983184011173,1.0,1.0,-259.18884113975685
HDT_BET,power,IE,0,0.08024258719069129,lifetime,0,-20.797983184011173,1.0,1.0,-259.18884113975685
HDT_BET,power,IT,0,0.08024258719069129,lifetime,0,-15.077488541418806,1.0,1.0,-187.89883364039764
HDT_BET,power,LT,0,0.08024258719069129,lifetime,0,-20.797983184011173,1.0,1.0,-259.18884113975685
HDT_BET,power,LU,0,0.08024258719069129,lifetime,0,-17.93309368011688,1.0,1.0,-223.48598553409113
HDT_BET,power,LV,0,0.08024258719069129,lifetime,0,-20.797983184011173,1.0,1.0,-259.18884113975685
HDT_BET,power,NL,0,0.08024258719069129,lifetime,0,-20.797983184011173,1.0,1.0,-259.18884113975685
HDT_BET,power,NO,0,0.08024258719069129,lifetime,0,-20.797983184011173,1.0,1.0,-259.18884113975685
HDT_BET,power,PL,0,0.08024258719069129,lifetime,0,-17.265555416394196,1.0,1.0,-215.16698327988513
HDT_BET,power,PT,0,0.08024258719069129,lifetime,0,-20.797983184011173,1.0,1.0,-259.18884113975685
HDT_BET,power,RO,0,0.08024258719069129,lifetime,0,-19.92212095741392,1.0,1.0,-248.2736618408165
HDT_BET,power,SE,0,0.08024258719069129,lifetime,0,-20.797983184011173,1.0,1.0,-259.18884113975685
HDT_BET,power,SI,0,0.08024258719069129,lifetime,0,-16.84760715640533,1.0,1.0,-209.9584241516053
HDT_BET,power,SK,0,0.08024258719069129,lifetime,0,-20.797983184011173,1.0,1.0,-259.18884113975685
HDT_BET,power,UK,0,0.08024258719069129,lifetime,0,-20.797983184011173,1.0,1.0,-259.18884113975685
HDT_FCEV,power,AT,0,0.08024258719069129,lifetime,0,-23.814701716214973,1.0,1.0,-296.7838220323191
HDT_FCEV,power,BE,0,0.08024258719069129,lifetime,0,-23.814701716214973,1.0,1.0,-296.7838220323191
HDT_FCEV,power,BG,0,0.08024258719069129,lifetime,0,-23.814701716214973,1.0,1.0,-296.7838220323191
HDT_FCEV,power,CH,0,0.08024258719069129,lifetime,0,-23.814701716214973,1.0,1.0,-296.7838220323191
HDT_FCEV,power,CZ,0,0.08024258719069129,lifetime,0,-21.01414405508572,1.0,1.0,-261.88268338291454
HDT_FCEV,power,DE,0,0.08024258719069129,lifetime,0,-23.814701716214973,1.0,1.0,-296.7838220323191
HDT_FCEV,power,DK,0,0.08024258719069129,lifetime,0,-5.402098728482683,1.0,1.0,-67.32209064551903
HDT_FCEV,power,EE,0,0.08024258719069129,lifetime,0,-4.412389221378866,1.0,1.0,-54.98812258997968
HDT_FCEV,power,EL,0,0.08024258719069129,lifetime,0,-23.814701716214973,1.0,1.0,-296.7838220323191
HDT_FCEV,power,ES,0,0.08024258719069129,lifetime,0,-23.814701716214973,1.0,1.0,-296.7838220323191
HDT_FCEV,power,FI,0,0.08024258719069129,lifetime,0,-17.799528592299495,1.0,1.0,-221.82146931529107
HDT_FCEV,power,FR,0,0.08024258719069129,lifetime,0,-9.95046523880125,1.0,1.0,-124.00479081207361
HDT_FCEV,power,HR,0,0.08024258719069129,lifetime,0,-23.814701716214973,1.0,1.0,-296.7838220323191
HDT_FCEV,power,HU,0,0.08024258719069129,lifetime,0,-22.617649436166836,1.0,1.0,-281.8659047273422
HDT_FCEV,power,IE,0,0.08024258719069129,lifetime,0,-4.404088077081043,1.0,1.0,-54.88467198365643
HDT_FCEV,power,IT,0,0.08024258719069129,lifetime,0,-23.814701716214973,1.0,1.0,-296.7838220323191
HDT_FCEV,power,LT,0,0.08024258719069129,lifetime,0,-7.835380373808425,1.0,1.0,-97.64615833221022
HDT_FCEV,power,LU,0,0.08024258719069129,lifetime,0,-23.814701716214973,1.0,1.0,-296.7838220323191
HDT_FCEV,power,LV,0,0.08024258719069129,lifetime,0,-6.016368032810787,1.0,1.0,-74.97724392302158
HDT_FCEV,power,NL,0,0.08024258719069129,lifetime,0,-18.928606520039107,1.0,1.0,-235.89227594390127
HDT_FCEV,power,NO,0,0.08024258719069129,lifetime,0,-10.040360102236995,1.0,1.0,-125.12507950892378
HDT_FCEV,power,PL,0,0.08024258719069129,lifetime,0,-23.814701716214973,1.0,1.0,-296.7838220323191
HDT_FCEV,power,PT,0,0.08024258719069129,lifetime,0,-21.133383713821484,1.0,1.0,-263.36867309125233
HDT_FCEV,power,RO,0,0.08024258719069129,lifetime,0,-23.814701716214973,1.0,1.0,-296.7838220323191
HDT_FCEV,power,SE,0,0.08024258719069129,lifetime,0,-2.1022551226389976,1.0,1.0,-26.198745532009394
HDT_FCEV,power,SI,0,0.08024258719069129,lifetime,0,-23.814701716214973,1.0,1.0,-296.7838220323191
HDT_FCEV,power,SK,0,0.08024258719069129,lifetime,0,-19.598135561220012,1.0,1.0,-244.23608768553683
HDT_FCEV,power,UK,0,0.08024258719069129,lifetime,0,-6.938047334090525,1.0,1.0,-86.46340524393496
HDT_diesel,power,AT,0,0.08024258719069129,lifetime,0,-0.0,1.0,1.0,-0.0
HDT_diesel,power,BE,0,0.08024258719069129,lifetime,0,-0.0,1.0,1.0,-0.0
HDT_diesel,power,BG,0,0.08024258719069129,lifetime,0,-0.0,1.0,1.0,-0.0
HDT_diesel,power,CH,0,0.08024258719069129,lifetime,0,-0.0,1.0,1.0,-0.0
HDT_diesel,power,CZ,0,0.08024258719069129,lifetime,0,-0.0,1.0,1.0,-0.0
HDT_diesel,power,DE,0,0.08024258719069129,lifetime,0,-0.0,1.0,1.0,-0.0
HDT_diesel,power,DK,0,0.08024258719069129,lifetime,0,-0.0,1.0,1.0,-0.0
HDT_diesel,power,EE,0,0.08024258719069129,lifetime,0,-0.0,1.0,1.0,-0.0
HDT_diesel,power,EL,0,0.08024258719069129,lifetime,0,-0.0,1.0,1.0,-0.0
HDT_diesel,power,ES,0,0.08024258719069129,lifetime,0,-0.0,1.0,1.0,-0.0
HDT_diesel,power,FI,0,0.08024258719069129,lifetime,0,-0.0,1.0,1.0,-0.0
HDT_diesel,power,FR,0,0.08024258719069129,lifetime,0,-0.0,1.0,1.0,-0.0
HDT_diesel,power,HR,0,0.08024258719069129,lifetime,0,-0.0,1.0,1.0,-0.0
HDT_diesel,power,HU,0,0.08024258719069129,lifetime,0,-0.0,1.0,1.0,-0.0
HDT_diesel,power,IE,0,0.08024258719069129,lifetime,0,-0.0,1.0,1.0,-0.0
HDT_diesel,power,IT,0,0.08024258719069129,lifetime,0,-0.0,1.0,1.0,-0.0
HDT_diesel,power,LT,0,0.08024258719069129,lifetime,0,-0.0,1.0,1.0,-0.0
HDT_diesel,power,LU,0,0.08024258719069129,lifetime,0,-0.0,1.0,1.0,-0.0
HDT_diesel,power,LV,0,0.08024258719069129,lifetime,0,-0.0,1.0,1.0,-0.0
HDT_diesel,power,NL,0,0.08024258719069129,lifetime,0,-0.0,1.0,1.0,-0.0
HDT_diesel,power,NO,0,0.08024258719069129,lifetime,0,-0.0,1.0,1.0,-0.0
HDT_diesel,power,PL,0,0.08024258719069129,lifetime,0,-0.0,1.0,1.0,-0.0
HDT_diesel,power,PT,0,0.08024258719069129,lifetime,0,-0.0,1.0,1.0,-0.0
HDT_diesel,power,RO,0,0.08024258719069129,lifetime,0,-0.0,1.0,1.0,-0.0
HDT_diesel,power,SE,0,0.08024258719069129,lifetime,0,-0.0,1.0,1.0,-0.0
HDT_diesel,power,SI,0,0.08024258719069129,lifetime,0,-0.0,1.0,1.0,-0.0
HDT_diesel,power,SK,0,0.08024258719069129,lifetime,0,-0.0,1.0,1.0,-0.0
HDT_diesel,power,UK,0,0.08024258719069129,lifetime,0,-0.0,1.0,1.0,-0.0
ICE_diesel,power,AT,0,0.08024258719069129,lifetime,0,-381.16926016489066,1.0,1.0,-4750.211496285217
ICE_diesel,power,BE,0,0.08024258719069129,lifetime,0,-384.7785927629548,1.0,1.0,-4795.1917583184795
ICE_diesel,power,BG,0,0.08024258719069129,lifetime,0,-387.72195049054073,1.0,1.0,-4831.872501432996
ICE_diesel,power,CH,0,0.08024258719069129,lifetime,0,-387.5358644392696,1.0,1.0,-4829.553457920241
ICE_diesel,power,CZ,0,0.08024258719069129,lifetime,0,-383.36240779862214,1.0,1.0,-4777.542963409022
ICE_diesel,power,DE,0,0.08024258719069129,lifetime,0,-388.91424224830087,1.0,1.0,-4846.731092107879
ICE_diesel,power,DK,0,0.08024258719069129,lifetime,0,-351.8562309591188,1.0,1.0,-4384.9063605458705
ICE_diesel,power,EE,0,0.08024258719069129,lifetime,0,-331.67527274480284,1.0,1.0,-4133.407014365054
ICE_diesel,power,EL,0,0.08024258719069129,lifetime,0,-359.3597651831503,1.0,1.0,-4478.416982358198
ICE_diesel,power,ES,0,0.08024258719069129,lifetime,0,-346.42715397771565,1.0,1.0,-4317.248061237782
ICE_diesel,power,FI,0,0.08024258719069129,lifetime,0,-376.7481986841987,1.0,1.0,-4695.115298175533
ICE_diesel,power,FR,0,0.08024258719069129,lifetime,0,-345.74955395938974,1.0,1.0,-4308.803667281296
ICE_diesel,power,HR,0,0.08024258719069129,lifetime,0,-376.92153163551745,1.0,1.0,-4697.275409874161
ICE_diesel,power,HU,0,0.08024258719069129,lifetime,0,-389.11141187404127,1.0,1.0,-4849.188261457016
ICE_diesel,power,IE,0,0.08024258719069129,lifetime,0,-336.40997586062355,1.0,1.0,-4192.411880503892
ICE_diesel,power,IT,0,0.08024258719069129,lifetime,0,-369.217525872389,1.0,1.0,-4601.266469573913
ICE_diesel,power,LT,0,0.08024258719069129,lifetime,0,-366.6567535985965,1.0,1.0,-4569.353586858567
ICE_diesel,power,LU,0,0.08024258719069129,lifetime,0,-376.73922186511794,1.0,1.0,-4695.0034271679415
ICE_diesel,power,LV,0,0.08024258719069129,lifetime,0,-354.1549447237537,1.0,1.0,-4413.553414998042
ICE_diesel,power,NL,0,0.08024258719069129,lifetime,0,-367.41057259447416,1.0,1.0,-4578.747837745396
ICE_diesel,power,NO,0,0.08024258719069129,lifetime,0,-368.15788661360654,1.0,1.0,-4588.061022243753
ICE_diesel,power,PL,0,0.08024258719069129,lifetime,0,-391.44024780823406,1.0,1.0,-4878.210704722192
ICE_diesel,power,PT,0,0.08024258719069129,lifetime,0,-346.02772269530266,1.0,1.0,-4312.270264578961
ICE_diesel,power,RO,0,0.08024258719069129,lifetime,0,-379.31519576923233,1.0,1.0,-4727.105755797909
ICE_diesel,power,SE,0,0.08024258719069129,lifetime,0,-339.419126730163,1.0,1.0,-4229.912551592529
ICE_diesel,power,SI,0,0.08024258719069129,lifetime,0,-378.80017658369434,1.0,1.0,-4720.687478377291
ICE_diesel,power,SK,0,0.08024258719069129,lifetime,0,-382.14129393398775,1.0,1.0,-4762.325185575757
ICE_diesel,power,UK,0,0.08024258719069129,lifetime,0,-352.93834156180975,1.0,1.0,-4398.391850490498
ICE_petrol,power,AT,0,0.08024258719069129,lifetime,0,-355.2673521542863,1.0,1.0,-4427.416470383944
ICE_petrol,power,BE,0,0.08024258719069129,lifetime,0,-358.7214074940289,1.0,1.0,-4470.46163456259
ICE_petrol,power,BG,0,0.08024258719069129,lifetime,0,-360.7615682558671,1.0,1.0,-4495.886547109214
ICE_petrol,power,CH,0,0.08024258719069129,lifetime,0,-361.12008980473365,1.0,1.0,-4500.354518063522
ICE_petrol,power,CZ,0,0.08024258719069129,lifetime,0,-356.7877530180643,1.0,1.0,-4446.364025753325
ICE_petrol,power,DE,0,0.08024258719069129,lifetime,0,-362.75222393929675,1.0,1.0,-4520.6945169556875
ICE_petrol,power,DK,0,0.08024258719069129,lifetime,0,-325.4007349452391,1.0,1.0,-4055.212404504673
ICE_petrol,power,EE,0,0.08024258719069129,lifetime,0,-306.51786960526437,1.0,1.0,-3819.89016476805
ICE_petrol,power,EL,0,0.08024258719069129,lifetime,0,-333.65846027245556,1.0,1.0,-4158.121914483365
ICE_petrol,power,ES,0,0.08024258719069129,lifetime,0,-320.637856863655,1.0,1.0,-3995.8564160160986
ICE_petrol,power,FI,0,0.08024258719069129,lifetime,0,-350.7766902249879,1.0,1.0,-4371.452896843791
ICE_petrol,power,FR,0,0.08024258719069129,lifetime,0,-319.6542539186137,1.0,1.0,-3983.5985492214522
ICE_petrol,power,HR,0,0.08024258719069129,lifetime,0,-350.73564914920746,1.0,1.0,-4370.941434324731
ICE_petrol,power,HU,0,0.08024258719069129,lifetime,0,-362.2438715827324,1.0,1.0,-4514.3593229600565
ICE_petrol,power,IE,0,0.08024258719069129,lifetime,0,-310.8131499906574,1.0,1.0,-3873.418852411004
ICE_petrol,power,IT,0,0.08024258719069129,lifetime,0,-343.0823263592823,1.0,1.0,-4275.5641158973285
ICE_petrol,power,LT,0,0.08024258719069129,lifetime,0,-339.81710782815713,1.0,1.0,-4234.872275748087
ICE_petrol,power,LU,0,0.08024258719069129,lifetime,0,-351.128650167975,1.0,1.0,-4375.839095685445
ICE_petrol,power,LV,0,0.08024258719069129,lifetime,0,-327.78543247095325,1.0,1.0,-4084.9310066734574
ICE_petrol,power,NL,0,0.08024258719069129,lifetime,0,-341.83677280207576,1.0,1.0,-4260.0417654745215
ICE_petrol,power,NO,0,0.08024258719069129,lifetime,0,-341.23250357009346,1.0,1.0,-4252.511235202033
ICE_petrol,power,PL,0,0.08024258719069129,lifetime,0,-365.21923691748617,1.0,1.0,-4551.43895160766
ICE_petrol,power,PT,0,0.08024258719069129,lifetime,0,-320.44161764411706,1.0,1.0,-3993.410841584761
ICE_petrol,power,RO,0,0.08024258719069129,lifetime,0,-353.16157766963477,1.0,1.0,-4401.173865822263
ICE_petrol,power,SE,0,0.08024258719069129,lifetime,0,-312.9747620702461,1.0,1.0,-3900.3573168258135
ICE_petrol,power,SI,0,0.08024258719069129,lifetime,0,-352.44043424845245,1.0,1.0,-4392.18682482035
ICE_petrol,power,SK,0,0.08024258719069129,lifetime,0,-355.61128692472204,1.0,1.0,-4431.702657837228
ICE_petrol,power,UK,0,0.08024258719069129,lifetime,0,-326.7238366887074,1.0,1.0,-4071.701176736357
NG_DRI,power,AT,0,0.08024258719069129,lifetime,0,-333.49785215605107,1.0,1.0,-4156.120382354013
NG_DRI,power,BE,0,0.08024258719069129,lifetime,0,-333.49785215605107,1.0,1.0,-4156.120382354013
NG_DRI,power,BG,0,0.08024258719069129,lifetime,0,-333.49785215605107,1.0,1.0,-4156.120382354013
NG_DRI,power,CH,0,0.08024258719069129,lifetime,0,-0.0,1.0,1.0,-0.0
NG_DRI,power,CZ,0,0.08024258719069129,lifetime,0,-333.49785215605107,1.0,1.0,-4156.120382354013
NG_DRI,power,DE,0,0.08024258719069129,lifetime,0,-333.49785215605107,1.0,1.0,-4156.120382354013
NG_DRI,power,DK,0,0.08024258719069129,lifetime,0,-0.0,1.0,1.0,-0.0
NG_DRI,power,EE,0,0.08024258719069129,lifetime,0,-0.0,1.0,1.0,-0.0
NG_DRI,power,EL,0,0.08024258719069129,lifetime,0,-333.49785215605107,1.0,1.0,-4156.120382354013
NG_DRI,power,ES,0,0.08024258719069129,lifetime,0,-333.49785215605107,1.0,1.0,-4156.120382354013
NG_DRI,power,FI,0,0.08024258719069129,lifetime,0,-333.49785215605107,1.0,1.0,-4156.120382354013
NG_DRI,power,FR,0,0.08024258719069129,lifetime,0,-333.49785215605107,1.0,1.0,-4156.120382354013
NG_DRI,power,HR,0,0.08024258719069129,lifetime,0,-333.49785215605107,1.0,1.0,-4156.120382354013
NG_DRI,power,HU,0,0.08024258719069129,lifetime,0,-333.49785215605107,1.0,1.0,-4156.120382354013
NG_DRI,power,IE,0,0.08024258719069129,lifetime,0,-0.0,1.0,1.0,-0.0
NG_DRI,power,IT,0,0.08024258719069129,lifetime,0,-333.49785215605107,1.0,1.0,-4156.120382354013
NG_DRI,power,LT,0,0.08024258719069129,lifetime,0,-0.0,1.0,1.0,-0.0
NG_DRI,power,LU,0,0.08024258719069129,lifetime,0,-333.49785215605107,1.0,1.0,-4156.120382354013
NG_DRI,power,LV,0,0.08024258719069129,lifetime,0,-0.0,1.0,1.0,-0.0
NG_DRI,power,NL,0,0.08024258719069129,lifetime,0,-333.49785215605107,1.0,1.0,-4156.120382354013
NG_DRI,power,NO,0,0.08024258719069129,lifetime,0,-333.49785215605107,1.0,1.0,-4156.120382354013
NG_DRI,power,PL,0,0.08024258719069129,lifetime,0,-333.49785215605107,1.0,1.0,-4156.120382354013
NG_DRI,power,PT,0,0.08024258719069129,lifetime,0,-333.49785215605107,1.0,1.0,-4156.120382354013
NG_DRI,power,RO,0,0.08024258719069129,lifetime,0,-333.49785215605107,1.0,1.0,-4156.120382354013
NG_DRI,power,SE,0,0.08024258719069129,lifetime,0,-333.49785215605107,1.0,1.0,-4156.120382354013
NG_DRI,power,SI,0,0.08024258719069129,lifetime,0,-333.49785215605107,1.0,1.0,-4156.120382354013
NG_DRI,power,SK,0,0.08024258719069129,lifetime,0,-333.49785215605107,1.0,1.0,-4156.120382354013
NG_DRI,power,UK,0,0.08024258719069129,lifetime,0,-333.49785215605107,1.0,1.0,-4156.120382354013
SMR,power,AT,0,0.06505143508027657,lifetime,0,-20.868164790440794,1.0,1.0,-320.79484126197195
SMR,power,BE,0,0.06505143508027657,lifetime,0,-20.868164790440794,1.0,1.0,-320.79484126197195
SMR,power,BG,0,0.06505143508027657,lifetime,0,-20.868164790440794,1.0,1.0,-320.79484126197195
SMR,power,CH,0,0.06505143508027657,lifetime,0,-20.868164790440794,1.0,1.0,-320.79484126197195
SMR,power,CZ,0,0.06505143508027657,lifetime,0,-20.868164790440794,1.0,1.0,-320.79484126197195
SMR,power,DE,0,0.06505143508027657,lifetime,0,-20.868164790440794,1.0,1.0,-320.79484126197195
SMR,power,DK,0,0.06505143508027657,lifetime,0,-20.868164790440794,1.0,1.0,-320.79484126197195
SMR,power,EE,0,0.06505143508027657,lifetime,0,-20.868164790440794,1.0,1.0,-320.79484126197195
SMR,power,EL,0,0.06505143508027657,lifetime,0,-20.868164790440794,1.0,1.0,-320.79484126197195
SMR,power,ES,0,0.06505143508027657,lifetime,0,-20.868164790440794,1.0,1.0,-320.79484126197195
SMR,power,FI,0,0.06505143508027657,lifetime,0,-20.868164790440794,1.0,1.0,-320.79484126197195
SMR,power,FR,0,0.06505143508027657,lifetime,0,-20.868164790440794,1.0,1.0,-320.79484126197195
SMR,power,HR,0,0.06505143508027657,lifetime,0,-20.868164790440794,1.0,1.0,-320.79484126197195
SMR,power,HU,0,0.06505143508027657,lifetime,0,-20.868164790440794,1.0,1.0,-320.79484126197195
SMR,power,IE,0,0.06505143508027657,lifetime,0,-20.868164790440794,1.0,1.0,-320.79484126197195
SMR,power,IT,0,0.06505143508027657,lifetime,0,-20.868164790440794,1.0,1.0,-320.79484126197195
SMR,power,LT,0,0.06505143508027657,lifetime,0,-20.868164790440794,1.0,1.0,-320.79484126197195
SMR,power,LU,0,0.06505143508027657,lifetime,0,-20.868164790440794,1.0,1.0,-320.79484126197195
SMR,power,LV,0,0.06505143508027657,lifetime,0,-20.868164790440794,1.0,1.0,-320.79484126197195
SMR,power,NL,0,0.06505143508027657,lifetime,0,-20.868164790440794,1.0,1.0,-320.79484126197195
SMR,power,NO,0,0.06505143508027657,lifetime,0,-20.868164790440794,1.0,1.0,-320.79484126197195
SMR,power,PL,0,0.06505143508027657,lifetime,0,-20.868164790440794,1.0,1.0,-320.79484126197195
SMR,power,PT,0,0.06505143508027657,lifetime,0,-20.868164790440794,1.0,1.0,-320.79484126197195
SMR,power,RO,0,0.06505143508027657,lifetime,0,-20.868164790440794,1.0,1.0,-320.79484126197195
SMR,power,SE,0,0.06505143508027657,lifetime,0,-20.868164790440794,1.0,1.0,-320.79484126197195
SMR,power,SI,0,0.06505143508027657,lifetime,0,-20.868164790440794,1.0,1.0,-320.79484126197195
SMR,power,SK,0,0.06505143508027657,lifetime,0,-20.868164790440794,1.0,1.0,-320.79484126197195
SMR,power,UK,0,0.06505143508027657,lifetime,0,-20.868164790440794,1.0,1.0,-320.79484126197195
ammonia_ICE_ship,power,AT,0,0.06505143508027657,lifetime,0,-26.008818596067705,1.0,1.0,-399.81929013513053
ammonia_ICE_ship,power,BE,0,0.06505143508027657,lifetime,0,-20.466658668182546,1.0,1.0,-314.6227080605634
ammonia_ICE_ship,power,BG,0,0.06505143508027657,lifetime,0,-13.753204165001499,1.0,1.0,-211.42045748920665
ammonia_ICE_ship,power,CH,0,0.06505143508027657,lifetime,0,-25.690220570899335,1.0,1.0,-394.92165759596816
ammonia_ICE_ship,power,CZ,0,0.06505143508027657,lifetime,0,-5.287508336278464,1.0,1.0,-81.28196295367545
ammonia_ICE_ship,power,DE,0,0.06505143508027657,lifetime,0,-24.033254879615058,1.0,1.0,-369.45003365347554
ammonia_ICE_ship,power,DK,0,0.06505143508027657,lifetime,0,24.91847083564302,1.0,1.0,383.0579725857307
ammonia_ICE_ship,power,EE,0,0.06505143508027657,lifetime,0,26.995228861936607,1.0,1.0,414.9828336396147
ammonia_ICE_ship,power,EL,0,0.06505143508027657,lifetime,0,-13.454963313581061,1.0,1.0,-206.83576460653015
ammonia_ICE_ship,power,ES,0,0.06505143508027657,lifetime,0,-2.2096104980558806,1.0,1.0,-33.967129169850224
ammonia_ICE_ship,power,FI,0,0.06505143508027657,lifetime,0,5.225286029902296,1.0,1.0,80.32545359612811
ammonia_ICE_ship,power,FR,0,0.06505143508027657,lifetime,0,19.116866876802156,1.0,1.0,293.87309985107987
ammonia_ICE_ship,power,HR,0,0.06505143508027657,lifetime,0,-13.639420512902415,1.0,1.0,-209.6713238696536
ammonia_ICE_ship,power,HU,0,0.06505143508027657,lifetime,0,-6.969214743456426,1.0,1.0,-107.13391233961377
ammonia_ICE_ship,power,IE,0,0.06505143508027657,lifetime,0,26.880186666663462,1.0,1.0,413.2143531267532
ammonia_ICE_ship,power,IT,0,0.06505143508027657,lifetime,0,-18.386623374121392,1.0,1.0,-282.64746736842045
ammonia_ICE_ship,power,LT,0,0.06505143508027657,lifetime,0,21.246885558589323,1.0,1.0,326.61670772319866
ammonia_ICE_ship,power,LU,0,0.06505143508027657,lifetime,0,27.0,1.0,1.0,415.05617772583673
ammonia_ICE_ship,power,LV,0,0.06505143508027657,lifetime,0,24.12291307186402,1.0,1.0,370.82829982298153
ammonia_ICE_ship,power,NL,0,0.06505143508027657,lifetime,0,1.8873871943811302,1.0,1.0,29.01376721438973
ammonia_ICE_ship,power,NO,0,0.06505143508027657,lifetime,0,16.877278401238424,1.0,1.0,259.4451356901052
ammonia_ICE_ship,power,PL,0,0.06505143508027657,lifetime,0,-19.82347895242949,1.0,1.0,-304.7354593786651
ammonia_ICE_ship,power,PT,0,0.06505143508027657,lifetime,0,3.477487226364527,1.0,1.0,53.457502083899335
ammonia_ICE_ship,power,RO,0,0.06505143508027657,lifetime,0,-9.78667789700748,1.0,1.0,-150.44522668762426
ammonia_ICE_ship,power,SE,0,0.06505143508027657,lifetime,0,27.0,1.0,1.0,415.05617772583673
ammonia_ICE_ship,power,SI,0,0.06505143508027657,lifetime,0,-14.800163304221762,1.0,1.0,-227.51478558401757
ammonia_ICE_ship,power,SK,0,0.06505143508027657,lifetime,0,27.0,1.0,1.0,415.05617772583673
ammonia_ICE_ship,power,UK,0,0.06505143508027657,lifetime,0,21.62170387991748,1.0,1.0,332.37858401179415
anaerobic_digestion,power,AT,0,0.08024258719069129,lifetime,0,-74.92899411065423,1.0,1.0,-933.7808853619133
anaerobic_digestion,power,BE,0,0.08024258719069129,lifetime,0,-74.92899411065423,1.0,1.0,-933.7808853619133
anaerobic_digestion,power,BG,0,0.08024258719069129,lifetime,0,-74.92899411065423,1.0,1.0,-933.7808853619133
anaerobic_digestion,power,CH,0,0.08024258719069129,lifetime,0,-74.92899411065423,1.0,1.0,-933.7808853619133
anaerobic_digestion,power,CZ,0,0.08024258719069129,lifetime,0,-74.92899411065423,1.0,1.0,-933.7808853619133
anaerobic_digestion,power,DE,0,0.08024258719069129,lifetime,0,-74.92899411065423,1.0,1.0,-933.7808853619133
anaerobic_digestion,power,DK,0,0.08024258719069129,lifetime,0,-74.92899411065423,1.0,1.0,-933.7808853619133
anaerobic_digestion,power,EE,0,0.08024258719069129,lifetime,0,-74.92899411065423,1.0,1.0,-933.7808853619133
anaerobic_digestion,power,EL,0,0.08024258719069129,lifetime,0,-74.92899411065423,1.0,1.0,-933.7808853619133
anaerobic_digestion,power,ES,0,0.08024258719069129,lifetime,0,-74.92899411065423,1.0,1.0,-933.7808853619133
anaerobic_digestion,power,FI,0,0.08024258719069129,lifetime,0,-74.92899411065423,1.0,1.0,-933.7808853619133
anaerobic_digestion,power,FR,0,0.08024258719069129,lifetime,0,-74.92899411065423,1.0,1.0,-933.7808853619133
anaerobic_digestion,power,HR,0,0.08024258719069129,lifetime,0,-74.92899411065423,1.0,1.0,-933.7808853619133
anaerobic_digestion,power,HU,0,0.08024258719069129,lifetime,0,-74.92899411065423,1.0,1.0,-933.7808853619133
anaerobic_digestion,power,IE,0,0.08024258719069129,lifetime,0,-74.92899411065423,1.0,1.0,-933.7808853619133
anaerobic_digestion,power,IT,0,0.08024258719069129,lifetime,0,-74.92899411065423,1.0,1.0,-933.7808853619133
anaerobic_digestion,power,LT,0,0.08024258719069129,lifetime,0,-74.92899411065423,1.0,1.0,-933.7808853619133
anaerobic_digestion,power,LU,0,0.08024258719069129,lifetime,0,-74.92899411065423,1.0,1.0,-933.7808853619133
anaerobic_digestion,power,LV,0,0.08024258719069129,lifetime,0,-74.92899411065423,1.0,1.0,-933.7808853619133
anaerobic_digestion,power,NL,0,0.08024258719069129,lifetime,0,-74.92899411065423,1.0,1.0,-933.7808853619133
anaerobic_digestion,power,NO,0,0.08024258719069129,lifetime,0,-74.92899411065423,1.0,1.0,-933.7808853619133
anaerobic_digestion,power,PL,0,0.08024258719069129,lifetime,0,-74.92899411065423,1.0,1.0,-933.7808853619133
anaerobic_digestion,power,PT,0,0.08024258719069129,lifetime,0,-74.92899411065423,1.0,1.0,-933.7808853619133
anaerobic_digestion,power,RO,0,0.08024258719069129,lifetime,0,-74.92899411065423,1.0,1.0,-933.7808853619133
anaerobic_digestion,power,SE,0,0.08024258719069129,lifetime,0,-74.92899411065423,1.0,1.0,-933.7808853619133
anaerobic_digestion,power,SI,0,0.08024258719069129,lifetime,0,-74.92899411065423,1.0,1.0,-933.7808853619133
anaerobic_digestion,power,SK,0,0.08024258719069129,lifetime,0,-74.92899411065423,1.0,1.0,-933.7808853619133
anaerobic_digestion,power,UK,0,0.08024258719069129,lifetime,0,-74.92899411065423,1.0,1.0,-933.7808853619133
biomass_boiler,power,AT,0,0.08024258719069129,lifetime,0,12.753792698146418,1.0,1.0,158.9404472694513
biomass_boiler,power,BE,0,0.08024258719069129,lifetime,0,12.753792698146418,1.0,1.0,158.9404472694513
biomass_boiler,power,BG,0,0.08024258719069129,lifetime,0,12.753792698146418,1.0,1.0,158.9404472694513
biomass_boiler,power,CH,0,0.08024258719069129,lifetime,0,12.753792698146418,1.0,1.0,158.9404472694513
biomass_boiler,power,CZ,0,0.08024258719069129,lifetime,0,12.753792698146418,1.0,1.0,158.9404472694513
biomass_boiler,power,DE,0,0.08024258719069129,lifetime,0,12.753792698146418,1.0,1.0,158.9404472694513
biomass_boiler,power,DK,0,0.08024258719069129,lifetime,0,12.753792698146418,1.0,1.0,158.9404472694513
biomass_boiler,power,EE,0,0.08024258719069129,lifetime,0,12.753792698146418,1.0,1.0,158.9404472694513
biomass_boiler,power,EL,0,0.08024258719069129,lifetime,0,12.753792698146418,1.0,1.0,158.9404472694513
biomass_boiler,power,ES,0,0.08024258719069129,lifetime,0,11.87449983598788,1.0,1.0,147.9825146685376
biomass_boiler,power,FI,0,0.08024258719069129,lifetime,0,12.753792698146418,1.0,1.0,158.9404472694513
biomass_boiler,power,FR,0,0.08024258719069129,lifetime,0,8.178159760062442,1.0,1.0,101.91794714479454
biomass_boiler,power,HR,0,0.08024258719069129,lifetime,0,12.753792698146418,1.0,1.0,158.9404472694513
biomass_boiler,power,HU,0,0.08024258719069129,lifetime,0,3.40734657274678,1.0,1.0,42.463069699503116
biomass_boiler,power,IE,0,0.08024258719069129,lifetime,0,12.753792698146418,1.0,1.0,158.9404472694513
biomass_boiler,power,IT,0,0.08024258719069129,lifetime,0,12.753792698146418,1.0,1.0,158.9404472694513
biomass_boiler,power,LT,0,0.08024258719069129,lifetime,0,12.753792698146418,1.0,1.0,158.9404472694513
biomass_boiler,power,LU,0,0.08024258719069129,lifetime,0,12.753792698146418,1.0,1.0,158.9404472694513
biomass_boiler,power,LV,0,0.08024258719069129,lifetime,0,12.753792698146418,1.0,1.0,158.9404472694513
biomass_boiler,power,NL,0,0.08024258719069129,lifetime,0,1.2145684864379733,1.0,1.0,15.136207953410455
biomass_boiler,power,NO,0,0.08024258719069129,lifetime,0,12.753792698146418,1.0,1.0,158.9404472694513
biomass_boiler,power,PL,0,0.08024258719069129,lifetime,0,12.753792698146418,1.0,1.0,158.9404472694513
biomass_boiler,power,PT,0,0.08024258719069129,lifetime,0,12.753792698146418,1.0,1.0,158.9404472694513
biomass_boiler,power,RO,0,0.08024258719069129,lifetime,0,12.753792698146418,1.0,1.0,158.9404472694513
biomass_boiler,power,SE,0,0.08024258719069129,lifetime,0,12.753792698146418,1.0,1.0,158.9404472694513
biomass_boiler,power,SI,0,0.08024258719069129,lifetime,0,12.753792698146418,1.0,1.0,158.9404472694513
biomass_boiler,power,SK,0,0.08024258719069129,lifetime,0,12.753792698146418,1.0,1.0,158.9404472694513
biomass_boiler,power,UK,0,0.08024258719069129,lifetime,0,12.753792698146418,1.0,1.0,158.9404472694513
biomass_boiler_DH,power,AT,0,0.0709524572992296,lifetime,0,15.253710301751475,1.0,1.0,214.9849474193912
biomass_boiler_DH,power,BE,0,0.0709524572992296,lifetime,0,15.253710301751475,1.0,1.0,214.9849474193912
biomass_boiler_DH,power,BG,0,0.0709524572992296,lifetime,0,15.253710301751475,1.0,1.0,214.9849474193912
biomass_boiler_DH,power,CH,0,0.0709524572992296,lifetime,0,15.253710301751475,1.0,1.0,214.9849474193912
biomass_boiler_DH,power,CZ,0,0.0709524572992296,lifetime,0,15.253710301751475,1.0,1.0,214.9849474193912
biomass_boiler_DH,power,DE,0,0.0709524572992296,lifetime,0,15.253710301751475,1.0,1.0,214.9849474193912
biomass_boiler_DH,power,DK,0,0.0709524572992296,lifetime,0,15.253710301751475,1.0,1.0,214.9849474193912
biomass_boiler_DH,power,EE,0,0.0709524572992296,lifetime,0,15.253710301751475,1.0,1.0,214.9849474193912
biomass_boiler_DH,power,EL,0,0.0709524572992296,lifetime,0,15.253710301751475,1.0,1.0,214.9849474193912
biomass_boiler_DH,power,ES,0,0.0709524572992296,lifetime,0,15.253710301751475,1.0,1.0,214.9849474193912
biomass_boiler_DH,power,FI,0,0.0709524572992296,lifetime,0,15.253710301751475,1.0,1.0,214.9849474193912
biomass_boiler_DH,power,FR,0,0.0709524572992296,lifetime,0,10.99177235928062,1.0,1.0,154.9174303142841
biomass_boiler_DH,power,HR,0,0.0709524572992296,lifetime,0,15.253710301751475,1.0,1.0,214.9849474193912
biomass_boiler_DH,power,HU,0,0.0709524572992296,lifetime,0,15.253710301751475,1.0,1.0,214.9849474193912
biomass_boiler_DH,power,IE,0,0.0709524572992296,lifetime,0,15.253710301751475,1.0,1.0,214.9849474193912
biomass_boiler_DH,power,IT,0,0.0709524572992296,lifetime,0,15.253710301751475,1.0,1.0,214.9849474193912
biomass_boiler_DH,power,LT,0,0.0709524572992296,lifetime,0,15.253710301751475,1.0,1.0,214.9849474193912
biomass_boiler_DH,power,LU,0,0.0709524572992296,lifetime,0,15.253710301751475,1.0,1.0,214.9849474193912
biomass_boiler_DH,power,LV,0,0.0709524572992296,lifetime,0,15.253710301751475,1.0,1.0,214.9849474193912
biomass_boiler_DH,power,NL,0,0.0709524572992296,lifetime,0,15.253710301751475,1.0,1.0,214.9849474193912
biomass_boiler_DH,power,NO,0,0.0709524572992296,lifetime,0,15.253710301751475,1.0,1.0,214.9849474193912
biomass_boiler_DH,power,PL,0,0.0709524572992296,lifetime,0,15.253710301751475,1.0,1.0,214.9849474193912
biomass_boiler_DH,power,PT,0,0.0709524572992296,lifetime,0,15.253710301751475,1.0,1.0,214.9849474193912
biomass_boiler_DH,power,RO,0,0.0709524572992296,lifetime,0,15.253710301751475,1.0,1.0,214.9849474193912
biomass_boiler_DH,power,SE,0,0.0709524572992296,lifetime,0,15.253710301751475,1.0,1.0,214.9849474193912
biomass_boiler_DH,power,SI,0,0.0709524572992296,lifetime,0,15.253710301751475,1.0,1.0,214.9849474193912
biomass_boiler_DH,power,SK,0,0.0709524572992296,lifetime,0,15.253710301751475,1.0,1.0,214.9849474193912
biomass_boiler_DH,power,UK,0,0.0709524572992296,lifetime,0,15.253710301751475,1.0,1.0,214.9849474193912
biomass_plant,power,AT,0,0.061071707230849794,lifetime,0,-126.88342176651618,1.0,1.0,-2077.613800559062
biomass_plant,power,BE,0,0.061071707230849794,lifetime,0,-126.88342176651618,1.0,1.0,-2077.613800559062
biomass_plant,power,BG,0,0.061071707230849794,lifetime,0,-126.88342176651618,1.0,1.0,-2077.613800559062
biomass_plant,power,CH,0,0.061071707230849794,lifetime,0,-126.88342176651618,1.0,1.0,-2077.613800559062
biomass_plant,power,CZ,0,0.061071707230849794,lifetime,0,-126.88342176651618,1.0,1.0,-2077.613800559062
biomass_plant,power,DE,0,0.061071707230849794,lifetime,0,-126.88342176651618,1.0,1.0,-2077.613800559062
biomass_plant,power,DK,0,0.061071707230849794,lifetime,0,-126.88342176651618,1.0,1.0,-2077.613800559062
biomass_plant,power,EE,0,0.061071707230849794,lifetime,0,-126.88342176651618,1.0,1.0,-2077.613800559062
biomass_plant,power,EL,0,0.061071707230849794,lifetime,0,-126.88342176651618,1.0,1.0,-2077.613800559062
biomass_plant,power,ES,0,0.061071707230849794,lifetime,0,-126.88342176651618,1.0,1.0,-2077.613800559062
biomass_plant,power,FI,0,0.061071707230849794,lifetime,0,-126.88342176651618,1.0,1.0,-2077.613800559062
biomass_plant,power,FR,0,0.061071707230849794,lifetime,0,-126.88342176651618,1.0,1.0,-2077.613800559062
biomass_plant,power,HR,0,0.061071707230849794,lifetime,0,-126.88342176651618,1.0,1.0,-2077.613800559062
biomass_plant,power,HU,0,0.061071707230849794,lifetime,0,-126.88342176651618,1.0,1.0,-2077.613800559062
biomass_plant,power,IE,0,0.061071707230849794,lifetime,0,-126.88342176651618,1.0,1.0,-2077.613800559062
biomass_plant,power,IT,0,0.061071707230849794,lifetime,0,-126.88342176651618,1.0,1.0,-2077.613800559062
biomass_plant,power,LT,0,0.061071707230849794,lifetime,0,-126.88342176651618,1.0,1.0,-2077.613800559062
biomass_plant,power,LU,0,0.061071707230849794,lifetime,0,-126.88342176651618,1.0,1.0,-2077.613800559062
biomass_plant,power,LV,0,0.061071707230849794,lifetime,0,-126.88342176651618,1.0,1.0,-2077.613800559062
biomass_plant,power,NL,0,0.061071707230849794,lifetime,0,-126.88342176651618,1.0,1.0,-2077.613800559062
biomass_plant,power,NO,0,0.061071707230849794,lifetime,0,-126.88342176651618,1.0,1.0,-2077.613800559062
biomass_plant,power,PL,0,0.061071707230849794,lifetime,0,-126.88342176651618,1.0,1.0,-2077.613800559062
biomass_plant,power,PT,0,0.061071707230849794,lifetime,0,-126.88342176651618,1.0,1.0,-2077.613800559062
biomass_plant,power,RO,0,0.061071707230849794,lifetime,0,-126.88342176651618,1.0,1.0,-2077.613800559062
biomass_plant,power,SE,0,0.061071707230849794,lifetime,0,-126.88342176651618,1.0,1.0,-2077.613800559062
biomass_plant,power,SI,0,0.061071707230849794,lifetime,0,-126.88342176651618,1.0,1.0,-2077.613800559062
biomass_plant,power,SK,0,0.061071707230849794,lifetime,0,-126.88342176651618,1.0,1.0,-2077.613800559062
biomass_plant,power,UK,0,0.061071707230849794,lifetime,0,-126.88342176651618,1.0,1.0,-2077.613800559062
biomass_to_cement_fuel,power,AT,0,0.08024258719069129,lifetime,0,-0.0,1.0,1.0,-0.0
biomass_to_cement_fuel,power,BE,0,0.08024258719069129,lifetime,0,-0.0,1.0,1.0,-0.0
biomass_to_cement_fuel,power,BG,0,0.08024258719069129,lifetime,0,-0.0,1.0,1.0,-0.0
biomass_to_cement_fuel,power,CH,0,0.08024258719069129,lifetime,0,-0.0,1.0,1.0,-0.0
biomass_to_cement_fuel,power,CZ,0,0.08024258719069129,lifetime,0,-13.036789517443239,1.0,1.0,-162.46721315779808
biomass_to_cement_fuel,power,DE,0,0.08024258719069129,lifetime,0,-0.0,1.0,1.0,-0.0
biomass_to_cement_fuel,power,DK,0,0.08024258719069129,lifetime,0,-9.250102804180969,1.0,1.0,-115.27672683582225
biomass_to_cement_fuel,power,EE,0,0.08024258719069129,lifetime,0,-3.8327266088595024,1.0,1.0,-47.76424518505712
biomass_to_cement_fuel,power,EL,0,0.08024258719069129,lifetime,0,-0.0,1.0,1.0,-0.0
biomass_to_cement_fuel,power,ES,0,0.08024258719069129,lifetime,0,-11.289120963730099,1.0,1.0,-140.68740003238227
biomass_to_cement_fuel,power,FI,0,0.08024258719069129,lifetime,0,-0.0,1.0,1.0,-0.0
biomass_to_cement_fuel,power,FR,0,0.08024258719069129,lifetime,0,-19.738098350616823,1.0,1.0,-245.98033340712854
biomass_to_cement_fuel,power,HR,0,0.08024258719069129,lifetime,0,-0.0,1.0,1.0,-0.0
biomass_to_cement_fuel,power,HU,0,0.08024258719069129,lifetime,0,-0.0,1.0,1.0,-0.0
biomass_to_cement_fuel,power,IE,0,0.08024258719069129,lifetime,0,-0.0,1.0,1.0,-0.0
biomass_to_cement_fuel,power,IT,0,0.08024258719069129,lifetime,0,-0.0,1.0,1.0,-0.0
biomass_to_cement_fuel,power,LT,0,0.08024258719069129,lifetime,0,-19.77261575805636,1.0,1.0,-246.4104965991192
biomass_to_cement_fuel,power,LU,0,0.08024258719069129,lifetime,0,-0.0,1.0,1.0,-0.0
biomass_to_cement_fuel,power,LV,0,0.08024258719069129,lifetime,0,-18.687418359533368,1.0,1.0,-232.88653835554845
biomass_to_cement_fuel,power,NL,0,0.08024258719069129,lifetime,0,-0.0,1.0,1.0,-0.0
biomass_to_cement_fuel,power,NO,0,0.08024258719069129,lifetime,0,-0.0,1.0,1.0,-0.0
biomass_to_cement_fuel,power,PL,0,0.08024258719069129,lifetime,0,-0.0,1.0,1.0,-0.0
biomass_to_cement_fuel,power,PT,0,0.08024258719069129,lifetime,0,-29.246923502236157,1.0,1.0,-364.4813125570434
biomass_to_cement_fuel,power,RO,0,0.08024258719069129,lifetime,0,-0.0,1.0,1.0,-0.0
biomass_to_cement_fuel,power,SE,0,0.08024258719069129,lifetime,0,-0.0,1.0,1.0,-0.0
biomass_to_cement_fuel,power,SI,0,0.08024258719069129,lifetime,0,-0.0,1.0,1.0,-0.0
biomass_to_cement_fuel,power,SK,0,0.08024258719069129,lifetime,0,-10.952460793878544,1.0,1.0,-136.49187018173694
biomass_to_cement_fuel,power,UK,0,0.08024258719069129,lifetime,0,-0.0,1.0,1.0,-0.0
biomethane_conversion,power,AT,0,0.08024258719069129,lifetime,0,-6.9029346545152945,1.0,1.0,-86.02582364537822
biomethane_conversion,power,BE,0,0.08024258719069129,lifetime,0,-6.9029346545152945,1.0,1.0,-86.02582364537822
biomethane_conversion,power,BG,0,0.08024258719069129,lifetime,0,-6.9029346545152945,1.0,1.0,-86.02582364537822
biomethane_conversion,power,CH,0,0.08024258719069129,lifetime,0,-6.9029346545152945,1.0,1.0,-86.02582364537822
biomethane_conversion,power,CZ,0,0.08024258719069129,lifetime,0,-6.9029346545152945,1.0,1.0,-86.02582364537822
biomethane_conversion,power,DE,0,0.08024258719069129,lifetime,0,-6.9029346545152945,1.0,1.0,-86.02582364537822
biomethane_conversion,power,DK,0,0.08024258719069129,lifetime,0,-6.9029346545152945,1.0,1.0,-86.02582364537822
biomethane_conversion,power,EE,0,0.08024258719069129,lifetime,0,-6.9029346545152945,1.0,1.0,-86.02582364537822
biomethane_conversion,power,EL,0,0.08024258719069129,lifetime,0,-6.9029346545152945,1.0,1.0,-86.02582364537822
biomethane_conversion,power,ES,0,0.08024258719069129,lifetime,0,-6.9029346545152945,1.0,1.0,-86.02582364537822
biomethane_conversion,power,FI,0,0.08024258719069129,lifetime,0,-6.9029346545152945,1.0,1.0,-86.02582364537822
biomethane_conversion,power,FR,0,0.08024258719069129,lifetime,0,-6.9029346545152945,1.0,1.0,-86.02582364537822
biomethane_conversion,power,HR,0,0.08024258719069129,lifetime,0,-6.9029346545152945,1.0,1.0,-86.02582364537822
biomethane_conversion,power,HU,0,0.08024258719069129,lifetime,0,-6.9029346545152945,1.0,1.0,-86.02582364537822
biomethane_conversion,power,IE,0,0.08024258719069129,lifetime,0,-6.9029346545152945,1.0,1.0,-86.02582364537822
biomethane_conversion,power,IT,0,0.08024258719069129,lifetime,0,-6.9029346545152945,1.0,1.0,-86.02582364537822
biomethane_conversion,power,LT,0,0.08024258719069129,lifetime,0,-6.9029346545152945,1.0,1.0,-86.02582364537822
biomethane_conversion,power,LU,0,0.08024258719069129,lifetime,0,-6.9029346545152945,1.0,1.0,-86.02582364537822
biomethane_conversion,power,LV,0,0.08024258719069129,lifetime,0,-6.9029346545152945,1.0,1.0,-86.02582364537822
biomethane_conversion,power,NL,0,0.08024258719069129,lifetime,0,-6.9029346545152945,1.0,1.0,-86.02582364537822
biomethane_conversion,power,NO,0,0.08024258719069129,lifetime,0,-6.9029346545152945,1.0,1.0,-86.02582364537822
biomethane_conversion,power,PL,0,0.08024258719069129,lifetime,0,-6.9029346545152945,1.0,1.0,-86.02582364537822
biomethane_conversion,power,PT,0,0.08024258719069129,lifetime,0,-6.9029346545152945,1.0,1.0,-86.02582364537822
biomethane_conversion,power,RO,0,0.08024258719069129,lifetime,0,-6.9029346545152945,1.0,1.0,-86.02582364537822
biomethane_conversion,power,SE,0,0.08024258719069129,lifetime,0,-6.9029346545152945,1.0,1.0,-86.02582364537822
biomethane_conversion,power,SI,0,0.08024258719069129,lifetime,0,-6.9029346545152945,1.0,1.0,-86.02582364537822
biomethane_conversion,power,SK,0,0.08024258719069129,lifetime,0,-6.9029346545152945,1.0,1.0,-86.02582364537822
biomethane_conversion,power,UK,0,0.08024258719069129,lifetime,0,-6.9029346545152945,1.0,1.0,-86.02582364537822
carbon_storage,power,AT,0,0.058278161166034986,lifetime,0,-308.5796424241448,1.0,1.0,-5294.944731440629
carbon_storage,power,BE,0,0.058278161166034986,lifetime,0,-210.82566378651254,1.0,1.0,-3617.575770550968
carbon_storage,power,BG,0,0.058278161166034986,lifetime,0,-285.1095875033735,1.0,1.0,-4892.220032322122
carbon_storage,power,CH,0,0.058278161166034986,lifetime,0,-302.0074971841368,1.0,1.0,-5182.172723736338
carbon_storage,power,CZ,0,0.058278161166034986,lifetime,0,-281.68284785709466,1.0,1.0,-4833.420310818967
carbon_storage,power,DE,0,0.058278161166034986,lifetime,0,-50.79641083553941,1.0,1.0,-871.62
carbon_storage,power,DK,0,0.058278161166034986,lifetime,0,-50.79641083553941,1.0,1.0,-871.62
carbon_storage,power,EE,0,0.058278161166034986,lifetime,0,-193.54402379254594,1.0,1.0,-3321.0386175558515
carbon_storage,power,EL,0,0.058278161166034986,lifetime,0,-337.95962084951475,1.0,1.0,-5799.078318320046
carbon_storage,power,ES,0,0.058278161166034986,lifetime,0,-349.6276694421668,1.0,1.0,-5999.2913717039655
carbon_storage,power,FI,0,0.058278161166034986,lifetime,0,-104.10087875924808,1.0,1.0,-1786.275968156644
carbon_storage,power,FR,0,0.058278161166034986,lifetime,0,-243.3118460532463,1.0,1.0,-4175.008977377456
carbon_storage,power,HR,0,0.058278161166034986,lifetime,0,-343.57384715323883,1.0,1.0,-5895.413312276514
carbon_storage,power,HU,0,0.058278161166034986,lifetime,0,-301.34022978569834,1.0,1.0,-5170.723024825327
carbon_storage,power,IE,0,0.058278161166034986,lifetime,0,-176.6844705894938,1.0,1.0,-3031.7440882549163
carbon_storage,power,IT,0,0.058278161166034986,lifetime,0,-50.79641083553941,1.0,1.0,-871.62
carbon_storage,power,LT,0,0.058278161166034986,lifetime,0,-197.9797695748981,1.0,1.0,-3397.151962479599
carbon_storage,power,LU,0,0.058278161166034986,lifetime,0,-228.2899020494381,1.0,1.0,-3917.246143011242
carbon_storage,power,LV,0,0.058278161166034986,lifetime,0,-220.10960253393563,1.0,1.0,-3776.8796772231963
carbon_storage,power,NL,0,0.058278161166034986,lifetime,0,-50.79641083553941,1.0,1.0,-871.62
carbon_storage,power,NO,0,0.058278161166034986,lifetime,0,-50.79641083553941,1.0,1.0,-871.62
carbon_storage,power,PL,0,0.058278161166034986,lifetime,0,-50.79641083553941,1.0,1.0,-871.62
carbon_storage,power,PT,0,0.058278161166034986,lifetime,0,-396.6835892793172,1.0,1.0,-6806.727963656269
carbon_storage,power,RO,0,0.058278161166034986,lifetime,0,-50.79641083553941,1.0,1.0,-871.62
carbon_storage,power,SE,0,0.058278161166034986,lifetime,0,-82.39764877153763,1.0,1.0,-1413.8683706369186
carbon_storage,power,SI,0,0.058278161166034986,lifetime,0,-332.0399976681017,1.0,1.0,-5697.502992967072
carbon_storage,power,SK,0,0.058278161166034986,lifetime,0,-280.5834167340318,1.0,1.0,-4814.555077238062
carbon_storage,power,UK,0,0.058278161166034986,lifetime,0,-50.79641083553941,1.0,1.0,-871.62
cement_kiln,power,AT,0,0.08024258719069129,lifetime,0,-8.024258719069129e-05,1.0,1.0,-0.001
cement_kiln,power,BE,0,0.08024258719069129,lifetime,0,-8.024258719069129e-05,1.0,1.0,-0.001
cement_kiln,power,BG,0,0.08024258719069129,lifetime,0,-8.024258719069129e-05,1.0,1.0,-0.001
cement_kiln,power,CH,0,0.08024258719069129,lifetime,0,-8.024258719069129e-05,1.0,1.0,-0.001
cement_kiln,power,CZ,0,0.08024258719069129,lifetime,0,-8.024258719069129e-05,1.0,1.0,-0.001
cement_kiln,power,DE,0,0.08024258719069129,lifetime,0,-8.024258719069129e-05,1.0,1.0,-0.001
cement_kiln,power,DK,0,0.08024258719069129,lifetime,0,-8.024258719069129e-05,1.0,1.0,-0.001
cement_kiln,power,EE,0,0.08024258719069129,lifetime,0,-8.024258719069129e-05,1.0,1.0,-0.001
cement_kiln,power,EL,0,0.08024258719069129,lifetime,0,-8.024258719069129e-05,1.0,1.0,-0.001
cement_kiln,power,ES,0,0.08024258719069129,lifetime,0,-8.024258719069129e-05,1.0,1.0,-0.001
cement_kiln,power,FI,0,0.08024258719069129,lifetime,0,-8.024258719069129e-05,1.0,1.0,-0.001
cement_kiln,power,FR,0,0.08024258719069129,lifetime,0,-8.024258719069129e-05,1.0,1.0,-0.001
cement_kiln,power,HR,0,0.08024258719069129,lifetime,0,-8.024258719069129e-05,1.0,1.0,-0.001
cement_kiln,power,HU,0,0.08024258719069129,lifetime,0,-8.024258719069129e-05,1.0,1.0,-0.001
cement_kiln,power,IE,0,0.08024258719069129,lifetime,0,-8.024258719069129e-05,1.0,1.0,-0.001
cement_kiln,power,IT,0,0.08024258719069129,lifetime,0,-8.024258719069129e-05,1.0,1.0,-0.001
cement_kiln,power,LT,0,0.08024258719069129,lifetime,0,-8.024258719069129e-05,1.0,1.0,-0.001
cement_kiln,power,LU,0,0.08024258719069129,lifetime,0,-8.024258719069129e-05,1.0,1.0,-0.001
cement_kiln,power,LV,0,0.08024258719069129,lifetime,0,-8.024258719069129e-05,1.0,1.0,-0.001
cement_kiln,power,NL,0,0.08024258719069129,lifetime,0,-0.0,1.0,1.0,-0.0
cement_kiln,power,NO,0,0.08024258719069129,lifetime,0,-8.024258719069129e-05,1.0,1.0,-0.001
cement_kiln,power,PL,0,0.08024258719069129,lifetime,0,-8.024258719069129e-05,1.0,1.0,-0.001
cement_kiln,power,PT,0,0.08024258719069129,lifetime,0,-8.024258719069129e-05,1.0,1.0,-0.001
cement_kiln,power,RO,0,0.08024258719069129,lifetime,0,-8.024258719069129e-05,1.0,1.0,-0.001
cement_kiln,power,SE,0,0.08024258719069129,lifetime,0,-8.024258719069129e-05,1.0,1.0,-0.001
cement_kiln,power,SI,0,0.08024258719069129,lifetime,0,-8.024258719069129e-05,1.0,1.0,-0.001
cement_kiln,power,SK,0,0.08024258719069129,lifetime,0,-8.024258719069129e-05,1.0,1.0,-0.001
cement_kiln,power,UK,0,0.08024258719069129,lifetime,0,-8.024258719069129e-05,1.0,1.0,-0.001
coal_to_cement_fuel,power,AT,0,0.08024258719069129,lifetime,0,-41.4531117463622,1.0,1.0,-516.597397935981
coal_to_cement_fuel,power,BE,0,0.08024258719069129,lifetime,0,-42.065278895559516,1.0,1.0,-524.226353714071
coal_to_cement_fuel,power,BG,0,0.08024258719069129,lifetime,0,-40.94710610513277,1.0,1.0,-510.29144920046804
coal_to_cement_fuel,power,CH,0,0.08024258719069129,lifetime,0,-43.82577489310367,1.0,1.0,-546.1660251426661
coal_to_cement_fuel,power,CZ,0,0.08024258719069129,lifetime,0,-44.34553278692725,1.0,1.0,-552.643357342691
coal_to_cement_fuel,power,DE,0,0.08024258719069129,lifetime,0,-48.24239589440429,1.0,1.0,-601.206885064154
coal_to_cement_fuel,power,DK,0,0.08024258719069129,lifetime,0,-29.487707225184984,1.0,1.0,-367.48200995949156
coal_to_cement_fuel,power,EE,0,0.08024258719069129,lifetime,0,-25.855955592346106,1.0,1.0,-322.22235719919036
coal_to_cement_fuel,power,EL,0,0.08024258719069129,lifetime,0,-48.88197153332162,1.0,1.0,-609.1774112063061
coal_to_cement_fuel,power,ES,0,0.08024258719069129,lifetime,0,-2.0213792794361325,1.0,1.0,-25.190853762385007
coal_to_cement_fuel,power,FI,0,0.08024258719069129,lifetime,0,-8.67424044202167,1.0,1.0,-108.10020895024113
coal_to_cement_fuel,power,FR,0,0.08024258719069129,lifetime,0,-27.673730257450686,1.0,1.0,-344.87584743106385
coal_to_cement_fuel,power,HR,0,0.08024258719069129,lifetime,0,-47.71327866481264,1.0,1.0,-594.6129148531209
coal_to_cement_fuel,power,HU,0,0.08024258719069129,lifetime,0,-47.991078209527736,1.0,1.0,-598.0749112124222
coal_to_cement_fuel,power,IE,0,0.08024258719069129,lifetime,0,-13.538713251522246,1.0,1.0,-168.72229230780377
coal_to_cement_fuel,power,IT,0,0.08024258719069129,lifetime,0,-35.48107988751728,1.0,1.0,-442.17268073870554
coal_to_cement_fuel,power,LT,0,0.08024258719069129,lifetime,0,-37.413184345836,1.0,1.0,-466.25097290203274
coal_to_cement_fuel,power,LU,0,0.08024258719069129,lifetime,0,-38.18530491139288,1.0,1.0,-475.8733017998035
coal_to_cement_fuel,power,LV,0,0.08024258719069129,lifetime,0,-32.58550987427898,1.0,1.0,-406.0874781721786
coal_to_cement_fuel,power,NL,0,0.08024258719069129,lifetime,0,-0.0,1.0,1.0,-0.0
coal_to_cement_fuel,power,NO,0,0.08024258719069129,lifetime,0,-2.964855346860986,1.0,1.0,-36.94865096778597
coal_to_cement_fuel,power,PL,0,0.08024258719069129,lifetime,0,-48.9456237964811,1.0,1.0,-609.9706590985783
coal_to_cement_fuel,power,PT,0,0.08024258719069129,lifetime,0,-1.9366946959675815,1.0,1.0,-24.13549667042954
coal_to_cement_fuel,power,RO,0,0.08024258719069129,lifetime,0,-38.79033466310878,1.0,1.0,-483.4133098291818
coal_to_cement_fuel,power,SE,0,0.08024258719069129,lifetime,0,-9.412719110198026,1.0,1.0,-117.30328544653366
coal_to_cement_fuel,power,SI,0,0.08024258719069129,lifetime,0,-41.47095825534059,1.0,1.0,-516.8198048847497
coal_to_cement_fuel,power,SK,0,0.08024258719069129,lifetime,0,-49.827311530041435,1.0,1.0,-620.9584370906446
coal_to_cement_fuel,power,UK,0,0.08024258719069129,lifetime,0,-24.58450303451624,1.0,1.0,-306.3772479829541
diesel_ICE_ship,power,AT,0,0.06505143508027657,lifetime,0,11.5,1.0,1.0,176.78318680915268
diesel_ICE_ship,power,BE,0,0.06505143508027657,lifetime,0,11.5,1.0,1.0,176.78318680915268
diesel_ICE_ship,power,BG,0,0.06505143508027657,lifetime,0,11.5,1.0,1.0,176.78318680915268
diesel_ICE_ship,power,CH,0,0.06505143508027657,lifetime,0,11.5,1.0,1.0,176.78318680915268
diesel_ICE_ship,power,CZ,0,0.06505143508027657,lifetime,0,11.5,1.0,1.0,176.78318680915268
diesel_ICE_ship,power,DE,0,0.06505143508027657,lifetime,0,11.3541152886275,1.0,1.0,174.540581228008
diesel_ICE_ship,power,DK,0,0.06505143508027657,lifetime,0,11.5,1.0,1.0,176.78318680915268
diesel_ICE_ship,power,EE,0,0.06505143508027657,lifetime,0,11.5,1.0,1.0,176.78318680915268
diesel_ICE_ship,power,EL,0,0.06505143508027657,lifetime,0,11.5,1.0,1.0,176.78318680915268
diesel_ICE_ship,power,ES,0,0.06505143508027657,lifetime,0,11.5,1.0,1.0,176.78318680915268
diesel_ICE_ship,power,FI,0,0.06505143508027657,lifetime,0,11.5,1.0,1.0,176.78318680915268
diesel_ICE_ship,power,FR,0,0.06505143508027657,lifetime,0,11.5,1.0,1.0,176.78318680915268
diesel_ICE_ship,power,HR,0,0.06505143508027657,lifetime,0,11.5,1.0,1.0,176.78318680915268
diesel_ICE_ship,power,HU,0,0.06505143508027657,lifetime,0,11.5,1.0,1.0,176.78318680915268
diesel_ICE_ship,power,IE,0,0.06505143508027657,lifetime,0,11.5,1.0,1.0,176.78318680915268
diesel_ICE_ship,power,IT,0,0.06505143508027657,lifetime,0,11.5,1.0,1.0,176.78318680915268
diesel_ICE_ship,power,LT,0,0.06505143508027657,lifetime,0,11.5,1.0,1.0,176.78318680915268
diesel_ICE_ship,power,LU,0,0.06505143508027657,lifetime,0,11.5,1.0,1.0,176.78318680915268
diesel_ICE_ship,power,LV,0,0.06505143508027657,lifetime,0,11.5,1.0,1.0,176.78318680915268
diesel_ICE_ship,power,NL,0,0.06505143508027657,lifetime,0,11.5,1.0,1.0,176.78318680915268
diesel_ICE_ship,power,NO,0,0.06505143508027657,lifetime,0,11.5,1.0,1.0,176.78318680915268
diesel_ICE_ship,power,PL,0,0.06505143508027657,lifetime,0,11.5,1.0,1.0,176.78318680915268
diesel_ICE_ship,power,PT,0,0.06505143508027657,lifetime,0,11.5,1.0,1.0,176.78318680915268
diesel_ICE_ship,power,RO,0,0.06505143508027657,lifetime,0,11.5,1.0,1.0,176.78318680915268
diesel_ICE_ship,power,SE,0,0.06505143508027657,lifetime,0,11.5,1.0,1.0,176.78318680915268
diesel_ICE_ship,power,SI,0,0.06505143508027657,lifetime,0,11.5,1.0,1.0,176.78318680915268
diesel_ICE_ship,power,SK,0,0.06505143508027657,lifetime,0,11.5,1.0,1.0,176.78318680915268
diesel_ICE_ship,power,UK,0,0.06505143508027657,lifetime,0,11.5,1.0,1.0,176.78318680915268
district_heating_grid,power,AT,0,0.058278161166034986,lifetime,0,-28.131463170083077,1.0,1.0,-482.7102057996699
district_heating_grid,power,BE,0,0.058278161166034986,lifetime,0,-28.131463170083077,1.0,1.0,-482.7102057996699
district_heating_grid,power,BG,0,0.058278161166034986,lifetime,0,-28.131463170083077,1.0,1.0,-482.7102057996699
district_heating_grid,power,CH,0,0.058278161166034986,lifetime,0,-28.131463170083077,1.0,1.0,-482.7102057996699
district_heating_grid,power,CZ,0,0.058278161166034986,lifetime,0,-28.131463170083077,1.0,1.0,-482.7102057996699
district_heating_grid,power,DE,0,0.058278161166034986,lifetime,0,-28.131463170083077,1.0,1.0,-482.7102057996699
district_heating_grid,power,DK,0,0.058278161166034986,lifetime,0,-0.0,1.0,1.0,-0.0
district_heating_grid,power,EE,0,0.058278161166034986,lifetime,0,-28.131463170083077,1.0,1.0,-482.7102057996699
district_heating_grid,power,EL,0,0.058278161166034986,lifetime,0,-28.131463170083077,1.0,1.0,-482.7102057996699
district_heating_grid,power,ES,0,0.058278161166034986,lifetime,0,-28.131463170083077,1.0,1.0,-482.7102057996699
district_heating_grid,power,FI,0,0.058278161166034986,lifetime,0,-0.0,1.0,1.0,-0.0
district_heating_grid,power,FR,0,0.058278161166034986,lifetime,0,-28.131463170083077,1.0,1.0,-482.7102057996699
district_heating_grid,power,HR,0,0.058278161166034986,lifetime,0,-28.131463170083077,1.0,1.0,-482.7102057996699
district_heating_grid,power,HU,0,0.058278161166034986,lifetime,0,-28.131463170083077,1.0,1.0,-482.7102057996699
district_heating_grid,power,IE,0,0.058278161166034986,lifetime,0,-28.131463170083077,1.0,1.0,-482.7102057996699
district_heating_grid,power,IT,0,0.058278161166034986,lifetime,0,-28.131463170083077,1.0,1.0,-482.7102057996699
district_heating_grid,power,LT,0,0.058278161166034986,lifetime,0,-26.173994052892024,1.0,1.0,-449.1218241825113
district_heating_grid,power,LU,0,0.058278161166034986,lifetime,0,-28.131463170083077,1.0,1.0,-482.7102057996699
district_heating_grid,power,LV,0,0.058278161166034986,lifetime,0,-21.73080776269552,1.0,1.0,-372.8808069421453
district_heating_grid,power,NL,0,0.058278161166034986,lifetime,0,-28.131463170083077,1.0,1.0,-482.7102057996699
district_heating_grid,power,NO,0,0.058278161166034986,lifetime,0,-28.131463170083077,1.0,1.0,-482.7102057996699
district_heating_grid,power,PL,0,0.058278161166034986,lifetime,0,-28.131463170083077,1.0,1.0,-482.7102057996699
district_heating_grid,power,PT,0,0.058278161166034986,lifetime,0,-28.131463170083077,1.0,1.0,-482.7102057996699
district_heating_grid,power,RO,0,0.058278161166034986,lifetime,0,-28.131463170083077,1.0,1.0,-482.7102057996699
district_heating_grid,power,SE,0,0.058278161166034986,lifetime,0,-28.131463170083077,1.0,1.0,-482.7102057996699
district_heating_grid,power,SI,0,0.058278161166034986,lifetime,0,-28.131463170083077,1.0,1.0,-482.7102057996699
district_heating_grid,power,SK,0,0.058278161166034986,lifetime,0,-28.131463170083077,1.0,1.0,-482.7102057996699
district_heating_grid,power,UK,0,0.058278161166034986,lifetime,0,-28.131463170083077,1.0,1.0,-482.7102057996699
electrode_boiler,power,AT,0,0.06505143508027657,lifetime,0,-19.110680219430346,1.0,1.0,-293.7779957636116
electrode_boiler,power,BE,0,0.06505143508027657,lifetime,0,-12.626935553618775,1.0,1.0,-194.1069484176104
electrode_boiler,power,BG,0,0.06505143508027657,lifetime,0,-11.590663791544191,1.0,1.0,-178.17691150457728
electrode_boiler,power,CH,0,0.06505143508027657,lifetime,0,-19.488043548288665,1.0,1.0,-299.57899505582765
electrode_boiler,power,CZ,0,0.06505143508027657,lifetime,0,-14.38464698844738,1.0,1.0,-221.1272813689051
electrode_boiler,power,DE,0,0.06505143508027657,lifetime,0,-19.025714454731837,1.0,1.0,-292.47186370682215
electrode_boiler,power,DK,0,0.06505143508027657,lifetime,0,-23.48191508432121,1.0,1.0,-360.97458965114924
electrode_boiler,power,EE,0,0.06505143508027657,lifetime,0,-25.46110611610609,1.0,1.0,-391.39960686010807
electrode_boiler,power,EL,0,0.06505143508027657,lifetime,0,-16.592163480189146,1.0,1.0,-255.0622205292416
electrode_boiler,power,ES,0,0.06505143508027657,lifetime,0,-25.46110611610609,1.0,1.0,-391.39960686010807
electrode_boiler,power,FI,0,0.06505143508027657,lifetime,0,-25.46110611610609,1.0,1.0,-391.39960686010807
electrode_boiler,power,FR,0,0.06505143508027657,lifetime,0,-25.46110611610609,1.0,1.0,-391.39960686010807
electrode_boiler,power,HR,0,0.06505143508027657,lifetime,0,-16.05151557074214,1.0,1.0,-246.75113701848093
electrode_boiler,power,HU,0,0.06505143508027657,lifetime,0,-25.46110611610609,1.0,1.0,-391.39960686010807
electrode_boiler,power,IE,0,0.06505143508027657,lifetime,0,-25.46110611610609,1.0,1.0,-391.39960686010807
electrode_boiler,power,IT,0,0.06505143508027657,lifetime,0,-17.58420833417377,1.0,1.0,-270.3123814635914
electrode_boiler,power,LT,0,0.06505143508027657,lifetime,0,-22.7317618869272,1.0,1.0,-349.44289636155025
electrode_boiler,power,LU,0,0.06505143508027657,lifetime,0,-16.537444077192703,1.0,1.0,-254.22104918645852
electrode_boiler,power,LV,0,0.06505143508027657,lifetime,0,-22.659887216290972,1.0,1.0,-348.3380065071215
electrode_boiler,power,NL,0,0.06505143508027657,lifetime,0,-25.46110611610609,1.0,1.0,-391.39960686010807
electrode_boiler,power,NO,0,0.06505143508027657,lifetime,0,-25.46110611610609,1.0,1.0,-391.39960686010807
electrode_boiler,power,PL,0,0.06505143508027657,lifetime,0,-19.748411079870216,1.0,1.0,-303.5814821840554
electrode_boiler,power,PT,0,0.06505143508027657,lifetime,0,-25.46110611610609,1.0,1.0,-391.39960686010807
electrode_boiler,power,RO,0,0.06505143508027657,lifetime,0,-20.628531754554736,1.0,1.0,-317.11109415339024
electrode_boiler,power,SE,0,0.06505143508027657,lifetime,0,-24.502706789646208,1.0,1.0,-376.666660149906
electrode_boiler,power,SI,0,0.06505143508027657,lifetime,0,-17.694681640533485,1.0,1.0,-272.01062695538394
electrode_boiler,power,SK,0,0.06505143508027657,lifetime,0,-14.164464864924268,1.0,1.0,-217.742542458051
electrode_boiler,power,UK,0,0.06505143508027657,lifetime,0,-21.23926441489614,1.0,1.0,-326.49955206500636
electrode_boiler_DH,power,AT,0,0.0709524572992296,lifetime,0,-18.194090518450864,1.0,1.0,-256.4265031966471
electrode_boiler_DH,power,BE,0,0.0709524572992296,lifetime,0,-11.695117214297456,1.0,1.0,-164.83033371170418
electrode_boiler_DH,power,BG,0,0.0709524572992296,lifetime,0,-11.631854051007883,1.0,1.0,-163.93870619522832
electrode_boiler_DH,power,CH,0,0.0709524572992296,lifetime,0,-20.180312198356923,1.0,1.0,-284.42020144911936
electrode_boiler_DH,power,CZ,0,0.0709524572992296,lifetime,0,-13.042515798077801,1.0,1.0,-183.8204946598716
electrode_boiler_DH,power,DE,0,0.0709524572992296,lifetime,0,-20.66010144817197,1.0,1.0,-291.18232453939686
electrode_boiler_DH,power,DK,0,0.0709524572992296,lifetime,0,-17.628296953969873,1.0,1.0,-248.45224006302712
electrode_boiler_DH,power,EE,0,0.0709524572992296,lifetime,0,-21.563172579533145,1.0,1.0,-303.91015900399657
electrode_boiler_DH,power,EL,0,0.0709524572992296,lifetime,0,-19.046494853733122,1.0,1.0,-268.44024264597147
electrode_boiler_DH,power,ES,0,0.0709524572992296,lifetime,0,-20.570934875542402,1.0,1.0,-289.9256158076115
electrode_boiler_DH,power,FI,0,0.0709524572992296,lifetime,0,-22.158919768919702,1.0,1.0,-312.3065868665877
electrode_boiler_DH,power,FR,0,0.0709524572992296,lifetime,0,-22.95373225012011,1.0,1.0,-323.5086299170268
electrode_boiler_DH,power,HR,0,0.0709524572992296,lifetime,0,-12.757793952132076,1.0,1.0,-179.8076407463706
electrode_boiler_DH,power,HU,0,0.0709524572992296,lifetime,0,-24.326497427738264,1.0,1.0,-342.8563062325736
electrode_boiler_DH,power,IE,0,0.0709524572992296,lifetime,0,-24.326497427738264,1.0,1.0,-342.8563062325736
electrode_boiler_DH,power,IT,0,0.0709524572992296,lifetime,0,-11.861950924547605,1.0,1.0,-167.18167877571736
electrode_boiler_DH,power,LT,0,0.0709524572992296,lifetime,0,-19.01592706401866,1.0,1.0,-268.0094219122293
electrode_boiler_DH,power,LU,0,0.0709524572992296,lifetime,0,-14.61809814642401,1.0,1.0,-206.0266649367017
electrode_boiler_DH,power,LV,0,0.0709524572992296,lifetime,0,-19.632415935106394,1.0,1.0,-276.69818188692335
electrode_boiler_DH,power,NL,0,0.0709524572992296,lifetime,0,-24.326497427738264,1.0,1.0,-342.8563062325736
electrode_boiler_DH,power,NO,0,0.0709524572992296,lifetime,0,-20.24493599357138,1.0,1.0,-285.3310056365194
electrode_boiler_DH,power,PL,0,0.0709524572992296,lifetime,0,-18.409383443734107,1.0,1.0,-259.4608297510507
electrode_boiler_DH,power,PT,0,0.0709524572992296,lifetime,0,-24.326497427738264,1.0,1.0,-342.8563062325736
electrode_boiler_DH,power,RO,0,0.0709524572992296,lifetime,0,-20.864911229270497,1.0,1.0,-294.06890224078325
electrode_boiler_DH,power,SE,0,0.0709524572992296,lifetime,0,-24.326497427738264,1.0,1.0,-342.8563062325736
electrode_boiler_DH,power,SI,0,0.0709524572992296,lifetime,0,-13.4941152846761,1.0,1.0,-190.1853127900423
electrode_boiler_DH,power,SK,0,0.0709524572992296,lifetime,0,-12.266727382277608,1.0,1.0,-172.886575732604
electrode_boiler_DH,power,UK,0,0.0709524572992296,lifetime,0,-19.254090699301806,1.0,1.0,-271.3660869855577
electrolysis,power,AT,0,0.0682918598666937,lifetime,0,-39.365355933178066,1.0,1.0,-576.4282303926058
electrolysis,power,BE,0,0.0682918598666937,lifetime,0,-39.365355933178066,1.0,1.0,-576.4282303926058
electrolysis,power,BG,0,0.0682918598666937,lifetime,0,-39.365355933178066,1.0,1.0,-576.4282303926058
electrolysis,power,CH,0,0.0682918598666937,lifetime,0,-38.33272968317498,1.0,1.0,-561.307449496921
electrolysis,power,CZ,0,0.0682918598666937,lifetime,0,-39.365355933178066,1.0,1.0,-576.4282303926058
electrolysis,power,DE,0,0.0682918598666937,lifetime,0,-39.365355933178066,1.0,1.0,-576.4282303926058
electrolysis,power,DK,0,0.0682918598666937,lifetime,0,-39.365355933178066,1.0,1.0,-576.4282303926058
electrolysis,power,EE,0,0.0682918598666937,lifetime,0,-39.365355933178066,1.0,1.0,-576.4282303926058
electrolysis,power,EL,0,0.0682918598666937,lifetime,0,-39.365355933178066,1.0,1.0,-576.4282303926058
electrolysis,power,ES,0,0.0682918598666937,lifetime,0,-39.365355933178066,1.0,1.0,-576.4282303926058
electrolysis,power,FI,0,0.0682918598666937,lifetime,0,-33.87435189811544,1.0,1.0,-496.0232736996542
electrolysis,power,FR,0,0.0682918598666937,lifetime,0,-39.365355933178066,1.0,1.0,-576.4282303926058
electrolysis,power,HR,0,0.0682918598666937,lifetime,0,-39.365355933178066,1.0,1.0,-576.4282303926058
electrolysis,power,HU,0,0.0682918598666937,lifetime,0,-39.365355933178066,1.0,1.0,-576.4282303926058
electrolysis,power,IE,0,0.0682918598666937,lifetime,0,-39.365355933178066,1.0,1.0,-576.4282303926058
electrolysis,power,IT,0,0.0682918598666937,lifetime,0,-39.365355933178066,1.0,1.0,-576.4282303926058
electrolysis,power,LT,0,0.0682918598666937,lifetime,0,-39.365355933178066,1.0,1.0,-576.4282303926058
electrolysis,power,LU,0,0.0682918598666937,lifetime,0,-39.23207784348522,1.0,1.0,-574.4766348444248
electrolysis,power,LV,0,0.0682918598666937,lifetime,0,-39.365355933178066,1.0,1.0,-576.4282303926058
electrolysis,power,NL,0,0.0682918598666937,lifetime,0,-39.365355933178066,1.0,1.0,-576.4282303926058
electrolysis,power,NO,0,0.0682918598666937,lifetime,0,-39.365355933178066,1.0,1.0,-576.4282303926058
electrolysis,power,PL,0,0.0682918598666937,lifetime,0,-39.365355933178066,1.0,1.0,-576.4282303926058
electrolysis,power,PT,0,0.0682918598666937,lifetime,0,-39.365355933178066,1.0,1.0,-576.4282303926058
electrolysis,power,RO,0,0.0682918598666937,lifetime,0,-39.365355933178066,1.0,1.0,-576.4282303926058
electrolysis,power,SE,0,0.0682918598666937,lifetime,0,-39.365355933178066,1.0,1.0,-576.4282303926058
electrolysis,power,SI,0,0.0682918598666937,lifetime,0,-39.315079180517,1.0,1.0,-575.6920262130857
electrolysis,power,SK,0,0.0682918598666937,lifetime,0,-39.365355933178066,1.0,1.0,-576.4282303926058
electrolysis,power,UK,0,0.0682918598666937,lifetime,0,-39.365355933178066,1.0,1.0,-576.4282303926058
fischer_tropsch,power,AT,0,0.0682918598666937,lifetime,0,25.633512784589445,1.0,1.0,375.35238950332126
fischer_tropsch,power,BE,0,0.0682918598666937,lifetime,0,25.633512784589445,1.0,1.0,375.35238950332126
fischer_tropsch,power,BG,0,0.0682918598666937,lifetime,0,25.633512784589445,1.0,1.0,375.35238950332126
fischer_tropsch,power,CH,0,0.0682918598666937,lifetime,0,25.633512784589445,1.0,1.0,375.35238950332126
fischer_tropsch,power,CZ,0,0.0682918598666937,lifetime,0,25.633512784589445,1.0,1.0,375.35238950332126
fischer_tropsch,power,DE,0,0.0682918598666937,lifetime,0,25.633512784589445,1.0,1.0,375.35238950332126
fischer_tropsch,power,DK,0,0.0682918598666937,lifetime,0,25.633512784589445,1.0,1.0,375.35238950332126
fischer_tropsch,power,EE,0,0.0682918598666937,lifetime,0,25.633512784589445,1.0,1.0,375.35238950332126
fischer_tropsch,power,EL,0,0.0682918598666937,lifetime,0,25.633512784589445,1.0,1.0,375.35238950332126
fischer_tropsch,power,ES,0,0.0682918598666937,lifetime,0,25.633512784589445,1.0,1.0,375.35238950332126
fischer_tropsch,power,FI,0,0.0682918598666937,lifetime,0,25.633512784589445,1.0,1.0,375.35238950332126
fischer_tropsch,power,FR,0,0.0682918598666937,lifetime,0,25.633512784589445,1.0,1.0,375.35238950332126
fischer_tropsch,power,HR,0,0.0682918598666937,lifetime,0,25.633512784589445,1.0,1.0,375.35238950332126
fischer_tropsch,power,HU,0,0.0682918598666937,lifetime,0,25.633512784589445,1.0,1.0,375.35238950332126
fischer_tropsch,power,IE,0,0.0682918598666937,lifetime,0,25.633512784589445,1.0,1.0,375.35238950332126
fischer_tropsch,power,IT,0,0.0682918598666937,lifetime,0,25.633512784589445,1.0,1.0,375.35238950332126
fischer_tropsch,power,LT,0,0.0682918598666937,lifetime,0,25.633512784589445,1.0,1.0,375.35238950332126
fischer_tropsch,power,LU,0,0.0682918598666937,lifetime,0,25.633512784589445,1.0,1.0,375.35238950332126
fischer_tropsch,power,LV,0,0.0682918598666937,lifetime,0,25.633512784589445,1.0,1.0,375.35238950332126
fischer_tropsch,power,NL,0,0.0682918598666937,lifetime,0,25.633512784589445,1.0,1.0,375.35238950332126
fischer_tropsch,power,NO,0,0.0682918598666937,lifetime,0,25.633512784589445,1.0,1.0,375.35238950332126
fischer_tropsch,power,PL,0,0.0682918598666937,lifetime,0,25.633512784589445,1.0,1.0,375.35238950332126
fischer_tropsch,power,PT,0,0.0682918598666937,lifetime,0,25.633512784589445,1.0,1.0,375.35238950332126
fischer_tropsch,power,RO,0,0.0682918598666937,lifetime,0,25.633512784589445,1.0,1.0,375.35238950332126
fischer_tropsch,power,SE,0,0.0682918598666937,lifetime,0,25.633512784589445,1.0,1.0,375.35238950332126
fischer_tropsch,power,SI,0,0.0682918598666937,lifetime,0,25.633512784589445,1.0,1.0,375.35238950332126
fischer_tropsch,power,SK,0,0.0682918598666937,lifetime,0,25.633512784589445,1.0,1.0,375.35238950332126
fischer_tropsch,power,UK,0,0.0682918598666937,lifetime,0,25.633512784589445,1.0,1.0,375.35238950332126
fuel_cell,power,AT,0,0.09634228760924432,lifetime,0,-68.66647320013223,1.0,1.0,-712.7345105052652
fuel_cell,power,BE,0,0.09634228760924432,lifetime,0,-33.13189539391187,1.0,1.0,-343.8977443455761
fuel_cell,power,BG,0,0.09634228760924432,lifetime,0,-29.04645902554011,1.0,1.0,-301.4923119051308
fuel_cell,power,CH,0,0.09634228760924432,lifetime,0,-77.51277921120828,1.0,1.0,-804.5561418013361
fuel_cell,power,CZ,0,0.09634228760924432,lifetime,0,-20.253135756267106,1.0,1.0,-210.22062335090078
fuel_cell,power,DE,0,0.09634228760924432,lifetime,0,-59.163090523512246,1.0,1.0,-614.0926481159803
fuel_cell,power,DK,0,0.09634228760924432,lifetime,0,10.49641292922172,1.0,1.0,108.949176832859
fuel_cell,power,EE,0,0.09634228760924432,lifetime,0,17.627177637983564,1.0,1.0,182.96407606053342
fuel_cell,power,EL,0,0.09634228760924432,lifetime,0,-81.31018841544521,1.0,1.0,-843.971950772355
fuel_cell,power,ES,0,0.09634228760924432,lifetime,0,-132.90067414189312,1.0,1.0,-1379.4635506365214
fuel_cell,power,FI,0,0.09634228760924432,lifetime,0,-53.068805289337966,1.0,1.0,-550.836051398118
fuel_cell,power,FR,0,0.09634228760924432,lifetime,0,15.570112788867217,1.0,1.0,161.61244636434415
fuel_cell,power,HR,0,0.09634228760924432,lifetime,0,-31.250085956369958,1.0,1.0,-324.36520589087013
fuel_cell,power,HU,0,0.09634228760924432,lifetime,0,-8.89593173672256,1.0,1.0,-92.33672935817822
fuel_cell,power,IE,0,0.09634228760924432,lifetime,0,26.342560482104666,1.0,1.0,273.42676965433634
fuel_cell,power,IT,0,0.09634228760924432,lifetime,0,-90.22707779913941,1.0,1.0,-936.5262133393837
fuel_cell,power,LT,0,0.09634228760924432,lifetime,0,0.527162766249397,1.0,1.0,5.471769244130074
fuel_cell,power,LU,0,0.09634228760924432,lifetime,0,-21.021149203795638,1.0,1.0,-218.1923403049711
fuel_cell,power,LV,0,0.09634228760924432,lifetime,0,16.66867879603486,1.0,1.0,173.01518585111376
fuel_cell,power,NL,0,0.09634228760924432,lifetime,0,-12.671565819508807,1.0,1.0,-131.52652001479913
fuel_cell,power,NO,0,0.09634228760924432,lifetime,0,12.82397964078499,1.0,1.0,133.1085233599383
fuel_cell,power,PL,0,0.09634228760924432,lifetime,0,-59.49781916797214,1.0,1.0,-617.5670169810578
fuel_cell,power,PT,0,0.09634228760924432,lifetime,0,-87.33504796822413,1.0,1.0,-906.5079326582659
fuel_cell,power,RO,0,0.09634228760924432,lifetime,0,-19.770654459462186,1.0,1.0,-205.2126324802478
fuel_cell,power,SE,0,0.09634228760924432,lifetime,0,43.955468004796025,1.0,1.0,456.2427267979712
fuel_cell,power,SI,0,0.09634228760924432,lifetime,0,-35.69439095381987,1.0,1.0,-370.4955719817773
fuel_cell,power,SK,0,0.09634228760924432,lifetime,0,-8.713961137090301,1.0,1.0,-90.4479367609927
fuel_cell,power,UK,0,0.09634228760924432,lifetime,0,-4.181030185339864,1.0,1.0,-43.397663571138644
gasification,power,AT,0,0.09634228760924432,lifetime,0,25.69159670053544,1.0,1.0,266.66998820640686
gasification,power,BE,0,0.09634228760924432,lifetime,0,25.69159670053544,1.0,1.0,266.66998820640686
gasification,power,BG,0,0.09634228760924432,lifetime,0,25.69159670053544,1.0,1.0,266.66998820640686
gasification,power,CH,0,0.09634228760924432,lifetime,0,25.69159670053544,1.0,1.0,266.66998820640686
gasification,power,CZ,0,0.09634228760924432,lifetime,0,25.69159670053544,1.0,1.0,266.66998820640686
gasification,power,DE,0,0.09634228760924432,lifetime,0,25.69159670053544,1.0,1.0,266.66998820640686
gasification,power,DK,0,0.09634228760924432,lifetime,0,25.69159670053544,1.0,1.0,266.66998820640686
gasification,power,EE,0,0.09634228760924432,lifetime,0,25.69159670053544,1.0,1.0,266.66998820640686
gasification,power,EL,0,0.09634228760924432,lifetime,0,25.69159670053544,1.0,1.0,266.66998820640686
gasification,power,ES,0,0.09634228760924432,lifetime,0,25.69159670053544,1.0,1.0,266.66998820640686
gasification,power,FI,0,0.09634228760924432,lifetime,0,25.69159670053544,1.0,1.0,266.66998820640686
gasification,power,FR,0,0.09634228760924432,lifetime,0,25.69159670053544,1.0,1.0,266.66998820640686
gasification,power,HR,0,0.09634228760924432,lifetime,0,25.69159670053544,1.0,1.0,266.66998820640686
gasification,power,HU,0,0.09634228760924432,lifetime,0,25.69159670053544,1.0,1.0,266.66998820640686
gasification,power,IE,0,0.09634228760924432,lifetime,0,25.69159670053544,1.0,1.0,266.66998820640686
gasification,power,IT,0,0.09634228760924432,lifetime,0,25.69159670053544,1.0,1.0,266.66998820640686
gasification,power,LT,0,0.09634228760924432,lifetime,0,25.69159670053544,1.0,1.0,266.66998820640686
gasification,power,LU,0,0.09634228760924432,lifetime,0,25.69159670053544,1.0,1.0,266.66998820640686
gasification,power,LV,0,0.09634228760924432,lifetime,0,25.69159670053544,1.0,1.0,266.66998820640686
gasification,power,NL,0,0.09634228760924432,lifetime,0,25.69159670053544,1.0,1.0,266.66998820640686
gasification,power,NO,0,0.09634228760924432,lifetime,0,25.69159670053544,1.0,1.0,266.66998820640686
gasification,power,PL,0,0.09634228760924432,lifetime,0,25.69159670053544,1.0,1.0,266.66998820640686
gasification,power,PT,0,0.09634228760924432,lifetime,0,25.69159670053544,1.0,1.0,266.66998820640686
gasification,power,RO,0,0.09634228760924432,lifetime,0,25.69159670053544,1.0,1.0,266.66998820640686
gasification,power,SE,0,0.09634228760924432,lifetime,0,25.69159670053544,1.0,1.0,266.66998820640686
gasification,power,SI,0,0.09634228760924432,lifetime,0,25.69159670053544,1.0,1.0,266.66998820640686
gasification,power,SK,0,0.09634228760924432,lifetime,0,25.69159670053544,1.0,1.0,266.66998820640686
gasification,power,UK,0,0.09634228760924432,lifetime,0,25.69159670053544,1.0,1.0,266.66998820640686
haber_bosch,power,AT,0,0.06505143508027657,lifetime,0,-53.94188315267407,1.0,1.0,-829.2189570623187
haber_bosch,power,BE,0,0.06505143508027657,lifetime,0,-53.94188315267407,1.0,1.0,-829.2189570623187
haber_bosch,power,BG,0,0.06505143508027657,lifetime,0,-53.94188315267407,1.0,1.0,-829.2189570623187
haber_bosch,power,CH,0,0.06505143508027657,lifetime,0,-53.94188315267407,1.0,1.0,-829.2189570623187
haber_bosch,power,CZ,0,0.06505143508027657,lifetime,0,-53.94188315267407,1.0,1.0,-829.2189570623187
haber_bosch,power,DE,0,0.06505143508027657,lifetime,0,-53.94188315267407,1.0,1.0,-829.2189570623187
haber_bosch,power,DK,0,0.06505143508027657,lifetime,0,-53.94188315267407,1.0,1.0,-829.2189570623187
haber_bosch,power,EE,0,0.06505143508027657,lifetime,0,-53.94188315267407,1.0,1.0,-829.2189570623187
haber_bosch,power,EL,0,0.06505143508027657,lifetime,0,-53.94188315267407,1.0,1.0,-829.2189570623187
haber_bosch,power,ES,0,0.06505143508027657,lifetime,0,-53.94188315267407,1.0,1.0,-829.2189570623187
haber_bosch,power,FI,0,0.06505143508027657,lifetime,0,-53.94188315267407,1.0,1.0,-829.2189570623187
haber_bosch,power,FR,0,0.06505143508027657,lifetime,0,-53.94188315267407,1.0,1.0,-829.2189570623187
haber_bosch,power,HR,0,0.06505143508027657,lifetime,0,-53.94188315267407,1.0,1.0,-829.2189570623187
haber_bosch,power,HU,0,0.06505143508027657,lifetime,0,-53.94188315267407,1.0,1.0,-829.2189570623187
haber_bosch,power,IE,0,0.06505143508027657,lifetime,0,-53.94188315267407,1.0,1.0,-829.2189570623187
haber_bosch,power,IT,0,0.06505143508027657,lifetime,0,-53.94188315267407,1.0,1.0,-829.2189570623187
haber_bosch,power,LT,0,0.06505143508027657,lifetime,0,-53.94188315267407,1.0,1.0,-829.2189570623187
haber_bosch,power,LU,0,0.06505143508027657,lifetime,0,25.903891446656772,1.0,1.0,398.20630266942055
haber_bosch,power,LV,0,0.06505143508027657,lifetime,0,-53.94188315267407,1.0,1.0,-829.2189570623187
haber_bosch,power,NL,0,0.06505143508027657,lifetime,0,-53.94188315267407,1.0,1.0,-829.2189570623187
haber_bosch,power,NO,0,0.06505143508027657,lifetime,0,-53.94188315267407,1.0,1.0,-829.2189570623187
haber_bosch,power,PL,0,0.06505143508027657,lifetime,0,-53.94188315267407,1.0,1.0,-829.2189570623187
haber_bosch,power,PT,0,0.06505143508027657,lifetime,0,-53.94188315267407,1.0,1.0,-829.2189570623187
haber_bosch,power,RO,0,0.06505143508027657,lifetime,0,-53.94188315267407,1.0,1.0,-829.2189570623187
haber_bosch,power,SE,0,0.06505143508027657,lifetime,0,-50.371861354679695,1.0,1.0,-774.338971807746
haber_bosch,power,SI,0,0.06505143508027657,lifetime,0,-53.94188315267407,1.0,1.0,-829.2189570623187
haber_bosch,power,SK,0,0.06505143508027657,lifetime,0,-53.94188315267407,1.0,1.0,-829.2189570623187
haber_bosch,power,UK,0,0.06505143508027657,lifetime,0,-53.94188315267407,1.0,1.0,-829.2189570623187
hard_coal_boiler_DH,power,AT,0,0.06505143508027657,lifetime,0,2.51969791695026,1.0,1.0,38.73393283085658
hard_coal_boiler_DH,power,BE,0,0.06505143508027657,lifetime,0,2.51969791695026,1.0,1.0,38.73393283085658
hard_coal_boiler_DH,power,BG,0,0.06505143508027657,lifetime,0,2.51969791695026,1.0,1.0,38.73393283085658
hard_coal_boiler_DH,power,CH,0,0.06505143508027657,lifetime,0,2.51969791695026,1.0,1.0,38.73393283085658
hard_coal_boiler_DH,power,CZ,0,0.06505143508027657,lifetime,0,2.51969791695026,1.0,1.0,38.73393283085658
hard_coal_boiler_DH,power,DE,0,0.06505143508027657,lifetime,0,2.51969791695026,1.0,1.0,38.73393283085658
hard_coal_boiler_DH,power,DK,0,0.06505143508027657,lifetime,0,2.51969791695026,1.0,1.0,38.73393283085658
hard_coal_boiler_DH,power,EE,0,0.06505143508027657,lifetime,0,2.51969791695026,1.0,1.0,38.73393283085658
hard_coal_boiler_DH,power,EL,0,0.06505143508027657,lifetime,0,2.51969791695026,1.0,1.0,38.73393283085658
hard_coal_boiler_DH,power,ES,0,0.06505143508027657,lifetime,0,2.51969791695026,1.0,1.0,38.73393283085658
hard_coal_boiler_DH,power,FI,0,0.06505143508027657,lifetime,0,2.51969791695026,1.0,1.0,38.73393283085658
hard_coal_boiler_DH,power,FR,0,0.06505143508027657,lifetime,0,2.51969791695026,1.0,1.0,38.73393283085658
hard_coal_boiler_DH,power,HR,0,0.06505143508027657,lifetime,0,2.51969791695026,1.0,1.0,38.73393283085658
hard_coal_boiler_DH,power,HU,0,0.06505143508027657,lifetime,0,2.51969791695026,1.0,1.0,38.73393283085658
hard_coal_boiler_DH,power,IE,0,0.06505143508027657,lifetime,0,2.51969791695026,1.0,1.0,38.73393283085658
hard_coal_boiler_DH,power,IT,0,0.06505143508027657,lifetime,0,2.51969791695026,1.0,1.0,38.73393283085658
hard_coal_boiler_DH,power,LT,0,0.06505143508027657,lifetime,0,2.51969791695026,1.0,1.0,38.73393283085658
hard_coal_boiler_DH,power,LU,0,0.06505143508027657,lifetime,0,2.51969791695026,1.0,1.0,38.73393283085658
hard_coal_boiler_DH,power,LV,0,0.06505143508027657,lifetime,0,2.51969791695026,1.0,1.0,38.73393283085658
hard_coal_boiler_DH,power,NL,0,0.06505143508027657,lifetime,0,2.51969791695026,1.0,1.0,38.73393283085658
hard_coal_boiler_DH,power,NO,0,0.06505143508027657,lifetime,0,2.51969791695026,1.0,1.0,38.73393283085658
hard_coal_boiler_DH,power,PL,0,0.06505143508027657,lifetime,0,2.51969791695026,1.0,1.0,38.73393283085658
hard_coal_boiler_DH,power,PT,0,0.06505143508027657,lifetime,0,2.51969791695026,1.0,1.0,38.73393283085658
hard_coal_boiler_DH,power,RO,0,0.06505143508027657,lifetime,0,2.51969791695026,1.0,1.0,38.73393283085658
hard_coal_boiler_DH,power,SE,0,0.06505143508027657,lifetime,0,2.51969791695026,1.0,1.0,38.73393283085658
hard_coal_boiler_DH,power,SI,0,0.06505143508027657,lifetime,0,2.51969791695026,1.0,1.0,38.73393283085658
hard_coal_boiler_DH,power,SK,0,0.06505143508027657,lifetime,0,2.51969791695026,1.0,1.0,38.73393283085658
hard_coal_boiler_DH,power,UK,0,0.06505143508027657,lifetime,0,2.51969791695026,1.0,1.0,38.73393283085658
hard_coal_plant,power,AT,0,0.055928203632630874,lifetime,0,29.603227107631007,1.0,1.0,529.3076692053673
hard_coal_plant,power,BE,0,0.055928203632630874,lifetime,0,29.603227107631007,1.0,1.0,529.3076692053673
hard_coal_plant,power,BG,0,0.055928203632630874,lifetime,0,29.603227107631007,1.0,1.0,529.3076692053673
hard_coal_plant,power,CH,0,0.055928203632630874,lifetime,0,29.603227107631007,1.0,1.0,529.3076692053673
hard_coal_plant,power,CZ,0,0.055928203632630874,lifetime,0,29.603227107631007,1.0,1.0,529.3076692053673
hard_coal_plant,power,DE,0,0.055928203632630874,lifetime,0,29.603227107631007,1.0,1.0,529.3076692053673
hard_coal_plant,power,DK,0,0.055928203632630874,lifetime,0,29.603227107631007,1.0,1.0,529.3076692053673
hard_coal_plant,power,EE,0,0.055928203632630874,lifetime,0,29.603227107631007,1.0,1.0,529.3076692053673
hard_coal_plant,power,EL,0,0.055928203632630874,lifetime,0,29.603227107631007,1.0,1.0,529.3076692053673
hard_coal_plant,power,ES,0,0.055928203632630874,lifetime,0,29.603227107631007,1.0,1.0,529.3076692053673
hard_coal_plant,power,FI,0,0.055928203632630874,lifetime,0,29.603227107631007,1.0,1.0,529.3076692053673
hard_coal_plant,power,FR,0,0.055928203632630874,lifetime,0,29.603227107631007,1.0,1.0,529.3076692053673
hard_coal_plant,power,HR,0,0.055928203632630874,lifetime,0,29.603227107631007,1.0,1.0,529.3076692053673
hard_coal_plant,power,HU,0,0.055928203632630874,lifetime,0,29.603227107631007,1.0,1.0,529.3076692053673
hard_coal_plant,power,IE,0,0.055928203632630874,lifetime,0,29.603227107631007,1.0,1.0,529.3076692053673
hard_coal_plant,power,IT,0,0.055928203632630874,lifetime,0,29.603227107631007,1.0,1.0,529.3076692053673
hard_coal_plant,power,LT,0,0.055928203632630874,lifetime,0,29.603227107631007,1.0,1.0,529.3076692053673
hard_coal_plant,power,LU,0,0.055928203632630874,lifetime,0,29.603227107631007,1.0,1.0,529.3076692053673
hard_coal_plant,power,LV,0,0.055928203632630874,lifetime,0,29.603227107631007,1.0,1.0,529.3076692053673
hard_coal_plant,power,NL,0,0.055928203632630874,lifetime,0,29.603227107631007,1.0,1.0,529.3076692053673
hard_coal_plant,power,NO,0,0.055928203632630874,lifetime,0,29.603227107631007,1.0,1.0,529.3076692053673
hard_coal_plant,power,PL,0,0.055928203632630874,lifetime,0,29.603227107631007,1.0,1.0,529.3076692053673
hard_coal_plant,power,PT,0,0.055928203632630874,lifetime,0,29.603227107631007,1.0,1.0,529.3076692053673
hard_coal_plant,power,RO,0,0.055928203632630874,lifetime,0,29.603227107631007,1.0,1.0,529.3076692053673
hard_coal_plant,power,SE,0,0.055928203632630874,lifetime,0,29.603227107631007,1.0,1.0,529.3076692053673
hard_coal_plant,power,SI,0,0.055928203632630874,lifetime,0,29.603227107631007,1.0,1.0,529.3076692053673
hard_coal_plant,power,SK,0,0.055928203632630874,lifetime,0,29.603227107631007,1.0,1.0,529.3076692053673
hard_coal_plant,power,UK,0,0.055928203632630874,lifetime,0,29.603227107631007,1.0,1.0,529.3076692053673
heat_pump,power,AT,0,0.0827450103817562,lifetime,0,-59.21360450731459,1.0,1.0,-715.6154097283204
heat_pump,power,BE,0,0.0827450103817562,lifetime,0,-59.21360450731459,1.0,1.0,-715.6154097283204
heat_pump,power,BG,0,0.0827450103817562,lifetime,0,-59.21360450731459,1.0,1.0,-715.6154097283204
heat_pump,power,CH,0,0.0827450103817562,lifetime,0,-59.21360450731459,1.0,1.0,-715.6154097283204
heat_pump,power,CZ,0,0.0827450103817562,lifetime,0,-59.21360450731459,1.0,1.0,-715.6154097283204
heat_pump,power,DE,0,0.0827450103817562,lifetime,0,-59.21360450731459,1.0,1.0,-715.6154097283204
heat_pump,power,DK,0,0.0827450103817562,lifetime,0,-59.21360450731459,1.0,1.0,-715.6154097283204
heat_pump,power,EE,0,0.0827450103817562,lifetime,0,-59.21360450731459,1.0,1.0,-715.6154097283204
heat_pump,power,EL,0,0.0827450103817562,lifetime,0,-59.21360450731459,1.0,1.0,-715.6154097283204
heat_pump,power,ES,0,0.0827450103817562,lifetime,0,-59.21360450731459,1.0,1.0,-715.6154097283204
heat_pump,power,FI,0,0.0827450103817562,lifetime,0,-59.21360450731459,1.0,1.0,-715.6154097283204
heat_pump,power,FR,0,0.0827450103817562,lifetime,0,-59.21360450731459,1.0,1.0,-715.6154097283204
heat_pump,power,HR,0,0.0827450103817562,lifetime,0,-59.21360450731459,1.0,1.0,-715.6154097283204
heat_pump,power,HU,0,0.0827450103817562,lifetime,0,-59.21360450731459,1.0,1.0,-715.6154097283204
heat_pump,power,IE,0,0.0827450103817562,lifetime,0,-59.21360450731459,1.0,1.0,-715.6154097283204
heat_pump,power,IT,0,0.0827450103817562,lifetime,0,-59.21360450731459,1.0,1.0,-715.6154097283204
heat_pump,power,LT,0,0.0827450103817562,lifetime,0,-59.21360450731459,1.0,1.0,-715.6154097283204
heat_pump,power,LU,0,0.0827450103817562,lifetime,0,-59.21360450731459,1.0,1.0,-715.6154097283204
heat_pump,power,LV,0,0.0827450103817562,lifetime,0,-59.21360450731459,1.0,1.0,-715.6154097283204
heat_pump,power,NL,0,0.0827450103817562,lifetime,0,-59.21360450731459,1.0,1.0,-715.6154097283204
heat_pump,power,NO,0,0.0827450103817562,lifetime,0,-59.21360450731459,1.0,1.0,-715.6154097283204
heat_pump,power,PL,0,0.0827450103817562,lifetime,0,-59.21360450731459,1.0,1.0,-715.6154097283204
heat_pump,power,PT,0,0.0827450103817562,lifetime,0,-59.21360450731459,1.0,1.0,-715.6154097283204
heat_pump,power,RO,0,0.0827450103817562,lifetime,0,-59.21360450731459,1.0,1.0,-715.6154097283204
heat_pump,power,SE,0,0.0827450103817562,lifetime,0,-59.21360450731459,1.0,1.0,-715.6154097283204
heat_pump,power,SI,0,0.0827450103817562,lifetime,0,-59.21360450731459,1.0,1.0,-715.6154097283204
heat_pump,power,SK,0,0.0827450103817562,lifetime,0,-59.21360450731459,1.0,1.0,-715.6154097283204
heat_pump,power,UK,0,0.0827450103817562,lifetime,0,-59.21360450731459,1.0,1.0,-715.6154097283204
heat_pump_DH,power,AT,0,0.0709524572992296,lifetime,0,-49.537431936384266,1.0,1.0,-698.1778196556153
heat_pump_DH,power,BE,0,0.0709524572992296,lifetime,0,-64.38013847390894,1.0,1.0,-907.3701028055583
heat_pump_DH,power,BG,0,0.0709524572992296,lifetime,0,-67.98575829546695,1.0,1.0,-958.187508696829
heat_pump_DH,power,CH,0,0.0709524572992296,lifetime,0,-57.50037732924647,1.0,1.0,-810.4071306050568
heat_pump_DH,power,CZ,0,0.0709524572992296,lifetime,0,-57.08093332594257,1.0,1.0,-804.4955100739317
heat_pump_DH,power,DE,0,0.0709524572992296,lifetime,0,-60.02090811211557,1.0,1.0,-845.9313517358232
heat_pump_DH,power,DK,0,0.0709524572992296,lifetime,0,-65.8526539626324,1.0,1.0,-928.123654476269
heat_pump_DH,power,EE,0,0.0709524572992296,lifetime,0,-83.47974946602557,1.0,1.0,-1176.558961361469
heat_pump_DH,power,EL,0,0.0709524572992296,lifetime,0,-84.77710182353677,1.0,1.0,-1194.8437735708596
heat_pump_DH,power,ES,0,0.0709524572992296,lifetime,0,-74.6478776528549,1.0,1.0,-1052.0830496122287
heat_pump_DH,power,FI,0,0.0709524572992296,lifetime,0,-62.45333935470614,1.0,1.0,-880.2139028296101
heat_pump_DH,power,FR,0,0.0709524572992296,lifetime,0,-69.8064772299596,1.0,1.0,-983.8486204299165
heat_pump_DH,power,HR,0,0.0709524572992296,lifetime,0,-54.16374281657576,1.0,1.0,-763.380788746324
heat_pump_DH,power,HU,0,0.0709524572992296,lifetime,0,-75.74189364466798,1.0,1.0,-1067.5020503552087
heat_pump_DH,power,IE,0,0.0709524572992296,lifetime,0,-73.09545930376522,1.0,1.0,-1030.203351456848
heat_pump_DH,power,IT,0,0.0709524572992296,lifetime,0,-77.10953715454374,1.0,1.0,-1086.7775421695085
heat_pump_DH,power,LT,0,0.0709524572992296,lifetime,0,-65.5686048476793,1.0,1.0,-924.1202819960859
heat_pump_DH,power,LU,0,0.0709524572992296,lifetime,0,-53.733333311421,1.0,1.0,-757.314621039974
heat_pump_DH,power,LV,0,0.0709524572992296,lifetime,0,-68.74435667172528,1.0,1.0,-968.8791521597055
heat_pump_DH,power,NL,0,0.0709524572992296,lifetime,0,-84.77710182353677,1.0,1.0,-1194.8437735708596
heat_pump_DH,power,NO,0,0.0709524572992296,lifetime,0,-54.95804640228179,1.0,1.0,-774.5756594518753
heat_pump_DH,power,PL,0,0.0709524572992296,lifetime,0,-49.15609532422224,1.0,1.0,-692.8032825828004
heat_pump_DH,power,PT,0,0.0709524572992296,lifetime,0,-75.79905520316386,1.0,1.0,-1068.3076821919583
heat_pump_DH,power,RO,0,0.0709524572992296,lifetime,0,-56.43535967809932,1.0,1.0,-795.3968308679296
heat_pump_DH,power,SE,0,0.0709524572992296,lifetime,0,-64.22908057155318,1.0,1.0,-905.2411011034932
heat_pump_DH,power,SI,0,0.0709524572992296,lifetime,0,-48.15082449559267,1.0,1.0,-678.6350512502333
heat_pump_DH,power,SK,0,0.0709524572992296,lifetime,0,-54.25370218462979,1.0,1.0,-764.6486710928739
heat_pump_DH,power,UK,0,0.0709524572992296,lifetime,0,-77.07810252419563,1.0,1.0,-1086.3345042319281
hydrogen_FC_ship,power,AT,0,0.09634228760924432,lifetime,0,-70.32986995474836,1.0,1.0,-730.0000000000001
hydrogen_FC_ship,power,BE,0,0.09634228760924432,lifetime,0,-70.32986995474836,1.0,1.0,-730.0000000000001
hydrogen_FC_ship,power,BG,0,0.09634228760924432,lifetime,0,-70.32986995474836,1.0,1.0,-730.0000000000001
hydrogen_FC_ship,power,CH,0,0.09634228760924432,lifetime,0,-70.32986995474836,1.0,1.0,-730.0000000000001
hydrogen_FC_ship,power,CZ,0,0.09634228760924432,lifetime,0,-70.32986995474836,1.0,1.0,-730.0000000000001
hydrogen_FC_ship,power,DE,0,0.09634228760924432,lifetime,0,-70.32986995474836,1.0,1.0,-730.0000000000001
hydrogen_FC_ship,power,DK,0,0.09634228760924432,lifetime,0,-70.32986995474836,1.0,1.0,-730.0000000000001
hydrogen_FC_ship,power,EE,0,0.09634228760924432,lifetime,0,-70.32986995474836,1.0,1.0,-730.0000000000001
hydrogen_FC_ship,power,EL,0,0.09634228760924432,lifetime,0,-70.32986995474836,1.0,1.0,-730.0000000000001
hydrogen_FC_ship,power,ES,0,0.09634228760924432,lifetime,0,-70.32986995474836,1.0,1.0,-730.0000000000001
hydrogen_FC_ship,power,FI,0,0.09634228760924432,lifetime,0,-70.32986995474836,1.0,1.0,-730.0000000000001
hydrogen_FC_ship,power,FR,0,0.09634228760924432,lifetime,0,-70.32986995474836,1.0,1.0,-730.0000000000001
hydrogen_FC_ship,power,HR,0,0.09634228760924432,lifetime,0,-70.32986995474836,1.0,1.0,-730.0000000000001
hydrogen_FC_ship,power,HU,0,0.09634228760924432,lifetime,0,-70.32986995474836,1.0,1.0,-730.0000000000001
hydrogen_FC_ship,power,IE,0,0.09634228760924432,lifetime,0,-70.32986995474836,1.0,1.0,-730.0000000000001
hydrogen_FC_ship,power,IT,0,0.09634228760924432,lifetime,0,-70.32986995474836,1.0,1.0,-730.0000000000001
hydrogen_FC_ship,power,LT,0,0.09634228760924432,lifetime,0,-70.32986995474836,1.0,1.0,-730.0000000000001
hydrogen_FC_ship,power,LU,0,0.09634228760924432,lifetime,0,43.8,1.0,1.0,454.62902207231025
hydrogen_FC_ship,power,LV,0,0.09634228760924432,lifetime,0,-70.32986995474836,1.0,1.0,-730.0000000000001
hydrogen_FC_ship,power,NL,0,0.09634228760924432,lifetime,0,-70.32986995474836,1.0,1.0,-730.0000000000001
hydrogen_FC_ship,power,NO,0,0.09634228760924432,lifetime,0,-70.32986995474836,1.0,1.0,-730.0000000000001
hydrogen_FC_ship,power,PL,0,0.09634228760924432,lifetime,0,-70.32986995474836,1.0,1.0,-730.0000000000001
hydrogen_FC_ship,power,PT,0,0.09634228760924432,lifetime,0,-70.32986995474836,1.0,1.0,-730.0000000000001
hydrogen_FC_ship,power,RO,0,0.09634228760924432,lifetime,0,-70.32986995474836,1.0,1.0,-730.0000000000001
hydrogen_FC_ship,power,SE,0,0.09634228760924432,lifetime,0,-70.32986995474836,1.0,1.0,-730.0000000000001
hydrogen_FC_ship,power,SI,0,0.09634228760924432,lifetime,0,-70.32986995474836,1.0,1.0,-730.0000000000001
hydrogen_FC_ship,power,SK,0,0.09634228760924432,lifetime,0,43.8,1.0,1.0,454.62902207231025
hydrogen_FC_ship,power,UK,0,0.09634228760924432,lifetime,0,-70.32986995474836,1.0,1.0,-730.0000000000001
hydrogen_to_cement_fuel,power,AT,0,0.08024258719069129,lifetime,0,-110.96717020540679,1.0,1.0,-1382.896216216216
hydrogen_to_cement_fuel,power,BE,0,0.08024258719069129,lifetime,0,-110.96717020540679,1.0,1.0,-1382.896216216216
hydrogen_to_cement_fuel,power,BG,0,0.08024258719069129,lifetime,0,-110.96717020540679,1.0,1.0,-1382.896216216216
hydrogen_to_cement_fuel,power,CH,0,0.08024258719069129,lifetime,0,-110.96717020540679,1.0,1.0,-1382.896216216216
hydrogen_to_cement_fuel,power,CZ,0,0.08024258719069129,lifetime,0,-110.96717020540679,1.0,1.0,-1382.896216216216
hydrogen_to_cement_fuel,power,DE,0,0.08024258719069129,lifetime,0,-110.96717020540679,1.0,1.0,-1382.896216216216
hydrogen_to_cement_fuel,power,DK,0,0.08024258719069129,lifetime,0,-110.96717020540679,1.0,1.0,-1382.896216216216
hydrogen_to_cement_fuel,power,EE,0,0.08024258719069129,lifetime,0,-110.96717020540679,1.0,1.0,-1382.896216216216
hydrogen_to_cement_fuel,power,EL,0,0.08024258719069129,lifetime,0,-110.96717020540679,1.0,1.0,-1382.896216216216
hydrogen_to_cement_fuel,power,ES,0,0.08024258719069129,lifetime,0,-110.96717020540679,1.0,1.0,-1382.896216216216
hydrogen_to_cement_fuel,power,FI,0,0.08024258719069129,lifetime,0,-110.96717020540679,1.0,1.0,-1382.896216216216
hydrogen_to_cement_fuel,power,FR,0,0.08024258719069129,lifetime,0,-110.96717020540679,1.0,1.0,-1382.896216216216
hydrogen_to_cement_fuel,power,HR,0,0.08024258719069129,lifetime,0,-110.96717020540679,1.0,1.0,-1382.896216216216
hydrogen_to_cement_fuel,power,HU,0,0.08024258719069129,lifetime,0,-110.96717020540679,1.0,1.0,-1382.896216216216
hydrogen_to_cement_fuel,power,IE,0,0.08024258719069129,lifetime,0,-110.96717020540679,1.0,1.0,-1382.896216216216
hydrogen_to_cement_fuel,power,IT,0,0.08024258719069129,lifetime,0,-110.96717020540679,1.0,1.0,-1382.896216216216
hydrogen_to_cement_fuel,power,LT,0,0.08024258719069129,lifetime,0,-110.96717020540679,1.0,1.0,-1382.896216216216
hydrogen_to_cement_fuel,power,LU,0,0.08024258719069129,lifetime,0,-110.96717020540679,1.0,1.0,-1382.896216216216
hydrogen_to_cement_fuel,power,LV,0,0.08024258719069129,lifetime,0,-110.96717020540679,1.0,1.0,-1382.896216216216
hydrogen_to_cement_fuel,power,NL,0,0.08024258719069129,lifetime,0,-0.0,1.0,1.0,-0.0
hydrogen_to_cement_fuel,power,NO,0,0.08024258719069129,lifetime,0,-110.96717020540679,1.0,1.0,-1382.896216216216
hydrogen_to_cement_fuel,power,PL,0,0.08024258719069129,lifetime,0,-110.96717020540679,1.0,1.0,-1382.896216216216
hydrogen_to_cement_fuel,power,PT,0,0.08024258719069129,lifetime,0,-110.96717020540679,1.0,1.0,-1382.896216216216
hydrogen_to_cement_fuel,power,RO,0,0.08024258719069129,lifetime,0,-110.96717020540679,1.0,1.0,-1382.896216216216
hydrogen_to_cement_fuel,power,SE,0,0.08024258719069129,lifetime,0,-110.96717020540679,1.0,1.0,-1382.896216216216
hydrogen_to_cement_fuel,power,SI,0,0.08024258719069129,lifetime,0,-110.96717020540679,1.0,1.0,-1382.896216216216
hydrogen_to_cement_fuel,power,SK,0,0.08024258719069129,lifetime,0,-110.96717020540679,1.0,1.0,-1382.896216216216
hydrogen_to_cement_fuel,power,UK,0,0.08024258719069129,lifetime,0,-110.96717020540679,1.0,1.0,-1382.896216216216
industrial_gas_consumer,power,AT,0,0.05038313806951108,lifetime,0,-0.0,1.0,1.0,-0.0
industrial_gas_consumer,power,BE,0,0.05038313806951108,lifetime,0,-0.0,1.0,1.0,-0.0
industrial_gas_consumer,power,BG,0,0.05038313806951108,lifetime,0,-0.0,1.0,1.0,-0.0
industrial_gas_consumer,power,CH,0,0.05038313806951108,lifetime,0,-0.0,1.0,1.0,-0.0
industrial_gas_consumer,power,CZ,0,0.05038313806951108,lifetime,0,-0.0,1.0,1.0,-0.0
industrial_gas_consumer,power,DE,0,0.05038313806951108,lifetime,0,-0.0,1.0,1.0,-0.0
industrial_gas_consumer,power,DK,0,0.05038313806951108,lifetime,0,-0.0,1.0,1.0,-0.0
industrial_gas_consumer,power,EE,0,0.05038313806951108,lifetime,0,-0.0,1.0,1.0,-0.0
industrial_gas_consumer,power,EL,0,0.05038313806951108,lifetime,0,-0.0,1.0,1.0,-0.0
industrial_gas_consumer,power,ES,0,0.05038313806951108,lifetime,0,-0.0,1.0,1.0,-0.0
industrial_gas_consumer,power,FI,0,0.05038313806951108,lifetime,0,-0.0,1.0,1.0,-0.0
industrial_gas_consumer,power,FR,0,0.05038313806951108,lifetime,0,-0.0,1.0,1.0,-0.0
industrial_gas_consumer,power,HR,0,0.05038313806951108,lifetime,0,-0.0,1.0,1.0,-0.0
industrial_gas_consumer,power,HU,0,0.05038313806951108,lifetime,0,-0.0,1.0,1.0,-0.0
industrial_gas_consumer,power,IE,0,0.05038313806951108,lifetime,0,-0.0,1.0,1.0,-0.0
industrial_gas_consumer,power,IT,0,0.05038313806951108,lifetime,0,-0.0,1.0,1.0,-0.0
industrial_gas_consumer,power,LT,0,0.05038313806951108,lifetime,0,-0.0,1.0,1.0,-0.0
industrial_gas_consumer,power,LU,0,0.05038313806951108,lifetime,0,-0.0,1.0,1.0,-0.0
industrial_gas_consumer,power,LV,0,0.05038313806951108,lifetime,0,-0.0,1.0,1.0,-0.0
industrial_gas_consumer,power,NL,0,0.05038313806951108,lifetime,0,-0.0,1.0,1.0,-0.0
industrial_gas_consumer,power,NO,0,0.05038313806951108,lifetime,0,-0.0,1.0,1.0,-0.0
industrial_gas_consumer,power,PL,0,0.05038313806951108,lifetime,0,-0.0,1.0,1.0,-0.0
industrial_gas_consumer,power,PT,0,0.05038313806951108,lifetime,0,-0.0,1.0,1.0,-0.0
industrial_gas_consumer,power,RO,0,0.05038313806951108,lifetime,0,-0.0,1.0,1.0,-0.0
industrial_gas_consumer,power,SE,0,0.05038313806951108,lifetime,0,-0.0,1.0,1.0,-0.0
industrial_gas_consumer,power,SI,0,0.05038313806951108,lifetime,0,-0.0,1.0,1.0,-0.0
industrial_gas_consumer,power,SK,0,0.05038313806951108,lifetime,0,-0.0,1.0,1.0,-0.0
industrial_gas_consumer,power,UK,0,0.05038313806951108,lifetime,0,-0.0,1.0,1.0,-0.0
lignite_coal_plant,power,AT,0,0.055928203632630874,lifetime,0,37.38306645458204,1.0,1.0,668.4117140635495
lignite_coal_plant,power,BE,0,0.055928203632630874,lifetime,0,37.38306645458204,1.0,1.0,668.4117140635495
lignite_coal_plant,power,BG,0,0.055928203632630874,lifetime,0,37.38306645458204,1.0,1.0,668.4117140635495
lignite_coal_plant,power,CH,0,0.055928203632630874,lifetime,0,37.38306645458204,1.0,1.0,668.4117140635495
lignite_coal_plant,power,CZ,0,0.055928203632630874,lifetime,0,37.38306645458204,1.0,1.0,668.4117140635495
lignite_coal_plant,power,DE,0,0.055928203632630874,lifetime,0,37.38306645458204,1.0,1.0,668.4117140635495
lignite_coal_plant,power,DK,0,0.055928203632630874,lifetime,0,37.38306645458204,1.0,1.0,668.4117140635495
lignite_coal_plant,power,EE,0,0.055928203632630874,lifetime,0,37.38306645458204,1.0,1.0,668.4117140635495
lignite_coal_plant,power,EL,0,0.055928203632630874,lifetime,0,37.38306645458204,1.0,1.0,668.4117140635495
lignite_coal_plant,power,ES,0,0.055928203632630874,lifetime,0,37.38306645458204,1.0,1.0,668.4117140635495
lignite_coal_plant,power,FI,0,0.055928203632630874,lifetime,0,37.38306645458204,1.0,1.0,668.4117140635495
lignite_coal_plant,power,FR,0,0.055928203632630874,lifetime,0,37.38306645458204,1.0,1.0,668.4117140635495
lignite_coal_plant,power,HR,0,0.055928203632630874,lifetime,0,37.38306645458204,1.0,1.0,668.4117140635495
lignite_coal_plant,power,HU,0,0.055928203632630874,lifetime,0,37.38306645458204,1.0,1.0,668.4117140635495
lignite_coal_plant,power,IE,0,0.055928203632630874,lifetime,0,37.38306645458204,1.0,1.0,668.4117140635495
lignite_coal_plant,power,IT,0,0.055928203632630874,lifetime,0,37.38306645458204,1.0,1.0,668.4117140635495
lignite_coal_plant,power,LT,0,0.055928203632630874,lifetime,0,37.38306645458204,1.0,1.0,668.4117140635495
lignite_coal_plant,power,LU,0,0.055928203632630874,lifetime,0,37.38306645458204,1.0,1.0,668.4117140635495
lignite_coal_plant,power,LV,0,0.055928203632630874,lifetime,0,37.38306645458204,1.0,1.0,668.4117140635495
lignite_coal_plant,power,NL,0,0.055928203632630874,lifetime,0,37.38306645458204,1.0,1.0,668.4117140635495
lignite_coal_plant,power,NO,0,0.055928203632630874,lifetime,0,37.38306645458204,1.0,1.0,668.4117140635495
lignite_coal_plant,power,PL,0,0.055928203632630874,lifetime,0,37.38306645458204,1.0,1.0,668.4117140635495
lignite_coal_plant,power,PT,0,0.055928203632630874,lifetime,0,37.38306645458204,1.0,1.0,668.4117140635495
lignite_coal_plant,power,RO,0,0.055928203632630874,lifetime,0,37.38306645458204,1.0,1.0,668.4117140635495
lignite_coal_plant,power,SE,0,0.055928203632630874,lifetime,0,37.38306645458204,1.0,1.0,668.4117140635495
lignite_coal_plant,power,SI,0,0.055928203632630874,lifetime,0,37.38306645458204,1.0,1.0,668.4117140635495
lignite_coal_plant,power,SK,0,0.055928203632630874,lifetime,0,37.38306645458204,1.0,1.0,668.4117140635495
lignite_coal_plant,power,UK,0,0.055928203632630874,lifetime,0,37.38306645458204,1.0,1.0,668.4117140635495
lng_terminal,power,AT,0,0.06505143508027657,lifetime,0,-267.7131938419259,1.0,1.0,-4115.407961585399
lng_terminal,power,BE,0,0.06505143508027657,lifetime,0,-0.0,1.0,1.0,-0.0
lng_terminal,power,BG,0,0.06505143508027657,lifetime,0,-103.24961475536483,1.0,1.0,-1587.1996463713658
lng_terminal,power,CH,0,0.06505143508027657,lifetime,0,-73.93929395055034,1.0,1.0,-1136.6281752171299
lng_terminal,power,CZ,0,0.06505143508027657,lifetime,0,-117.23158811602889,1.0,1.0,-1802.1368471173546
lng_terminal,power,DE,0,0.06505143508027657,lifetime,0,-0.0,1.0,1.0,-0.0
lng_terminal,power,DK,0,0.06505143508027657,lifetime,0,-152.54170820421857,1.0,1.0,-2344.939938926402
lng_terminal,power,EE,0,0.06505143508027657,lifetime,0,-0.0,1.0,1.0,-0.0
lng_terminal,power,EL,0,0.06505143508027657,lifetime,0,-0.0,1.0,1.0,-0.0
lng_terminal,power,ES,0,0.06505143508027657,lifetime,0,-0.0,1.0,1.0,-0.0
lng_terminal,power,FI,0,0.06505143508027657,lifetime,0,-0.0,1.0,1.0,-0.0
lng_terminal,power,FR,0,0.06505143508027657,lifetime,0,-0.0,1.0,1.0,-0.0
lng_terminal,power,HR,0,0.06505143508027657,lifetime,0,-0.0,1.0,1.0,-0.0
lng_terminal,power,HU,0,0.06505143508027657,lifetime,0,-258.97530473971614,1.0,1.0,-3981.085189283346
lng_terminal,power,IE,0,0.06505143508027657,lifetime,0,-45.239225709544115,1.0,1.0,-695.4377817140661
lng_terminal,power,IT,0,0.06505143508027657,lifetime,0,-0.0,1.0,1.0,-0.0
lng_terminal,power,LT,0,0.06505143508027657,lifetime,0,-0.0,1.0,1.0,-0.0
lng_terminal,power,LU,0,0.06505143508027657,lifetime,0,-263.85592622872343,1.0,1.0,-4056.1123041038627
lng_terminal,power,LV,0,0.06505143508027657,lifetime,0,-267.0286520545035,1.0,1.0,-4104.884876482393
lng_terminal,power,NL,0,0.06505143508027657,lifetime,0,-0.0,1.0,1.0,-0.0
lng_terminal,power,NO,0,0.06505143508027657,lifetime,0,-115.2215875118515,1.0,1.0,-1771.2382112656326
lng_terminal,power,PL,0,0.06505143508027657,lifetime,0,-0.0,1.0,1.0,-0.0
lng_terminal,power,PT,0,0.06505143508027657,lifetime,0,-0.0,1.0,1.0,-0.0
lng_terminal,power,RO,0,0.06505143508027657,lifetime,0,-103.24961475536483,1.0,1.0,-1587.1996463713658
lng_terminal,power,SE,0,0.06505143508027657,lifetime,0,-116.68458936790049,1.0,1.0,-1793.7281356499846
lng_terminal,power,SI,0,0.06505143508027657,lifetime,0,-268.77616139399015,1.0,1.0,-4131.748378222672
lng_terminal,power,SK,0,0.06505143508027657,lifetime,0,-262.3312548970106,1.0,1.0,-4032.6743687250146
lng_terminal,power,UK,0,0.06505143508027657,lifetime,0,-0.0,1.0,1.0,-0.0
methanation,power,AT,0,0.0682918598666937,lifetime,0,14.051981740496563,1.0,1.0,205.7636410536505
methanation,power,BE,0,0.0682918598666937,lifetime,0,14.051981740496563,1.0,1.0,205.7636410536505
methanation,power,BG,0,0.0682918598666937,lifetime,0,14.051981740496563,1.0,1.0,205.7636410536505
methanation,power,CH,0,0.0682918598666937,lifetime,0,14.051981740496563,1.0,1.0,205.7636410536505
methanation,power,CZ,0,0.0682918598666937,lifetime,0,14.051981740496563,1.0,1.0,205.7636410536505
methanation,power,DE,0,0.0682918598666937,lifetime,0,14.051981740496563,1.0,1.0,205.7636410536505
methanation,power,DK,0,0.0682918598666937,lifetime,0,14.051981740496563,1.0,1.0,205.7636410536505
methanation,power,EE,0,0.0682918598666937,lifetime,0,14.051981740496563,1.0,1.0,205.7636410536505
methanation,power,EL,0,0.0682918598666937,lifetime,0,14.051981740496563,1.0,1.0,205.7636410536505
methanation,power,ES,0,0.0682918598666937,lifetime,0,14.051981740496563,1.0,1.0,205.7636410536505
methanation,power,FI,0,0.0682918598666937,lifetime,0,14.051981740496563,1.0,1.0,205.7636410536505
methanation,power,FR,0,0.0682918598666937,lifetime,0,14.051981740496563,1.0,1.0,205.7636410536505
methanation,power,HR,0,0.0682918598666937,lifetime,0,14.051981740496563,1.0,1.0,205.7636410536505
methanation,power,HU,0,0.0682918598666937,lifetime,0,14.051981740496563,1.0,1.0,205.7636410536505
methanation,power,IE,0,0.0682918598666937,lifetime,0,14.051981740496563,1.0,1.0,205.7636410536505
methanation,power,IT,0,0.0682918598666937,lifetime,0,14.051981740496563,1.0,1.0,205.7636410536505
methanation,power,LT,0,0.0682918598666937,lifetime,0,14.051981740496563,1.0,1.0,205.7636410536505
methanation,power,LU,0,0.0682918598666937,lifetime,0,14.051981740496563,1.0,1.0,205.7636410536505
methanation,power,LV,0,0.0682918598666937,lifetime,0,14.051981740496563,1.0,1.0,205.7636410536505
methanation,power,NL,0,0.0682918598666937,lifetime,0,14.051981740496563,1.0,1.0,205.7636410536505
methanation,power,NO,0,0.0682918598666937,lifetime,0,14.051981740496563,1.0,1.0,205.7636410536505
methanation,power,PL,0,0.0682918598666937,lifetime,0,14.051981740496563,1.0,1.0,205.7636410536505
methanation,power,PT,0,0.0682918598666937,lifetime,0,14.051981740496563,1.0,1.0,205.7636410536505
methanation,power,RO,0,0.0682918598666937,lifetime,0,14.051981740496563,1.0,1.0,205.7636410536505
methanation,power,SE,0,0.0682918598666937,lifetime,0,14.051981740496563,1.0,1.0,205.7636410536505
methanation,power,SI,0,0.0682918598666937,lifetime,0,14.051981740496563,1.0,1.0,205.7636410536505
methanation,power,SK,0,0.0682918598666937,lifetime,0,14.051981740496563,1.0,1.0,205.7636410536505
methanation,power,UK,0,0.0682918598666937,lifetime,0,14.051981740496563,1.0,1.0,205.7636410536505
methanol_ICE_ship,power,AT,0,0.06505143508027657,lifetime,0,12.625,1.0,1.0,194.07719421439586
methanol_ICE_ship,power,BE,0,0.06505143508027657,lifetime,0,12.625,1.0,1.0,194.07719421439586
methanol_ICE_ship,power,BG,0,0.06505143508027657,lifetime,0,12.625,1.0,1.0,194.07719421439586
methanol_ICE_ship,power,CH,0,0.06505143508027657,lifetime,0,12.625,1.0,1.0,194.07719421439586
methanol_ICE_ship,power,CZ,0,0.06505143508027657,lifetime,0,12.625,1.0,1.0,194.07719421439586
methanol_ICE_ship,power,DE,0,0.06505143508027657,lifetime,0,12.625,1.0,1.0,194.07719421439586
methanol_ICE_ship,power,DK,0,0.06505143508027657,lifetime,0,12.625,1.0,1.0,194.07719421439586
methanol_ICE_ship,power,EE,0,0.06505143508027657,lifetime,0,12.625,1.0,1.0,194.07719421439586
methanol_ICE_ship,power,EL,0,0.06505143508027657,lifetime,0,12.625,1.0,1.0,194.07719421439586
methanol_ICE_ship,power,ES,0,0.06505143508027657,lifetime,0,12.625,1.0,1.0,194.07719421439586
methanol_ICE_ship,power,FI,0,0.06505143508027657,lifetime,0,12.625,1.0,1.0,194.07719421439586
methanol_ICE_ship,power,FR,0,0.06505143508027657,lifetime,0,12.625,1.0,1.0,194.07719421439586
methanol_ICE_ship,power,HR,0,0.06505143508027657,lifetime,0,12.625,1.0,1.0,194.07719421439586
methanol_ICE_ship,power,HU,0,0.06505143508027657,lifetime,0,12.625,1.0,1.0,194.07719421439586
methanol_ICE_ship,power,IE,0,0.06505143508027657,lifetime,0,12.625,1.0,1.0,194.07719421439586
methanol_ICE_ship,power,IT,0,0.06505143508027657,lifetime,0,12.625,1.0,1.0,194.07719421439586
methanol_ICE_ship,power,LT,0,0.06505143508027657,lifetime,0,12.625,1.0,1.0,194.07719421439586
methanol_ICE_ship,power,LU,0,0.06505143508027657,lifetime,0,12.625,1.0,1.0,194.07719421439586
methanol_ICE_ship,power,LV,0,0.06505143508027657,lifetime,0,12.625,1.0,1.0,194.07719421439586
methanol_ICE_ship,power,NL,0,0.06505143508027657,lifetime,0,12.625,1.0,1.0,194.07719421439586
methanol_ICE_ship,power,NO,0,0.06505143508027657,lifetime,0,12.625,1.0,1.0,194.07719421439586
methanol_ICE_ship,power,PL,0,0.06505143508027657,lifetime,0,12.625,1.0,1.0,194.07719421439586
methanol_ICE_ship,power,PT,0,0.06505143508027657,lifetime,0,12.625,1.0,1.0,194.07719421439586
methanol_ICE_ship,power,RO,0,0.06505143508027657,lifetime,0,12.625,1.0,1.0,194.07719421439586
methanol_ICE_ship,power,SE,0,0.06505143508027657,lifetime,0,12.625,1.0,1.0,194.07719421439586
methanol_ICE_ship,power,SI,0,0.06505143508027657,lifetime,0,12.625,1.0,1.0,194.07719421439586
methanol_ICE_ship,power,SK,0,0.06505143508027657,lifetime,0,12.625,1.0,1.0,194.07719421439586
methanol_ICE_ship,power,UK,0,0.06505143508027657,lifetime,0,12.625,1.0,1.0,194.07719421439586
methanol_from_biomass,power,AT,0,0.0709524572992296,lifetime,0,41.52059812536282,1.0,1.0,585.1890083278856
methanol_from_biomass,power,BE,0,0.0709524572992296,lifetime,0,41.52059812536282,1.0,1.0,585.1890083278856
methanol_from_biomass,power,BG,0,0.0709524572992296,lifetime,0,41.52059812536282,1.0,1.0,585.1890083278856
methanol_from_biomass,power,CH,0,0.0709524572992296,lifetime,0,41.52059812536282,1.0,1.0,585.1890083278856
methanol_from_biomass,power,CZ,0,0.0709524572992296,lifetime,0,41.52059812536282,1.0,1.0,585.1890083278856
methanol_from_biomass,power,DE,0,0.0709524572992296,lifetime,0,41.52059812536282,1.0,1.0,585.1890083278856
methanol_from_biomass,power,DK,0,0.0709524572992296,lifetime,0,41.52059812536282,1.0,1.0,585.1890083278856
methanol_from_biomass,power,EE,0,0.0709524572992296,lifetime,0,41.52059812536282,1.0,1.0,585.1890083278856
methanol_from_biomass,power,EL,0,0.0709524572992296,lifetime,0,41.52059812536282,1.0,1.0,585.1890083278856
methanol_from_biomass,power,ES,0,0.0709524572992296,lifetime,0,41.52059812536282,1.0,1.0,585.1890083278856
methanol_from_biomass,power,FI,0,0.0709524572992296,lifetime,0,41.52059812536282,1.0,1.0,585.1890083278856
methanol_from_biomass,power,FR,0,0.0709524572992296,lifetime,0,41.52059812536282,1.0,1.0,585.1890083278856
methanol_from_biomass,power,HR,0,0.0709524572992296,lifetime,0,41.52059812536282,1.0,1.0,585.1890083278856
methanol_from_biomass,power,HU,0,0.0709524572992296,lifetime,0,41.52059812536282,1.0,1.0,585.1890083278856
methanol_from_biomass,power,IE,0,0.0709524572992296,lifetime,0,41.52059812536282,1.0,1.0,585.1890083278856
methanol_from_biomass,power,IT,0,0.0709524572992296,lifetime,0,41.52059812536282,1.0,1.0,585.1890083278856
methanol_from_biomass,power,LT,0,0.0709524572992296,lifetime,0,41.52059812536282,1.0,1.0,585.1890083278856
methanol_from_biomass,power,LU,0,0.0709524572992296,lifetime,0,41.52059812536282,1.0,1.0,585.1890083278856
methanol_from_biomass,power,LV,0,0.0709524572992296,lifetime,0,41.52059812536282,1.0,1.0,585.1890083278856
methanol_from_biomass,power,NL,0,0.0709524572992296,lifetime,0,41.52059812536282,1.0,1.0,585.1890083278856
methanol_from_biomass,power,NO,0,0.0709524572992296,lifetime,0,41.52059812536282,1.0,1.0,585.1890083278856
methanol_from_biomass,power,PL,0,0.0709524572992296,lifetime,0,41.52059812536282,1.0,1.0,585.1890083278856
methanol_from_biomass,power,PT,0,0.0709524572992296,lifetime,0,38.070595341713286,1.0,1.0,536.564860342429
methanol_from_biomass,power,RO,0,0.0709524572992296,lifetime,0,41.52059812536282,1.0,1.0,585.1890083278856
methanol_from_biomass,power,SE,0,0.0709524572992296,lifetime,0,41.52059812536282,1.0,1.0,585.1890083278856
methanol_from_biomass,power,SI,0,0.0709524572992296,lifetime,0,41.52059812536282,1.0,1.0,585.1890083278856
methanol_from_biomass,power,SK,0,0.0709524572992296,lifetime,0,41.52059812536282,1.0,1.0,585.1890083278856
methanol_from_biomass,power,UK,0,0.0709524572992296,lifetime,0,41.52059812536282,1.0,1.0,585.1890083278856
methanol_from_hydrogen,power,AT,0,0.06505143508027657,lifetime,0,-52.22759748295269,1.0,1.0,-802.8661845584397
methanol_from_hydrogen,power,BE,0,0.06505143508027657,lifetime,0,-34.598518385220174,1.0,1.0,-531.8640294795027
methanol_from_hydrogen,power,BG,0,0.06505143508027657,lifetime,0,-42.78435278002317,1.0,1.0,-657.7003678277849
methanol_from_hydrogen,power,CH,0,0.06505143508027657,lifetime,0,-52.94082269663276,1.0,1.0,-813.8302042268747
methanol_from_hydrogen,power,CZ,0,0.06505143508027657,lifetime,0,-53.46364589098633,1.0,1.0,-821.8672781777933
methanol_from_hydrogen,power,DE,0,0.06505143508027657,lifetime,0,-51.270557339969834,1.0,1.0,-788.1541318296748
methanol_from_hydrogen,power,DK,0,0.06505143508027657,lifetime,0,-0.0,1.0,1.0,-0.0
methanol_from_hydrogen,power,EE,0,0.06505143508027657,lifetime,0,-0.0,1.0,1.0,-0.0
methanol_from_hydrogen,power,EL,0,0.06505143508027657,lifetime,0,-44.600319512327104,1.0,1.0,-685.6162274865756
methanol_from_hydrogen,power,ES,0,0.06505143508027657,lifetime,0,-24.282041671615108,1.0,1.0,-373.2744964296316
methanol_from_hydrogen,power,FI,0,0.06505143508027657,lifetime,0,-2.5782979005855537,1.0,1.0,-39.63475820946627
methanol_from_hydrogen,power,FR,0,0.06505143508027657,lifetime,0,-40.1860499707269,1.0,1.0,-617.7580851388659
methanol_from_hydrogen,power,HR,0,0.06505143508027657,lifetime,0,-48.031422309726395,1.0,1.0,-738.3606872077969
methanol_from_hydrogen,power,HU,0,0.06505143508027657,lifetime,0,-46.08502226605858,1.0,1.0,-708.4397478577908
methanol_from_hydrogen,power,IE,0,0.06505143508027657,lifetime,0,-0.9292846459013546,1.0,1.0,-14.285382709152737
methanol_from_hydrogen,power,IT,0,0.06505143508027657,lifetime,0,-53.67995034005289,1.0,1.0,-825.1924077279659
methanol_from_hydrogen,power,LT,0,0.06505143508027657,lifetime,0,-0.0,1.0,1.0,-0.0
methanol_from_hydrogen,power,LU,0,0.06505143508027657,lifetime,0,-0.0,1.0,1.0,-0.0
methanol_from_hydrogen,power,LV,0,0.06505143508027657,lifetime,0,-0.0,1.0,1.0,-0.0
methanol_from_hydrogen,power,NL,0,0.06505143508027657,lifetime,0,-32.155150659397655,1.0,1.0,-494.30347877362993
methanol_from_hydrogen,power,NO,0,0.06505143508027657,lifetime,0,-1.5872609590310134,1.0,1.0,-24.400091359587346
methanol_from_hydrogen,power,PL,0,0.06505143508027657,lifetime,0,-39.84908751674302,1.0,1.0,-612.5781463171004
methanol_from_hydrogen,power,PT,0,0.06505143508027657,lifetime,0,-33.08669764718427,1.0,1.0,-508.62363922261994
methanol_from_hydrogen,power,RO,0,0.06505143508027657,lifetime,0,-25.574685940357355,1.0,1.0,-393.1456071460526
methanol_from_hydrogen,power,SE,0,0.06505143508027657,lifetime,0,-13.278304134158414,1.0,1.0,-204.1200800224062
methanol_from_hydrogen,power,SI,0,0.06505143508027657,lifetime,0,-0.0,1.0,1.0,-0.0
methanol_from_hydrogen,power,SK,0,0.06505143508027657,lifetime,0,-45.56657282951407,1.0,1.0,-700.4699092845954
methanol_from_hydrogen,power,UK,0,0.06505143508027657,lifetime,0,-13.000153709717356,1.0,1.0,-199.84422624457935
methanol_from_natural_gas,power,AT,0,0.0709524572992296,lifetime,0,-44.72971590311226,1.0,1.0,-630.418136393395
methanol_from_natural_gas,power,BE,0,0.0709524572992296,lifetime,0,-44.72971590311226,1.0,1.0,-630.418136393395
methanol_from_natural_gas,power,BG,0,0.0709524572992296,lifetime,0,-44.72971590311226,1.0,1.0,-630.418136393395
methanol_from_natural_gas,power,CH,0,0.0709524572992296,lifetime,0,-44.72971590311226,1.0,1.0,-630.418136393395
methanol_from_natural_gas,power,CZ,0,0.0709524572992296,lifetime,0,-44.72971590311226,1.0,1.0,-630.418136393395
methanol_from_natural_gas,power,DE,0,0.0709524572992296,lifetime,0,-44.72971590311226,1.0,1.0,-630.418136393395
methanol_from_natural_gas,power,DK,0,0.0709524572992296,lifetime,0,24.243789522590678,1.0,1.0,341.69062560224984
methanol_from_natural_gas,power,EE,0,0.0709524572992296,lifetime,0,24.243789522590678,1.0,1.0,341.69062560224984
methanol_from_natural_gas,power,EL,0,0.0709524572992296,lifetime,0,-44.72971590311226,1.0,1.0,-630.418136393395
methanol_from_natural_gas,power,ES,0,0.0709524572992296,lifetime,0,-44.72971590311226,1.0,1.0,-630.418136393395
methanol_from_natural_gas,power,FI,0,0.0709524572992296,lifetime,0,-44.72971590311226,1.0,1.0,-630.418136393395
methanol_from_natural_gas,power,FR,0,0.0709524572992296,lifetime,0,-44.72971590311226,1.0,1.0,-630.418136393395
methanol_from_natural_gas,power,HR,0,0.0709524572992296,lifetime,0,-44.72971590311226,1.0,1.0,-630.418136393395
methanol_from_natural_gas,power,HU,0,0.0709524572992296,lifetime,0,-44.72971590311226,1.0,1.0,-630.418136393395
methanol_from_natural_gas,power,IE,0,0.0709524572992296,lifetime,0,-44.72971590311226,1.0,1.0,-630.418136393395
methanol_from_natural_gas,power,IT,0,0.0709524572992296,lifetime,0,-44.72971590311226,1.0,1.0,-630.418136393395
methanol_from_natural_gas,power,LT,0,0.0709524572992296,lifetime,0,24.243789522590678,1.0,1.0,341.69062560224984
methanol_from_natural_gas,power,LU,0,0.0709524572992296,lifetime,0,24.243789522590678,1.0,1.0,341.69062560224984
methanol_from_natural_gas,power,LV,0,0.0709524572992296,lifetime,0,24.243789522590678,1.0,1.0,341.69062560224984
methanol_from_natural_gas,power,NL,0,0.0709524572992296,lifetime,0,-44.72971590311226,1.0,1.0,-630.418136393395
methanol_from_natural_gas,power,NO,0,0.0709524572992296,lifetime,0,-44.72971590311226,1.0,1.0,-630.418136393395
methanol_from_natural_gas,power,PL,0,0.0709524572992296,lifetime,0,-44.72971590311226,1.0,1.0,-630.418136393395
methanol_from_natural_gas,power,PT,0,0.0709524572992296,lifetime,0,-44.72971590311226,1.0,1.0,-630.418136393395
methanol_from_natural_gas,power,RO,0,0.0709524572992296,lifetime,0,-44.72971590311226,1.0,1.0,-630.418136393395
methanol_from_natural_gas,power,SE,0,0.0709524572992296,lifetime,0,-44.72971590311226,1.0,1.0,-630.418136393395
methanol_from_natural_gas,power,SI,0,0.0709524572992296,lifetime,0,24.243789522590678,1.0,1.0,341.69062560224984
methanol_from_natural_gas,power,SK,0,0.0709524572992296,lifetime,0,-44.72971590311226,1.0,1.0,-630.418136393395
methanol_from_natural_gas,power,UK,0,0.0709524572992296,lifetime,0,-44.72971590311226,1.0,1.0,-630.418136393395
natural_gas_boiler,power,AT,0,0.0779961071238091,lifetime,0,-10.250799265693098,1.0,1.0,-131.4270627561095
natural_gas_boiler,power,BE,0,0.0779961071238091,lifetime,0,-5.535121890748551,1.0,1.0,-70.9666430141473
natural_gas_boiler,power,BG,0,0.0779961071238091,lifetime,0,-4.099232676410436,1.0,1.0,-52.55688812652425
natural_gas_boiler,power,CH,0,0.0779961071238091,lifetime,0,-7.734450428783374,1.0,1.0,-99.16457005355278
natural_gas_boiler,power,CZ,0,0.0779961071238091,lifetime,0,-2.5223673267980544,1.0,1.0,-32.33965668048164
natural_gas_boiler,power,DE,0,0.0779961071238091,lifetime,0,-10.79933683669351,1.0,1.0,-138.4599467195319
natural_gas_boiler,power,DK,0,0.0779961071238091,lifetime,0,7.006797505732889,1.0,1.0,89.83522080929592
natural_gas_boiler,power,EE,0,0.0779961071238091,lifetime,0,16.692731936066366,1.0,1.0,214.0200652523431
natural_gas_boiler,power,EL,0,0.0779961071238091,lifetime,0,-0.5290748734502004,1.0,1.0,-6.783349746037453
natural_gas_boiler,power,ES,0,0.0779961071238091,lifetime,0,2.6845350428254875,1.0,1.0,34.41883373184411
natural_gas_boiler,power,FI,0,0.0779961071238091,lifetime,0,-4.428671034289454,1.0,1.0,-56.78066762049407
natural_gas_boiler,power,FR,0,0.0779961071238091,lifetime,0,2.5581910287629324,1.0,1.0,32.798957833909874
natural_gas_boiler,power,HR,0,0.0779961071238091,lifetime,0,1.8522622841512035,1.0,1.0,23.748137598854363
natural_gas_boiler,power,HU,0,0.0779961071238091,lifetime,0,-15.398268891397063,1.0,1.0,-197.42355688283558
natural_gas_boiler,power,IE,0,0.0779961071238091,lifetime,0,16.692731936066366,1.0,1.0,214.0200652523431
natural_gas_boiler,power,IT,0,0.0779961071238091,lifetime,0,4.260436842436343,1.0,1.0,54.62371135617616
natural_gas_boiler,power,LT,0,0.0779961071238091,lifetime,0,12.007496897206117,1.0,1.0,153.949951350081
natural_gas_boiler,power,LU,0,0.0779961071238091,lifetime,0,-7.2349174732450585,1.0,1.0,-92.75998174832661
natural_gas_boiler,power,LV,0,0.0779961071238091,lifetime,0,11.637278582172787,1.0,1.0,149.20332579804347
natural_gas_boiler,power,NL,0,0.0779961071238091,lifetime,0,-11.073023288503117,1.0,1.0,-141.96892251206938
natural_gas_boiler,power,NO,0,0.0779961071238091,lifetime,0,2.587852966322421,1.0,1.0,33.17925806495095
natural_gas_boiler,power,PL,0,0.0779961071238091,lifetime,0,-15.756109879249731,1.0,1.0,-202.01149083298313
natural_gas_boiler,power,PT,0,0.0779961071238091,lifetime,0,11.029949066471087,1.0,1.0,141.4166613336537
natural_gas_boiler,power,RO,0,0.0779961071238091,lifetime,0,-12.332998201728483,1.0,1.0,-158.12325328174887
natural_gas_boiler,power,SE,0,0.0779961071238091,lifetime,0,2.523951975923241,1.0,1.0,32.359973708902956
natural_gas_boiler,power,SI,0,0.0779961071238091,lifetime,0,5.701209302095233,1.0,1.0,73.09607507776349
natural_gas_boiler,power,SK,0,0.0779961071238091,lifetime,0,-6.307766389684637,1.0,1.0,-80.87283612337016
natural_gas_boiler,power,UK,0,0.0779961071238091,lifetime,0,10.511324994864804,1.0,1.0,134.76730291396962
natural_gas_boiler_DH,power,AT,0,0.0709524572992296,lifetime,0,-7.3834784343205895,1.0,1.0,-104.06233575790137
natural_gas_boiler_DH,power,BE,0,0.0709524572992296,lifetime,0,-7.3834784343205895,1.0,1.0,-104.06233575790137
natural_gas_boiler_DH,power,BG,0,0.0709524572992296,lifetime,0,-7.3834784343205895,1.0,1.0,-104.06233575790137
natural_gas_boiler_DH,power,CH,0,0.0709524572992296,lifetime,0,-7.3834784343205895,1.0,1.0,-104.06233575790137
natural_gas_boiler_DH,power,CZ,0,0.0709524572992296,lifetime,0,-7.3834784343205895,1.0,1.0,-104.06233575790137
natural_gas_boiler_DH,power,DE,0,0.0709524572992296,lifetime,0,-7.3834784343205895,1.0,1.0,-104.06233575790137
natural_gas_boiler_DH,power,DK,0,0.0709524572992296,lifetime,0,-2.1896300185603295,1.0,1.0,-30.860524101736846
natural_gas_boiler_DH,power,EE,0,0.0709524572992296,lifetime,0,2.243563958300978,1.0,1.0,31.620666058669947
natural_gas_boiler_DH,power,EL,0,0.0709524572992296,lifetime,0,-7.3834784343205895,1.0,1.0,-104.06233575790137
natural_gas_boiler_DH,power,ES,0,0.0709524572992296,lifetime,0,-7.3834784343205895,1.0,1.0,-104.06233575790137
natural_gas_boiler_DH,power,FI,0,0.0709524572992296,lifetime,0,-7.3834784343205895,1.0,1.0,-104.06233575790137
natural_gas_boiler_DH,power,FR,0,0.0709524572992296,lifetime,0,-7.3834784343205895,1.0,1.0,-104.06233575790137
natural_gas_boiler_DH,power,HR,0,0.0709524572992296,lifetime,0,-7.3834784343205895,1.0,1.0,-104.06233575790137
natural_gas_boiler_DH,power,HU,0,0.0709524572992296,lifetime,0,-7.3834784343205895,1.0,1.0,-104.06233575790137
natural_gas_boiler_DH,power,IE,0,0.0709524572992296,lifetime,0,2.243563958300978,1.0,1.0,31.620666058669947
natural_gas_boiler_DH,power,IT,0,0.0709524572992296,lifetime,0,-7.3834784343205895,1.0,1.0,-104.06233575790137
natural_gas_boiler_DH,power,LT,0,0.0709524572992296,lifetime,0,2.243563958300978,1.0,1.0,31.620666058669947
natural_gas_boiler_DH,power,LU,0,0.0709524572992296,lifetime,0,-7.3834784343205895,1.0,1.0,-104.06233575790137
natural_gas_boiler_DH,power,LV,0,0.0709524572992296,lifetime,0,2.243563958300978,1.0,1.0,31.620666058669947
natural_gas_boiler_DH,power,NL,0,0.0709524572992296,lifetime,0,-7.3834784343205895,1.0,1.0,-104.06233575790137
natural_gas_boiler_DH,power,NO,0,0.0709524572992296,lifetime,0,-7.3834784343205895,1.0,1.0,-104.06233575790137
natural_gas_boiler_DH,power,PL,0,0.0709524572992296,lifetime,0,-7.3834784343205895,1.0,1.0,-104.06233575790137
natural_gas_boiler_DH,power,PT,0,0.0709524572992296,lifetime,0,2.243563958300978,1.0,1.0,31.620666058669947
natural_gas_boiler_DH,power,RO,0,0.0709524572992296,lifetime,0,-7.3834784343205895,1.0,1.0,-104.06233575790137
natural_gas_boiler_DH,power,SE,0,0.0709524572992296,lifetime,0,-7.255605945294624,1.0,1.0,-102.26010798604723
natural_gas_boiler_DH,power,SI,0,0.0709524572992296,lifetime,0,-0.5070025563764049,1.0,1.0,-7.145665924412035
natural_gas_boiler_DH,power,SK,0,0.0709524572992296,lifetime,0,-7.3834784343205895,1.0,1.0,-104.06233575790137
natural_gas_boiler_DH,power,UK,0,0.0709524572992296,lifetime,0,2.243563958300978,1.0,1.0,31.620666058669947
natural_gas_turbine,power,AT,0,0.06505143508027657,lifetime,0,-48.142174365351465,1.0,1.0,-740.06321775902
natural_gas_turbine,power,BE,0,0.06505143508027657,lifetime,0,-48.142174365351465,1.0,1.0,-740.06321775902
natural_gas_turbine,power,BG,0,0.06505143508027657,lifetime,0,-48.142174365351465,1.0,1.0,-740.06321775902
natural_gas_turbine,power,CH,0,0.06505143508027657,lifetime,0,-48.142174365351465,1.0,1.0,-740.06321775902
natural_gas_turbine,power,CZ,0,0.06505143508027657,lifetime,0,-48.142174365351465,1.0,1.0,-740.06321775902
natural_gas_turbine,power,DE,0,0.06505143508027657,lifetime,0,-48.142174365351465,1.0,1.0,-740.06321775902
natural_gas_turbine,power,DK,0,0.06505143508027657,lifetime,0,-2.5062352272890145,1.0,1.0,-38.52697829334896
natural_gas_turbine,power,EE,0,0.06505143508027657,lifetime,0,-2.744241727081885,1.0,1.0,-42.185721555494666
natural_gas_turbine,power,EL,0,0.06505143508027657,lifetime,0,-48.142174365351465,1.0,1.0,-740.06321775902
natural_gas_turbine,power,ES,0,0.06505143508027657,lifetime,0,-48.142174365351465,1.0,1.0,-740.06321775902
natural_gas_turbine,power,FI,0,0.06505143508027657,lifetime,0,-48.142174365351465,1.0,1.0,-740.06321775902
natural_gas_turbine,power,FR,0,0.06505143508027657,lifetime,0,4.140037623008954,1.0,1.0,63.642525609157595
natural_gas_turbine,power,HR,0,0.06505143508027657,lifetime,0,-48.142174365351465,1.0,1.0,-740.06321775902
natural_gas_turbine,power,HU,0,0.06505143508027657,lifetime,0,-48.142174365351465,1.0,1.0,-740.06321775902
natural_gas_turbine,power,IE,0,0.06505143508027657,lifetime,0,7.630047766646221,1.0,1.0,117.29253562554584
natural_gas_turbine,power,IT,0,0.06505143508027657,lifetime,0,-48.142174365351465,1.0,1.0,-740.06321775902
natural_gas_turbine,power,LT,0,0.06505143508027657,lifetime,0,-14.901701404476423,1.0,1.0,-229.07567505754506
natural_gas_turbine,power,LU,0,0.06505143508027657,lifetime,0,-48.142174365351465,1.0,1.0,-740.06321775902
natural_gas_turbine,power,LV,0,0.06505143508027657,lifetime,0,-2.5989441693883606,1.0,1.0,-39.95214196552528
natural_gas_turbine,power,NL,0,0.06505143508027657,lifetime,0,-48.142174365351465,1.0,1.0,-740.06321775902
natural_gas_turbine,power,NO,0,0.06505143508027657,lifetime,0,-30.358308495977504,1.0,1.0,-466.68161061341544
natural_gas_turbine,power,PL,0,0.06505143508027657,lifetime,0,-48.142174365351465,1.0,1.0,-740.06321775902
natural_gas_turbine,power,PT,0,0.06505143508027657,lifetime,0,-48.142174365351465,1.0,1.0,-740.06321775902
natural_gas_turbine,power,RO,0,0.06505143508027657,lifetime,0,-48.142174365351465,1.0,1.0,-740.06321775902
natural_gas_turbine,power,SE,0,0.06505143508027657,lifetime,0,20.84298913648153,1.0,1.0,320.4078297544134
natural_gas_turbine,power,SI,0,0.06505143508027657,lifetime,0,-48.142174365351465,1.0,1.0,-740.06321775902
natural_gas_turbine,power,SK,0,0.06505143508027657,lifetime,0,-48.142174365351465,1.0,1.0,-740.06321775902
natural_gas_turbine,power,UK,0,0.06505143508027657,lifetime,0,-15.164122749734528,1.0,1.0,-233.10973433593398
nuclear,power,AT,0,0.053666863697517594,lifetime,0,-536.7826107826709,1.0,1.0,-10002.123727746368
nuclear,power,BE,0,0.053666863697517594,lifetime,0,-299.39017817004276,1.0,1.0,-5578.678490651044
nuclear,power,BG,0,0.053666863697517594,lifetime,0,-299.39017817004276,1.0,1.0,-5578.678490651044
nuclear,power,CH,0,0.053666863697517594,lifetime,0,-299.39017817004276,1.0,1.0,-5578.678490651044
nuclear,power,CZ,0,0.053666863697517594,lifetime,0,-291.72975649276236,1.0,1.0,-5435.938238109796
nuclear,power,DE,0,0.053666863697517594,lifetime,0,-299.39017817004276,1.0,1.0,-5578.678490651044
nuclear,power,DK,0,0.053666863697517594,lifetime,0,-136.29262513040706,1.0,1.0,-2539.6048090045438
nuclear,power,EE,0,0.053666863697517594,lifetime,0,-125.9570320697493,1.0,1.0,-2347.0168254973983
nuclear,power,EL,0,0.053666863697517594,lifetime,0,-430.7142750866945,1.0,1.0,-8025.702368491818
nuclear,power,ES,0,0.053666863697517594,lifetime,0,-262.3187069110608,1.0,1.0,-4887.908270354069
nuclear,power,FI,0,0.053666863697517594,lifetime,0,-267.4152474998251,1.0,1.0,-4982.874516518367
nuclear,power,FR,0,0.053666863697517594,lifetime,0,-81.33234983084355,1.0,1.0,-1515.5040601824037
nuclear,power,HR,0,0.053666863697517594,lifetime,0,-438.6724652860004,1.0,1.0,-8173.991082439415
nuclear,power,HU,0,0.053666863697517594,lifetime,0,-299.39017817004276,1.0,1.0,-5578.678490651044
nuclear,power,IE,0,0.053666863697517594,lifetime,0,-100.28071370265722,1.0,1.0,-1868.5778671149696
nuclear,power,IT,0,0.053666863697517594,lifetime,0,-456.99843506339704,1.0,1.0,-8515.467526464303
nuclear,power,LT,0,0.053666863697517594,lifetime,0,-185.9929644633462,1.0,1.0,-3465.6946884702984
nuclear,power,LU,0,0.053666863697517594,lifetime,0,-474.5310095836083,1.0,1.0,-8842.160262209587
nuclear,power,LV,0,0.053666863697517594,lifetime,0,-156.5948157458857,1.0,1.0,-2917.905108606694
nuclear,power,NL,0,0.053666863697517594,lifetime,0,-282.7534504238123,1.0,1.0,-5268.678490651044
nuclear,power,NO,0,0.053666863697517594,lifetime,0,-184.54191127323568,1.0,1.0,-3438.6565295368996
nuclear,power,PL,0,0.053666863697517594,lifetime,0,-508.916700349885,1.0,1.0,-9482.885066999459
nuclear,power,PT,0,0.053666863697517594,lifetime,0,-277.2693546659221,1.0,1.0,-5166.4907461090825
nuclear,power,RO,0,0.053666863697517594,lifetime,0,-299.39017817004276,1.0,1.0,-5578.678490651044
nuclear,power,SE,0,0.053666863697517594,lifetime,0,-36.573753187066195,1.0,1.0,-681.4960045589164
nuclear,power,SI,0,0.053666863697517594,lifetime,0,-299.39017817004276,1.0,1.0,-5578.678490651044
nuclear,power,SK,0,0.053666863697517594,lifetime,0,-299.39017817004276,1.0,1.0,-5578.678490651044
nuclear,power,UK,0,0.053666863697517594,lifetime,0,-73.22628213345897,1.0,1.0,-1364.4598750205355
oil_boiler,power,AT,0,0.08024258719069129,lifetime,0,11.707221195845303,1.0,1.0,145.89785306926674
oil_boiler,power,BE,0,0.08024258719069129,lifetime,0,11.707221195845303,1.0,1.0,145.89785306926674
oil_boiler,power,BG,0,0.08024258719069129,lifetime,0,11.707221195845303,1.0,1.0,145.89785306926674
oil_boiler,power,CH,0,0.08024258719069129,lifetime,0,11.707221195845303,1.0,1.0,145.89785306926674
oil_boiler,power,CZ,0,0.08024258719069129,lifetime,0,11.707221195845303,1.0,1.0,145.89785306926674
oil_boiler,power,DE,0,0.08024258719069129,lifetime,0,11.707221195845303,1.0,1.0,145.89785306926674
oil_boiler,power,DK,0,0.08024258719069129,lifetime,0,11.707221195845303,1.0,1.0,145.89785306926674
oil_boiler,power,EE,0,0.08024258719069129,lifetime,0,11.707221195845303,1.0,1.0,145.89785306926674
oil_boiler,power,EL,0,0.08024258719069129,lifetime,0,11.707221195845303,1.0,1.0,145.89785306926674
oil_boiler,power,ES,0,0.08024258719069129,lifetime,0,11.707221195845303,1.0,1.0,145.89785306926674
oil_boiler,power,FI,0,0.08024258719069129,lifetime,0,11.707221195845303,1.0,1.0,145.89785306926674
oil_boiler,power,FR,0,0.08024258719069129,lifetime,0,11.707221195845303,1.0,1.0,145.89785306926674
oil_boiler,power,HR,0,0.08024258719069129,lifetime,0,11.707221195845303,1.0,1.0,145.89785306926674
oil_boiler,power,HU,0,0.08024258719069129,lifetime,0,-2.4771935403745475,1.0,1.0,-30.871306959328944
oil_boiler,power,IE,0,0.08024258719069129,lifetime,0,11.707221195845303,1.0,1.0,145.89785306926674
oil_boiler,power,IT,0,0.08024258719069129,lifetime,0,11.707221195845303,1.0,1.0,145.89785306926674
oil_boiler,power,LT,0,0.08024258719069129,lifetime,0,11.707221195845303,1.0,1.0,145.89785306926674
oil_boiler,power,LU,0,0.08024258719069129,lifetime,0,11.707221195845303,1.0,1.0,145.89785306926674
oil_boiler,power,LV,0,0.08024258719069129,lifetime,0,11.707221195845303,1.0,1.0,145.89785306926674
oil_boiler,power,NL,0,0.08024258719069129,lifetime,0,-5.317140313013687,1.0,1.0,-66.2633210015755
oil_boiler,power,NO,0,0.08024258719069129,lifetime,0,11.707221195845303,1.0,1.0,145.89785306926674
oil_boiler,power,PL,0,0.08024258719069129,lifetime,0,11.707221195845303,1.0,1.0,145.89785306926674
oil_boiler,power,PT,0,0.08024258719069129,lifetime,0,11.707221195845303,1.0,1.0,145.89785306926674
oil_boiler,power,RO,0,0.08024258719069129,lifetime,0,11.707221195845303,1.0,1.0,145.89785306926674
oil_boiler,power,SE,0,0.08024258719069129,lifetime,0,11.707221195845303,1.0,1.0,145.89785306926674
oil_boiler,power,SI,0,0.08024258719069129,lifetime,0,11.707221195845303,1.0,1.0,145.89785306926674
oil_boiler,power,SK,0,0.08024258719069129,lifetime,0,11.707221195845303,1.0,1.0,145.89785306926674
oil_boiler,power,UK,0,0.08024258719069129,lifetime,0,11.707221195845303,1.0,1.0,145.89785306926674
oil_boiler_DH,power,AT,0,0.0709524572992296,lifetime,0,24.65202819883807,1.0,1.0,347.4443188749961
oil_boiler_DH,power,BE,0,0.0709524572992296,lifetime,0,24.65202819883807,1.0,1.0,347.4443188749961
oil_boiler_DH,power,BG,0,0.0709524572992296,lifetime,0,24.65202819883807,1.0,1.0,347.4443188749961
oil_boiler_DH,power,CH,0,0.0709524572992296,lifetime,0,24.65202819883807,1.0,1.0,347.4443188749961
oil_boiler_DH,power,CZ,0,0.0709524572992296,lifetime,0,24.65202819883807,1.0,1.0,347.4443188749961
oil_boiler_DH,power,DE,0,0.0709524572992296,lifetime,0,24.65202819883807,1.0,1.0,347.4443188749961
oil_boiler_DH,power,DK,0,0.0709524572992296,lifetime,0,24.65202819883807,1.0,1.0,347.4443188749961
oil_boiler_DH,power,EE,0,0.0709524572992296,lifetime,0,24.65202819883807,1.0,1.0,347.4443188749961
oil_boiler_DH,power,EL,0,0.0709524572992296,lifetime,0,24.65202819883807,1.0,1.0,347.4443188749961
oil_boiler_DH,power,ES,0,0.0709524572992296,lifetime,0,24.65202819883807,1.0,1.0,347.4443188749961
oil_boiler_DH,power,FI,0,0.0709524572992296,lifetime,0,24.65202819883807,1.0,1.0,347.4443188749961
oil_boiler_DH,power,FR,0,0.0709524572992296,lifetime,0,24.65202819883807,1.0,1.0,347.4443188749961
oil_boiler_DH,power,HR,0,0.0709524572992296,lifetime,0,24.65202819883807,1.0,1.0,347.4443188749961
oil_boiler_DH,power,HU,0,0.0709524572992296,lifetime,0,24.65202819883807,1.0,1.0,347.4443188749961
oil_boiler_DH,power,IE,0,0.0709524572992296,lifetime,0,24.65202819883807,1.0,1.0,347.4443188749961
oil_boiler_DH,power,IT,0,0.0709524572992296,lifetime,0,24.65202819883807,1.0,1.0,347.4443188749961
oil_boiler_DH,power,LT,0,0.0709524572992296,lifetime,0,24.65202819883807,1.0,1.0,347.4443188749961
oil_boiler_DH,power,LU,0,0.0709524572992296,lifetime,0,24.65202819883807,1.0,1.0,347.4443188749961
oil_boiler_DH,power,LV,0,0.0709524572992296,lifetime,0,24.65202819883807,1.0,1.0,347.4443188749961
oil_boiler_DH,power,NL,0,0.0709524572992296,lifetime,0,24.65202819883807,1.0,1.0,347.4443188749961
oil_boiler_DH,power,NO,0,0.0709524572992296,lifetime,0,24.65202819883807,1.0,1.0,347.4443188749961
oil_boiler_DH,power,PL,0,0.0709524572992296,lifetime,0,24.65202819883807,1.0,1.0,347.4443188749961
oil_boiler_DH,power,PT,0,0.0709524572992296,lifetime,0,24.65202819883807,1.0,1.0,347.4443188749961
oil_boiler_DH,power,RO,0,0.0709524572992296,lifetime,0,24.65202819883807,1.0,1.0,347.4443188749961
oil_boiler_DH,power,SE,0,0.0709524572992296,lifetime,0,24.65202819883807,1.0,1.0,347.4443188749961
oil_boiler_DH,power,SI,0,0.0709524572992296,lifetime,0,24.65202819883807,1.0,1.0,347.4443188749961
oil_boiler_DH,power,SK,0,0.0709524572992296,lifetime,0,24.65202819883807,1.0,1.0,347.4443188749961
oil_boiler_DH,power,UK,0,0.0709524572992296,lifetime,0,24.65202819883807,1.0,1.0,347.4443188749961
oil_plant,power,AT,0,0.0632804189432843,lifetime,0,62.74778108054733,1.0,1.0,991.5828960738336
oil_plant,power,BE,0,0.0632804189432843,lifetime,0,62.74778108054733,1.0,1.0,991.5828960738336
oil_plant,power,BG,0,0.0632804189432843,lifetime,0,62.74778108054733,1.0,1.0,991.5828960738336
oil_plant,power,CH,0,0.0632804189432843,lifetime,0,62.74778108054733,1.0,1.0,991.5828960738336
oil_plant,power,CZ,0,0.0632804189432843,lifetime,0,62.74778108054733,1.0,1.0,991.5828960738336
oil_plant,power,DE,0,0.0632804189432843,lifetime,0,62.74778108054733,1.0,1.0,991.5828960738336
oil_plant,power,DK,0,0.0632804189432843,lifetime,0,62.74778108054733,1.0,1.0,991.5828960738336
oil_plant,power,EE,0,0.0632804189432843,lifetime,0,62.74778108054733,1.0,1.0,991.5828960738336
oil_plant,power,EL,0,0.0632804189432843,lifetime,0,62.74778108054733,1.0,1.0,991.5828960738336
oil_plant,power,ES,0,0.0632804189432843,lifetime,0,62.74778108054733,1.0,1.0,991.5828960738336
oil_plant,power,FI,0,0.0632804189432843,lifetime,0,62.74778108054733,1.0,1.0,991.5828960738336
oil_plant,power,FR,0,0.0632804189432843,lifetime,0,62.74778108054733,1.0,1.0,991.5828960738336
oil_plant,power,HR,0,0.0632804189432843,lifetime,0,62.74778108054733,1.0,1.0,991.5828960738336
oil_plant,power,HU,0,0.0632804189432843,lifetime,0,62.74778108054733,1.0,1.0,991.5828960738336
oil_plant,power,IE,0,0.0632804189432843,lifetime,0,62.74778108054733,1.0,1.0,991.5828960738336
oil_plant,power,IT,0,0.0632804189432843,lifetime,0,62.74778108054733,1.0,1.0,991.5828960738336
oil_plant,power,LT,0,0.0632804189432843,lifetime,0,62.74778108054733,1.0,1.0,991.5828960738336
oil_plant,power,LU,0,0.0632804189432843,lifetime,0,62.74778108054733,1.0,1.0,991.5828960738336
oil_plant,power,LV,0,0.0632804189432843,lifetime,0,62.74778108054733,1.0,1.0,991.5828960738336
oil_plant,power,NL,0,0.0632804189432843,lifetime,0,62.74778108054733,1.0,1.0,991.5828960738336
oil_plant,power,NO,0,0.0632804189432843,lifetime,0,62.74778108054733,1.0,1.0,991.5828960738336
oil_plant,power,PL,0,0.0632804189432843,lifetime,0,62.74778108054733,1.0,1.0,991.5828960738336
oil_plant,power,PT,0,0.0632804189432843,lifetime,0,62.74778108054733,1.0,1.0,991.5828960738336
oil_plant,power,RO,0,0.0632804189432843,lifetime,0,62.74778108054733,1.0,1.0,991.5828960738336
oil_plant,power,SE,0,0.0632804189432843,lifetime,0,62.74778108054733,1.0,1.0,991.5828960738336
oil_plant,power,SI,0,0.0632804189432843,lifetime,0,62.74778108054733,1.0,1.0,991.5828960738336
oil_plant,power,SK,0,0.0632804189432843,lifetime,0,62.74778108054733,1.0,1.0,991.5828960738336
oil_plant,power,UK,0,0.0632804189432843,lifetime,0,62.74778108054733,1.0,1.0,991.5828960738336
oil_to_diesel_conversion,power,AT,0,0.05038313806951108,lifetime,0,-0.0,1.0,1.0,-0.0
oil_to_diesel_conversion,power,BE,0,0.05038313806951108,lifetime,0,-0.0,1.0,1.0,-0.0
oil_to_diesel_conversion,power,BG,0,0.05038313806951108,lifetime,0,-0.0,1.0,1.0,-0.0
oil_to_diesel_conversion,power,CH,0,0.05038313806951108,lifetime,0,-0.0,1.0,1.0,-0.0
oil_to_diesel_conversion,power,CZ,0,0.05038313806951108,lifetime,0,-0.0,1.0,1.0,-0.0
oil_to_diesel_conversion,power,DE,0,0.05038313806951108,lifetime,0,-0.0,1.0,1.0,-0.0
oil_to_diesel_conversion,power,DK,0,0.05038313806951108,lifetime,0,-0.0,1.0,1.0,-0.0
oil_to_diesel_conversion,power,EE,0,0.05038313806951108,lifetime,0,-0.0,1.0,1.0,-0.0
oil_to_diesel_conversion,power,EL,0,0.05038313806951108,lifetime,0,-0.0,1.0,1.0,-0.0
oil_to_diesel_conversion,power,ES,0,0.05038313806951108,lifetime,0,-0.0,1.0,1.0,-0.0
oil_to_diesel_conversion,power,FI,0,0.05038313806951108,lifetime,0,-0.0,1.0,1.0,-0.0
oil_to_diesel_conversion,power,FR,0,0.05038313806951108,lifetime,0,-0.0,1.0,1.0,-0.0
oil_to_diesel_conversion,power,HR,0,0.05038313806951108,lifetime,0,-0.0,1.0,1.0,-0.0
oil_to_diesel_conversion,power,HU,0,0.05038313806951108,lifetime,0,-0.0,1.0,1.0,-0.0
oil_to_diesel_conversion,power,IE,0,0.05038313806951108,lifetime,0,-0.0,1.0,1.0,-0.0
oil_to_diesel_conversion,power,IT,0,0.05038313806951108,lifetime,0,-0.0,1.0,1.0,-0.0
oil_to_diesel_conversion,power,LT,0,0.05038313806951108,lifetime,0,-0.0,1.0,1.0,-0.0
oil_to_diesel_conversion,power,LU,0,0.05038313806951108,lifetime,0,-0.0,1.0,1.0,-0.0
oil_to_diesel_conversion,power,LV,0,0.05038313806951108,lifetime,0,-0.0,1.0,1.0,-0.0
oil_to_diesel_conversion,power,NL,0,0.05038313806951108,lifetime,0,-0.0,1.0,1.0,-0.0
oil_to_diesel_conversion,power,NO,0,0.05038313806951108,lifetime,0,-0.0,1.0,1.0,-0.0
oil_to_diesel_conversion,power,PL,0,0.05038313806951108,lifetime,0,-0.0,1.0,1.0,-0.0
oil_to_diesel_conversion,power,PT,0,0.05038313806951108,lifetime,0,-0.0,1.0,1.0,-0.0
oil_to_diesel_conversion,power,RO,0,0.05038313806951108,lifetime,0,-0.0,1.0,1.0,-0.0
oil_to_diesel_conversion,power,SE,0,0.05038313806951108,lifetime,0,-0.0,1.0,1.0,-0.0
oil_to_diesel_conversion,power,SI,0,0.05038313806951108,lifetime,0,-0.0,1.0,1.0,-0.0
oil_to_diesel_conversion,power,SK,0,0.05038313806951108,lifetime,0,-0.0,1.0,1.0,-0.0
oil_to_diesel_conversion,power,UK,0,0.05038313806951108,lifetime,0,-0.0,1.0,1.0,-0.0
oil_to_gasoline_conversion,power,AT,0,0.05038313806951108,lifetime,0,-0.0,1.0,1.0,-0.0
oil_to_gasoline_conversion,power,BE,0,0.05038313806951108,lifetime,0,-0.0,1.0,1.0,-0.0
oil_to_gasoline_conversion,power,BG,0,0.05038313806951108,lifetime,0,-0.0,1.0,1.0,-0.0
oil_to_gasoline_conversion,power,CH,0,0.05038313806951108,lifetime,0,-0.0,1.0,1.0,-0.0
oil_to_gasoline_conversion,power,CZ,0,0.05038313806951108,lifetime,0,-0.0,1.0,1.0,-0.0
oil_to_gasoline_conversion,power,DE,0,0.05038313806951108,lifetime,0,-0.0,1.0,1.0,-0.0
oil_to_gasoline_conversion,power,DK,0,0.05038313806951108,lifetime,0,-0.0,1.0,1.0,-0.0
oil_to_gasoline_conversion,power,EE,0,0.05038313806951108,lifetime,0,-0.0,1.0,1.0,-0.0
oil_to_gasoline_conversion,power,EL,0,0.05038313806951108,lifetime,0,-0.0,1.0,1.0,-0.0
oil_to_gasoline_conversion,power,ES,0,0.05038313806951108,lifetime,0,-0.0,1.0,1.0,-0.0
oil_to_gasoline_conversion,power,FI,0,0.05038313806951108,lifetime,0,-0.0,1.0,1.0,-0.0
oil_to_gasoline_conversion,power,FR,0,0.05038313806951108,lifetime,0,-0.0,1.0,1.0,-0.0
oil_to_gasoline_conversion,power,HR,0,0.05038313806951108,lifetime,0,-0.0,1.0,1.0,-0.0
oil_to_gasoline_conversion,power,HU,0,0.05038313806951108,lifetime,0,-0.0,1.0,1.0,-0.0
oil_to_gasoline_conversion,power,IE,0,0.05038313806951108,lifetime,0,-0.0,1.0,1.0,-0.0
oil_to_gasoline_conversion,power,IT,0,0.05038313806951108,lifetime,0,-0.0,1.0,1.0,-0.0
oil_to_gasoline_conversion,power,LT,0,0.05038313806951108,lifetime,0,-0.0,1.0,1.0,-0.0
oil_to_gasoline_conversion,power,LU,0,0.05038313806951108,lifetime,0,-0.0,1.0,1.0,-0.0
oil_to_gasoline_conversion,power,LV,0,0.05038313806951108,lifetime,0,-0.0,1.0,1.0,-0.0
oil_to_gasoline_conversion,power,NL,0,0.05038313806951108,lifetime,0,-0.0,1.0,1.0,-0.0
oil_to_gasoline_conversion,power,NO,0,0.05038313806951108,lifetime,0,-0.0,1.0,1.0,-0.0
oil_to_gasoline_conversion,power,PL,0,0.05038313806951108,lifetime,0,-0.0,1.0,1.0,-0.0
oil_to_gasoline_conversion,power,PT,0,0.05038313806951108,lifetime,0,-0.0,1.0,1.0,-0.0
oil_to_gasoline_conversion,power,RO,0,0.05038313806951108,lifetime,0,-0.0,1.0,1.0,-0.0
oil_to_gasoline_conversion,power,SE,0,0.05038313806951108,lifetime,0,-0.0,1.0,1.0,-0.0
oil_to_gasoline_conversion,power,SI,0,0.05038313806951108,lifetime,0,-0.0,1.0,1.0,-0.0
oil_to_gasoline_conversion,power,SK,0,0.05038313806951108,lifetime,0,-0.0,1.0,1.0,-0.0
oil_to_gasoline_conversion,power,UK,0,0.05038313806951108,lifetime,0,-0.0,1.0,1.0,-0.0
oil_to_kerosene_conversion,power,AT,0,0.08024258719069129,lifetime,0,-0.0,1.0,1.0,-0.0
oil_to_kerosene_conversion,power,BE,0,0.08024258719069129,lifetime,0,-0.0,1.0,1.0,-0.0
oil_to_kerosene_conversion,power,BG,0,0.08024258719069129,lifetime,0,-0.0,1.0,1.0,-0.0
oil_to_kerosene_conversion,power,CH,0,0.08024258719069129,lifetime,0,-0.0,1.0,1.0,-0.0
oil_to_kerosene_conversion,power,CZ,0,0.08024258719069129,lifetime,0,-0.0,1.0,1.0,-0.0
oil_to_kerosene_conversion,power,DE,0,0.08024258719069129,lifetime,0,-0.0,1.0,1.0,-0.0
oil_to_kerosene_conversion,power,DK,0,0.08024258719069129,lifetime,0,-0.0,1.0,1.0,-0.0
oil_to_kerosene_conversion,power,EE,0,0.08024258719069129,lifetime,0,-0.0,1.0,1.0,-0.0
oil_to_kerosene_conversion,power,EL,0,0.08024258719069129,lifetime,0,-0.0,1.0,1.0,-0.0
oil_to_kerosene_conversion,power,ES,0,0.08024258719069129,lifetime,0,-0.0,1.0,1.0,-0.0
oil_to_kerosene_conversion,power,FI,0,0.08024258719069129,lifetime,0,-0.0,1.0,1.0,-0.0
oil_to_kerosene_conversion,power,FR,0,0.08024258719069129,lifetime,0,-0.0,1.0,1.0,-0.0
oil_to_kerosene_conversion,power,HR,0,0.08024258719069129,lifetime,0,-0.0,1.0,1.0,-0.0
oil_to_kerosene_conversion,power,HU,0,0.08024258719069129,lifetime,0,-0.0,1.0,1.0,-0.0
oil_to_kerosene_conversion,power,IE,0,0.08024258719069129,lifetime,0,-0.0,1.0,1.0,-0.0
oil_to_kerosene_conversion,power,IT,0,0.08024258719069129,lifetime,0,-0.0,1.0,1.0,-0.0
oil_to_kerosene_conversion,power,LT,0,0.08024258719069129,lifetime,0,-0.0,1.0,1.0,-0.0
oil_to_kerosene_conversion,power,LU,0,0.08024258719069129,lifetime,0,-0.0,1.0,1.0,-0.0
oil_to_kerosene_conversion,power,LV,0,0.08024258719069129,lifetime,0,-0.0,1.0,1.0,-0.0
oil_to_kerosene_conversion,power,NL,0,0.08024258719069129,lifetime,0,-0.0,1.0,1.0,-0.0
oil_to_kerosene_conversion,power,NO,0,0.08024258719069129,lifetime,0,-0.0,1.0,1.0,-0.0
oil_to_kerosene_conversion,power,PL,0,0.08024258719069129,lifetime,0,-0.0,1.0,1.0,-0.0
oil_to_kerosene_conversion,power,PT,0,0.08024258719069129,lifetime,0,-0.0,1.0,1.0,-0.0
oil_to_kerosene_conversion,power,RO,0,0.08024258719069129,lifetime,0,-0.0,1.0,1.0,-0.0
oil_to_kerosene_conversion,power,SE,0,0.08024258719069129,lifetime,0,-0.0,1.0,1.0,-0.0
oil_to_kerosene_conversion,power,SI,0,0.08024258719069129,lifetime,0,-0.0,1.0,1.0,-0.0
oil_to_kerosene_conversion,power,SK,0,0.08024258719069129,lifetime,0,-0.0,1.0,1.0,-0.0
oil_to_kerosene_conversion,power,UK,0,0.08024258719069129,lifetime,0,-0.0,1.0,1.0,-0.0
oil_to_naphtha_conversion,power,AT,0,0.08024258719069129,lifetime,0,-0.0,1.0,1.0,-0.0
oil_to_naphtha_conversion,power,BE,0,0.08024258719069129,lifetime,0,-0.0,1.0,1.0,-0.0
oil_to_naphtha_conversion,power,BG,0,0.08024258719069129,lifetime,0,-0.0,1.0,1.0,-0.0
oil_to_naphtha_conversion,power,CH,0,0.08024258719069129,lifetime,0,-0.0,1.0,1.0,-0.0
oil_to_naphtha_conversion,power,CZ,0,0.08024258719069129,lifetime,0,-0.0,1.0,1.0,-0.0
oil_to_naphtha_conversion,power,DE,0,0.08024258719069129,lifetime,0,-0.0,1.0,1.0,-0.0
oil_to_naphtha_conversion,power,DK,0,0.08024258719069129,lifetime,0,-0.0,1.0,1.0,-0.0
oil_to_naphtha_conversion,power,EE,0,0.08024258719069129,lifetime,0,-0.0,1.0,1.0,-0.0
oil_to_naphtha_conversion,power,EL,0,0.08024258719069129,lifetime,0,-0.0,1.0,1.0,-0.0
oil_to_naphtha_conversion,power,ES,0,0.08024258719069129,lifetime,0,-0.0,1.0,1.0,-0.0
oil_to_naphtha_conversion,power,FI,0,0.08024258719069129,lifetime,0,-0.0,1.0,1.0,-0.0
oil_to_naphtha_conversion,power,FR,0,0.08024258719069129,lifetime,0,-0.0,1.0,1.0,-0.0
oil_to_naphtha_conversion,power,HR,0,0.08024258719069129,lifetime,0,-0.0,1.0,1.0,-0.0
oil_to_naphtha_conversion,power,HU,0,0.08024258719069129,lifetime,0,-0.0,1.0,1.0,-0.0
oil_to_naphtha_conversion,power,IE,0,0.08024258719069129,lifetime,0,-0.0,1.0,1.0,-0.0
oil_to_naphtha_conversion,power,IT,0,0.08024258719069129,lifetime,0,-0.0,1.0,1.0,-0.0
oil_to_naphtha_conversion,power,LT,0,0.08024258719069129,lifetime,0,-0.0,1.0,1.0,-0.0
oil_to_naphtha_conversion,power,LU,0,0.08024258719069129,lifetime,0,-0.0,1.0,1.0,-0.0
oil_to_naphtha_conversion,power,LV,0,0.08024258719069129,lifetime,0,-0.0,1.0,1.0,-0.0
oil_to_naphtha_conversion,power,NL,0,0.08024258719069129,lifetime,0,-0.0,1.0,1.0,-0.0
oil_to_naphtha_conversion,power,NO,0,0.08024258719069129,lifetime,0,-0.0,1.0,1.0,-0.0
oil_to_naphtha_conversion,power,PL,0,0.08024258719069129,lifetime,0,-0.0,1.0,1.0,-0.0
oil_to_naphtha_conversion,power,PT,0,0.08024258719069129,lifetime,0,-0.0,1.0,1.0,-0.0
oil_to_naphtha_conversion,power,RO,0,0.08024258719069129,lifetime,0,-0.0,1.0,1.0,-0.0
oil_to_naphtha_conversion,power,SE,0,0.08024258719069129,lifetime,0,-0.0,1.0,1.0,-0.0
oil_to_naphtha_conversion,power,SI,0,0.08024258719069129,lifetime,0,-0.0,1.0,1.0,-0.0
oil_to_naphtha_conversion,power,SK,0,0.08024258719069129,lifetime,0,-0.0,1.0,1.0,-0.0
oil_to_naphtha_conversion,power,UK,0,0.08024258719069129,lifetime,0,-0.0,1.0,1.0,-0.0
olefin_from_methanol,power,AT,0,0.0709524572992296,lifetime,0,-397.97498627173223,1.0,1.0,-5609.037395186219
olefin_from_methanol,power,BE,0,0.0709524572992296,lifetime,0,-397.97498627173223,1.0,1.0,-5609.037395186219
olefin_from_methanol,power,BG,0,0.0709524572992296,lifetime,0,-397.97498627173223,1.0,1.0,-5609.037395186219
olefin_from_methanol,power,CH,0,0.0709524572992296,lifetime,0,-397.97498627173223,1.0,1.0,-5609.037395186219
olefin_from_methanol,power,CZ,0,0.0709524572992296,lifetime,0,-397.97498627173223,1.0,1.0,-5609.037395186219
olefin_from_methanol,power,DE,0,0.0709524572992296,lifetime,0,-397.97498627173223,1.0,1.0,-5609.037395186219
olefin_from_methanol,power,DK,0,0.0709524572992296,lifetime,0,-0.0,1.0,1.0,-0.0
olefin_from_methanol,power,EE,0,0.0709524572992296,lifetime,0,-0.0,1.0,1.0,-0.0
olefin_from_methanol,power,EL,0,0.0709524572992296,lifetime,0,-397.97498627173223,1.0,1.0,-5609.037395186219
olefin_from_methanol,power,ES,0,0.0709524572992296,lifetime,0,-397.97498627173223,1.0,1.0,-5609.037395186219
olefin_from_methanol,power,FI,0,0.0709524572992296,lifetime,0,-397.97498627173223,1.0,1.0,-5609.037395186219
olefin_from_methanol,power,FR,0,0.0709524572992296,lifetime,0,-397.97498627173223,1.0,1.0,-5609.037395186219
olefin_from_methanol,power,HR,0,0.0709524572992296,lifetime,0,-397.97498627173223,1.0,1.0,-5609.037395186219
olefin_from_methanol,power,HU,0,0.0709524572992296,lifetime,0,-397.97498627173223,1.0,1.0,-5609.037395186219
olefin_from_methanol,power,IE,0,0.0709524572992296,lifetime,0,-397.97498627173223,1.0,1.0,-5609.037395186219
olefin_from_methanol,power,IT,0,0.0709524572992296,lifetime,0,-397.97498627173223,1.0,1.0,-5609.037395186219
olefin_from_methanol,power,LT,0,0.0709524572992296,lifetime,0,-0.0,1.0,1.0,-0.0
olefin_from_methanol,power,LU,0,0.0709524572992296,lifetime,0,-0.0,1.0,1.0,-0.0
olefin_from_methanol,power,LV,0,0.0709524572992296,lifetime,0,-0.0,1.0,1.0,-0.0
olefin_from_methanol,power,NL,0,0.0709524572992296,lifetime,0,-397.97498627173223,1.0,1.0,-5609.037395186219
olefin_from_methanol,power,NO,0,0.0709524572992296,lifetime,0,-397.97498627173223,1.0,1.0,-5609.037395186219
olefin_from_methanol,power,PL,0,0.0709524572992296,lifetime,0,-397.97498627173223,1.0,1.0,-5609.037395186219
olefin_from_methanol,power,PT,0,0.0709524572992296,lifetime,0,-397.97498627173223,1.0,1.0,-5609.037395186219
olefin_from_methanol,power,RO,0,0.0709524572992296,lifetime,0,-397.97498627173223,1.0,1.0,-5609.037395186219
olefin_from_methanol,power,SE,0,0.0709524572992296,lifetime,0,-397.97498627173223,1.0,1.0,-5609.037395186219
olefin_from_methanol,power,SI,0,0.0709524572992296,lifetime,0,-0.0,1.0,1.0,-0.0
olefin_from_methanol,power,SK,0,0.0709524572992296,lifetime,0,-397.97498627173223,1.0,1.0,-5609.037395186219
olefin_from_methanol,power,UK,0,0.0709524572992296,lifetime,0,-397.97498627173223,1.0,1.0,-5609.037395186219
olefin_from_naphtha,power,AT,0,0.0709524572992296,lifetime,0,-0.0,1.0,1.0,-0.0
olefin_from_naphtha,power,BE,0,0.0709524572992296,lifetime,0,-0.0,1.0,1.0,-0.0
olefin_from_naphtha,power,BG,0,0.0709524572992296,lifetime,0,-0.0,1.0,1.0,-0.0
olefin_from_naphtha,power,CH,0,0.0709524572992296,lifetime,0,-0.0,1.0,1.0,-0.0
olefin_from_naphtha,power,CZ,0,0.0709524572992296,lifetime,0,-0.0,1.0,1.0,-0.0
olefin_from_naphtha,power,DE,0,0.0709524572992296,lifetime,0,-0.0,1.0,1.0,-0.0
olefin_from_naphtha,power,DK,0,0.0709524572992296,lifetime,0,-0.0,1.0,1.0,-0.0
olefin_from_naphtha,power,EE,0,0.0709524572992296,lifetime,0,-0.0,1.0,1.0,-0.0
olefin_from_naphtha,power,EL,0,0.0709524572992296,lifetime,0,-0.0,1.0,1.0,-0.0
olefin_from_naphtha,power,ES,0,0.0709524572992296,lifetime,0,-0.0,1.0,1.0,-0.0
olefin_from_naphtha,power,FI,0,0.0709524572992296,lifetime,0,-0.0,1.0,1.0,-0.0
olefin_from_naphtha,power,FR,0,0.0709524572992296,lifetime,0,-0.0,1.0,1.0,-0.0
olefin_from_naphtha,power,HR,0,0.0709524572992296,lifetime,0,-0.0,1.0,1.0,-0.0
olefin_from_naphtha,power,HU,0,0.0709524572992296,lifetime,0,-0.0,1.0,1.0,-0.0
olefin_from_naphtha,power,IE,0,0.0709524572992296,lifetime,0,-0.0,1.0,1.0,-0.0
olefin_from_naphtha,power,IT,0,0.0709524572992296,lifetime,0,-0.0,1.0,1.0,-0.0
olefin_from_naphtha,power,LT,0,0.0709524572992296,lifetime,0,-0.0,1.0,1.0,-0.0
olefin_from_naphtha,power,LU,0,0.0709524572992296,lifetime,0,-0.0,1.0,1.0,-0.0
olefin_from_naphtha,power,LV,0,0.0709524572992296,lifetime,0,-0.0,1.0,1.0,-0.0
olefin_from_naphtha,power,NL,0,0.0709524572992296,lifetime,0,-0.0,1.0,1.0,-0.0
olefin_from_naphtha,power,NO,0,0.0709524572992296,lifetime,0,-0.0,1.0,1.0,-0.0
olefin_from_naphtha,power,PL,0,0.0709524572992296,lifetime,0,-0.0,1.0,1.0,-0.0
olefin_from_naphtha,power,PT,0,0.0709524572992296,lifetime,0,-0.0,1.0,1.0,-0.0
olefin_from_naphtha,power,RO,0,0.0709524572992296,lifetime,0,-0.0,1.0,1.0,-0.0
olefin_from_naphtha,power,SE,0,0.0709524572992296,lifetime,0,-0.0,1.0,1.0,-0.0
olefin_from_naphtha,power,SI,0,0.0709524572992296,lifetime,0,-0.0,1.0,1.0,-0.0
olefin_from_naphtha,power,SK,0,0.0709524572992296,lifetime,0,-0.0,1.0,1.0,-0.0
olefin_from_naphtha,power,UK,0,0.0709524572992296,lifetime,0,-0.0,1.0,1.0,-0.0
photovoltaics,power,AT,0,0.06505143508027657,lifetime,0,-20.620360879401478,1.0,1.0,-316.98548777525
photovoltaics,power,BE,0,0.06505143508027657,lifetime,0,-20.620360879401478,1.0,1.0,-316.98548777525
photovoltaics,power,BG,0,0.06505143508027657,lifetime,0,-20.620360879401478,1.0,1.0,-316.98548777525
photovoltaics,power,CH,0,0.06505143508027657,lifetime,0,-20.620360879401478,1.0,1.0,-316.98548777525
photovoltaics,power,CZ,0,0.06505143508027657,lifetime,0,-19.597148555089163,1.0,1.0,-301.256206429656
photovoltaics,power,DE,0,0.06505143508027657,lifetime,0,-20.620360879401478,1.0,1.0,-316.98548777525
photovoltaics,power,DK,0,0.06505143508027657,lifetime,0,-15.521943358428393,1.0,1.0,-238.61031411948986
photovoltaics,power,EE,0,0.06505143508027657,lifetime,0,-13.731806447705527,1.0,1.0,-211.09152212798725
photovoltaics,power,EL,0,0.06505143508027657,lifetime,0,-20.620360879401478,1.0,1.0,-316.98548777525
photovoltaics,power,ES,0,0.06505143508027657,lifetime,0,-20.620360879401478,1.0,1.0,-316.98548777525
photovoltaics,power,FI,0,0.06505143508027657,lifetime,0,-16.26706744919646,1.0,1.0,-250.06469771377257
photovoltaics,power,FR,0,0.06505143508027657,lifetime,0,-20.620360879401478,1.0,1.0,-316.98548777525
photovoltaics,power,HR,0,0.06505143508027657,lifetime,0,-20.620360879401478,1.0,1.0,-316.98548777525
photovoltaics,power,HU,0,0.06505143508027657,lifetime,0,-20.620360879401478,1.0,1.0,-316.98548777525
photovoltaics,power,IE,0,0.06505143508027657,lifetime,0,-19.069520428588856,1.0,1.0,-293.14526889462405
photovoltaics,power,IT,0,0.06505143508027657,lifetime,0,-20.620360879401478,1.0,1.0,-316.98548777525
photovoltaics,power,LT,0,0.06505143508027657,lifetime,0,-15.870276632405217,1.0,1.0,-243.96505031473234
photovoltaics,power,LU,0,0.06505143508027657,lifetime,0,-20.620360879401478,1.0,1.0,-316.98548777525
photovoltaics,power,LV,0,0.06505143508027657,lifetime,0,-14.7878897512919,1.0,1.0,-227.3261109926774
photovoltaics,power,NL,0,0.06505143508027657,lifetime,0,-20.620360879401478,1.0,1.0,-316.98548777525
photovoltaics,power,NO,0,0.06505143508027657,lifetime,0,-16.18540818631754,1.0,1.0,-248.80939469427503
photovoltaics,power,PL,0,0.06505143508027657,lifetime,0,-20.620360879401478,1.0,1.0,-316.98548777525
photovoltaics,power,PT,0,0.06505143508027657,lifetime,0,-20.620360879401478,1.0,1.0,-316.98548777525
photovoltaics,power,RO,0,0.06505143508027657,lifetime,0,-20.620360879401478,1.0,1.0,-316.98548777525
photovoltaics,power,SE,0,0.06505143508027657,lifetime,0,-10.470324943902456,1.0,1.0,-160.95455743569033
photovoltaics,power,SI,0,0.06505143508027657,lifetime,0,-18.36549790992136,1.0,1.0,-282.3227172045853
photovoltaics,power,SK,0,0.06505143508027657,lifetime,0,-20.515379738858943,1.0,1.0,-315.3716703335136
photovoltaics,power,UK,0,0.06505143508027657,lifetime,0,-20.620360879401478,1.0,1.0,-316.98548777525
pyrolysis,power,AT,0,0.0709524572992296,lifetime,0,79.73989349377804,1.0,1.0,1123.849638603621
pyrolysis,power,BE,0,0.0709524572992296,lifetime,0,79.73989349377804,1.0,1.0,1123.849638603621
pyrolysis,power,BG,0,0.0709524572992296,lifetime,0,79.73989349377804,1.0,1.0,1123.849638603621
pyrolysis,power,CH,0,0.0709524572992296,lifetime,0,79.73989349377804,1.0,1.0,1123.849638603621
pyrolysis,power,CZ,0,0.0709524572992296,lifetime,0,79.73989349377804,1.0,1.0,1123.849638603621
pyrolysis,power,DE,0,0.0709524572992296,lifetime,0,79.73989349377804,1.0,1.0,1123.849638603621
pyrolysis,power,DK,0,0.0709524572992296,lifetime,0,79.73989349377804,1.0,1.0,1123.849638603621
pyrolysis,power,EE,0,0.0709524572992296,lifetime,0,79.73989349377804,1.0,1.0,1123.849638603621
pyrolysis,power,EL,0,0.0709524572992296,lifetime,0,79.73989349377804,1.0,1.0,1123.849638603621
pyrolysis,power,ES,0,0.0709524572992296,lifetime,0,79.73989349377804,1.0,1.0,1123.849638603621
pyrolysis,power,FI,0,0.0709524572992296,lifetime,0,79.73989349377804,1.0,1.0,1123.849638603621
pyrolysis,power,FR,0,0.0709524572992296,lifetime,0,79.73989349377804,1.0,1.0,1123.849638603621
pyrolysis,power,HR,0,0.0709524572992296,lifetime,0,79.73989349377804,1.0,1.0,1123.849638603621
pyrolysis,power,HU,0,0.0709524572992296,lifetime,0,79.73989349377804,1.0,1.0,1123.849638603621
pyrolysis,power,IE,0,0.0709524572992296,lifetime,0,79.73989349377804,1.0,1.0,1123.849638603621
pyrolysis,power,IT,0,0.0709524572992296,lifetime,0,79.73989349377804,1.0,1.0,1123.849638603621
pyrolysis,power,LT,0,0.0709524572992296,lifetime,0,79.73989349377804,1.0,1.0,1123.849638603621
pyrolysis,power,LU,0,0.0709524572992296,lifetime,0,79.73989349377804,1.0,1.0,1123.849638603621
pyrolysis,power,LV,0,0.0709524572992296,lifetime,0,79.73989349377804,1.0,1.0,1123.849638603621
pyrolysis,power,NL,0,0.0709524572992296,lifetime,0,79.73989349377804,1.0,1.0,1123.849638603621
pyrolysis,power,NO,0,0.0709524572992296,lifetime,0,79.73989349377804,1.0,1.0,1123.849638603621
pyrolysis,power,PL,0,0.0709524572992296,lifetime,0,79.73989349377804,1.0,1.0,1123.849638603621
pyrolysis,power,PT,0,0.0709524572992296,lifetime,0,79.73989349377804,1.0,1.0,1123.849638603621
pyrolysis,power,RO,0,0.0709524572992296,lifetime,0,79.73989349377804,1.0,1.0,1123.849638603621
pyrolysis,power,SE,0,0.0709524572992296,lifetime,0,79.73989349377804,1.0,1.0,1123.849638603621
pyrolysis,power,SI,0,0.0709524572992296,lifetime,0,79.73989349377804,1.0,1.0,1123.849638603621
pyrolysis,power,SK,0,0.0709524572992296,lifetime,0,79.73989349377804,1.0,1.0,1123.849638603621
pyrolysis,power,UK,0,0.0709524572992296,lifetime,0,79.73989349377804,1.0,1.0,1123.849638603621
refining,power,AT,0,0.06505143508027657,lifetime,0,-34.897925194526785,1.0,1.0,-536.4666459926839
refining,power,BE,0,0.06505143508027657,lifetime,0,-34.897925194526785,1.0,1.0,-536.4666459926839
refining,power,BG,0,0.06505143508027657,lifetime,0,-34.897925194526785,1.0,1.0,-536.4666459926839
refining,power,CH,0,0.06505143508027657,lifetime,0,-34.897925194526785,1.0,1.0,-536.4666459926839
refining,power,CZ,0,0.06505143508027657,lifetime,0,-34.897925194526785,1.0,1.0,-536.4666459926839
refining,power,DE,0,0.06505143508027657,lifetime,0,-34.897925194526785,1.0,1.0,-536.4666459926839
refining,power,DK,0,0.06505143508027657,lifetime,0,-34.897925194526785,1.0,1.0,-536.4666459926839
refining,power,EE,0,0.06505143508027657,lifetime,0,-34.897925194526785,1.0,1.0,-536.4666459926839
refining,power,EL,0,0.06505143508027657,lifetime,0,-34.897925194526785,1.0,1.0,-536.4666459926839
refining,power,ES,0,0.06505143508027657,lifetime,0,-34.897925194526785,1.0,1.0,-536.4666459926839
refining,power,FI,0,0.06505143508027657,lifetime,0,-34.897925194526785,1.0,1.0,-536.4666459926839
refining,power,FR,0,0.06505143508027657,lifetime,0,-34.897925194526785,1.0,1.0,-536.4666459926839
refining,power,HR,0,0.06505143508027657,lifetime,0,-34.897925194526785,1.0,1.0,-536.4666459926839
refining,power,HU,0,0.06505143508027657,lifetime,0,-34.897925194526785,1.0,1.0,-536.4666459926839
refining,power,IE,0,0.06505143508027657,lifetime,0,-34.897925194526785,1.0,1.0,-536.4666459926839
refining,power,IT,0,0.06505143508027657,lifetime,0,-34.897925194526785,1.0,1.0,-536.4666459926839
refining,power,LT,0,0.06505143508027657,lifetime,0,-34.897925194526785,1.0,1.0,-536.4666459926839
refining,power,LU,0,0.06505143508027657,lifetime,0,-34.897925194526785,1.0,1.0,-536.4666459926839
refining,power,LV,0,0.06505143508027657,lifetime,0,-34.897925194526785,1.0,1.0,-536.4666459926839
refining,power,NL,0,0.06505143508027657,lifetime,0,-34.897925194526785,1.0,1.0,-536.4666459926839
refining,power,NO,0,0.06505143508027657,lifetime,0,-34.897925194526785,1.0,1.0,-536.4666459926839
refining,power,PL,0,0.06505143508027657,lifetime,0,-34.897925194526785,1.0,1.0,-536.4666459926839
refining,power,PT,0,0.06505143508027657,lifetime,0,-34.897925194526785,1.0,1.0,-536.4666459926839
refining,power,RO,0,0.06505143508027657,lifetime,0,-34.897925194526785,1.0,1.0,-536.4666459926839
refining,power,SE,0,0.06505143508027657,lifetime,0,-34.897925194526785,1.0,1.0,-536.4666459926839
refining,power,SI,0,0.06505143508027657,lifetime,0,-34.897925194526785,1.0,1.0,-536.4666459926839
refining,power,SK,0,0.06505143508027657,lifetime,0,-34.897925194526785,1.0,1.0,-536.4666459926839
refining,power,UK,0,0.06505143508027657,lifetime,0,-34.897925194526785,1.0,1.0,-536.4666459926839
reservoir_hydro,power,AT,0,0.05282818452724236,lifetime,0,-133.30050111882258,1.0,1.0,-2523.2837795151254
reservoir_hydro,power,BE,0,0.05282818452724236,lifetime,0,-133.30050111882258,1.0,1.0,-2523.2837795151254
reservoir_hydro,power,BG,0,0.05282818452724236,lifetime,0,-133.30050111882258,1.0,1.0,-2523.2837795151254
reservoir_hydro,power,CH,0,0.05282818452724236,lifetime,0,-100.88643889719008,1.0,1.0,-1909.7086110382063
reservoir_hydro,power,CZ,0,0.05282818452724236,lifetime,0,-116.06641122423,1.0,1.0,-2197.0547021992975
reservoir_hydro,power,DE,0,0.05282818452724236,lifetime,0,-133.30050111882258,1.0,1.0,-2523.2837795151254
reservoir_hydro,power,DK,0,0.05282818452724236,lifetime,0,16.006227804721924,1.0,1.0,302.98652031980873
reservoir_hydro,power,EE,0,0.05282818452724236,lifetime,0,34.20408579406001,1.0,1.0,647.4590429360998
reservoir_hydro,power,EL,0,0.05282818452724236,lifetime,0,-103.17715682898458,1.0,1.0,-1953.0702739894143
reservoir_hydro,power,ES,0,0.05282818452724236,lifetime,0,-133.30050111882258,1.0,1.0,-2523.2837795151254
reservoir_hydro,power,FI,0,0.05282818452724236,lifetime,0,-133.30050111882258,1.0,1.0,-2523.2837795151254
reservoir_hydro,power,FR,0,0.05282818452724236,lifetime,0,-111.58014521098802,1.0,1.0,-2112.132873948158
reservoir_hydro,power,HR,0,0.05282818452724236,lifetime,0,-133.30050111882258,1.0,1.0,-2523.2837795151254
reservoir_hydro,power,HU,0,0.05282818452724236,lifetime,0,-133.30050111882258,1.0,1.0,-2523.2837795151254
reservoir_hydro,power,IE,0,0.05282818452724236,lifetime,0,-58.71677002913913,1.0,1.0,-1111.4667398585343
reservoir_hydro,power,IT,0,0.05282818452724236,lifetime,0,-133.30050111882258,1.0,1.0,-2523.2837795151254
reservoir_hydro,power,LT,0,0.05282818452724236,lifetime,0,-115.40996645858402,1.0,1.0,-2184.628669173168
reservoir_hydro,power,LU,0,0.05282818452724236,lifetime,0,16.30919284505121,1.0,1.0,308.7214332841764
reservoir_hydro,power,LV,0,0.05282818452724236,lifetime,0,-17.15088578265692,1.0,1.0,-324.65408259132164
reservoir_hydro,power,NL,0,0.05282818452724236,lifetime,0,16.006227804721924,1.0,1.0,302.98652031980873
reservoir_hydro,power,NO,0,0.05282818452724236,lifetime,0,-124.00555392087084,1.0,1.0,-2347.3370328848578
reservoir_hydro,power,PL,0,0.05282818452724236,lifetime,0,37.476391560075214,1.0,1.0,709.4014661955579
reservoir_hydro,power,PT,0,0.05282818452724236,lifetime,0,-133.30050111882258,1.0,1.0,-2523.2837795151254
reservoir_hydro,power,RO,0,0.05282818452724236,lifetime,0,-133.30050111882258,1.0,1.0,-2523.2837795151254
reservoir_hydro,power,SE,0,0.05282818452724236,lifetime,0,-74.3918091568364,1.0,1.0,-1408.1840938235184
reservoir_hydro,power,SI,0,0.05282818452724236,lifetime,0,-133.30050111882258,1.0,1.0,-2523.2837795151254
reservoir_hydro,power,SK,0,0.05282818452724236,lifetime,0,-133.30050111882258,1.0,1.0,-2523.2837795151254
reservoir_hydro,power,UK,0,0.05282818452724236,lifetime,0,37.476391560075214,1.0,1.0,709.4014661955579
run-of-river_hydro,power,AT,0,0.054776735485736465,lifetime,0,-157.05181239110712,1.0,1.0,-2867.1261804567102
run-of-river_hydro,power,BE,0,0.054776735485736465,lifetime,0,-157.05181239110712,1.0,1.0,-2867.1261804567102
run-of-river_hydro,power,BG,0,0.054776735485736465,lifetime,0,-143.9365013499895,1.0,1.0,-2627.6940396981067
run-of-river_hydro,power,CH,0,0.054776735485736465,lifetime,0,-114.72404103929624,1.0,1.0,-2094.3935417467455
run-of-river_hydro,power,CZ,0,0.054776735485736465,lifetime,0,-115.42969720892667,1.0,1.0,-2107.2759481802977
run-of-river_hydro,power,DE,0,0.054776735485736465,lifetime,0,-157.05181239110712,1.0,1.0,-2867.1261804567102
run-of-river_hydro,power,DK,0,0.054776735485736465,lifetime,0,11.39293493813191,1.0,1.0,207.98857100745923
run-of-river_hydro,power,EE,0,0.054776735485736465,lifetime,0,24.345831436626717,1.0,1.0,444.4556839822305
run-of-river_hydro,power,EL,0,0.054776735485736465,lifetime,0,-99.8216694096575,1.0,1.0,-1822.33695609061
run-of-river_hydro,power,ES,0,0.054776735485736465,lifetime,0,-157.05181239110712,1.0,1.0,-2867.1261804567102
run-of-river_hydro,power,FI,0,0.054776735485736465,lifetime,0,-157.05181239110712,1.0,1.0,-2867.1261804567102
run-of-river_hydro,power,FR,0,0.054776735485736465,lifetime,0,-109.08717263872363,1.0,1.0,-1991.487292394949
run-of-river_hydro,power,HR,0,0.054776735485736465,lifetime,0,-157.05181239110712,1.0,1.0,-2867.1261804567102
run-of-river_hydro,power,HU,0,0.054776735485736465,lifetime,0,-157.05181239110712,1.0,1.0,-2867.1261804567102
run-of-river_hydro,power,IE,0,0.054776735485736465,lifetime,0,-58.252711600516044,1.0,1.0,-1063.4571608540764
run-of-river_hydro,power,IT,0,0.054776735485736465,lifetime,0,-157.05181239110712,1.0,1.0,-2867.1261804567102
run-of-river_hydro,power,LT,0,0.054776735485736465,lifetime,0,36.1904901706367,1.0,1.0,660.6908909359976
run-of-river_hydro,power,LU,0,0.054776735485736465,lifetime,0,11.60857981305877,1.0,1.0,211.9253677700741
run-of-river_hydro,power,LV,0,0.054776735485736465,lifetime,0,-17.540298153012763,1.0,1.0,-320.2143756372658
run-of-river_hydro,power,NL,0,0.054776735485736465,lifetime,0,11.39293493813191,1.0,1.0,207.98857100745923
run-of-river_hydro,power,NO,0,0.054776735485736465,lifetime,0,26.67499775518223,1.0,1.0,486.9767706790091
run-of-river_hydro,power,PL,0,0.054776735485736465,lifetime,0,36.1904901706367,1.0,1.0,660.6908909359976
run-of-river_hydro,power,PT,0,0.054776735485736465,lifetime,0,-157.05181239110712,1.0,1.0,-2867.1261804567102
run-of-river_hydro,power,RO,0,0.054776735485736465,lifetime,0,-142.3844009792622,1.0,1.0,-2599.359011022814
run-of-river_hydro,power,SE,0,0.054776735485736465,lifetime,0,-76.4673092708561,1.0,1.0,-1395.9814982177559
run-of-river_hydro,power,SI,0,0.054776735485736465,lifetime,0,-157.05181239110712,1.0,1.0,-2867.1261804567102
run-of-river_hydro,power,SK,0,0.054776735485736465,lifetime,0,-136.74329241335082,1.0,1.0,-2496.375353528652
run-of-river_hydro,power,UK,0,0.054776735485736465,lifetime,0,36.1904901706367,1.0,1.0,660.6908909359976
waste_boiler_DH,power,AT,0,0.06505143508027657,lifetime,0,42.06487560035585,1.0,1.0,646.6402401183892
waste_boiler_DH,power,BE,0,0.06505143508027657,lifetime,0,42.577056640871945,1.0,1.0,654.5137180806208
waste_boiler_DH,power,BG,0,0.06505143508027657,lifetime,0,42.62432425183164,1.0,1.0,655.2403371152565
waste_boiler_DH,power,CH,0,0.06505143508027657,lifetime,0,42.664552873735175,1.0,1.0,655.8587496353475
waste_boiler_DH,power,CZ,0,0.06505143508027657,lifetime,0,41.2285517655054,1.0,1.0,633.7838929245358
waste_boiler_DH,power,DE,0,0.06505143508027657,lifetime,0,41.50969491876171,1.0,1.0,638.1057522795119
waste_boiler_DH,power,DK,0,0.06505143508027657,lifetime,0,42.78483305337699,1.0,1.0,657.7077508063961
waste_boiler_DH,power,EE,0,0.06505143508027657,lifetime,0,42.78483305337699,1.0,1.0,657.7077508063961
waste_boiler_DH,power,EL,0,0.06505143508027657,lifetime,0,42.78483305337699,1.0,1.0,657.7077508063961
waste_boiler_DH,power,ES,0,0.06505143508027657,lifetime,0,42.78483305337699,1.0,1.0,657.7077508063961
waste_boiler_DH,power,FI,0,0.06505143508027657,lifetime,0,42.78483305337699,1.0,1.0,657.7077508063961
waste_boiler_DH,power,FR,0,0.06505143508027657,lifetime,0,42.44172767383533,1.0,1.0,652.4333801623318
waste_boiler_DH,power,HR,0,0.06505143508027657,lifetime,0,42.78483305337699,1.0,1.0,657.7077508063961
waste_boiler_DH,power,HU,0,0.06505143508027657,lifetime,0,40.11436649851422,1.0,1.0,616.6561344728397
waste_boiler_DH,power,IE,0,0.06505143508027657,lifetime,0,42.78483305337699,1.0,1.0,657.7077508063961
waste_boiler_DH,power,IT,0,0.06505143508027657,lifetime,0,42.78483305337699,1.0,1.0,657.7077508063961
waste_boiler_DH,power,LT,0,0.06505143508027657,lifetime,0,42.78483305337699,1.0,1.0,657.7077508063961
waste_boiler_DH,power,LU,0,0.06505143508027657,lifetime,0,40.910923933031626,1.0,1.0,628.9011746250578
waste_boiler_DH,power,LV,0,0.06505143508027657,lifetime,0,42.78483305337699,1.0,1.0,657.7077508063961
waste_boiler_DH,power,NL,0,0.06505143508027657,lifetime,0,42.20973094451394,1.0,1.0,648.8670218024419
waste_boiler_DH,power,NO,0,0.06505143508027657,lifetime,0,42.78483305337699,1.0,1.0,657.7077508063961
waste_boiler_DH,power,PL,0,0.06505143508027657,lifetime,0,41.302145991653504,1.0,1.0,634.9152165618589
waste_boiler_DH,power,PT,0,0.06505143508027657,lifetime,0,42.78483305337699,1.0,1.0,657.7077508063961
waste_boiler_DH,power,RO,0,0.06505143508027657,lifetime,0,42.78483305337699,1.0,1.0,657.7077508063961
waste_boiler_DH,power,SE,0,0.06505143508027657,lifetime,0,42.78483305337699,1.0,1.0,657.7077508063961
waste_boiler_DH,power,SI,0,0.06505143508027657,lifetime,0,42.78483305337699,1.0,1.0,657.7077508063961
waste_boiler_DH,power,SK,0,0.06505143508027657,lifetime,0,42.78483305337699,1.0,1.0,657.7077508063961
waste_boiler_DH,power,UK,0,0.06505143508027657,lifetime,0,42.78483305337699,1.0,1.0,657.7077508063961
waste_plant,power,AT,0,0.06505143508027657,lifetime,0,100.864767711288,1.0,1.0,1550.5387019796883
waste_plant,power,BE,0,0.06505143508027657,lifetime,0,100.864767711288,1.0,1.0,1550.5387019796883
waste_plant,power,BG,0,0.06505143508027657,lifetime,0,100.864767711288,1.0,1.0,1550.5387019796883
waste_plant,power,CH,0,0.06505143508027657,lifetime,0,100.864767711288,1.0,1.0,1550.5387019796883
waste_plant,power,CZ,0,0.06505143508027657,lifetime,0,100.864767711288,1.0,1.0,1550.5387019796883
waste_plant,power,DE,0,0.06505143508027657,lifetime,0,100.864767711288,1.0,1.0,1550.5387019796883
waste_plant,power,DK,0,0.06505143508027657,lifetime,0,100.864767711288,1.0,1.0,1550.5387019796883
waste_plant,power,EE,0,0.06505143508027657,lifetime,0,100.864767711288,1.0,1.0,1550.5387019796883
waste_plant,power,EL,0,0.06505143508027657,lifetime,0,100.864767711288,1.0,1.0,1550.5387019796883
waste_plant,power,ES,0,0.06505143508027657,lifetime,0,100.864767711288,1.0,1.0,1550.5387019796883
waste_plant,power,FI,0,0.06505143508027657,lifetime,0,100.864767711288,1.0,1.0,1550.5387019796883
waste_plant,power,FR,0,0.06505143508027657,lifetime,0,100.864767711288,1.0,1.0,1550.5387019796883
waste_plant,power,HR,0,0.06505143508027657,lifetime,0,100.864767711288,1.0,1.0,1550.5387019796883
waste_plant,power,HU,0,0.06505143508027657,lifetime,0,100.864767711288,1.0,1.0,1550.5387019796883
waste_plant,power,IE,0,0.06505143508027657,lifetime,0,100.864767711288,1.0,1.0,1550.5387019796883
waste_plant,power,IT,0,0.06505143508027657,lifetime,0,100.864767711288,1.0,1.0,1550.5387019796883
waste_plant,power,LT,0,0.06505143508027657,lifetime,0,100.864767711288,1.0,1.0,1550.5387019796883
waste_plant,power,LU,0,0.06505143508027657,lifetime,0,100.864767711288,1.0,1.0,1550.5387019796883
waste_plant,power,LV,0,0.06505143508027657,lifetime,0,100.864767711288,1.0,1.0,1550.5387019796883
waste_plant,power,NL,0,0.06505143508027657,lifetime,0,100.864767711288,1.0,1.0,1550.5387019796883
waste_plant,power,NO,0,0.06505143508027657,lifetime,0,100.864767711288,1.0,1.0,1550.5387019796883
waste_plant,power,PL,0,0.06505143508027657,lifetime,0,100.864767711288,1.0,1.0,1550.5387019796883
waste_plant,power,PT,0,0.06505143508027657,lifetime,0,100.864767711288,1.0,1.0,1550.5387019796883
waste_plant,power,RO,0,0.06505143508027657,lifetime,0,100.864767711288,1.0,1.0,1550.5387019796883
waste_plant,power,SE,0,0.06505143508027657,lifetime,0,100.864767711288,1.0,1.0,1550.5387019796883
waste_plant,power,SI,0,0.06505143508027657,lifetime,0,100.864767711288,1.0,1.0,1550.5387019796883
waste_plant,power,SK,0,0.06505143508027657,lifetime,0,100.864767711288,1.0,1.0,1550.5387019796883
waste_plant,power,UK,0,0.06505143508027657,lifetime,0,100.864767711288,1.0,1.0,1550.5387019796883
waste_to_cement_fuel,power,AT,0,0.08024258719069129,lifetime,0,-26.94156223641854,1.0,1.0,-335.75141554688
waste_to_cement_fuel,power,BE,0,0.08024258719069129,lifetime,0,-27.55372938561586,1.0,1.0,-343.38037132497004
waste_to_cement_fuel,power,BG,0,0.08024258719069129,lifetime,0,-26.435556595189112,1.0,1.0,-329.44546681136706
waste_to_cement_fuel,power,CH,0,0.08024258719069129,lifetime,0,-29.314225383160014,1.0,1.0,-365.3200427535651
waste_to_cement_fuel,power,CZ,0,0.08024258719069129,lifetime,0,-29.833983276983595,1.0,1.0,-371.7973749535901
waste_to_cement_fuel,power,DE,0,0.08024258719069129,lifetime,0,-33.730846384460634,1.0,1.0,-420.360902675053
waste_to_cement_fuel,power,DK,0,0.08024258719069129,lifetime,0,-15.03055692738863,1.0,1.0,-187.3139619946387
waste_to_cement_fuel,power,EE,0,0.08024258719069129,lifetime,0,-11.944379821297822,1.0,1.0,-148.8533737442037
waste_to_cement_fuel,power,EL,0,0.08024258719069129,lifetime,0,-34.37042202337795,1.0,1.0,-428.331428817205
waste_to_cement_fuel,power,ES,0,0.08024258719069129,lifetime,0,-0.0,1.0,1.0,-0.0
waste_to_cement_fuel,power,FI,0,0.08024258719069129,lifetime,0,-0.37448927296186696,1.0,1.0,-4.666964090675661
waste_to_cement_fuel,power,FR,0,0.08024258719069129,lifetime,0,-13.16218074750703,1.0,1.0,-164.02986504196286
waste_to_cement_fuel,power,HR,0,0.08024258719069129,lifetime,0,-33.201729154868985,1.0,1.0,-413.7669324640199
waste_to_cement_fuel,power,HU,0,0.08024258719069129,lifetime,0,-33.47952869958408,1.0,1.0,-417.2289288233212
waste_to_cement_fuel,power,IE,0,0.08024258719069129,lifetime,0,-4.730461867137578,1.0,1.0,-58.95201080563296
waste_to_cement_fuel,power,IT,0,0.08024258719069129,lifetime,0,-20.969530377573626,1.0,1.0,-261.32669834960456
waste_to_cement_fuel,power,LT,0,0.08024258719069129,lifetime,0,-22.901634835892345,1.0,1.0,-285.40499051293176
waste_to_cement_fuel,power,LU,0,0.08024258719069129,lifetime,0,-23.673755401449228,1.0,1.0,-295.02731941070255
waste_to_cement_fuel,power,LV,0,0.08024258719069129,lifetime,0,-18.073960364335328,1.0,1.0,-225.2414957830776
waste_to_cement_fuel,power,NL,0,0.08024258719069129,lifetime,0,-0.0,1.0,1.0,-0.0
waste_to_cement_fuel,power,NO,0,0.08024258719069129,lifetime,0,-0.0,1.0,1.0,-0.0
waste_to_cement_fuel,power,PL,0,0.08024258719069129,lifetime,0,-34.434074286537445,1.0,1.0,-429.12467670947734
waste_to_cement_fuel,power,PT,0,0.08024258719069129,lifetime,0,-0.0,1.0,1.0,-0.0
waste_to_cement_fuel,power,RO,0,0.08024258719069129,lifetime,0,-24.278785153165124,1.0,1.0,-302.5673274400808
waste_to_cement_fuel,power,SE,0,0.08024258719069129,lifetime,0,-1.1446737844357244,1.0,1.0,-14.265165475229278
waste_to_cement_fuel,power,SI,0,0.08024258719069129,lifetime,0,-26.959408745396935,1.0,1.0,-335.9738224956488
waste_to_cement_fuel,power,SK,0,0.08024258719069129,lifetime,0,-35.31576202009778,1.0,1.0,-440.1124547015436
waste_to_cement_fuel,power,UK,0,0.08024258719069129,lifetime,0,-10.34820877570808,1.0,1.0,-128.96155443139236
wind_offshore,power,AT,0,0.0709524572992296,lifetime,0,0.5243761311488282,1.0,1.0,7.390528124168603
wind_offshore,power,BE,0,0.0709524572992296,lifetime,0,-136.67261606796055,1.0,1.0,-1926.2562745581547
wind_offshore,power,BG,0,0.0709524572992296,lifetime,0,37.30925297899097,1.0,1.0,525.8345432864392
wind_offshore,power,CH,0,0.0709524572992296,lifetime,0,0.5243761311488282,1.0,1.0,7.390528124168603
wind_offshore,power,CZ,0,0.0709524572992296,lifetime,0,37.30925297899097,1.0,1.0,525.8345432864392
wind_offshore,power,DE,0,0.0709524572992296,lifetime,0,-136.67261606796055,1.0,1.0,-1926.2562745581547
wind_offshore,power,DK,0,0.0709524572992296,lifetime,0,-70.35867233360459,1.0,1.0,-991.6312276103304
wind_offshore,power,EE,0,0.0709524572992296,lifetime,0,37.30925297899097,1.0,1.0,525.8345432864392
wind_offshore,power,EL,0,0.0709524572992296,lifetime,0,37.30925297899097,1.0,1.0,525.8345432864392
wind_offshore,power,ES,0,0.0709524572992296,lifetime,0,37.30925297899097,1.0,1.0,525.8345432864392
wind_offshore,power,FI,0,0.0709524572992296,lifetime,0,-136.67261606796055,1.0,1.0,-1926.2562745581547
wind_offshore,power,FR,0,0.0709524572992296,lifetime,0,-121.39517307038736,1.0,1.0,-1710.9368398394495
wind_offshore,power,HR,0,0.0709524572992296,lifetime,0,37.30925297899097,1.0,1.0,525.8345432864392
wind_offshore,power,HU,0,0.0709524572992296,lifetime,0,19.939627304262466,1.0,1.0,281.0280018938677
wind_offshore,power,IE,0,0.0709524572992296,lifetime,0,-41.12160229135399,1.0,1.0,-579.5655831612823
wind_offshore,power,IT,0,0.0709524572992296,lifetime,0,37.30925297899097,1.0,1.0,525.8345432864392
wind_offshore,power,LT,0,0.0709524572992296,lifetime,0,37.30925297899097,1.0,1.0,525.8345432864392
wind_offshore,power,LU,0,0.0709524572992296,lifetime,0,20.317043524004422,1.0,1.0,286.347285173237
wind_offshore,power,LV,0,0.0709524572992296,lifetime,0,37.30925297899097,1.0,1.0,525.8345432864392
wind_offshore,power,NL,0,0.0709524572992296,lifetime,0,-136.67261606796055,1.0,1.0,-1926.2562745581547
wind_offshore,power,NO,0,0.0709524572992296,lifetime,0,-136.67261606796055,1.0,1.0,-1926.2562745581547
wind_offshore,power,PL,0,0.0709524572992296,lifetime,0,37.30925297899097,1.0,1.0,525.8345432864392
wind_offshore,power,PT,0,0.0709524572992296,lifetime,0,37.30925297899097,1.0,1.0,525.8345432864392
wind_offshore,power,RO,0,0.0709524572992296,lifetime,0,37.30925297899097,1.0,1.0,525.8345432864392
wind_offshore,power,SE,0,0.0709524572992296,lifetime,0,-74.89777553101796,1.0,1.0,-1055.605096454231
wind_offshore,power,SI,0,0.0709524572992296,lifetime,0,0.5347834207261221,1.0,1.0,7.537207886553758
wind_offshore,power,SK,0,0.0709524572992296,lifetime,0,37.30925297899097,1.0,1.0,525.8345432864392
wind_offshore,power,UK,0,0.0709524572992296,lifetime,0,-79.36099626123207,1.0,1.0,-1118.5094820118904
wind_onshore,power,AT,0,0.0709524572992296,lifetime,0,-67.01291702606882,1.0,1.0,-944.4763377743711
wind_onshore,power,BE,0,0.0709524572992296,lifetime,0,-67.01291702606882,1.0,1.0,-944.4763377743711
wind_onshore,power,BG,0,0.0709524572992296,lifetime,0,-57.01096525965122,1.0,1.0,-803.5093840262281
wind_onshore,power,CH,0,0.0709524572992296,lifetime,0,-34.58691661750747,1.0,1.0,-487.4660855175627
wind_onshore,power,CZ,0,0.0709524572992296,lifetime,0,-67.01291702606882,1.0,1.0,-944.4763377743711
wind_onshore,power,DE,0,0.0709524572992296,lifetime,0,-67.01291702606882,1.0,1.0,-944.4763377743711
wind_onshore,power,DK,0,0.0709524572992296,lifetime,0,-67.01291702606882,1.0,1.0,-944.4763377743711
wind_onshore,power,EE,0,0.0709524572992296,lifetime,0,-67.01291702606882,1.0,1.0,-944.4763377743711
wind_onshore,power,EL,0,0.0709524572992296,lifetime,0,-67.01291702606882,1.0,1.0,-944.4763377743711
wind_onshore,power,ES,0,0.0709524572992296,lifetime,0,-67.01291702606882,1.0,1.0,-944.4763377743711
wind_onshore,power,FI,0,0.0709524572992296,lifetime,0,-67.01291702606882,1.0,1.0,-944.4763377743711
wind_onshore,power,FR,0,0.0709524572992296,lifetime,0,-67.01291702606882,1.0,1.0,-944.4763377743711
wind_onshore,power,HR,0,0.0709524572992296,lifetime,0,-67.01291702606882,1.0,1.0,-944.4763377743711
wind_onshore,power,HU,0,0.0709524572992296,lifetime,0,-67.01291702606882,1.0,1.0,-944.4763377743711
wind_onshore,power,IE,0,0.0709524572992296,lifetime,0,-67.01291702606882,1.0,1.0,-944.4763377743711
wind_onshore,power,IT,0,0.0709524572992296,lifetime,0,-67.01291702606882,1.0,1.0,-944.4763377743711
wind_onshore,power,LT,0,0.0709524572992296,lifetime,0,-67.01291702606882,1.0,1.0,-944.4763377743711
wind_onshore,power,LU,0,0.0709524572992296,lifetime,0,-67.01291702606882,1.0,1.0,-944.4763377743711
wind_onshore,power,LV,0,0.0709524572992296,lifetime,0,-67.01291702606882,1.0,1.0,-944.4763377743711
wind_onshore,power,NL,0,0.0709524572992296,lifetime,0,-67.01291702606882,1.0,1.0,-944.4763377743711
wind_onshore,power,NO,0,0.0709524572992296,lifetime,0,-55.90832040226318,1.0,1.0,-787.9687685301667
wind_onshore,power,PL,0,0.0709524572992296,lifetime,0,-67.01291702606882,1.0,1.0,-944.4763377743711
wind_onshore,power,PT,0,0.0709524572992296,lifetime,0,-67.01291702606882,1.0,1.0,-944.4763377743711
wind_onshore,power,RO,0,0.0709524572992296,lifetime,0,-67.01291702606882,1.0,1.0,-944.4763377743711
wind_onshore,power,SE,0,0.0709524572992296,lifetime,0,-67.01291702606882,1.0,1.0,-944.4763377743711
wind_onshore,power,SI,0,0.0709524572992296,lifetime,0,-35.17388616136479,1.0,1.0,-495.73880173064435
wind_onshore,power,SK,0,0.0709524572992296,lifetime,0,-67.01291702606882,1.0,1.0,-944.4763377743711
wind_onshore,power,UK,0,0.0709524572992296,lifetime,0,-67.01291702606882,1.0,1.0,-944.4763377743711
natural_gas_turbine_CCS,power,AT,0,0.06413212036951257,lifetime,0,-194.53518124282772,1.0,1.0,-3033.350217051404
natural_gas_turbine_CCS,power,BE,0,0.06413212036951257,lifetime,0,-194.53518124282772,1.0,1.0,-3033.350217051404
natural_gas_turbine_CCS,power,BG,0,0.06413212036951257,lifetime,0,-66.41953665288479,1.0,1.0,-1035.667248645339
natural_gas_turbine_CCS,power,CH,0,0.06413212036951257,lifetime,0,-194.53518124282772,1.0,1.0,-3033.350217051404
natural_gas_turbine_CCS,power,CZ,0,0.06413212036951257,lifetime,0,46.429447983331166,1.0,1.0,723.9655841069464
natural_gas_turbine_CCS,power,DE,0,0.06413212036951257,lifetime,0,-194.53518124282772,1.0,1.0,-3033.350217051404
natural_gas_turbine_CCS,power,DK,0,0.06413212036951257,lifetime,0,72.1675832742663,1.0,1.0,1125.2954503680135
natural_gas_turbine_CCS,power,EE,0,0.06413212036951257,lifetime,0,72.1675832742663,1.0,1.0,1125.2954503680135
natural_gas_turbine_CCS,power,EL,0,0.06413212036951257,lifetime,0,-80.74537167568405,1.0,1.0,-1259.0472794358
natural_gas_turbine_CCS,power,ES,0,0.06413212036951257,lifetime,0,-156.02532211491962,1.0,1.0,-2432.8732812191824
natural_gas_turbine_CCS,power,FI,0,0.06413212036951257,lifetime,0,-127.43609696725753,1.0,1.0,-1987.0869110985873
natural_gas_turbine_CCS,power,FR,0,0.06413212036951257,lifetime,0,72.1675832742663,1.0,1.0,1125.2954503680135
natural_gas_turbine_CCS,power,HR,0,0.06413212036951257,lifetime,0,-26.39705107430086,1.0,1.0,-411.60421520772945
natural_gas_turbine_CCS,power,HU,0,0.06413212036951257,lifetime,0,25.51633430321607,1.0,1.0,397.8713654904531
natural_gas_turbine_CCS,power,IE,0,0.06413212036951257,lifetime,0,72.1675832742663,1.0,1.0,1125.2954503680135
natural_gas_turbine_CCS,power,IT,0,0.06413212036951257,lifetime,0,-135.25466019301493,1.0,1.0,-2109.0002858741113
natural_gas_turbine_CCS,power,LT,0,0.06413212036951257,lifetime,0,72.1675832742663,1.0,1.0,1125.2954503680135
natural_gas_turbine_CCS,power,LU,0,0.06413212036951257,lifetime,0,-158.0155823572071,1.0,1.0,-2463.907032026424
natural_gas_turbine_CCS,power,LV,0,0.06413212036951257,lifetime,0,72.1675832742663,1.0,1.0,1125.2954503680135
natural_gas_turbine_CCS,power,NL,0,0.06413212036951257,lifetime,0,71.81139898951439,1.0,1.0,1119.7415363121602
natural_gas_turbine_CCS,power,NO,0,0.06413212036951257,lifetime,0,72.1675832742663,1.0,1.0,1125.2954503680135
natural_gas_turbine_CCS,power,PL,0,0.06413212036951257,lifetime,0,-194.53518124282772,1.0,1.0,-3033.350217051404
natural_gas_turbine_CCS,power,PT,0,0.06413212036951257,lifetime,0,-33.028003271448526,1.0,1.0,-514.999396264302
natural_gas_turbine_CCS,power,RO,0,0.06413212036951257,lifetime,0,-114.95462046949083,1.0,1.0,-1792.465613286326
natural_gas_turbine_CCS,power,SE,0,0.06413212036951257,lifetime,0,72.1675832742663,1.0,1.0,1125.2954503680135
natural_gas_turbine_CCS,power,SI,0,0.06413212036951257,lifetime,0,-20.427910048005465,1.0,1.0,-318.5285303262261
natural_gas_turbine_CCS,power,SK,0,0.06413212036951257,lifetime,0,12.220590887699288,1.0,1.0,190.5533579318355
natural_gas_turbine_CCS,power,UK,0,0.06413212036951257,lifetime,0,72.1675832742663,1.0,1.0,1125.2954503680135
biomass_plant_CCS,power,AT,0,0.058278161166034986,lifetime,0,-111.0084194075436,1.0,1.0,-1904.8030546344737
biomass_plant_CCS,power,BE,0,0.058278161166034986,lifetime,0,-111.0084194075436,1.0,1.0,-1904.8030546344737
biomass_plant_CCS,power,BG,0,0.058278161166034986,lifetime,0,-111.0084194075436,1.0,1.0,-1904.8030546344737
biomass_plant_CCS,power,CH,0,0.058278161166034986,lifetime,0,-111.0084194075436,1.0,1.0,-1904.8030546344737
biomass_plant_CCS,power,CZ,0,0.058278161166034986,lifetime,0,-111.0084194075436,1.0,1.0,-1904.8030546344737
biomass_plant_CCS,power,DE,0,0.058278161166034986,lifetime,0,-111.0084194075436,1.0,1.0,-1904.8030546344737
biomass_plant_CCS,power,DK,0,0.058278161166034986,lifetime,0,-111.0084194075436,1.0,1.0,-1904.8030546344737
biomass_plant_CCS,power,EE,0,0.058278161166034986,lifetime,0,-111.0084194075436,1.0,1.0,-1904.8030546344737
biomass_plant_CCS,power,EL,0,0.058278161166034986,lifetime,0,-111.0084194075436,1.0,1.0,-1904.8030546344737
biomass_plant_CCS,power,ES,0,0.058278161166034986,lifetime,0,-111.0084194075436,1.0,1.0,-1904.8030546344737
biomass_plant_CCS,power,FI,0,0.058278161166034986,lifetime,0,-111.0084194075436,1.0,1.0,-1904.8030546344737
biomass_plant_CCS,power,FR,0,0.058278161166034986,lifetime,0,-111.0084194075436,1.0,1.0,-1904.8030546344737
biomass_plant_CCS,power,HR,0,0.058278161166034986,lifetime,0,-111.0084194075436,1.0,1.0,-1904.8030546344737
biomass_plant_CCS,power,HU,0,0.058278161166034986,lifetime,0,-111.0084194075436,1.0,1.0,-1904.8030546344737
biomass_plant_CCS,power,IE,0,0.058278161166034986,lifetime,0,-111.0084194075436,1.0,1.0,-1904.8030546344737
biomass_plant_CCS,power,IT,0,0.058278161166034986,lifetime,0,-111.0084194075436,1.0,1.0,-1904.8030546344737
biomass_plant_CCS,power,LT,0,0.058278161166034986,lifetime,0,-111.0084194075436,1.0,1.0,-1904.8030546344737
biomass_plant_CCS,power,LU,0,0.058278161166034986,lifetime,0,-111.0084194075436,1.0,1.0,-1904.8030546344737
biomass_plant_CCS,power,LV,0,0.058278161166034986,lifetime,0,-111.0084194075436,1.0,1.0,-1904.8030546344737
biomass_plant_CCS,power,NL,0,0.058278161166034986,lifetime,0,-111.0084194075436,1.0,1.0,-1904.8030546344737
biomass_plant_CCS,power,NO,0,0.058278161166034986,lifetime,0,-111.0084194075436,1.0,1.0,-1904.8030546344737
biomass_plant_CCS,power,PL,0,0.058278161166034986,lifetime,0,-111.0084194075436,1.0,1.0,-1904.8030546344737
biomass_plant_CCS,power,PT,0,0.058278161166034986,lifetime,0,-111.0084194075436,1.0,1.0,-1904.8030546344737
biomass_plant_CCS,power,RO,0,0.058278161166034986,lifetime,0,-111.0084194075436,1.0,1.0,-1904.8030546344737
biomass_plant_CCS,power,SE,0,0.058278161166034986,lifetime,0,-111.0084194075436,1.0,1.0,-1904.8030546344737
biomass_plant_CCS,power,SI,0,0.058278161166034986,lifetime,0,-111.0084194075436,1.0,1.0,-1904.8030546344737
biomass_plant_CCS,power,SK,0,0.058278161166034986,lifetime,0,-111.0084194075436,1.0,1.0,-1904.8030546344737
biomass_plant_CCS,power,UK,0,0.058278161166034986,lifetime,0,-111.0084194075436,1.0,1.0,-1904.8030546344737
SMR_CCS,power,AT,0,0.0709524572992296,lifetime,0,-142.76890149202748,1.0,1.0,-2012.1769833837407
SMR_CCS,power,BE,0,0.0709524572992296,lifetime,0,-237.70417919302986,1.0,1.0,-3350.1895246637337
SMR_CCS,power,BG,0,0.0709524572992296,lifetime,0,-204.73037234572743,1.0,1.0,-2885.458518826386
SMR_CCS,power,CH,0,0.0709524572992296,lifetime,0,-162.80535094909158,1.0,1.0,-2294.5695913319596
SMR_CCS,power,CZ,0,0.0709524572992296,lifetime,0,-118.85576925182856,1.0,1.0,-1675.1466231898794
SMR_CCS,power,DE,0,0.0709524572992296,lifetime,0,-182.355561162689,1.0,1.0,-2570.1091703369243
SMR_CCS,power,DK,0,0.0709524572992296,lifetime,0,-200.8642855720061,1.0,1.0,-2830.970106150039
SMR_CCS,power,EE,0,0.0709524572992296,lifetime,0,-202.46862707870525,1.0,1.0,-2853.5816064104615
SMR_CCS,power,EL,0,0.0709524572992296,lifetime,0,-200.50285205980109,1.0,1.0,-2825.8760822647105
SMR_CCS,power,ES,0,0.0709524572992296,lifetime,0,31.708881408220165,1.0,1.0,446.9032168187424
SMR_CCS,power,FI,0,0.0709524572992296,lifetime,0,-195.9717491910871,1.0,1.0,-2762.014969610009
SMR_CCS,power,FR,0,0.0709524572992296,lifetime,0,-104.99048080618049,1.0,1.0,-1479.7300164446945
SMR_CCS,power,HR,0,0.0709524572992296,lifetime,0,-170.4378911932527,1.0,1.0,-2402.1421904312724
SMR_CCS,power,HU,0,0.0709524572992296,lifetime,0,-177.7139636686453,1.0,1.0,-2504.69075255798
SMR_CCS,power,IE,0,0.0709524572992296,lifetime,0,-204.86258065785603,1.0,1.0,-2887.3218554486966
SMR_CCS,power,IT,0,0.0709524572992296,lifetime,0,-108.09875191000235,1.0,1.0,-1523.5378170781985
SMR_CCS,power,LT,0,0.0709524572992296,lifetime,0,-217.14557539670028,1.0,1.0,-3060.4377024029873
SMR_CCS,power,LU,0,0.0709524572992296,lifetime,0,-186.65856783622036,1.0,1.0,-2630.7555078609957
SMR_CCS,power,LV,0,0.0709524572992296,lifetime,0,-190.80766705530243,1.0,1.0,-2689.232682253758
SMR_CCS,power,NL,0,0.0709524572992296,lifetime,0,-215.4035257872766,1.0,1.0,-3035.88535177647
SMR_CCS,power,NO,0,0.0709524572992296,lifetime,0,-270.28903953288176,1.0,1.0,-3809.438739985917
SMR_CCS,power,PL,0,0.0709524572992296,lifetime,0,-218.43148731406464,1.0,1.0,-3078.5612736831367
SMR_CCS,power,PT,0,0.0709524572992296,lifetime,0,110.27322668380286,1.0,1.0,1554.1847440004055
SMR_CCS,power,RO,0,0.0709524572992296,lifetime,0,-270.28903953288176,1.0,1.0,-3809.438739985917
SMR_CCS,power,SE,0,0.0709524572992296,lifetime,0,-223.64708859637017,1.0,1.0,-3152.069669034543
SMR_CCS,power,SI,0,0.0709524572992296,lifetime,0,-129.58571088581743,1.0,1.0,-1826.3738257762143
SMR_CCS,power,SK,0,0.0709524572992296,lifetime,0,-173.08554696156483,1.0,1.0,-2439.4581040598323
SMR_CCS,power,UK,0,0.0709524572992296,lifetime,0,-270.28903953288176,1.0,1.0,-3809.438739985917
cement_post_comb,power,AT,0,0.0709524572992296,lifetime,0,-142.2573892278325,1.0,1.0,-2004.9677578873248
cement_post_comb,power,BE,0,0.0709524572992296,lifetime,0,-142.2573892278325,1.0,1.0,-2004.9677578873248
cement_post_comb,power,BG,0,0.0709524572992296,lifetime,0,-142.2573892278325,1.0,1.0,-2004.9677578873248
cement_post_comb,power,CH,0,0.0709524572992296,lifetime,0,-142.2573892278325,1.0,1.0,-2004.9677578873248
cement_post_comb,power,CZ,0,0.0709524572992296,lifetime,0,-142.2573892278325,1.0,1.0,-2004.9677578873248
cement_post_comb,power,DE,0,0.0709524572992296,lifetime,0,-142.2573892278325,1.0,1.0,-2004.9677578873248
cement_post_comb,power,DK,0,0.0709524572992296,lifetime,0,-142.2573892278325,1.0,1.0,-2004.9677578873248
cement_post_comb,power,EE,0,0.0709524572992296,lifetime,0,-142.2573892278325,1.0,1.0,-2004.9677578873248
cement_post_comb,power,EL,0,0.0709524572992296,lifetime,0,-142.2573892278325,1.0,1.0,-2004.9677578873248
cement_post_comb,power,ES,0,0.0709524572992296,lifetime,0,-142.2573892278325,1.0,1.0,-2004.9677578873248
cement_post_comb,power,FI,0,0.0709524572992296,lifetime,0,-142.2573892278325,1.0,1.0,-2004.9677578873248
cement_post_comb,power,FR,0,0.0709524572992296,lifetime,0,-142.2573892278325,1.0,1.0,-2004.9677578873248
cement_post_comb,power,HR,0,0.0709524572992296,lifetime,0,-142.2573892278325,1.0,1.0,-2004.9677578873248
cement_post_comb,power,HU,0,0.0709524572992296,lifetime,0,-142.2573892278325,1.0,1.0,-2004.9677578873248
cement_post_comb,power,IE,0,0.0709524572992296,lifetime,0,-142.2573892278325,1.0,1.0,-2004.9677578873248
cement_post_comb,power,IT,0,0.0709524572992296,lifetime,0,-142.2573892278325,1.0,1.0,-2004.9677578873248
cement_post_comb,power,LT,0,0.0709524572992296,lifetime,0,-142.2573892278325,1.0,1.0,-2004.9677578873248
cement_post_comb,power,LU,0,0.0709524572992296,lifetime,0,-142.2573892278325,1.0,1.0,-2004.9677578873248
cement_post_comb,power,LV,0,0.0709524572992296,lifetime,0,-142.2573892278325,1.0,1.0,-2004.9677578873248
cement_post_comb,power,NL,0,0.0709524572992296,lifetime,0,60.14903273661974,1.0,1.0,847.7371330911303
cement_post_comb,power,NO,0,0.0709524572992296,lifetime,0,-142.2573892278325,1.0,1.0,-2004.9677578873248
cement_post_comb,power,PL,0,0.0709524572992296,lifetime,0,-142.2573892278325,1.0,1.0,-2004.9677578873248
cement_post_comb,power,PT,0,0.0709524572992296,lifetime,0,-142.2573892278325,1.0,1.0,-2004.9677578873248
cement_post_comb,power,RO,0,0.0709524572992296,lifetime,0,-142.2573892278325,1.0,1.0,-2004.9677578873248
cement_post_comb,power,SE,0,0.0709524572992296,lifetime,0,-142.2573892278325,1.0,1.0,-2004.9677578873248
cement_post_comb,power,SI,0,0.0709524572992296,lifetime,0,-142.2573892278325,1.0,1.0,-2004.9677578873248
cement_post_comb,power,SK,0,0.0709524572992296,lifetime,0,-142.2573892278325,1.0,1.0,-2004.9677578873248
cement_post_comb,power,UK,0,0.0709524572992296,lifetime,0,-142.2573892278325,1.0,1.0,-2004.9677578873248
BF_BOF_CCS,power,AT,0,0.0709524572992296,lifetime,0,47.362770404636244,1.0,1.0,667.5282605772487
BF_BOF_CCS,power,BE,0,0.0709524572992296,lifetime,0,47.86672884055795,1.0,1.0,674.6310228367198
BF_BOF_CCS,power,BG,0,0.0709524572992296,lifetime,0,60.14903273661974,1.0,1.0,847.7371330911303
BF_BOF_CCS,power,CH,0,0.0709524572992296,lifetime,0,60.14903273661974,1.0,1.0,847.7371330911303
BF_BOF_CCS,power,CZ,0,0.0709524572992296,lifetime,0,46.447580226445204,1.0,1.0,654.6296209384356
BF_BOF_CCS,power,DE,0,0.0709524572992296,lifetime,0,44.86999279129338,1.0,1.0,632.395191079317
BF_BOF_CCS,power,DK,0,0.0709524572992296,lifetime,0,60.14903273661974,1.0,1.0,847.7371330911303
BF_BOF_CCS,power,EE,0,0.0709524572992296,lifetime,0,60.14903273661974,1.0,1.0,847.7371330911303
BF_BOF_CCS,power,EL,0,0.0709524572992296,lifetime,0,60.14903273661974,1.0,1.0,847.7371330911303
BF_BOF_CCS,power,ES,0,0.0709524572992296,lifetime,0,60.14903273661974,1.0,1.0,847.7371330911303
BF_BOF_CCS,power,FI,0,0.0709524572992296,lifetime,0,60.14903273661974,1.0,1.0,847.7371330911303
BF_BOF_CCS,power,FR,0,0.0709524572992296,lifetime,0,53.68100074253331,1.0,1.0,756.5770487150721
BF_BOF_CCS,power,HR,0,0.0709524572992296,lifetime,0,60.14903273661974,1.0,1.0,847.7371330911303
BF_BOF_CCS,power,HU,0,0.0709524572992296,lifetime,0,44.2006290869541,1.0,1.0,622.9612161358368
BF_BOF_CCS,power,IE,0,0.0709524572992296,lifetime,0,60.14903273661974,1.0,1.0,847.7371330911303
BF_BOF_CCS,power,IT,0,0.0709524572992296,lifetime,0,60.14903273661974,1.0,1.0,847.7371330911303
BF_BOF_CCS,power,LT,0,0.0709524572992296,lifetime,0,60.14903273661974,1.0,1.0,847.7371330911303
BF_BOF_CCS,power,LU,0,0.0709524572992296,lifetime,0,49.42769434297042,1.0,1.0,696.6311840972294
BF_BOF_CCS,power,LV,0,0.0709524572992296,lifetime,0,60.14903273661974,1.0,1.0,847.7371330911303
BF_BOF_CCS,power,NL,0,0.0709524572992296,lifetime,0,47.06347429578772,1.0,1.0,663.3099978103047
BF_BOF_CCS,power,NO,0,0.0709524572992296,lifetime,0,60.14903273661974,1.0,1.0,847.7371330911303
BF_BOF_CCS,power,PL,0,0.0709524572992296,lifetime,0,45.12749831305299,1.0,1.0,636.0244596284474
BF_BOF_CCS,power,PT,0,0.0709524572992296,lifetime,0,60.14903273661974,1.0,1.0,847.7371330911303
BF_BOF_CCS,power,RO,0,0.0709524572992296,lifetime,0,48.97937462304767,1.0,1.0,690.3125908167734
BF_BOF_CCS,power,SE,0,0.0709524572992296,lifetime,0,57.98557463670857,1.0,1.0,817.2454745600218
BF_BOF_CCS,power,SI,0,0.0709524572992296,lifetime,0,60.14903273661974,1.0,1.0,847.7371330911303
BF_BOF_CCS,power,SK,0,0.0709524572992296,lifetime,0,43.862433798267055,1.0,1.0,618.1947104845841
BF_BOF_CCS,power,UK,0,0.0709524572992296,lifetime,0,53.01179371978835,1.0,1.0,747.1452820332969
NG_DRI_CCS,power,AT,0,0.0709524572992296,lifetime,0,-142.2573892278325,1.0,1.0,-2004.9677578873248
NG_DRI_CCS,power,BE,0,0.0709524572992296,lifetime,0,-142.2573892278325,1.0,1.0,-2004.9677578873248
NG_DRI_CCS,power,BG,0,0.0709524572992296,lifetime,0,-142.2573892278325,1.0,1.0,-2004.9677578873248
NG_DRI_CCS,power,CH,0,0.0709524572992296,lifetime,0,60.14903273661974,1.0,1.0,847.7371330911303
NG_DRI_CCS,power,CZ,0,0.0709524572992296,lifetime,0,-142.2573892278325,1.0,1.0,-2004.9677578873248
NG_DRI_CCS,power,DE,0,0.0709524572992296,lifetime,0,-142.2573892278325,1.0,1.0,-2004.9677578873248
NG_DRI_CCS,power,DK,0,0.0709524572992296,lifetime,0,60.14903273661974,1.0,1.0,847.7371330911303
NG_DRI_CCS,power,EE,0,0.0709524572992296,lifetime,0,60.14903273661974,1.0,1.0,847.7371330911303
NG_DRI_CCS,power,EL,0,0.0709524572992296,lifetime,0,-142.2573892278325,1.0,1.0,-2004.9677578873248
NG_DRI_CCS,power,ES,0,0.0709524572992296,lifetime,0,-142.2573892278325,1.0,1.0,-2004.9677578873248
NG_DRI_CCS,power,FI,0,0.0709524572992296,lifetime,0,-142.2573892278325,1.0,1.0,-2004.9677578873248
NG_DRI_CCS,power,FR,0,0.0709524572992296,lifetime,0,-142.2573892278325,1.0,1.0,-2004.9677578873248
NG_DRI_CCS,power,HR,0,0.0709524572992296,lifetime,0,-142.2573892278325,1.0,1.0,-2004.9677578873248
NG_DRI_CCS,power,HU,0,0.0709524572992296,lifetime,0,-142.2573892278325,1.0,1.0,-2004.9677578873248
NG_DRI_CCS,power,IE,0,0.0709524572992296,lifetime,0,60.14903273661974,1.0,1.0,847.7371330911303
NG_DRI_CCS,power,IT,0,0.0709524572992296,lifetime,0,-142.2573892278325,1.0,1.0,-2004.9677578873248
NG_DRI_CCS,power,LT,0,0.0709524572992296,lifetime,0,60.14903273661974,1.0,1.0,847.7371330911303
NG_DRI_CCS,power,LU,0,0.0709524572992296,lifetime,0,-142.2573892278325,1.0,1.0,-2004.9677578873248
NG_DRI_CCS,power,LV,0,0.0709524572992296,lifetime,0,60.14903273661974,1.0,1.0,847.7371330911303
NG_DRI_CCS,power,NL,0,0.0709524572992296,lifetime,0,-142.2573892278325,1.0,1.0,-2004.9677578873248
NG_DRI_CCS,power,NO,0,0.0709524572992296,lifetime,0,-142.2573892278325,1.0,1.0,-2004.9677578873248
NG_DRI_CCS,power,PL,0,0.0709524572992296,lifetime,0,-142.2573892278325,1.0,1.0,-2004.9677578873248
NG_DRI_CCS,power,PT,0,0.0709524572992296,lifetime,0,-105.35340874084523,1.0,1.0,-1484.8451026373284
NG_DRI_CCS,power,RO,0,0.0709524572992296,lifetime,0,-142.2573892278325,1.0,1.0,-2004.9677578873248
NG_DRI_CCS,power,SE,0,0.0709524572992296,lifetime,0,-142.2573892278325,1.0,1.0,-2004.9677578873248
NG_DRI_CCS,power,SI,0,0.0709524572992296,lifetime,0,-142.2573892278325,1.0,1.0,-2004.9677578873248
NG_DRI_CCS,power,SK,0,0.0709524572992296,lifetime,0,-142.2573892278325,1.0,1.0,-2004.9677578873248
NG_DRI_CCS,power,UK,0,0.0709524572992296,lifetime,0,-142.2573892278325,1.0,1.0,-2004.9677578873248
carbon_pipeline,power,AT-CH,0,0.054776735485736465,lifetime,0,-6.572145240008027,1.0,1.0,-119.98059361751075
carbon_pipeline,power,AT-CZ,0,0.054776735485736465,lifetime,0,-26.89679456705028,1.0,1.0,-491.0258767438604
carbon_pipeline,power,AT-DE,0,0.054776735485736465,lifetime,0,-57.434310749579744,1.0,1.0,-1048.5164959225308
carbon_pipeline,power,AT-HU,0,0.054776735485736465,lifetime,0,-7.239412638446481,1.0,1.0,-132.16217750565988
carbon_pipeline,power,AT-IT,0,0.054776735485736465,lifetime,0,-0.0,1.0,1.0,-0.0
carbon_pipeline,power,AT-SI,0,0.054776735485736465,lifetime,0,-0.0,1.0,1.0,-0.0
carbon_pipeline,power,AT-SK,0,0.054776735485736465,lifetime,0,-27.996225690113164,1.0,1.0,-511.09700937550787
carbon_pipeline,power,BE-DE,0,0.054776735485736465,lifetime,0,-0.0,1.0,1.0,-0.0
carbon_pipeline,power,BE-FR,0,0.054776735485736465,lifetime,0,-0.0,1.0,1.0,-0.0
carbon_pipeline,power,BE-LU,0,0.054776735485736465,lifetime,0,-0.0,1.0,1.0,-0.0
carbon_pipeline,power,BE-NL,0,0.054776735485736465,lifetime,0,-4.652499214107451,1.0,1.0,-84.9356788580242
carbon_pipeline,power,BE-NO,0,0.054776735485736465,lifetime,0,-160.02925295097313,1.0,1.0,-2921.482113380849
carbon_pipeline,power,BE-UK,0,0.054776735485736465,lifetime,0,-79.9757208382197,1.0,1.0,-1460.0307982764855
carbon_pipeline,power,BG-EL,0,0.054776735485736465,lifetime,0,-0.0,1.0,1.0,-0.0
carbon_pipeline,power,BG-RO,0,0.054776735485736465,lifetime,0,-42.218988122866804,1.0,1.0,-770.7467001910031
carbon_pipeline,power,CH-AT,0,0.054776735485736465,lifetime,0,-0.0,1.0,1.0,-0.0
carbon_pipeline,power,CH-DE,0,0.054776735485736465,lifetime,0,-50.86216550957171,1.0,1.0,-928.5359023050199
carbon_pipeline,power,CH-FR,0,0.054776735485736465,lifetime,0,-58.69565113089045,1.0,1.0,-1071.5434319041237
carbon_pipeline,power,CH-IT,0,0.054776735485736465,lifetime,0,-0.0,1.0,1.0,-0.0
carbon_pipeline,power,CZ-AT,0,0.054776735485736465,lifetime,0,-0.0,1.0,1.0,-0.0
carbon_pipeline,power,CZ-DE,0,0.054776735485736465,lifetime,0,-30.53751618252946,1.0,1.0,-557.4906191786702
carbon_pipeline,power,CZ-PL,0,0.054776735485736465,lifetime,0,-48.45064348271522,1.0,1.0,-884.5113359362476
carbon_pipeline,power,CZ-SK,0,0.054776735485736465,lifetime,0,-1.0994311230628853,1.0,1.0,-20.071132631647437
carbon_pipeline,power,DE-AT,0,0.054776735485736465,lifetime,0,-0.0,1.0,1.0,-0.0
carbon_pipeline,power,DE-BE,0,0.054776735485736465,lifetime,0,-40.31966788805252,1.0,1.0,-736.0728515585147
carbon_pipeline,power,DE-CH,0,0.054776735485736465,lifetime,0,-0.0,1.0,1.0,-0.0
carbon_pipeline,power,DE-CZ,0,0.054776735485736465,lifetime,0,-0.0,1.0,1.0,-0.0
carbon_pipeline,power,DE-DK,0,0.054776735485736465,lifetime,0,-69.61848051010857,1.0,1.0,-1270.9497908694614
carbon_pipeline,power,DE-FR,0,0.054776735485736465,lifetime,0,-22.85542962512696,1.0,1.0,-417.24701960521867
carbon_pipeline,power,DE-LU,0,0.054776735485736465,lifetime,0,-22.85542962512696,1.0,1.0,-417.24701960521867
carbon_pipeline,power,DE-NL,0,0.054776735485736465,lifetime,0,-44.97216710215996,1.0,1.0,-821.0085304165386
carbon_pipeline,power,DE-NO,0,0.054776735485736465,lifetime,0,-200.34892083902568,1.0,1.0,-3657.5549649393647
carbon_pipeline,power,DE-PL,0,0.054776735485736465,lifetime,0,-17.91312730018575,1.0,1.0,-327.02071675757713
carbon_pipeline,power,DE-SE,0,0.054776735485736465,lifetime,0,-168.74768290302742,1.0,1.0,-3080.6451207186
carbon_pipeline,power,DE-UK,0,0.054776735485736465,lifetime,0,-120.29538872627218,1.0,1.0,-2196.1036498349995
carbon_pipeline,power,DK-DE,0,0.054776735485736465,lifetime,0,-0.0,1.0,1.0,-0.0
carbon_pipeline,power,DK-NL,0,0.054776735485736465,lifetime,0,-0.0,1.0,1.0,-0.0
carbon_pipeline,power,DK-NO,0,0.054776735485736465,lifetime,0,-130.7304403289171,1.0,1.0,-2386.6051740699027
carbon_pipeline,power,DK-SE,0,0.054776735485736465,lifetime,0,-99.12920239291887,1.0,1.0,-1809.6953298491387
carbon_pipeline,power,DK-UK,0,0.054776735485736465,lifetime,0,-50.676908216163554,1.0,1.0,-925.1538589655369
carbon_pipeline,power,EE-FI,0,0.054776735485736465,lifetime,0,-89.44314503329785,1.0,1.0,-1632.8673886852625
carbon_pipeline,power,EE-LV,0,0.054776735485736465,lifetime,0,-0.0,1.0,1.0,-0.0
carbon_pipeline,power,EL-BG,0,0.054776735485736465,lifetime,0,-52.85003334614122,1.0,1.0,-964.8262693548623
carbon_pipeline,power,EL-IT,0,0.054776735485736465,lifetime,0,-0.0,1.0,1.0,-0.0
carbon_pipeline,power,ES-FR,0,0.054776735485736465,lifetime,0,-106.31582338892042,1.0,1.0,-1940.8937470653836
carbon_pipeline,power,ES-PT,0,0.054776735485736465,lifetime,0,-0.0,1.0,1.0,-0.0
carbon_pipeline,power,FI-EE,0,0.054776735485736465,lifetime,0,-0.0,1.0,1.0,-0.0
carbon_pipeline,power,FI-NO,0,0.054776735485736465,lifetime,0,-53.30446792370867,1.0,1.0,-973.1223931296314
carbon_pipeline,power,FI-SE,0,0.054776735485736465,lifetime,0,-21.703229987710444,1.0,1.0,-396.21254890886723
carbon_pipeline,power,FR-BE,0,0.054776735485736465,lifetime,0,-32.48618226673378,1.0,1.0,-593.0653219594108
carbon_pipeline,power,FR-CH,0,0.054776735485736465,lifetime,0,-0.0,1.0,1.0,-0.0
carbon_pipeline,power,FR-DE,0,0.054776735485736465,lifetime,0,-15.021944003808215,1.0,1.0,-274.23949000611475
carbon_pipeline,power,FR-ES,0,0.054776735485736465,lifetime,0,-0.0,1.0,1.0,-0.0
carbon_pipeline,power,FR-IT,0,0.054776735485736465,lifetime,0,-0.0,1.0,1.0,-0.0
carbon_pipeline,power,FR-LU,0,0.054776735485736465,lifetime,0,-15.021944003808215,1.0,1.0,-274.23949000611475
carbon_pipeline,power,FR-NO,0,0.054776735485736465,lifetime,0,-192.5154352177069,1.0,1.0,-3514.54743534026
carbon_pipeline,power,FR-UK,0,0.054776735485736465,lifetime,0,-112.46190310495308,1.0,1.0,-2053.096120235889
carbon_pipeline,power,HR-HU,0,0.054776735485736465,lifetime,0,-42.233617367540454,1.0,1.0,-771.0137705913095
carbon_pipeline,power,HR-SI,0,0.054776735485736465,lifetime,0,-11.533849485137068,1.0,1.0,-210.5610964738929
carbon_pipeline,power,HU-AT,0,0.054776735485736465,lifetime,0,-0.0,1.0,1.0,-0.0
carbon_pipeline,power,HU-HR,0,0.054776735485736465,lifetime,0,-0.0,1.0,1.0,-0.0
carbon_pipeline,power,HU-RO,0,0.054776735485736465,lifetime,0,-58.44963040519164,1.0,1.0,-1067.0520958740153
carbon_pipeline,power,HU-SI,0,0.054776735485736465,lifetime,0,-0.0,1.0,1.0,-0.0
carbon_pipeline,power,HU-SK,0,0.054776735485736465,lifetime,0,-20.75681305166668,1.0,1.0,-378.9348318698479
carbon_pipeline,power,IE-UK,0,0.054776735485736465,lifetime,0,-45.83452764120068,1.0,1.0,-836.7517201373878
carbon_pipeline,power,IT-AT,0,0.054776735485736465,lifetime,0,-51.784136899363645,1.0,1.0,-945.3673432738234
carbon_pipeline,power,IT-CH,0,0.054776735485736465,lifetime,0,-58.35628213937167,1.0,1.0,-1065.347936891334
carbon_pipeline,power,IT-EL,0,0.054776735485736465,lifetime,0,-22.40415847399376,1.0,1.0,-409.0086471076333
carbon_pipeline,power,IT-FR,0,0.054776735485736465,lifetime,0,-117.05193327026213,1.0,1.0,-2136.8913687954578
carbon_pipeline,power,IT-SI,0,0.054776735485736465,lifetime,0,-28.323781655406748,1.0,1.0,-517.0768466620668
carbon_pipeline,power,LT-LV,0,0.054776735485736465,lifetime,0,-0.0,1.0,1.0,-0.0
carbon_pipeline,power,LT-PL,0,0.054776735485736465,lifetime,0,-5.496438504346131,1.0,1.0,-100.34257163385303
carbon_pipeline,power,LT-SE,0,0.054776735485736465,lifetime,0,-115.58212080336034,1.0,1.0,-2110.058581958708
carbon_pipeline,power,LU-BE,0,0.054776735485736465,lifetime,0,-17.46423826292557,1.0,1.0,-318.8258319532962
carbon_pipeline,power,LU-DE,0,0.054776735485736465,lifetime,0,-0.0,1.0,1.0,-0.0
carbon_pipeline,power,LU-FR,0,0.054776735485736465,lifetime,0,-0.0,1.0,1.0,-0.0
carbon_pipeline,power,LV-EE,0,0.054776735485736465,lifetime,0,-26.565578741389686,1.0,1.0,-484.9792253192453
carbon_pipeline,power,LV-LT,0,0.054776735485736465,lifetime,0,-22.12983295903765,1.0,1.0,-404.0005809546669
carbon_pipeline,power,NL-BE,0,0.054776735485736465,lifetime,0,-0.0,1.0,1.0,-0.0
carbon_pipeline,power,NL-DE,0,0.054776735485736465,lifetime,0,-0.0,1.0,1.0,-0.0
carbon_pipeline,power,NL-DK,0,0.054776735485736465,lifetime,0,-24.646313407948583,1.0,1.0,-449.94126045292234
carbon_pipeline,power,NL-NO,0,0.054776735485736465,lifetime,0,-155.37675373686568,1.0,1.0,-2836.546434522825
carbon_pipeline,power,NL-UK,0,0.054776735485736465,lifetime,0,-75.32322162411214,1.0,1.0,-1375.0951194184593
carbon_pipeline,power,NO-BE,0,0.054776735485736465,lifetime,0,-0.0,1.0,1.0,-0.0
carbon_pipeline,power,NO-DE,0,0.054776735485736465,lifetime,0,-0.0,1.0,1.0,-0.0
carbon_pipeline,power,NO-DK,0,0.054776735485736465,lifetime,0,-0.0,1.0,1.0,-0.0
carbon_pipeline,power,NO-FI,0,0.054776735485736465,lifetime,0,-0.0,1.0,1.0,-0.0
carbon_pipeline,power,NO-FR,0,0.054776735485736465,lifetime,0,-0.0,1.0,1.0,-0.0
carbon_pipeline,power,NO-NL,0,0.054776735485736465,lifetime,0,-0.0,1.0,1.0,-0.0
carbon_pipeline,power,NO-SE,0,0.054776735485736465,lifetime,0,-0.0,1.0,1.0,-0.0
carbon_pipeline,power,NO-UK,0,0.054776735485736465,lifetime,0,-0.0,1.0,1.0,-0.0
carbon_pipeline,power,PL-CZ,0,0.054776735485736465,lifetime,0,-0.0,1.0,1.0,-0.0
carbon_pipeline,power,PL-DE,0,0.054776735485736465,lifetime,0,-0.0,1.0,1.0,-0.0
carbon_pipeline,power,PL-LT,0,0.054776735485736465,lifetime,0,-40.748873303827466,1.0,1.0,-743.9083936361675
carbon_pipeline,power,PL-SE,0,0.054776735485736465,lifetime,0,-150.83455560284162,1.0,1.0,-2753.6244039610215
carbon_pipeline,power,PL-SK,0,0.054776735485736465,lifetime,0,-0.0,1.0,1.0,-0.0
carbon_pipeline,power,PT-ES,0,0.054776735485736465,lifetime,0,-47.05591983715033,1.0,1.0,-859.049365024745
carbon_pipeline,power,RO-BG,0,0.054776735485736465,lifetime,0,-0.0,1.0,1.0,-0.0
carbon_pipeline,power,RO-HU,0,0.054776735485736465,lifetime,0,-0.0,1.0,1.0,-0.0
carbon_pipeline,power,SE-DE,0,0.054776735485736465,lifetime,0,-0.0,1.0,1.0,-0.0
carbon_pipeline,power,SE-DK,0,0.054776735485736465,lifetime,0,-0.0,1.0,1.0,-0.0
carbon_pipeline,power,SE-FI,0,0.054776735485736465,lifetime,0,-0.0,1.0,1.0,-0.0
carbon_pipeline,power,SE-LT,0,0.054776735485736465,lifetime,0,-0.0,1.0,1.0,-0.0
carbon_pipeline,power,SE-NO,0,0.054776735485736465,lifetime,0,-31.601237935998224,1.0,1.0,-576.9098442207641
carbon_pipeline,power,SE-PL,0,0.054776735485736465,lifetime,0,-0.0,1.0,1.0,-0.0
carbon_pipeline,power,SI-AT,0,0.054776735485736465,lifetime,0,-23.460355243956904,1.0,1.0,-428.2904966117567
carbon_pipeline,power,SI-HR,0,0.054776735485736465,lifetime,0,-0.0,1.0,1.0,-0.0
carbon_pipeline,power,SI-HU,0,0.054776735485736465,lifetime,0,-30.69976788240338,1.0,1.0,-560.4526741174164
carbon_pipeline,power,SI-IT,0,0.054776735485736465,lifetime,0,-0.0,1.0,1.0,-0.0
carbon_pipeline,power,SK-AT,0,0.054776735485736465,lifetime,0,-0.0,1.0,1.0,-0.0
carbon_pipeline,power,SK-CZ,0,0.054776735485736465,lifetime,0,-0.0,1.0,1.0,-0.0
carbon_pipeline,power,SK-HU,0,0.054776735485736465,lifetime,0,-0.0,1.0,1.0,-0.0
carbon_pipeline,power,SK-PL,0,0.054776735485736465,lifetime,0,-47.35121235965233,1.0,1.0,-864.4402033046
carbon_pipeline,power,UK-BE,0,0.054776735485736465,lifetime,0,-0.0,1.0,1.0,-0.0
carbon_pipeline,power,UK-DE,0,0.054776735485736465,lifetime,0,-0.0,1.0,1.0,-0.0
carbon_pipeline,power,UK-DK,0,0.054776735485736465,lifetime,0,-0.0,1.0,1.0,-0.0
carbon_pipeline,power,UK-FR,0,0.054776735485736465,lifetime,0,-0.0,1.0,1.0,-0.0
carbon_pipeline,power,UK-IE,0,0.054776735485736465,lifetime,0,-0.0,1.0,1.0,-0.0
carbon_pipeline,power,UK-NL,0,0.054776735485736465,lifetime,0,-0.0,1.0,1.0,-0.0
carbon_pipeline,power,UK-NO,0,0.054776735485736465,lifetime,0,-80.05353211275354,1.0,1.0,-1461.451315104366
hydrogen_pipeline,power,AT-CH,0,0.054776735485736465,lifetime,0,-0.29735463942005624,1.0,1.0,-5.42848413260198
hydrogen_pipeline,power,AT-CZ,0,0.054776735485736465,lifetime,0,-5.7683300433810425,1.0,1.0,-105.30620330382925
hydrogen_pipeline,power,AT-DE,0,0.054776735485736465,lifetime,0,-9.988575782535607,1.0,1.0,-182.3506949430488
hydrogen_pipeline,power,AT-HU,0,0.054776735485736465,lifetime,0,-3.262574376512055,1.0,1.0,-59.561314627112274
hydrogen_pipeline,power,AT-IT,0,0.054776735485736465,lifetime,0,-0.0,1.0,1.0,-0.0
hydrogen_pipeline,power,AT-SI,0,0.054776735485736465,lifetime,0,-0.0,1.0,1.0,-0.0
hydrogen_pipeline,power,AT-SK,0,0.054776735485736465,lifetime,0,-7.909151046885428,1.0,1.0,-144.38887196819027
hydrogen_pipeline,power,BE-DE,0,0.054776735485736465,lifetime,0,-1.8314099173560832,1.0,1.0,-33.43408293896907
hydrogen_pipeline,power,BE-FR,0,0.054776735485736465,lifetime,0,-0.0,1.0,1.0,-0.0
hydrogen_pipeline,power,BE-LU,0,0.054776735485736465,lifetime,0,-2.5554011179811473,1.0,1.0,-46.65121233167607
hydrogen_pipeline,power,BE-NL,0,0.054776735485736465,lifetime,0,-3.9373583297967722,1.0,1.0,-71.88012018025493
hydrogen_pipeline,power,BE-NO,0,0.054776735485736465,lifetime,0,-8.667180592176248,1.0,1.0,-158.2274028439159
hydrogen_pipeline,power,BE-UK,0,0.054776735485736465,lifetime,0,-1.1110837253196308,1.0,1.0,-20.28386166986805
hydrogen_pipeline,power,BG-EL,0,0.054776735485736465,lifetime,0,-2.8322118086048436,1.0,1.0,-51.7046476663863
hydrogen_pipeline,power,BG-RO,0,0.054776735485736465,lifetime,0,-7.342432717020313,1.0,1.0,-134.042904381044
hydrogen_pipeline,power,CH-AT,0,0.054776735485736465,lifetime,0,-0.6463112017545671,1.0,1.0,-11.799009123551416
hydrogen_pipeline,power,CH-DE,0,0.054776735485736465,lifetime,0,-9.712679138140903,1.0,1.0,-177.31394636816256
hydrogen_pipeline,power,CH-FR,0,0.054776735485736465,lifetime,0,-10.207939327111381,1.0,1.0,-186.35537946158672
hydrogen_pipeline,power,CH-IT,0,0.054776735485736465,lifetime,0,-0.0,1.0,1.0,-0.0
hydrogen_pipeline,power,CZ-AT,0,0.054776735485736465,lifetime,0,-0.0,1.0,1.0,-0.0
hydrogen_pipeline,power,CZ-DE,0,0.054776735485736465,lifetime,0,-2.2189453350057757,1.0,1.0,-40.5089006369059
hydrogen_pipeline,power,CZ-PL,0,0.054776735485736465,lifetime,0,-8.426198866559167,1.0,1.0,-153.8280584236952
hydrogen_pipeline,power,CZ-SK,0,0.054776735485736465,lifetime,0,-1.9460970927490817,1.0,1.0,-35.52780346422495
hydrogen_pipeline,power,DE-AT,0,0.054776735485736465,lifetime,0,-0.0,1.0,1.0,-0.0
hydrogen_pipeline,power,DE-BE,0,0.054776735485736465,lifetime,0,-2.579862432657035,1.0,1.0,-47.097776269066195
hydrogen_pipeline,power,DE-CH,0,0.054776735485736465,lifetime,0,-0.0,1.0,1.0,-0.0
hydrogen_pipeline,power,DE-CZ,0,0.054776735485736465,lifetime,0,-0.0,1.0,1.0,-0.0
hydrogen_pipeline,power,DE-DK,0,0.054776735485736465,lifetime,0,-4.312511953154134,1.0,1.0,-78.72889676452307
hydrogen_pipeline,power,DE-FR,0,0.054776735485736465,lifetime,0,-0.0,1.0,1.0,-0.0
hydrogen_pipeline,power,DE-LU,0,0.054776735485736465,lifetime,0,-6.020289410115701,1.0,1.0,-109.90595472202517
hydrogen_pipeline,power,DE-NL,0,0.054776735485736465,lifetime,0,-7.430158053573152,1.0,1.0,-135.6444115861545
hydrogen_pipeline,power,DE-NO,0,0.054776735485736465,lifetime,0,-13.212152699004612,1.0,1.0,-241.2000748464643
hydrogen_pipeline,power,DE-PL,0,0.054776735485736465,lifetime,0,-3.478060374467015,1.0,1.0,-63.49521094357076
hydrogen_pipeline,power,DE-SE,0,0.054776735485736465,lifetime,0,-8.574470555183508,1.0,1.0,-156.5348953191314
hydrogen_pipeline,power,DE-UK,0,0.054776735485736465,lifetime,0,-3.1539212565597126,1.0,1.0,-57.577751368205845
hydrogen_pipeline,power,DK-DE,0,0.054776735485736465,lifetime,0,-12.107561827844965,1.0,1.0,-221.03474623816714
hydrogen_pipeline,power,DK-NL,0,0.054776735485736465,lifetime,0,-10.916717778914945,1.0,1.0,-199.29478604575831
hydrogen_pipeline,power,DK-NO,0,0.054776735485736465,lifetime,0,-9.15175735314451,1.0,1.0,-167.07380007206845
hydrogen_pipeline,power,DK-SE,0,0.054776735485736465,lifetime,0,-5.338416256382393,1.0,1.0,-97.45772925391812
hydrogen_pipeline,power,DK-UK,0,0.054776735485736465,lifetime,0,-0.0,1.0,1.0,-0.0
hydrogen_pipeline,power,EE-FI,0,0.054776735485736465,lifetime,0,-8.736866062708433,1.0,1.0,-159.49957559963502
hydrogen_pipeline,power,EE-LV,0,0.054776735485736465,lifetime,0,-4.755276699502853,1.0,1.0,-86.81197697042568
hydrogen_pipeline,power,EL-BG,0,0.054776735485736465,lifetime,0,-7.481961552474848,1.0,1.0,-136.59013240069967
hydrogen_pipeline,power,EL-IT,0,0.054776735485736465,lifetime,0,-0.0,1.0,1.0,-0.0
hydrogen_pipeline,power,ES-FR,0,0.054776735485736465,lifetime,0,-18.489708415464417,1.0,1.0,-337.54673862006666
hydrogen_pipeline,power,ES-PT,0,0.054776735485736465,lifetime,0,-6.6496896833826495,1.0,1.0,-121.39623919563789
hydrogen_pipeline,power,FI-EE,0,0.054776735485736465,lifetime,0,-10.662717473470206,1.0,1.0,-194.6577754026016
hydrogen_pipeline,power,FI-NO,0,0.054776735485736465,lifetime,0,-0.0,1.0,1.0,-0.0
hydrogen_pipeline,power,FI-SE,0,0.054776735485736465,lifetime,0,-0.0,1.0,1.0,-0.0
hydrogen_pipeline,power,FR-BE,0,0.054776735485736465,lifetime,0,-10.502516523907145,1.0,1.0,-191.73315880866866
hydrogen_pipeline,power,FR-CH,0,0.054776735485736465,lifetime,0,-10.189788774595668,1.0,1.0,-186.024024327792
hydrogen_pipeline,power,FR-DE,0,0.054776735485736465,lifetime,0,-11.059348715836641,1.0,1.0,-201.89864579856953
hydrogen_pipeline,power,FR-ES,0,0.054776735485736465,lifetime,0,-0.0,1.0,1.0,-0.0
hydrogen_pipeline,power,FR-IT,0,0.054776735485736465,lifetime,0,-0.263480714603463,1.0,1.0,-4.810084286093899
hydrogen_pipeline,power,FR-LU,0,0.054776735485736465,lifetime,0,-9.948805283494746,1.0,1.0,-181.62464767702988
hydrogen_pipeline,power,FR-NO,0,0.054776735485736465,lifetime,0,-9.920785994198178,1.0,1.0,-181.1131296201741
hydrogen_pipeline,power,FR-UK,0,0.054776735485736465,lifetime,0,-3.1971713301241413,1.0,1.0,-58.367321487361465
hydrogen_pipeline,power,HR-HU,0,0.054776735485736465,lifetime,0,-7.344976933485294,1.0,1.0,-134.0893514071842
hydrogen_pipeline,power,HR-SI,0,0.054776735485736465,lifetime,0,-1.2865012890620855,1.0,1.0,-23.486271638022
hydrogen_pipeline,power,HU-AT,0,0.054776735485736465,lifetime,0,-0.023228519060573466,1.0,1.0,-0.4240581125288497
hydrogen_pipeline,power,HU-HR,0,0.054776735485736465,lifetime,0,-0.0,1.0,1.0,-0.0
hydrogen_pipeline,power,HU-RO,0,0.054776735485736465,lifetime,0,-4.88298746650782,1.0,1.0,-89.14345521337833
hydrogen_pipeline,power,HU-SI,0,0.054776735485736465,lifetime,0,-0.0,1.0,1.0,-0.0
hydrogen_pipeline,power,HU-SK,0,0.054776735485736465,lifetime,0,-3.6098805307246398,1.0,1.0,-65.90170989040833
hydrogen_pipeline,power,IE-UK,0,0.054776735485736465,lifetime,0,-7.971222198469681,1.0,1.0,-145.52203828476306
hydrogen_pipeline,power,IT-AT,0,0.054776735485736465,lifetime,0,-11.494609798640244,1.0,1.0,-209.84473968211142
hydrogen_pipeline,power,IT-CH,0,0.054776735485736465,lifetime,0,-12.002937555450407,1.0,1.0,-219.12473331996756
hydrogen_pipeline,power,IT-EL,0,0.054776735485736465,lifetime,0,-3.2848091006796087,1.0,1.0,-59.96723009415107
hydrogen_pipeline,power,IT-FR,0,0.054776735485736465,lifetime,0,-20.35685796004558,1.0,1.0,-371.6332815296447
hydrogen_pipeline,power,IT-SI,0,0.054776735485736465,lifetime,0,-8.549155852956197,1.0,1.0,-156.07275200221355
hydrogen_pipeline,power,LT-LV,0,0.054776735485736465,lifetime,0,-0.0,1.0,1.0,-0.0
hydrogen_pipeline,power,LT-PL,0,0.054776735485736465,lifetime,0,-5.492111741590552,1.0,1.0,-100.2635825755017
hydrogen_pipeline,power,LT-SE,0,0.054776735485736465,lifetime,0,-0.0,1.0,1.0,-0.0
hydrogen_pipeline,power,LU-BE,0,0.054776735485736465,lifetime,0,-2.6639359833220873,1.0,1.0,-48.632616743211365
hydrogen_pipeline,power,LU-DE,0,0.054776735485736465,lifetime,0,-6.055714054883738,1.0,1.0,-110.55266439637698
hydrogen_pipeline,power,LU-FR,0,0.054776735485736465,lifetime,0,-0.0,1.0,1.0,-0.0
hydrogen_pipeline,power,LV-EE,0,0.054776735485736465,lifetime,0,-0.0,1.0,1.0,-0.0
hydrogen_pipeline,power,LV-LT,0,0.054776735485736465,lifetime,0,-3.8486666015717637,1.0,1.0,-70.2609706008116
hydrogen_pipeline,power,NL-BE,0,0.054776735485736465,lifetime,0,-0.0,1.0,1.0,-0.0
hydrogen_pipeline,power,NL-DE,0,0.054776735485736465,lifetime,0,-0.8002291780757194,1.0,1.0,-14.608924226309439
hydrogen_pipeline,power,NL-DK,0,0.054776735485736465,lifetime,0,-0.0,1.0,1.0,-0.0
hydrogen_pipeline,power,NL-NO,0,0.054776735485736465,lifetime,0,-5.224927830805763,1.0,1.0,-95.3858930159557
hydrogen_pipeline,power,NL-UK,0,0.054776735485736465,lifetime,0,-0.0,1.0,1.0,-0.0
hydrogen_pipeline,power,NO-BE,0,0.054776735485736465,lifetime,0,-22.24544114869373,1.0,1.0,-406.1111154476577
hydrogen_pipeline,power,NO-DE,0,0.054776735485736465,lifetime,0,-29.16333983298021,1.0,1.0,-532.4037581716451
hydrogen_pipeline,power,NO-DK,0,0.054776735485736465,lifetime,0,-17.37861685208213,1.0,1.0,-317.262733859111
hydrogen_pipeline,power,NO-FI,0,0.054776735485736465,lifetime,0,-9.270342247601505,1.0,1.0,-169.2386770660228
hydrogen_pipeline,power,NO-FR,0,0.054776735485736465,lifetime,0,-6.092734240741615,1.0,1.0,-111.2285021499342
hydrogen_pipeline,power,NO-NL,0,0.054776735485736465,lifetime,0,-25.999025990174914,1.0,1.0,-474.6362805235976
hydrogen_pipeline,power,NO-SE,0,0.054776735485736465,lifetime,0,-5.495867467130124,1.0,1.0,-100.33214682100242
hydrogen_pipeline,power,NO-UK,0,0.054776735485736465,lifetime,0,-7.535904043377612,1.0,1.0,-137.57490249377707
hydrogen_pipeline,power,PL-CZ,0,0.054776735485736465,lifetime,0,-0.0,1.0,1.0,-0.0
hydrogen_pipeline,power,PL-DE,0,0.054776735485736465,lifetime,0,-0.0,1.0,1.0,-0.0
hydrogen_pipeline,power,PL-LT,0,0.054776735485736465,lifetime,0,-10.225398189372779,1.0,1.0,-186.67410714965683
hydrogen_pipeline,power,PL-SE,0,0.054776735485736465,lifetime,0,-4.388994247937946,1.0,1.0,-80.12515183714835
hydrogen_pipeline,power,PL-SK,0,0.054776735485736465,lifetime,0,-0.0,1.0,1.0,-0.0
hydrogen_pipeline,power,PT-ES,0,0.054776735485736465,lifetime,0,-0.0,1.0,1.0,-0.0
hydrogen_pipeline,power,RO-BG,0,0.054776735485736465,lifetime,0,-0.0,1.0,1.0,-0.0
hydrogen_pipeline,power,RO-HU,0,0.054776735485736465,lifetime,0,-4.25831237414084,1.0,1.0,-77.73943329006306
hydrogen_pipeline,power,SE-DE,0,0.054776735485736465,lifetime,0,-23.74270577478584,1.0,1.0,-433.4450668563171
hydrogen_pipeline,power,SE-DK,0,0.054776735485736465,lifetime,0,-12.256676608212334,1.0,1.0,-223.7569745536205
hydrogen_pipeline,power,SE-FI,0,0.054776735485736465,lifetime,0,-10.780371497077859,1.0,1.0,-196.80565848771698
hydrogen_pipeline,power,SE-LT,0,0.054776735485736465,lifetime,0,-20.101238400584403,1.0,1.0,-366.9667099058622
hydrogen_pipeline,power,SE-NO,0,0.054776735485736465,lifetime,0,-5.495867467130124,1.0,1.0,-100.33214682100242
hydrogen_pipeline,power,SE-PL,0,0.054776735485736465,lifetime,0,-26.232096626581143,1.0,1.0,-478.8912006888732
hydrogen_pipeline,power,SI-AT,0,0.054776735485736465,lifetime,0,-4.080061781557721,1.0,1.0,-74.48530375856636
hydrogen_pipeline,power,SI-HR,0,0.054776735485736465,lifetime,0,-4.216066478701255,1.0,1.0,-76.96819537190372
hydrogen_pipeline,power,SI-HU,0,0.054776735485736465,lifetime,0,-8.001955839104253,1.0,1.0,-146.0831093373192
hydrogen_pipeline,power,SI-IT,0,0.054776735485736465,lifetime,0,-0.0,1.0,1.0,-0.0
hydrogen_pipeline,power,SK-AT,0,0.054776735485736465,lifetime,0,-0.0,1.0,1.0,-0.0
hydrogen_pipeline,power,SK-CZ,0,0.054776735485736465,lifetime,0,-0.1829829973614007,1.0,1.0,-3.340523960378186
hydrogen_pipeline,power,SK-HU,0,0.054776735485736465,lifetime,0,-0.0,1.0,1.0,-0.0
hydrogen_pipeline,power,SK-PL,0,0.054776735485736465,lifetime,0,-8.234993453852576,1.0,1.0,-150.33742666166953
hydrogen_pipeline,power,UK-BE,0,0.054776735485736465,lifetime,0,-10.792595532909406,1.0,1.0,-197.02881957468483
hydrogen_pipeline,power,UK-DE,0,0.054776735485736465,lifetime,0,-12.569439849106129,1.0,1.0,-229.4667569661784
hydrogen_pipeline,power,UK-DK,0,0.054776735485736465,lifetime,0,-0.0,1.0,1.0,-0.0
hydrogen_pipeline,power,UK-FR,0,0.054776735485736465,lifetime,0,-1.9497110635080068,1.0,1.0,-35.5937798450165
hydrogen_pipeline,power,UK-IE,0,0.054776735485736465,lifetime,0,-0.0,1.0,1.0,-0.0
hydrogen_pipeline,power,UK-NL,0,0.054776735485736465,lifetime,0,-13.127935567300291,1.0,1.0,-239.66261316756868
hydrogen_pipeline,power,UK-NO,0,0.054776735485736465,lifetime,0,-6.102440110621919,1.0,1.0,-111.40569178699884
natural_gas_pipeline,power,AT-CH,0,0.05282818452724236,lifetime,0,-0.0,1.0,1.0,-0.0
natural_gas_pipeline,power,AT-CZ,0,0.05282818452724236,lifetime,0,-3.676445449808367,1.0,1.0,-69.59250034254922
natural_gas_pipeline,power,AT-DE,0,0.05282818452724236,lifetime,0,-0.0,1.0,1.0,-0.0
natural_gas_pipeline,power,AT-HU,0,0.05282818452724236,lifetime,0,-0.0,1.0,1.0,-0.0
natural_gas_pipeline,power,AT-IT,0,0.05282818452724236,lifetime,0,-0.0,1.0,1.0,-0.0
natural_gas_pipeline,power,AT-SI,0,0.05282818452724236,lifetime,0,-0.0,1.0,1.0,-0.0
natural_gas_pipeline,power,AT-SK,0,0.05282818452724236,lifetime,0,-0.0,1.0,1.0,-0.0
natural_gas_pipeline,power,BE-DE,0,0.05282818452724236,lifetime,0,-1.538453369524469,1.0,1.0,-29.121829252548356
natural_gas_pipeline,power,BE-FR,0,0.05282818452724236,lifetime,0,-0.0,1.0,1.0,-0.0
natural_gas_pipeline,power,BE-LU,0,0.05282818452724236,lifetime,0,-0.0,1.0,1.0,-0.0
natural_gas_pipeline,power,BE-NL,0,0.05282818452724236,lifetime,0,-0.0,1.0,1.0,-0.0
natural_gas_pipeline,power,BE-NO,0,0.05282818452724236,lifetime,0,-0.0,1.0,1.0,-0.0
natural_gas_pipeline,power,BE-UK,0,0.05282818452724236,lifetime,0,-0.0,1.0,1.0,-0.0
natural_gas_pipeline,power,BG-EL,0,0.05282818452724236,lifetime,0,-0.0,1.0,1.0,-0.0
natural_gas_pipeline,power,BG-RO,0,0.05282818452724236,lifetime,0,-0.0,1.0,1.0,-0.0
natural_gas_pipeline,power,CH-AT,0,0.05282818452724236,lifetime,0,-0.0,1.0,1.0,-0.0
natural_gas_pipeline,power,CH-DE,0,0.05282818452724236,lifetime,0,-0.0,1.0,1.0,-0.0
natural_gas_pipeline,power,CH-FR,0,0.05282818452724236,lifetime,0,-0.0,1.0,1.0,-0.0
natural_gas_pipeline,power,CH-IT,0,0.05282818452724236,lifetime,0,-0.0,1.0,1.0,-0.0
natural_gas_pipeline,power,CZ-AT,0,0.05282818452724236,lifetime,0,-0.0,1.0,1.0,-0.0
natural_gas_pipeline,power,CZ-DE,0,0.05282818452724236,lifetime,0,-0.0,1.0,1.0,-0.0
natural_gas_pipeline,power,CZ-PL,0,0.05282818452724236,lifetime,0,-0.0,1.0,1.0,-0.0
natural_gas_pipeline,power,CZ-SK,0,0.05282818452724236,lifetime,0,-0.0,1.0,1.0,-0.0
natural_gas_pipeline,power,DE-AT,0,0.05282818452724236,lifetime,0,-0.0,1.0,1.0,-0.0
natural_gas_pipeline,power,DE-BE,0,0.05282818452724236,lifetime,0,-0.0,1.0,1.0,-0.0
natural_gas_pipeline,power,DE-CH,0,0.05282818452724236,lifetime,0,-0.0,1.0,1.0,-0.0
natural_gas_pipeline,power,DE-CZ,0,0.05282818452724236,lifetime,0,-0.0,1.0,1.0,-0.0
natural_gas_pipeline,power,DE-DK,0,0.05282818452724236,lifetime,0,-0.0,1.0,1.0,-0.0
natural_gas_pipeline,power,DE-FR,0,0.05282818452724236,lifetime,0,-0.0,1.0,1.0,-0.0
natural_gas_pipeline,power,DE-LU,0,0.05282818452724236,lifetime,0,-0.0,1.0,1.0,-0.0
natural_gas_pipeline,power,DE-NL,0,0.05282818452724236,lifetime,0,-0.0,1.0,1.0,-0.0
natural_gas_pipeline,power,DE-NO,0,0.05282818452724236,lifetime,0,-0.0,1.0,1.0,-0.0
natural_gas_pipeline,power,DE-PL,0,0.05282818452724236,lifetime,0,-0.0,1.0,1.0,-0.0
natural_gas_pipeline,power,DE-SE,0,0.05282818452724236,lifetime,0,-0.0,1.0,1.0,-0.0
natural_gas_pipeline,power,DE-UK,0,0.05282818452724236,lifetime,0,-0.0,1.0,1.0,-0.0
natural_gas_pipeline,power,DK-DE,0,0.05282818452724236,lifetime,0,-7.716755153656815,1.0,1.0,-146.07269249764678
natural_gas_pipeline,power,DK-NL,0,0.05282818452724236,lifetime,0,-0.1068587603742226,1.0,1.0,-2.0227604134137493
natural_gas_pipeline,power,DK-NO,0,0.05282818452724236,lifetime,0,-0.0,1.0,1.0,-0.0
natural_gas_pipeline,power,DK-SE,0,0.05282818452724236,lifetime,0,-0.0,1.0,1.0,-0.0
natural_gas_pipeline,power,DK-UK,0,0.05282818452724236,lifetime,0,-0.0,1.0,1.0,-0.0
natural_gas_pipeline,power,EE-FI,0,0.05282818452724236,lifetime,0,-0.0,1.0,1.0,-0.0
natural_gas_pipeline,power,EE-LV,0,0.05282818452724236,lifetime,0,-0.0,1.0,1.0,-0.0
natural_gas_pipeline,power,EL-BG,0,0.05282818452724236,lifetime,0,-0.0,1.0,1.0,-0.0
natural_gas_pipeline,power,EL-IT,0,0.05282818452724236,lifetime,0,-0.0,1.0,1.0,-0.0
natural_gas_pipeline,power,ES-FR,0,0.05282818452724236,lifetime,0,-0.0,1.0,1.0,-0.0
natural_gas_pipeline,power,ES-PT,0,0.05282818452724236,lifetime,0,-0.0,1.0,1.0,-0.0
natural_gas_pipeline,power,FI-EE,0,0.05282818452724236,lifetime,0,-0.0,1.0,1.0,-0.0
natural_gas_pipeline,power,FI-NO,0,0.05282818452724236,lifetime,0,-0.0,1.0,1.0,-0.0
natural_gas_pipeline,power,FI-SE,0,0.05282818452724236,lifetime,0,-0.0,1.0,1.0,-0.0
natural_gas_pipeline,power,FR-BE,0,0.05282818452724236,lifetime,0,-0.0,1.0,1.0,-0.0
natural_gas_pipeline,power,FR-CH,0,0.05282818452724236,lifetime,0,-0.0,1.0,1.0,-0.0
natural_gas_pipeline,power,FR-DE,0,0.05282818452724236,lifetime,0,-0.0,1.0,1.0,-0.0
natural_gas_pipeline,power,FR-ES,0,0.05282818452724236,lifetime,0,-0.0,1.0,1.0,-0.0
natural_gas_pipeline,power,FR-IT,0,0.05282818452724236,lifetime,0,-0.0,1.0,1.0,-0.0
natural_gas_pipeline,power,FR-LU,0,0.05282818452724236,lifetime,0,-0.0,1.0,1.0,-0.0
natural_gas_pipeline,power,FR-NO,0,0.05282818452724236,lifetime,0,-0.0,1.0,1.0,-0.0
natural_gas_pipeline,power,FR-UK,0,0.05282818452724236,lifetime,0,-0.0,1.0,1.0,-0.0
natural_gas_pipeline,power,HR-HU,0,0.05282818452724236,lifetime,0,-0.0,1.0,1.0,-0.0
natural_gas_pipeline,power,HR-SI,0,0.05282818452724236,lifetime,0,-1.7655221594188424,1.0,1.0,-33.42008011856626
natural_gas_pipeline,power,HU-AT,0,0.05282818452724236,lifetime,0,-0.0,1.0,1.0,-0.0
natural_gas_pipeline,power,HU-HR,0,0.05282818452724236,lifetime,0,-0.0,1.0,1.0,-0.0
natural_gas_pipeline,power,HU-RO,0,0.05282818452724236,lifetime,0,-0.0,1.0,1.0,-0.0
natural_gas_pipeline,power,HU-SI,0,0.05282818452724236,lifetime,0,-0.0,1.0,1.0,-0.0
natural_gas_pipeline,power,HU-SK,0,0.05282818452724236,lifetime,0,-2.3007575419099036,1.0,1.0,-43.551705637801206
natural_gas_pipeline,power,IE-UK,0,0.05282818452724236,lifetime,0,-5.080458878146657,1.0,1.0,-96.16947702465099
natural_gas_pipeline,power,IT-AT,0,0.05282818452724236,lifetime,0,-1.9465460415502565,1.0,1.0,-36.84673359438397
natural_gas_pipeline,power,IT-CH,0,0.05282818452724236,lifetime,0,4.647393581080905e-13,1.0,1.0,8.797185863323287e-12
natural_gas_pipeline,power,IT-EL,0,0.05282818452724236,lifetime,0,-0.0,1.0,1.0,-0.0
natural_gas_pipeline,power,IT-FR,0,0.05282818452724236,lifetime,0,-0.0,1.0,1.0,-0.0
natural_gas_pipeline,power,IT-SI,0,0.05282818452724236,lifetime,0,-0.0,1.0,1.0,-0.0
natural_gas_pipeline,power,LT-LV,0,0.05282818452724236,lifetime,0,-0.0,1.0,1.0,-0.0
natural_gas_pipeline,power,LT-PL,0,0.05282818452724236,lifetime,0,-0.0,1.0,1.0,-0.0
natural_gas_pipeline,power,LT-SE,0,0.05282818452724236,lifetime,0,-0.0,1.0,1.0,-0.0
natural_gas_pipeline,power,LU-BE,0,0.05282818452724236,lifetime,0,-0.0,1.0,1.0,-0.0
natural_gas_pipeline,power,LU-DE,0,0.05282818452724236,lifetime,0,-0.6204278219464823,1.0,1.0,-11.744257871033614
natural_gas_pipeline,power,LU-FR,0,0.05282818452724236,lifetime,0,-0.0,1.0,1.0,-0.0
natural_gas_pipeline,power,LV-EE,0,0.05282818452724236,lifetime,0,-0.0,1.0,1.0,-0.0
natural_gas_pipeline,power,LV-LT,0,0.05282818452724236,lifetime,0,-0.0,1.0,1.0,-0.0
natural_gas_pipeline,power,NL-BE,0,0.05282818452724236,lifetime,0,-0.0,1.0,1.0,-0.0
natural_gas_pipeline,power,NL-DE,0,0.05282818452724236,lifetime,0,-0.0,1.0,1.0,-0.0
natural_gas_pipeline,power,NL-DK,0,0.05282818452724236,lifetime,0,-0.0,1.0,1.0,-0.0
natural_gas_pipeline,power,NL-NO,0,0.05282818452724236,lifetime,0,-0.0,1.0,1.0,-0.0
natural_gas_pipeline,power,NL-UK,0,0.05282818452724236,lifetime,0,-0.0,1.0,1.0,-0.0
natural_gas_pipeline,power,NO-BE,0,0.05282818452724236,lifetime,0,-0.0,1.0,1.0,-0.0
natural_gas_pipeline,power,NO-DE,0,0.05282818452724236,lifetime,0,-0.0,1.0,1.0,-0.0
natural_gas_pipeline,power,NO-DK,0,0.05282818452724236,lifetime,0,-0.0,1.0,1.0,-0.0
natural_gas_pipeline,power,NO-FI,0,0.05282818452724236,lifetime,0,-5.908453108273274,1.0,1.0,-111.84281953180525
natural_gas_pipeline,power,NO-FR,0,0.05282818452724236,lifetime,0,-0.0,1.0,1.0,-0.0
natural_gas_pipeline,power,NO-NL,0,0.05282818452724236,lifetime,0,-0.0,1.0,1.0,-0.0
natural_gas_pipeline,power,NO-SE,0,0.05282818452724236,lifetime,0,-3.5027914128223667,1.0,1.0,-66.30535279924398
natural_gas_pipeline,power,NO-UK,0,0.05282818452724236,lifetime,0,-0.0,1.0,1.0,-0.0
natural_gas_pipeline,power,PL-CZ,0,0.05282818452724236,lifetime,0,-0.0,1.0,1.0,-0.0
natural_gas_pipeline,power,PL-DE,0,0.05282818452724236,lifetime,0,-0.0,1.0,1.0,-0.0
natural_gas_pipeline,power,PL-LT,0,0.05282818452724236,lifetime,0,-0.0,1.0,1.0,-0.0
natural_gas_pipeline,power,PL-SE,0,0.05282818452724236,lifetime,0,-0.0,1.0,1.0,-0.0
natural_gas_pipeline,power,PL-SK,0,0.05282818452724236,lifetime,0,-0.0,1.0,1.0,-0.0
natural_gas_pipeline,power,PT-ES,0,0.05282818452724236,lifetime,0,-0.0,1.0,1.0,-0.0
natural_gas_pipeline,power,RO-BG,0,0.05282818452724236,lifetime,0,-0.0,1.0,1.0,-0.0
natural_gas_pipeline,power,RO-HU,0,0.05282818452724236,lifetime,0,-6.326521816593621,1.0,1.0,-119.75656315297319
natural_gas_pipeline,power,SE-DE,0,0.05282818452724236,lifetime,0,-0.0,1.0,1.0,-0.0
natural_gas_pipeline,power,SE-DK,0,0.05282818452724236,lifetime,0,-0.0,1.0,1.0,-0.0
natural_gas_pipeline,power,SE-FI,0,0.05282818452724236,lifetime,0,-1.0146619865009738,1.0,1.0,-19.20683051255972
natural_gas_pipeline,power,SE-LT,0,0.05282818452724236,lifetime,0,-0.0,1.0,1.0,-0.0
natural_gas_pipeline,power,SE-NO,0,0.05282818452724236,lifetime,0,-0.0,1.0,1.0,-0.0
natural_gas_pipeline,power,SE-PL,0,0.05282818452724236,lifetime,0,-0.0,1.0,1.0,-0.0
natural_gas_pipeline,power,SI-AT,0,0.05282818452724236,lifetime,0,-2.6004275863093214,1.0,1.0,-49.2242466702284
natural_gas_pipeline,power,SI-HR,0,0.05282818452724236,lifetime,0,-0.0,1.0,1.0,-0.0
natural_gas_pipeline,power,SI-HU,0,0.05282818452724236,lifetime,0,-0.0,1.0,1.0,-0.0
natural_gas_pipeline,power,SI-IT,0,0.05282818452724236,lifetime,0,-0.0,1.0,1.0,-0.0
natural_gas_pipeline,power,SK-AT,0,0.05282818452724236,lifetime,0,-0.0,1.0,1.0,-0.0
natural_gas_pipeline,power,SK-CZ,0,0.05282818452724236,lifetime,0,-0.0,1.0,1.0,-0.0
natural_gas_pipeline,power,SK-HU,0,0.05282818452724236,lifetime,0,-0.0,1.0,1.0,-0.0
natural_gas_pipeline,power,SK-PL,0,0.05282818452724236,lifetime,0,-0.0,1.0,1.0,-0.0
natural_gas_pipeline,power,UK-BE,0,0.05282818452724236,lifetime,0,-4.219774612194931,1.0,1.0,-79.87733536477832
natural_gas_pipeline,power,UK-DE,0,0.05282818452724236,lifetime,0,-8.071700489874868,1.0,1.0,-152.79155553249166
natural_gas_pipeline,power,UK-DK,0,0.05282818452724236,lifetime,0,-0.0,1.0,1.0,-0.0
natural_gas_pipeline,power,UK-FR,0,0.05282818452724236,lifetime,0,-0.0,1.0,1.0,-0.0
natural_gas_pipeline,power,UK-IE,0,0.05282818452724236,lifetime,0,-0.0,1.0,1.0,-0.0
natural_gas_pipeline,power,UK-NL,0,0.05282818452724236,lifetime,0,-8.367090408975471,1.0,1.0,-158.383076833934
natural_gas_pipeline,power,UK-NO,0,0.05282818452724236,lifetime,0,-0.0,1.0,1.0,-0.0
oil_pipeline,power,AT-CH,0,0.05282818452724236,lifetime,0,-0.0,1.0,1.0,-0.0
oil_pipeline,power,AT-CZ,0,0.05282818452724236,lifetime,0,-0.0,1.0,1.0,-0.0
oil_pipeline,power,AT-DE,0,0.05282818452724236,lifetime,0,-0.0,1.0,1.0,-0.0
oil_pipeline,power,AT-HU,0,0.05282818452724236,lifetime,0,-0.0,1.0,1.0,-0.0
oil_pipeline,power,AT-IT,0,0.05282818452724236,lifetime,0,-0.0,1.0,1.0,-0.0
oil_pipeline,power,AT-SI,0,0.05282818452724236,lifetime,0,-0.0,1.0,1.0,-0.0
oil_pipeline,power,AT-SK,0,0.05282818452724236,lifetime,0,-0.0,1.0,1.0,-0.0
oil_pipeline,power,BE-DE,0,0.05282818452724236,lifetime,0,-0.0,1.0,1.0,-0.0
oil_pipeline,power,BE-FR,0,0.05282818452724236,lifetime,0,-0.0,1.0,1.0,-0.0
oil_pipeline,power,BE-LU,0,0.05282818452724236,lifetime,0,-0.0,1.0,1.0,-0.0
oil_pipeline,power,BE-NL,0,0.05282818452724236,lifetime,0,-0.0,1.0,1.0,-0.0
oil_pipeline,power,BE-NO,0,0.05282818452724236,lifetime,0,-0.0,1.0,1.0,-0.0
oil_pipeline,power,BE-UK,0,0.05282818452724236,lifetime,0,-0.0,1.0,1.0,-0.0
oil_pipeline,power,BG-EL,0,0.05282818452724236,lifetime,0,-0.0,1.0,1.0,-0.0
oil_pipeline,power,BG-RO,0,0.05282818452724236,lifetime,0,-0.0,1.0,1.0,-0.0
oil_pipeline,power,CH-AT,0,0.05282818452724236,lifetime,0,-0.0,1.0,1.0,-0.0
oil_pipeline,power,CH-DE,0,0.05282818452724236,lifetime,0,-0.0,1.0,1.0,-0.0
oil_pipeline,power,CH-FR,0,0.05282818452724236,lifetime,0,-0.0,1.0,1.0,-0.0
oil_pipeline,power,CH-IT,0,0.05282818452724236,lifetime,0,-0.0,1.0,1.0,-0.0
oil_pipeline,power,CZ-AT,0,0.05282818452724236,lifetime,0,-0.0,1.0,1.0,-0.0
oil_pipeline,power,CZ-DE,0,0.05282818452724236,lifetime,0,-0.0,1.0,1.0,-0.0
oil_pipeline,power,CZ-PL,0,0.05282818452724236,lifetime,0,-0.0,1.0,1.0,-0.0
oil_pipeline,power,CZ-SK,0,0.05282818452724236,lifetime,0,-0.0,1.0,1.0,-0.0
oil_pipeline,power,DE-AT,0,0.05282818452724236,lifetime,0,-0.0,1.0,1.0,-0.0
oil_pipeline,power,DE-BE,0,0.05282818452724236,lifetime,0,-0.0,1.0,1.0,-0.0
oil_pipeline,power,DE-CH,0,0.05282818452724236,lifetime,0,-0.0,1.0,1.0,-0.0
oil_pipeline,power,DE-CZ,0,0.05282818452724236,lifetime,0,-0.0,1.0,1.0,-0.0
oil_pipeline,power,DE-DK,0,0.05282818452724236,lifetime,0,-0.0,1.0,1.0,-0.0
oil_pipeline,power,DE-FR,0,0.05282818452724236,lifetime,0,-0.0,1.0,1.0,-0.0
oil_pipeline,power,DE-LU,0,0.05282818452724236,lifetime,0,-0.0,1.0,1.0,-0.0
oil_pipeline,power,DE-NL,0,0.05282818452724236,lifetime,0,-0.0,1.0,1.0,-0.0
oil_pipeline,power,DE-NO,0,0.05282818452724236,lifetime,0,-0.0,1.0,1.0,-0.0
oil_pipeline,power,DE-PL,0,0.05282818452724236,lifetime,0,-0.0,1.0,1.0,-0.0
oil_pipeline,power,DE-SE,0,0.05282818452724236,lifetime,0,-0.0,1.0,1.0,-0.0
oil_pipeline,power,DE-UK,0,0.05282818452724236,lifetime,0,-0.0,1.0,1.0,-0.0
oil_pipeline,power,DK-DE,0,0.05282818452724236,lifetime,0,-0.0,1.0,1.0,-0.0
oil_pipeline,power,DK-NL,0,0.05282818452724236,lifetime,0,-0.0,1.0,1.0,-0.0
oil_pipeline,power,DK-NO,0,0.05282818452724236,lifetime,0,-0.0,1.0,1.0,-0.0
oil_pipeline,power,DK-SE,0,0.05282818452724236,lifetime,0,-0.0,1.0,1.0,-0.0
oil_pipeline,power,DK-UK,0,0.05282818452724236,lifetime,0,-0.0,1.0,1.0,-0.0
oil_pipeline,power,EE-FI,0,0.05282818452724236,lifetime,0,-0.0,1.0,1.0,-0.0
oil_pipeline,power,EE-LV,0,0.05282818452724236,lifetime,0,-0.0,1.0,1.0,-0.0
oil_pipeline,power,EL-BG,0,0.05282818452724236,lifetime,0,-0.0,1.0,1.0,-0.0
oil_pipeline,power,EL-IT,0,0.05282818452724236,lifetime,0,-0.0,1.0,1.0,-0.0
oil_pipeline,power,ES-FR,0,0.05282818452724236,lifetime,0,-0.0,1.0,1.0,-0.0
oil_pipeline,power,ES-PT,0,0.05282818452724236,lifetime,0,-0.0,1.0,1.0,-0.0
oil_pipeline,power,FI-EE,0,0.05282818452724236,lifetime,0,-0.0,1.0,1.0,-0.0
oil_pipeline,power,FI-NO,0,0.05282818452724236,lifetime,0,-0.0,1.0,1.0,-0.0
oil_pipeline,power,FI-SE,0,0.05282818452724236,lifetime,0,-0.0,1.0,1.0,-0.0
oil_pipeline,power,FR-BE,0,0.05282818452724236,lifetime,0,-0.0,1.0,1.0,-0.0
oil_pipeline,power,FR-CH,0,0.05282818452724236,lifetime,0,-0.0,1.0,1.0,-0.0
oil_pipeline,power,FR-DE,0,0.05282818452724236,lifetime,0,-0.0,1.0,1.0,-0.0
oil_pipeline,power,FR-ES,0,0.05282818452724236,lifetime,0,-0.0,1.0,1.0,-0.0
oil_pipeline,power,FR-IT,0,0.05282818452724236,lifetime,0,-0.0,1.0,1.0,-0.0
oil_pipeline,power,FR-LU,0,0.05282818452724236,lifetime,0,-0.0,1.0,1.0,-0.0
oil_pipeline,power,FR-NO,0,0.05282818452724236,lifetime,0,-0.0,1.0,1.0,-0.0
oil_pipeline,power,FR-UK,0,0.05282818452724236,lifetime,0,-0.0,1.0,1.0,-0.0
oil_pipeline,power,HR-HU,0,0.05282818452724236,lifetime,0,-0.0,1.0,1.0,-0.0
oil_pipeline,power,HR-SI,0,0.05282818452724236,lifetime,0,-0.0,1.0,1.0,-0.0
oil_pipeline,power,HU-AT,0,0.05282818452724236,lifetime,0,-0.0,1.0,1.0,-0.0
oil_pipeline,power,HU-HR,0,0.05282818452724236,lifetime,0,-0.0,1.0,1.0,-0.0
oil_pipeline,power,HU-RO,0,0.05282818452724236,lifetime,0,-0.0,1.0,1.0,-0.0
oil_pipeline,power,HU-SI,0,0.05282818452724236,lifetime,0,-0.0,1.0,1.0,-0.0
oil_pipeline,power,HU-SK,0,0.05282818452724236,lifetime,0,-0.0,1.0,1.0,-0.0
oil_pipeline,power,IE-UK,0,0.05282818452724236,lifetime,0,-0.0,1.0,1.0,-0.0
oil_pipeline,power,IT-AT,0,0.05282818452724236,lifetime,0,-0.0,1.0,1.0,-0.0
oil_pipeline,power,IT-CH,0,0.05282818452724236,lifetime,0,-0.0,1.0,1.0,-0.0
oil_pipeline,power,IT-EL,0,0.05282818452724236,lifetime,0,-0.0,1.0,1.0,-0.0
oil_pipeline,power,IT-FR,0,0.05282818452724236,lifetime,0,-0.0,1.0,1.0,-0.0
oil_pipeline,power,IT-SI,0,0.05282818452724236,lifetime,0,-0.0,1.0,1.0,-0.0
oil_pipeline,power,LT-LV,0,0.05282818452724236,lifetime,0,-0.0,1.0,1.0,-0.0
oil_pipeline,power,LT-PL,0,0.05282818452724236,lifetime,0,-0.0,1.0,1.0,-0.0
oil_pipeline,power,LT-SE,0,0.05282818452724236,lifetime,0,-0.0,1.0,1.0,-0.0
oil_pipeline,power,LU-BE,0,0.05282818452724236,lifetime,0,-0.0,1.0,1.0,-0.0
oil_pipeline,power,LU-DE,0,0.05282818452724236,lifetime,0,-0.0,1.0,1.0,-0.0
oil_pipeline,power,LU-FR,0,0.05282818452724236,lifetime,0,-0.0,1.0,1.0,-0.0
oil_pipeline,power,LV-EE,0,0.05282818452724236,lifetime,0,-0.0,1.0,1.0,-0.0
oil_pipeline,power,LV-LT,0,0.05282818452724236,lifetime,0,-0.0,1.0,1.0,-0.0
oil_pipeline,power,NL-BE,0,0.05282818452724236,lifetime,0,-0.0,1.0,1.0,-0.0
oil_pipeline,power,NL-DE,0,0.05282818452724236,lifetime,0,-0.0,1.0,1.0,-0.0
oil_pipeline,power,NL-DK,0,0.05282818452724236,lifetime,0,-0.0,1.0,1.0,-0.0
oil_pipeline,power,NL-NO,0,0.05282818452724236,lifetime,0,-0.0,1.0,1.0,-0.0
oil_pipeline,power,NL-UK,0,0.05282818452724236,lifetime,0,-0.0,1.0,1.0,-0.0
oil_pipeline,power,NO-BE,0,0.05282818452724236,lifetime,0,-0.0,1.0,1.0,-0.0
oil_pipeline,power,NO-DE,0,0.05282818452724236,lifetime,0,-0.0,1.0,1.0,-0.0
oil_pipeline,power,NO-DK,0,0.05282818452724236,lifetime,0,-0.0,1.0,1.0,-0.0
oil_pipeline,power,NO-FI,0,0.05282818452724236,lifetime,0,-0.0,1.0,1.0,-0.0
oil_pipeline,power,NO-FR,0,0.05282818452724236,lifetime,0,-0.0,1.0,1.0,-0.0
oil_pipeline,power,NO-NL,0,0.05282818452724236,lifetime,0,-0.0,1.0,1.0,-0.0
oil_pipeline,power,NO-SE,0,0.05282818452724236,lifetime,0,-0.0,1.0,1.0,-0.0
oil_pipeline,power,NO-UK,0,0.05282818452724236,lifetime,0,-0.0,1.0,1.0,-0.0
oil_pipeline,power,PL-CZ,0,0.05282818452724236,lifetime,0,-0.0,1.0,1.0,-0.0
oil_pipeline,power,PL-DE,0,0.05282818452724236,lifetime,0,-0.0,1.0,1.0,-0.0
oil_pipeline,power,PL-LT,0,0.05282818452724236,lifetime,0,-0.0,1.0,1.0,-0.0
oil_pipeline,power,PL-SE,0,0.05282818452724236,lifetime,0,-0.0,1.0,1.0,-0.0
oil_pipeline,power,PL-SK,0,0.05282818452724236,lifetime,0,-0.0,1.0,1.0,-0.0
oil_pipeline,power,PT-ES,0,0.05282818452724236,lifetime,0,-0.0,1.0,1.0,-0.0
oil_pipeline,power,RO-BG,0,0.05282818452724236,lifetime,0,-0.0,1.0,1.0,-0.0
oil_pipeline,power,RO-HU,0,0.05282818452724236,lifetime,0,-0.0,1.0,1.0,-0.0
oil_pipeline,power,SE-DE,0,0.05282818452724236,lifetime,0,-0.0,1.0,1.0,-0.0
oil_pipeline,power,SE-DK,0,0.05282818452724236,lifetime,0,-0.0,1.0,1.0,-0.0
oil_pipeline,power,SE-FI,0,0.05282818452724236,lifetime,0,-0.0,1.0,1.0,-0.0
oil_pipeline,power,SE-LT,0,0.05282818452724236,lifetime,0,-0.0,1.0,1.0,-0.0
oil_pipeline,power,SE-NO,0,0.05282818452724236,lifetime,0,-0.0,1.0,1.0,-0.0
oil_pipeline,power,SE-PL,0,0.05282818452724236,lifetime,0,-0.0,1.0,1.0,-0.0
oil_pipeline,power,SI-AT,0,0.05282818452724236,lifetime,0,-0.0,1.0,1.0,-0.0
oil_pipeline,power,SI-HR,0,0.05282818452724236,lifetime,0,-0.0,1.0,1.0,-0.0
oil_pipeline,power,SI-HU,0,0.05282818452724236,lifetime,0,-0.0,1.0,1.0,-0.0
oil_pipeline,power,SI-IT,0,0.05282818452724236,lifetime,0,-0.0,1.0,1.0,-0.0
oil_pipeline,power,SK-AT,0,0.05282818452724236,lifetime,0,-0.0,1.0,1.0,-0.0
oil_pipeline,power,SK-CZ,0,0.05282818452724236,lifetime,0,-0.0,1.0,1.0,-0.0
oil_pipeline,power,SK-HU,0,0.05282818452724236,lifetime,0,-0.0,1.0,1.0,-0.0
oil_pipeline,power,SK-PL,0,0.05282818452724236,lifetime,0,-0.0,1.0,1.0,-0.0
oil_pipeline,power,UK-BE,0,0.05282818452724236,lifetime,0,-0.0,1.0,1.0,-0.0
oil_pipeline,power,UK-DE,0,0.05282818452724236,lifetime,0,-0.0,1.0,1.0,-0.0
oil_pipeline,power,UK-DK,0,0.05282818452724236,lifetime,0,-0.0,1.0,1.0,-0.0
oil_pipeline,power,UK-FR,0,0.05282818452724236,lifetime,0,-0.0,1.0,1.0,-0.0
oil_pipeline,power,UK-IE,0,0.05282818452724236,lifetime,0,-0.0,1.0,1.0,-0.0
oil_pipeline,power,UK-NL,0,0.05282818452724236,lifetime,0,-0.0,1.0,1.0,-0.0
oil_pipeline,power,UK-NO,0,0.05282818452724236,lifetime,0,-0.0,1.0,1.0,-0.0
power_line,power,AT-CH,0,0.05282818452724236,lifetime,0,-12.356787424883224,1.0,1.0,-233.90520676536016
power_line,power,AT-CZ,0,0.05282818452724236,lifetime,0,-7.580223293110467,1.0,1.0,-143.48824137996846
power_line,power,AT-DE,0,0.05282818452724236,lifetime,0,-9.519234588348223,1.0,1.0,-180.19234757990515
power_line,power,AT-HU,0,0.05282818452724236,lifetime,0,-12.223089515660396,1.0,1.0,-231.3744003327847
power_line,power,AT-IT,0,0.05282818452724236,lifetime,0,-15.105187859500026,1.0,1.0,-285.93047432305013
power_line,power,AT-SI,0,0.05282818452724236,lifetime,0,-1.2534543213417497,1.0,1.0,-23.726999755128254
power_line,power,AT-SK,0,0.05282818452724236,lifetime,0,-19.368000894266533,1.0,1.0,-366.6224964493881
power_line,power,BE-DE,0,0.05282818452724236,lifetime,0,-11.745938644326028,1.0,1.0,-222.34227334215694
power_line,power,BE-FR,0,0.05282818452724236,lifetime,0,-1.0538295769250985,1.0,1.0,-19.948245171697337
power_line,power,BE-LU,0,0.05282818452724236,lifetime,0,-1.0982179148400353,1.0,1.0,-20.788484871625826
power_line,power,BE-NL,0,0.05282818452724236,lifetime,0,-5.174124070639009,1.0,1.0,-97.94249257176014
power_line,power,BE-NO,0,0.05282818452724236,lifetime,0,-17.636997743225876,1.0,1.0,-333.8558366345309
power_line,power,BE-UK,0,0.05282818452724236,lifetime,0,-18.277728258836973,1.0,1.0,-345.9844100720808
power_line,power,BG-EL,0,0.05282818452724236,lifetime,0,-12.078397516732466,1.0,1.0,-228.63548359311676
power_line,power,BG-RO,0,0.05282818452724236,lifetime,0,-9.648768203462721,1.0,1.0,-182.6443268836365
power_line,power,CH-AT,0,0.05282818452724236,lifetime,0,-18.141300268421624,1.0,1.0,-343.4019251421851
power_line,power,CH-DE,0,0.05282818452724236,lifetime,0,-14.659827139472599,1.0,1.0,-277.50011231055726
power_line,power,CH-FR,0,0.05282818452724236,lifetime,0,-1.054573609731968,1.0,1.0,-19.962329184114722
power_line,power,CH-IT,0,0.05282818452724236,lifetime,0,-15.77318672116857,1.0,1.0,-298.57521817799125
power_line,power,CZ-AT,0,0.05282818452724236,lifetime,0,-177.21990113394162,1.0,1.0,-3354.646818168683
power_line,power,CZ-DE,0,0.05282818452724236,lifetime,0,-11.002168445877647,1.0,1.0,-208.2632319156087
power_line,power,CZ-PL,0,0.05282818452724236,lifetime,0,-11.072956720630824,1.0,1.0,-209.6032036633918
power_line,power,CZ-SK,0,0.05282818452724236,lifetime,0,-9.422263910017856,1.0,1.0,-178.35676153434719
power_line,power,DE-AT,0,0.05282818452724236,lifetime,0,-13.961772666065158,1.0,1.0,-264.28643707915745
power_line,power,DE-BE,0,0.05282818452724236,lifetime,0,-0.0,1.0,1.0,-0.0
power_line,power,DE-CH,0,0.05282818452724236,lifetime,0,-29.902460657771066,1.0,1.0,-566.0323353029671
power_line,power,DE-CZ,0,0.05282818452724236,lifetime,0,-4.377642699587342,1.0,1.0,-82.86566609779833
power_line,power,DE-DK,0,0.05282818452724236,lifetime,0,-15.910674579988294,1.0,1.0,-301.17776566377177
power_line,power,DE-FR,0,0.05282818452724236,lifetime,0,-1.0371968029189333,1.0,1.0,-19.63339857692958
power_line,power,DE-LU,0,0.05282818452724236,lifetime,0,-1.0868285648835532,1.0,1.0,-20.57289256879723
power_line,power,DE-NL,0,0.05282818452724236,lifetime,0,-1.590121665344236,1.0,1.0,-30.099873383387695
power_line,power,DE-NO,0,0.05282818452724236,lifetime,0,-17.786559464082202,1.0,1.0,-336.686933750488
power_line,power,DE-PL,0,0.05282818452724236,lifetime,0,-18.235089030933057,1.0,1.0,-345.1772797819621
power_line,power,DE-SE,0,0.05282818452724236,lifetime,0,-18.238858464318422,1.0,1.0,-345.24863247785913
power_line,power,DE-UK,0,0.05282818452724236,lifetime,0,-15.143569873816986,1.0,1.0,-286.65701858461125
power_line,power,DK-DE,0,0.05282818452724236,lifetime,0,-428.2797717402521,1.0,1.0,-8107.031797002174
power_line,power,DK-NL,0,0.05282818452724236,lifetime,0,-14.345773866909415,1.0,1.0,-271.555306987913
power_line,power,DK-NO,0,0.05282818452724236,lifetime,0,-30.9842024451004,1.0,1.0,-586.5089387866909
power_line,power,DK-SE,0,0.05282818452724236,lifetime,0,-1.8399533787992193,1.0,1.0,-34.82901021992143
power_line,power,DK-UK,0,0.05282818452724236,lifetime,0,-23.40488360009598,1.0,1.0,-443.0378179667822
power_line,power,EE-FI,0,0.05282818452724236,lifetime,0,-20.441422501728763,1.0,1.0,-386.94160483950685
power_line,power,EE-LV,0,0.05282818452724236,lifetime,0,-6.248959218988966,1.0,1.0,-118.28835828659817
power_line,power,EL-BG,0,0.05282818452724236,lifetime,0,-58.86200619057609,1.0,1.0,-1114.2159572078842
power_line,power,EL-IT,0,0.05282818452724236,lifetime,0,-27.45202118427117,1.0,1.0,-519.6472570454272
power_line,power,ES-FR,0,0.05282818452724236,lifetime,0,-24.297520661902524,1.0,1.0,-459.9348033505262
power_line,power,ES-PT,0,0.05282818452724236,lifetime,0,-1.0182538272387858,1.0,1.0,-19.2748215058137
power_line,power,FI-EE,0,0.05282818452724236,lifetime,0,-0.0,1.0,1.0,-0.0
power_line,power,FI-NO,0,0.05282818452724236,lifetime,0,-6.593322366906839,1.0,1.0,-124.80690801530012
power_line,power,FI-SE,0,0.05282818452724236,lifetime,0,-0.0,1.0,1.0,-0.0
power_line,power,FR-BE,0,0.05282818452724236,lifetime,0,-342.7456466952192,1.0,1.0,-6487.931579751195
power_line,power,FR-CH,0,0.05282818452724236,lifetime,0,-370.65963561665274,1.0,1.0,-7016.323557844611
power_line,power,FR-DE,0,0.05282818452724236,lifetime,0,-362.8795368689823,1.0,1.0,-6869.051816116322
power_line,power,FR-ES,0,0.05282818452724236,lifetime,0,-193.0778748115192,1.0,1.0,-3654.8269931924897
power_line,power,FR-IT,0,0.05282818452724236,lifetime,0,-26.751161553306666,1.0,1.0,-506.3804821744663
power_line,power,FR-LU,0,0.05282818452724236,lifetime,0,-306.5662723239516,1.0,1.0,-5803.0817274415695
power_line,power,FR-NO,0,0.05282818452724236,lifetime,0,-59.95396605257662,1.0,1.0,-1134.885981585448
power_line,power,FR-UK,0,0.05282818452724236,lifetime,0,-25.70215163902165,1.0,1.0,-486.5234697922962
power_line,power,HR-HU,0,0.05282818452724236,lifetime,0,-9.652111585128736,1.0,1.0,-182.7076147231853
power_line,power,HR-SI,0,0.05282818452724236,lifetime,0,-5.540377385968925,1.0,1.0,-104.87540761715692
power_line,power,HU-AT,0,0.05282818452724236,lifetime,0,-159.55267418813213,1.0,1.0,-3020.2187642063345
power_line,power,HU-HR,0,0.05282818452724236,lifetime,0,-84.74257090913488,1.0,1.0,-1604.1166598377986
power_line,power,HU-RO,0,0.05282818452724236,lifetime,0,-13.358134821149424,1.0,1.0,-252.86000154445816
power_line,power,HU-SI,0,0.05282818452724236,lifetime,0,-10.515454487841021,1.0,1.0,-199.05008248804057
power_line,power,HU-SK,0,0.05282818452724236,lifetime,0,-4.743782044119298,1.0,1.0,-89.79642375696312
power_line,power,IE-UK,0,0.05282818452724236,lifetime,0,-10.475067086830983,1.0,1.0,-198.28557768115644
power_line,power,IT-AT,0,0.05282818452724236,lifetime,0,-124.71435634306806,1.0,1.0,-2360.7541591507
power_line,power,IT-CH,0,0.05282818452724236,lifetime,0,-105.37905900961444,1.0,1.0,-1994.7507178724402
power_line,power,IT-EL,0,0.05282818452724236,lifetime,0,-24.89752083351305,1.0,1.0,-471.29238031403355
power_line,power,IT-FR,0,0.05282818452724236,lifetime,0,-3.042895685186055,1.0,1.0,-57.59985341947345
power_line,power,IT-SI,0,0.05282818452724236,lifetime,0,-11.23453579210003,1.0,1.0,-212.6617806884244
power_line,power,LT-LV,0,0.05282818452724236,lifetime,0,-0.0,1.0,1.0,-0.0
power_line,power,LT-PL,0,0.05282818452724236,lifetime,0,-13.437303509592704,1.0,1.0,-254.3586085693211
power_line,power,LT-SE,0,0.05282818452724236,lifetime,0,-0.0,1.0,1.0,-0.0
power_line,power,LU-BE,0,0.05282818452724236,lifetime,0,-33.70443073744772,1.0,1.0,-638.0009277068204
power_line,power,LU-DE,0,0.05282818452724236,lifetime,0,-58.38375710431106,1.0,1.0,-1105.1630417888732
power_line,power,LU-FR,0,0.05282818452724236,lifetime,0,-0.0,1.0,1.0,-0.0
power_line,power,LV-EE,0,0.05282818452724236,lifetime,0,-0.0,1.0,1.0,-0.0
power_line,power,LV-LT,0,0.05282818452724236,lifetime,0,-29.32664393099327,1.0,1.0,-555.132533768412
power_line,power,NL-BE,0,0.05282818452724236,lifetime,0,-189.29310947103738,1.0,1.0,-3583.1840742780587
power_line,power,NL-DE,0,0.05282818452724236,lifetime,0,-208.06800875115238,1.0,1.0,-3938.579578555386
power_line,power,NL-DK,0,0.05282818452724236,lifetime,0,-15.373215075316626,1.0,1.0,-291.004039091841
power_line,power,NL-NO,0,0.05282818452724236,lifetime,0,-16.715786388442854,1.0,1.0,-316.41796018606095
power_line,power,NL-UK,0,0.05282818452724236,lifetime,0,-13.999881859479398,1.0,1.0,-265.0078170348625
power_line,power,NO-BE,0,0.05282818452724236,lifetime,0,-313.4432960120386,1.0,1.0,-5933.2588999041345
power_line,power,NO-DE,0,0.05282818452724236,lifetime,0,-345.5139120007278,1.0,1.0,-6540.332875201375
power_line,power,NO-DK,0,0.05282818452724236,lifetime,0,-0.0,1.0,1.0,-0.0
power_line,power,NO-FI,0,0.05282818452724236,lifetime,0,-121.08094724559786,1.0,1.0,-2291.9763063816627
power_line,power,NO-FR,0,0.05282818452724236,lifetime,0,-63.17635340859979,1.0,1.0,-1195.8834848095357
power_line,power,NO-NL,0,0.05282818452724236,lifetime,0,-146.59282124795072,1.0,1.0,-2774.8979556993095
power_line,power,NO-SE,0,0.05282818452724236,lifetime,0,-0.0,1.0,1.0,-0.0
power_line,power,NO-UK,0,0.05282818452724236,lifetime,0,-12.77254455049528,1.0,1.0,-241.77519376818168
power_line,power,PL-CZ,0,0.05282818452724236,lifetime,0,-0.0,1.0,1.0,-0.0
power_line,power,PL-DE,0,0.05282818452724236,lifetime,0,-49.55406517850416,1.0,1.0,-938.0232469081005
power_line,power,PL-LT,0,0.05282818452724236,lifetime,0,-21.685123620634542,1.0,1.0,-410.48398340192796
power_line,power,PL-SE,0,0.05282818452724236,lifetime,0,-14.088216840403067,1.0,1.0,-266.6799354639582
power_line,power,PL-SK,0,0.05282818452724236,lifetime,0,-1.297173787652592,1.0,1.0,-24.554578190807735
power_line,power,PT-ES,0,0.05282818452724236,lifetime,0,-35.552480597486955,1.0,1.0,-672.9831985642684
power_line,power,RO-BG,0,0.05282818452724236,lifetime,0,-70.99779840531018,1.0,1.0,-1343.9378816566777
power_line,power,RO-HU,0,0.05282818452724236,lifetime,0,-0.7224125794534227,1.0,1.0,-13.674756873026558
power_line,power,SE-DE,0,0.05282818452724236,lifetime,0,-464.20563974064066,1.0,1.0,-8787.082953820982
power_line,power,SE-DK,0,0.05282818452724236,lifetime,0,-54.81874678109376,1.0,1.0,-1037.6799292208293
power_line,power,SE-FI,0,0.05282818452724236,lifetime,0,-221.47035809181858,1.0,1.0,-4192.276529540989
power_line,power,SE-LT,0,0.05282818452724236,lifetime,0,-103.36204863609309,1.0,1.0,-1956.5701445369848
power_line,power,SE-NO,0,0.05282818452724236,lifetime,0,-111.96277722580922,1.0,1.0,-2119.3758261382695
power_line,power,SE-PL,0,0.05282818452724236,lifetime,0,-439.87492351579186,1.0,1.0,-8326.519782048497
power_line,power,SI-AT,0,0.05282818452724236,lifetime,0,-97.33451014285345,1.0,1.0,-1842.4731232749466
power_line,power,SI-HR,0,0.05282818452724236,lifetime,0,-4.834996023881739,1.0,1.0,-91.52303958862025
power_line,power,SI-HU,0,0.05282818452724236,lifetime,0,-44.89507141066038,1.0,1.0,-849.8318049810883
power_line,power,SI-IT,0,0.05282818452724236,lifetime,0,-75.21869936714734,1.0,1.0,-1423.8365380199402
power_line,power,SK-AT,0,0.05282818452724236,lifetime,0,-195.36868880140491,1.0,1.0,-3698.1904744551175
power_line,power,SK-CZ,0,0.05282818452724236,lifetime,0,-24.802082724257968,1.0,1.0,-469.48580471221885
power_line,power,SK-HU,0,0.05282818452724236,lifetime,0,-36.86023621055183,1.0,1.0,-697.738083192009
power_line,power,SK-PL,0,0.05282818452724236,lifetime,0,-142.32218481763067,1.0,1.0,-2694.0578422534695
power_line,power,UK-BE,0,0.05282818452724236,lifetime,0,-377.7238716818323,1.0,1.0,-7150.044527595836
power_line,power,UK-DE,0,0.05282818452724236,lifetime,0,-397.3425032415723,1.0,1.0,-7521.411284475833
power_line,power,UK-DK,0,0.05282818452724236,lifetime,0,-1.7533766737151844,1.0,1.0,-33.190174703259125
power_line,power,UK-FR,0,0.05282818452724236,lifetime,0,-57.571351671526195,1.0,1.0,-1089.7847841399487
power_line,power,UK-IE,0,0.05282818452724236,lifetime,0,-13.800792436390656,1.0,1.0,-261.2391957038365
power_line,power,UK-NL,0,0.05282818452724236,lifetime,0,-196.24841277115354,1.0,1.0,-3714.843024180633
power_line,power,UK-NO,0,0.05282818452724236,lifetime,0,-36.34151868855354,1.0,1.0,-687.9191290363764
battery,energy,AT,0,0.1064557651677276,lifetime,0,-9.870330205680817,1.0,1.0,-92.71766719378236
battery,energy,BE,0,0.1064557651677276,lifetime,0,-9.870330205680817,1.0,1.0,-92.71766719378236
battery,energy,BG,0,0.1064557651677276,lifetime,0,-9.870330205680817,1.0,1.0,-92.71766719378236
battery,energy,CH,0,0.1064557651677276,lifetime,0,-9.771517466049517,1.0,1.0,-91.78946251200102
battery,energy,CZ,0,0.1064557651677276,lifetime,0,-8.763643698351784,1.0,1.0,-82.32192671335483
battery,energy,DE,0,0.1064557651677276,lifetime,0,-9.870330205680817,1.0,1.0,-92.71766719378236
battery,energy,DK,0,0.1064557651677276,lifetime,0,-3.4301626034134527,1.0,1.0,-32.221482772765015
battery,energy,EE,0,0.1064557651677276,lifetime,0,-2.848749157657515,1.0,1.0,-26.759933134378727
battery,energy,EL,0,0.1064557651677276,lifetime,0,-9.870330205680817,1.0,1.0,-92.71766719378236
battery,energy,ES,0,0.1064557651677276,lifetime,0,-9.870330205680817,1.0,1.0,-92.71766719378236
battery,energy,FI,0,0.1064557651677276,lifetime,0,-8.29099288788386,1.0,1.0,-77.8820468278152
battery,energy,FR,0,0.1064557651677276,lifetime,0,-6.0138867814127845,1.0,1.0,-56.491884417321465
battery,energy,HR,0,0.1064557651677276,lifetime,0,-9.870330205680817,1.0,1.0,-92.71766719378236
battery,energy,HU,0,0.1064557651677276,lifetime,0,-9.524794906302063,1.0,1.0,-89.47185613945062
battery,energy,IE,0,0.1064557651677276,lifetime,0,-2.8015708372841504,1.0,1.0,-26.31676013854302
battery,energy,IT,0,0.1064557651677276,lifetime,0,-9.870330205680817,1.0,1.0,-92.71766719378236
battery,energy,LT,0,0.1064557651677276,lifetime,0,-4.695850861807675,1.0,1.0,-44.11081780689917
battery,energy,LU,0,0.1064557651677276,lifetime,0,-9.774689256848255,1.0,1.0,-91.81925696036876
battery,energy,LV,0,0.1064557651677276,lifetime,0,-3.4711081885229067,1.0,1.0,-32.606108114989944
battery,energy,NL,0,0.1064557651677276,lifetime,0,-9.870330205680817,1.0,1.0,-92.71766719378236
battery,energy,NO,0,0.1064557651677276,lifetime,0,-4.490364742552465,1.0,1.0,-42.180568947840634
battery,energy,PL,0,0.1064557651677276,lifetime,0,-9.870330205680817,1.0,1.0,-92.71766719378236
battery,energy,PT,0,0.1064557651677276,lifetime,0,-8.590004662440643,1.0,1.0,-80.69083575611488
battery,energy,RO,0,0.1064557651677276,lifetime,0,-9.870330205680817,1.0,1.0,-92.71766719378236
battery,energy,SE,0,0.1064557651677276,lifetime,0,-1.4423450140904372,1.0,1.0,-13.548773162429804
battery,energy,SI,0,0.1064557651677276,lifetime,0,-9.870330205680817,1.0,1.0,-92.71766719378236
battery,energy,SK,0,0.1064557651677276,lifetime,0,-8.575980329970129,1.0,1.0,-80.55909716545783
battery,energy,UK,0,0.1064557651677276,lifetime,0,-4.685094702267558,1.0,1.0,-44.00977903719825
battery,power,AT,0,0.1064557651677276,lifetime,0,-5.446214531292149,1.0,1.0,-51.15941370306534
battery,power,BE,0,0.1064557651677276,lifetime,0,-8.153555874971923,1.0,1.0,-76.59102221589873
battery,power,BG,0,0.1064557651677276,lifetime,0,-8.153555874971923,1.0,1.0,-76.59102221589873
battery,power,CH,0,0.1064557651677276,lifetime,0,0.7271266558544588,1.0,1.0,6.830317312630519
battery,power,CZ,0,0.1064557651677276,lifetime,0,0.7271266558544588,1.0,1.0,6.830317312630519
battery,power,DE,0,0.1064557651677276,lifetime,0,-8.153555874971923,1.0,1.0,-76.59102221589873
battery,power,DK,0,0.1064557651677276,lifetime,0,0.7271266558544588,1.0,1.0,6.830317312630519
battery,power,EE,0,0.1064557651677276,lifetime,0,0.7271266558544588,1.0,1.0,6.830317312630519
battery,power,EL,0,0.1064557651677276,lifetime,0,-8.153555874971923,1.0,1.0,-76.59102221589873
battery,power,ES,0,0.1064557651677276,lifetime,0,-8.153555874971923,1.0,1.0,-76.59102221589873
battery,power,FI,0,0.1064557651677276,lifetime,0,0.7271266558544588,1.0,1.0,6.830317312630519
battery,power,FR,0,0.1064557651677276,lifetime,0,0.7271266558544588,1.0,1.0,6.830317312630519
battery,power,HR,0,0.1064557651677276,lifetime,0,-8.153555874971923,1.0,1.0,-76.59102221589873
battery,power,HU,0,0.1064557651677276,lifetime,0,0.7271266558544588,1.0,1.0,6.830317312630519
battery,power,IE,0,0.1064557651677276,lifetime,0,0.7271266558544588,1.0,1.0,6.830317312630519
battery,power,IT,0,0.1064557651677276,lifetime,0,-8.153555874971923,1.0,1.0,-76.59102221589873
battery,power,LT,0,0.1064557651677276,lifetime,0,0.7271266558544588,1.0,1.0,6.830317312630519
battery,power,LU,0,0.1064557651677276,lifetime,0,0.7271266558544588,1.0,1.0,6.830317312630519
battery,power,LV,0,0.1064557651677276,lifetime,0,0.7271266558544588,1.0,1.0,6.830317312630519
battery,power,NL,0,0.1064557651677276,lifetime,0,-8.153555874971923,1.0,1.0,-76.59102221589873
battery,power,NO,0,0.1064557651677276,lifetime,0,0.7271266558544588,1.0,1.0,6.830317312630519
battery,power,PL,0,0.1064557651677276,lifetime,0,-8.153555874971923,1.0,1.0,-76.59102221589873
battery,power,PT,0,0.1064557651677276,lifetime,0,0.7271266558544588,1.0,1.0,6.830317312630519
battery,power,RO,0,0.1064557651677276,lifetime,0,-8.153555874971923,1.0,1.0,-76.59102221589873
battery,power,SE,0,0.1064557651677276,lifetime,0,0.7271266558544588,1.0,1.0,6.830317312630519
battery,power,SI,0,0.1064557651677276,lifetime,0,-7.864572634179703,1.0,1.0,-73.87643705147002
battery,power,SK,0,0.1064557651677276,lifetime,0,0.7271266558544588,1.0,1.0,6.830317312630519
battery,power,UK,0,0.1064557651677276,lifetime,0,0.7271266558544588,1.0,1.0,6.830317312630519
natural_gas_storage,energy,AT,0,0.05038313806951108,lifetime,0,-0.0,1.0,1.0,-0.0
natural_gas_storage,energy,BE,0,0.05038313806951108,lifetime,0,-0.0003816005403276673,1.0,1.0,-0.007573973256711249
natural_gas_storage,energy,BG,0,0.05038313806951108,lifetime,0,-0.0,1.0,1.0,-0.0
natural_gas_storage,energy,CH,0,0.05038313806951108,lifetime,0,-0.0,1.0,1.0,-0.0
natural_gas_storage,energy,CZ,0,0.05038313806951108,lifetime,0,-0.0,1.0,1.0,-0.0
natural_gas_storage,energy,DE,0,0.05038313806951108,lifetime,0,-0.0,1.0,1.0,-0.0
natural_gas_storage,energy,DK,0,0.05038313806951108,lifetime,0,-0.0,1.0,1.0,-0.0
natural_gas_storage,energy,EE,0,0.05038313806951108,lifetime,0,-0.0,1.0,1.0,-0.0
natural_gas_storage,energy,EL,0,0.05038313806951108,lifetime,0,-0.0,1.0,1.0,-0.0
natural_gas_storage,energy,ES,0,0.05038313806951108,lifetime,0,-0.0,1.0,1.0,-0.0
natural_gas_storage,energy,FI,0,0.05038313806951108,lifetime,0,-0.0,1.0,1.0,-0.0
natural_gas_storage,energy,FR,0,0.05038313806951108,lifetime,0,-0.0,1.0,1.0,-0.0
natural_gas_storage,energy,HR,0,0.05038313806951108,lifetime,0,-0.0,1.0,1.0,-0.0
natural_gas_storage,energy,HU,0,0.05038313806951108,lifetime,0,-0.0,1.0,1.0,-0.0
natural_gas_storage,energy,IE,0,0.05038313806951108,lifetime,0,-0.0,1.0,1.0,-0.0
natural_gas_storage,energy,IT,0,0.05038313806951108,lifetime,0,-0.0,1.0,1.0,-0.0
natural_gas_storage,energy,LT,0,0.05038313806951108,lifetime,0,-0.0,1.0,1.0,-0.0
natural_gas_storage,energy,LU,0,0.05038313806951108,lifetime,0,-0.0,1.0,1.0,-0.0
natural_gas_storage,energy,LV,0,0.05038313806951108,lifetime,0,-0.0,1.0,1.0,-0.0
natural_gas_storage,energy,NL,0,0.05038313806951108,lifetime,0,-0.0,1.0,1.0,-0.0
natural_gas_storage,energy,NO,0,0.05038313806951108,lifetime,0,-0.0,1.0,1.0,-0.0
natural_gas_storage,energy,PL,0,0.05038313806951108,lifetime,0,-0.0,1.0,1.0,-0.0
natural_gas_storage,energy,PT,0,0.05038313806951108,lifetime,0,-0.0,1.0,1.0,-0.0
natural_gas_storage,energy,RO,0,0.05038313806951108,lifetime,0,-0.0,1.0,1.0,-0.0
natural_gas_storage,energy,SE,0,0.05038313806951108,lifetime,0,-0.0,1.0,1.0,-0.0
natural_gas_storage,energy,SI,0,0.05038313806951108,lifetime,0,-0.0,1.0,1.0,-0.0
natural_gas_storage,energy,SK,0,0.05038313806951108,lifetime,0,-0.0,1.0,1.0,-0.0
natural_gas_storage,energy,UK,0,0.05038313806951108,lifetime,0,-0.0,1.0,1.0,-0.0
natural_gas_storage,power,AT,0,0.05038313806951108,lifetime,0,-0.0,1.0,1.0,-0.0
natural_gas_storage,power,BE,0,0.05038313806951108,lifetime,0,-0.8000642655118688,1.0,1.0,-15.879603696142556
natural_gas_storage,power,BG,0,0.05038313806951108,lifetime,0,-0.0,1.0,1.0,-0.0
natural_gas_storage,power,CH,0,0.05038313806951108,lifetime,0,-616.0069770995061,1.0,1.0,-12226.451164070651
natural_gas_storage,power,CZ,0,0.05038313806951108,lifetime,0,-0.0,1.0,1.0,-0.0
natural_gas_storage,power,DE,0,0.05038313806951108,lifetime,0,-0.0,1.0,1.0,-0.0
natural_gas_storage,power,DK,0,0.05038313806951108,lifetime,0,-0.0,1.0,1.0,-0.0
natural_gas_storage,power,EE,0,0.05038313806951108,lifetime,0,-599.582390855518,1.0,1.0,-11900.457451227123
natural_gas_storage,power,EL,0,0.05038313806951108,lifetime,0,-591.0783131498584,1.0,1.0,-11731.669280591008
natural_gas_storage,power,ES,0,0.05038313806951108,lifetime,0,-0.0,1.0,1.0,-0.0
natural_gas_storage,power,FI,0,0.05038313806951108,lifetime,0,-609.8562073407666,1.0,1.0,-12104.371238238053
natural_gas_storage,power,FR,0,0.05038313806951108,lifetime,0,-0.0,1.0,1.0,-0.0
natural_gas_storage,power,HR,0,0.05038313806951108,lifetime,0,-0.0,1.0,1.0,-0.0
natural_gas_storage,power,HU,0,0.05038313806951108,lifetime,0,-0.0,1.0,1.0,-0.0
natural_gas_storage,power,IE,0,0.05038313806951108,lifetime,0,-577.5233148217028,1.0,1.0,-11462.630891012048
natural_gas_storage,power,IT,0,0.05038313806951108,lifetime,0,-0.0,1.0,1.0,-0.0
natural_gas_storage,power,LT,0,0.05038313806951108,lifetime,0,-610.994169150897,1.0,1.0,-12126.9574020566
natural_gas_storage,power,LU,0,0.05038313806951108,lifetime,0,-621.4258264831702,1.0,1.0,-12334.004000025174
natural_gas_storage,power,LV,0,0.05038313806951108,lifetime,0,-605.6413345246169,1.0,1.0,-12020.714821078514
natural_gas_storage,power,NL,0,0.05038313806951108,lifetime,0,-0.0,1.0,1.0,-0.0
natural_gas_storage,power,NO,0,0.05038313806951108,lifetime,0,-591.0783131498584,1.0,1.0,-11731.669280591008
natural_gas_storage,power,PL,0,0.05038313806951108,lifetime,0,-0.0,1.0,1.0,-0.0
natural_gas_storage,power,PT,0,0.05038313806951108,lifetime,0,-0.0,1.0,1.0,-0.0
natural_gas_storage,power,RO,0,0.05038313806951108,lifetime,0,-0.0,1.0,1.0,-0.0
natural_gas_storage,power,SE,0,0.05038313806951108,lifetime,0,-0.0,1.0,1.0,-0.0
natural_gas_storage,power,SI,0,0.05038313806951108,lifetime,0,-608.940458640508,1.0,1.0,-12086.195540269515
natural_gas_storage,power,SK,0,0.05038313806951108,lifetime,0,-0.0,1.0,1.0,-0.0
natural_gas_storage,power,UK,0,0.05038313806951108,lifetime,0,-0.0,1.0,1.0,-0.0
oil_storage,energy,AT,0,0.05038313806951108,lifetime,0,-0.05038313806951108,1.0,1.0,-1.0
oil_storage,energy,BE,0,0.05038313806951108,lifetime,0,-0.05038313806951108,1.0,1.0,-1.0
oil_storage,energy,BG,0,0.05038313806951108,lifetime,0,-0.05038313806951108,1.0,1.0,-1.0
oil_storage,energy,CH,0,0.05038313806951108,lifetime,0,-0.05038313806951108,1.0,1.0,-1.0
oil_storage,energy,CZ,0,0.05038313806951108,lifetime,0,-0.05038313806951108,1.0,1.0,-1.0
oil_storage,energy,DE,0,0.05038313806951108,lifetime,0,-0.05038313806951108,1.0,1.0,-1.0
oil_storage,energy,DK,0,0.05038313806951108,lifetime,0,-0.05038313806951108,1.0,1.0,-1.0
oil_storage,energy,EE,0,0.05038313806951108,lifetime,0,-0.05038313806951108,1.0,1.0,-1.0
oil_storage,energy,EL,0,0.05038313806951108,lifetime,0,-0.05038313806951108,1.0,1.0,-1.0
oil_storage,energy,ES,0,0.05038313806951108,lifetime,0,-0.05038313806951108,1.0,1.0,-1.0
oil_storage,energy,FI,0,0.05038313806951108,lifetime,0,-0.05038313806951108,1.0,1.0,-1.0
oil_storage,energy,FR,0,0.05038313806951108,lifetime,0,-0.05038313806951108,1.0,1.0,-1.0
oil_storage,energy,HR,0,0.05038313806951108,lifetime,0,-0.05038313806951108,1.0,1.0,-1.0
oil_storage,energy,HU,0,0.05038313806951108,lifetime,0,-0.05038313806951108,1.0,1.0,-1.0
oil_storage,energy,IE,0,0.05038313806951108,lifetime,0,-0.05038313806951108,1.0,1.0,-1.0
oil_storage,energy,IT,0,0.05038313806951108,lifetime,0,-0.05038313806951108,1.0,1.0,-1.0
oil_storage,energy,LT,0,0.05038313806951108,lifetime,0,-0.05038313806951108,1.0,1.0,-1.0
oil_storage,energy,LU,0,0.05038313806951108,lifetime,0,-0.05038313806951108,1.0,1.0,-1.0
oil_storage,energy,LV,0,0.05038313806951108,lifetime,0,-0.05038313806951108,1.0,1.0,-1.0
oil_storage,energy,NL,0,0.05038313806951108,lifetime,0,-0.05038313806951108,1.0,1.0,-1.0
oil_storage,energy,NO,0,0.05038313806951108,lifetime,0,-0.05038313806951108,1.0,1.0,-1.0
oil_storage,energy,PL,0,0.05038313806951108,lifetime,0,-0.05038313806951108,1.0,1.0,-1.0
oil_storage,energy,PT,0,0.05038313806951108,lifetime,0,-0.05038313806951108,1.0,1.0,-1.0
oil_storage,energy,RO,0,0.05038313806951108,lifetime,0,-0.05038313806951108,1.0,1.0,-1.0
oil_storage,energy,SE,0,0.05038313806951108,lifetime,0,-0.05038313806951108,1.0,1.0,-1.0
oil_storage,energy,SI,0,0.05038313806951108,lifetime,0,-0.05038313806951108,1.0,1.0,-1.0
oil_storage,energy,SK,0,0.05038313806951108,lifetime,0,-0.05038313806951108,1.0,1.0,-1.0
oil_storage,energy,UK,0,0.05038313806951108,lifetime,0,-0.05038313806951108,1.0,1.0,-1.0
oil_storage,power,AT,0,0.05038313806951108,lifetime,0,-0.0,1.0,1.0,-0.0
oil_storage,power,BE,0,0.05038313806951108,lifetime,0,-0.0,1.0,1.0,-0.0
oil_storage,power,BG,0,0.05038313806951108,lifetime,0,-0.0,1.0,1.0,-0.0
oil_storage,power,CH,0,0.05038313806951108,lifetime,0,-0.0,1.0,1.0,-0.0
oil_storage,power,CZ,0,0.05038313806951108,lifetime,0,-0.0,1.0,1.0,-0.0
oil_storage,power,DE,0,0.05038313806951108,lifetime,0,-0.0,1.0,1.0,-0.0
oil_storage,power,DK,0,0.05038313806951108,lifetime,0,-0.0,1.0,1.0,-0.0
oil_storage,power,EE,0,0.05038313806951108,lifetime,0,-0.0,1.0,1.0,-0.0
oil_storage,power,EL,0,0.05038313806951108,lifetime,0,-0.0,1.0,1.0,-0.0
oil_storage,power,ES,0,0.05038313806951108,lifetime,0,-0.0,1.0,1.0,-0.0
oil_storage,power,FI,0,0.05038313806951108,lifetime,0,-0.0,1.0,1.0,-0.0
oil_storage,power,FR,0,0.05038313806951108,lifetime,0,-0.0,1.0,1.0,-0.0
oil_storage,power,HR,0,0.05038313806951108,lifetime,0,-0.0,1.0,1.0,-0.0
oil_storage,power,HU,0,0.05038313806951108,lifetime,0,-0.0,1.0,1.0,-0.0
oil_storage,power,IE,0,0.05038313806951108,lifetime,0,-0.0,1.0,1.0,-0.0
oil_storage,power,IT,0,0.05038313806951108,lifetime,0,-0.0,1.0,1.0,-0.0
oil_storage,power,LT,0,0.05038313806951108,lifetime,0,-0.0,1.0,1.0,-0.0
oil_storage,power,LU,0,0.05038313806951108,lifetime,0,-0.0,1.0,1.0,-0.0
oil_storage,power,LV,0,0.05038313806951108,lifetime,0,-0.0,1.0,1.0,-0.0
oil_storage,power,NL,0,0.05038313806951108,lifetime,0,-0.0,1.0,1.0,-0.0
oil_storage,power,NO,0,0.05038313806951108,lifetime,0,-0.0,1.0,1.0,-0.0
oil_storage,power,PL,0,0.05038313806951108,lifetime,0,-0.0,1.0,1.0,-0.0
oil_storage,power,PT,0,0.05038313806951108,lifetime,0,-0.0,1.0,1.0,-0.0
oil_storage,power,RO,0,0.05038313806951108,lifetime,0,-0.0,1.0,1.0,-0.0
oil_storage,power,SE,0,0.05038313806951108,lifetime,0,-0.0,1.0,1.0,-0.0
oil_storage,power,SI,0,0.05038313806951108,lifetime,0,-0.0,1.0,1.0,-0.0
oil_storage,power,SK,0,0.05038313806951108,lifetime,0,-0.0,1.0,1.0,-0.0
oil_storage,power,UK,0,0.05038313806951108,lifetime,0,-0.0,1.0,1.0,-0.0
pumped_hydro,energy,AT,0,0.053666863697517594,lifetime,0,-4.1538762974505925,1.0,1.0,-77.40113752245846
pumped_hydro,energy,BE,0,0.053666863697517594,lifetime,0,-4.1538762974505925,1.0,1.0,-77.40113752245846
pumped_hydro,energy,BG,0,0.053666863697517594,lifetime,0,-4.1538762974505925,1.0,1.0,-77.40113752245846
pumped_hydro,energy,CH,0,0.053666863697517594,lifetime,0,-4.1538762974505925,1.0,1.0,-77.40113752245846
pumped_hydro,energy,CZ,0,0.053666863697517594,lifetime,0,-4.1538762974505925,1.0,1.0,-77.40113752245846
pumped_hydro,energy,DE,0,0.053666863697517594,lifetime,0,-4.1538762974505925,1.0,1.0,-77.40113752245846
pumped_hydro,energy,DK,0,0.053666863697517594,lifetime,0,-0.0,1.0,1.0,-0.0
pumped_hydro,energy,EE,0,0.053666863697517594,lifetime,0,-0.0,1.0,1.0,-0.0
pumped_hydro,energy,EL,0,0.053666863697517594,lifetime,0,-4.1538762974505925,1.0,1.0,-77.40113752245846
pumped_hydro,energy,ES,0,0.053666863697517594,lifetime,0,-4.1538762974505925,1.0,1.0,-77.40113752245846
pumped_hydro,energy,FI,0,0.053666863697517594,lifetime,0,-0.0,1.0,1.0,-0.0
pumped_hydro,energy,FR,0,0.053666863697517594,lifetime,0,-4.1538762974505925,1.0,1.0,-77.40113752245846
pumped_hydro,energy,HR,0,0.053666863697517594,lifetime,0,-4.1538762974505925,1.0,1.0,-77.40113752245846
pumped_hydro,energy,HU,0,0.053666863697517594,lifetime,0,-0.0,1.0,1.0,-0.0
pumped_hydro,energy,IE,0,0.053666863697517594,lifetime,0,-2.696530999423281,1.0,1.0,-50.24573477261
pumped_hydro,energy,IT,0,0.053666863697517594,lifetime,0,-4.1538762974505925,1.0,1.0,-77.40113752245846
pumped_hydro,energy,LT,0,0.053666863697517594,lifetime,0,-4.1538762974505925,1.0,1.0,-77.40113752245846
pumped_hydro,energy,LU,0,0.053666863697517594,lifetime,0,-4.1538762974505925,1.0,1.0,-77.40113752245846
pumped_hydro,energy,LV,0,0.053666863697517594,lifetime,0,-0.0,1.0,1.0,-0.0
pumped_hydro,energy,NL,0,0.053666863697517594,lifetime,0,-0.0,1.0,1.0,-0.0
pumped_hydro,energy,NO,0,0.053666863697517594,lifetime,0,-4.084211399188165,1.0,1.0,-76.10303859394496
pumped_hydro,energy,PL,0,0.053666863697517594,lifetime,0,-4.1538762974505925,1.0,1.0,-77.40113752245846
pumped_hydro,energy,PT,0,0.053666863697517594,lifetime,0,-4.1538762974505925,1.0,1.0,-77.40113752245846
pumped_hydro,energy,RO,0,0.053666863697517594,lifetime,0,-0.0,1.0,1.0,-0.0
pumped_hydro,energy,SE,0,0.053666863697517594,lifetime,0,-1.4185506249328124,1.0,1.0,-26.43252329646438
pumped_hydro,energy,SI,0,0.053666863697517594,lifetime,0,-341.35599754673524,1.0,1.0,-6360.647409371994
pumped_hydro,energy,SK,0,0.053666863697517594,lifetime,0,-248.70629216040945,1.0,1.0,-4634.26172176172
pumped_hydro,energy,UK,0,0.053666863697517594,lifetime,0,-4.1538762974505925,1.0,1.0,-77.40113752245846
pumped_hydro,power,AT,0,0.053666863697517594,lifetime,0,-58.621579247771486,1.0,1.0,-1092.323553285695
pumped_hydro,power,BE,0,0.053666863697517594,lifetime,0,-58.621579247771486,1.0,1.0,-1092.323553285695
pumped_hydro,power,BG,0,0.053666863697517594,lifetime,0,-58.621579247771486,1.0,1.0,-1092.323553285695
pumped_hydro,power,CH,0,0.053666863697517594,lifetime,0,-58.621579247771486,1.0,1.0,-1092.323553285695
pumped_hydro,power,CZ,0,0.053666863697517594,lifetime,0,-58.621579247771486,1.0,1.0,-1092.323553285695
pumped_hydro,power,DE,0,0.053666863697517594,lifetime,0,-58.621579247771486,1.0,1.0,-1092.323553285695
pumped_hydro,power,DK,0,0.053666863697517594,lifetime,0,-291.10848911619763,1.0,1.0,-5424.361869867627
pumped_hydro,power,EE,0,0.053666863697517594,lifetime,0,-281.33258448219965,1.0,1.0,-5242.2028249661425
pumped_hydro,power,EL,0,0.053666863697517594,lifetime,0,-58.621579247771486,1.0,1.0,-1092.323553285695
pumped_hydro,power,ES,0,0.053666863697517594,lifetime,0,-58.621579247771486,1.0,1.0,-1092.323553285695
pumped_hydro,power,FI,0,0.053666863697517594,lifetime,0,-461.2313692065186,1.0,1.0,-8594.341786137453
pumped_hydro,power,FR,0,0.053666863697517594,lifetime,0,-10.484018987148861,1.0,1.0,-195.3536738468622
pumped_hydro,power,HR,0,0.053666863697517594,lifetime,0,-58.621579247771486,1.0,1.0,-1092.323553285695
pumped_hydro,power,HU,0,0.053666863697517594,lifetime,0,-567.0045066719971,1.0,1.0,-10565.262577440768
pumped_hydro,power,IE,0,0.053666863697517594,lifetime,0,7.740113752245846,1.0,1.0,144.225192585716
pumped_hydro,power,IT,0,0.053666863697517594,lifetime,0,-58.621579247771486,1.0,1.0,-1092.323553285695
pumped_hydro,power,LT,0,0.053666863697517594,lifetime,0,5.675921131282208,1.0,1.0,105.76211725867545
pumped_hydro,power,LU,0,0.053666863697517594,lifetime,0,7.740113752245846,1.0,1.0,144.225192585716
pumped_hydro,power,LV,0,0.053666863697517594,lifetime,0,-314.6415513493729,1.0,1.0,-5862.86452517118
pumped_hydro,power,NL,0,0.053666863697517594,lifetime,0,-506.9156603376002,1.0,1.0,-9445.598744035568
pumped_hydro,power,NO,0,0.053666863697517594,lifetime,0,7.740113752245846,1.0,1.0,144.225192585716
pumped_hydro,power,PL,0,0.053666863697517594,lifetime,0,-58.621579247771486,1.0,1.0,-1092.323553285695
pumped_hydro,power,PT,0,0.053666863697517594,lifetime,0,-58.621579247771486,1.0,1.0,-1092.323553285695
pumped_hydro,power,RO,0,0.053666863697517594,lifetime,0,-587.6300845530156,1.0,1.0,-10949.588704588246
pumped_hydro,power,SE,0,0.053666863697517594,lifetime,0,7.740113752245846,1.0,1.0,144.225192585716
pumped_hydro,power,SI,0,0.053666863697517594,lifetime,0,7.740113752245846,1.0,1.0,144.225192585716
pumped_hydro,power,SK,0,0.053666863697517594,lifetime,0,7.740113752245846,1.0,1.0,144.225192585716
pumped_hydro,power,UK,0,0.053666863697517594,lifetime,0,4.518761090279602,1.0,1.0,84.20020807902402
salt_cavern_storage,energy,AT,0,0.05038313806951108,lifetime,0,-0.06363018456289136,1.0,1.0,-1.2629261892164
salt_cavern_storage,energy,BE,0,0.05038313806951108,lifetime,0,-0.06363018456289136,1.0,1.0,-1.2629261892164
salt_cavern_storage,energy,BG,0,0.05038313806951108,lifetime,0,-0.06363018456289136,1.0,1.0,-1.2629261892164
salt_cavern_storage,energy,CH,0,0.05038313806951108,lifetime,0,-0.06363018456289136,1.0,1.0,-1.2629261892164
salt_cavern_storage,energy,CZ,0,0.05038313806951108,lifetime,0,-0.06363018456289136,1.0,1.0,-1.2629261892164
salt_cavern_storage,energy,DE,0,0.05038313806951108,lifetime,0,-0.06363018456289136,1.0,1.0,-1.2629261892164
salt_cavern_storage,energy,DK,0,0.05038313806951108,lifetime,0,-0.06363018456289136,1.0,1.0,-1.2629261892164
salt_cavern_storage,energy,EE,0,0.05038313806951108,lifetime,0,-0.06363018456289136,1.0,1.0,-1.2629261892164
salt_cavern_storage,energy,EL,0,0.05038313806951108,lifetime,0,-0.06363018456289136,1.0,1.0,-1.2629261892164
salt_cavern_storage,energy,ES,0,0.05038313806951108,lifetime,0,-0.06363018456289136,1.0,1.0,-1.2629261892164
salt_cavern_storage,energy,FI,0,0.05038313806951108,lifetime,0,-0.06363018456289136,1.0,1.0,-1.2629261892164
salt_cavern_storage,energy,FR,0,0.05038313806951108,lifetime,0,-0.06363018456289136,1.0,1.0,-1.2629261892164
salt_cavern_storage,energy,HR,0,0.05038313806951108,lifetime,0,-0.06363018456289136,1.0,1.0,-1.2629261892164
salt_cavern_storage,energy,HU,0,0.05038313806951108,lifetime,0,-0.06363018456289136,1.0,1.0,-1.2629261892164
salt_cavern_storage,energy,IE,0,0.05038313806951108,lifetime,0,-0.06363018456289136,1.0,1.0,-1.2629261892164
salt_cavern_storage,energy,IT,0,0.05038313806951108,lifetime,0,-0.06363018456289136,1.0,1.0,-1.2629261892164
salt_cavern_storage,energy,LT,0,0.05038313806951108,lifetime,0,-0.06363018456289136,1.0,1.0,-1.2629261892164
salt_cavern_storage,energy,LU,0,0.05038313806951108,lifetime,0,-0.06363018456289136,1.0,1.0,-1.2629261892164
salt_cavern_storage,energy,LV,0,0.05038313806951108,lifetime,0,-0.06363018456289136,1.0,1.0,-1.2629261892164
salt_cavern_storage,energy,NL,0,0.05038313806951108,lifetime,0,-0.06363018456289136,1.0,1.0,-1.2629261892164
salt_cavern_storage,energy,NO,0,0.05038313806951108,lifetime,0,-0.06363018456289136,1.0,1.0,-1.2629261892164
salt_cavern_storage,energy,PL,0,0.05038313806951108,lifetime,0,-0.06363018456289136,1.0,1.0,-1.2629261892164
salt_cavern_storage,energy,PT,0,0.05038313806951108,lifetime,0,-0.06363018456289136,1.0,1.0,-1.2629261892164
salt_cavern_storage,energy,RO,0,0.05038313806951108,lifetime,0,-0.06363018456289136,1.0,1.0,-1.2629261892164
salt_cavern_storage,energy,SE,0,0.05038313806951108,lifetime,0,-0.06363018456289136,1.0,1.0,-1.2629261892164
salt_cavern_storage,energy,SI,0,0.05038313806951108,lifetime,0,-0.06363018456289136,1.0,1.0,-1.2629261892164
salt_cavern_storage,energy,SK,0,0.05038313806951108,lifetime,0,-0.06363018456289136,1.0,1.0,-1.2629261892164
salt_cavern_storage,energy,UK,0,0.05038313806951108,lifetime,0,-0.06363018456289136,1.0,1.0,-1.2629261892164
salt_cavern_storage,power,AT,0,0.05038313806951108,lifetime,0,-0.0,1.0,1.0,-0.0
salt_cavern_storage,power,BE,0,0.05038313806951108,lifetime,0,-0.0,1.0,1.0,-0.0
salt_cavern_storage,power,BG,0,0.05038313806951108,lifetime,0,-0.0,1.0,1.0,-0.0
salt_cavern_storage,power,CH,0,0.05038313806951108,lifetime,0,-0.0,1.0,1.0,-0.0
salt_cavern_storage,power,CZ,0,0.05038313806951108,lifetime,0,-0.0,1.0,1.0,-0.0
salt_cavern_storage,power,DE,0,0.05038313806951108,lifetime,0,-0.0,1.0,1.0,-0.0
salt_cavern_storage,power,DK,0,0.05038313806951108,lifetime,0,-0.0,1.0,1.0,-0.0
salt_cavern_storage,power,EE,0,0.05038313806951108,lifetime,0,-0.0,1.0,1.0,-0.0
salt_cavern_storage,power,EL,0,0.05038313806951108,lifetime,0,-0.0,1.0,1.0,-0.0
salt_cavern_storage,power,ES,0,0.05038313806951108,lifetime,0,-0.0,1.0,1.0,-0.0
salt_cavern_storage,power,FI,0,0.05038313806951108,lifetime,0,-0.0,1.0,1.0,-0.0
salt_cavern_storage,power,FR,0,0.05038313806951108,lifetime,0,-0.0,1.0,1.0,-0.0
salt_cavern_storage,power,HR,0,0.05038313806951108,lifetime,0,-0.0,1.0,1.0,-0.0
salt_cavern_storage,power,HU,0,0.05038313806951108,lifetime,0,-0.0,1.0,1.0,-0.0
salt_cavern_storage,power,IE,0,0.05038313806951108,lifetime,0,-0.0,1.0,1.0,-0.0
salt_cavern_storage,power,IT,0,0.05038313806951108,lifetime,0,-0.0,1.0,1.0,-0.0
salt_cavern_storage,power,LT,0,0.05038313806951108,lifetime,0,-0.0,1.0,1.0,-0.0
salt_cavern_storage,power,LU,0,0.05038313806951108,lifetime,0,-0.0,1.0,1.0,-0.0
salt_cavern_storage,power,LV,0,0.05038313806951108,lifetime,0,-0.0,1.0,1.0,-0.0
salt_cavern_storage,power,NL,0,0.05038313806951108,lifetime,0,-0.0,1.0,1.0,-0.0
salt_cavern_storage,power,NO,0,0.05038313806951108,lifetime,0,-0.0,1.0,1.0,-0.0
salt_cavern_storage,power,PL,0,0.05038313806951108,lifetime,0,-0.0,1.0,1.0,-0.0
salt_cavern_storage,power,PT,0,0.05038313806951108,lifetime,0,-0.0,1.0,1.0,-0.0
salt_cavern_storage,power,RO,0,0.05038313806951108,lifetime,0,-0.0,1.0,1.0,-0.0
salt_cavern_storage,power,SE,0,0.05038313806951108,lifetime,0,-0.0,1.0,1.0,-0.0
salt_cavern_storage,power,SI,0,0.05038313806951108,lifetime,0,-0.0,1.0,1.0,-0.0
salt_cavern_storage,power,SK,0,0.05038313806951108,lifetime,0,-0.0,1.0,1.0,-0.0
salt_cavern_storage,power,UK,0,0.05038313806951108,lifetime,0,-0.0,1.0,1.0,-0.0
