node,capacity_limit
CH,4275.919580817223
DE,10697.2524831
