set_technologies,set_capacity_types,set_location,set_time_steps_yearly,unit,value,vbasis,rc_capex_equivalent,rc_capex_equivalent_input_units
BEV,power,AT,0,megapkm / hour,13.905082031086506,0.0,-0.001246221034307382,-0.001246221034307382
BEV,power,BE,0,megapkm / hour,18.776961214107157,0.0,-0.0012462210333978874,-0.0012462210333978874
BEV,power,BG,0,megapkm / hour,9.802129089110737,0.0,-0.001246221034307382,-0.001246221034307382
BEV,power,CH,0,megapkm / hour,16.865081978850327,0.0,-0.001246221034307382,-0.001246221034307382
BEV,power,CZ,0,megapkm / hour,13.913456622809305,0.0,-0.001246221034307382,-0.001246221034307382
BEV,power,DE,0,megapkm / hour,157.0557361804559,0.0,-0.0012462210333978874,-0.0012462210333978874
BEV,power,DK,0,megapkm / hour,10.756321601397303,0.0,-0.001246221034307382,-0.001246221034307382
BEV,power,EE,0,megapkm / hour,2.555254473438283,0.0,-0.001246221034307382,-0.001246221034307382
BEV,power,EL,0,megapkm / hour,18.653194195882875,0.0,-0.0012462210333978874,-0.0012462210333978874
BEV,power,ES,0,megapkm / hour,60.24451267143551,0.0,-0.001246221034307382,-0.001246221034307382
BEV,power,FI,0,megapkm / hour,11.714497784197201,0.0,-0.001246221034307382,-0.001246221034307382
BEV,power,FR,0,megapkm / hour,136.03251337010212,0.0,-0.0012462210333978874,-0.0012462210333978874
BEV,power,HR,0,megapkm / hour,4.416473965619442,0.0,-0.001246221034307382,-0.001246221034307382
BEV,power,HU,0,megapkm / hour,11.349913781394587,0.0,-0.001246221034307382,-0.001246221034307382
BEV,power,IE,0,megapkm / hour,10.426036136284784,0.0,-0.0012462210333978874,-0.0012462210333978874
BEV,power,IT,0,megapkm / hour,127.4331186150506,0.0,-0.0012462210333978874,-0.0012462210333978874
BEV,power,LT,0,megapkm / hour,5.329523026109196,0.0,-0.001246221034307382,-0.001246221034307382
BEV,power,LU,0,megapkm / hour,1.421249996318972,0.0,-0.001246221034307382,-0.001246221034307382
BEV,power,LV,0,megapkm / hour,2.677997097527445,0.0,-0.001246221034307382,-0.001246221034307382
BEV,power,NL,0,megapkm / hour,26.283267713397567,0.0,-0.0012462210333978874,-0.0012462210333978874
BEV,power,NO,0,megapkm / hour,11.350904969349575,0.0,-0.0012462210333978874,-0.0012462210333978874
BEV,power,PL,0,megapkm / hour,42.48504343568593,0.0,-0.0012462210333978874,-0.0012462210333978874
BEV,power,PT,0,megapkm / hour,17.370899899336283,0.0,-0.001246221034307382,-0.001246221034307382
BEV,power,RO,0,megapkm / hour,19.241507009509167,0.0,-0.0012462210333978874,-0.0012462210333978874
BEV,power,SE,0,megapkm / hour,16.44546755699078,0.0,-0.0012462210333978874,-0.0012462210333978874
BEV,power,SI,0,megapkm / hour,4.818082393646737,0.0,-0.001246221034307382,-0.001246221034307382
BEV,power,SK,0,megapkm / hour,4.910896529259764,0.0,-0.0012462210333978874,-0.0012462210333978874
BEV,power,UK,0,megapkm / hour,127.89809936581487,0.0,-0.0012462210333978874,-0.0012462210333978874
BF_BOF,power,AT,0,kilotonproduct / hour,0.0,0.0,1346.9033447397721,1346.9033447397721
BF_BOF,power,BE,0,kilotonproduct / hour,0.0,0.0,805.8342029273423,805.8342029273423
BF_BOF,power,BG,0,kilotonproduct / hour,0.0,0.0,1013.5238947041764,1013.5238947041764
BF_BOF,power,CH,0,kilotonproduct / hour,0.0,0.0,1706.6194806767687,1706.6194806767687
BF_BOF,power,CZ,0,kilotonproduct / hour,0.0,0.0,1199.46913358057,1199.46913358057
BF_BOF,power,DE,0,kilotonproduct / hour,0.0,0.0,1706.6194806767687,1706.6194806767687
BF_BOF,power,DK,0,kilotonproduct / hour,0.0,0.0,1706.6194806767687,1706.6194806767687
BF_BOF,power,EE,0,kilotonproduct / hour,0.0,0.0,1706.6194806767687,1706.6194806767687
BF_BOF,power,EL,0,kilotonproduct / hour,0.0,0.0,1248.8190937139118,1248.8190937139118
BF_BOF,power,ES,0,kilotonproduct / hour,0.0,0.0,1706.6194806767687,1706.6194806767687
BF_BOF,power,FI,0,kilotonproduct / hour,0.0,0.0,376.7834499744806,376.7834499744806
BF_BOF,power,FR,0,kilotonproduct / hour,0.0,0.0,1441.797367370343,1441.797367370343
BF_BOF,power,HR,0,kilotonproduct / hour,0.0,0.0,1214.641407038976,1214.641407038976
BF_BOF,power,HU,0,kilotonproduct / hour,0.0,0.0,1039.5540287912918,1039.5540287912918
BF_BOF,power,IE,0,kilotonproduct / hour,0.0,0.0,1706.6194806767687,1706.6194806767687
BF_BOF,power,IT,0,kilotonproduct / hour,0.0,0.0,1706.6194806767687,1706.6194806767687
BF_BOF,power,LT,0,kilotonproduct / hour,0.0,0.0,1706.6194806767687,1706.6194806767687
BF_BOF,power,LU,0,kilotonproduct / hour,0.0,0.0,1706.6194806767687,1706.6194806767687
BF_BOF,power,LV,0,kilotonproduct / hour,0.0,0.0,1706.6194806767687,1706.6194806767687
BF_BOF,power,NL,0,kilotonproduct / hour,0.0,0.0,732.8772689791449,732.8772689791449
BF_BOF,power,NO,0,kilotonproduct / hour,0.0,0.0,1579.6855147608921,1579.6855147608921
BF_BOF,power,PL,0,kilotonproduct / hour,0.0,0.0,1706.6194806767687,1706.6194806767687
BF_BOF,power,PT,0,kilotonproduct / hour,0.0,0.0,1706.6194806767687,1706.6194806767687
BF_BOF,power,RO,0,kilotonproduct / hour,0.0,0.0,661.740525105746,661.740525105746
BF_BOF,power,SE,0,kilotonproduct / hour,0.0,0.0,-0.001246221034307382,-0.001246221034307382
BF_BOF,power,SI,0,kilotonproduct / hour,0.0,0.0,1706.6194806767687,1706.6194806767687
BF_BOF,power,SK,0,kilotonproduct / hour,0.0,0.0,1001.0409552029324,1001.0409552029324
BF_BOF,power,UK,0,kilotonproduct / hour,0.0,0.0,1706.6194806767687,1706.6194806767687
DAC,power,AT,0,kilotCO2eq / hour,0.0,0.0,8957.367422610623,8957.367422610623
DAC,power,BE,0,kilotCO2eq / hour,0.0,0.0,8002.236149283934,8002.236149283934
DAC,power,BG,0,kilotCO2eq / hour,0.0,0.0,7940.667715169272,7940.667715169272
DAC,power,CH,0,kilotCO2eq / hour,0.0,0.0,8936.524119895927,8936.524119895927
DAC,power,CZ,0,kilotCO2eq / hour,0.0,0.0,7735.515728761695,7735.515728761695
DAC,power,DE,0,kilotCO2eq / hour,0.0,0.0,8456.171857659387,8456.171857659387
DAC,power,DK,0,kilotCO2eq / hour,0.0,0.0,3492.714746691212,3492.714746691212
DAC,power,EE,0,kilotCO2eq / hour,0.0,0.0,4935.979882768631,4935.979882768631
DAC,power,EL,0,kilotCO2eq / hour,0.0,0.0,9485.262629446492,9485.262629446492
DAC,power,ES,0,kilotCO2eq / hour,0.0,0.0,8456.658706528395,8456.658706528395
DAC,power,FI,0,kilotCO2eq / hour,0.0,0.0,5321.448610813495,5321.448610813495
DAC,power,FR,0,kilotCO2eq / hour,0.0,0.0,5207.063866143365,5207.063866143365
DAC,power,HR,0,kilotCO2eq / hour,0.0,0.0,7202.582373872493,7202.582373872493
DAC,power,HU,0,kilotCO2eq / hour,0.0,0.0,11273.27437746182,11273.27437746182
DAC,power,IE,0,kilotCO2eq / hour,0.0,0.0,3876.8820228271034,3876.8820228271034
DAC,power,IT,0,kilotCO2eq / hour,0.0,0.0,8242.033907764395,8242.033907764395
DAC,power,LT,0,kilotCO2eq / hour,0.0,0.0,4143.180932852778,4143.180932852778
DAC,power,LU,0,kilotCO2eq / hour,0.0,0.0,7605.353949942581,7605.353949942581
DAC,power,LV,0,kilotCO2eq / hour,0.0,0.0,3861.3433920362677,3861.3433920362677
DAC,power,NL,0,kilotCO2eq / hour,0.0,0.0,10434.242656622126,10434.242656622126
DAC,power,NO,0,kilotCO2eq / hour,0.0,0.0,3557.541484898711,3557.541484898711
DAC,power,PL,0,kilotCO2eq / hour,0.0,0.0,8073.589215131972,8073.589215131972
DAC,power,PT,0,kilotCO2eq / hour,0.0,0.0,9340.224069506852,9340.224069506852
DAC,power,RO,0,kilotCO2eq / hour,0.0,0.0,8099.135208209142,8099.135208209142
DAC,power,SE,0,kilotCO2eq / hour,0.0,0.0,1649.9767778694077,1649.9767778694077
DAC,power,SI,0,kilotCO2eq / hour,0.0,0.0,7405.737932339004,7405.737932339004
DAC,power,SK,0,kilotCO2eq / hour,0.0,0.0,7607.122633219023,7607.122633219023
DAC,power,UK,0,kilotCO2eq / hour,0.0,0.0,4503.3706858940905,4503.3706858940905
EAF,power,AT,0,kilotonproduct / hour,0.47157534245890415,0.0,-0.0012462210345347557,-0.0012462210345347557
EAF,power,BE,0,kilotonproduct / hour,0.5472602739520548,0.0,-0.0012462210345347557,-0.0012462210345347557
EAF,power,BG,0,kilotonproduct / hour,0.045616438356164385,0.0,-0.0012462210345347557,-0.0012462210345347557
EAF,power,CH,0,kilotonproduct / hour,0.0,0.0,1847.1646143795613,1847.1646143795613
EAF,power,CZ,0,kilotonproduct / hour,0.3382876712328767,0.0,-0.0012462210345347557,-0.0012462210345347557
EAF,power,DE,0,kilotonproduct / hour,2.913413824092466,0.0,-0.0012462210345347557,-0.0012462210345347557
EAF,power,DK,0,kilotonproduct / hour,0.0,0.0,1847.1646143795613,1847.1646143795613
EAF,power,EE,0,kilotonproduct / hour,0.0,0.0,1847.1646143795613,1847.1646143795613
EAF,power,EL,0,kilotonproduct / hour,0.10047945205479454,0.0,-0.0012462210345347557,-0.0012462210345347557
EAF,power,ES,0,kilotonproduct / hour,0.9808904109794521,0.0,-0.0012462210345347557,-0.0012462210345347557
EAF,power,FI,0,kilotonproduct / hour,0.27054794522602743,0.0,-0.0012462210345347557,-0.0012462210345347557
EAF,power,FR,0,kilotonproduct / hour,1.0539726027712328,0.0,-0.0012462210345347557,-0.0012462210345347557
EAF,power,HR,0,kilotonproduct / hour,0.006093970042465755,0.0,-0.0012462210345347557,-0.0012462210345347557
EAF,power,HU,0,kilotonproduct / hour,0.13554794520547947,0.0,-0.0012462210345347557,-0.0012462210345347557
EAF,power,IE,0,kilotonproduct / hour,0.0,0.0,1847.1646143795613,1847.1646143795613
EAF,power,IT,0,kilotonproduct / hour,1.6437548359246579,0.0,-0.0012462210345347557,-0.0012462210345347557
EAF,power,LT,0,kilotonproduct / hour,0.0,0.0,1847.1646143795613,1847.1646143795613
EAF,power,LU,0,kilotonproduct / hour,0.15938508369863016,0.0,-0.0012462210345347557,-0.0012462210345347557
EAF,power,LV,0,kilotonproduct / hour,0.0,0.0,1847.1646143795613,1847.1646143795613
EAF,power,NL,0,kilotonproduct / hour,0.4666438356164384,0.0,-0.0012462210345347557,-0.0012462210345347557
EAF,power,NO,0,kilotonproduct / hour,0.04456863013698631,0.0,-0.0012462210345347557,-0.0012462210345347557
EAF,power,PL,0,kilotonproduct / hour,0.6723972602739726,0.0,-0.0012462210345347557,-0.0012462210345347557
EAF,power,PT,0,kilotonproduct / hour,0.11643835616438354,0.0,-0.0012462210345347557,-0.0012462210345347557
EAF,power,RO,0,kilotonproduct / hour,0.24315068493150688,0.0,-0.0012462210345347557,-0.0012462210345347557
EAF,power,SE,0,kilotonproduct / hour,0.31869863014383565,0.0,-0.0012462210345347557,-0.0012462210345347557
EAF,power,SI,0,kilotonproduct / hour,0.044794520547945194,0.0,-0.0012462210345347557,-0.0012462210345347557
EAF,power,SK,0,kilotonproduct / hour,0.35136986301369866,0.0,-0.0012462210345347557,-0.0012462210345347557
EAF,power,UK,0,kilotonproduct / hour,0.49315068493150693,0.0,-0.0012462210345347557,-0.0012462210345347557
H2_DRI,power,AT,0,kilotonproduct / hour,0.0,0.0,-0.001246221034307382,-0.001246221034307382
H2_DRI,power,BE,0,kilotonproduct / hour,0.0,0.0,-0.001246221034307382,-0.001246221034307382
H2_DRI,power,BG,0,kilotonproduct / hour,0.0,0.0,-0.001246221034307382,-0.001246221034307382
H2_DRI,power,CH,0,kilotonproduct / hour,0.0,0.0,4156.120382354013,4156.120382354013
H2_DRI,power,CZ,0,kilotonproduct / hour,0.0,0.0,-0.001246221034307382,-0.001246221034307382
H2_DRI,power,DE,0,kilotonproduct / hour,0.0,0.0,585.9666286410334,585.9666286410334
H2_DRI,power,DK,0,kilotonproduct / hour,0.0,0.0,4156.120382354013,4156.120382354013
H2_DRI,power,EE,0,kilotonproduct / hour,0.0,0.0,4156.120382354013,4156.120382354013
H2_DRI,power,EL,0,kilotonproduct / hour,0.0,0.0,-0.001246221034307382,-0.001246221034307382
H2_DRI,power,ES,0,kilotonproduct / hour,0.0,0.0,279.85293453655413,279.85293453655413
H2_DRI,power,FI,0,kilotonproduct / hour,0.0,0.0,-0.001246221034307382,-0.001246221034307382
H2_DRI,power,FR,0,kilotonproduct / hour,0.0,0.0,342.8369853722602,342.8369853722602
H2_DRI,power,HR,0,kilotonproduct / hour,0.0,0.0,-0.001246221034307382,-0.001246221034307382
H2_DRI,power,HU,0,kilotonproduct / hour,0.0,0.0,-0.001246221034307382,-0.001246221034307382
H2_DRI,power,IE,0,kilotonproduct / hour,0.0,0.0,4156.120382354013,4156.120382354013
H2_DRI,power,IT,0,kilotonproduct / hour,0.0,0.0,498.12596513959534,498.12596513959534
H2_DRI,power,LT,0,kilotonproduct / hour,0.0,0.0,4156.120382354013,4156.120382354013
H2_DRI,power,LU,0,kilotonproduct / hour,0.0,0.0,-0.001246221034307382,-0.001246221034307382
H2_DRI,power,LV,0,kilotonproduct / hour,0.0,0.0,4156.120382354013,4156.120382354013
H2_DRI,power,NL,0,kilotonproduct / hour,0.0,0.0,-0.001246221034307382,-0.001246221034307382
H2_DRI,power,NO,0,kilotonproduct / hour,0.0,0.0,-0.001246221034307382,-0.001246221034307382
H2_DRI,power,PL,0,kilotonproduct / hour,0.0,0.0,1141.3823474858054,1141.3823474858054
H2_DRI,power,PT,0,kilotonproduct / hour,0.07762557077625572,0.0,-0.001246221034307382,-0.001246221034307382
H2_DRI,power,RO,0,kilotonproduct / hour,0.0,0.0,-0.001246221034307382,-0.001246221034307382
H2_DRI,power,SE,0,kilotonproduct / hour,0.0,0.0,-0.001246221034307382,-0.001246221034307382
H2_DRI,power,SI,0,kilotonproduct / hour,0.0,0.0,298.87264425619014,298.87264425619014
H2_DRI,power,SK,0,kilotonproduct / hour,0.0,0.0,-0.001246221034307382,-0.001246221034307382
H2_DRI,power,UK,0,kilotonproduct / hour,0.0,0.0,1913.627352237335,1913.627352237335
HDT_BET,power,AT,0,megatkm / hour,0.0,0.0,93.40818323508717,93.40818323508717
HDT_BET,power,BE,0,megatkm / hour,0.0,0.0,50.39281680440837,50.39281680440837
HDT_BET,power,BG,0,megatkm / hour,0.0,0.0,14.347182995112263,14.347182995112263
HDT_BET,power,CH,0,megatkm / hour,0.0,0.0,84.68261565181464,84.68261565181464
HDT_BET,power,CZ,0,megatkm / hour,8.929524413694665,0.0,-0.0012462210342505387,-0.0012462210342505387
HDT_BET,power,DE,0,megatkm / hour,0.0,0.0,73.08839693004904,73.08839693004904
HDT_BET,power,DK,0,megatkm / hour,3.425648752056777,0.0,-0.0012462210342505387,-0.0012462210342505387
HDT_BET,power,EE,0,megatkm / hour,1.0962076006581694,0.0,-0.0012462210342505387,-0.0012462210342505387
HDT_BET,power,EL,0,megatkm / hour,0.0,0.0,-0.0012462210342505387,-0.0012462210342505387
HDT_BET,power,ES,0,megatkm / hour,0.0,0.0,2.1267679960540136,2.1267679960540136
HDT_BET,power,FI,0,megatkm / hour,6.577245603949013,0.0,-0.0012462210342505387,-0.0012462210342505387
HDT_BET,power,FR,0,megatkm / hour,39.760363182205666,0.0,-0.0012462210342505387,-0.0012462210342505387
HDT_BET,power,HR,0,megatkm / hour,0.0,0.0,41.02280277912561,41.02280277912561
HDT_BET,power,HU,0,megatkm / hour,8.449933588406717,0.0,-0.0012462210342505387,-0.0012462210342505387
HDT_BET,power,IE,0,megatkm / hour,2.831869635033603,0.0,-0.0012462210342505387,-0.0012462210342505387
HDT_BET,power,IT,0,megatkm / hour,0.0,0.0,71.36978451470043,71.36978451470043
HDT_BET,power,LT,0,megatkm / hour,12.126796582281079,0.0,-0.0012462210342505387,-0.0012462210342505387
HDT_BET,power,LU,0,megatkm / hour,0.0,0.0,35.10298613871822,35.10298613871822
HDT_BET,power,LV,0,megatkm / hour,3.4256487520567793,0.0,-0.0012462210342505387,-0.0012462210342505387
HDT_BET,power,NL,0,megatkm / hour,15.59812065103195,0.0,-0.0012462210342505387,-0.0012462210342505387
HDT_BET,power,NO,0,megatkm / hour,4.910096544614742,0.0,-0.0012462210342505387,-0.0012462210342505387
HDT_BET,power,PL,0,megatkm / hour,0.0,0.0,43.899358367518204,43.899358367518204
HDT_BET,power,PT,0,megatkm / hour,7.079674087584006,0.0,-0.0012462210342505387,-0.0012462210342505387
HDT_BET,power,RO,0,megatkm / hour,0.0,0.0,11.009403484983011,11.009403484983011
HDT_BET,power,SE,0,megatkm / hour,9.728842455841246,0.0,-0.0012462210342505387,-0.0012462210342505387
HDT_BET,power,SI,0,megatkm / hour,0.0,0.0,49.4451399503146,49.4451399503146
HDT_BET,power,SK,0,megatkm / hour,7.741966179648317,0.0,-0.0012462210342505387,-0.0012462210342505387
HDT_BET,power,UK,0,megatkm / hour,36.72295462204865,0.0,-0.0012462210342505387,-0.0012462210342505387
HDT_FCEV,power,AT,0,megatkm / hour,6.029141803619928,0.0,-0.0012462210342505387,-0.0012462210342505387
HDT_FCEV,power,BE,0,megatkm / hour,7.9475051047717695,0.0,-0.0012462210342505387,-0.0012462210342505387
HDT_FCEV,power,BG,0,megatkm / hour,4.704557619491308,0.0,-0.0012462210342505387,-0.0012462210342505387
HDT_FCEV,power,CH,0,megatkm / hour,2.8318696350336023,0.0,-0.0012462210342505387,-0.0012462210342505387
HDT_FCEV,power,CZ,0,megatkm / hour,0.0,0.0,28.742694694951297,28.742694694951297
HDT_FCEV,power,DE,0,megatkm / hour,71.23065638443391,0.0,-0.0012462210342505387,-0.0012462210342505387
HDT_FCEV,power,DK,0,megatkm / hour,0.0,0.0,74.18761168647666,74.18761168647666
HDT_FCEV,power,EE,0,megatkm / hour,0.0,0.0,71.06582757392616,71.06582757392616
HDT_FCEV,power,EL,0,megatkm / hour,6.440219653866742,0.0,-0.0012462210342505387,-0.0012462210342505387
HDT_FCEV,power,ES,0,megatkm / hour,57.00279523422478,0.0,-0.0012462210342505387,-0.0012462210342505387
HDT_FCEV,power,FI,0,megatkm / hour,0.0,0.0,61.84321967940306,61.84321967940306
HDT_FCEV,power,FR,0,megatkm / hour,0.0,0.0,26.910639560600202,26.910639560600202
HDT_FCEV,power,HR,0,megatkm / hour,2.854707293380648,0.0,-0.0012462210342505387,-0.0012462210342505387
HDT_FCEV,power,HU,0,megatkm / hour,0.0,0.0,1.421400080249839,1.421400080249839
HDT_FCEV,power,IE,0,megatkm / hour,0.0,0.0,10.027818702511638,10.027818702511638
HDT_FCEV,power,IT,0,megatkm / hour,31.515968518922538,0.0,-0.0012462210342505387,-0.0012462210342505387
HDT_FCEV,power,LT,0,megatkm / hour,0.0,0.0,57.63879114055024,57.63879114055024
HDT_FCEV,power,LU,0,megatkm / hour,1.6899867176813534,0.0,-0.0012462210342505387,-0.0012462210342505387
HDT_FCEV,power,LV,0,megatkm / hour,0.0,0.0,83.49454423326156,83.49454423326156
HDT_FCEV,power,NL,0,megatkm / hour,0.0,0.0,52.00693352036984,52.00693352036984
HDT_FCEV,power,NO,0,megatkm / hour,0.0,0.0,82.43189089024,82.43189089024
HDT_FCEV,power,PL,0,megatkm / hour,79.70342763118815,0.0,-0.0012462210342505387,-0.0012462210342505387
HDT_FCEV,power,PT,0,megatkm / hour,0.0,0.0,10.303583527258922,10.303583527258922
HDT_FCEV,power,RO,0,megatkm / hour,13.930971591697562,0.0,-0.0012462210342505387,-0.0012462210342505387
HDT_FCEV,power,SE,0,megatkm / hour,0.0,0.0,138.50199016925532,138.50199016925532
HDT_FCEV,power,SI,0,megatkm / hour,5.481038003290875,0.0,-0.0012462210342505387,-0.0012462210342505387
HDT_FCEV,power,SK,0,megatkm / hour,0.0,0.0,51.68388698017466,51.68388698017466
HDT_FCEV,power,UK,0,megatkm / hour,0.0,0.0,65.78190349610034,65.78190349610034
HDT_diesel,power,AT,0,megatkm / hour,0.0,0.0,230.7076297338436,230.7076297338436
HDT_diesel,power,BE,0,megatkm / hour,0.0,0.0,230.7076297338436,230.7076297338436
HDT_diesel,power,BG,0,megatkm / hour,0.0,0.0,230.7076297338436,230.7076297338436
HDT_diesel,power,CH,0,megatkm / hour,0.0,0.0,230.7076297338436,230.7076297338436
HDT_diesel,power,CZ,0,megatkm / hour,0.0,0.0,230.7076297338436,230.7076297338436
HDT_diesel,power,DE,0,megatkm / hour,0.0,0.0,197.71108014800325,197.71108014800325
HDT_diesel,power,DK,0,megatkm / hour,0.0,0.0,230.08555702886895,230.08555702886895
HDT_diesel,power,EE,0,megatkm / hour,0.0,0.0,230.7076297338436,230.7076297338436
HDT_diesel,power,EL,0,megatkm / hour,0.0,0.0,230.7076297338436,230.7076297338436
HDT_diesel,power,ES,0,megatkm / hour,0.0,0.0,230.7076297338436,230.7076297338436
HDT_diesel,power,FI,0,megatkm / hour,0.0,0.0,230.7076297338436,230.7076297338436
HDT_diesel,power,FR,0,megatkm / hour,0.0,0.0,230.51906317828195,230.51906317828195
HDT_diesel,power,HR,0,megatkm / hour,0.0,0.0,230.7076297338436,230.7076297338436
HDT_diesel,power,HU,0,megatkm / hour,0.0,0.0,230.7076297338436,230.7076297338436
HDT_diesel,power,IE,0,megatkm / hour,0.0,0.0,230.7076297338436,230.7076297338436
HDT_diesel,power,IT,0,megatkm / hour,0.0,0.0,230.7076297338436,230.7076297338436
HDT_diesel,power,LT,0,megatkm / hour,0.0,0.0,230.7076297338436,230.7076297338436
HDT_diesel,power,LU,0,megatkm / hour,0.0,0.0,230.7076297338436,230.7076297338436
HDT_diesel,power,LV,0,megatkm / hour,0.0,0.0,230.7076297338436,230.7076297338436
HDT_diesel,power,NL,0,megatkm / hour,0.0,0.0,230.7076297338436,230.7076297338436
HDT_diesel,power,NO,0,megatkm / hour,0.0,0.0,230.7076297338436,230.7076297338436
HDT_diesel,power,PL,0,megatkm / hour,0.0,0.0,230.7076297338436,230.7076297338436
HDT_diesel,power,PT,0,megatkm / hour,0.0,0.0,230.7076297338436,230.7076297338436
HDT_diesel,power,RO,0,megatkm / hour,0.0,0.0,230.7076297338436,230.7076297338436
HDT_diesel,power,SE,0,megatkm / hour,0.0,0.0,230.7076297338436,230.7076297338436
HDT_diesel,power,SI,0,megatkm / hour,0.0,0.0,230.7076297338436,230.7076297338436
HDT_diesel,power,SK,0,megatkm / hour,0.0,0.0,187.7837703546943,187.7837703546943
HDT_diesel,power,UK,0,megatkm / hour,0.0,0.0,230.7076297338436,230.7076297338436
ICE_diesel,power,AT,0,megapkm / hour,0.0,0.0,1204.3801349889,1204.3801349889
ICE_diesel,power,BE,0,megapkm / hour,0.0,0.0,1185.674320688663,1185.674320688663
ICE_diesel,power,BG,0,megapkm / hour,0.0,0.0,1136.198136360612,1136.198136360612
ICE_diesel,power,CH,0,megapkm / hour,0.0,0.0,1331.4864624907332,1331.4864624907332
ICE_diesel,power,CZ,0,megapkm / hour,0.0,0.0,1336.4520961074286,1336.4520961074286
ICE_diesel,power,DE,0,megapkm / hour,0.0,0.0,1198.6047155074775,1198.6047155074775
ICE_diesel,power,DK,0,megapkm / hour,0.0,0.0,1300.17144063044,1300.17144063044
ICE_diesel,power,EE,0,megapkm / hour,0.0,0.0,1220.8838191927034,1220.8838191927034
ICE_diesel,power,EL,0,megapkm / hour,0.0,0.0,1595.5459236620682,1595.5459236620682
ICE_diesel,power,ES,0,megapkm / hour,0.0,0.0,1250.3309331784676,1250.3309331784676
ICE_diesel,power,FI,0,megapkm / hour,0.0,0.0,1011.3127843093989,1011.3127843093989
ICE_diesel,power,FR,0,megapkm / hour,0.0,0.0,1289.3632259857286,1289.3632259857286
ICE_diesel,power,HR,0,megapkm / hour,0.0,0.0,1219.476306382554,1219.476306382554
ICE_diesel,power,HU,0,megapkm / hour,0.0,0.0,1296.1619377145553,1296.1619377145553
ICE_diesel,power,IE,0,megapkm / hour,0.0,0.0,1604.942943623475,1604.942943623475
ICE_diesel,power,IT,0,megapkm / hour,0.0,0.0,1078.4943305224651,1078.4943305224651
ICE_diesel,power,LT,0,megapkm / hour,0.0,0.0,1418.772007333966,1418.772007333966
ICE_diesel,power,LU,0,megapkm / hour,0.0,0.0,1320.1188773027106,1320.1188773027106
ICE_diesel,power,LV,0,megapkm / hour,0.0,0.0,1514.6212010895388,1514.6212010895388
ICE_diesel,power,NL,0,megapkm / hour,0.0,0.0,976.287465915465,976.287465915465
ICE_diesel,power,NO,0,megapkm / hour,0.0,0.0,956.8600509747548,956.8600509747548
ICE_diesel,power,PL,0,megapkm / hour,0.0,0.0,949.883060435428,949.883060435428
ICE_diesel,power,PT,0,megapkm / hour,0.0,0.0,1550.3765054474916,1550.3765054474916
ICE_diesel,power,RO,0,megapkm / hour,0.0,0.0,1286.6043836987,1286.6043836987
ICE_diesel,power,SE,0,megapkm / hour,0.0,0.0,1386.65634923808,1386.65634923808
ICE_diesel,power,SI,0,megapkm / hour,0.0,0.0,1632.5370587691723,1632.5370587691723
ICE_diesel,power,SK,0,megapkm / hour,0.0,0.0,1527.6716065038,1527.6716065038
ICE_diesel,power,UK,0,megapkm / hour,0.0,0.0,879.9444703214212,879.9444703214212
ICE_petrol,power,AT,0,megapkm / hour,0.0,0.0,165.48249015886267,165.48249015886267
ICE_petrol,power,BE,0,megapkm / hour,0.0,0.0,314.7607582640494,314.7607582640494
ICE_petrol,power,BG,0,megapkm / hour,0.0,0.0,219.4287930027631,219.4287930027631
ICE_petrol,power,CH,0,megapkm / hour,0.0,0.0,273.40548598348323,273.40548598348323
ICE_petrol,power,CZ,0,megapkm / hour,0.0,0.0,654.819197328985,654.819197328985
ICE_petrol,power,DE,0,megapkm / hour,0.0,0.0,382.54099219761156,382.54099219761156
ICE_petrol,power,DK,0,megapkm / hour,0.0,0.0,878.2560336282577,878.2560336282577
ICE_petrol,power,EE,0,megapkm / hour,0.0,0.0,248.24628378789112,248.24628378789112
ICE_petrol,power,EL,0,megapkm / hour,0.0,0.0,294.8746879255068,294.8746879255068
ICE_petrol,power,ES,0,megapkm / hour,0.0,0.0,712.632159481398,712.632159481398
ICE_petrol,power,FI,0,megapkm / hour,0.0,0.0,371.61380993279363,371.61380993279363
ICE_petrol,power,FR,0,megapkm / hour,0.0,0.0,794.9012864677716,794.9012864677716
ICE_petrol,power,HR,0,megapkm / hour,0.0,0.0,711.8924411750158,711.8924411750158
ICE_petrol,power,HU,0,megapkm / hour,0.0,0.0,547.9252581184219,547.9252581184219
ICE_petrol,power,IE,0,megapkm / hour,0.0,0.0,417.360978932189,417.360978932189
ICE_petrol,power,IT,0,megapkm / hour,0.0,0.0,636.5300311713272,636.5300311713272
ICE_petrol,power,LT,0,megapkm / hour,0.0,0.0,216.3350685292171,216.3350685292171
ICE_petrol,power,LU,0,megapkm / hour,0.0,0.0,204.92750043823617,204.92750043823617
ICE_petrol,power,LV,0,megapkm / hour,0.0,0.0,135.28111121786878,135.28111121786878
ICE_petrol,power,NL,0,megapkm / hour,0.0,0.0,448.5698185657129,448.5698185657129
ICE_petrol,power,NO,0,megapkm / hour,0.0,0.0,494.64941772045677,494.64941772045677
ICE_petrol,power,PL,0,megapkm / hour,0.0,0.0,224.2022295556153,224.2022295556153
ICE_petrol,power,PT,0,megapkm / hour,0.0,0.0,537.0136094020809,537.0136094020809
ICE_petrol,power,RO,0,megapkm / hour,0.0,0.0,513.4519192483604,513.4519192483604
ICE_petrol,power,SE,0,megapkm / hour,0.0,0.0,252.52935036919007,252.52935036919007
ICE_petrol,power,SI,0,megapkm / hour,0.0,0.0,276.82070787737575,276.82070787737575
ICE_petrol,power,SK,0,megapkm / hour,0.0,0.0,543.9836714074581,543.9836714074581
ICE_petrol,power,UK,0,megapkm / hour,0.0,0.0,-0.001246221034307382,-0.001246221034307382
NG_DRI,power,AT,0,kilotonproduct / hour,0.31438356163926945,0.0,-0.001246221034307382,-0.001246221034307382
NG_DRI,power,BE,0,kilotonproduct / hour,0.3648401826347032,0.0,-0.001246221034307382,-0.001246221034307382
NG_DRI,power,BG,0,kilotonproduct / hour,0.030410958904109588,0.0,-0.001246221034307382,-0.001246221034307382
NG_DRI,power,CH,0,kilotonproduct / hour,0.0,0.0,4156.120382354013,4156.120382354013
NG_DRI,power,CZ,0,kilotonproduct / hour,0.22552511415525114,0.0,-0.001246221034307382,-0.001246221034307382
NG_DRI,power,DE,0,kilotonproduct / hour,1.9422758827283106,0.0,-0.001246221034307382,-0.001246221034307382
NG_DRI,power,DK,0,kilotonproduct / hour,0.0,0.0,4156.120382354013,4156.120382354013
NG_DRI,power,EE,0,kilotonproduct / hour,0.0,0.0,4156.120382354013,4156.120382354013
NG_DRI,power,EL,0,kilotonproduct / hour,0.06698630136986303,0.0,-0.001246221034307382,-0.001246221034307382
NG_DRI,power,ES,0,kilotonproduct / hour,0.6539269406529681,0.0,-0.001246221034307382,-0.001246221034307382
NG_DRI,power,FI,0,kilotonproduct / hour,0.1803652968173516,0.0,-0.001246221034307382,-0.001246221034307382
NG_DRI,power,FR,0,kilotonproduct / hour,0.7026484018474886,0.0,-0.001246221034307382,-0.001246221034307382
NG_DRI,power,HR,0,kilotonproduct / hour,0.004062646694977169,0.0,-0.001246221034307382,-0.001246221034307382
NG_DRI,power,HU,0,kilotonproduct / hour,0.09036529680365298,0.0,-0.001246221034307382,-0.001246221034307382
NG_DRI,power,IE,0,kilotonproduct / hour,0.0,0.0,4156.120382354013,4156.120382354013
NG_DRI,power,IT,0,kilotonproduct / hour,1.095836557283105,0.0,-0.001246221034307382,-0.001246221034307382
NG_DRI,power,LT,0,kilotonproduct / hour,0.0,0.0,4156.120382354013,4156.120382354013
NG_DRI,power,LU,0,kilotonproduct / hour,0.10625672246575342,0.0,-0.001246221034307382,-0.001246221034307382
NG_DRI,power,LV,0,kilotonproduct / hour,0.0,0.0,4156.120382354013,4156.120382354013
NG_DRI,power,NL,0,kilotonproduct / hour,0.3110958904109589,0.0,-0.001246221034307382,-0.001246221034307382
NG_DRI,power,NO,0,kilotonproduct / hour,0.0297124200913242,0.0,-0.001246221034307382,-0.001246221034307382
NG_DRI,power,PL,0,kilotonproduct / hour,0.4482648401826484,0.0,-0.001246221034307382,-0.001246221034307382
NG_DRI,power,PT,0,kilotonproduct / hour,0.0,0.0,160.90305697445046,160.90305697445046
NG_DRI,power,RO,0,kilotonproduct / hour,0.16210045662100456,0.0,-0.001246221034307382,-0.001246221034307382
NG_DRI,power,SE,0,kilotonproduct / hour,0.21246575342922375,0.0,-0.001246221034307382,-0.001246221034307382
NG_DRI,power,SI,0,kilotonproduct / hour,0.029863013698630137,0.0,-0.001246221034307382,-0.001246221034307382
NG_DRI,power,SK,0,kilotonproduct / hour,0.2342465753424658,0.0,-0.001246221034307382,-0.001246221034307382
NG_DRI,power,UK,0,kilotonproduct / hour,0.32876712328767127,0.0,-0.001246221034307382,-0.001246221034307382
SMR,power,AT,0,gigawatt,0.0,0.0,217.52748313775905,217.52748313775905
SMR,power,BE,0,gigawatt,0.0,0.0,-0.001537245102667839,-0.001537245102667839
SMR,power,BG,0,gigawatt,0.0,0.0,-0.001537245102667839,-0.001537245102667839
SMR,power,CH,0,gigawatt,0.0,0.0,209.57054312873552,209.57054312873552
SMR,power,CZ,0,gigawatt,0.0,0.0,23.341516304139247,23.341516304139247
SMR,power,DE,0,gigawatt,0.0,0.0,122.11507758956287,122.11507758956287
SMR,power,DK,0,gigawatt,0.0,0.0,-0.001537245102667839,-0.001537245102667839
SMR,power,EE,0,gigawatt,0.0,0.0,-0.001537245102667839,-0.001537245102667839
SMR,power,EL,0,gigawatt,0.0,0.0,250.04879010607056,250.04879010607056
SMR,power,ES,0,gigawatt,0.0,0.0,164.14890101788112,164.14890101788112
SMR,power,FI,0,gigawatt,0.0,0.0,38.19120409480132,38.19120409480132
SMR,power,FR,0,gigawatt,0.0,0.0,312.50744780556244,312.50744780556244
SMR,power,HR,0,gigawatt,0.0,0.0,12.33262340000556,12.33262340000556
SMR,power,HU,0,gigawatt,0.0,0.0,64.09439752824613,64.09439752824613
SMR,power,IE,0,gigawatt,0.0,0.0,-0.001537245102667839,-0.001537245102667839
SMR,power,IT,0,gigawatt,0.0,0.0,194.57553083111753,194.57553083111753
SMR,power,LT,0,gigawatt,0.0,0.0,18.783648279882755,18.783648279882755
SMR,power,LU,0,gigawatt,0.0,0.0,70.8228372059585,70.8228372059585
SMR,power,LV,0,gigawatt,0.0,0.0,-0.001537245102667839,-0.001537245102667839
SMR,power,NL,0,gigawatt,0.0,0.0,99.95399845846018,99.95399845846018
SMR,power,NO,0,gigawatt,5.7038051015076565,0.0,-0.001537245102667839,-0.001537245102667839
SMR,power,PL,0,gigawatt,0.0,0.0,-0.001537245102667839,-0.001537245102667839
SMR,power,PT,0,gigawatt,0.0,0.0,62.46559498418503,62.46559498418503
SMR,power,RO,0,gigawatt,1.698058153987431,0.0,-0.001537245102667839,-0.001537245102667839
SMR,power,SE,0,gigawatt,0.0,0.0,-0.001537245102667839,-0.001537245102667839
SMR,power,SI,0,gigawatt,0.0,0.0,214.3442384377836,214.3442384377836
SMR,power,SK,0,gigawatt,0.0,0.0,48.728005005011994,48.728005005011994
SMR,power,UK,0,gigawatt,1.6085898545448483,0.0,-0.001537245102667839,-0.001537245102667839
ammonia_ICE_ship,power,AT,0,gigawatt,0.0,0.0,199.64406240126624,199.64406240126624
ammonia_ICE_ship,power,BE,0,gigawatt,0.0,0.0,285.0094119171125,285.0094119171125
ammonia_ICE_ship,power,BG,0,gigawatt,0.0,0.0,388.818587001815,388.818587001815
ammonia_ICE_ship,power,CH,0,gigawatt,0.0,0.0,-0.001537245102667839,-0.001537245102667839
ammonia_ICE_ship,power,CZ,0,gigawatt,0.0,0.0,518.7157973048737,518.7157973048737
ammonia_ICE_ship,power,DE,0,gigawatt,0.0,0.0,230.0027752366347,230.0027752366347
ammonia_ICE_ship,power,DK,0,gigawatt,0.0,0.0,122.15080909745325,122.15080909745325
ammonia_ICE_ship,power,EE,0,gigawatt,0.0,0.0,-0.001537245102667839,-0.001537245102667839
ammonia_ICE_ship,power,EL,0,gigawatt,0.0,0.0,370.8070765440626,370.8070765440626
ammonia_ICE_ship,power,ES,0,gigawatt,0.0,0.0,456.55026572952124,456.55026572952124
ammonia_ICE_ship,power,FI,0,gigawatt,0.0,0.0,680.2037538169068,680.2037538169068
ammonia_ICE_ship,power,FR,0,gigawatt,0.0,0.0,698.7693280926786,698.7693280926786
ammonia_ICE_ship,power,HR,0,gigawatt,0.0,0.0,390.01638102549987,390.01638102549987
ammonia_ICE_ship,power,HU,0,gigawatt,0.0,0.0,492.6556835445933,492.6556835445933
ammonia_ICE_ship,power,IE,0,gigawatt,0.0,0.0,492.14474868180656,492.14474868180656
ammonia_ICE_ship,power,IT,0,gigawatt,0.0,0.0,317.0708136406141,317.0708136406141
ammonia_ICE_ship,power,LT,0,gigawatt,0.0,0.0,841.7981470614377,841.7981470614377
ammonia_ICE_ship,power,LU,0,gigawatt,0.0,0.0,191.3584171875109,191.3584171875109
ammonia_ICE_ship,power,LV,0,gigawatt,0.0,0.0,142.57219500921957,142.57219500921957
ammonia_ICE_ship,power,NL,0,gigawatt,0.0,0.0,28.488091310896948,28.488091310896948
ammonia_ICE_ship,power,NO,0,gigawatt,0.0,0.0,207.20805455450255,207.20805455450255
ammonia_ICE_ship,power,PL,0,gigawatt,0.0,0.0,295.5367520905747,295.5367520905747
ammonia_ICE_ship,power,PT,0,gigawatt,0.0,0.0,462.86598578511416,462.86598578511416
ammonia_ICE_ship,power,RO,0,gigawatt,0.0,0.0,449.3436789888251,449.3436789888251
ammonia_ICE_ship,power,SE,0,gigawatt,0.0,0.0,177.52330621201003,177.52330621201003
ammonia_ICE_ship,power,SI,0,gigawatt,0.0,0.0,-0.001537245102667839,-0.001537245102667839
ammonia_ICE_ship,power,SK,0,gigawatt,0.0,0.0,1015.0561777258367,1015.0561777258367
ammonia_ICE_ship,power,UK,0,gigawatt,0.0,0.0,453.1182117873908,453.1182117873908
anaerobic_digestion,power,AT,0,gigawatt,0.15689445871385077,0.0,-0.001246221034421069,-0.001246221034421069
anaerobic_digestion,power,BE,0,gigawatt,1.0140675577118214,0.0,-0.001246221034421069,-0.001246221034421069
anaerobic_digestion,power,BG,0,gigawatt,0.09888531202435308,0.0,-0.001246221034421069,-0.001246221034421069
anaerobic_digestion,power,CH,0,gigawatt,0.11660880739472347,0.0,-0.001246221034421069,-0.001246221034421069
anaerobic_digestion,power,CZ,0,gigawatt,0.7468914890918316,0.0,-0.001246221034421069,-0.001246221034421069
anaerobic_digestion,power,DE,0,gigawatt,2.0379221366057845,0.0,-0.001246221034421069,-0.001246221034421069
anaerobic_digestion,power,DK,0,gigawatt,0.761188070776256,0.0,-0.001246221034421069,-0.001246221034421069
anaerobic_digestion,power,EE,0,gigawatt,0.14515700944951798,0.0,-0.001246221034421069,-0.001246221034421069
anaerobic_digestion,power,EL,0,gigawatt,0.14600220541603248,0.0,-0.001246221034421069,-0.001246221034421069
anaerobic_digestion,power,ES,0,gigawatt,1.9488248921867082,0.0,-0.001246221034421069,-0.001246221034421069
anaerobic_digestion,power,FI,0,gigawatt,0.1407843385337392,0.0,-0.001246221034421069,-0.001246221034421069
anaerobic_digestion,power,FR,0,gigawatt,4.5067727961694555,0.0,-0.001246221034421069,-0.001246221034421069
anaerobic_digestion,power,HR,0,gigawatt,0.05763569571283608,0.0,-0.001246221034421069,-0.001246221034421069
anaerobic_digestion,power,HU,0,gigawatt,1.1175775193429731,0.0,-0.001246221034421069,-0.001246221034421069
anaerobic_digestion,power,IE,0,gigawatt,0.32009979071537303,0.0,-0.001246221034421069,-0.001246221034421069
anaerobic_digestion,power,IT,0,gigawatt,2.0222899701927957,0.0,-0.001246221034421069,-0.001246221034421069
anaerobic_digestion,power,LT,0,gigawatt,0.29458693080923387,0.0,-0.001246221034421069,-0.001246221034421069
anaerobic_digestion,power,LU,0,gigawatt,0.02654449010654485,0.0,-0.001246221034421069,-0.001246221034421069
anaerobic_digestion,power,LV,0,gigawatt,0.14785093860984266,0.0,-0.001246221034421069,-0.001246221034421069
anaerobic_digestion,power,NL,0,gigawatt,0.8609748763318111,0.0,-0.001246221034421069,-0.001246221034421069
anaerobic_digestion,power,NO,0,gigawatt,0.10403838787417553,0.0,-0.001246221034421069,-0.001246221034421069
anaerobic_digestion,power,PL,0,gigawatt,1.669580599949264,0.0,-0.001246221034421069,-0.001246221034421069
anaerobic_digestion,power,PT,0,gigawatt,0.4267136003297819,0.0,-0.001246221034421069,-0.001246221034421069
anaerobic_digestion,power,RO,0,gigawatt,0.368841447869102,0.0,-0.001246221034421069,-0.001246221034421069
anaerobic_digestion,power,SE,0,gigawatt,0.3478049419710806,0.0,-0.001246221034421069,-0.001246221034421069
anaerobic_digestion,power,SI,0,gigawatt,0.027594823376458646,0.0,-0.001246221034421069,-0.001246221034421069
anaerobic_digestion,power,SK,0,gigawatt,0.21638725900558092,0.0,-0.001246221034421069,-0.001246221034421069
anaerobic_digestion,power,UK,0,gigawatt,2.825875461377474,0.0,-0.001246221034421069,-0.001246221034421069
biomass_boiler,power,AT,0,gigawatt,0.0,0.0,713.4272841614952,713.4272841614952
biomass_boiler,power,BE,0,gigawatt,0.0,0.0,713.4272841614952,713.4272841614952
biomass_boiler,power,BG,0,gigawatt,0.0,0.0,713.4272841614952,713.4272841614952
biomass_boiler,power,CH,0,gigawatt,0.0,0.0,713.4272841614952,713.4272841614952
biomass_boiler,power,CZ,0,gigawatt,0.0,0.0,713.4272841614952,713.4272841614952
biomass_boiler,power,DE,0,gigawatt,0.0,0.0,713.4272841614952,713.4272841614952
biomass_boiler,power,DK,0,gigawatt,0.0,0.0,713.4272841614952,713.4272841614952
biomass_boiler,power,EE,0,gigawatt,0.0,0.0,704.733827686468,704.733827686468
biomass_boiler,power,EL,0,gigawatt,0.0,0.0,713.4272841614952,713.4272841614952
biomass_boiler,power,ES,0,gigawatt,0.0,0.0,713.4272841614952,713.4272841614952
biomass_boiler,power,FI,0,gigawatt,0.0,0.0,695.0337763910516,695.0337763910516
biomass_boiler,power,FR,0,gigawatt,0.0,0.0,674.1990556481919,674.1990556481919
biomass_boiler,power,HR,0,gigawatt,0.0,0.0,696.5476608146128,696.5476608146128
biomass_boiler,power,HU,0,gigawatt,0.0,0.0,530.7931708980879,530.7931708980879
biomass_boiler,power,IE,0,gigawatt,0.0,0.0,702.2237930284689,702.2237930284689
biomass_boiler,power,IT,0,gigawatt,0.0,0.0,626.5186649310617,626.5186649310617
biomass_boiler,power,LT,0,gigawatt,0.0,0.0,713.4272841614952,713.4272841614952
biomass_boiler,power,LU,0,gigawatt,0.0,0.0,713.4272841614952,713.4272841614952
biomass_boiler,power,LV,0,gigawatt,0.0,0.0,702.786272710034,702.786272710034
biomass_boiler,power,NL,0,gigawatt,0.0,0.0,491.8781815608484,491.8781815608484
biomass_boiler,power,NO,0,gigawatt,0.0,0.0,713.4272841614952,713.4272841614952
biomass_boiler,power,PL,0,gigawatt,0.0,0.0,713.4272841614952,713.4272841614952
biomass_boiler,power,PT,0,gigawatt,0.0,0.0,713.4272841614952,713.4272841614952
biomass_boiler,power,RO,0,gigawatt,0.0,0.0,713.4272841614952,713.4272841614952
biomass_boiler,power,SE,0,gigawatt,0.0,0.0,713.4272841614952,713.4272841614952
biomass_boiler,power,SI,0,gigawatt,0.0,0.0,713.4272841614952,713.4272841614952
biomass_boiler,power,SK,0,gigawatt,0.0,0.0,713.4272841614952,713.4272841614952
biomass_boiler,power,UK,0,gigawatt,0.0,0.0,713.4272841614952,713.4272841614952
biomass_boiler_DH,power,AT,0,gigawatt,0.0,0.0,713.3544097254695,713.3544097254695
biomass_boiler_DH,power,BE,0,gigawatt,0.0,0.0,713.3544097254695,713.3544097254695
biomass_boiler_DH,power,BG,0,gigawatt,0.0,0.0,713.3544097254695,713.3544097254695
biomass_boiler_DH,power,CH,0,gigawatt,0.0,0.0,713.3544097254695,713.3544097254695
biomass_boiler_DH,power,CZ,0,gigawatt,0.0,0.0,713.3544097254695,713.3544097254695
biomass_boiler_DH,power,DE,0,gigawatt,0.0,0.0,713.3544097254695,713.3544097254695
biomass_boiler_DH,power,DK,0,gigawatt,0.0,0.0,713.3544097254695,713.3544097254695
biomass_boiler_DH,power,EE,0,gigawatt,0.0,0.0,713.3544097254695,713.3544097254695
biomass_boiler_DH,power,EL,0,gigawatt,0.0,0.0,713.3544097254695,713.3544097254695
biomass_boiler_DH,power,ES,0,gigawatt,0.0,0.0,713.3544097254695,713.3544097254695
biomass_boiler_DH,power,FI,0,gigawatt,0.0,0.0,713.3544097254695,713.3544097254695
biomass_boiler_DH,power,FR,0,gigawatt,0.0,0.0,676.8115132112516,676.8115132112516
biomass_boiler_DH,power,HR,0,gigawatt,0.0,0.0,713.3544097254695,713.3544097254695
biomass_boiler_DH,power,HU,0,gigawatt,0.0,0.0,713.3544097254695,713.3544097254695
biomass_boiler_DH,power,IE,0,gigawatt,0.0,0.0,713.3544097254695,713.3544097254695
biomass_boiler_DH,power,IT,0,gigawatt,0.0,0.0,608.3036454909793,608.3036454909793
biomass_boiler_DH,power,LT,0,gigawatt,0.0,0.0,713.3544097254695,713.3544097254695
biomass_boiler_DH,power,LU,0,gigawatt,0.0,0.0,713.3544097254695,713.3544097254695
biomass_boiler_DH,power,LV,0,gigawatt,0.0,0.0,713.3544097254695,713.3544097254695
biomass_boiler_DH,power,NL,0,gigawatt,0.0,0.0,713.3544097254695,713.3544097254695
biomass_boiler_DH,power,NO,0,gigawatt,0.0,0.0,713.3544097254695,713.3544097254695
biomass_boiler_DH,power,PL,0,gigawatt,0.0,0.0,713.3544097254695,713.3544097254695
biomass_boiler_DH,power,PT,0,gigawatt,0.0,0.0,713.3544097254695,713.3544097254695
biomass_boiler_DH,power,RO,0,gigawatt,0.0,0.0,713.3544097254695,713.3544097254695
biomass_boiler_DH,power,SE,0,gigawatt,0.0,0.0,713.3544097254695,713.3544097254695
biomass_boiler_DH,power,SI,0,gigawatt,0.0,0.0,713.3544097254695,713.3544097254695
biomass_boiler_DH,power,SK,0,gigawatt,0.0,0.0,713.3544097254695,713.3544097254695
biomass_boiler_DH,power,UK,0,gigawatt,0.0,0.0,713.3544097254695,713.3544097254695
biomass_plant,power,AT,0,gigawatt,1.011316738828613,0.0,-0.0016374194292438915,-0.0016374194292438915
biomass_plant,power,BE,0,gigawatt,1.1739033426312717,0.0,-0.0016374194292438915,-0.0016374194292438915
biomass_plant,power,BG,0,gigawatt,0.5414015610060137,0.0,-0.0016374194292438915,-0.0016374194292438915
biomass_plant,power,CH,0,gigawatt,0.8492680195048319,0.0,-0.0016374194292438915,-0.0016374194292438915
biomass_plant,power,CZ,0,gigawatt,0.9894646182103743,0.0,-0.0016374194292438915,-0.0016374194292438915
biomass_plant,power,DE,0,gigawatt,5.711487030850939,0.0,-0.0016374194292438915,-0.0016374194292438915
biomass_plant,power,DK,0,gigawatt,0.8098437248031568,0.0,-0.0016374194292438915,-0.0016374194292438915
biomass_plant,power,EE,0,gigawatt,0.17449637004843746,0.0,-0.0016374194292438915,-0.0016374194292438915
biomass_plant,power,EL,0,gigawatt,0.48447106690806074,0.0,-0.0016374194292438915,-0.0016374194292438915
biomass_plant,power,ES,0,gigawatt,2.275702063300411,0.0,-0.0016374194292438915,-0.0016374194292438915
biomass_plant,power,FI,0,gigawatt,1.2177280095919036,0.0,-0.0016374194292438915,-0.0016374194292438915
biomass_plant,power,FR,0,gigawatt,6.68505848572478,0.0,-0.0016374194292438915,-0.0016374194292438915
biomass_plant,power,HR,0,gigawatt,0.18256785634331793,0.0,-0.0016374194292438915,-0.0016374194292438915
biomass_plant,power,HU,0,gigawatt,1.0528427331542562,0.0,-0.0016374194292438915,-0.0016374194292438915
biomass_plant,power,IE,0,gigawatt,0.1752229694244854,0.0,-0.0016374194292438915,-0.0016374194292438915
biomass_plant,power,IT,0,gigawatt,1.9798074940536183,0.0,-0.0016374194292438915,-0.0016374194292438915
biomass_plant,power,LT,0,gigawatt,0.46130511346618797,0.0,-0.0016374194292438915,-0.0016374194292438915
biomass_plant,power,LU,0,gigawatt,0.020090478535292736,0.0,-0.0016374194292438915,-0.0016374194292438915
biomass_plant,power,LV,0,gigawatt,0.4774028677587622,0.0,-0.0016374194292438915,-0.0016374194292438915
biomass_plant,power,NL,0,gigawatt,1.0505735249293753,0.0,-0.0016374194292438915,-0.0016374194292438915
biomass_plant,power,NO,0,gigawatt,1.476631600920515,0.0,-0.0016374194292438915,-0.0016374194292438915
biomass_plant,power,PL,0,gigawatt,2.1123743006005498,0.0,-0.0016374194292438915,-0.0016374194292438915
biomass_plant,power,PT,0,gigawatt,0.4822272777553158,0.0,-0.0016374194292438915,-0.0016374194292438915
biomass_plant,power,RO,0,gigawatt,1.7971157773062405,0.0,-0.0016374194292438915,-0.0016374194292438915
biomass_plant,power,SE,0,gigawatt,2.890301788848656,0.0,-0.0016374194292438915,-0.0016374194292438915
biomass_plant,power,SI,0,gigawatt,0.11830103607983974,0.0,-0.0016374194292438915,-0.0016374194292438915
biomass_plant,power,SK,0,gigawatt,0.40801022006252763,0.0,-0.0016374194292438915,-0.0016374194292438915
biomass_plant,power,UK,0,gigawatt,0.19862880724059417,0.0,-0.0016374194292438915,-0.0016374194292438915
biomass_to_cement_fuel,power,AT,0,gigawatt,0.0,0.0,1427.6432432432432,1427.6432432432432
biomass_to_cement_fuel,power,BE,0,gigawatt,0.0,0.0,1427.6432432432432,1427.6432432432432
biomass_to_cement_fuel,power,BG,0,gigawatt,0.0,0.0,1427.6432432432432,1427.6432432432432
biomass_to_cement_fuel,power,CH,0,gigawatt,0.0,0.0,1427.6432432432432,1427.6432432432432
biomass_to_cement_fuel,power,CZ,0,gigawatt,0.0,0.0,1271.574349256881,1271.574349256881
biomass_to_cement_fuel,power,DE,0,gigawatt,0.0,0.0,1426.0217794749974,1426.0217794749974
biomass_to_cement_fuel,power,DK,0,gigawatt,0.0,0.0,1334.8983095300266,1334.8983095300266
biomass_to_cement_fuel,power,EE,0,gigawatt,0.0,0.0,756.3565995405149,756.3565995405149
biomass_to_cement_fuel,power,EL,0,gigawatt,0.0,0.0,1279.1898352380279,1279.1898352380279
biomass_to_cement_fuel,power,ES,0,gigawatt,0.0,0.0,1427.6432432432432,1427.6432432432432
biomass_to_cement_fuel,power,FI,0,gigawatt,0.0,0.0,1427.6432432432432,1427.6432432432432
biomass_to_cement_fuel,power,FR,0,gigawatt,0.0,0.0,939.0152330562453,939.0152330562453
biomass_to_cement_fuel,power,HR,0,gigawatt,0.0,0.0,1273.7154882122024,1273.7154882122024
biomass_to_cement_fuel,power,HU,0,gigawatt,0.0,0.0,1359.1813581754568,1359.1813581754568
biomass_to_cement_fuel,power,IE,0,gigawatt,0.0,0.0,1161.6789600009324,1161.6789600009324
biomass_to_cement_fuel,power,IT,0,gigawatt,0.0,0.0,1174.184747213568,1174.184747213568
biomass_to_cement_fuel,power,LT,0,gigawatt,0.0,0.0,1182.4477143910512,1182.4477143910512
biomass_to_cement_fuel,power,LU,0,gigawatt,0.0,0.0,1427.6432432432432,1427.6432432432432
biomass_to_cement_fuel,power,LV,0,gigawatt,0.0,0.0,1195.3902649431598,1195.3902649431598
biomass_to_cement_fuel,power,NL,0,gigawatt,0.0,0.0,1427.6432432432432,1427.6432432432432
biomass_to_cement_fuel,power,NO,0,gigawatt,0.0,0.0,1427.6432432432432,1427.6432432432432
biomass_to_cement_fuel,power,PL,0,gigawatt,0.0,0.0,1427.6432432432432,1427.6432432432432
biomass_to_cement_fuel,power,PT,0,gigawatt,0.0,0.0,1290.1071612140463,1290.1071612140463
biomass_to_cement_fuel,power,RO,0,gigawatt,0.0,0.0,1427.6432432432432,1427.6432432432432
biomass_to_cement_fuel,power,SE,0,gigawatt,0.0,0.0,1427.6432432432432,1427.6432432432432
biomass_to_cement_fuel,power,SI,0,gigawatt,0.0,0.0,1427.6432432432432,1427.6432432432432
biomass_to_cement_fuel,power,SK,0,gigawatt,0.0,0.0,1292.0700362186967,1292.0700362186967
biomass_to_cement_fuel,power,UK,0,gigawatt,0.0,0.0,1337.5182968982006,1337.5182968982006
biomethane_conversion,power,AT,0,gigawatt,0.1554039613560692,0.0,-0.0012462210342505387,-0.0012462210342505387
biomethane_conversion,power,BE,0,gigawatt,1.0044339159135591,0.0,-0.0012462210342505387,-0.0012462210342505387
biomethane_conversion,power,BG,0,gigawatt,0.09794590156012173,0.0,-0.0012462210342505387,-0.0012462210342505387
biomethane_conversion,power,CH,0,gigawatt,0.1155010237244736,0.0,-0.0012462210342505387,-0.0012462210342505387
biomethane_conversion,power,CZ,0,gigawatt,0.7397960199454592,0.0,-0.0012462210342505387,-0.0012462210342505387
biomethane_conversion,power,DE,0,gigawatt,2.0185618763080297,0.0,-0.0012462210342505387,-0.0012462210342505387
biomethane_conversion,power,DK,0,gigawatt,0.7539567841038817,0.0,-0.0012462210342505387,-0.0012462210342505387
biomethane_conversion,power,EE,0,gigawatt,0.14377801785974756,0.0,-0.0012462210342505387,-0.0012462210342505387
biomethane_conversion,power,EL,0,gigawatt,0.1446151844645802,0.0,-0.0012462210342505387,-0.0012462210342505387
biomethane_conversion,power,ES,0,gigawatt,1.9303110557109346,0.0,-0.0012462210342505387,-0.0012462210342505387
biomethane_conversion,power,FI,0,gigawatt,0.1394468873176687,0.0,-0.0012462210342505387,-0.0012462210342505387
biomethane_conversion,power,FR,0,gigawatt,4.463958454605846,0.0,-0.0012462210342505387,-0.0012462210342505387
biomethane_conversion,power,HR,0,gigawatt,0.057088156603564144,0.0,-0.0012462210342505387,-0.0012462210342505387
biomethane_conversion,power,HU,0,gigawatt,1.106960532909215,0.0,-0.0012462210342505387,-0.0012462210342505387
biomethane_conversion,power,IE,0,gigawatt,0.317058842703577,0.0,-0.0012462210342505387,-0.0012462210342505387
biomethane_conversion,power,IT,0,gigawatt,2.003078215475964,0.0,-0.0012462210342505387,-0.0012462210342505387
biomethane_conversion,power,LT,0,gigawatt,0.29178835496654615,0.0,-0.0012462210342505387,-0.0012462210342505387
biomethane_conversion,power,LU,0,gigawatt,0.026292317450532676,0.0,-0.0012462210342505387,-0.0012462210342505387
biomethane_conversion,power,LV,0,gigawatt,0.14644635469304917,0.0,-0.0012462210342505387,-0.0012462210342505387
biomethane_conversion,power,NL,0,gigawatt,0.852795615006659,0.0,-0.0012462210342505387,-0.0012462210342505387
biomethane_conversion,power,NO,0,gigawatt,0.10305002318937087,0.0,-0.0012462210342505387,-0.0012462210342505387
biomethane_conversion,power,PL,0,gigawatt,1.653719584249746,0.0,-0.0012462210342505387,-0.0012462210342505387
biomethane_conversion,power,PT,0,gigawatt,0.42265982112664896,0.0,-0.0012462210342505387,-0.0012462210342505387
biomethane_conversion,power,RO,0,gigawatt,0.36533745411434554,0.0,-0.0012462210342505387,-0.0012462210342505387
biomethane_conversion,power,SE,0,gigawatt,0.3445007950223553,0.0,-0.0012462210342505387,-0.0012462210342505387
biomethane_conversion,power,SI,0,gigawatt,0.02733267255438229,0.0,-0.0012462210342505387,-0.0012462210342505387
biomethane_conversion,power,SK,0,gigawatt,0.21433158004502792,0.0,-0.0012462210342505387,-0.0012462210342505387
biomethane_conversion,power,UK,0,gigawatt,2.799029644494388,0.0,-0.0012462210342505387,-0.0012462210342505387
carbon_storage,power,AT,0,kilotCO2eq / hour,0.0,0.0,-4423.32987916653,-4423.32987916653
carbon_storage,power,BE,0,kilotCO2eq / hour,0.0,0.0,-2745.9592023682385,-2745.9592023682385
carbon_storage,power,BG,0,kilotCO2eq / hour,0.0,0.0,-4020.6086118652993,-4020.6086118652993
carbon_storage,power,CH,0,kilotCO2eq / hour,0.0,0.0,-4310.557871462235,-4310.557871462235
carbon_storage,power,CZ,0,kilotCO2eq / hour,0.0,0.0,-3961.8071744535055,-3961.8071744535055
carbon_storage,power,DE,0,kilotCO2eq / hour,2.142949339511181,0.0,-0.0017159086354467945,-0.0017159086354467945
carbon_storage,power,DK,0,kilotCO2eq / hour,0.8261859492044535,0.0,-0.0017159086354467945,-0.0017159086354467945
carbon_storage,power,EE,0,kilotCO2eq / hour,0.0,0.0,-2449.4237652817565,-2449.4237652817565
carbon_storage,power,EL,0,kilotCO2eq / hour,0.0,0.0,-4927.468613771857,-4927.468613771857
carbon_storage,power,ES,0,kilotCO2eq / hour,0.0,0.0,-5127.676519429863,-5127.676519429863
carbon_storage,power,FI,0,kilotCO2eq / hour,0.0,0.0,-914.6593999739142,-914.6593999739142
carbon_storage,power,FR,0,kilotCO2eq / hour,0.0,0.0,-3303.392409194719,-3303.392409194719
carbon_storage,power,HR,0,kilotCO2eq / hour,0.0,0.0,-5023.803607728325,-5023.803607728325
carbon_storage,power,HU,0,kilotCO2eq / hour,0.0,0.0,-4299.111604368504,-4299.111604368504
carbon_storage,power,IE,0,kilotCO2eq / hour,0.0,0.0,-2160.1275200721816,-2160.1275200721816
carbon_storage,power,IT,0,kilotCO2eq / hour,2.0322102771660537,0.0,-0.0017159086354467945,-0.0017159086354467945
carbon_storage,power,LT,0,kilotCO2eq / hour,0.0,0.0,-2525.5371102055033,-2525.5371102055033
carbon_storage,power,LU,0,kilotCO2eq / hour,0.0,0.0,-3045.6312907371484,-3045.6312907371484
carbon_storage,power,LV,0,kilotCO2eq / hour,0.0,0.0,-2905.2665408577377,-2905.2665408577377
carbon_storage,power,NL,0,kilotCO2eq / hour,7.301391500456266,0.0,-0.0017159086354467945,-0.0017159086354467945
carbon_storage,power,NO,0,kilotCO2eq / hour,19.01329505540699,0.0,-0.0017159086354467945,-0.0017159086354467945
carbon_storage,power,PL,0,kilotCO2eq / hour,2.014043582911733,0.0,-0.0017159086354467945,-0.0017159086354467945
carbon_storage,power,PT,0,kilotCO2eq / hour,0.0,0.0,-5935.114827290801,-5935.114827290801
carbon_storage,power,RO,0,kilotCO2eq / hour,4.756745332312152,0.0,-0.0017159086354467945,-0.0017159086354467945
carbon_storage,power,SE,0,kilotCO2eq / hour,0.0,0.0,-542.2518024541895,-542.2518024541895
carbon_storage,power,SI,0,kilotCO2eq / hour,0.0,0.0,-4825.889856601609,-4825.889856601609
carbon_storage,power,SK,0,kilotCO2eq / hour,0.0,0.0,-3942.941940872599,-3942.941940872599
carbon_storage,power,UK,0,kilotCO2eq / hour,21.84417561034247,0.0,-0.0017159086354467945,-0.0017159086354467945
cement_kiln,power,AT,0,kilotonproduct / hour,0.3367076000742009,0.0,-0.0012462210342539994,-0.0012462210342539994
cement_kiln,power,BE,0,kilotonproduct / hour,0.4425370337100457,0.0,-0.0012462210342539994,-0.0012462210342539994
cement_kiln,power,BG,0,kilotonproduct / hour,0.19655256432990864,0.0,-0.0012462210342539994,-0.0012462210342539994
cement_kiln,power,CH,0,kilotonproduct / hour,0.3340182648401826,0.0,-0.0012462210342539994,-0.0012462210342539994
cement_kiln,power,CZ,0,kilotonproduct / hour,0.34114804235502283,0.0,-0.0012462210342539994,-0.0012462210342539994
cement_kiln,power,DE,0,kilotonproduct / hour,2.514948384626712,0.0,-0.0012462210342539994,-0.0012462210342539994
cement_kiln,power,DK,0,kilotonproduct / hour,0.2745623339155252,0.0,-0.0012462210342539994,-0.0012462210342539994
cement_kiln,power,EE,0,kilotonproduct / hour,0.0625853173869863,0.0,-0.0012462210342539994,-0.0012462210342539994
cement_kiln,power,EL,0,kilotonproduct / hour,0.7180501594303654,0.0,-0.0012462210342539994,-0.0012462210342539994
cement_kiln,power,ES,0,kilotonproduct / hour,1.8542531636872148,0.0,-0.0012462210342539994,-0.0012462210342539994
cement_kiln,power,FI,0,kilotonproduct / hour,0.11017353303881278,0.0,-0.0012462210342539994,-0.0012462210342539994
cement_kiln,power,FR,0,kilotonproduct / hour,1.2657015711259132,0.0,-0.0012462210342539994,-0.0012462210342539994
cement_kiln,power,HR,0,kilotonproduct / hour,0.2431364118550228,0.0,-0.0012462210342539994,-0.0012462210342539994
cement_kiln,power,HU,0,kilotonproduct / hour,0.16469677051940637,0.0,-0.0012462210342539994,-0.0012462210342539994
cement_kiln,power,IE,0,kilotonproduct / hour,0.3545178717579908,0.0,-0.0012462210342539994,-0.0012462210342539994
cement_kiln,power,IT,0,kilotonproduct / hour,1.4926717498926942,0.0,-0.0012462210342539994,-0.0012462210342539994
cement_kiln,power,LT,0,kilotonproduct / hour,0.1035084415981735,0.0,-0.0012462210342539994,-0.0012462210342539994
cement_kiln,power,LU,0,kilotonproduct / hour,0.0760712499086758,0.0,-0.0012462210342539994,-0.0012462210342539994
cement_kiln,power,LV,0,kilotonproduct / hour,0.08656327102739725,0.0,-0.0012462210342539994,-0.0012462210342539994
cement_kiln,power,NL,0,kilotonproduct / hour,0.0,0.0,-0.0012462210342539994,-0.0012462210342539994
cement_kiln,power,NO,0,kilotonproduct / hour,0.14223744292237445,0.0,-0.0012462210342539994,-0.0012462210342539994
cement_kiln,power,PL,0,kilotonproduct / hour,1.2984260901643836,0.0,-0.0012462210342539994,-0.0012462210342539994
cement_kiln,power,PT,0,kilotonproduct / hour,0.5132842721920091,0.0,-0.0012462210342539994,-0.0012462210342539994
cement_kiln,power,RO,0,kilotonproduct / hour,0.6760166488002283,0.0,-0.0012462210342539994,-0.0012462210342539994
cement_kiln,power,SE,0,kilotonproduct / hour,0.25970178893949764,0.0,-0.0012462210342539994,-0.0012462210342539994
cement_kiln,power,SI,0,kilotonproduct / hour,0.0794201206538242,0.0,-0.0012462210342539994,-0.0012462210342539994
cement_kiln,power,SK,0,kilotonproduct / hour,0.26727380245776255,0.0,-0.0012462210342539994,-0.0012462210342539994
cement_kiln,power,UK,0,kilotonproduct / hour,0.7198173515981735,0.0,-0.0012462210342539994,-0.0012462210342539994
coal_to_cement_fuel,power,AT,0,gigawatt,0.0,0.0,848.0119920673543,848.0119920673543
coal_to_cement_fuel,power,BE,0,gigawatt,0.0,0.0,838.7834207702086,838.7834207702086
coal_to_cement_fuel,power,BG,0,gigawatt,0.0,0.0,827.6067542724902,827.6067542724902
coal_to_cement_fuel,power,CH,0,gigawatt,0.0,0.0,16.138089922310883,16.138089922310883
coal_to_cement_fuel,power,CZ,0,gigawatt,0.0,0.0,811.9698142834775,811.9698142834775
coal_to_cement_fuel,power,DE,0,gigawatt,0.0,0.0,759.9037878744398,759.9037878744398
coal_to_cement_fuel,power,DK,0,gigawatt,0.0,0.0,313.2660531482841,313.2660531482841
coal_to_cement_fuel,power,EE,0,gigawatt,0.0,0.0,228.77474838194735,228.77474838194735
coal_to_cement_fuel,power,EL,0,gigawatt,0.0,0.0,655.34475497008,655.34475497008
coal_to_cement_fuel,power,ES,0,gigawatt,0.0,0.0,1338.294033274665,1338.294033274665
coal_to_cement_fuel,power,FI,0,gigawatt,0.0,0.0,1235.5844916817662,1235.5844916817662
coal_to_cement_fuel,power,FR,0,gigawatt,0.0,0.0,1018.2053074502805,1018.2053074502805
coal_to_cement_fuel,power,HR,0,gigawatt,0.0,0.0,770.218439351689,770.218439351689
coal_to_cement_fuel,power,HU,0,gigawatt,0.0,0.0,766.2183178063037,766.2183178063037
coal_to_cement_fuel,power,IE,0,gigawatt,0.0,0.0,622.9762866290226,622.9762866290226
coal_to_cement_fuel,power,IT,0,gigawatt,0.0,0.0,922.6394688947635,922.6394688947635
coal_to_cement_fuel,power,LT,0,gigawatt,0.0,0.0,432.29303552432475,432.29303552432475
coal_to_cement_fuel,power,LU,0,gigawatt,0.0,0.0,843.2631004943604,843.2631004943604
coal_to_cement_fuel,power,LV,0,gigawatt,0.0,0.0,43.47921404913586,43.47921404913586
coal_to_cement_fuel,power,NL,0,gigawatt,0.0,0.0,1363.7189189189187,1363.7189189189187
coal_to_cement_fuel,power,NO,0,gigawatt,0.0,0.0,833.3477008430133,833.3477008430133
coal_to_cement_fuel,power,PL,0,gigawatt,0.0,0.0,754.3217227071768,754.3217227071768
coal_to_cement_fuel,power,PT,0,gigawatt,0.0,0.0,1339.340563698262,1339.340563698262
coal_to_cement_fuel,power,RO,0,gigawatt,0.0,0.0,880.9005175296819,880.9005175296819
coal_to_cement_fuel,power,SE,0,gigawatt,0.0,0.0,1246.4334181996724,1246.4334181996724
coal_to_cement_fuel,power,SI,0,gigawatt,0.0,0.0,847.787539374384,847.787539374384
coal_to_cement_fuel,power,SK,0,gigawatt,0.0,0.0,715.898364447809,715.898364447809
coal_to_cement_fuel,power,UK,0,gigawatt,0.0,0.0,1055.606734244605,1055.606734244605
diesel_ICE_ship,power,AT,0,gigawatt,0.0,0.0,578.2137418794147,578.2137418794147
diesel_ICE_ship,power,BE,0,gigawatt,0.0,0.0,636.7831868091527,636.7831868091527
diesel_ICE_ship,power,BG,0,gigawatt,0.0,0.0,636.7831868091527,636.7831868091527
diesel_ICE_ship,power,CH,0,gigawatt,0.0,0.0,609.8666363715005,609.8666363715005
diesel_ICE_ship,power,CZ,0,gigawatt,0.0,0.0,636.7831868091527,636.7831868091527
diesel_ICE_ship,power,DE,0,gigawatt,0.0,0.0,460.02512816978845,460.02512816978845
diesel_ICE_ship,power,DK,0,gigawatt,0.0,0.0,636.7831868091527,636.7831868091527
diesel_ICE_ship,power,EE,0,gigawatt,0.0,0.0,608.1281947031525,608.1281947031525
diesel_ICE_ship,power,EL,0,gigawatt,0.0,0.0,636.7831868091527,636.7831868091527
diesel_ICE_ship,power,ES,0,gigawatt,0.0,0.0,636.7831868091527,636.7831868091527
diesel_ICE_ship,power,FI,0,gigawatt,0.0,0.0,636.7831868091527,636.7831868091527
diesel_ICE_ship,power,FR,0,gigawatt,0.0,0.0,636.7831868091527,636.7831868091527
diesel_ICE_ship,power,HR,0,gigawatt,0.0,0.0,636.7831868091527,636.7831868091527
diesel_ICE_ship,power,HU,0,gigawatt,0.0,0.0,636.7831868091527,636.7831868091527
diesel_ICE_ship,power,IE,0,gigawatt,0.0,0.0,636.7831868091527,636.7831868091527
diesel_ICE_ship,power,IT,0,gigawatt,0.0,0.0,636.7831868091527,636.7831868091527
diesel_ICE_ship,power,LT,0,gigawatt,0.0,0.0,636.7831868091527,636.7831868091527
diesel_ICE_ship,power,LU,0,gigawatt,0.0,0.0,427.65806902027725,427.65806902027725
diesel_ICE_ship,power,LV,0,gigawatt,0.0,0.0,636.7831868091527,636.7831868091527
diesel_ICE_ship,power,NL,0,gigawatt,0.0,0.0,636.7831868091527,636.7831868091527
diesel_ICE_ship,power,NO,0,gigawatt,0.0,0.0,636.7831868091527,636.7831868091527
diesel_ICE_ship,power,PL,0,gigawatt,0.0,0.0,629.3851368170932,629.3851368170932
diesel_ICE_ship,power,PT,0,gigawatt,0.0,0.0,636.7831868091527,636.7831868091527
diesel_ICE_ship,power,RO,0,gigawatt,0.0,0.0,636.7831868091527,636.7831868091527
diesel_ICE_ship,power,SE,0,gigawatt,0.0,0.0,636.7831868091527,636.7831868091527
diesel_ICE_ship,power,SI,0,gigawatt,0.0,0.0,636.7831868091527,636.7831868091527
diesel_ICE_ship,power,SK,0,gigawatt,0.0,0.0,636.7831868091527,636.7831868091527
diesel_ICE_ship,power,UK,0,gigawatt,0.0,0.0,571.2520223141757,571.2520223141757
district_heating_grid,power,AT,0,gigawatt,0.9536565508029651,0.0,-0.001715908635389951,-0.001715908635389951
district_heating_grid,power,BE,0,gigawatt,2.3557088681216523,0.0,-0.001715908635389951,-0.001715908635389951
district_heating_grid,power,BG,0,gigawatt,0.9886050987229689,0.0,-0.001715908635389951,-0.001715908635389951
district_heating_grid,power,CH,0,gigawatt,0.2769375088704593,0.0,-0.001715908635389951,-0.001715908635389951
district_heating_grid,power,CZ,0,gigawatt,1.654623542270903,0.0,-0.001715908635389951,-0.001715908635389951
district_heating_grid,power,DE,0,gigawatt,10.77291474928349,0.0,-0.001715908635389951,-0.001715908635389951
district_heating_grid,power,DK,0,gigawatt,0.0,0.0,482.7102057996699,482.7102057996699
district_heating_grid,power,EE,0,gigawatt,0.01833055563642816,0.0,-0.001715908635389951,-0.001715908635389951
district_heating_grid,power,EL,0,gigawatt,5.091789648627322,0.0,-0.001715908635389951,-0.001715908635389951
district_heating_grid,power,ES,0,gigawatt,9.905076854301443,0.0,-0.001715908635389951,-0.001715908635389951
district_heating_grid,power,FI,0,gigawatt,0.0,0.0,482.7102057996699,482.7102057996699
district_heating_grid,power,FR,0,gigawatt,5.375774256495149,0.0,-0.001715908635389951,-0.001715908635389951
district_heating_grid,power,HR,0,gigawatt,1.0968503673545276,0.0,-0.001715908635389951,-0.001715908635389951
district_heating_grid,power,HU,0,gigawatt,0.6153616001536473,0.0,-0.001715908635389951,-0.001715908635389951
district_heating_grid,power,IE,0,gigawatt,1.5490183238946789,0.0,-0.001715908635389951,-0.001715908635389951
district_heating_grid,power,IT,0,gigawatt,5.723658101947253,0.0,-0.001715908635389951,-0.001715908635389951
district_heating_grid,power,LT,0,gigawatt,0.0,0.0,33.48980401657417,33.48980401657417
district_heating_grid,power,LU,0,gigawatt,0.19796848869886194,0.0,-0.001715908635389951,-0.001715908635389951
district_heating_grid,power,LV,0,gigawatt,0.0,0.0,109.74881441004555,109.74881441004555
district_heating_grid,power,NL,0,gigawatt,0.08854051764851212,0.0,-0.001715908635389951,-0.001715908635389951
district_heating_grid,power,NO,0,gigawatt,0.2641596901977464,0.0,-0.001715908635389951,-0.001715908635389951
district_heating_grid,power,PL,0,gigawatt,2.7125781863167324,0.0,-0.001715908635389951,-0.001715908635389951
district_heating_grid,power,PT,0,gigawatt,1.9195904707652058,0.0,-0.001715908635389951,-0.001715908635389951
district_heating_grid,power,RO,0,gigawatt,4.030066030114015,0.0,-0.001715908635389951,-0.001715908635389951
district_heating_grid,power,SE,0,gigawatt,0.23726369037589223,0.0,-0.001715908635389951,-0.001715908635389951
district_heating_grid,power,SI,0,gigawatt,0.22842295420238526,0.0,-0.001715908635389951,-0.001715908635389951
district_heating_grid,power,SK,0,gigawatt,1.423615745868956,0.0,-0.001715908635389951,-0.001715908635389951
district_heating_grid,power,UK,0,gigawatt,2.6575858459020854,0.0,-0.001715908635389951,-0.001715908635389951
electrode_boiler,power,AT,0,gigawatt,0.0,0.0,97.27872921098464,97.27872921098464
electrode_boiler,power,BE,0,gigawatt,0.0,0.0,197.39895946598057,197.39895946598057
electrode_boiler,power,BG,0,gigawatt,0.0,0.0,213.59574623671992,213.59574623671992
electrode_boiler,power,CH,0,gigawatt,0.0,0.0,137.26090541513642,137.26090541513642
electrode_boiler,power,CZ,0,gigawatt,0.0,0.0,224.13624158429627,224.13624158429627
electrode_boiler,power,DE,0,gigawatt,0.0,0.0,98.59774409604017,98.59774409604017
electrode_boiler,power,DK,0,gigawatt,0.0010254181930865352,0.0,-0.001537245102667839,-0.001537245102667839
electrode_boiler,power,EE,0,gigawatt,0.020439751891324253,0.0,-0.001537245102667839,-0.001537245102667839
electrode_boiler,power,EL,0,gigawatt,0.0,0.0,136.2974956682868,136.2974956682868
electrode_boiler,power,ES,0,gigawatt,0.03176392989940536,0.0,-0.001537245102667839,-0.001537245102667839
electrode_boiler,power,FI,0,gigawatt,0.15173574515377303,0.0,-0.001537245102667839,-0.001537245102667839
electrode_boiler,power,FR,0,gigawatt,0.0015563986973145462,0.0,-0.001537245102667839,-0.001537245102667839
electrode_boiler,power,HR,0,gigawatt,0.0,0.0,434.7901741576243,434.7901741576243
electrode_boiler,power,HU,0,gigawatt,0.14700188062575156,0.0,-0.001537245102667839,-0.001537245102667839
electrode_boiler,power,IE,0,gigawatt,0.09219124761400405,0.0,-0.001537245102667839,-0.001537245102667839
electrode_boiler,power,IT,0,gigawatt,0.0,0.0,88.44517487280456,88.44517487280456
electrode_boiler,power,LT,0,gigawatt,0.0,0.0,76.22126726534759,76.22126726534759
electrode_boiler,power,LU,0,gigawatt,0.0,0.0,181.29876518847186,181.29876518847186
electrode_boiler,power,LV,0,gigawatt,0.0010017262684324766,0.0,-0.001537245102667839,-0.001537245102667839
electrode_boiler,power,NL,0,gigawatt,0.32189206060907943,0.0,-0.001537245102667839,-0.001537245102667839
electrode_boiler,power,NO,0,gigawatt,0.000352332768392106,0.0,-0.001537245102667839,-0.001537245102667839
electrode_boiler,power,PL,0,gigawatt,0.0,0.0,86.19016134489641,86.19016134489641
electrode_boiler,power,PT,0,gigawatt,0.031512611562679746,0.0,-0.001537245102667839,-0.001537245102667839
electrode_boiler,power,RO,0,gigawatt,0.0,0.0,74.14624991656876,74.14624991656876
electrode_boiler,power,SE,0,gigawatt,0.00048444865806904355,0.0,-0.001537245102667839,-0.001537245102667839
electrode_boiler,power,SI,0,gigawatt,0.0,0.0,372.2262435900371,372.2262435900371
electrode_boiler,power,SK,0,gigawatt,0.0,0.0,176.56459324703096,176.56459324703096
electrode_boiler,power,UK,0,gigawatt,0.0004917228272412641,0.0,-0.001537245102667839,-0.001537245102667839
electrode_boiler_DH,power,AT,0,gigawatt,0.0,0.0,85.99845062578225,85.99845062578225
electrode_boiler_DH,power,BE,0,gigawatt,0.0,0.0,178.15021315498882,178.15021315498882
electrode_boiler_DH,power,BG,0,gigawatt,0.0,0.0,179.39742384996086,179.39742384996086
electrode_boiler_DH,power,CH,0,gigawatt,0.0,0.0,113.92567431789638,113.92567431789638
electrode_boiler_DH,power,CZ,0,gigawatt,0.0,0.0,222.51608252761525,222.51608252761525
electrode_boiler_DH,power,DE,0,gigawatt,0.0,0.0,51.18952034608134,51.18952034608134
electrode_boiler_DH,power,DK,0,gigawatt,0.0,0.0,19.947377191326154,19.947377191326154
electrode_boiler_DH,power,EE,0,gigawatt,0.0003064157039951598,0.0,-0.0014093944565729544,-0.0014093944565729544
electrode_boiler_DH,power,EL,0,gigawatt,0.0,0.0,74.7054313818515,74.7054313818515
electrode_boiler_DH,power,ES,0,gigawatt,0.0,0.0,52.9302182617958,52.9302182617958
electrode_boiler_DH,power,FI,0,gigawatt,0.0,0.0,31.945313699501867,31.945313699501867
electrode_boiler_DH,power,FR,0,gigawatt,0.0,0.0,19.41513557426356,19.41513557426356
electrode_boiler_DH,power,HR,0,gigawatt,0.0,0.0,359.56757361179405,359.56757361179405
electrode_boiler_DH,power,HU,0,gigawatt,0.028113703218010024,0.0,-0.0014093944565729544,-0.0014093944565729544
electrode_boiler_DH,power,IE,0,gigawatt,0.00738543176803934,0.0,-0.0014093944565729544,-0.0014093944565729544
electrode_boiler_DH,power,IT,0,gigawatt,0.0,0.0,26.33494322517589,26.33494322517589
electrode_boiler_DH,power,LT,0,gigawatt,0.0,0.0,12.970722974744717,12.970722974744717
electrode_boiler_DH,power,LU,0,gigawatt,0.0,0.0,185.20886294235322,185.20886294235322
electrode_boiler_DH,power,LV,0,gigawatt,0.0,0.0,16.32283806570649,16.32283806570649
electrode_boiler_DH,power,NL,0,gigawatt,0.017618705252749417,0.0,-0.0014093944565729544,-0.0014093944565729544
electrode_boiler_DH,power,NO,0,gigawatt,0.0,0.0,57.48229346512636,57.48229346512636
electrode_boiler_DH,power,PL,0,gigawatt,0.0,0.0,80.97116803389531,80.97116803389531
electrode_boiler_DH,power,PT,0,gigawatt,0.011705634443325601,0.0,-0.0014093944565729544,-0.0014093944565729544
electrode_boiler_DH,power,RO,0,gigawatt,0.0,0.0,48.65706794078062,48.65706794078062
electrode_boiler_DH,power,SE,0,gigawatt,0.007624211668228265,0.0,-0.0014093944565729544,-0.0014093944565729544
electrode_boiler_DH,power,SI,0,gigawatt,0.0,0.0,359.56757361179405,359.56757361179405
electrode_boiler_DH,power,SK,0,gigawatt,0.0,0.0,173.22101301324318,173.22101301324318
electrode_boiler_DH,power,UK,0,gigawatt,0.0021674339031851463,0.0,-0.0014093944565729544,-0.0014093944565729544
electrolysis,power,AT,0,gigawatt,8.616514282560026,0.0,-0.0014643033621268842,-0.0014643033621268842
electrolysis,power,BE,0,gigawatt,5.574069443051972,0.0,-0.0014643033621268842,-0.0014643033621268842
electrolysis,power,BG,0,gigawatt,5.178325196611256,0.0,-0.0014643033621268842,-0.0014643033621268842
electrolysis,power,CH,0,gigawatt,0.0,0.0,15.026605096766502,15.026605096766502
electrolysis,power,CZ,0,gigawatt,0.7020503617408677,0.0,-0.0014643033621268842,-0.0014643033621268842
electrolysis,power,DE,0,gigawatt,3.4193407883680353,0.0,-0.0014643033621268842,-0.0014643033621268842
electrolysis,power,DK,0,gigawatt,2.03408717377718,0.0,-0.0014643033621268842,-0.0014643033621268842
electrolysis,power,EE,0,gigawatt,0.9713465885955982,0.0,-0.0014643033621268842,-0.0014643033621268842
electrolysis,power,EL,0,gigawatt,11.938920903300367,0.0,-0.0014643033621268842,-0.0014643033621268842
electrolysis,power,ES,0,gigawatt,64.31042616777002,0.0,-0.0014643033621268842,-0.0014643033621268842
electrolysis,power,FI,0,gigawatt,0.0,0.0,62.61208779806475,62.61208779806475
electrolysis,power,FR,0,gigawatt,29.679816570543604,0.0,-0.0014643033621268842,-0.0014643033621268842
electrolysis,power,HR,0,gigawatt,3.8768434369667215,0.0,-0.0014643033621268842,-0.0014643033621268842
electrolysis,power,HU,0,gigawatt,1.2571329326136718,0.0,-0.0014643033621268842,-0.0014643033621268842
electrolysis,power,IE,0,gigawatt,3.3106163842097254,0.0,-0.0014643033621268842,-0.0014643033621268842
electrolysis,power,IT,0,gigawatt,106.46992585023992,0.0,-0.0014643033621268842,-0.0014643033621268842
electrolysis,power,LT,0,gigawatt,0.24531730433487797,0.0,-0.0014643033621268842,-0.0014643033621268842
electrolysis,power,LU,0,gigawatt,0.0,0.0,19.03393008875196,19.03393008875196
electrolysis,power,LV,0,gigawatt,0.42349142911264237,0.0,-0.0014643033621268842,-0.0014643033621268842
electrolysis,power,NL,0,gigawatt,4.105231416204218,0.0,-0.0014643033621268842,-0.0014643033621268842
electrolysis,power,NO,0,gigawatt,1.6336395781715545,0.0,-0.0014643033621268842,-0.0014643033621268842
electrolysis,power,PL,0,gigawatt,1.5833319804046135,0.0,-0.0014643033621268842,-0.0014643033621268842
electrolysis,power,PT,0,gigawatt,4.028984228129618,0.0,-0.0014643033621268842,-0.0014643033621268842
electrolysis,power,RO,0,gigawatt,7.082583185076047,0.0,-0.0014643033621268842,-0.0014643033621268842
electrolysis,power,SE,0,gigawatt,7.155518164016192,0.0,-0.0014643033621268842,-0.0014643033621268842
electrolysis,power,SI,0,gigawatt,0.0,0.0,1.536928793038328,1.536928793038328
electrolysis,power,SK,0,gigawatt,0.13980823261677003,0.0,-0.0014643033621268842,-0.0014643033621268842
electrolysis,power,UK,0,gigawatt,11.749758755079421,0.0,-0.0014643033621268842,-0.0014643033621268842
fischer_tropsch,power,AT,0,gigawatt,0.0,0.0,1317.8142170016968,1317.8142170016968
fischer_tropsch,power,BE,0,gigawatt,0.0,0.0,1317.8142170016968,1317.8142170016968
fischer_tropsch,power,BG,0,gigawatt,0.0,0.0,1317.8142170016968,1317.8142170016968
fischer_tropsch,power,CH,0,gigawatt,0.0,0.0,1317.8142170016968,1317.8142170016968
fischer_tropsch,power,CZ,0,gigawatt,0.0,0.0,1317.8142170016968,1317.8142170016968
fischer_tropsch,power,DE,0,gigawatt,0.0,0.0,1317.8142170016968,1317.8142170016968
fischer_tropsch,power,DK,0,gigawatt,0.0,0.0,1317.8142170016968,1317.8142170016968
fischer_tropsch,power,EE,0,gigawatt,0.0,0.0,1317.8142170016968,1317.8142170016968
fischer_tropsch,power,EL,0,gigawatt,0.0,0.0,1317.8142170016968,1317.8142170016968
fischer_tropsch,power,ES,0,gigawatt,0.0,0.0,1317.8142170016968,1317.8142170016968
fischer_tropsch,power,FI,0,gigawatt,0.0,0.0,1317.8142170016968,1317.8142170016968
fischer_tropsch,power,FR,0,gigawatt,0.0,0.0,1317.8142170016968,1317.8142170016968
fischer_tropsch,power,HR,0,gigawatt,0.0,0.0,1317.8142170016968,1317.8142170016968
fischer_tropsch,power,HU,0,gigawatt,0.0,0.0,1304.2786979981038,1304.2786979981038
fischer_tropsch,power,IE,0,gigawatt,0.0,0.0,1317.8142170016968,1317.8142170016968
fischer_tropsch,power,IT,0,gigawatt,0.0,0.0,1317.8142170016968,1317.8142170016968
fischer_tropsch,power,LT,0,gigawatt,0.0,0.0,1317.8142170016968,1317.8142170016968
fischer_tropsch,power,LU,0,gigawatt,0.0,0.0,1317.8142170016968,1317.8142170016968
fischer_tropsch,power,LV,0,gigawatt,0.0,0.0,1317.8142170016968,1317.8142170016968
fischer_tropsch,power,NL,0,gigawatt,0.0,0.0,1317.8142170016968,1317.8142170016968
fischer_tropsch,power,NO,0,gigawatt,0.0,0.0,1317.8142170016968,1317.8142170016968
fischer_tropsch,power,PL,0,gigawatt,0.0,0.0,1317.8142170016968,1317.8142170016968
fischer_tropsch,power,PT,0,gigawatt,0.0,0.0,1317.8142170016968,1317.8142170016968
fischer_tropsch,power,RO,0,gigawatt,0.0,0.0,1317.8142170016968,1317.8142170016968
fischer_tropsch,power,SE,0,gigawatt,0.0,0.0,1317.8142170016968,1317.8142170016968
fischer_tropsch,power,SI,0,gigawatt,0.0,0.0,1317.8142170016968,1317.8142170016968
fischer_tropsch,power,SK,0,gigawatt,0.0,0.0,1317.8142170016968,1317.8142170016968
fischer_tropsch,power,UK,0,gigawatt,0.0,0.0,1317.8142170016968,1317.8142170016968
fuel_cell,power,AT,0,gigawatt,0.0,0.0,1204.6713169603545,1204.6713169603545
fuel_cell,power,BE,0,gigawatt,0.0,0.0,1574.6398024513678,1574.6398024513678
fuel_cell,power,BG,0,gigawatt,0.0,0.0,1619.3985454711187,1619.3985454711187
fuel_cell,power,CH,0,gigawatt,0.0,0.0,1111.8555787630753,1111.8555787630753
fuel_cell,power,CZ,0,gigawatt,0.0,0.0,1708.0805697139147,1708.0805697139147
fuel_cell,power,DE,0,gigawatt,0.0,0.0,1301.7435624375503,1301.7435624375503
fuel_cell,power,DK,0,gigawatt,0.0,0.0,2027.3891963364977,2027.3891963364977
fuel_cell,power,EE,0,gigawatt,0.0,0.0,2100.046563680307,2100.046563680307
fuel_cell,power,EL,0,gigawatt,0.0,0.0,1075.7020040032744,1075.7020040032744
fuel_cell,power,ES,0,gigawatt,0.0,0.0,540.4007795296432,540.4007795296432
fuel_cell,power,FI,0,gigawatt,0.0,0.0,1366.2242760977097,1366.2242760977097
fuel_cell,power,FR,0,gigawatt,0.0,0.0,2081.5460622388714,2081.5460622388714
fuel_cell,power,HR,0,gigawatt,0.0,0.0,1595.8101955904335,1595.8101955904335
fuel_cell,power,HU,0,gigawatt,0.0,0.0,1827.747833551253,1827.747833551253
fuel_cell,power,IE,0,gigawatt,0.0,0.0,2193.43367937242,2193.43367937242
fuel_cell,power,IT,0,gigawatt,0.0,0.0,982.856021037638,982.856021037638
fuel_cell,power,LT,0,gigawatt,0.0,0.0,1925.209038705117,1925.209038705117
fuel_cell,power,LU,0,gigawatt,0.0,0.0,1710.997009144454,1710.997009144454
fuel_cell,power,LV,0,gigawatt,0.0,0.0,2093.068605183989,2093.068605183989
fuel_cell,power,NL,0,gigawatt,0.0,0.0,1783.9379648461531,1783.9379648461531
fuel_cell,power,NO,0,gigawatt,0.0,0.0,2051.664784279598,2051.664784279598
fuel_cell,power,PL,0,gigawatt,0.0,0.0,1300.9204908234015,1300.9204908234015
fuel_cell,power,PT,0,gigawatt,0.0,0.0,1013.3887832463503,1013.3887832463503
fuel_cell,power,RO,0,gigawatt,0.0,0.0,1714.8866378749126,1714.8866378749126
fuel_cell,power,SE,0,gigawatt,0.0,0.0,2376.3429133532236,2376.3429133532236
fuel_cell,power,SI,0,gigawatt,0.0,0.0,1548.2986025976143,1548.2986025976143
fuel_cell,power,SK,0,gigawatt,0.0,0.0,1829.6355974567039,1829.6355974567039
fuel_cell,power,UK,0,gigawatt,0.0,0.0,1875.7515949335368,1875.7515949335368
gasification,power,AT,0,gigawatt,0.0,0.0,1865.7320235094426,1865.7320235094426
gasification,power,BE,0,gigawatt,0.0,0.0,1865.7320235094426,1865.7320235094426
gasification,power,BG,0,gigawatt,0.0,0.0,1865.7320235094426,1865.7320235094426
gasification,power,CH,0,gigawatt,0.0,0.0,1865.7320235094426,1865.7320235094426
gasification,power,CZ,0,gigawatt,0.0,0.0,1865.7320235094426,1865.7320235094426
gasification,power,DE,0,gigawatt,0.0,0.0,1865.7320235094426,1865.7320235094426
gasification,power,DK,0,gigawatt,0.0,0.0,1865.7320235094426,1865.7320235094426
gasification,power,EE,0,gigawatt,0.0,0.0,1865.7320235094426,1865.7320235094426
gasification,power,EL,0,gigawatt,0.0,0.0,1865.7320235094426,1865.7320235094426
gasification,power,ES,0,gigawatt,0.0,0.0,1865.7320235094426,1865.7320235094426
gasification,power,FI,0,gigawatt,0.0,0.0,1865.7320235094426,1865.7320235094426
gasification,power,FR,0,gigawatt,0.0,0.0,1865.7320235094426,1865.7320235094426
gasification,power,HR,0,gigawatt,0.0,0.0,1865.7320235094426,1865.7320235094426
gasification,power,HU,0,gigawatt,0.0,0.0,1865.7320235094426,1865.7320235094426
gasification,power,IE,0,gigawatt,0.0,0.0,1865.7320235094426,1865.7320235094426
gasification,power,IT,0,gigawatt,0.0,0.0,1865.7320235094426,1865.7320235094426
gasification,power,LT,0,gigawatt,0.0,0.0,1865.7320235094426,1865.7320235094426
gasification,power,LU,0,gigawatt,0.0,0.0,1865.7320235094426,1865.7320235094426
gasification,power,LV,0,gigawatt,0.0,0.0,1865.7320235094426,1865.7320235094426
gasification,power,NL,0,gigawatt,0.0,0.0,1865.7320235094426,1865.7320235094426
gasification,power,NO,0,gigawatt,0.0,0.0,1865.7320235094426,1865.7320235094426
gasification,power,PL,0,gigawatt,0.0,0.0,1865.7320235094426,1865.7320235094426
gasification,power,PT,0,gigawatt,0.0,0.0,1865.7320235094426,1865.7320235094426
gasification,power,RO,0,gigawatt,0.0,0.0,1865.7320235094426,1865.7320235094426
gasification,power,SE,0,gigawatt,0.0,0.0,1865.7320235094426,1865.7320235094426
gasification,power,SI,0,gigawatt,0.0,0.0,1865.7320235094426,1865.7320235094426
gasification,power,SK,0,gigawatt,0.0,0.0,1865.7320235094426,1865.7320235094426
gasification,power,UK,0,gigawatt,0.0,0.0,1865.7320235094426,1865.7320235094426
haber_bosch,power,AT,0,gigawatt,0.2997421637340507,0.0,-0.001537245102781526,-0.001537245102781526
haber_bosch,power,BE,0,gigawatt,0.864560639262208,0.0,-0.001537245102781526,-0.001537245102781526
haber_bosch,power,BG,0,gigawatt,0.691297242485739,0.0,-0.001537245102781526,-0.001537245102781526
haber_bosch,power,CH,0,gigawatt,0.0,0.0,203.59834937929554,203.59834937929554
haber_bosch,power,CZ,0,gigawatt,0.21603038827679336,0.0,-0.001537245102781526,-0.001537245102781526
haber_bosch,power,DE,0,gigawatt,1.9802785592039396,0.0,-0.001537245102781526,-0.001537245102781526
haber_bosch,power,DK,0,gigawatt,0.0,0.0,727.0881860183055,727.0881860183055
haber_bosch,power,EE,0,gigawatt,0.12331734664133616,0.0,-0.001537245102781526,-0.001537245102781526
haber_bosch,power,EL,0,gigawatt,0.10171430781365681,0.0,-0.001537245102781526,-0.001537245102781526
haber_bosch,power,ES,0,gigawatt,0.8284337281413868,0.0,-0.001537245102781526,-0.001537245102781526
haber_bosch,power,FI,0,gigawatt,0.21494006051376657,0.0,-0.001537245102781526,-0.001537245102781526
haber_bosch,power,FR,0,gigawatt,0.9244300365011118,0.0,-0.001537245102781526,-0.001537245102781526
haber_bosch,power,HR,0,gigawatt,0.4146514166611768,0.0,-0.001537245102781526,-0.001537245102781526
haber_bosch,power,HU,0,gigawatt,0.37533209671871864,0.0,-0.001537245102781526,-0.001537245102781526
haber_bosch,power,IE,0,gigawatt,0.0,0.0,250.95954381209367,250.95954381209367
haber_bosch,power,IT,0,gigawatt,0.3708521665418286,0.0,-0.001537245102781526,-0.001537245102781526
haber_bosch,power,LT,0,gigawatt,0.9495507701512317,0.0,-0.001537245102781526,-0.001537245102781526
haber_bosch,power,LU,0,gigawatt,0.0,0.0,157.6105190813263,157.6105190813263
haber_bosch,power,LV,0,gigawatt,0.0,0.0,769.1556819820257,769.1556819820257
haber_bosch,power,NL,0,gigawatt,1.8848651377150223,0.0,-0.001537245102781526,-0.001537245102781526
haber_bosch,power,NO,0,gigawatt,0.6755782984272872,0.0,-0.001537245102781526,-0.001537245102781526
haber_bosch,power,PL,0,gigawatt,2.2012552530171927,0.0,-0.001537245102781526,-0.001537245102781526
haber_bosch,power,PT,0,gigawatt,0.07686716874673882,0.0,-0.001537245102781526,-0.001537245102781526
haber_bosch,power,RO,0,gigawatt,1.345689293640859,0.0,-0.001537245102781526,-0.001537245102781526
haber_bosch,power,SE,0,gigawatt,0.0,0.0,651.3527543771343,651.3527543771343
haber_bosch,power,SI,0,gigawatt,0.0,0.0,370.26518789215106,370.26518789215106
haber_bosch,power,SK,0,gigawatt,0.34131801329015266,0.0,-0.001537245102781526,-0.001537245102781526
haber_bosch,power,UK,0,gigawatt,0.6804957230718992,0.0,-0.001537245102781526,-0.001537245102781526
hard_coal_boiler_DH,power,AT,0,gigawatt,0.0,0.0,291.92633315648675,291.92633315648675
hard_coal_boiler_DH,power,BE,0,gigawatt,0.0,0.0,291.92633315648675,291.92633315648675
hard_coal_boiler_DH,power,BG,0,gigawatt,0.0,0.0,291.92633315648675,291.92633315648675
hard_coal_boiler_DH,power,CH,0,gigawatt,0.0,0.0,291.92633315648675,291.92633315648675
hard_coal_boiler_DH,power,CZ,0,gigawatt,0.0,0.0,291.92633315648675,291.92633315648675
hard_coal_boiler_DH,power,DE,0,gigawatt,0.0,0.0,291.92633315648675,291.92633315648675
hard_coal_boiler_DH,power,DK,0,gigawatt,0.0,0.0,291.92633315648675,291.92633315648675
hard_coal_boiler_DH,power,EE,0,gigawatt,0.0,0.0,291.92633315648675,291.92633315648675
hard_coal_boiler_DH,power,EL,0,gigawatt,0.0,0.0,291.92633315648675,291.92633315648675
hard_coal_boiler_DH,power,ES,0,gigawatt,0.0,0.0,291.92633315648675,291.92633315648675
hard_coal_boiler_DH,power,FI,0,gigawatt,0.0,0.0,291.92633315648675,291.92633315648675
hard_coal_boiler_DH,power,FR,0,gigawatt,0.0,0.0,291.92633315648675,291.92633315648675
hard_coal_boiler_DH,power,HR,0,gigawatt,0.0,0.0,291.92633315648675,291.92633315648675
hard_coal_boiler_DH,power,HU,0,gigawatt,0.0,0.0,291.92633315648675,291.92633315648675
hard_coal_boiler_DH,power,IE,0,gigawatt,0.0,0.0,291.92633315648675,291.92633315648675
hard_coal_boiler_DH,power,IT,0,gigawatt,0.0,0.0,291.92633315648675,291.92633315648675
hard_coal_boiler_DH,power,LT,0,gigawatt,0.0,0.0,291.92633315648675,291.92633315648675
hard_coal_boiler_DH,power,LU,0,gigawatt,0.0,0.0,291.92633315648675,291.92633315648675
hard_coal_boiler_DH,power,LV,0,gigawatt,0.0,0.0,291.92633315648675,291.92633315648675
hard_coal_boiler_DH,power,NL,0,gigawatt,0.0,0.0,291.92633315648675,291.92633315648675
hard_coal_boiler_DH,power,NO,0,gigawatt,0.0,0.0,291.92633315648675,291.92633315648675
hard_coal_boiler_DH,power,PL,0,gigawatt,0.0,0.0,291.92633315648675,291.92633315648675
hard_coal_boiler_DH,power,PT,0,gigawatt,0.0,0.0,291.92633315648675,291.92633315648675
hard_coal_boiler_DH,power,RO,0,gigawatt,0.0,0.0,291.92633315648675,291.92633315648675
hard_coal_boiler_DH,power,SE,0,gigawatt,0.0,0.0,291.92633315648675,291.92633315648675
hard_coal_boiler_DH,power,SI,0,gigawatt,0.0,0.0,291.92633315648675,291.92633315648675
hard_coal_boiler_DH,power,SK,0,gigawatt,0.0,0.0,291.92633315648675,291.92633315648675
hard_coal_boiler_DH,power,UK,0,gigawatt,0.0,0.0,291.92633315648675,291.92633315648675
hard_coal_plant,power,AT,0,gigawatt,0.0,0.0,2227.6439821730933,2227.6439821730933
hard_coal_plant,power,BE,0,gigawatt,0.0,0.0,2227.6439821730933,2227.6439821730933
hard_coal_plant,power,BG,0,gigawatt,0.0,0.0,2227.6439821730933,2227.6439821730933
hard_coal_plant,power,CH,0,gigawatt,0.0,0.0,2227.6439821730933,2227.6439821730933
hard_coal_plant,power,CZ,0,gigawatt,0.0,0.0,2227.6439821730933,2227.6439821730933
hard_coal_plant,power,DE,0,gigawatt,0.0,0.0,2227.6439821730933,2227.6439821730933
hard_coal_plant,power,DK,0,gigawatt,0.0,0.0,2227.6439821730933,2227.6439821730933
hard_coal_plant,power,EE,0,gigawatt,0.0,0.0,2227.6439821730933,2227.6439821730933
hard_coal_plant,power,EL,0,gigawatt,0.0,0.0,2227.6439821730933,2227.6439821730933
hard_coal_plant,power,ES,0,gigawatt,0.0,0.0,2227.6439821730933,2227.6439821730933
hard_coal_plant,power,FI,0,gigawatt,0.0,0.0,2227.6439821730933,2227.6439821730933
hard_coal_plant,power,FR,0,gigawatt,0.0,0.0,2227.6439821730933,2227.6439821730933
hard_coal_plant,power,HR,0,gigawatt,0.0,0.0,2227.6439821730933,2227.6439821730933
hard_coal_plant,power,HU,0,gigawatt,0.0,0.0,2227.6439821730933,2227.6439821730933
hard_coal_plant,power,IE,0,gigawatt,0.0,0.0,2227.6439821730933,2227.6439821730933
hard_coal_plant,power,IT,0,gigawatt,0.0,0.0,2227.6439821730933,2227.6439821730933
hard_coal_plant,power,LT,0,gigawatt,0.0,0.0,2227.6439821730933,2227.6439821730933
hard_coal_plant,power,LU,0,gigawatt,0.0,0.0,2227.6439821730933,2227.6439821730933
hard_coal_plant,power,LV,0,gigawatt,0.0,0.0,2227.6439821730933,2227.6439821730933
hard_coal_plant,power,NL,0,gigawatt,0.0,0.0,2227.6439821730933,2227.6439821730933
hard_coal_plant,power,NO,0,gigawatt,0.0,0.0,2227.6439821730933,2227.6439821730933
hard_coal_plant,power,PL,0,gigawatt,0.0,0.0,2227.6439821730933,2227.6439821730933
hard_coal_plant,power,PT,0,gigawatt,0.0,0.0,2227.6439821730933,2227.6439821730933
hard_coal_plant,power,RO,0,gigawatt,0.0,0.0,2227.6439821730933,2227.6439821730933
hard_coal_plant,power,SE,0,gigawatt,0.0,0.0,2227.6439821730933,2227.6439821730933
hard_coal_plant,power,SI,0,gigawatt,0.0,0.0,2227.6439821730933,2227.6439821730933
hard_coal_plant,power,SK,0,gigawatt,0.0,0.0,2227.6439821730933,2227.6439821730933
hard_coal_plant,power,UK,0,gigawatt,0.0,0.0,2227.6439821730933,2227.6439821730933
heat_pump,power,AT,0,gigawatt,25.320774877139407,0.0,-0.0012085320860251159,-0.0012085320860251159
heat_pump,power,BE,0,gigawatt,37.65573367957158,0.0,-0.0012085320860251159,-0.0012085320860251159
heat_pump,power,BG,0,gigawatt,10.09668612805949,0.0,-0.0012085320860251159,-0.0012085320860251159
heat_pump,power,CH,0,gigawatt,34.41662750879064,0.0,-0.0012085320860251159,-0.0012085320860251159
heat_pump,power,CZ,0,gigawatt,30.23171583374074,0.0,-0.0012085320860251159,-0.0012085320860251159
heat_pump,power,DE,0,gigawatt,239.07616173238165,0.0,-0.0012085320860251159,-0.0012085320860251159
heat_pump,power,DK,0,gigawatt,21.58520613956418,0.0,-0.0012085320860251159,-0.0012085320860251159
heat_pump,power,EE,0,gigawatt,4.040410536674877,0.0,-0.0012085320860251159,-0.0012085320860251159
heat_pump,power,EL,0,gigawatt,20.57900358506486,0.0,-0.0012085320860251159,-0.0012085320860251159
heat_pump,power,ES,0,gigawatt,37.20251308889857,0.0,-0.0012085320860251159,-0.0012085320860251159
heat_pump,power,FI,0,gigawatt,18.829802695838666,0.0,-0.0012085320860251159,-0.0012085320860251159
heat_pump,power,FR,0,gigawatt,156.10727184888043,0.0,-0.0012085320860251159,-0.0012085320860251159
heat_pump,power,HR,0,gigawatt,9.45730310240557,0.0,-0.0012085320860251159,-0.0012085320860251159
heat_pump,power,HU,0,gigawatt,28.405452784369363,0.0,-0.0012085320860251159,-0.0012085320860251159
heat_pump,power,IE,0,gigawatt,10.279968648630563,0.0,-0.0012085320860251159,-0.0012085320860251159
heat_pump,power,IT,0,gigawatt,153.95334886985933,0.0,-0.0012085320860251159,-0.0012085320860251159
heat_pump,power,LT,0,gigawatt,5.933725121895426,0.0,-0.0012085320860251159,-0.0012085320860251159
heat_pump,power,LU,0,gigawatt,2.5992614567420955,0.0,-0.0012085320860251159,-0.0012085320860251159
heat_pump,power,LV,0,gigawatt,4.871488802138442,0.0,-0.0012085320860251159,-0.0012085320860251159
heat_pump,power,NL,0,gigawatt,45.64812255149427,0.0,-0.0012085320860251159,-0.0012085320860251159
heat_pump,power,NO,0,gigawatt,19.5321954958025,0.0,-0.0012085320860251159,-0.0012085320860251159
heat_pump,power,PL,0,gigawatt,80.49440178783878,0.0,-0.0012085320860251159,-0.0012085320860251159
heat_pump,power,PT,0,gigawatt,2.544604169775359,0.0,-0.0012085320860251159,-0.0012085320860251159
heat_pump,power,RO,0,gigawatt,12.409143663172646,0.0,-0.0012085320860251159,-0.0012085320860251159
heat_pump,power,SE,0,gigawatt,22.738605519265832,0.0,-0.0012085320860251159,-0.0012085320860251159
heat_pump,power,SI,0,gigawatt,4.469542174139849,0.0,-0.0012085320860251159,-0.0012085320860251159
heat_pump,power,SK,0,gigawatt,8.16956260967481,0.0,-0.0012085320860251159,-0.0012085320860251159
heat_pump,power,UK,0,gigawatt,154.940297801383,0.0,-0.0012085320860251159,-0.0012085320860251159
heat_pump_DH,power,AT,0,gigawatt,0.0,0.0,495.63975049432156,495.63975049432156
heat_pump_DH,power,BE,0,gigawatt,0.0,0.0,287.5828293209904,287.5828293209904
heat_pump_DH,power,BG,0,gigawatt,0.0,0.0,236.57688471193296,236.57688471193296
heat_pump_DH,power,CH,0,gigawatt,0.0,0.0,383.4359231099363,383.4359231099363
heat_pump_DH,power,CZ,0,gigawatt,0.0,0.0,390.79754594875635,390.79754594875635
heat_pump_DH,power,DE,0,gigawatt,0.0,0.0,349.1206931254827,349.1206931254827
heat_pump_DH,power,DK,0,gigawatt,0.0,0.0,271.299757471759,271.299757471759
heat_pump_DH,power,EE,0,gigawatt,0.0,0.0,26.912246536939165,26.912246536939165
heat_pump_DH,power,EL,0,gigawatt,2.1770489016401515,0.0,-0.0014093944564592675,-0.0014093944564592675
heat_pump_DH,power,ES,0,gigawatt,0.0,0.0,142.76420206037733,142.76420206037733
heat_pump_DH,power,FI,0,gigawatt,0.0,0.0,314.98262280506344,314.98262280506344
heat_pump_DH,power,FR,0,gigawatt,0.0,0.0,211.01752341732129,211.01752341732129
heat_pump_DH,power,HR,0,gigawatt,0.0,0.0,432.56121980887735,432.56121980887735
heat_pump_DH,power,HU,0,gigawatt,0.0,0.0,126.00581605342177,126.00581605342177
heat_pump_DH,power,IE,0,gigawatt,0.0,0.0,165.3677206602904,165.3677206602904
heat_pump_DH,power,IT,0,gigawatt,0.0,0.0,108.69098245930036,108.69098245930036
heat_pump_DH,power,LT,0,gigawatt,0.0,0.0,287.07146653412406,287.07146653412406
heat_pump_DH,power,LU,0,gigawatt,0.0,0.0,437.9906688678536,437.9906688678536
heat_pump_DH,power,LV,0,gigawatt,0.0,0.0,239.25350835970187,239.25350835970187
heat_pump_DH,power,NL,0,gigawatt,0.06380619965129196,0.0,-0.0014093944564592675,-0.0014093944564592675
heat_pump_DH,power,NO,0,gigawatt,0.0,0.0,420.11255676937117,420.11255676937117
heat_pump_DH,power,PL,0,gigawatt,0.0,0.0,501.65502767751366,501.65502767751366
heat_pump_DH,power,PT,0,gigawatt,0.0,0.0,126.53507601443903,126.53507601443903
heat_pump_DH,power,RO,0,gigawatt,0.0,0.0,399.5809481177919,399.5809481177919
heat_pump_DH,power,SE,0,gigawatt,0.0,0.0,289.65169905222024,289.65169905222024
heat_pump_DH,power,SI,0,gigawatt,0.0,0.0,518.0038521643484,518.0038521643484
heat_pump_DH,power,SK,0,gigawatt,0.0,0.0,430.15640435880164,430.15640435880164
heat_pump_DH,power,UK,0,gigawatt,0.0,0.0,110.03539863661422,110.03539863661422
hydrogen_FC_ship,power,AT,0,gigawatt,0.02555340909090907,0.0,-0.0010379658039028072,-0.0010379658039028072
hydrogen_FC_ship,power,BE,0,gigawatt,8.587202613636364,0.0,-0.0010379658039028072,-0.0010379658039028072
hydrogen_FC_ship,power,BG,0,gigawatt,0.1112057954545454,0.0,-0.0010379658039028072,-0.0010379658039028072
hydrogen_FC_ship,power,CH,0,gigawatt,0.02555340909090907,0.0,-0.0010379658039028072,-0.0010379658039028072
hydrogen_FC_ship,power,CZ,0,gigawatt,0.005433977272727152,0.0,-0.0010379658039028072,-0.0010379658039028072
hydrogen_FC_ship,power,DE,0,gigawatt,2.1088690909090912,0.0,-0.0010379658039028072,-0.0010379658039028072
hydrogen_FC_ship,power,DK,0,gigawatt,0.8873781818181818,0.0,-0.0010379658039028072,-0.0010379658039028072
hydrogen_FC_ship,power,EE,0,gigawatt,0.3676586363636362,0.0,-0.0010379658039028072,-0.0010379658039028072
hydrogen_FC_ship,power,EL,0,gigawatt,2.8205313636363636,0.0,-0.0010379658039028072,-0.0010379658039028072
hydrogen_FC_ship,power,ES,0,gigawatt,9.461451931818184,0.0,-0.0010379658039028072,-0.0010379658039028072
hydrogen_FC_ship,power,FI,0,gigawatt,0.5021380681818179,0.0,-0.0010379658039028072,-0.0010379658039028072
hydrogen_FC_ship,power,FR,0,gigawatt,1.476293181818182,0.0,-0.0010379658039028072,-0.0010379658039028072
hydrogen_FC_ship,power,HR,0,gigawatt,0.08113772727272708,0.0,-0.0010379658039028072,-0.0010379658039028072
hydrogen_FC_ship,power,HU,0,gigawatt,0.005416704545454385,0.0,-0.0010379658039028072,-0.0010379658039028072
hydrogen_FC_ship,power,IE,0,gigawatt,0.34924715909090903,0.0,-0.0010379658039028072,-0.0010379658039028072
hydrogen_FC_ship,power,IT,0,gigawatt,3.9260985227272736,0.0,-0.0010379658039028072,-0.0010379658039028072
hydrogen_FC_ship,power,LT,0,gigawatt,0.2454469318181818,0.0,-0.0010379658039028072,-0.0010379658039028072
hydrogen_FC_ship,power,LU,0,gigawatt,0.0001247727272727273,0.0,-0.0010379658039028072,-0.0010379658039028072
hydrogen_FC_ship,power,LV,0,gigawatt,0.27662568181818176,0.0,-0.0010379658039028072,-0.0010379658039028072
hydrogen_FC_ship,power,NL,0,gigawatt,15.370992954545457,0.0,-0.0010379658039028072,-0.0010379658039028072
hydrogen_FC_ship,power,NO,0,gigawatt,1.8511270454545459,0.0,-0.0010379658039028072,-0.0010379658039028072
hydrogen_FC_ship,power,PL,0,gigawatt,0.39999761363636366,0.0,-0.0010379658039028072,-0.0010379658039028072
hydrogen_FC_ship,power,PT,0,gigawatt,0.9880374999999999,0.0,-0.0010379658039028072,-0.0010379658039028072
hydrogen_FC_ship,power,RO,0,gigawatt,0.11228897727272727,0.0,-0.0010379658039028072,-0.0010379658039028072
hydrogen_FC_ship,power,SE,0,gigawatt,3.5249756818181823,0.0,-0.0010379658039028072,-0.0010379658039028072
hydrogen_FC_ship,power,SI,0,gigawatt,0.15257761363636363,0.0,-0.0010379658039028072,-0.0010379658039028072
hydrogen_FC_ship,power,SK,0,gigawatt,0.0,0.0,1184.6290220723104,1184.6290220723104
hydrogen_FC_ship,power,UK,0,gigawatt,4.252583068181818,0.0,-0.0010379658039028072,-0.0010379658039028072
hydrogen_to_cement_fuel,power,AT,0,gigawatt,0.4823726203639903,0.0,-0.001246221034307382,-0.001246221034307382
hydrogen_to_cement_fuel,power,BE,0,gigawatt,0.6339855367439879,0.0,-0.001246221034307382,-0.001246221034307382
hydrogen_to_cement_fuel,power,BG,0,gigawatt,0.2815843048217089,0.0,-0.001246221034307382,-0.001246221034307382
hydrogen_to_cement_fuel,power,CH,0,gigawatt,0.47851983627600203,0.0,-0.001246221034307382,-0.001246221034307382
hydrogen_to_cement_fuel,power,CZ,0,gigawatt,0.4887340680358073,0.0,-0.001246221034307382,-0.001246221034307382
hydrogen_to_cement_fuel,power,DE,0,gigawatt,3.6029547361129635,0.0,-0.001246221034307382,-0.001246221034307382
hydrogen_to_cement_fuel,power,DK,0,gigawatt,0.3933423315508721,0.0,-0.001246221034307382,-0.001246221034307382
hydrogen_to_cement_fuel,power,EE,0,gigawatt,0.08966071314582647,0.0,-0.001246221034307382,-0.001246221034307382
hydrogen_to_cement_fuel,power,EL,0,gigawatt,1.0286899876357904,0.0,-0.001246221034307382,-0.001246221034307382
hydrogen_to_cement_fuel,power,ES,0,gigawatt,2.6564323382926647,0.0,-0.001246221034307382,-0.001246221034307382
hydrogen_to_cement_fuel,power,FI,0,gigawatt,0.15783634172492447,0.0,-0.001246221034307382,-0.001246221034307382
hydrogen_to_cement_fuel,power,FR,0,gigawatt,1.8132640407531055,0.0,-0.001246221034307382,-0.001246221034307382
hydrogen_to_cement_fuel,power,HR,0,gigawatt,0.34832105977578165,0.0,-0.001246221034307382,-0.001246221034307382
hydrogen_to_cement_fuel,power,HU,0,gigawatt,0.23594719199514758,0.0,-0.001246221034307382,-0.001246221034307382
hydrogen_to_cement_fuel,power,IE,0,gigawatt,0.5078878965846965,0.0,-0.001246221034307382,-0.001246221034307382
hydrogen_to_cement_fuel,power,IT,0,gigawatt,2.1384250999394387,0.0,-0.001246221034307382,-0.001246221034307382
hydrogen_to_cement_fuel,power,LT,0,gigawatt,0.14828782656673303,0.0,-0.001246221034307382,-0.001246221034307382
hydrogen_to_cement_fuel,power,LU,0,gigawatt,0.1089808728544453,0.0,-0.001246221034307382,-0.001246221034307382
hydrogen_to_cement_fuel,power,LV,0,gigawatt,0.12401190784990329,0.0,-0.001246221034307382,-0.001246221034307382
hydrogen_to_cement_fuel,power,NL,0,gigawatt,0.0,0.0,1382.896216216216,1382.896216216216
hydrogen_to_cement_fuel,power,NO,0,gigawatt,0.20377160492135976,0.0,-0.001246221034307382,-0.001246221034307382
hydrogen_to_cement_fuel,power,PL,0,gigawatt,1.8601457030478077,0.0,-0.001246221034307382,-0.001246221034307382
hydrogen_to_cement_fuel,power,PT,0,gigawatt,0.7353391468274557,0.0,-0.001246221034307382,-0.001246221034307382
hydrogen_to_cement_fuel,power,RO,0,gigawatt,0.9684721171116659,0.0,-0.001246221034307382,-0.001246221034307382
hydrogen_to_cement_fuel,power,SE,0,gigawatt,0.37205288035183876,0.0,-0.001246221034307382,-0.001246221034307382
hydrogen_to_cement_fuel,power,SI,0,gigawatt,0.11377851792168332,0.0,-0.001246221034307382,-0.001246221034307382
hydrogen_to_cement_fuel,power,SK,0,gigawatt,0.38290066638765163,0.0,-0.001246221034307382,-0.001246221034307382
hydrogen_to_cement_fuel,power,UK,0,gigawatt,1.0312216950177575,0.0,-0.001246221034307382,-0.001246221034307382
industrial_gas_consumer,power,AT,0,gigawatt,0.0,0.0,-0.001984791020004253,-0.001984791020004253
industrial_gas_consumer,power,BE,0,gigawatt,0.0,0.0,-0.001984791020004253,-0.001984791020004253
industrial_gas_consumer,power,BG,0,gigawatt,0.0,0.0,-0.001984791020004253,-0.001984791020004253
industrial_gas_consumer,power,CH,0,gigawatt,0.0,0.0,-0.001984791020004253,-0.001984791020004253
industrial_gas_consumer,power,CZ,0,gigawatt,0.0,0.0,-0.001984791020004253,-0.001984791020004253
industrial_gas_consumer,power,DE,0,gigawatt,0.0,0.0,-0.001984791020004253,-0.001984791020004253
industrial_gas_consumer,power,DK,0,gigawatt,0.0,0.0,-0.001984791020004253,-0.001984791020004253
industrial_gas_consumer,power,EE,0,gigawatt,0.0,0.0,-0.001984791020004253,-0.001984791020004253
industrial_gas_consumer,power,EL,0,gigawatt,0.0,0.0,-0.001984791020004253,-0.001984791020004253
industrial_gas_consumer,power,ES,0,gigawatt,0.0,0.0,-0.001984791020004253,-0.001984791020004253
industrial_gas_consumer,power,FI,0,gigawatt,0.0,0.0,-0.001984791020004253,-0.001984791020004253
industrial_gas_consumer,power,FR,0,gigawatt,0.0,0.0,-0.001984791020004253,-0.001984791020004253
industrial_gas_consumer,power,HR,0,gigawatt,0.0,0.0,-0.001984791020004253,-0.001984791020004253
industrial_gas_consumer,power,HU,0,gigawatt,0.0,0.0,-0.001984791020004253,-0.001984791020004253
industrial_gas_consumer,power,IE,0,gigawatt,0.0,0.0,-0.001984791020004253,-0.001984791020004253
industrial_gas_consumer,power,IT,0,gigawatt,0.0,0.0,-0.001984791020004253,-0.001984791020004253
industrial_gas_consumer,power,LT,0,gigawatt,0.0,0.0,-0.001984791020004253,-0.001984791020004253
industrial_gas_consumer,power,LU,0,gigawatt,0.0,0.0,-0.001984791020004253,-0.001984791020004253
industrial_gas_consumer,power,LV,0,gigawatt,0.0,0.0,-0.001984791020004253,-0.001984791020004253
industrial_gas_consumer,power,NL,0,gigawatt,0.0,0.0,-0.001984791020004253,-0.001984791020004253
industrial_gas_consumer,power,NO,0,gigawatt,0.0,0.0,-0.001984791020004253,-0.001984791020004253
industrial_gas_consumer,power,PL,0,gigawatt,0.0,0.0,-0.001984791020004253,-0.001984791020004253
industrial_gas_consumer,power,PT,0,gigawatt,0.0,0.0,-0.001984791020004253,-0.001984791020004253
industrial_gas_consumer,power,RO,0,gigawatt,0.0,0.0,-0.001984791020004253,-0.001984791020004253
industrial_gas_consumer,power,SE,0,gigawatt,0.0,0.0,-0.001984791020004253,-0.001984791020004253
industrial_gas_consumer,power,SI,0,gigawatt,0.0,0.0,-0.001984791020004253,-0.001984791020004253
industrial_gas_consumer,power,SK,0,gigawatt,0.0,0.0,-0.001984791020004253,-0.001984791020004253
industrial_gas_consumer,power,UK,0,gigawatt,0.0,0.0,-0.001984791020004253,-0.001984791020004253
lignite_coal_plant,power,AT,0,gigawatt,0.0,0.0,2532.1991188141405,2532.1991188141405
lignite_coal_plant,power,BE,0,gigawatt,0.0,0.0,2532.1991188141405,2532.1991188141405
lignite_coal_plant,power,BG,0,gigawatt,0.0,0.0,2532.1991188141405,2532.1991188141405
lignite_coal_plant,power,CH,0,gigawatt,0.0,0.0,2532.1991188141405,2532.1991188141405
lignite_coal_plant,power,CZ,0,gigawatt,0.0,0.0,2532.1991188141405,2532.1991188141405
lignite_coal_plant,power,DE,0,gigawatt,0.0,0.0,2532.1991188141405,2532.1991188141405
lignite_coal_plant,power,DK,0,gigawatt,0.0,0.0,2532.1991188141405,2532.1991188141405
lignite_coal_plant,power,EE,0,gigawatt,0.0,0.0,2532.1991188141405,2532.1991188141405
lignite_coal_plant,power,EL,0,gigawatt,0.0,0.0,2532.1991188141405,2532.1991188141405
lignite_coal_plant,power,ES,0,gigawatt,0.0,0.0,2532.1991188141405,2532.1991188141405
lignite_coal_plant,power,FI,0,gigawatt,0.0,0.0,2532.1991188141405,2532.1991188141405
lignite_coal_plant,power,FR,0,gigawatt,0.0,0.0,2532.1991188141405,2532.1991188141405
lignite_coal_plant,power,HR,0,gigawatt,0.0,0.0,2532.1991188141405,2532.1991188141405
lignite_coal_plant,power,HU,0,gigawatt,0.0,0.0,2532.1991188141405,2532.1991188141405
lignite_coal_plant,power,IE,0,gigawatt,0.0,0.0,2532.1991188141405,2532.1991188141405
lignite_coal_plant,power,IT,0,gigawatt,0.0,0.0,2532.1991188141405,2532.1991188141405
lignite_coal_plant,power,LT,0,gigawatt,0.0,0.0,2532.1991188141405,2532.1991188141405
lignite_coal_plant,power,LU,0,gigawatt,0.0,0.0,2532.1991188141405,2532.1991188141405
lignite_coal_plant,power,LV,0,gigawatt,0.0,0.0,2532.1991188141405,2532.1991188141405
lignite_coal_plant,power,NL,0,gigawatt,0.0,0.0,2532.1991188141405,2532.1991188141405
lignite_coal_plant,power,NO,0,gigawatt,0.0,0.0,2532.1991188141405,2532.1991188141405
lignite_coal_plant,power,PL,0,gigawatt,0.0,0.0,2532.1991188141405,2532.1991188141405
lignite_coal_plant,power,PT,0,gigawatt,0.0,0.0,2532.1991188141405,2532.1991188141405
lignite_coal_plant,power,RO,0,gigawatt,0.0,0.0,2532.1991188141405,2532.1991188141405
lignite_coal_plant,power,SE,0,gigawatt,0.0,0.0,2532.1991188141405,2532.1991188141405
lignite_coal_plant,power,SI,0,gigawatt,0.0,0.0,2532.1991188141405,2532.1991188141405
lignite_coal_plant,power,SK,0,gigawatt,0.0,0.0,2532.1991188141405,2532.1991188141405
lignite_coal_plant,power,UK,0,gigawatt,0.0,0.0,2532.1991188141405,2532.1991188141405
lng_terminal,power,AT,0,gigawatt,0.0,0.0,-9046.573223149135,-9046.573223149135
lng_terminal,power,BE,0,gigawatt,0.0,0.0,112.0841626,112.0841626
lng_terminal,power,BG,0,gigawatt,0.0,0.0,-8795.477906595042,-8795.477906595042
lng_terminal,power,CH,0,gigawatt,0.0,0.0,-9027.090621091544,-9027.090621091544
lng_terminal,power,CZ,0,gigawatt,0.0,0.0,-9229.722548732969,-9229.722548732969
lng_terminal,power,DE,0,gigawatt,0.0,0.0,112.0841626,112.0841626
lng_terminal,power,DK,0,gigawatt,0.0,0.0,-8879.32109737944,-8879.32109737944
lng_terminal,power,EE,0,gigawatt,0.0,0.0,112.0841626,112.0841626
lng_terminal,power,EL,0,gigawatt,0.0,0.0,112.0841626,112.0841626
lng_terminal,power,ES,0,gigawatt,0.0,0.0,112.0841626,112.0841626
lng_terminal,power,FI,0,gigawatt,0.0,0.0,112.0841626,112.0841626
lng_terminal,power,FR,0,gigawatt,0.0,0.0,112.0841626,112.0841626
lng_terminal,power,HR,0,gigawatt,0.0,0.0,112.0841626,112.0841626
lng_terminal,power,HU,0,gigawatt,0.0,0.0,-8958.220275546766,-8958.220275546766
lng_terminal,power,IE,0,gigawatt,0.0,0.0,-8435.354757432036,-8435.354757432036
lng_terminal,power,IT,0,gigawatt,0.0,0.0,112.0841626,112.0841626
lng_terminal,power,LT,0,gigawatt,0.0,0.0,112.0841626,112.0841626
lng_terminal,power,LU,0,gigawatt,0.0,0.0,-9110.428809184215,-9110.428809184215
lng_terminal,power,LV,0,gigawatt,0.0,0.0,-8864.862798957325,-8864.862798957325
lng_terminal,power,NL,0,gigawatt,0.0,0.0,112.0841626,112.0841626
lng_terminal,power,NO,0,gigawatt,0.0,0.0,-8641.017535738805,-8641.017535738805
lng_terminal,power,PL,0,gigawatt,0.0,0.0,112.0841626,112.0841626
lng_terminal,power,PT,0,gigawatt,0.0,0.0,112.0841626,112.0841626
lng_terminal,power,RO,0,gigawatt,0.0,0.0,-8641.017535738805,-8641.017535738805
lng_terminal,power,SE,0,gigawatt,0.0,0.0,-8810.670405144234,-8810.670405144234
lng_terminal,power,SI,0,gigawatt,0.0,0.0,-8918.433735179155,-8918.433735179155
lng_terminal,power,SK,0,gigawatt,0.0,0.0,-9071.800606317822,-9071.800606317822
lng_terminal,power,UK,0,gigawatt,0.0,0.0,112.0841626,112.0841626
methanation,power,AT,0,gigawatt,0.0,0.0,542.7777892911174,542.7777892911174
methanation,power,BE,0,gigawatt,0.0,0.0,542.7777892911174,542.7777892911174
methanation,power,BG,0,gigawatt,0.0,0.0,542.7777892911174,542.7777892911174
methanation,power,CH,0,gigawatt,0.0,0.0,542.7777892911174,542.7777892911174
methanation,power,CZ,0,gigawatt,0.0,0.0,542.7777892911174,542.7777892911174
methanation,power,DE,0,gigawatt,0.0,0.0,542.7777892911174,542.7777892911174
methanation,power,DK,0,gigawatt,0.0,0.0,542.7777892911174,542.7777892911174
methanation,power,EE,0,gigawatt,0.0,0.0,542.7777892911174,542.7777892911174
methanation,power,EL,0,gigawatt,0.0,0.0,542.7777892911174,542.7777892911174
methanation,power,ES,0,gigawatt,0.0,0.0,538.4147300318537,538.4147300318537
methanation,power,FI,0,gigawatt,0.0,0.0,542.7777892911174,542.7777892911174
methanation,power,FR,0,gigawatt,0.0,0.0,542.7777892911174,542.7777892911174
methanation,power,HR,0,gigawatt,0.0,0.0,542.7777892911174,542.7777892911174
methanation,power,HU,0,gigawatt,0.0,0.0,542.7777892911174,542.7777892911174
methanation,power,IE,0,gigawatt,0.0,0.0,542.7777892911174,542.7777892911174
methanation,power,IT,0,gigawatt,0.0,0.0,536.5528202375946,536.5528202375946
methanation,power,LT,0,gigawatt,0.0,0.0,542.7777892911174,542.7777892911174
methanation,power,LU,0,gigawatt,0.0,0.0,542.7777892911174,542.7777892911174
methanation,power,LV,0,gigawatt,0.0,0.0,542.7777892911174,542.7777892911174
methanation,power,NL,0,gigawatt,0.0,0.0,542.7777892911174,542.7777892911174
methanation,power,NO,0,gigawatt,0.0,0.0,542.7777892911174,542.7777892911174
methanation,power,PL,0,gigawatt,0.0,0.0,542.7777892911174,542.7777892911174
methanation,power,PT,0,gigawatt,0.0,0.0,542.7777892911174,542.7777892911174
methanation,power,RO,0,gigawatt,0.0,0.0,542.7777892911174,542.7777892911174
methanation,power,SE,0,gigawatt,0.0,0.0,542.7777892911174,542.7777892911174
methanation,power,SI,0,gigawatt,0.0,0.0,542.7777892911174,542.7777892911174
methanation,power,SK,0,gigawatt,0.0,0.0,542.7777892911174,542.7777892911174
methanation,power,UK,0,gigawatt,0.0,0.0,542.7777892911174,542.7777892911174
methanol_ICE_ship,power,AT,0,gigawatt,0.0,0.0,699.0771942143958,699.0771942143958
methanol_ICE_ship,power,BE,0,gigawatt,0.0,0.0,699.0771942143958,699.0771942143958
methanol_ICE_ship,power,BG,0,gigawatt,0.0,0.0,699.0771942143958,699.0771942143958
methanol_ICE_ship,power,CH,0,gigawatt,0.0,0.0,699.0771942143958,699.0771942143958
methanol_ICE_ship,power,CZ,0,gigawatt,0.0,0.0,699.0771942143958,699.0771942143958
methanol_ICE_ship,power,DE,0,gigawatt,0.0,0.0,699.0771942143958,699.0771942143958
methanol_ICE_ship,power,DK,0,gigawatt,0.0,0.0,699.0771942143958,699.0771942143958
methanol_ICE_ship,power,EE,0,gigawatt,0.0,0.0,688.5174495605943,688.5174495605943
methanol_ICE_ship,power,EL,0,gigawatt,0.0,0.0,699.0771942143958,699.0771942143958
methanol_ICE_ship,power,ES,0,gigawatt,0.0,0.0,699.0771942143958,699.0771942143958
methanol_ICE_ship,power,FI,0,gigawatt,0.0,0.0,699.0771942143958,699.0771942143958
methanol_ICE_ship,power,FR,0,gigawatt,0.0,0.0,699.0771942143958,699.0771942143958
methanol_ICE_ship,power,HR,0,gigawatt,0.0,0.0,699.0771942143958,699.0771942143958
methanol_ICE_ship,power,HU,0,gigawatt,0.0,0.0,699.0771942143958,699.0771942143958
methanol_ICE_ship,power,IE,0,gigawatt,0.0,0.0,699.0771942143958,699.0771942143958
methanol_ICE_ship,power,IT,0,gigawatt,0.0,0.0,699.0771942143958,699.0771942143958
methanol_ICE_ship,power,LT,0,gigawatt,0.0,0.0,699.0771942143958,699.0771942143958
methanol_ICE_ship,power,LU,0,gigawatt,0.0,0.0,694.6511334145457,694.6511334145457
methanol_ICE_ship,power,LV,0,gigawatt,0.0,0.0,699.0771942143958,699.0771942143958
methanol_ICE_ship,power,NL,0,gigawatt,0.0,0.0,699.0771942143958,699.0771942143958
methanol_ICE_ship,power,NO,0,gigawatt,0.0,0.0,699.0771942143958,699.0771942143958
methanol_ICE_ship,power,PL,0,gigawatt,0.0,0.0,699.0771942143958,699.0771942143958
methanol_ICE_ship,power,PT,0,gigawatt,0.0,0.0,699.0771942143958,699.0771942143958
methanol_ICE_ship,power,RO,0,gigawatt,0.0,0.0,699.0771942143958,699.0771942143958
methanol_ICE_ship,power,SE,0,gigawatt,0.0,0.0,699.0771942143958,699.0771942143958
methanol_ICE_ship,power,SI,0,gigawatt,0.0,0.0,699.0771942143958,699.0771942143958
methanol_ICE_ship,power,SK,0,gigawatt,0.0,0.0,699.0771942143958,699.0771942143958
methanol_ICE_ship,power,UK,0,gigawatt,0.0,0.0,699.0771942143958,699.0771942143958
methanol_from_biomass,power,AT,0,gigawatt,0.0,0.0,2142.2114380289913,2142.2114380289913
methanol_from_biomass,power,BE,0,gigawatt,0.0,0.0,2142.2114380289913,2142.2114380289913
methanol_from_biomass,power,BG,0,gigawatt,0.0,0.0,2142.2114380289913,2142.2114380289913
methanol_from_biomass,power,CH,0,gigawatt,0.0,0.0,1716.8812881533358,1716.8812881533358
methanol_from_biomass,power,CZ,0,gigawatt,0.0,0.0,2142.2114380289913,2142.2114380289913
methanol_from_biomass,power,DE,0,gigawatt,0.0,0.0,2142.2114380289913,2142.2114380289913
methanol_from_biomass,power,DK,0,gigawatt,0.0,0.0,2142.2114380289913,2142.2114380289913
methanol_from_biomass,power,EE,0,gigawatt,0.0,0.0,2142.2114380289913,2142.2114380289913
methanol_from_biomass,power,EL,0,gigawatt,0.0,0.0,1733.7611941872601,1733.7611941872601
methanol_from_biomass,power,ES,0,gigawatt,0.0,0.0,1343.0669840569126,1343.0669840569126
methanol_from_biomass,power,FI,0,gigawatt,0.0,0.0,2142.2114380289913,2142.2114380289913
methanol_from_biomass,power,FR,0,gigawatt,0.0,0.0,1564.4100598967236,1564.4100598967236
methanol_from_biomass,power,HR,0,gigawatt,0.0,0.0,2142.2114380289913,2142.2114380289913
methanol_from_biomass,power,HU,0,gigawatt,0.0,0.0,2142.2114380289913,2142.2114380289913
methanol_from_biomass,power,IE,0,gigawatt,0.0,0.0,1878.9291116045304,1878.9291116045304
methanol_from_biomass,power,IT,0,gigawatt,0.0,0.0,1595.8507821620092,1595.8507821620092
methanol_from_biomass,power,LT,0,gigawatt,0.0,0.0,2142.2114380289913,2142.2114380289913
methanol_from_biomass,power,LU,0,gigawatt,0.0,0.0,2142.2114380289913,2142.2114380289913
methanol_from_biomass,power,LV,0,gigawatt,0.0,0.0,2142.2114380289913,2142.2114380289913
methanol_from_biomass,power,NL,0,gigawatt,0.0,0.0,2142.2114380289913,2142.2114380289913
methanol_from_biomass,power,NO,0,gigawatt,0.0,0.0,1343.7089723749987,1343.7089723749987
methanol_from_biomass,power,PL,0,gigawatt,0.0,0.0,2142.2114380289913,2142.2114380289913
methanol_from_biomass,power,PT,0,gigawatt,0.0,0.0,2142.2114380289913,2142.2114380289913
methanol_from_biomass,power,RO,0,gigawatt,0.0,0.0,2142.2114380289913,2142.2114380289913
methanol_from_biomass,power,SE,0,gigawatt,0.0,0.0,2142.2114380289913,2142.2114380289913
methanol_from_biomass,power,SI,0,gigawatt,0.0,0.0,2142.2114380289913,2142.2114380289913
methanol_from_biomass,power,SK,0,gigawatt,0.0,0.0,2142.2114380289913,2142.2114380289913
methanol_from_biomass,power,UK,0,gigawatt,0.0,0.0,2142.2114380289913,2142.2114380289913
methanol_from_hydrogen,power,AT,0,gigawatt,0.0,0.0,152.17807354055765,152.17807354055765
methanol_from_hydrogen,power,BE,0,gigawatt,0.0,0.0,423.6639791977136,423.6639791977136
methanol_from_hydrogen,power,BG,0,gigawatt,0.0,0.0,299.26714937706004,299.26714937706004
methanol_from_hydrogen,power,CH,0,gigawatt,0.0,0.0,141.47910818898617,141.47910818898617
methanol_from_hydrogen,power,CZ,0,gigawatt,0.0,0.0,125.26100484582184,125.26100484582184
methanol_from_hydrogen,power,DE,0,gigawatt,0.0,0.0,-0.001537245102667839,-0.001537245102667839
methanol_from_hydrogen,power,DK,0,gigawatt,0.0,0.0,958.4887740385972,958.4887740385972
methanol_from_hydrogen,power,EE,0,gigawatt,0.0,0.0,958.4887740385972,958.4887740385972
methanol_from_hydrogen,power,EL,0,gigawatt,0.0,0.0,269.46509430180186,269.46509430180186
methanol_from_hydrogen,power,ES,0,gigawatt,0.0,0.0,346.730356083812,346.730356083812
methanol_from_hydrogen,power,FI,0,gigawatt,0.0,0.0,333.6899228169292,333.6899228169292
methanol_from_hydrogen,power,FR,0,gigawatt,0.0,0.0,339.7402764002004,339.7402764002004
methanol_from_hydrogen,power,HR,0,gigawatt,0.0,0.0,216.68561438499955,216.68561438499955
methanol_from_hydrogen,power,HU,0,gigawatt,0.0,0.0,246.554251104993,246.554251104993
methanol_from_hydrogen,power,IE,0,gigawatt,0.0,0.0,604.7768552783941,604.7768552783941
methanol_from_hydrogen,power,IT,0,gigawatt,0.0,0.0,54.16320850427246,54.16320850427246
methanol_from_hydrogen,power,LT,0,gigawatt,0.0,0.0,958.4887740385972,958.4887740385972
methanol_from_hydrogen,power,LU,0,gigawatt,0.0,0.0,958.4887740385972,958.4887740385972
methanol_from_hydrogen,power,LV,0,gigawatt,0.0,0.0,958.4887740385972,958.4887740385972
methanol_from_hydrogen,power,NL,0,gigawatt,0.0,0.0,108.84753117730531,108.84753117730531
methanol_from_hydrogen,power,NO,0,gigawatt,0.0,0.0,518.8466273352747,518.8466273352747
methanol_from_hydrogen,power,PL,0,gigawatt,0.0,0.0,167.54176675064502,167.54176675064502
methanol_from_hydrogen,power,PT,0,gigawatt,0.0,0.0,222.63280264008733,222.63280264008733
methanol_from_hydrogen,power,RO,0,gigawatt,0.0,0.0,563.8398597946142,563.8398597946142
methanol_from_hydrogen,power,SE,0,gigawatt,0.0,0.0,748.7311859774733,748.7311859774733
methanol_from_hydrogen,power,SI,0,gigawatt,0.0,0.0,958.4887740385972,958.4887740385972
methanol_from_hydrogen,power,SK,0,gigawatt,0.0,0.0,246.436920698912,246.436920698912
methanol_from_hydrogen,power,UK,0,gigawatt,0.0,0.0,752.4905690427508,752.4905690427508
methanol_from_natural_gas,power,AT,0,gigawatt,1.4860456562307687,0.0,-0.0014093944566866412,-0.0014093944566866412
methanol_from_natural_gas,power,BE,0,gigawatt,3.2828200430351915,0.0,-0.0014093944566866412,-0.0014093944566866412
methanol_from_natural_gas,power,BG,0,gigawatt,0.4193915079584243,0.0,-0.0014093944566866412,-0.0014093944566866412
methanol_from_natural_gas,power,CH,0,gigawatt,1.252146764381449,0.0,-0.0014093944566866412,-0.0014093944566866412
methanol_from_natural_gas,power,CZ,0,gigawatt,1.0662190483184262,0.0,-0.0014093944566866412,-0.0014093944566866412
methanol_from_natural_gas,power,DE,0,gigawatt,9.864056217941625,0.0,-0.0014093944566866412,-0.0014093944566866412
methanol_from_natural_gas,power,DK,0,gigawatt,0.0,0.0,972.1087619956448,972.1087619956448
methanol_from_natural_gas,power,EE,0,gigawatt,0.0,0.0,972.1087619956448,972.1087619956448
methanol_from_natural_gas,power,EL,0,gigawatt,2.552953237580241,0.0,-0.0014093944566866412,-0.0014093944566866412
methanol_from_natural_gas,power,ES,0,gigawatt,2.1220949556783393,0.0,-0.0014093944566866412,-0.0014093944566866412
methanol_from_natural_gas,power,FI,0,gigawatt,0.6409139230950027,0.0,-0.0014093944566866412,-0.0014093944566866412
methanol_from_natural_gas,power,FR,0,gigawatt,4.8253144080887145,0.0,-0.0014093944566866412,-0.0014093944566866412
methanol_from_natural_gas,power,HR,0,gigawatt,0.06137361844229764,0.0,-0.0014093944566866412,-0.0014093944566866412
methanol_from_natural_gas,power,HU,0,gigawatt,1.4557677932866584,0.0,-0.0014093944566866412,-0.0014093944566866412
methanol_from_natural_gas,power,IE,0,gigawatt,0.10084349928096527,0.0,-0.0014093944566866412,-0.0014093944566866412
methanol_from_natural_gas,power,IT,0,gigawatt,4.811933059113123,0.0,-0.0014093944566866412,-0.0014093944566866412
methanol_from_natural_gas,power,LT,0,gigawatt,0.0,0.0,972.1087619956448,972.1087619956448
methanol_from_natural_gas,power,LU,0,gigawatt,0.0,0.0,972.1087619956448,972.1087619956448
methanol_from_natural_gas,power,LV,0,gigawatt,0.0,0.0,972.1087619956448,972.1087619956448
methanol_from_natural_gas,power,NL,0,gigawatt,13.449512709465807,0.0,-0.0014093944566866412,-0.0014093944566866412
methanol_from_natural_gas,power,NO,0,gigawatt,5.250688264665767,0.0,-0.0014093944566866412,-0.0014093944566866412
methanol_from_natural_gas,power,PL,0,gigawatt,2.9935496527033907,0.0,-0.0014093944566866412,-0.0014093944566866412
methanol_from_natural_gas,power,PT,0,gigawatt,1.4263418520455935,0.0,-0.0014093944566866412,-0.0014093944566866412
methanol_from_natural_gas,power,RO,0,gigawatt,0.19679782870389806,0.0,-0.0014093944566866412,-0.0014093944566866412
methanol_from_natural_gas,power,SE,0,gigawatt,0.2831413800647786,0.0,-0.0014093944566866412,-0.0014093944566866412
methanol_from_natural_gas,power,SI,0,gigawatt,0.0,0.0,972.1087619956448,972.1087619956448
methanol_from_natural_gas,power,SK,0,gigawatt,0.8600134887421558,0.0,-0.0014093944566866412,-0.0014093944566866412
methanol_from_natural_gas,power,UK,0,gigawatt,2.8371378282925765,0.0,-0.0014093944566866412,-0.0014093944566866412
natural_gas_boiler,power,AT,0,gigawatt,0.0,0.0,344.8408288498058,344.8408288498058
natural_gas_boiler,power,BE,0,gigawatt,0.0,0.0,405.1928519660398,405.1928519660398
natural_gas_boiler,power,BG,0,gigawatt,0.0,0.0,423.6534292825647,423.6534292825647
natural_gas_boiler,power,CH,0,gigawatt,0.0,0.0,377.0512610870265,377.0512610870265
natural_gas_boiler,power,CZ,0,gigawatt,0.0,0.0,400.9351762026076,400.9351762026076
natural_gas_boiler,power,DE,0,gigawatt,0.0,0.0,337.87058870732767,337.87058870732767
natural_gas_boiler,power,DK,0,gigawatt,0.0,0.0,508.1798735719801,508.1798735719801
natural_gas_boiler,power,EE,0,gigawatt,0.0,0.0,545.909029244428,545.909029244428
natural_gas_boiler,power,EL,0,gigawatt,0.0,0.0,469.4231622427392,469.4231622427392
natural_gas_boiler,power,ES,0,gigawatt,0.0,0.0,510.6351718996843,510.6351718996843
natural_gas_boiler,power,FI,0,gigawatt,0.0,0.0,403.31400940529755,403.31400940529755
natural_gas_boiler,power,FR,0,gigawatt,0.0,0.0,509.01528045638247,509.01528045638247
natural_gas_boiler,power,HR,0,gigawatt,0.0,0.0,370.2739191605492,370.2739191605492
natural_gas_boiler,power,HU,0,gigawatt,0.0,0.0,278.61316318824584,278.61316318824584
natural_gas_boiler,power,IE,0,gigawatt,0.0,0.0,628.1836682482983,628.1836682482983
natural_gas_boiler,power,IT,0,gigawatt,0.0,0.0,417.0557844024482,417.0557844024482
natural_gas_boiler,power,LT,0,gigawatt,0.0,0.0,395.7666330805365,395.7666330805365
natural_gas_boiler,power,LU,0,gigawatt,0.0,0.0,383.7824383620834,383.7824383620834
natural_gas_boiler,power,LV,0,gigawatt,0.0,0.0,420.526194848006,420.526194848006
natural_gas_boiler,power,NL,0,gigawatt,0.0,0.0,334.2572433241254,334.2572433241254
natural_gas_boiler,power,NO,0,gigawatt,0.0,0.0,509.39587272577535,509.39587272577535
natural_gas_boiler,power,PL,0,gigawatt,0.0,0.0,275.09999577826767,275.09999577826767
natural_gas_boiler,power,PT,0,gigawatt,0.0,0.0,617.6957916083293,617.6957916083293
natural_gas_boiler,power,RO,0,gigawatt,0.0,0.0,317.8912169105017,317.8912169105017
natural_gas_boiler,power,SE,0,gigawatt,0.0,0.0,508.8250680450302,508.8250680450302
natural_gas_boiler,power,SI,0,gigawatt,0.0,0.0,373.1832112776591,373.1832112776591
natural_gas_boiler,power,SK,0,gigawatt,0.0,0.0,395.89832353599144,395.89832353599144
natural_gas_boiler,power,UK,0,gigawatt,0.0,0.0,561.5318769121611,561.5318769121611
natural_gas_boiler_DH,power,AT,0,gigawatt,0.008424968501325857,0.0,-0.001409394456601376,-0.001409394456601376
natural_gas_boiler_DH,power,BE,0,gigawatt,0.012406685200036901,0.0,-0.001409394456601376,-0.001409394456601376
natural_gas_boiler_DH,power,BG,0,gigawatt,0.006387434245436262,0.0,-0.001409394456601376,-0.001409394456601376
natural_gas_boiler_DH,power,CH,0,gigawatt,0.0069987652279870785,0.0,-0.001409394456601376,-0.001409394456601376
natural_gas_boiler_DH,power,CZ,0,gigawatt,0.004506141972432124,0.0,-0.001409394456601376,-0.001409394456601376
natural_gas_boiler_DH,power,DE,0,gigawatt,0.08229310826860765,0.0,-0.001409394456601376,-0.001409394456601376
natural_gas_boiler_DH,power,DK,0,gigawatt,0.005617243193378651,0.0,-0.001409394456601376,-0.001409394456601376
natural_gas_boiler_DH,power,EE,0,gigawatt,0.0007040332843711291,0.0,-0.001409394456601376,-0.001409394456601376
natural_gas_boiler_DH,power,EL,0,gigawatt,0.22101611437935154,0.0,-0.001409394456601376,-0.001409394456601376
natural_gas_boiler_DH,power,ES,0,gigawatt,0.11382724143724068,0.0,-0.001409394456601376,-0.001409394456601376
natural_gas_boiler_DH,power,FI,0,gigawatt,0.11848934046425,0.0,-0.001409394456601376,-0.001409394456601376
natural_gas_boiler_DH,power,FR,0,gigawatt,0.013685716329312618,0.0,-0.001409394456601376,-0.001409394456601376
natural_gas_boiler_DH,power,HR,0,gigawatt,0.011720169667536072,0.0,-0.001409394456601376,-0.001409394456601376
natural_gas_boiler_DH,power,HU,0,gigawatt,0.06728380479049346,0.0,-0.001409394456601376,-0.001409394456601376
natural_gas_boiler_DH,power,IE,0,gigawatt,0.0,0.0,135.6830018165713,135.6830018165713
natural_gas_boiler_DH,power,IT,0,gigawatt,0.042925594856524356,0.0,-0.001409394456601376,-0.001409394456601376
natural_gas_boiler_DH,power,LT,0,gigawatt,0.0018030890073813773,0.0,-0.001409394456601376,-0.001409394456601376
natural_gas_boiler_DH,power,LU,0,gigawatt,0.003262531532579829,0.0,-0.001409394456601376,-0.001409394456601376
natural_gas_boiler_DH,power,LV,0,gigawatt,0.0012811964660473893,0.0,-0.001409394456601376,-0.001409394456601376
natural_gas_boiler_DH,power,NL,0,gigawatt,0.05251009402444354,0.0,-0.001409394456601376,-0.001409394456601376
natural_gas_boiler_DH,power,NO,0,gigawatt,0.006708896119748665,0.0,-0.001409394456601376,-0.001409394456601376
natural_gas_boiler_DH,power,PL,0,gigawatt,0.03066661805730359,0.0,-0.001409394456601376,-0.001409394456601376
natural_gas_boiler_DH,power,PT,0,gigawatt,0.0,0.0,135.6830018165713,135.6830018165713
natural_gas_boiler_DH,power,RO,0,gigawatt,0.019633258440721606,0.0,-0.001409394456601376,-0.001409394456601376
natural_gas_boiler_DH,power,SE,0,gigawatt,0.0,0.0,2.175689465699591,2.175689465699591
natural_gas_boiler_DH,power,SI,0,gigawatt,0.0021944004814177095,0.0,-0.001409394456601376,-0.001409394456601376
natural_gas_boiler_DH,power,SK,0,gigawatt,0.0042757742900365655,0.0,-0.001409394456601376,-0.001409394456601376
natural_gas_boiler_DH,power,UK,0,gigawatt,0.0,0.0,135.18656244271037,135.18656244271037
natural_gas_turbine,power,AT,0,gigawatt,4.154333418438061,0.0,-0.001537245102667839,-0.001537245102667839
natural_gas_turbine,power,BE,0,gigawatt,9.897891120254876,0.0,-0.001537245102667839,-0.001537245102667839
natural_gas_turbine,power,BG,0,gigawatt,0.0,0.0,251.00355789270623,251.00355789270623
natural_gas_turbine,power,CH,0,gigawatt,8.68525549509105,0.0,-0.001537245102667839,-0.001537245102667839
natural_gas_turbine,power,CZ,0,gigawatt,0.0,0.0,914.4621163650554,914.4621163650554
natural_gas_turbine,power,DE,0,gigawatt,37.47205195207623,0.0,-0.001537245102667839,-0.001537245102667839
natural_gas_turbine,power,DK,0,gigawatt,0.0,0.0,1060.4710475134334,1060.4710475134334
natural_gas_turbine,power,EE,0,gigawatt,0.0,0.0,697.9151491730922,697.9151491730922
natural_gas_turbine,power,EL,0,gigawatt,0.0,0.0,309.18396841213627,309.18396841213627
natural_gas_turbine,power,ES,0,gigawatt,0.5751029664792348,0.0,-0.001537245102667839,-0.001537245102667839
natural_gas_turbine,power,FI,0,gigawatt,0.7127405892504289,0.0,-0.001537245102667839,-0.001537245102667839
natural_gas_turbine,power,FR,0,gigawatt,0.0,0.0,1060.4710475134334,1060.4710475134334
natural_gas_turbine,power,HR,0,gigawatt,0.0,0.0,423.3533647546056,423.3533647546056
natural_gas_turbine,power,HU,0,gigawatt,0.0,0.0,762.4422398309914,762.4422398309914
natural_gas_turbine,power,IE,0,gigawatt,0.0,0.0,1060.4710475134334,1060.4710475134334
natural_gas_turbine,power,IT,0,gigawatt,0.0,0.0,-0.001537245102667839,-0.001537245102667839
natural_gas_turbine,power,LT,0,gigawatt,0.0,0.0,916.2457406072509,916.2457406072509
natural_gas_turbine,power,LU,0,gigawatt,0.0,0.0,-0.001537245102667839,-0.001537245102667839
natural_gas_turbine,power,LV,0,gigawatt,0.0,0.0,700.1498087028559,700.1498087028559
natural_gas_turbine,power,NL,0,gigawatt,0.0,0.0,864.3831707633278,864.3831707633278
natural_gas_turbine,power,NO,0,gigawatt,0.0,0.0,459.27713599563276,459.27713599563276
natural_gas_turbine,power,PL,0,gigawatt,3.336731940174284,0.0,-0.001537245102667839,-0.001537245102667839
natural_gas_turbine,power,PT,0,gigawatt,0.0,0.0,631.1516107426448,631.1516107426448
natural_gas_turbine,power,RO,0,gigawatt,0.0,0.0,325.90476094910036,325.90476094910036
natural_gas_turbine,power,SE,0,gigawatt,0.0,0.0,1060.4710475134334,1060.4710475134334
natural_gas_turbine,power,SI,0,gigawatt,0.0,0.0,427.29843547677024,427.29843547677024
natural_gas_turbine,power,SK,0,gigawatt,0.0,0.0,749.9013661752572,749.9013661752572
natural_gas_turbine,power,UK,0,gigawatt,0.0,0.0,917.9802976010151,917.9802976010151
nuclear,power,AT,0,gigawatt,0.0,0.0,-4334.517602130041,-4334.517602130041
nuclear,power,BE,0,gigawatt,5.943,0.0,-0.0018633471954672132,-0.0018633471954672132
nuclear,power,BG,0,gigawatt,4.022,0.0,-0.0018633471954672132,-0.0018633471954672132
nuclear,power,CH,0,gigawatt,2.92,0.0,-0.0018633471954672132,-0.0018633471954672132
nuclear,power,CZ,0,gigawatt,0.0,0.0,146.8140797527958,146.8140797527958
nuclear,power,DE,0,gigawatt,6.615,0.0,-0.0018633471954672132,-0.0018633471954672132
nuclear,power,DK,0,gigawatt,0.0,0.0,3128.1753466648506,3128.1753466648506
nuclear,power,EE,0,gigawatt,0.0,0.0,3322.8657849586525,3322.8657849586525
nuclear,power,EL,0,gigawatt,0.0,0.0,-2354.0778736139346,-2354.0778736139346
nuclear,power,ES,0,gigawatt,0.0,0.0,126.04074133479935,126.04074133479935
nuclear,power,FI,0,gigawatt,0.0,0.0,123.00413374527852,123.00413374527852
nuclear,power,FR,0,gigawatt,0.0,0.0,4063.2685217540625,4063.2685217540625
nuclear,power,HR,0,gigawatt,0.0,0.0,-2503.4398343846306,-2503.4398343846306
nuclear,power,HU,0,gigawatt,2.0,0.0,-0.0018633471954672132,-0.0018633471954672132
nuclear,power,IE,0,gigawatt,0.0,0.0,3708.554167687034,3708.554167687034
nuclear,power,IT,0,gigawatt,0.0,0.0,-2845.44999698197,-2845.44999698197
nuclear,power,LT,0,gigawatt,0.0,0.0,2111.1001324832905,2111.1001324832905
nuclear,power,LU,0,gigawatt,0.0,0.0,-3263.6246039005255,-3263.6246039005255
nuclear,power,LV,0,gigawatt,0.0,0.0,2751.7281871105956,2751.7281871105956
nuclear,power,NL,0,gigawatt,0.0,0.0,138.68443395359645,138.68443395359645
nuclear,power,NO,0,gigawatt,0.0,0.0,2137.0769046355317,2137.0769046355317
nuclear,power,PL,0,gigawatt,0.0,0.0,-3804.5212981052355,-3804.5212981052355
nuclear,power,PT,0,gigawatt,0.0,0.0,412.15828380530274,412.15828380530274
nuclear,power,RO,0,gigawatt,2.74,0.0,-0.0018633471954672132,-0.0018633471954672132
nuclear,power,SE,0,gigawatt,0.0,0.0,4484.065554964908,4484.065554964908
nuclear,power,SI,0,gigawatt,0.696,0.0,-0.0018633471954672132,-0.0018633471954672132
nuclear,power,SK,0,gigawatt,1.7480000000000002,0.0,-0.0018633471954672132,-0.0018633471954672132
nuclear,power,UK,0,gigawatt,0.0,0.0,3859.1878620720818,3859.1878620720818
oil_boiler,power,AT,0,gigawatt,0.0,0.0,446.6704071943134,446.6704071943134
oil_boiler,power,BE,0,gigawatt,0.0,0.0,446.6704071943134,446.6704071943134
oil_boiler,power,BG,0,gigawatt,0.0,0.0,446.6704071943134,446.6704071943134
oil_boiler,power,CH,0,gigawatt,0.0,0.0,446.6704071943134,446.6704071943134
oil_boiler,power,CZ,0,gigawatt,0.0,0.0,446.6704071943134,446.6704071943134
oil_boiler,power,DE,0,gigawatt,0.0,0.0,446.6704071943134,446.6704071943134
oil_boiler,power,DK,0,gigawatt,0.0,0.0,446.6704071943134,446.6704071943134
oil_boiler,power,EE,0,gigawatt,0.0,0.0,446.6704071943134,446.6704071943134
oil_boiler,power,EL,0,gigawatt,0.0,0.0,446.6704071943134,446.6704071943134
oil_boiler,power,ES,0,gigawatt,0.0,0.0,446.6704071943134,446.6704071943134
oil_boiler,power,FI,0,gigawatt,0.0,0.0,446.6704071943134,446.6704071943134
oil_boiler,power,FR,0,gigawatt,0.0,0.0,446.6704071943134,446.6704071943134
oil_boiler,power,HR,0,gigawatt,0.0,0.0,446.6704071943134,446.6704071943134
oil_boiler,power,HU,0,gigawatt,0.0,0.0,282.6777960259778,282.6777960259778
oil_boiler,power,IE,0,gigawatt,0.0,0.0,446.6704071943134,446.6704071943134
oil_boiler,power,IT,0,gigawatt,0.0,0.0,446.6704071943134,446.6704071943134
oil_boiler,power,LT,0,gigawatt,0.0,0.0,446.6704071943134,446.6704071943134
oil_boiler,power,LU,0,gigawatt,0.0,0.0,446.6704071943134,446.6704071943134
oil_boiler,power,LV,0,gigawatt,0.0,0.0,446.6704071943134,446.6704071943134
oil_boiler,power,NL,0,gigawatt,0.0,0.0,244.8334783647642,244.8334783647642
oil_boiler,power,NO,0,gigawatt,0.0,0.0,446.6704071943134,446.6704071943134
oil_boiler,power,PL,0,gigawatt,0.0,0.0,446.6704071943134,446.6704071943134
oil_boiler,power,PT,0,gigawatt,0.0,0.0,446.6704071943134,446.6704071943134
oil_boiler,power,RO,0,gigawatt,0.0,0.0,446.6704071943134,446.6704071943134
oil_boiler,power,SE,0,gigawatt,0.0,0.0,446.6704071943134,446.6704071943134
oil_boiler,power,SI,0,gigawatt,0.0,0.0,446.6704071943134,446.6704071943134
oil_boiler,power,SK,0,gigawatt,0.0,0.0,446.6704071943134,446.6704071943134
oil_boiler,power,UK,0,gigawatt,0.0,0.0,446.6704071943134,446.6704071943134
oil_boiler_DH,power,AT,0,gigawatt,0.0,0.0,1016.2131490552299,1016.2131490552299
oil_boiler_DH,power,BE,0,gigawatt,0.0,0.0,1016.2131490552299,1016.2131490552299
oil_boiler_DH,power,BG,0,gigawatt,0.0,0.0,1016.2131490552299,1016.2131490552299
oil_boiler_DH,power,CH,0,gigawatt,0.0,0.0,1016.2131490552299,1016.2131490552299
oil_boiler_DH,power,CZ,0,gigawatt,0.0,0.0,1016.2131490552299,1016.2131490552299
oil_boiler_DH,power,DE,0,gigawatt,0.0,0.0,1016.2131490552299,1016.2131490552299
oil_boiler_DH,power,DK,0,gigawatt,0.0,0.0,1016.2131490552299,1016.2131490552299
oil_boiler_DH,power,EE,0,gigawatt,0.0,0.0,1016.2131490552299,1016.2131490552299
oil_boiler_DH,power,EL,0,gigawatt,0.0,0.0,1016.2131490552299,1016.2131490552299
oil_boiler_DH,power,ES,0,gigawatt,0.0,0.0,1016.2131490552299,1016.2131490552299
oil_boiler_DH,power,FI,0,gigawatt,0.0,0.0,1016.2131490552299,1016.2131490552299
oil_boiler_DH,power,FR,0,gigawatt,0.0,0.0,1016.2131490552299,1016.2131490552299
oil_boiler_DH,power,HR,0,gigawatt,0.0,0.0,1016.2131490552299,1016.2131490552299
oil_boiler_DH,power,HU,0,gigawatt,0.0,0.0,1016.2131490552299,1016.2131490552299
oil_boiler_DH,power,IE,0,gigawatt,0.0,0.0,1016.2131490552299,1016.2131490552299
oil_boiler_DH,power,IT,0,gigawatt,0.0,0.0,1016.2131490552299,1016.2131490552299
oil_boiler_DH,power,LT,0,gigawatt,0.0,0.0,1016.2131490552299,1016.2131490552299
oil_boiler_DH,power,LU,0,gigawatt,0.0,0.0,1016.2131490552299,1016.2131490552299
oil_boiler_DH,power,LV,0,gigawatt,0.0,0.0,1016.2131490552299,1016.2131490552299
oil_boiler_DH,power,NL,0,gigawatt,0.0,0.0,1016.2131490552299,1016.2131490552299
oil_boiler_DH,power,NO,0,gigawatt,0.0,0.0,1016.2131490552299,1016.2131490552299
oil_boiler_DH,power,PL,0,gigawatt,0.0,0.0,1016.2131490552299,1016.2131490552299
oil_boiler_DH,power,PT,0,gigawatt,0.0,0.0,1016.2131490552299,1016.2131490552299
oil_boiler_DH,power,RO,0,gigawatt,0.0,0.0,1016.2131490552299,1016.2131490552299
oil_boiler_DH,power,SE,0,gigawatt,0.0,0.0,1016.2131490552299,1016.2131490552299
oil_boiler_DH,power,SI,0,gigawatt,0.0,0.0,1016.2131490552299,1016.2131490552299
oil_boiler_DH,power,SK,0,gigawatt,0.0,0.0,1016.2131490552299,1016.2131490552299
oil_boiler_DH,power,UK,0,gigawatt,0.0,0.0,1016.2131490552299,1016.2131490552299
oil_plant,power,AT,0,gigawatt,0.0,0.0,2652.2880988891256,2652.2880988891256
oil_plant,power,BE,0,gigawatt,0.0,0.0,2652.2880988891256,2652.2880988891256
oil_plant,power,BG,0,gigawatt,0.0,0.0,2652.2880988891256,2652.2880988891256
oil_plant,power,CH,0,gigawatt,0.0,0.0,2652.2880988891256,2652.2880988891256
oil_plant,power,CZ,0,gigawatt,0.0,0.0,2652.2880988891256,2652.2880988891256
oil_plant,power,DE,0,gigawatt,0.0,0.0,2652.2880988891256,2652.2880988891256
oil_plant,power,DK,0,gigawatt,0.0,0.0,2652.2880988891256,2652.2880988891256
oil_plant,power,EE,0,gigawatt,0.0,0.0,2652.2880988891256,2652.2880988891256
oil_plant,power,EL,0,gigawatt,0.0,0.0,2652.2880988891256,2652.2880988891256
oil_plant,power,ES,0,gigawatt,0.0,0.0,2652.2880988891256,2652.2880988891256
oil_plant,power,FI,0,gigawatt,0.0,0.0,2652.2880988891256,2652.2880988891256
oil_plant,power,FR,0,gigawatt,0.0,0.0,2652.2880988891256,2652.2880988891256
oil_plant,power,HR,0,gigawatt,0.0,0.0,2652.2880988891256,2652.2880988891256
oil_plant,power,HU,0,gigawatt,0.0,0.0,2652.2880988891256,2652.2880988891256
oil_plant,power,IE,0,gigawatt,0.0,0.0,2652.2880988891256,2652.2880988891256
oil_plant,power,IT,0,gigawatt,0.0,0.0,2652.2880988891256,2652.2880988891256
oil_plant,power,LT,0,gigawatt,0.0,0.0,2652.2880988891256,2652.2880988891256
oil_plant,power,LU,0,gigawatt,0.0,0.0,2652.2880988891256,2652.2880988891256
oil_plant,power,LV,0,gigawatt,0.0,0.0,2652.2880988891256,2652.2880988891256
oil_plant,power,NL,0,gigawatt,0.0,0.0,2652.2880988891256,2652.2880988891256
oil_plant,power,NO,0,gigawatt,0.0,0.0,2652.2880988891256,2652.2880988891256
oil_plant,power,PL,0,gigawatt,0.0,0.0,2652.2880988891256,2652.2880988891256
oil_plant,power,PT,0,gigawatt,0.0,0.0,2652.2880988891256,2652.2880988891256
oil_plant,power,RO,0,gigawatt,0.0,0.0,2652.2880988891256,2652.2880988891256
oil_plant,power,SE,0,gigawatt,0.0,0.0,2652.2880988891256,2652.2880988891256
oil_plant,power,SI,0,gigawatt,0.0,0.0,2652.2880988891256,2652.2880988891256
oil_plant,power,SK,0,gigawatt,0.0,0.0,2652.2880988891256,2652.2880988891256
oil_plant,power,UK,0,gigawatt,0.0,0.0,2652.2880988891256,2652.2880988891256
oil_to_diesel_conversion,power,AT,0,gigawatt,0.0,-1.0,0.0,0.0
oil_to_diesel_conversion,power,BE,0,gigawatt,0.0,-1.0,0.0,0.0
oil_to_diesel_conversion,power,BG,0,gigawatt,0.0,-1.0,0.0,0.0
oil_to_diesel_conversion,power,CH,0,gigawatt,0.0,-1.0,0.0,0.0
oil_to_diesel_conversion,power,CZ,0,gigawatt,0.0,-1.0,0.0,0.0
oil_to_diesel_conversion,power,DE,0,gigawatt,0.0,-1.0,0.0,0.0
oil_to_diesel_conversion,power,DK,0,gigawatt,0.0,-1.0,0.0,0.0
oil_to_diesel_conversion,power,EE,0,gigawatt,0.0,-1.0,0.0,0.0
oil_to_diesel_conversion,power,EL,0,gigawatt,0.0,-1.0,0.0,0.0
oil_to_diesel_conversion,power,ES,0,gigawatt,0.0,-1.0,0.0,0.0
oil_to_diesel_conversion,power,FI,0,gigawatt,0.0,-1.0,0.0,0.0
oil_to_diesel_conversion,power,FR,0,gigawatt,0.0,-1.0,0.0,0.0
oil_to_diesel_conversion,power,HR,0,gigawatt,0.0,-1.0,0.0,0.0
oil_to_diesel_conversion,power,HU,0,gigawatt,0.0,-1.0,0.0,0.0
oil_to_diesel_conversion,power,IE,0,gigawatt,0.0,-1.0,0.0,0.0
oil_to_diesel_conversion,power,IT,0,gigawatt,0.0,-1.0,0.0,0.0
oil_to_diesel_conversion,power,LT,0,gigawatt,0.0,-1.0,0.0,0.0
oil_to_diesel_conversion,power,LU,0,gigawatt,0.0,-1.0,0.0,0.0
oil_to_diesel_conversion,power,LV,0,gigawatt,0.0,-1.0,0.0,0.0
oil_to_diesel_conversion,power,NL,0,gigawatt,0.0,-1.0,0.0,0.0
oil_to_diesel_conversion,power,NO,0,gigawatt,0.0,-1.0,0.0,0.0
oil_to_diesel_conversion,power,PL,0,gigawatt,0.0,0.0,-0.001984791020004253,-0.001984791020004253
oil_to_diesel_conversion,power,PT,0,gigawatt,0.0,-1.0,0.0,0.0
oil_to_diesel_conversion,power,RO,0,gigawatt,0.0,-1.0,0.0,0.0
oil_to_diesel_conversion,power,SE,0,gigawatt,0.0,-1.0,0.0,0.0
oil_to_diesel_conversion,power,SI,0,gigawatt,0.0,-1.0,0.0,0.0
oil_to_diesel_conversion,power,SK,0,gigawatt,0.0,-1.0,0.0,0.0
oil_to_diesel_conversion,power,UK,0,gigawatt,0.0,0.0,-0.001984791020004253,-0.001984791020004253
oil_to_gasoline_conversion,power,AT,0,gigawatt,0.0,-1.0,0.0,0.0
oil_to_gasoline_conversion,power,BE,0,gigawatt,0.0,-1.0,0.0,0.0
oil_to_gasoline_conversion,power,BG,0,gigawatt,0.0,-1.0,0.0,0.0
oil_to_gasoline_conversion,power,CH,0,gigawatt,0.0,-1.0,0.0,0.0
oil_to_gasoline_conversion,power,CZ,0,gigawatt,0.0,-1.0,0.0,0.0
oil_to_gasoline_conversion,power,DE,0,gigawatt,0.0,-1.0,0.0,0.0
oil_to_gasoline_conversion,power,DK,0,gigawatt,0.0,-1.0,0.0,0.0
oil_to_gasoline_conversion,power,EE,0,gigawatt,0.0,-1.0,0.0,0.0
oil_to_gasoline_conversion,power,EL,0,gigawatt,0.0,-1.0,0.0,0.0
oil_to_gasoline_conversion,power,ES,0,gigawatt,0.0,-1.0,0.0,0.0
oil_to_gasoline_conversion,power,FI,0,gigawatt,0.0,-1.0,0.0,0.0
oil_to_gasoline_conversion,power,FR,0,gigawatt,0.0,-1.0,0.0,0.0
oil_to_gasoline_conversion,power,HR,0,gigawatt,0.0,-1.0,0.0,0.0
oil_to_gasoline_conversion,power,HU,0,gigawatt,0.0,-1.0,0.0,0.0
oil_to_gasoline_conversion,power,IE,0,gigawatt,0.0,-1.0,0.0,0.0
oil_to_gasoline_conversion,power,IT,0,gigawatt,0.0,-1.0,0.0,0.0
oil_to_gasoline_conversion,power,LT,0,gigawatt,0.0,-1.0,0.0,0.0
oil_to_gasoline_conversion,power,LU,0,gigawatt,0.0,0.0,-0.001984791020004253,-0.001984791020004253
oil_to_gasoline_conversion,power,LV,0,gigawatt,0.0,-1.0,0.0,0.0
oil_to_gasoline_conversion,power,NL,0,gigawatt,0.0,-1.0,0.0,0.0
oil_to_gasoline_conversion,power,NO,0,gigawatt,0.0,-1.0,0.0,0.0
oil_to_gasoline_conversion,power,PL,0,gigawatt,0.0,-1.0,0.0,0.0
oil_to_gasoline_conversion,power,PT,0,gigawatt,0.0,-1.0,0.0,0.0
oil_to_gasoline_conversion,power,RO,0,gigawatt,0.0,-1.0,0.0,0.0
oil_to_gasoline_conversion,power,SE,0,gigawatt,0.0,-1.0,0.0,0.0
oil_to_gasoline_conversion,power,SI,0,gigawatt,0.0,-1.0,0.0,0.0
oil_to_gasoline_conversion,power,SK,0,gigawatt,0.0,-1.0,0.0,0.0
oil_to_gasoline_conversion,power,UK,0,gigawatt,0.0,0.0,-0.001984791020004253,-0.001984791020004253
oil_to_kerosene_conversion,power,AT,0,gigawatt,0.4420332191780822,0.0,-0.0012462210342539992,-0.0012462210342539992
oil_to_kerosene_conversion,power,BE,0,gigawatt,1.5943179223744293,0.0,-0.0012462210342539992,-0.0012462210342539992
oil_to_kerosene_conversion,power,BG,0,gigawatt,0.1875630136986301,0.0,-0.0012462210342539992,-0.0012462210342539992
oil_to_kerosene_conversion,power,CH,0,gigawatt,0.4420332191780822,0.0,-0.0012462210342539992,-0.0012462210342539992
oil_to_kerosene_conversion,power,CZ,0,gigawatt,0.2032091324200913,0.0,-0.0012462210342539992,-0.0012462210342539992
oil_to_kerosene_conversion,power,DE,0,gigawatt,6.431671689497716,0.0,-0.0012462210342539992,-0.0012462210342539992
oil_to_kerosene_conversion,power,DK,0,gigawatt,0.4629764840182648,0.0,-0.0012462210342539992,-0.0012462210342539992
oil_to_kerosene_conversion,power,EE,0,gigawatt,0.0334594748858447,0.0,-0.0012462210342539992,-0.0012462210342539992
oil_to_kerosene_conversion,power,EL,0,gigawatt,0.5889987442922374,0.0,-0.0012462210342539992,-0.0012462210342539992
oil_to_kerosene_conversion,power,ES,0,gigawatt,3.360359589041096,0.0,-0.0012462210342539992,-0.0012462210342539992
oil_to_kerosene_conversion,power,FI,0,gigawatt,0.4132832191780822,0.0,-0.0012462210342539992,-0.0012462210342539992
oil_to_kerosene_conversion,power,FR,0,gigawatt,4.839227511415525,0.0,-0.0012462210342539992,-0.0012462210342539992
oil_to_kerosene_conversion,power,HR,0,gigawatt,0.0784800228310502,0.0,-0.0012462210342539992,-0.0012462210342539992
oil_to_kerosene_conversion,power,HU,0,gigawatt,0.1346256849315068,0.0,-0.0012462210342539992,-0.0012462210342539992
oil_to_kerosene_conversion,power,IE,0,gigawatt,0.5282480593607306,0.0,-0.0012462210342539992,-0.0012462210342539992
oil_to_kerosene_conversion,power,IT,0,gigawatt,2.438218378995434,0.0,-0.0012462210342539992,-0.0012462210342539992
oil_to_kerosene_conversion,power,LT,0,gigawatt,0.0721881278538812,0.0,-0.0012462210342539992,-0.0012462210342539992
oil_to_kerosene_conversion,power,LU,0,gigawatt,0.7257484018264839,0.0,-0.0012462210342539992,-0.0012462210342539992
oil_to_kerosene_conversion,power,LV,0,gigawatt,0.0775028538812785,0.0,-0.0012462210342539992,-0.0012462210342539992
oil_to_kerosene_conversion,power,NL,0,gigawatt,2.950445091324201,0.0,-0.0012462210342539992,-0.0012462210342539992
oil_to_kerosene_conversion,power,NO,0,gigawatt,0.5369022831050229,0.0,-0.0012462210342539992,-0.0012462210342539992
oil_to_kerosene_conversion,power,PL,0,gigawatt,0.6260933789954338,0.0,-0.0012462210342539992,-0.0012462210342539992
oil_to_kerosene_conversion,power,PT,0,gigawatt,0.8084656392694064,0.0,-0.0012462210342539992,-0.0012462210342539992
oil_to_kerosene_conversion,power,RO,0,gigawatt,0.1126652968036529,0.0,-0.0012462210342539992,-0.0012462210342539992
oil_to_kerosene_conversion,power,SE,0,gigawatt,0.5376328767123287,0.0,-0.0012462210342539992,-0.0012462210342539992
oil_to_kerosene_conversion,power,SI,0,gigawatt,0.0132058219178082,0.0,-0.0012462210342539992,-0.0012462210342539992
oil_to_kerosene_conversion,power,SK,0,gigawatt,0.0384449771689497,0.0,-0.0012462210342539992,-0.0012462210342539992
oil_to_kerosene_conversion,power,UK,0,gigawatt,17.23354920091324,0.0,-0.0012462210342539992,-0.0012462210342539992
oil_to_naphtha_conversion,power,AT,0,gigawatt,0.0,0.0,-0.0012462210342539992,-0.0012462210342539992
oil_to_naphtha_conversion,power,BE,0,gigawatt,0.0,-1.0,0.0,0.0
oil_to_naphtha_conversion,power,BG,0,gigawatt,0.0,0.0,-0.0012462210342539992,-0.0012462210342539992
oil_to_naphtha_conversion,power,CH,0,gigawatt,0.0,0.0,-0.0012462210342539992,-0.0012462210342539992
oil_to_naphtha_conversion,power,CZ,0,gigawatt,0.0,0.0,-0.0012462210342539992,-0.0012462210342539992
oil_to_naphtha_conversion,power,DE,0,gigawatt,0.0,0.0,-0.0012462210342539992,-0.0012462210342539992
oil_to_naphtha_conversion,power,DK,0,gigawatt,0.0,-1.0,0.0,0.0
oil_to_naphtha_conversion,power,EE,0,gigawatt,0.0,-1.0,0.0,0.0
oil_to_naphtha_conversion,power,EL,0,gigawatt,0.0,0.0,-0.0012462210342539992,-0.0012462210342539992
oil_to_naphtha_conversion,power,ES,0,gigawatt,0.0,0.0,-0.0012462210342539992,-0.0012462210342539992
oil_to_naphtha_conversion,power,FI,0,gigawatt,0.0,0.0,-0.0012462210342539992,-0.0012462210342539992
oil_to_naphtha_conversion,power,FR,0,gigawatt,0.0,0.0,-0.0012462210342539992,-0.0012462210342539992
oil_to_naphtha_conversion,power,HR,0,gigawatt,0.0,-1.0,0.0,0.0
oil_to_naphtha_conversion,power,HU,0,gigawatt,0.0,-1.0,0.0,0.0
oil_to_naphtha_conversion,power,IE,0,gigawatt,0.0,0.0,-0.0012462210342539992,-0.0012462210342539992
oil_to_naphtha_conversion,power,IT,0,gigawatt,0.0,0.0,-0.0012462210342539992,-0.0012462210342539992
oil_to_naphtha_conversion,power,LT,0,gigawatt,0.0,-1.0,0.0,0.0
oil_to_naphtha_conversion,power,LU,0,gigawatt,0.0,-1.0,0.0,0.0
oil_to_naphtha_conversion,power,LV,0,gigawatt,0.0,-1.0,0.0,0.0
oil_to_naphtha_conversion,power,NL,0,gigawatt,0.0,0.0,-0.0012462210342539992,-0.0012462210342539992
oil_to_naphtha_conversion,power,NO,0,gigawatt,0.0,0.0,-0.0012462210342539992,-0.0012462210342539992
oil_to_naphtha_conversion,power,PL,0,gigawatt,0.0,0.0,-0.0012462210342539992,-0.0012462210342539992
oil_to_naphtha_conversion,power,PT,0,gigawatt,0.0,0.0,-0.0012462210342539992,-0.0012462210342539992
oil_to_naphtha_conversion,power,RO,0,gigawatt,0.0,-1.0,0.0,0.0
oil_to_naphtha_conversion,power,SE,0,gigawatt,0.0,0.0,-0.0012462210342539992,-0.0012462210342539992
oil_to_naphtha_conversion,power,SI,0,gigawatt,0.0,-1.0,0.0,0.0
oil_to_naphtha_conversion,power,SK,0,gigawatt,0.0,-1.0,0.0,0.0
oil_to_naphtha_conversion,power,UK,0,gigawatt,0.0,0.0,-0.0012462210342539992,-0.0012462210342539992
olefin_from_methanol,power,AT,0,kilotonproduct / hour,0.09197568561055329,0.0,-0.0014093944564592675,-0.0014093944564592675
olefin_from_methanol,power,BE,0,kilotonproduct / hour,0.20827457695406928,0.0,-0.0014093944564592675,-0.0014093944564592675
olefin_from_methanol,power,BG,0,kilotonproduct / hour,0.030806150349935266,0.0,-0.0014093944564592675,-0.0014093944564592675
olefin_from_methanol,power,CH,0,kilotonproduct / hour,0.09197568561055329,0.0,-0.0014093944564592675,-0.0014093944564592675
olefin_from_methanol,power,CZ,0,kilotonproduct / hour,0.05814373149598457,0.0,-0.0014093944564592675,-0.0014093944564592675
olefin_from_methanol,power,DE,0,kilotonproduct / hour,0.5879334941918893,0.0,-0.0014093944564592675,-0.0014093944564592675
olefin_from_methanol,power,DK,0,kilotonproduct / hour,0.0,0.0,5609.037395186219,5609.037395186219
olefin_from_methanol,power,EE,0,kilotonproduct / hour,0.0,0.0,5609.037395186219,5609.037395186219
olefin_from_methanol,power,EL,0,kilotonproduct / hour,0.1875256407934884,0.0,-0.0014093944564592675,-0.0014093944564592675
olefin_from_methanol,power,ES,0,kilotonproduct / hour,0.1151625003395232,0.0,-0.0014093944564592675,-0.0014093944564592675
olefin_from_methanol,power,FI,0,kilotonproduct / hour,0.03283924933679797,0.0,-0.0014093944564592675,-0.0014093944564592675
olefin_from_methanol,power,FR,0,kilotonproduct / hour,0.2758488238915698,0.0,-0.0014093944564592675,-0.0014093944564592675
olefin_from_methanol,power,HR,0,kilotonproduct / hour,0.0045081621381813505,0.0,-0.0014093944564592675,-0.0014093944564592675
olefin_from_methanol,power,HU,0,kilotonproduct / hour,0.09649249880035128,0.0,-0.0014093944564592675,-0.0014093944564592675
olefin_from_methanol,power,IE,0,kilotonproduct / hour,0.007407398437287798,0.0,-0.0014093944564592675,-0.0014093944564592675
olefin_from_methanol,power,IT,0,kilotonproduct / hour,0.32526433014332407,0.0,-0.0014093944564592675,-0.0014093944564592675
olefin_from_methanol,power,LT,0,kilotonproduct / hour,0.0,0.0,5609.037395186219,5609.037395186219
olefin_from_methanol,power,LU,0,kilotonproduct / hour,0.0,0.0,5609.037395186219,5609.037395186219
olefin_from_methanol,power,LV,0,kilotonproduct / hour,0.0,0.0,5609.037395186219,5609.037395186219
olefin_from_methanol,power,NL,0,kilotonproduct / hour,0.959991919347391,0.0,-0.0014093944564592675,-0.0014093944564592675
olefin_from_methanol,power,NO,0,kilotonproduct / hour,0.33340139113980194,0.0,-0.0014093944564592675,-0.0014093944564592675
olefin_from_methanol,power,PL,0,kilotonproduct / hour,0.2066548882289563,0.0,-0.0014093944564592675,-0.0014093944564592675
olefin_from_methanol,power,PT,0,kilotonproduct / hour,0.08920081666651568,0.0,-0.0014093944564592675,-0.0014093944564592675
olefin_from_methanol,power,RO,0,kilotonproduct / hour,0.012479766679643995,0.0,-0.0014093944564592675,-0.0014093944564592675
olefin_from_methanol,power,SE,0,kilotonproduct / hour,0.02030400456319206,0.0,-0.0014093944564592675,-0.0014093944564592675
olefin_from_methanol,power,SI,0,kilotonproduct / hour,0.0,0.0,5609.037395186219,5609.037395186219
olefin_from_methanol,power,SK,0,kilotonproduct / hour,0.05544036614183921,0.0,-0.0014093944564592675,-0.0014093944564592675
olefin_from_methanol,power,UK,0,kilotonproduct / hour,0.17761034051915361,0.0,-0.0014093944564592675,-0.0014093944564592675
olefin_from_naphtha,power,AT,0,kilotonproduct / hour,0.0,0.0,8743.50433532605,8743.50433532605
olefin_from_naphtha,power,BE,0,kilotonproduct / hour,0.0,0.0,4318.448369103212,4318.448369103212
olefin_from_naphtha,power,BG,0,kilotonproduct / hour,0.0,0.0,8515.955572633338,8515.955572633338
olefin_from_naphtha,power,CH,0,kilotonproduct / hour,0.0,0.0,7910.714619955629,7910.714619955629
olefin_from_naphtha,power,CZ,0,kilotonproduct / hour,0.0,0.0,1014.253448366725,1014.253448366725
olefin_from_naphtha,power,DE,0,kilotonproduct / hour,0.0,0.0,4676.315170517257,4676.315170517257
olefin_from_naphtha,power,DK,0,kilotonproduct / hour,0.0,0.0,8743.50433532605,8743.50433532605
olefin_from_naphtha,power,EE,0,kilotonproduct / hour,0.0,0.0,8743.50433532605,8743.50433532605
olefin_from_naphtha,power,EL,0,kilotonproduct / hour,0.0,0.0,8743.50433532605,8743.50433532605
olefin_from_naphtha,power,ES,0,kilotonproduct / hour,0.0,0.0,8743.50433532605,8743.50433532605
olefin_from_naphtha,power,FI,0,kilotonproduct / hour,0.0,0.0,8743.50433532605,8743.50433532605
olefin_from_naphtha,power,FR,0,kilotonproduct / hour,0.0,0.0,8743.50433532605,8743.50433532605
olefin_from_naphtha,power,HR,0,kilotonproduct / hour,0.0,0.0,8743.50433532605,8743.50433532605
olefin_from_naphtha,power,HU,0,kilotonproduct / hour,0.0,0.0,8743.50433532605,8743.50433532605
olefin_from_naphtha,power,IE,0,kilotonproduct / hour,0.0,0.0,8743.50433532605,8743.50433532605
olefin_from_naphtha,power,IT,0,kilotonproduct / hour,0.0,0.0,8743.50433532605,8743.50433532605
olefin_from_naphtha,power,LT,0,kilotonproduct / hour,0.0,0.0,8743.50433532605,8743.50433532605
olefin_from_naphtha,power,LU,0,kilotonproduct / hour,0.0,0.0,8743.50433532605,8743.50433532605
olefin_from_naphtha,power,LV,0,kilotonproduct / hour,0.0,0.0,8743.50433532605,8743.50433532605
olefin_from_naphtha,power,NL,0,kilotonproduct / hour,0.0,0.0,4398.480548325453,4398.480548325453
olefin_from_naphtha,power,NO,0,kilotonproduct / hour,0.0,0.0,8743.50433532605,8743.50433532605
olefin_from_naphtha,power,PL,0,kilotonproduct / hour,0.0,0.0,6473.676957759062,6473.676957759062
olefin_from_naphtha,power,PT,0,kilotonproduct / hour,0.0,0.0,8743.50433532605,8743.50433532605
olefin_from_naphtha,power,RO,0,kilotonproduct / hour,0.0,0.0,8743.50433532605,8743.50433532605
olefin_from_naphtha,power,SE,0,kilotonproduct / hour,0.0,0.0,8662.835386428302,8662.835386428302
olefin_from_naphtha,power,SI,0,kilotonproduct / hour,0.0,0.0,8743.50433532605,8743.50433532605
olefin_from_naphtha,power,SK,0,kilotonproduct / hour,0.0,0.0,5068.673979185534,5068.673979185534
olefin_from_naphtha,power,UK,0,kilotonproduct / hour,0.0,0.0,8743.50433532605,8743.50433532605
photovoltaics,power,AT,0,gigawatt,146.92,0.0,-0.001537245102667839,-0.001537245102667839
photovoltaics,power,BE,0,gigawatt,104.06,0.0,-0.001537245102667839,-0.001537245102667839
photovoltaics,power,BG,0,gigawatt,52.374155602523345,0.0,-0.001537245102667839,-0.001537245102667839
photovoltaics,power,CH,0,gigawatt,59.717949108504165,0.0,-0.001537245102667839,-0.001537245102667839
photovoltaics,power,CZ,0,gigawatt,0.0,0.0,14.856954286374958,14.856954286374958
photovoltaics,power,DE,0,gigawatt,453.6597071928044,0.0,-0.001537245102667839,-0.001537245102667839
photovoltaics,power,DK,0,gigawatt,0.0,0.0,77.47426138330547,77.47426138330547
photovoltaics,power,EE,0,gigawatt,0.0,0.0,105.86078678708355,105.86078678708355
photovoltaics,power,EL,0,gigawatt,89.70894845774397,0.0,-0.001537245102667839,-0.001537245102667839
photovoltaics,power,ES,0,gigawatt,445.48642463841026,0.0,-0.001537245102667839,-0.001537245102667839
photovoltaics,power,FI,0,gigawatt,0.0,0.0,66.71062074752453,66.71062074752453
photovoltaics,power,FR,0,gigawatt,267.68456082419374,0.0,-0.001537245102667839,-0.001537245102667839
photovoltaics,power,HR,0,gigawatt,34.370972454402676,0.0,-0.001537245102667839,-0.001537245102667839
photovoltaics,power,HU,0,gigawatt,17.757106955730976,0.0,-0.001537245102667839,-0.001537245102667839
photovoltaics,power,IE,0,gigawatt,0.0,0.0,23.993584486562327,23.993584486562327
photovoltaics,power,IT,0,gigawatt,756.6933380807366,0.0,-0.001537245102667839,-0.001537245102667839
photovoltaics,power,LT,0,gigawatt,0.0,0.0,73.20778745347172,73.20778745347172
photovoltaics,power,LU,0,gigawatt,0.40334944416084284,0.0,-0.001537245102667839,-0.001537245102667839
photovoltaics,power,LV,0,gigawatt,0.0,0.0,89.85331105827225,89.85331105827225
photovoltaics,power,NL,0,gigawatt,56.36465085424297,0.0,-0.001537245102667839,-0.001537245102667839
photovoltaics,power,NO,0,gigawatt,0.0,0.0,67.65309278944244,67.65309278944244
photovoltaics,power,PL,0,gigawatt,47.897099041089895,0.0,-0.001537245102667839,-0.001537245102667839
photovoltaics,power,PT,0,gigawatt,31.34578012558718,0.0,-0.001537245102667839,-0.001537245102667839
photovoltaics,power,RO,0,gigawatt,73.0791559197778,0.0,-0.001537245102667839,-0.001537245102667839
photovoltaics,power,SE,0,gigawatt,0.0,0.0,155.3837055224658,155.3837055224658
photovoltaics,power,SI,0,gigawatt,0.0,0.0,34.449116176163045,34.449116176163045
photovoltaics,power,SK,0,gigawatt,0.0,0.0,0.7201812940697891,0.7201812940697891
photovoltaics,power,UK,0,gigawatt,74.95226327924047,0.0,-0.001537245102667839,-0.001537245102667839
pyrolysis,power,AT,0,gigawatt,0.0,0.0,3469.1406237147394,3469.1406237147394
pyrolysis,power,BE,0,gigawatt,0.0,0.0,3469.1406237147394,3469.1406237147394
pyrolysis,power,BG,0,gigawatt,0.0,0.0,3469.1406237147394,3469.1406237147394
pyrolysis,power,CH,0,gigawatt,0.0,0.0,3469.1406237147394,3469.1406237147394
pyrolysis,power,CZ,0,gigawatt,0.0,0.0,3469.1406237147394,3469.1406237147394
pyrolysis,power,DE,0,gigawatt,0.0,0.0,3469.1406237147394,3469.1406237147394
pyrolysis,power,DK,0,gigawatt,0.0,0.0,981.7884500592572,981.7884500592572
pyrolysis,power,EE,0,gigawatt,0.0,0.0,3469.1406237147394,3469.1406237147394
pyrolysis,power,EL,0,gigawatt,0.0,0.0,3469.1406237147394,3469.1406237147394
pyrolysis,power,ES,0,gigawatt,0.0,0.0,3469.1406237147394,3469.1406237147394
pyrolysis,power,FI,0,gigawatt,0.0,0.0,3469.1406237147394,3469.1406237147394
pyrolysis,power,FR,0,gigawatt,0.0,0.0,3469.1406237147394,3469.1406237147394
pyrolysis,power,HR,0,gigawatt,0.0,0.0,3469.1406237147394,3469.1406237147394
pyrolysis,power,HU,0,gigawatt,0.0,0.0,3285.936204986549,3285.936204986549
pyrolysis,power,IE,0,gigawatt,0.0,0.0,2922.6935002248697,2922.6935002248697
pyrolysis,power,IT,0,gigawatt,0.0,0.0,3469.1406237147394,3469.1406237147394
pyrolysis,power,LT,0,gigawatt,0.0,0.0,3469.1406237147394,3469.1406237147394
pyrolysis,power,LU,0,gigawatt,0.0,0.0,3469.1406237147394,3469.1406237147394
pyrolysis,power,LV,0,gigawatt,0.0,0.0,3469.1406237147394,3469.1406237147394
pyrolysis,power,NL,0,gigawatt,0.0,0.0,2511.8978769440705,2511.8978769440705
pyrolysis,power,NO,0,gigawatt,0.0,0.0,3469.1406237147394,3469.1406237147394
pyrolysis,power,PL,0,gigawatt,0.0,0.0,3469.1406237147394,3469.1406237147394
pyrolysis,power,PT,0,gigawatt,0.0,0.0,3469.1406237147394,3469.1406237147394
pyrolysis,power,RO,0,gigawatt,0.0,0.0,3469.1406237147394,3469.1406237147394
pyrolysis,power,SE,0,gigawatt,0.0,0.0,3469.1406237147394,3469.1406237147394
pyrolysis,power,SI,0,gigawatt,0.0,0.0,3469.1406237147394,3469.1406237147394
pyrolysis,power,SK,0,gigawatt,0.0,0.0,3469.1406237147394,3469.1406237147394
pyrolysis,power,UK,0,gigawatt,0.0,0.0,3469.1406237147394,3469.1406237147394
refining,power,AT,0,gigawatt,0.4420332191780819,0.0,-0.001537245102667839,-0.001537245102667839
refining,power,BE,0,gigawatt,1.5943179223744293,0.0,-0.001537245102667839,-0.001537245102667839
refining,power,BG,0,gigawatt,0.18756301369862857,0.0,-0.001537245102667839,-0.001537245102667839
refining,power,CH,0,gigawatt,0.44203321917808436,0.0,-0.001537245102667839,-0.001537245102667839
refining,power,CZ,0,gigawatt,0.2032091324200913,0.0,-0.001537245102667839,-0.001537245102667839
refining,power,DE,0,gigawatt,6.431671689497703,0.0,-0.001537245102667839,-0.001537245102667839
refining,power,DK,0,gigawatt,0.4629764840182629,0.0,-0.001537245102667839,-0.001537245102667839
refining,power,EE,0,gigawatt,0.033459474885844706,0.0,-0.001537245102667839,-0.001537245102667839
refining,power,EL,0,gigawatt,0.5889987442922375,0.0,-0.001537245102667839,-0.001537245102667839
refining,power,ES,0,gigawatt,3.360359589041096,0.0,-0.001537245102667839,-0.001537245102667839
refining,power,FI,0,gigawatt,0.4132832191780822,0.0,-0.001537245102667839,-0.001537245102667839
refining,power,FR,0,gigawatt,4.8392275114155225,0.0,-0.001537245102667839,-0.001537245102667839
refining,power,HR,0,gigawatt,0.07848002283105139,0.0,-0.001537245102667839,-0.001537245102667839
refining,power,HU,0,gigawatt,0.13462568493150834,0.0,-0.001537245102667839,-0.001537245102667839
refining,power,IE,0,gigawatt,0.52824805936073,0.0,-0.001537245102667839,-0.001537245102667839
refining,power,IT,0,gigawatt,2.438218378995434,0.0,-0.001537245102667839,-0.001537245102667839
refining,power,LT,0,gigawatt,0.07218812785388119,0.0,-0.001537245102667839,-0.001537245102667839
refining,power,LU,0,gigawatt,0.725748401826484,0.0,-0.001537245102667839,-0.001537245102667839
refining,power,LV,0,gigawatt,0.0775028538812788,0.0,-0.001537245102667839,-0.001537245102667839
refining,power,NL,0,gigawatt,2.9504450913242213,0.0,-0.001537245102667839,-0.001537245102667839
refining,power,NO,0,gigawatt,0.5369022831050229,0.0,-0.001537245102667839,-0.001537245102667839
refining,power,PL,0,gigawatt,0.626093378995432,0.0,-0.001537245102667839,-0.001537245102667839
refining,power,PT,0,gigawatt,0.8084656392694077,0.0,-0.001537245102667839,-0.001537245102667839
refining,power,RO,0,gigawatt,0.11266529680365517,0.0,-0.001537245102667839,-0.001537245102667839
refining,power,SE,0,gigawatt,0.5376328767123283,0.0,-0.001537245102667839,-0.001537245102667839
refining,power,SI,0,gigawatt,0.013205821917804386,0.0,-0.001537245102667839,-0.001537245102667839
refining,power,SK,0,gigawatt,0.03844497716895027,0.0,-0.001537245102667839,-0.001537245102667839
refining,power,UK,0,gigawatt,17.233549200913206,0.0,-0.001537245102667839,-0.001537245102667839
reservoir_hydro,power,AT,0,gigawatt,5.142919999999999,0.0,-0.0018929289526568027,-0.0018929289526568027
reservoir_hydro,power,BE,0,gigawatt,0.01273566879,0.0,-0.0018929289526568027,-0.0018929289526568027
reservoir_hydro,power,BG,0,gigawatt,1.4123949782100933,0.0,-0.0018929289526568027,-0.0018929289526568027
reservoir_hydro,power,CH,0,gigawatt,0.0,0.0,612.5283651893326,612.5283651893326
reservoir_hydro,power,CZ,0,gigawatt,0.0,0.0,326.0395800235742,326.0395800235742
reservoir_hydro,power,DE,0,gigawatt,0.1895,0.0,-0.0018929289526568027,-0.0018929289526568027
reservoir_hydro,power,DK,0,gigawatt,0.0,0.0,2826.270299834934,2826.270299834934
reservoir_hydro,power,EE,0,gigawatt,0.0,0.0,3232.6852457106834,3232.6852457106834
reservoir_hydro,power,EL,0,gigawatt,0.0,0.0,570.1108743906498,570.1108743906498
reservoir_hydro,power,ES,0,gigawatt,16.301332000000002,0.0,-0.0018929289526568027,-0.0018929289526568027
reservoir_hydro,power,FI,0,gigawatt,1.345,0.0,-0.0018929289526568027,-0.0018929289526568027
reservoir_hydro,power,FR,0,gigawatt,0.0,0.0,411.304282721198,411.304282721198
reservoir_hydro,power,HR,0,gigawatt,1.327624458599,0.0,-0.0018929289526568027,-0.0018929289526568027
reservoir_hydro,power,HU,0,gigawatt,0.028,0.0,-0.0018929289526568027,-0.0018929289526568027
reservoir_hydro,power,IE,0,gigawatt,0.0,0.0,1411.4154649250859,1411.4154649250859
reservoir_hydro,power,IT,0,gigawatt,5.48524,0.0,-0.0018929289526568027,-0.0018929289526568027
reservoir_hydro,power,LT,0,gigawatt,0.0,0.0,338.25844292671854,338.25844292671854
reservoir_hydro,power,LU,0,gigawatt,0.0,0.0,2828.613200875386,2828.613200875386
reservoir_hydro,power,LV,0,gigawatt,0.0,0.0,2198.491109575159,2198.491109575159
reservoir_hydro,power,NL,0,gigawatt,0.0,0.0,2826.270299834934,2826.270299834934
reservoir_hydro,power,NO,0,gigawatt,0.0,0.0,174.90114316209065,174.90114316209065
reservoir_hydro,power,PL,0,gigawatt,0.0,0.0,3232.6852457106834,3232.6852457106834
reservoir_hydro,power,PT,0,gigawatt,0.39600535117056845,0.0,-0.0018929289526568027,-0.0018929289526568027
reservoir_hydro,power,RO,0,gigawatt,5.3034801274,0.0,-0.0018929289526568027,-0.0018929289526568027
reservoir_hydro,power,SE,0,gigawatt,0.0,0.0,1113.1739408461488,1113.1739408461488
reservoir_hydro,power,SI,0,gigawatt,0.60219,0.0,-0.0018929289526568027,-0.0018929289526568027
reservoir_hydro,power,SK,0,gigawatt,0.0,0.0,-0.0018929289526568027,-0.0018929289526568027
reservoir_hydro,power,UK,0,gigawatt,0.0,0.0,3232.6852457106834,3232.6852457106834
run-of-river_hydro,power,AT,0,gigawatt,5.9039,0.0,-0.001825592546538246,-0.001825592546538246
run-of-river_hydro,power,BE,0,gigawatt,0.059015339743,0.0,-0.001825592546538246,-0.001825592546538246
run-of-river_hydro,power,BG,0,gigawatt,0.0,0.0,239.32550856308944,239.32550856308944
run-of-river_hydro,power,CH,0,gigawatt,0.0,0.0,771.6820168728159,771.6820168728159
run-of-river_hydro,power,CZ,0,gigawatt,0.0,0.0,759.5841794761027,759.5841794761027
run-of-river_hydro,power,DE,0,gigawatt,2.496904206792777,0.0,-0.001825592546538246,-0.001825592546538246
run-of-river_hydro,power,DK,0,gigawatt,0.0,0.0,3075.114751464169,3075.114751464169
run-of-river_hydro,power,EE,0,gigawatt,0.0,0.0,3527.8170713927075,3527.8170713927075
run-of-river_hydro,power,EL,0,gigawatt,0.0,0.0,1044.7601072881716,1044.7601072881716
run-of-river_hydro,power,ES,0,gigawatt,1.3957639999999998,0.0,-0.001825592546538246,-0.001825592546538246
run-of-river_hydro,power,FI,0,gigawatt,1.2896,0.0,-0.001825592546538246,-0.001825592546538246
run-of-river_hydro,power,FR,0,gigawatt,0.0,0.0,875.9954155493103,875.9954155493103
run-of-river_hydro,power,HR,0,gigawatt,0.278667730292,0.0,-0.001825592546538246,-0.001825592546538246
run-of-river_hydro,power,HU,0,gigawatt,0.0197,0.0,-0.001825592546538246,-0.001825592546538246
run-of-river_hydro,power,IE,0,gigawatt,0.0,0.0,1803.3169274825216,1803.3169274825216
run-of-river_hydro,power,IT,0,gigawatt,5.75696,0.0,-0.001825592546538246,-0.001825592546538246
run-of-river_hydro,power,LT,0,gigawatt,0.0,0.0,3229.375403255945,3229.375403255945
run-of-river_hydro,power,LU,0,gigawatt,0.0,0.0,3076.72306274779,3076.72306274779
run-of-river_hydro,power,LV,0,gigawatt,0.0,0.0,2546.776575795374,2546.776575795374
run-of-river_hydro,power,NL,0,gigawatt,0.0,0.0,3075.114751464169,3075.114751464169
run-of-river_hydro,power,NO,0,gigawatt,0.0,0.0,3354.1029511357187,3354.1029511357187
run-of-river_hydro,power,PL,0,gigawatt,0.0,0.0,3391.5897656658067,3391.5897656658067
run-of-river_hydro,power,PT,0,gigawatt,1.805,0.0,-0.001825592546538246,-0.001825592546538246
run-of-river_hydro,power,RO,0,gigawatt,0.0,0.0,267.44194204175074,267.44194204175074
run-of-river_hydro,power,SE,0,gigawatt,0.0,0.0,1469.3855732096586,1469.3855732096586
run-of-river_hydro,power,SI,0,gigawatt,0.6648100000000003,0.0,-0.001825592546538246,-0.001825592546538246
run-of-river_hydro,power,SK,0,gigawatt,0.0,0.0,369.83223482298945,369.83223482298945
run-of-river_hydro,power,UK,0,gigawatt,0.0,0.0,3527.8170713927075,3527.8170713927075
waste_boiler_DH,power,AT,0,gigawatt,0.0,0.0,1976.301897582092,1976.301897582092
waste_boiler_DH,power,BE,0,gigawatt,0.0,0.0,1984.1651371153669,1984.1651371153669
waste_boiler_DH,power,BG,0,gigawatt,0.0,0.0,1985.0696410690857,1985.0696410690857
waste_boiler_DH,power,CH,0,gigawatt,0.0,0.0,1985.5131163183637,1985.5131163183637
waste_boiler_DH,power,CZ,0,gigawatt,0.0,0.0,1962.350440945615,1962.350440945615
waste_boiler_DH,power,DE,0,gigawatt,0.0,0.0,1967.7571606463132,1967.7571606463132
waste_boiler_DH,power,DK,0,gigawatt,0.0,0.0,1983.9684836310353,1983.9684836310353
waste_boiler_DH,power,EE,0,gigawatt,0.0,0.0,1987.5129987460382,1987.5129987460382
waste_boiler_DH,power,EL,0,gigawatt,0.0,0.0,1987.5129987460382,1987.5129987460382
waste_boiler_DH,power,ES,0,gigawatt,0.0,0.0,1987.5129987460382,1987.5129987460382
waste_boiler_DH,power,FI,0,gigawatt,0.0,0.0,1987.5129987460382,1987.5129987460382
waste_boiler_DH,power,FR,0,gigawatt,0.0,0.0,1982.2636957759646,1982.2636957759646
waste_boiler_DH,power,HR,0,gigawatt,0.0,0.0,1987.5129987460382,1987.5129987460382
waste_boiler_DH,power,HU,0,gigawatt,0.0,0.0,1946.37255239408,1946.37255239408
waste_boiler_DH,power,IE,0,gigawatt,0.0,0.0,1987.5129987460382,1987.5129987460382
waste_boiler_DH,power,IT,0,gigawatt,0.0,0.0,1987.5129987460382,1987.5129987460382
waste_boiler_DH,power,LT,0,gigawatt,0.0,0.0,1983.5852957023153,1983.5852957023153
waste_boiler_DH,power,LU,0,gigawatt,0.0,0.0,1958.574475749991,1958.574475749991
waste_boiler_DH,power,LV,0,gigawatt,0.0,0.0,1987.4613304503414,1987.4613304503414
waste_boiler_DH,power,NL,0,gigawatt,0.0,0.0,1978.522219255521,1978.522219255521
waste_boiler_DH,power,NO,0,gigawatt,0.0,0.0,1987.5129987460382,1987.5129987460382
waste_boiler_DH,power,PL,0,gigawatt,0.0,0.0,1964.7457646412174,1964.7457646412174
waste_boiler_DH,power,PT,0,gigawatt,0.0,0.0,1987.5129987460382,1987.5129987460382
waste_boiler_DH,power,RO,0,gigawatt,0.0,0.0,1987.5129987460382,1987.5129987460382
waste_boiler_DH,power,SE,0,gigawatt,0.0,0.0,1973.6496103123695,1973.6496103123695
waste_boiler_DH,power,SI,0,gigawatt,0.0,0.0,1956.9939264182944,1956.9939264182944
waste_boiler_DH,power,SK,0,gigawatt,0.0,0.0,1987.5129987460382,1987.5129987460382
waste_boiler_DH,power,UK,0,gigawatt,0.0,0.0,1987.5129987460382,1987.5129987460382
waste_plant,power,AT,0,gigawatt,0.0,0.0,4521.8858009219075,4521.8858009219075
waste_plant,power,BE,0,gigawatt,0.0,0.0,4521.8858009219075,4521.8858009219075
waste_plant,power,BG,0,gigawatt,0.0,0.0,4521.8858009219075,4521.8858009219075
waste_plant,power,CH,0,gigawatt,0.0,0.0,4521.8858009219075,4521.8858009219075
waste_plant,power,CZ,0,gigawatt,0.0,0.0,4521.8858009219075,4521.8858009219075
waste_plant,power,DE,0,gigawatt,0.0,0.0,4521.8858009219075,4521.8858009219075
waste_plant,power,DK,0,gigawatt,0.0,0.0,4521.8858009219075,4521.8858009219075
waste_plant,power,EE,0,gigawatt,0.0,0.0,4521.8858009219075,4521.8858009219075
waste_plant,power,EL,0,gigawatt,0.0,0.0,4521.8858009219075,4521.8858009219075
waste_plant,power,ES,0,gigawatt,0.0,0.0,4521.8858009219075,4521.8858009219075
waste_plant,power,FI,0,gigawatt,0.0,0.0,4521.8858009219075,4521.8858009219075
waste_plant,power,FR,0,gigawatt,0.0,0.0,4521.8858009219075,4521.8858009219075
waste_plant,power,HR,0,gigawatt,0.0,0.0,4521.8858009219075,4521.8858009219075
waste_plant,power,HU,0,gigawatt,0.0,0.0,4521.8858009219075,4521.8858009219075
waste_plant,power,IE,0,gigawatt,0.0,0.0,4521.8858009219075,4521.8858009219075
waste_plant,power,IT,0,gigawatt,0.0,0.0,4521.8858009219075,4521.8858009219075
waste_plant,power,LT,0,gigawatt,0.0,0.0,4521.8858009219075,4521.8858009219075
waste_plant,power,LU,0,gigawatt,0.0,0.0,4521.8858009219075,4521.8858009219075
waste_plant,power,LV,0,gigawatt,0.0,0.0,4521.8858009219075,4521.8858009219075
waste_plant,power,NL,0,gigawatt,0.0,0.0,4521.8858009219075,4521.8858009219075
waste_plant,power,NO,0,gigawatt,0.0,0.0,4521.8858009219075,4521.8858009219075
waste_plant,power,PL,0,gigawatt,0.0,0.0,4521.8858009219075,4521.8858009219075
waste_plant,power,PT,0,gigawatt,0.0,0.0,4521.8858009219075,4521.8858009219075
waste_plant,power,RO,0,gigawatt,0.0,0.0,4521.8858009219075,4521.8858009219075
waste_plant,power,SE,0,gigawatt,0.0,0.0,4521.8858009219075,4521.8858009219075
waste_plant,power,SI,0,gigawatt,0.0,0.0,4521.8858009219075,4521.8858009219075
waste_plant,power,SK,0,gigawatt,0.0,0.0,4521.8858009219075,4521.8858009219075
waste_plant,power,UK,0,gigawatt,0.0,0.0,4521.8858009219075,4521.8858009219075
waste_to_cement_fuel,power,AT,0,gigawatt,0.0,0.0,1071.5216693457987,1071.5216693457987
waste_to_cement_fuel,power,BE,0,gigawatt,0.0,0.0,1062.293098048653,1062.293098048653
waste_to_cement_fuel,power,BG,0,gigawatt,0.0,0.0,1074.6065882828048,1074.6065882828048
waste_to_cement_fuel,power,CH,0,gigawatt,0.0,0.0,1042.16717652219,1042.16717652219
waste_to_cement_fuel,power,CZ,0,gigawatt,0.0,0.0,1035.479491561922,1035.479491561922
waste_to_cement_fuel,power,DE,0,gigawatt,0.0,0.0,983.4134651528843,983.4134651528843
waste_to_cement_fuel,power,DK,0,gigawatt,0.0,0.0,1216.9637035364449,1216.9637035364449
waste_to_cement_fuel,power,EE,0,gigawatt,0.0,0.0,890.6244123406022,890.6244123406022
waste_to_cement_fuel,power,EL,0,gigawatt,0.0,0.0,863.4728862179893,863.4728862179893
waste_to_cement_fuel,power,ES,0,gigawatt,0.0,0.0,1393.6979861946065,1393.6979861946065
waste_to_cement_fuel,power,FI,0,gigawatt,0.0,0.0,1384.4056297890759,1384.4056297890759
waste_to_cement_fuel,power,FR,0,gigawatt,0.0,0.0,1241.714984728725,1241.714984728725
waste_to_cement_fuel,power,HR,0,gigawatt,0.0,0.0,991.1074832095622,991.1074832095622
waste_to_cement_fuel,power,HU,0,gigawatt,0.0,0.0,989.7279950847483,989.7279950847483
waste_to_cement_fuel,power,IE,0,gigawatt,0.0,0.0,1346.34163314999,1346.34163314999
waste_to_cement_fuel,power,IT,0,gigawatt,0.0,0.0,1133.288307980356,1133.288307980356
waste_to_cement_fuel,power,LT,0,gigawatt,0.0,0.0,1121.7111989334599,1121.7111989334599
waste_to_cement_fuel,power,LU,0,gigawatt,0.0,0.0,1066.772777772805,1066.772777772805
waste_to_cement_fuel,power,LV,0,gigawatt,0.0,0.0,508.42351642552615,508.42351642552615
waste_to_cement_fuel,power,NL,0,gigawatt,0.0,0.0,1406.3351351351348,1406.3351351351348
waste_to_cement_fuel,power,NO,0,gigawatt,0.0,0.0,967.2620478335601,967.2620478335601
waste_to_cement_fuel,power,PL,0,gigawatt,0.0,0.0,977.8313999856214,977.8313999856214
waste_to_cement_fuel,power,PT,0,gigawatt,0.0,0.0,1406.3351351351348,1406.3351351351348
waste_to_cement_fuel,power,RO,0,gigawatt,0.0,0.0,1104.4101948081263,1104.4101948081263
waste_to_cement_fuel,power,SE,0,gigawatt,0.0,0.0,1392.0408030780302,1392.0408030780302
waste_to_cement_fuel,power,SI,0,gigawatt,0.0,0.0,1071.2972166528284,1071.2972166528284
waste_to_cement_fuel,power,SK,0,gigawatt,0.0,0.0,966.8453149581507,966.8453149581507
waste_to_cement_fuel,power,UK,0,gigawatt,0.0,0.0,1275.8928871716978,1275.8928871716978
wind_offshore,power,AT,0,gigawatt,0.0,0.0,1933.6468026823231,1933.6468026823231
wind_offshore,power,BE,0,gigawatt,1.85,0.0,-0.0014093944569140149,-0.0014093944569140149
wind_offshore,power,BG,0,gigawatt,0.0,0.0,2452.0908178445934,2452.0908178445934
wind_offshore,power,CH,0,gigawatt,0.0,0.0,1933.6468026823231,1933.6468026823231
wind_offshore,power,CZ,0,gigawatt,0.0,0.0,2452.0908178445934,2452.0908178445934
wind_offshore,power,DE,0,gigawatt,27.84,0.0,-0.0014093944569140149,-0.0014093944569140149
wind_offshore,power,DK,0,gigawatt,0.0,0.0,934.5882536859408,934.5882536859408
wind_offshore,power,EE,0,gigawatt,0.0,0.0,2406.17680808173,2406.17680808173
wind_offshore,power,EL,0,gigawatt,0.0,0.0,2452.0908178445934,2452.0908178445934
wind_offshore,power,ES,0,gigawatt,0.0,0.0,2452.0908178445934,2452.0908178445934
wind_offshore,power,FI,0,gigawatt,2.3098362975142464,0.0,-0.0014093944569140149,-0.0014093944569140149
wind_offshore,power,FR,0,gigawatt,0.0,0.0,215.37485944383548,215.37485944383548
wind_offshore,power,HR,0,gigawatt,0.0,0.0,2452.0908178445934,2452.0908178445934
wind_offshore,power,HU,0,gigawatt,0.0,0.0,2207.2842764520224,2207.2842764520224
wind_offshore,power,IE,0,gigawatt,0.0,0.0,1346.6510239363251,1346.6510239363251
wind_offshore,power,IT,0,gigawatt,0.0,0.0,2452.0908178445934,2452.0908178445934
wind_offshore,power,LT,0,gigawatt,0.0,0.0,2415.7167039354235,2415.7167039354235
wind_offshore,power,LU,0,gigawatt,0.0,0.0,2209.457379061796,2209.457379061796
wind_offshore,power,LV,0,gigawatt,0.0,0.0,2411.4286094382114,2411.4286094382114
wind_offshore,power,NL,0,gigawatt,10.593911955271942,0.0,-0.0014093944569140149,-0.0014093944569140149
wind_offshore,power,NO,0,gigawatt,22.483029837064414,0.0,-0.0014093944569140149,-0.0014093944569140149
wind_offshore,power,PL,0,gigawatt,0.0,0.0,2452.0908178445934,2452.0908178445934
wind_offshore,power,PT,0,gigawatt,0.0,0.0,2452.0908178445934,2452.0908178445934
wind_offshore,power,RO,0,gigawatt,0.0,0.0,2452.0908178445934,2452.0908178445934
wind_offshore,power,SE,0,gigawatt,0.0,0.0,870.4232992394775,870.4232992394775
wind_offshore,power,SI,0,gigawatt,0.0,0.0,1933.7934824447082,1933.7934824447082
wind_offshore,power,SK,0,gigawatt,0.0,0.0,2452.0908178445934,2452.0908178445934
wind_offshore,power,UK,0,gigawatt,0.0,0.0,809.7725605871935,809.7725605871935
wind_onshore,power,AT,0,gigawatt,11.048560504,0.0,-0.0014093944565729544,-0.0014093944565729544
wind_onshore,power,BE,0,gigawatt,8.129689387,0.0,-0.0014093944565729544,-0.0014093944565729544
wind_onshore,power,BG,0,gigawatt,0.0,0.0,141.01628358308471,141.01628358308471
wind_onshore,power,CH,0,gigawatt,0.0,0.0,456.8029510736316,456.8029510736316
wind_onshore,power,CZ,0,gigawatt,76.204607193,0.0,-0.0014093944565729544,-0.0014093944565729544
wind_onshore,power,DE,0,gigawatt,106.972524831,0.0,-0.0014093944565729544,-0.0014093944565729544
wind_onshore,power,DK,0,gigawatt,46.37332844349465,0.0,-0.0014093944565729544,-0.0014093944565729544
wind_onshore,power,EE,0,gigawatt,21.744565142904865,0.0,-0.0014093944565729544,-0.0014093944565729544
wind_onshore,power,EL,0,gigawatt,40.80401641824287,0.0,-0.0014093944565729544,-0.0014093944565729544
wind_onshore,power,ES,0,gigawatt,86.11675856851902,0.0,-0.0014093944565729544,-0.0014093944565729544
wind_onshore,power,FI,0,gigawatt,30.765635296,0.0,-0.0014093944565729544,-0.0014093944565729544
wind_onshore,power,FR,0,gigawatt,302.1379787369419,0.0,-0.0014093944565729544,-0.0014093944565729544
wind_onshore,power,HR,0,gigawatt,13.638092098045808,0.0,-0.0014093944565729544,-0.0014093944565729544
wind_onshore,power,HU,0,gigawatt,53.077312446,0.0,-0.0014093944565729544,-0.0014093944565729544
wind_onshore,power,IE,0,gigawatt,33.650594875094725,0.0,-0.0014093944565729544,-0.0014093944565729544
wind_onshore,power,IT,0,gigawatt,178.289036945,0.0,-0.0014093944565729544,-0.0014093944565729544
wind_onshore,power,LT,0,gigawatt,13.703444801992351,0.0,-0.0014093944565729544,-0.0014093944565729544
wind_onshore,power,LU,0,gigawatt,0.693806723,0.0,-0.0014093944565729544,-0.0014093944565729544
wind_onshore,power,LV,0,gigawatt,4.958893575356904,0.0,-0.0014093944565729544,-0.0014093944565729544
wind_onshore,power,NL,0,gigawatt,48.865,0.0,-0.0014093944565729544,-0.0014093944565729544
wind_onshore,power,NO,0,gigawatt,0.0,0.0,156.59283626387912,156.59283626387912
wind_onshore,power,PL,0,gigawatt,101.548392543,0.0,-0.0014093944565729544,-0.0014093944565729544
wind_onshore,power,PT,0,gigawatt,28.95981620574015,0.0,-0.0014093944565729544,-0.0014093944565729544
wind_onshore,power,RO,0,gigawatt,5.142794714134827,0.0,-0.0014093944565729544,-0.0014093944565729544
wind_onshore,power,SE,0,gigawatt,96.5529293791989,0.0,-0.0014093944565729544,-0.0014093944565729544
wind_onshore,power,SI,0,gigawatt,0.0,0.0,448.5158984480552,448.5158984480552
wind_onshore,power,SK,0,gigawatt,13.85072630104547,0.0,-0.0014093944565729544,-0.0014093944565729544
wind_onshore,power,UK,0,gigawatt,230.005,0.0,-0.0014093944565729544,-0.0014093944565729544
natural_gas_turbine_CCS,power,AT,0,kilotCO2eq / hour,0.8251123712782489,0.0,-0.0015592810500493215,-0.0015592810500493215
natural_gas_turbine_CCS,power,BE,0,kilotCO2eq / hour,2.845154207626502,0.0,-0.0015592810500493215,-0.0015592810500493215
natural_gas_turbine_CCS,power,BG,0,kilotCO2eq / hour,0.0,0.0,1321.4891989829775,1321.4891989829775
natural_gas_turbine_CCS,power,CH,0,kilotCO2eq / hour,2.021184053684124,0.0,-0.0015592810500493215,-0.0015592810500493215
natural_gas_turbine_CCS,power,CZ,0,kilotCO2eq / hour,0.0,0.0,639.4860487515211,639.4860487515211
natural_gas_turbine_CCS,power,DE,0,kilotCO2eq / hour,10.542704864352983,0.0,-0.0015592810500493215,-0.0015592810500493215
natural_gas_turbine_CCS,power,DK,0,kilotCO2eq / hour,0.0,0.0,2599.5835837509067,2599.5835837509067
natural_gas_turbine_CCS,power,EE,0,kilotCO2eq / hour,0.0,0.0,4158.645667419418,4158.645667419418
natural_gas_turbine_CCS,power,EL,0,kilotCO2eq / hour,0.0,0.0,308.9576052257494,308.9576052257494
natural_gas_turbine_CCS,power,ES,0,kilotCO2eq / hour,0.0,0.0,600.0044665721016,600.0044665721016
natural_gas_turbine_CCS,power,FI,0,kilotCO2eq / hour,0.0,0.0,1130.513316086336,1130.513316086336
natural_gas_turbine_CCS,power,FR,0,kilotCO2eq / hour,0.0,0.0,2547.3005295674293,2547.3005295674293
natural_gas_turbine_CCS,power,HR,0,kilotCO2eq / hour,0.0,0.0,842.6883528990334,842.6883528990334
natural_gas_turbine_CCS,power,HU,0,kilotCO2eq / hour,0.0,0.0,640.773569095722,640.773569095722
natural_gas_turbine_CCS,power,IE,0,kilotCO2eq / hour,0.0,0.0,2475.050391338383,2475.050391338383
natural_gas_turbine_CCS,power,IT,0,kilotCO2eq / hour,0.0,0.0,70.49557514712933,70.49557514712933
natural_gas_turbine_CCS,power,LT,0,kilotCO2eq / hour,0.0,0.0,2727.4358882967085,2727.4358882967085
natural_gas_turbine_CCS,power,LU,0,kilotCO2eq / hour,0.0,0.0,300.8105024763795,300.8105024763795
natural_gas_turbine_CCS,power,LV,0,kilotCO2eq / hour,0.0,0.0,4158.645667419418,4158.645667419418
natural_gas_turbine_CCS,power,NL,0,kilotCO2eq / hour,0.0,0.0,1111.582476404347,1111.582476404347
natural_gas_turbine_CCS,power,NO,0,kilotCO2eq / hour,0.0,0.0,4158.645667419418,4158.645667419418
natural_gas_turbine_CCS,power,PL,0,kilotCO2eq / hour,0.10572470311758439,0.0,-0.0015592810500493215,-0.0015592810500493215
natural_gas_turbine_CCS,power,PT,0,kilotCO2eq / hour,0.0,0.0,290.8922565197495,290.8922565197495
natural_gas_turbine_CCS,power,RO,0,kilotCO2eq / hour,0.0,0.0,-0.0015592810500493215,-0.0015592810500493215
natural_gas_turbine_CCS,power,SE,0,kilotCO2eq / hour,0.0,0.0,4158.645667419418,4158.645667419418
natural_gas_turbine_CCS,power,SI,0,kilotCO2eq / hour,0.0,0.0,1065.3272824530666,1065.3272824530666
natural_gas_turbine_CCS,power,SK,0,kilotCO2eq / hour,0.0,0.0,674.0978636985878,674.0978636985878
natural_gas_turbine_CCS,power,UK,0,kilotCO2eq / hour,0.0,0.0,2707.2869702115727,2707.2869702115727
biomass_plant_CCS,power,AT,0,kilotCO2eq / hour,0.8653824876858025,0.0,-0.0017159086353331077,-0.0017159086353331077
biomass_plant_CCS,power,BE,0,kilotCO2eq / hour,1.0045076442871854,0.0,-0.0017159086353331077,-0.0017159086353331077
biomass_plant_CCS,power,BG,0,kilotCO2eq / hour,0.4632766488598192,0.0,-0.0017159086353331077,-0.0017159086353331077
biomass_plant_CCS,power,CH,0,kilotCO2eq / hour,0.7267175981704342,0.0,-0.0017159086353331077,-0.0017159086353331077
biomass_plant_CCS,power,CZ,0,kilotCO2eq / hour,0.8466836549899991,0.0,-0.0017159086353331077,-0.0017159086353331077
biomass_plant_CCS,power,DE,0,kilotCO2eq / hour,4.908191466890885,0.0,-0.0017159086353331077,-0.0017159086353331077
biomass_plant_CCS,power,DK,0,kilotCO2eq / hour,0.6929822777566627,0.0,-0.0017159086353331077,-0.0017159086353331077
biomass_plant_CCS,power,EE,0,kilotCO2eq / hour,0.16762828254725906,0.0,-0.0017159086353331077,-0.0017159086353331077
biomass_plant_CCS,power,EL,0,kilotCO2eq / hour,0.41456129518661394,0.0,-0.0017159086353331077,-0.0017159086353331077
biomass_plant_CCS,power,ES,0,kilotCO2eq / hour,2.1146045615641818,0.0,-0.0017159086353331077,-0.0017159086353331077
biomass_plant_CCS,power,FI,0,kilotCO2eq / hour,1.2063025213189325,0.0,-0.0017159086353331077,-0.0017159086353331077
biomass_plant_CCS,power,FR,0,kilotCO2eq / hour,5.764541811098483,0.0,-0.0017159086353331077,-0.0017159086353331077
biomass_plant_CCS,power,HR,0,kilotCO2eq / hour,0.16734717377444816,0.0,-0.0017159086353331077,-0.0017159086353331077
biomass_plant_CCS,power,HU,0,kilotCO2eq / hour,0.9009162298789508,0.0,-0.0017159086353331077,-0.0017159086353331077
biomass_plant_CCS,power,IE,0,kilotCO2eq / hour,0.14993807909863133,0.0,-0.0017159086353331077,-0.0017159086353331077
biomass_plant_CCS,power,IT,0,kilotCO2eq / hour,1.718506248848601,0.0,-0.0017159086353331077,-0.0017159086353331077
biomass_plant_CCS,power,LT,0,kilotCO2eq / hour,0.3947382173619931,0.0,-0.0017159086353331077,-0.0017159086353331077
biomass_plant_CCS,power,LU,0,kilotCO2eq / hour,0.017191397735399516,0.0,-0.0017159086353331077,-0.0017159086353331077
biomass_plant_CCS,power,LV,0,kilotCO2eq / hour,0.40851304588109616,0.0,-0.0017159086353331077,-0.0017159086353331077
biomass_plant_CCS,power,NL,0,kilotCO2eq / hour,0.9332024219245085,0.0,-0.0017159086353331077,-0.0017159086353331077
biomass_plant_CCS,power,NO,0,kilotCO2eq / hour,1.2635518420076508,0.0,-0.0017159086353331077,-0.0017159086353331077
biomass_plant_CCS,power,PL,0,kilotCO2eq / hour,1.807556087022359,0.0,-0.0017159086353331077,-0.0017159086353331077
biomass_plant_CCS,power,PT,0,kilotCO2eq / hour,0.4421628950757323,0.0,-0.0017159086353331077,-0.0017159086353331077
biomass_plant_CCS,power,RO,0,kilotCO2eq / hour,1.5377897569717136,0.0,-0.0017159086353331077,-0.0017159086353331077
biomass_plant_CCS,power,SE,0,kilotCO2eq / hour,2.4732276804729656,0.0,-0.0017159086353331077,-0.0017159086353331077
biomass_plant_CCS,power,SI,0,kilotCO2eq / hour,0.10123005085148609,0.0,-0.0017159086353331077,-0.0017159086353331077
biomass_plant_CCS,power,SK,0,kilotCO2eq / hour,0.3491338427245976,0.0,-0.0017159086353331077,-0.0017159086353331077
biomass_plant_CCS,power,UK,0,kilotCO2eq / hour,1.4092749516853473,0.0,-0.0017159086353331077,-0.0017159086353331077
SMR_CCS,power,AT,0,kilotCO2eq / hour,0.0,0.0,788.2717592615718,788.2717592615718
SMR_CCS,power,BE,0,kilotCO2eq / hour,0.0,0.0,464.3809694763163,464.3809694763163
SMR_CCS,power,BG,0,kilotCO2eq / hour,0.0,0.0,911.9319741204799,911.9319741204799
SMR_CCS,power,CH,0,kilotCO2eq / hour,0.0,0.0,710.4874320448866,710.4874320448866
SMR_CCS,power,CZ,0,kilotCO2eq / hour,0.0,0.0,1762.931269026014,1762.931269026014
SMR_CCS,power,DE,0,kilotCO2eq / hour,0.0,0.0,759.7016801725708,759.7016801725708
SMR_CCS,power,DK,0,kilotCO2eq / hour,0.0,0.0,726.410549315678,726.410549315678
SMR_CCS,power,EE,0,kilotCO2eq / hour,0.0,0.0,259.82838552049725,259.82838552049725
SMR_CCS,power,EL,0,kilotCO2eq / hour,0.0,0.0,-0.0014093944560045202,-0.0014093944560045202
SMR_CCS,power,ES,0,kilotCO2eq / hour,0.0,0.0,881.1356200558685,881.1356200558685
SMR_CCS,power,FI,0,kilotCO2eq / hour,0.0,0.0,-0.0014093944560045202,-0.0014093944560045202
SMR_CCS,power,FR,0,kilotCO2eq / hour,0.0,0.0,346.2773675305889,346.2773675305889
SMR_CCS,power,HR,0,kilotCO2eq / hour,0.0,0.0,1368.1586319594285,1368.1586319594285
SMR_CCS,power,HU,0,kilotCO2eq / hour,0.0,0.0,1062.2997160352502,1062.2997160352502
SMR_CCS,power,IE,0,kilotCO2eq / hour,0.0,0.0,585.3736405456798,585.3736405456798
SMR_CCS,power,IT,0,kilotCO2eq / hour,0.0,0.0,1055.9269096739044,1055.9269096739044
SMR_CCS,power,LT,0,kilotCO2eq / hour,0.0,0.0,675.519966261576,675.519966261576
SMR_CCS,power,LU,0,kilotCO2eq / hour,0.0,0.0,708.2509048854859,708.2509048854859
SMR_CCS,power,LV,0,kilotCO2eq / hour,0.0,0.0,113.96175958496951,113.96175958496951
SMR_CCS,power,NL,0,kilotCO2eq / hour,0.0,0.0,339.14123019298995,339.14123019298995
SMR_CCS,power,NO,0,kilotCO2eq / hour,1.3464225892519575,0.0,-0.0014093944560045202,-0.0014093944560045202
SMR_CCS,power,PL,0,kilotCO2eq / hour,0.0,0.0,731.4462284503825,731.4462284503825
SMR_CCS,power,PT,0,kilotCO2eq / hour,0.0,0.0,2437.8444320214558,2437.8444320214558
SMR_CCS,power,RO,0,kilotCO2eq / hour,0.4008383553967911,0.0,-0.0014093944560045202,-0.0014093944560045202
SMR_CCS,power,SE,0,kilotCO2eq / hour,0.0,0.0,207.45463127437733,207.45463127437733
SMR_CCS,power,SI,0,kilotCO2eq / hour,0.0,0.0,1062.939433893267,1062.939433893267
SMR_CCS,power,SK,0,kilotCO2eq / hour,0.0,0.0,1121.537114613357,1121.537114613357
SMR_CCS,power,UK,0,kilotCO2eq / hour,0.3797187453737188,0.0,-0.0014093944560045202,-0.0014093944560045202
cement_post_comb,power,AT,0,kilotCO2eq / hour,0.16363989363606166,0.0,-0.0014093944564592675,-0.0014093944564592675
cement_post_comb,power,BE,0,kilotCO2eq / hour,0.21507299838308225,0.0,-0.0014093944564592675,-0.0014093944564592675
cement_post_comb,power,BG,0,kilotCO2eq / hour,0.09552454626433571,0.0,-0.0014093944564592675,-0.0014093944564592675
cement_post_comb,power,CH,0,kilotCO2eq / hour,0.1623328767123288,0.0,-0.0014093944564592675,-0.0014093944564592675
cement_post_comb,power,CZ,0,kilotCO2eq / hour,0.1657979485845411,0.0,-0.0014093944564592675,-0.0014093944564592675
cement_post_comb,power,DE,0,kilotCO2eq / hour,1.2222649149285822,0.0,-0.0014093944564592675,-0.0014093944564592675
cement_post_comb,power,DK,0,kilotCO2eq / hour,0.13343729428294526,0.0,-0.0014093944564592675,-0.0014093944564592675
cement_post_comb,power,EE,0,kilotCO2eq / hour,0.030416464250075347,0.0,-0.0014093944564592675,-0.0014093944564592675
cement_post_comb,power,EL,0,kilotCO2eq / hour,0.3489723774831576,0.0,-0.0014093944564592675,-0.0014093944564592675
cement_post_comb,power,ES,0,kilotCO2eq / hour,0.9011670375519865,0.0,-0.0014093944564592675,-0.0014093944564592675
cement_post_comb,power,FI,0,kilotCO2eq / hour,0.05354433705686301,0.0,-0.0014093944564592675,-0.0014093944564592675
cement_post_comb,power,FR,0,kilotCO2eq / hour,0.6151309635671938,0.0,-0.0014093944564592675,-0.0014093944564592675
cement_post_comb,power,HR,0,kilotCO2eq / hour,0.11816429616154109,0.0,-0.0014093944564592675,-0.0014093944564592675
cement_post_comb,power,HU,0,kilotCO2eq / hour,0.0800426304724315,0.0,-0.0014093944564592675,-0.0014093944564592675
cement_post_comb,power,IE,0,kilotCO2eq / hour,0.17229568567438355,0.0,-0.0014093944564592675,-0.0014093944564592675
cement_post_comb,power,IT,0,kilotCO2eq / hour,0.7254384704478495,0.0,-0.0014093944564592675,-0.0014093944564592675
cement_post_comb,power,LT,0,kilotCO2eq / hour,0.050305102616712324,0.0,-0.0014093944564592675,-0.0014093944564592675
cement_post_comb,power,LU,0,kilotCO2eq / hour,0.03697062745561644,0.0,-0.0014093944564592675,-0.0014093944564592675
cement_post_comb,power,LV,0,kilotCO2eq / hour,0.04206974971931507,0.0,-0.0014093944564592675,-0.0014093944564592675
cement_post_comb,power,NL,0,kilotCO2eq / hour,0.0,0.0,2595.4379622430333,2595.4379622430333
cement_post_comb,power,NO,0,kilotCO2eq / hour,0.06912739726027399,0.0,-0.0014093944564592675,-0.0014093944564592675
cement_post_comb,power,PL,0,kilotCO2eq / hour,0.6310350798198905,0.0,-0.0014093944564592675,-0.0014093944564592675
cement_post_comb,power,PT,0,kilotCO2eq / hour,0.24945615628531614,0.0,-0.0014093944564592675,-0.0014093944564592675
cement_post_comb,power,RO,0,kilotCO2eq / hour,0.328544091316911,0.0,-0.0014093944564592675,-0.0014093944564592675
cement_post_comb,power,SE,0,kilotCO2eq / hour,0.12621506942459587,0.0,-0.0014093944564592675,-0.0014093944564592675
cement_post_comb,power,SI,0,kilotCO2eq / hour,0.038598178637758565,0.0,-0.0014093944564592675,-0.0014093944564592675
cement_post_comb,power,SK,0,kilotCO2eq / hour,0.1298950679944726,0.0,-0.0014093944564592675,-0.0014093944564592675
cement_post_comb,power,UK,0,kilotCO2eq / hour,0.34983123287671236,0.0,-0.0014093944564592675,-0.0014093944564592675
BF_BOF_CCS,power,AT,0,kilotCO2eq / hour,0.0,0.0,185.47615157517544,185.47615157517544
BF_BOF_CCS,power,BE,0,kilotCO2eq / hour,0.0,0.0,1499.157204193102,1499.157204193102
BF_BOF_CCS,power,BG,0,kilotCO2eq / hour,0.0,0.0,2375.6548301428143,2375.6548301428143
BF_BOF_CCS,power,CH,0,kilotCO2eq / hour,0.0,0.0,2852.7048909784553,2852.7048909784553
BF_BOF_CCS,power,CZ,0,kilotCO2eq / hour,0.0,0.0,1464.5988642092386,1464.5988642092386
BF_BOF_CCS,power,DE,0,kilotCO2eq / hour,0.0,0.0,188.21859591758448,188.21859591758448
BF_BOF_CCS,power,DK,0,kilotCO2eq / hour,0.0,0.0,2852.7048909784553,2852.7048909784553
BF_BOF_CCS,power,EE,0,kilotCO2eq / hour,0.0,0.0,2852.7048909784553,2852.7048909784553
BF_BOF_CCS,power,EL,0,kilotCO2eq / hour,0.0,0.0,1567.7685797687388,1567.7685797687388
BF_BOF_CCS,power,ES,0,kilotCO2eq / hour,0.0,0.0,1884.1988431943496,1884.1988431943496
BF_BOF_CCS,power,FI,0,kilotCO2eq / hour,0.0,0.0,1151.4508227398226,1151.4508227398226
BF_BOF_CCS,power,FR,0,kilotCO2eq / hour,0.0,0.0,1813.7110503807723,1813.7110503807723
BF_BOF_CCS,power,HR,0,kilotCO2eq / hour,0.0,0.0,2031.995044482183,2031.995044482183
BF_BOF_CCS,power,HU,0,kilotCO2eq / hour,0.0,0.0,1987.9620024068151,1987.9620024068151
BF_BOF_CCS,power,IE,0,kilotCO2eq / hour,0.0,0.0,2852.7048909784553,2852.7048909784553
BF_BOF_CCS,power,IT,0,kilotCO2eq / hour,0.0,0.0,1605.8773475511068,1605.8773475511068
BF_BOF_CCS,power,LT,0,kilotCO2eq / hour,0.0,0.0,2852.7048909784553,2852.7048909784553
BF_BOF_CCS,power,LU,0,kilotCO2eq / hour,0.0,0.0,1560.3337522365825,1560.3337522365825
BF_BOF_CCS,power,LV,0,kilotCO2eq / hour,0.0,0.0,2852.7048909784553,2852.7048909784553
BF_BOF_CCS,power,NL,0,kilotCO2eq / hour,0.0,0.0,761.320823343684,761.320823343684
BF_BOF_CCS,power,NO,0,kilotCO2eq / hour,0.0,0.0,-0.0014093944564592675,-0.0014093944564592675
BF_BOF_CCS,power,PL,0,kilotCO2eq / hour,0.0,0.0,755.7610185902963,755.7610185902963
BF_BOF_CCS,power,PT,0,kilotCO2eq / hour,0.0,0.0,453.93397902549464,453.93397902549464
BF_BOF_CCS,power,RO,0,kilotCO2eq / hour,0.0,0.0,1839.8991982542668,1839.8991982542668
BF_BOF_CCS,power,SE,0,kilotCO2eq / hour,0.0,0.0,1122.094331451061,1122.094331451061
BF_BOF_CCS,power,SI,0,kilotCO2eq / hour,0.0,0.0,1338.6154010713199,1338.6154010713199
BF_BOF_CCS,power,SK,0,kilotCO2eq / hour,0.0,0.0,1658.8136285123921,1658.8136285123921
BF_BOF_CCS,power,UK,0,kilotCO2eq / hour,0.0,0.0,1311.811409493138,1311.811409493138
NG_DRI_CCS,power,AT,0,kilotCO2eq / hour,0.1100342465737443,0.0,-0.0014093944564592675,-0.0014093944564592675
NG_DRI_CCS,power,BE,0,kilotCO2eq / hour,0.1276940639221461,0.0,-0.0014093944564592675,-0.0014093944564592675
NG_DRI_CCS,power,BG,0,kilotCO2eq / hour,0.010643835616438354,0.0,-0.0014093944564592675,-0.0014093944564592675
NG_DRI_CCS,power,CH,0,kilotCO2eq / hour,0.0,0.0,2852.7048909784553,2852.7048909784553
NG_DRI_CCS,power,CZ,0,kilotCO2eq / hour,0.07893378995433789,0.0,-0.0014093944564592675,-0.0014093944564592675
NG_DRI_CCS,power,DE,0,kilotCO2eq / hour,0.6797965589549086,0.0,-0.0014093944564592675,-0.0014093944564592675
NG_DRI_CCS,power,DK,0,kilotCO2eq / hour,0.0,0.0,2852.7048909784553,2852.7048909784553
NG_DRI_CCS,power,EE,0,kilotCO2eq / hour,0.0,0.0,2852.7048909784553,2852.7048909784553
NG_DRI_CCS,power,EL,0,kilotCO2eq / hour,0.023445205479452058,0.0,-0.0014093944564592675,-0.0014093944564592675
NG_DRI_CCS,power,ES,0,kilotCO2eq / hour,0.22887442922853882,0.0,-0.0014093944564592675,-0.0014093944564592675
NG_DRI_CCS,power,FI,0,kilotCO2eq / hour,0.06312785388607306,0.0,-0.0014093944564592675,-0.0014093944564592675
NG_DRI_CCS,power,FR,0,kilotCO2eq / hour,0.245926940646621,0.0,-0.0014093944564592675,-0.0014093944564592675
NG_DRI_CCS,power,HR,0,kilotCO2eq / hour,0.001421926343242009,0.0,-0.0014093944564592675,-0.0014093944564592675
NG_DRI_CCS,power,HU,0,kilotCO2eq / hour,0.03162785388127854,0.0,-0.0014093944564592675,-0.0014093944564592675
NG_DRI_CCS,power,IE,0,kilotCO2eq / hour,0.0,0.0,2852.7048909784553,2852.7048909784553
NG_DRI_CCS,power,IT,0,kilotCO2eq / hour,0.3835427950490867,0.0,-0.0014093944564592675,-0.0014093944564592675
NG_DRI_CCS,power,LT,0,kilotCO2eq / hour,0.0,0.0,2852.7048909784553,2852.7048909784553
NG_DRI_CCS,power,LU,0,kilotCO2eq / hour,0.0371898528630137,0.0,-0.0014093944564592675,-0.0014093944564592675
NG_DRI_CCS,power,LV,0,kilotCO2eq / hour,0.0,0.0,2852.7048909784553,2852.7048909784553
NG_DRI_CCS,power,NL,0,kilotCO2eq / hour,0.10888356164383561,0.0,-0.0014093944564592675,-0.0014093944564592675
NG_DRI_CCS,power,NO,0,kilotCO2eq / hour,0.01039934703196347,0.0,-0.0014093944564592675,-0.0014093944564592675
NG_DRI_CCS,power,PL,0,kilotCO2eq / hour,0.15689269406392692,0.0,-0.0014093944564592675,-0.0014093944564592675
NG_DRI_CCS,power,PT,0,kilotCO2eq / hour,0.0,0.0,-0.0014093944564592675,-0.0014093944564592675
NG_DRI_CCS,power,RO,0,kilotCO2eq / hour,0.05673515981735159,0.0,-0.0014093944564592675,-0.0014093944564592675
NG_DRI_CCS,power,SE,0,kilotCO2eq / hour,0.07436301370022831,0.0,-0.0014093944564592675,-0.0014093944564592675
NG_DRI_CCS,power,SI,0,kilotCO2eq / hour,0.010452054794520547,0.0,-0.0014093944564592675,-0.0014093944564592675
NG_DRI_CCS,power,SK,0,kilotCO2eq / hour,0.08198630136986303,0.0,-0.0014093944564592675,-0.0014093944564592675
NG_DRI_CCS,power,UK,0,kilotCO2eq / hour,0.11506849315068493,0.0,-0.0014093944564592675,-0.0014093944564592675
carbon_pipeline,power,AT-CH,0,kilotCO2eq / hour,0.0,0.0,780.0433488815595,780.0433488815595
carbon_pipeline,power,AT-CZ,0,kilotCO2eq / hour,0.0,0.0,114.48661784570817,114.48661784570817
carbon_pipeline,power,AT-DE,0,kilotCO2eq / hour,2.1144492834576227,0.0,-0.0018255925460834987,-0.0018255925460834987
carbon_pipeline,power,AT-HU,0,kilotCO2eq / hour,0.0,0.0,442.34462582679964,442.34462582679964
carbon_pipeline,power,AT-IT,0,kilotCO2eq / hour,0.0,0.0,1206.6072531721409,1206.6072531721409
carbon_pipeline,power,AT-SI,0,kilotCO2eq / hour,0.0,0.0,428.2904966117567,428.2904966117567
carbon_pipeline,power,AT-SK,0,kilotCO2eq / hour,0.0,0.0,114.27893426305025,114.27893426305025
carbon_pipeline,power,BE-DE,0,kilotCO2eq / hour,0.0,0.0,938.2693479475761,938.2693479475761
carbon_pipeline,power,BE-FR,0,kilotCO2eq / hour,0.0,0.0,1102.4656631498449,1102.4656631498449
carbon_pipeline,power,BE-LU,0,kilotCO2eq / hour,0.0,-1.0,318.8258319532962,318.8258319532962
carbon_pipeline,power,BE-NL,0,kilotCO2eq / hour,0.0,0.0,310.96189999912104,310.96189999912104
carbon_pipeline,power,BE-NO,0,kilotCO2eq / hour,0.0,0.0,1092.4909246654147,1092.4909246654147
carbon_pipeline,power,BE-UK,0,kilotCO2eq / hour,4.283780792272944,0.0,-0.0018255925460834987,-0.0018255925460834987
carbon_pipeline,power,BG-EL,0,kilotCO2eq / hour,0.0,0.0,964.8262693548623,964.8262693548623
carbon_pipeline,power,BG-RO,0,kilotCO2eq / hour,1.3480905755564836,0.0,-0.0018255925460834987,-0.0018255925460834987
carbon_pipeline,power,CH-AT,0,kilotCO2eq / hour,0.0,0.0,900.0239424990734,900.0239424990734
carbon_pipeline,power,CH-DE,0,kilotCO2eq / hour,0.0,0.0,242.49396805136803,242.49396805136803
carbon_pipeline,power,CH-FR,0,kilotCO2eq / hour,2.910234528566887,0.0,-0.0018255925460834987,-0.0018255925460834987
carbon_pipeline,power,CH-IT,0,kilotCO2eq / hour,0.0,0.0,1259.9672165898137,1259.9672165898137
carbon_pipeline,power,CZ-AT,0,kilotCO2eq / hour,0.0,0.0,605.5106689970183,605.5106689970183
carbon_pipeline,power,CZ-DE,0,kilotCO2eq / hour,0.0,0.0,237.7453381983196,237.7453381983196
carbon_pipeline,power,CZ-PL,0,kilotCO2eq / hour,1.0914153935288782,0.0,-0.0018255925460834987,-0.0018255925460834987
carbon_pipeline,power,CZ-SK,0,kilotCO2eq / hour,0.0,0.0,302.2309149910005,302.2309149910005
carbon_pipeline,power,DE-AT,0,kilotCO2eq / hour,0.0,0.0,1048.5164959225308,1048.5164959225308
carbon_pipeline,power,DE-BE,0,kilotCO2eq / hour,0.0,0.0,202.19649638906083,202.19649638906083
carbon_pipeline,power,DE-CH,0,kilotCO2eq / hour,0.0,0.0,1171.0316959489257,1171.0316959489257
carbon_pipeline,power,DE-CZ,0,kilotCO2eq / hour,0.0,0.0,795.239608562081,795.239608562081
carbon_pipeline,power,DE-DK,0,kilotCO2eq / hour,0.22807687944795063,0.0,-0.0018255925463108724,-0.0018255925463108724
carbon_pipeline,power,DE-FR,0,kilotCO2eq / hour,0.0,0.0,1057.6559915583098,1057.6559915583098
carbon_pipeline,power,DE-LU,0,kilotCO2eq / hour,0.0,0.0,45.37809119197118,45.37809119197118
carbon_pipeline,power,DE-NL,0,kilotCO2eq / hour,6.544693644741804,0.0,-0.0018255925460834987,-0.0018255925460834987
carbon_pipeline,power,DE-NO,0,kilotCO2eq / hour,8.850207114342531,0.0,-0.0018255925460834987,-0.0018255925460834987
carbon_pipeline,power,DE-PL,0,kilotCO2eq / hour,0.0,0.0,922.5850762382186,922.5850762382186
carbon_pipeline,power,DE-SE,0,kilotCO2eq / hour,0.0,0.0,43.67488985869386,43.67488985869386
carbon_pipeline,power,DE-UK,0,kilotCO2eq / hour,1.7014801105415165,0.0,-0.0018255925460834987,-0.0018255925460834987
carbon_pipeline,power,DK-DE,0,kilotCO2eq / hour,0.0,0.0,1270.9497908694614,1270.9497908694614
carbon_pipeline,power,DK-NL,0,kilotCO2eq / hour,0.0,0.0,1145.9450197631104,1145.9450197631104
carbon_pipeline,power,DK-NO,0,kilotCO2eq / hour,0.0,0.0,88.42285946092761,88.42285946092761
carbon_pipeline,power,DK-SE,0,kilotCO2eq / hour,0.0,0.0,184.1043530422271,184.1043530422271
carbon_pipeline,power,DK-UK,0,kilotCO2eq / hour,0.0,0.0,531.1446401212763,531.1446401212763
carbon_pipeline,power,EE-FI,0,kilotCO2eq / hour,0.19804474679733453,0.0,-0.0018255925460834987,-0.0018255925460834987
carbon_pipeline,power,EE-LV,0,kilotCO2eq / hour,0.0,0.0,484.97922531924667,484.97922531924667
carbon_pipeline,power,EL-BG,0,kilotCO2eq / hour,0.7786455448158904,0.0,-0.0018255925460834987,-0.0018255925460834987
carbon_pipeline,power,EL-IT,0,kilotCO2eq / hour,0.0,0.0,1628.2472080044333,1628.2472080044333
carbon_pipeline,power,ES-FR,0,kilotCO2eq / hour,3.9362650797057555,0.0,-0.0018255925463108724,-0.0018255925463108724
carbon_pipeline,power,ES-PT,0,kilotCO2eq / hour,0.0,0.0,859.049365024745,859.049365024745
carbon_pipeline,power,FI-EE,0,kilotCO2eq / hour,0.0,0.0,1632.8673886852625,1632.8673886852625
carbon_pipeline,power,FI-NO,0,kilotCO2eq / hour,1.521019459059203,0.0,-0.0018255925460834987,-0.0018255925460834987
carbon_pipeline,power,FI-SE,0,kilotCO2eq / hour,0.0,0.0,167.61236646847226,167.61236646847226
carbon_pipeline,power,FR-BE,0,kilotCO2eq / hour,0.0,0.0,509.4003411904416,509.4003411904416
carbon_pipeline,power,FR-CH,0,kilotCO2eq / hour,0.0,0.0,1071.5434319041237,1071.5434319041237
carbon_pipeline,power,FR-DE,0,kilotCO2eq / hour,0.0,0.0,1200.6635211574219,1200.6635211574219
carbon_pipeline,power,FR-ES,0,kilotCO2eq / hour,0.0,0.0,1940.8937470653836,1940.8937470653836
carbon_pipeline,power,FR-IT,0,kilotCO2eq / hour,0.0,0.0,2136.8913687954578,2136.8913687954578
carbon_pipeline,power,FR-LU,0,kilotCO2eq / hour,0.0,0.0,770.1040597293609,770.1040597293609
carbon_pipeline,power,FR-NO,0,kilotCO2eq / hour,0.0,0.0,1599.3929377605991,1599.3929377605991
carbon_pipeline,power,FR-UK,0,kilotCO2eq / hour,14.264522679485884,0.0,-0.0018255925460834987,-0.0018255925460834987
carbon_pipeline,power,HR-HU,0,kilotCO2eq / hour,0.28693339627923126,0.0,-0.0018255925460834987,-0.0018255925460834987
carbon_pipeline,power,HR-SI,0,kilotCO2eq / hour,0.0,0.0,-0.0018255925460834987,-0.0018255925460834987
carbon_pipeline,power,HU-AT,0,kilotCO2eq / hour,0.0,0.0,574.5031521473627,574.5031521473627
carbon_pipeline,power,HU-HR,0,kilotCO2eq / hour,0.0,0.0,771.0137705913095,771.0137705913095
carbon_pipeline,power,HU-RO,0,kilotCO2eq / hour,1.0847473932529001,0.0,-0.0018255925460834987,-0.0018255925460834987
carbon_pipeline,power,HU-SI,0,kilotCO2eq / hour,0.0,0.0,560.4490229323196,560.4490229323196
carbon_pipeline,power,HU-SK,0,kilotCO2eq / hour,0.2147727172589921,0.0,-0.0018255925460266553,-0.0018255925460266553
carbon_pipeline,power,IE-UK,0,kilotCO2eq / hour,0.3222337647730149,0.0,-0.0018255925461971856,-0.0018255925461971856
carbon_pipeline,power,IT-AT,0,kilotCO2eq / hour,0.0,0.0,261.2399098983209,261.2399098983209
carbon_pipeline,power,IT-CH,0,kilotCO2eq / hour,0.0,0.0,194.6192796984799,194.6192796984799
carbon_pipeline,power,IT-EL,0,kilotCO2eq / hour,0.0,0.0,1219.2440376744464,1219.2440376744464
carbon_pipeline,power,IT-FR,0,kilotCO2eq / hour,0.7924233559009449,0.0,-0.0018255925460834987,-0.0018255925460834987
carbon_pipeline,power,IT-SI,0,kilotCO2eq / hour,0.0,0.0,259.48965666127253,259.48965666127253
carbon_pipeline,power,LT-LV,0,kilotCO2eq / hour,0.0,0.0,404.0005809546669,404.0005809546669
carbon_pipeline,power,LT-PL,0,kilotCO2eq / hour,0.0,0.0,998.2803731411002,998.2803731411002
carbon_pipeline,power,LT-SE,0,kilotCO2eq / hour,0.8956261155791168,0.0,-0.0018255925460834987,-0.0018255925460834987
carbon_pipeline,power,LU-BE,0,kilotCO2eq / hour,0.09135187805402965,0.0,-0.0018255925460266553,-0.0018255925460266553
carbon_pipeline,power,LU-DE,0,kilotCO2eq / hour,0.0,0.0,462.6232852046443,462.6232852046443
carbon_pipeline,power,LU-FR,0,kilotCO2eq / hour,0.0,0.0,1044.341724142922,1044.341724142922
carbon_pipeline,power,LV-EE,0,kilotCO2eq / hour,0.0,0.0,-0.0018255925460834987,-0.0018255925460834987
carbon_pipeline,power,LV-LT,0,kilotCO2eq / hour,0.45058279560041126,0.0,-0.0018255925460834987,-0.0018255925460834987
carbon_pipeline,power,NL-BE,0,kilotCO2eq / hour,0.0,0.0,395.8994044496903,395.8994044496903
carbon_pipeline,power,NL-DE,0,kilotCO2eq / hour,0.0,0.0,821.0085304165386,821.0085304165386
carbon_pipeline,power,NL-DK,0,kilotCO2eq / hour,0.0,0.0,696.0037593101873,696.0037593101873
carbon_pipeline,power,NL-NO,0,kilotCO2eq / hour,0.0,0.0,764.1387426642382,764.1387426642382
carbon_pipeline,power,NL-UK,0,kilotCO2eq / hour,0.0,0.0,2.964906295057517,2.964906295057517
carbon_pipeline,power,NO-BE,0,kilotCO2eq / hour,0.0,0.0,4013.9748636388103,4013.9748636388103
carbon_pipeline,power,NO-DE,0,kilotCO2eq / hour,0.0,0.0,3657.5549649393647,3657.5549649393647
carbon_pipeline,power,NO-DK,0,kilotCO2eq / hour,0.0,0.0,2475.0280335308307,2475.0280335308307
carbon_pipeline,power,NO-FI,0,kilotCO2eq / hour,0.0,0.0,973.1223931296314,973.1223931296314
carbon_pipeline,power,NO-FR,0,kilotCO2eq / hour,0.0,0.0,5113.942198693398,5113.942198693398
carbon_pipeline,power,NO-NL,0,kilotCO2eq / hour,0.0,0.0,3600.6851771870643,3600.6851771870643
carbon_pipeline,power,NO-SE,0,kilotCO2eq / hour,0.0,0.0,576.9098442207641,576.9098442207641
carbon_pipeline,power,NO-UK,0,kilotCO2eq / hour,0.0,0.0,2994.698630620529,2994.698630620529
carbon_pipeline,power,PL-CZ,0,kilotCO2eq / hour,0.0,0.0,884.5113359362476,884.5113359362476
carbon_pipeline,power,PL-DE,0,kilotCO2eq / hour,0.0,0.0,1249.6039674032509,1249.6039674032509
carbon_pipeline,power,PL-LT,0,kilotCO2eq / hour,0.0,0.0,354.71455113878733,354.71455113878733
carbon_pipeline,power,PL-SE,0,kilotCO2eq / hour,2.554368303988827,0.0,-0.001825592546538246,-0.001825592546538246
carbon_pipeline,power,PL-SK,0,kilotCO2eq / hour,0.0,0.0,864.4402033046,864.4402033046
carbon_pipeline,power,PT-ES,0,kilotCO2eq / hour,0.6916190513610487,0.0,-0.0018255925460834987,-0.0018255925460834987
carbon_pipeline,power,RO-BG,0,kilotCO2eq / hour,0.0,0.0,770.7467001910031,770.7467001910031
carbon_pipeline,power,RO-HU,0,kilotCO2eq / hour,0.0,0.0,1067.0520958740153,1067.0520958740153
carbon_pipeline,power,SE-DE,0,kilotCO2eq / hour,0.0,0.0,3124.320010577293,3124.320010577293
carbon_pipeline,power,SE-DK,0,kilotCO2eq / hour,0.0,0.0,1993.797857298819,1993.797857298819
carbon_pipeline,power,SE-FI,0,kilotCO2eq / hour,0.0,0.0,563.8249153773385,563.8249153773385
carbon_pipeline,power,SE-LT,0,kilotCO2eq / hour,0.0,0.0,2110.058581958708,2110.058581958708
carbon_pipeline,power,SE-NO,0,kilotCO2eq / hour,6.123800183165734,0.0,-0.0018255925460834987,-0.0018255925460834987
carbon_pipeline,power,SE-PL,0,kilotCO2eq / hour,0.0,0.0,2753.6244039610215,2753.6244039610215
carbon_pipeline,power,SI-AT,0,kilotCO2eq / hour,0.15028028428376522,0.0,-0.0018255925460266553,-0.0018255925460266553
carbon_pipeline,power,SI-HR,0,kilotCO2eq / hour,0.0,0.0,210.56292206644332,210.56292206644332
carbon_pipeline,power,SI-HU,0,kilotCO2eq / hour,0.0,0.0,-0.0018255925461971856,-0.0018255925461971856
carbon_pipeline,power,SI-IT,0,kilotCO2eq / hour,0.0,0.0,776.5646777307903,776.5646777307903
carbon_pipeline,power,SK-AT,0,kilotCO2eq / hour,0.0,0.0,625.3741180460081,625.3741180460081
carbon_pipeline,power,SK-CZ,0,kilotCO2eq / hour,0.0,0.0,322.30204762264816,322.30204762264816
carbon_pipeline,power,SK-HU,0,kilotCO2eq / hour,0.0,-1.0,378.9348318698479,378.9348318698479
carbon_pipeline,power,SK-PL,0,kilotCO2eq / hour,0.7757879293479253,0.0,-0.0018255925461971856,-0.0018255925461971856
carbon_pipeline,power,UK-BE,0,kilotCO2eq / hour,0.0,0.0,1460.0307982764855,1460.0307982764855
carbon_pipeline,power,UK-DE,0,kilotCO2eq / hour,0.0,0.0,2196.1036498349995,2196.1036498349995
carbon_pipeline,power,UK-DK,0,kilotCO2eq / hour,0.0,0.0,1456.2984990868158,1456.2984990868158
carbon_pipeline,power,UK-FR,0,kilotCO2eq / hour,0.0,0.0,2053.096120235889,2053.096120235889
carbon_pipeline,power,UK-IE,0,kilotCO2eq / hour,0.0,0.0,836.7517201373878,836.7517201373878
carbon_pipeline,power,UK-NL,0,kilotCO2eq / hour,0.0,0.0,1378.0600257135202,1378.0600257135202
carbon_pipeline,power,UK-NO,0,kilotCO2eq / hour,0.0,0.0,1533.2473155161651,1533.2473155161651
hydrogen_pipeline,power,AT-CH,0,gigawatt,0.0,0.0,-0.001825592546055077,-0.001825592546055077
hydrogen_pipeline,power,AT-CZ,0,gigawatt,11.98133063630332,0.0,-0.001825592546055077,-0.001825592546055077
hydrogen_pipeline,power,AT-DE,0,gigawatt,13.789271741393538,0.0,-0.001825592546055077,-0.001825592546055077
hydrogen_pipeline,power,AT-HU,0,gigawatt,0.0,0.0,-0.001825592546055077,-0.001825592546055077
hydrogen_pipeline,power,AT-IT,0,gigawatt,0.0,0.0,209.84473968211142,209.84473968211142
hydrogen_pipeline,power,AT-SI,0,gigawatt,0.0,0.0,-0.0018255925460408662,-0.0018255925460408662
hydrogen_pipeline,power,AT-SK,0,gigawatt,0.0,0.0,-0.0018255925460266553,-0.0018255925460266553
hydrogen_pipeline,power,BE-DE,0,gigawatt,0.0,0.0,127.16084954750042,127.16084954750042
hydrogen_pipeline,power,BE-FR,0,gigawatt,0.0,0.0,-0.0018255925460266553,-0.0018255925460266553
hydrogen_pipeline,power,BE-LU,0,gigawatt,0.0,0.0,-0.0018255925460621825,-0.0018255925460621825
hydrogen_pipeline,power,BE-NL,0,gigawatt,12.279469566479817,0.0,-0.001825592546055077,-0.001825592546055077
hydrogen_pipeline,power,BE-NO,0,gigawatt,0.0,0.0,540.1961508684992,540.1961508684992
hydrogen_pipeline,power,BE-UK,0,gigawatt,0.0,0.0,-0.001825592546055077,-0.001825592546055077
hydrogen_pipeline,power,BG-EL,0,gigawatt,0.0,0.0,115.90909285090491,115.90909285090491
hydrogen_pipeline,power,BG-RO,0,gigawatt,0.5131556488691442,0.0,-0.001825592546055077,-0.001825592546055077
hydrogen_pipeline,power,CH-AT,0,gigawatt,0.0,0.0,-0.001825592546055077,-0.001825592546055077
hydrogen_pipeline,power,CH-DE,0,gigawatt,0.0,0.0,29.162902882795834,29.162902882795834
hydrogen_pipeline,power,CH-FR,0,gigawatt,0.019780359288815646,0.0,-0.0018255925460266553,-0.0018255925460266553
hydrogen_pipeline,power,CH-IT,0,gigawatt,0.0,0.0,219.12473331996756,219.12473331996756
hydrogen_pipeline,power,CZ-AT,0,gigawatt,0.0,0.0,105.30620330382925,105.30620330382925
hydrogen_pipeline,power,CZ-DE,0,gigawatt,0.0,0.0,113.97772551226461,113.97772551226461
hydrogen_pipeline,power,CZ-PL,0,gigawatt,11.451966888992773,0.0,-0.0018255925460266553,-0.0018255925460266553
hydrogen_pipeline,power,CZ-SK,0,gigawatt,0.0,0.0,94.5231772213981,94.5231772213981
hydrogen_pipeline,power,DE-AT,0,gigawatt,0.0,0.0,-0.001825592546055077,-0.001825592546055077
hydrogen_pipeline,power,DE-BE,0,gigawatt,0.0,0.0,-0.001825592546055077,-0.001825592546055077
hydrogen_pipeline,power,DE-CH,0,gigawatt,0.0,0.0,203.65768625198703,203.65768625198703
hydrogen_pipeline,power,DE-CZ,0,gigawatt,0.0,0.0,152.8446514494626,152.8446514494626
hydrogen_pipeline,power,DE-DK,0,gigawatt,0.0,0.0,139.29342207270923,139.29342207270923
hydrogen_pipeline,power,DE-FR,0,gigawatt,0.0,0.0,-0.0018255925460834987,-0.0018255925460834987
hydrogen_pipeline,power,DE-LU,0,gigawatt,0.0,0.0,81.78610984956183,81.78610984956183
hydrogen_pipeline,power,DE-NL,0,gigawatt,0.0,0.0,2.144567659513257,2.144567659513257
hydrogen_pipeline,power,DE-NO,0,gigawatt,0.0,0.0,390.9646378117707,390.9646378117707
hydrogen_pipeline,power,DE-PL,0,gigawatt,0.0,0.0,-0.001825592546055077,-0.001825592546055077
hydrogen_pipeline,power,DE-SE,0,gigawatt,0.0,0.0,383.3877052922287,383.3877052922287
hydrogen_pipeline,power,DE-UK,0,gigawatt,0.0,-1.0,322.7905495940933,322.7905495940933
hydrogen_pipeline,power,DK-DE,0,gigawatt,0.4364409618818914,0.0,-0.001825592546055077,-0.001825592546055077
hydrogen_pipeline,power,DK-NL,0,gigawatt,0.0329126993601722,0.0,-0.001825592546055077,-0.001825592546055077
hydrogen_pipeline,power,DK-NO,0,gigawatt,0.0,0.0,262.90494843991564,262.90494843991564
hydrogen_pipeline,power,DK-SE,0,gigawatt,0.0,-1.0,248.76088797984167,248.76088797984167
hydrogen_pipeline,power,DK-UK,0,gigawatt,0.0,-1.0,325.14601950239,325.14601950239
hydrogen_pipeline,power,EE-FI,0,gigawatt,0.0,0.0,-0.0018255925460266553,-0.0018255925460266553
hydrogen_pipeline,power,EE-LV,0,gigawatt,0.30726044201882013,0.0,-0.0018255925460408662,-0.0018255925460408662
hydrogen_pipeline,power,EL-BG,0,gigawatt,0.0,0.0,29.146530460830633,29.146530460830633
hydrogen_pipeline,power,EL-IT,0,gigawatt,0.0,-1.0,381.36978452328015,381.36978452328015
hydrogen_pipeline,power,ES-FR,0,gigawatt,11.00862893949633,0.0,-0.0018255925460266553,-0.0018255925460266553
hydrogen_pipeline,power,ES-PT,0,gigawatt,0.0,0.0,28.019046532018493,28.019046532018493
hydrogen_pipeline,power,FI-EE,0,gigawatt,0.0,0.0,-0.0018255925460266553,-0.0018255925460266553
hydrogen_pipeline,power,FI-NO,0,gigawatt,0.0,0.0,-0.001825592546055077,-0.001825592546055077
hydrogen_pipeline,power,FI-SE,0,gigawatt,0.0,0.0,-0.001825592546055077,-0.001825592546055077
hydrogen_pipeline,power,FR-BE,0,gigawatt,19.873788176432228,0.0,-0.0018255925460266553,-0.0018255925460266553
hydrogen_pipeline,power,FR-CH,0,gigawatt,0.0,0.0,-0.0018255925460266553,-0.0018255925460266553
hydrogen_pipeline,power,FR-DE,0,gigawatt,0.0,0.0,-0.0018255925460834987,-0.0018255925460834987
hydrogen_pipeline,power,FR-ES,0,gigawatt,0.0,-1.0,337.54673862006666,337.54673862006666
hydrogen_pipeline,power,FR-IT,0,gigawatt,0.0,-1.0,367.1565994990799,367.1565994990799
hydrogen_pipeline,power,FR-LU,0,gigawatt,0.328354047336898,0.0,-0.001825592546055077,-0.001825592546055077
hydrogen_pipeline,power,FR-NO,0,gigawatt,0.0,0.0,708.9814168560356,708.9814168560356
hydrogen_pipeline,power,FR-UK,0,gigawatt,0.0,-1.0,300.632989819707,300.632989819707
hydrogen_pipeline,power,HR-HU,0,gigawatt,0.27869956940956725,0.0,-0.001825592546055077,-0.001825592546055077
hydrogen_pipeline,power,HR-SI,0,gigawatt,0.0,0.0,-0.001825592546055077,-0.001825592546055077
hydrogen_pipeline,power,HU-AT,0,gigawatt,0.0,0.0,-0.001825592546055077,-0.001825592546055077
hydrogen_pipeline,power,HU-HR,0,gigawatt,0.0,0.0,134.0893514071842,134.0893514071842
hydrogen_pipeline,power,HU-RO,0,gigawatt,0.0,0.0,-0.001825592546055077,-0.001825592546055077
hydrogen_pipeline,power,HU-SI,0,gigawatt,0.0,0.0,146.08310933731923,146.08310933731923
hydrogen_pipeline,power,HU-SK,0,gigawatt,1.2399487514535505,0.0,-0.0018255925460692879,-0.0018255925460692879
hydrogen_pipeline,power,IE-UK,0,gigawatt,1.5984080139453223,0.0,-0.001825592546055077,-0.001825592546055077
hydrogen_pipeline,power,IT-AT,0,gigawatt,24.174904938284037,0.0,-0.001825592546055077,-0.001825592546055077
hydrogen_pipeline,power,IT-CH,0,gigawatt,0.8924224834394885,0.0,-0.001825592546055077,-0.001825592546055077
hydrogen_pipeline,power,IT-EL,0,gigawatt,0.0,-1.0,317.07100254509334,317.07100254509334
hydrogen_pipeline,power,IT-FR,0,gigawatt,3.4315152770334625,0.0,-0.0018255925460834987,-0.0018255925460834987
hydrogen_pipeline,power,IT-SI,0,gigawatt,1.8550925320744756,0.0,-0.001825592546055077,-0.001825592546055077
hydrogen_pipeline,power,LT-LV,0,gigawatt,0.0,0.0,-0.0018255925460692879,-0.0018255925460692879
hydrogen_pipeline,power,LT-PL,0,gigawatt,0.0,0.0,-0.001825592546055077,-0.001825592546055077
hydrogen_pipeline,power,LT-SE,0,gigawatt,0.0,-1.0,366.9667099058622,366.9667099058622
hydrogen_pipeline,power,LU-BE,0,gigawatt,0.0,0.0,-0.0018255925460621825,-0.0018255925460621825
hydrogen_pipeline,power,LU-DE,0,gigawatt,0.0,0.0,83.52134672781591,83.52134672781591
hydrogen_pipeline,power,LU-FR,0,gigawatt,0.0,0.0,-0.001825592546055077,-0.001825592546055077
hydrogen_pipeline,power,LV-EE,0,gigawatt,0.0,-1.0,86.81197697042569,86.81197697042569
hydrogen_pipeline,power,LV-LT,0,gigawatt,0.2568919273884487,0.0,-0.0018255925460692879,-0.0018255925460692879
hydrogen_pipeline,power,NL-BE,0,gigawatt,0.0,0.0,-0.001825592546055077,-0.001825592546055077
hydrogen_pipeline,power,NL-DE,0,gigawatt,0.0,0.0,125.59142933074581,125.59142933074581
hydrogen_pipeline,power,NL-DK,0,gigawatt,0.0,0.0,-0.001825592546055077,-0.001825592546055077
hydrogen_pipeline,power,NL-NO,0,gigawatt,0.0,0.0,530.6281551520941,530.6281551520941
hydrogen_pipeline,power,NL-UK,0,gigawatt,0.0,0.0,-0.001825592546055077,-0.001825592546055077
hydrogen_pipeline,power,NO-BE,0,gigawatt,0.0,0.0,291.1987262937381,291.1987262937381
hydrogen_pipeline,power,NO-DE,0,gigawatt,0.0,0.0,99.84289771327451,99.84289771327451
hydrogen_pipeline,power,NO-DK,0,gigawatt,0.0,0.0,109.23789220177139,109.23789220177139
hydrogen_pipeline,power,NO-FI,0,gigawatt,0.8285652305162139,0.0,-0.001825592546055077,-0.001825592546055077
hydrogen_pipeline,power,NO-FR,0,gigawatt,0.0,0.0,777.3533691651263,777.3533691651263
hydrogen_pipeline,power,NO-NL,0,gigawatt,0.0,0.0,150.82371639121453,150.82371639121453
hydrogen_pipeline,power,NO-SE,0,gigawatt,2.668155091246777,0.0,-0.0018255925460408662,-0.0018255925460408662
hydrogen_pipeline,power,NO-UK,0,gigawatt,0.0,0.0,514.9228643891852,514.9228643891852
hydrogen_pipeline,power,PL-CZ,0,gigawatt,0.0,0.0,153.8280584236952,153.8280584236952
hydrogen_pipeline,power,PL-DE,0,gigawatt,0.0,0.0,-0.001825592546055077,-0.001825592546055077
hydrogen_pipeline,power,PL-LT,0,gigawatt,0.31396971341934365,0.0,-0.001825592546055077,-0.001825592546055077
hydrogen_pipeline,power,PL-SE,0,gigawatt,0.0,0.0,398.76049980490956,398.76049980490956
hydrogen_pipeline,power,PL-SK,0,gigawatt,0.0,0.0,150.33742666166953,150.33742666166953
hydrogen_pipeline,power,PT-ES,0,gigawatt,0.0,0.0,149.39988956952084,149.39988956952084
hydrogen_pipeline,power,RO-BG,0,gigawatt,0.0,0.0,134.042904381044,134.042904381044
hydrogen_pipeline,power,RO-HU,0,gigawatt,0.0,0.0,-0.001825592546055077,-0.001825592546055077
hydrogen_pipeline,power,SE-DE,0,gigawatt,0.0,0.0,106.03992011722022,106.03992011722022
hydrogen_pipeline,power,SE-DK,0,gigawatt,0.0,-1.0,119.29905880840116,119.29905880840116
hydrogen_pipeline,power,SE-FI,0,gigawatt,0.0,0.0,-0.001825592546055077,-0.001825592546055077
hydrogen_pipeline,power,SE-LT,0,gigawatt,0.8256468361081442,0.0,-0.0018255925460834987,-0.0018255925460834987
hydrogen_pipeline,power,SE-NO,0,gigawatt,1.9774683063742884,0.0,-0.0018255925460408662,-0.0018255925460408662
hydrogen_pipeline,power,SE-PL,0,gigawatt,2.884117750221674,0.0,-0.0018255925460266553,-0.0018255925460266553
hydrogen_pipeline,power,SI-AT,0,gigawatt,0.04862896268301406,0.0,-0.0018255925460408662,-0.0018255925460408662
hydrogen_pipeline,power,SI-HR,0,gigawatt,0.009332975224063062,0.0,-0.001825592546055077,-0.001825592546055077
hydrogen_pipeline,power,SI-HU,0,gigawatt,0.9886041082345445,0.0,-0.0018255925460266553,-0.0018255925460266553
hydrogen_pipeline,power,SI-IT,0,gigawatt,0.0,0.0,156.07275200221352,156.07275200221352
hydrogen_pipeline,power,SK-AT,0,gigawatt,0.0,0.0,-0.0018255925460266553,-0.0018255925460266553
hydrogen_pipeline,power,SK-CZ,0,gigawatt,0.0,0.0,127.28404560339207,127.28404560339207
hydrogen_pipeline,power,SK-HU,0,gigawatt,0.0,0.0,-0.0018255925460692879,-0.0018255925460692879
hydrogen_pipeline,power,SK-PL,0,gigawatt,0.5520292400179673,0.0,-0.001825592546055077,-0.001825592546055077
hydrogen_pipeline,power,UK-BE,0,gigawatt,0.0,0.0,-0.001825592546055077,-0.001825592546055077
hydrogen_pipeline,power,UK-DE,0,gigawatt,0.0,-1.0,151.12691790901286,151.12691790901286
hydrogen_pipeline,power,UK-DK,0,gigawatt,0.0,-1.0,325.14601950239,325.14601950239
hydrogen_pipeline,power,UK-FR,0,gigawatt,0.0,-1.0,321.5735006358461,321.5735006358461
hydrogen_pipeline,power,UK-IE,0,gigawatt,0.0,0.0,145.52203828476306,145.52203828476306
hydrogen_pipeline,power,UK-NL,0,gigawatt,2.147908716334077,0.0,-0.001825592546055077,-0.001825592546055077
hydrogen_pipeline,power,UK-NO,0,gigawatt,0.0,0.0,542.04446641447,542.04446641447
natural_gas_pipeline,power,AT-CH,0,gigawatt,0.0,0.0,113.4451717115745,113.4451717115745
natural_gas_pipeline,power,AT-CZ,0,gigawatt,0.0,0.0,-0.0018929289525146942,-0.0018929289525146942
natural_gas_pipeline,power,AT-DE,0,gigawatt,0.0,0.0,120.50800809591857,120.50800809591857
natural_gas_pipeline,power,AT-HU,0,gigawatt,0.0,0.0,112.21771818763355,112.21771818763355
natural_gas_pipeline,power,AT-IT,0,gigawatt,0.0,-1.0,138.6776814664484,138.6776814664484
natural_gas_pipeline,power,AT-SI,0,gigawatt,0.0,0.0,49.2242466702284,49.2242466702284
natural_gas_pipeline,power,AT-SK,0,gigawatt,0.0,0.0,117.89217199574033,117.89217199574033
natural_gas_pipeline,power,BE-DE,0,gigawatt,0.0,0.0,78.71182452227207,78.71182452227207
natural_gas_pipeline,power,BE-FR,0,gigawatt,0.0,-1.0,126.70848916252892,126.70848916252892
natural_gas_pipeline,power,BE-LU,0,gigawatt,0.0,-1.0,36.64326320818727,36.64326320818727
natural_gas_pipeline,power,BE-NL,0,gigawatt,0.0,-1.0,47.502588938983905,47.502588938983905
natural_gas_pipeline,power,BE-NO,0,gigawatt,0.0,0.0,461.33381520011403,461.33381520011403
natural_gas_pipeline,power,BE-UK,0,gigawatt,0.0,-1.0,167.80413464471764,167.80413464471764
natural_gas_pipeline,power,BG-EL,0,gigawatt,0.0,0.0,110.8893301447499,110.8893301447499
natural_gas_pipeline,power,BG-RO,0,gigawatt,0.0,-1.0,88.58339372600747,88.58339372600747
natural_gas_pipeline,power,CH-AT,0,gigawatt,0.0,0.0,113.4451717115745,113.4451717115745
natural_gas_pipeline,power,CH-DE,0,gigawatt,0.0,-1.0,134.58891457098758,134.58891457098758
natural_gas_pipeline,power,CH-FR,0,gigawatt,0.0,-1.0,123.1545379297211,123.1545379297211
natural_gas_pipeline,power,CH-IT,0,gigawatt,0.0,-1.0,144.81044421127973,144.81044421127973
natural_gas_pipeline,power,CZ-AT,0,gigawatt,0.0,0.0,-0.0018929289525146942,-0.0018929289525146942
natural_gas_pipeline,power,CZ-DE,0,gigawatt,0.0,0.0,101.00868823144393,101.00868823144393
natural_gas_pipeline,power,CZ-PL,0,gigawatt,0.0,0.0,101.65858109666948,101.65858109666948
natural_gas_pipeline,power,CZ-SK,0,gigawatt,0.0,-1.0,86.50390351712704,86.50390351712704
natural_gas_pipeline,power,DE-AT,0,gigawatt,0.0,0.0,120.5080080959177,120.5080080959177
natural_gas_pipeline,power,DE-BE,0,gigawatt,0.0,0.0,107.83709232837093,107.83709232837093
natural_gas_pipeline,power,DE-CH,0,gigawatt,0.0,-1.0,134.58891457098818,134.58891457098818
natural_gas_pipeline,power,DE-CZ,0,gigawatt,0.0,0.0,101.00868823144393,101.00868823144393
natural_gas_pipeline,power,DE-DK,0,gigawatt,0.0,-1.0,146.07269249764678,146.07269249764678
natural_gas_pipeline,power,DE-FR,0,gigawatt,0.0,0.0,206.15668975051992,206.15668975051992
natural_gas_pipeline,power,DE-LU,0,gigawatt,0.0,-1.0,89.81365281495383,89.81365281495383
natural_gas_pipeline,power,DE-NL,0,gigawatt,0.0,-1.0,94.36008209217887,94.36008209217887
natural_gas_pipeline,power,DE-NO,0,gigawatt,0.0,0.0,420.36979393287737,420.36979393287737
natural_gas_pipeline,power,DE-PL,0,gigawatt,0.0,-1.0,167.4126724980542,167.4126724980542
natural_gas_pipeline,power,DE-SE,0,gigawatt,0.0,-1.0,359.0840798337846,359.0840798337846
natural_gas_pipeline,power,DE-UK,0,gigawatt,0.0,0.0,-0.0018929289525146942,-0.0018929289525146942
natural_gas_pipeline,power,DK-DE,0,gigawatt,2.168093728540543,0.0,-0.0018929289525146942,-0.0018929289525146942
natural_gas_pipeline,power,DK-NL,0,gigawatt,0.0,0.0,128.9176549120436,128.9176549120436
natural_gas_pipeline,power,DK-NO,0,gigawatt,0.0,0.0,-0.0018929289524862725,-0.0018929289524862725
natural_gas_pipeline,power,DK-SE,0,gigawatt,0.0,0.0,229.15100455104485,229.15100455104485
natural_gas_pipeline,power,DK-UK,0,gigawatt,0.0,0.0,214.87551315769238,214.87551315769238
natural_gas_pipeline,power,EE-FI,0,gigawatt,0.0,-1.0,187.6685748488044,187.6685748488044
natural_gas_pipeline,power,EE-LV,0,gigawatt,0.0,0.0,57.37043353107042,57.37043353107042
natural_gas_pipeline,power,EL-BG,0,gigawatt,0.0,0.0,110.8893301447499,110.8893301447499
natural_gas_pipeline,power,EL-IT,0,gigawatt,0.0,0.0,252.0314665936608,252.0314665936608
natural_gas_pipeline,power,ES-FR,0,gigawatt,0.0,0.0,223.07063388533697,223.07063388533697
natural_gas_pipeline,power,ES-PT,0,gigawatt,0.0,0.0,98.73218803688104,98.73218803688104
natural_gas_pipeline,power,FI-EE,0,gigawatt,0.0,-1.0,187.6685748488044,187.6685748488044
natural_gas_pipeline,power,FI-NO,0,gigawatt,0.0,0.0,111.84281953180525,111.84281953180525
natural_gas_pipeline,power,FI-SE,0,gigawatt,0.0,0.0,130.06069372955955,130.06069372955955
natural_gas_pipeline,power,FR-BE,0,gigawatt,0.0,-1.0,126.70848916252892,126.70848916252892
natural_gas_pipeline,power,FR-CH,0,gigawatt,0.0,-1.0,123.1545379297211,123.1545379297211
natural_gas_pipeline,power,FR-DE,0,gigawatt,0.0,0.0,206.15668975051992,206.15668975051992
natural_gas_pipeline,power,FR-ES,0,gigawatt,0.0,0.0,223.07063388533697,223.07063388533697
natural_gas_pipeline,power,FR-IT,0,gigawatt,0.0,0.0,245.59701575732373,245.59701575732373
natural_gas_pipeline,power,FR-LU,0,gigawatt,0.0,0.0,120.02819358334482,120.02819358334482
natural_gas_pipeline,power,FR-NO,0,gigawatt,0.0,0.0,587.7551667319997,587.7551667319997
natural_gas_pipeline,power,FR-UK,0,gigawatt,0.0,0.0,235.96626742757877,235.96626742757877
natural_gas_pipeline,power,HR-HU,0,gigawatt,0.0,-1.0,88.61408863837886,88.61408863837886
natural_gas_pipeline,power,HR-SI,0,gigawatt,0.0,0.0,16.908258014659637,16.908258014659637
natural_gas_pipeline,power,HU-AT,0,gigawatt,0.0,0.0,112.21771818763355,112.21771818763355
natural_gas_pipeline,power,HU-HR,0,gigawatt,0.0,-1.0,88.61408863837886,88.61408863837886
natural_gas_pipeline,power,HU-RO,0,gigawatt,0.0,-1.0,122.63834008182594,122.63834008182594
natural_gas_pipeline,power,HU-SI,0,gigawatt,0.0,0.0,96.54026560302707,96.54026560302707
natural_gas_pipeline,power,HU-SK,0,gigawatt,3.06261235299366,0.0,-0.0018929289525075887,-0.0018929289525075887
natural_gas_pipeline,power,IE-UK,0,gigawatt,0.16444959185706035,0.0,-0.0018929289525004833,-0.0018929289525004833
natural_gas_pipeline,power,IT-AT,0,gigawatt,0.0,-1.0,101.81718713497864,101.81718713497864
natural_gas_pipeline,power,IT-CH,0,gigawatt,0.0,-1.0,144.81044421127882,144.81044421127882
natural_gas_pipeline,power,IT-EL,0,gigawatt,0.0,0.0,-0.0018929289524862725,-0.0018929289524862725
natural_gas_pipeline,power,IT-FR,0,gigawatt,0.0,0.0,245.59701575732373,245.59701575732373
natural_gas_pipeline,power,IT-SI,0,gigawatt,0.0,0.0,103.14200594469335,103.14200594469335
natural_gas_pipeline,power,LT-LV,0,gigawatt,0.0,-1.0,46.43256016454465,46.43256016454465
natural_gas_pipeline,power,LT-PL,0,gigawatt,0.0,-1.0,123.36517183394804,123.36517183394804
natural_gas_pipeline,power,LT-SE,0,gigawatt,0.0,0.0,242.5130721990357,242.5130721990357
natural_gas_pipeline,power,LU-BE,0,gigawatt,0.0,0.0,-0.0018929289525075887,-0.0018929289525075887
natural_gas_pipeline,power,LU-DE,0,gigawatt,0.0,-1.0,78.0724979752131,78.0724979752131
natural_gas_pipeline,power,LU-FR,0,gigawatt,0.0,0.0,120.02819358334482,120.02819358334482
natural_gas_pipeline,power,LV-EE,0,gigawatt,0.0,0.0,57.37043353107042,57.37043353107042
natural_gas_pipeline,power,LV-LT,0,gigawatt,0.0,-1.0,46.43256016454465,46.43256016454465
natural_gas_pipeline,power,NL-BE,0,gigawatt,0.0,-1.0,47.502588938983905,47.502588938983905
natural_gas_pipeline,power,NL-DE,0,gigawatt,0.0,-1.0,94.36008209217887,94.36008209217887
natural_gas_pipeline,power,NL-DK,0,gigawatt,0.0,0.0,131.70565485246556,131.70565485246556
natural_gas_pipeline,power,NL-NO,0,gigawatt,0.0,0.0,413.8336403582619,413.8336403582619
natural_gas_pipeline,power,NL-UK,0,gigawatt,0.0,-1.0,158.383076833934,158.383076833934
natural_gas_pipeline,power,NO-BE,0,gigawatt,0.0,0.0,461.33381520011403,461.33381520011403
natural_gas_pipeline,power,NO-DE,0,gigawatt,0.0,0.0,420.36979393287737,420.36979393287737
natural_gas_pipeline,power,NO-DK,0,gigawatt,0.0,0.0,284.4597099447003,284.4597099447003
natural_gas_pipeline,power,NO-FI,0,gigawatt,1.385774484953748,0.0,-0.0018929289525004833,-0.0018929289525004833
natural_gas_pipeline,power,NO-FR,0,gigawatt,0.0,0.0,587.7551667319997,587.7551667319997
natural_gas_pipeline,power,NO-NL,0,gigawatt,0.0,0.0,413.8336403582619,413.8336403582619
natural_gas_pipeline,power,NO-SE,0,gigawatt,0.7125914870995049,0.0,-0.0018929289525146942,-0.0018929289525146942
natural_gas_pipeline,power,NO-UK,0,gigawatt,0.0,0.0,432.7572725202028,432.7572725202028
natural_gas_pipeline,power,PL-CZ,0,gigawatt,0.0,0.0,101.65858109666948,101.65858109666948
natural_gas_pipeline,power,PL-DE,0,gigawatt,0.0,-1.0,167.4126724980542,167.4126724980542
natural_gas_pipeline,power,PL-LT,0,gigawatt,0.0,-1.0,123.36517183394804,123.36517183394804
natural_gas_pipeline,power,PL-SE,0,gigawatt,0.0,0.0,-0.0018929289524862725,-0.0018929289524862725
natural_gas_pipeline,power,PL-SK,0,gigawatt,0.0,0.0,99.35176740029485,99.35176740029485
natural_gas_pipeline,power,PT-ES,0,gigawatt,0.0,0.0,98.73218803688104,98.73218803688104
natural_gas_pipeline,power,RO-BG,0,gigawatt,0.0,-1.0,88.58339372600747,88.58339372600747
natural_gas_pipeline,power,RO-HU,0,gigawatt,0.15913047246762968,0.0,-0.0018929289525004833,-0.0018929289525004833
natural_gas_pipeline,power,SE-DE,0,gigawatt,0.0,-1.0,359.0840798337846,359.0840798337846
natural_gas_pipeline,power,SE-DK,0,gigawatt,0.0,0.0,229.15100455104485,229.15100455104485
natural_gas_pipeline,power,SE-FI,0,gigawatt,0.0,0.0,105.52442893377732,105.52442893377732
natural_gas_pipeline,power,SE-LT,0,gigawatt,0.0,0.0,242.5130721990357,242.5130721990357
natural_gas_pipeline,power,SE-NO,0,gigawatt,0.0,0.0,-0.0018929289525146942,-0.0018929289525146942
natural_gas_pipeline,power,SE-PL,0,gigawatt,0.0,0.0,-0.0018929289524862725,-0.0018929289524862725
natural_gas_pipeline,power,SI-AT,0,gigawatt,0.27651112158216146,0.0,-0.0018929289525075887,-0.0018929289525075887
natural_gas_pipeline,power,SI-HR,0,gigawatt,0.0,0.0,50.86508671602471,50.86508671602471
natural_gas_pipeline,power,SI-HU,0,gigawatt,0.0,0.0,96.54026560302707,96.54026560302707
natural_gas_pipeline,power,SI-IT,0,gigawatt,0.0,0.0,103.14200594469335,103.14200594469335
natural_gas_pipeline,power,SK-AT,0,gigawatt,0.0,0.0,117.89217199574033,117.89217199574033
natural_gas_pipeline,power,SK-CZ,0,gigawatt,0.0,-1.0,86.50390351712704,86.50390351712704
natural_gas_pipeline,power,SK-HU,0,gigawatt,0.0,-1.0,43.551705637801206,43.551705637801206
natural_gas_pipeline,power,SK-PL,0,gigawatt,0.0,0.0,99.35176740029485,99.35176740029485
natural_gas_pipeline,power,UK-BE,0,gigawatt,0.0,-1.0,87.94702323328467,87.94702323328467
natural_gas_pipeline,power,UK-DE,0,gigawatt,0.0,0.0,-0.0018929289525146942,-0.0018929289525146942
natural_gas_pipeline,power,UK-DK,0,gigawatt,0.0,0.0,214.87551315769238,214.87551315769238
natural_gas_pipeline,power,UK-FR,0,gigawatt,0.0,0.0,235.96626742757877,235.96626742757877
natural_gas_pipeline,power,UK-IE,0,gigawatt,0.0,0.0,96.16947702465099,96.16947702465099
natural_gas_pipeline,power,UK-NL,0,gigawatt,12.626398425614493,0.0,-0.0018929289525146942,-0.0018929289525146942
natural_gas_pipeline,power,UK-NO,0,gigawatt,0.0,0.0,432.7572725202028,432.7572725202028
oil_pipeline,power,AT-CH,0,gigawatt,0.0,0.0,113.4451717115745,113.4451717115745
oil_pipeline,power,AT-CZ,0,gigawatt,0.0,0.0,-0.0018929289525146942,-0.0018929289525146942
oil_pipeline,power,AT-DE,0,gigawatt,0.0,0.0,105.10299693585884,105.10299693585884
oil_pipeline,power,AT-HU,0,gigawatt,0.0,0.0,112.21771818763355,112.21771818763355
oil_pipeline,power,AT-IT,0,gigawatt,0.0,0.0,138.6776814664484,138.6776814664484
oil_pipeline,power,AT-SI,0,gigawatt,0.0,0.0,-0.0018929289525075887,-0.0018929289525075887
oil_pipeline,power,AT-SK,0,gigawatt,0.0,0.0,115.98739976725015,115.98739976725015
oil_pipeline,power,BE-DE,0,gigawatt,0.0,0.0,107.83709232837093,107.83709232837093
oil_pipeline,power,BE-FR,0,gigawatt,0.0,0.0,126.70848916252892,126.70848916252892
oil_pipeline,power,BE-LU,0,gigawatt,0.0,0.0,36.64326320818727,36.64326320818727
oil_pipeline,power,BE-NL,0,gigawatt,0.0,0.0,47.502588938983905,47.502588938983905
oil_pipeline,power,BE-NO,0,gigawatt,0.0,0.0,461.33381520011403,461.33381520011403
oil_pipeline,power,BE-UK,0,gigawatt,0.0,0.0,-0.0018929289524862725,-0.0018929289524862725
oil_pipeline,power,BG-EL,0,gigawatt,0.0,0.0,110.8893301447499,110.8893301447499
oil_pipeline,power,BG-RO,0,gigawatt,0.0,-1.0,72.84476007583193,72.84476007583193
oil_pipeline,power,CH-AT,0,gigawatt,0.0,0.0,113.4451717115745,113.4451717115745
oil_pipeline,power,CH-DE,0,gigawatt,0.0,0.0,134.58891457098818,134.58891457098818
oil_pipeline,power,CH-FR,0,gigawatt,0.0,0.0,123.1545379297211,123.1545379297211
oil_pipeline,power,CH-IT,0,gigawatt,0.0,0.0,141.600950455313,141.600950455313
oil_pipeline,power,CZ-AT,0,gigawatt,0.0,0.0,69.59250034254922,69.59250034254922
oil_pipeline,power,CZ-DE,0,gigawatt,0.0,0.0,14.14306867946867,14.14306867946867
oil_pipeline,power,CZ-PL,0,gigawatt,0.0,0.0,101.65858109666948,101.65858109666948
oil_pipeline,power,CZ-SK,0,gigawatt,0.0,-1.0,86.50390351712704,86.50390351712704
oil_pipeline,power,DE-AT,0,gigawatt,0.0,0.0,120.5080080959177,120.5080080959177
oil_pipeline,power,DE-BE,0,gigawatt,0.0,0.0,107.83709232837093,107.83709232837093
oil_pipeline,power,DE-CH,0,gigawatt,0.0,0.0,134.58891457098818,134.58891457098818
oil_pipeline,power,DE-CZ,0,gigawatt,0.0,0.0,47.149693881512036,47.149693881512036
oil_pipeline,power,DE-DK,0,gigawatt,0.0,0.0,132.9964138735925,132.9964138735925
oil_pipeline,power,DE-FR,0,gigawatt,0.0,0.0,-0.0018929289524862725,-0.0018929289524862725
oil_pipeline,power,DE-LU,0,gigawatt,0.0,-1.0,89.81365281495383,89.81365281495383
oil_pipeline,power,DE-NL,0,gigawatt,0.0,-1.0,92.06074449428247,92.06074449428247
oil_pipeline,power,DE-NO,0,gigawatt,0.0,0.0,420.36979393287737,420.36979393287737
oil_pipeline,power,DE-PL,0,gigawatt,0.0,0.0,-0.0018929289524862725,-0.0018929289524862725
oil_pipeline,power,DE-SE,0,gigawatt,0.0,-1.0,359.0840798337846,359.0840798337846
oil_pipeline,power,DE-UK,0,gigawatt,0.0,0.0,252.40239656977602,252.40239656977602
oil_pipeline,power,DK-DE,0,gigawatt,0.0,0.0,146.07269249764678,146.07269249764678
oil_pipeline,power,DK-NL,0,gigawatt,0.0,0.0,112.18970556502593,112.18970556502593
oil_pipeline,power,DK-NO,0,gigawatt,0.0,0.0,-0.0018929289524862725,-0.0018929289524862725
oil_pipeline,power,DK-SE,0,gigawatt,0.0,0.0,229.15100455104485,229.15100455104485
oil_pipeline,power,DK-UK,0,gigawatt,0.0,0.0,187.59487982262047,187.59487982262047
oil_pipeline,power,EE-FI,0,gigawatt,0.0,0.0,-0.0018929289524862725,-0.0018929289524862725
oil_pipeline,power,EE-LV,0,gigawatt,0.0,0.0,53.65591342636434,53.65591342636434
oil_pipeline,power,EL-BG,0,gigawatt,0.0,0.0,101.7749830604578,101.7749830604578
oil_pipeline,power,EL-IT,0,gigawatt,0.0,0.0,-0.0018929289524862725,-0.0018929289524862725
oil_pipeline,power,ES-FR,0,gigawatt,0.0,0.0,223.07063388533697,223.07063388533697
oil_pipeline,power,ES-PT,0,gigawatt,0.0,0.0,98.73218803688104,98.73218803688104
oil_pipeline,power,FI-EE,0,gigawatt,0.0,0.0,-0.0018929289524862725,-0.0018929289524862725
oil_pipeline,power,FI-NO,0,gigawatt,0.0,0.0,111.84281953180525,111.84281953180525
oil_pipeline,power,FI-SE,0,gigawatt,0.0,0.0,130.06069372955955,130.06069372955955
oil_pipeline,power,FR-BE,0,gigawatt,0.0,0.0,126.70848916252892,126.70848916252892
oil_pipeline,power,FR-CH,0,gigawatt,0.0,0.0,123.1545379297211,123.1545379297211
oil_pipeline,power,FR-DE,0,gigawatt,0.0,0.0,-0.0018929289524862725,-0.0018929289524862725
oil_pipeline,power,FR-ES,0,gigawatt,0.0,0.0,223.07063388533697,223.07063388533697
oil_pipeline,power,FR-IT,0,gigawatt,0.0,0.0,245.59701575732373,245.59701575732373
oil_pipeline,power,FR-LU,0,gigawatt,0.0,0.0,120.02819358334482,120.02819358334482
oil_pipeline,power,FR-NO,0,gigawatt,0.0,0.0,587.7551667319997,587.7551667319997
oil_pipeline,power,FR-UK,0,gigawatt,0.0,0.0,235.96626742757877,235.96626742757877
oil_pipeline,power,HR-HU,0,gigawatt,0.0,-1.0,88.61408863837886,88.61408863837886
oil_pipeline,power,HR-SI,0,gigawatt,0.0,0.0,-0.0018929289525146942,-0.0018929289525146942
oil_pipeline,power,HU-AT,0,gigawatt,0.0,0.0,112.21771818763355,112.21771818763355
oil_pipeline,power,HU-HR,0,gigawatt,0.0,-1.0,88.61408863837886,88.61408863837886
oil_pipeline,power,HU-RO,0,gigawatt,0.0,0.0,122.63834008182594,122.63834008182594
oil_pipeline,power,HU-SI,0,gigawatt,0.0,0.0,96.54026560302707,96.54026560302707
oil_pipeline,power,HU-SK,0,gigawatt,0.0,-1.0,43.551705637801206,43.551705637801206
oil_pipeline,power,IE-UK,0,gigawatt,0.0,0.0,96.16947702465099,96.16947702465099
oil_pipeline,power,IT-AT,0,gigawatt,0.0,0.0,138.6776814664484,138.6776814664484
oil_pipeline,power,IT-CH,0,gigawatt,0.0,0.0,144.37904039565984,144.37904039565984
oil_pipeline,power,IT-EL,0,gigawatt,0.0,0.0,-0.0018929289524862725,-0.0018929289524862725
oil_pipeline,power,IT-FR,0,gigawatt,0.0,0.0,245.59701575732373,245.59701575732373
oil_pipeline,power,IT-SI,0,gigawatt,0.0,0.0,94.98965520456419,94.98965520456419
oil_pipeline,power,LT-LV,0,gigawatt,0.0,0.0,42.71967331206427,42.71967331206427
oil_pipeline,power,LT-PL,0,gigawatt,0.0,0.0,123.36517183394804,123.36517183394804
oil_pipeline,power,LT-SE,0,gigawatt,0.0,0.0,242.5130721990357,242.5130721990357
oil_pipeline,power,LU-BE,0,gigawatt,0.0,0.0,-0.0018929289525075887,-0.0018929289525075887
oil_pipeline,power,LU-DE,0,gigawatt,0.0,-1.0,89.81365281495383,89.81365281495383
oil_pipeline,power,LU-FR,0,gigawatt,0.0,0.0,120.02819358334482,120.02819358334482
oil_pipeline,power,LV-EE,0,gigawatt,0.0,0.0,-0.0018929289525146942,-0.0018929289525146942
oil_pipeline,power,LV-LT,0,gigawatt,0.0,0.0,-0.0018929289525075887,-0.0018929289525075887
oil_pipeline,power,NL-BE,0,gigawatt,0.0,0.0,-0.0018929289525075887,-0.0018929289525075887
oil_pipeline,power,NL-DE,0,gigawatt,0.0,-1.0,84.81016027198989,84.81016027198989
oil_pipeline,power,NL-DK,0,gigawatt,0.0,0.0,131.70565485246556,131.70565485246556
oil_pipeline,power,NL-NO,0,gigawatt,0.0,0.0,413.8336403582619,413.8336403582619
oil_pipeline,power,NL-UK,0,gigawatt,0.0,0.0,158.383076833934,158.383076833934
oil_pipeline,power,NO-BE,0,gigawatt,0.0,0.0,461.33381520011403,461.33381520011403
oil_pipeline,power,NO-DE,0,gigawatt,0.0,0.0,420.36979393287737,420.36979393287737
oil_pipeline,power,NO-DK,0,gigawatt,0.0,0.0,-0.0018929289524862725,-0.0018929289524862725
oil_pipeline,power,NO-FI,0,gigawatt,0.0,0.0,111.84281953180525,111.84281953180525
oil_pipeline,power,NO-FR,0,gigawatt,0.0,0.0,587.7551667319997,587.7551667319997
oil_pipeline,power,NO-NL,0,gigawatt,0.0,0.0,413.8336403582619,413.8336403582619
oil_pipeline,power,NO-SE,0,gigawatt,0.0,0.0,-0.0018929289525146942,-0.0018929289525146942
oil_pipeline,power,NO-UK,0,gigawatt,0.0,0.0,432.7572725202028,432.7572725202028
oil_pipeline,power,PL-CZ,0,gigawatt,0.0,0.0,101.65858109666948,101.65858109666948
oil_pipeline,power,PL-DE,0,gigawatt,0.0,0.0,-0.0018929289524862725,-0.0018929289524862725
oil_pipeline,power,PL-LT,0,gigawatt,0.0,0.0,123.36517183394804,123.36517183394804
oil_pipeline,power,PL-SE,0,gigawatt,0.0,0.0,-0.0018929289524862725,-0.0018929289524862725
oil_pipeline,power,PL-SK,0,gigawatt,0.0,0.0,95.05797552203214,95.05797552203214
oil_pipeline,power,PT-ES,0,gigawatt,0.0,0.0,98.73218803688104,98.73218803688104
oil_pipeline,power,RO-BG,0,gigawatt,0.0,-1.0,72.30523610105868,72.30523610105868
oil_pipeline,power,RO-HU,0,gigawatt,0.0,0.0,122.63834008182594,122.63834008182594
oil_pipeline,power,SE-DE,0,gigawatt,0.0,-1.0,359.0840798337846,359.0840798337846
oil_pipeline,power,SE-DK,0,gigawatt,0.0,0.0,182.21492094788061,182.21492094788061
oil_pipeline,power,SE-FI,0,gigawatt,0.0,0.0,129.92993152776492,129.92993152776492
oil_pipeline,power,SE-LT,0,gigawatt,0.0,0.0,242.5130721990357,242.5130721990357
oil_pipeline,power,SE-NO,0,gigawatt,0.0,0.0,-0.0018929289525146942,-0.0018929289525146942
oil_pipeline,power,SE-PL,0,gigawatt,0.0,0.0,-0.0018929289524862725,-0.0018929289524862725
oil_pipeline,power,SI-AT,0,gigawatt,0.0,0.0,-0.0018929289525075887,-0.0018929289525075887
oil_pipeline,power,SI-HR,0,gigawatt,0.0,0.0,-0.0018929289525146942,-0.0018929289525146942
oil_pipeline,power,SI-HU,0,gigawatt,0.0,0.0,96.54026560302707,96.54026560302707
oil_pipeline,power,SI-IT,0,gigawatt,0.0,0.0,103.14200594469335,103.14200594469335
oil_pipeline,power,SK-AT,0,gigawatt,0.0,0.0,117.89217199574033,117.89217199574033
oil_pipeline,power,SK-CZ,0,gigawatt,0.0,-1.0,86.50390351712704,86.50390351712704
oil_pipeline,power,SK-HU,0,gigawatt,0.0,0.0,-0.0018929289525075887,-0.0018929289525075887
oil_pipeline,power,SK-PL,0,gigawatt,0.0,0.0,69.78635593782582,69.78635593782582
oil_pipeline,power,UK-BE,0,gigawatt,0.0,0.0,146.5242723952107,146.5242723952107
oil_pipeline,power,UK-DE,0,gigawatt,0.0,0.0,-0.0018929289525146942,-0.0018929289525146942
oil_pipeline,power,UK-DK,0,gigawatt,0.0,0.0,195.2292551671079,195.2292551671079
oil_pipeline,power,UK-FR,0,gigawatt,0.0,0.0,231.26911643299962,231.26911643299962
oil_pipeline,power,UK-IE,0,gigawatt,0.0,0.0,96.16947702465099,96.16947702465099
oil_pipeline,power,UK-NL,0,gigawatt,0.0,0.0,144.92016442922613,144.92016442922613
oil_pipeline,power,UK-NO,0,gigawatt,0.0,0.0,432.7572725202028,432.7572725202028
power_line,power,AT-CH,0,gigawatt,1.1494980352512665,0.0,-0.0018929289525146942,-0.0018929289525146942
power_line,power,AT-CZ,0,gigawatt,1.5,0.0,-0.0018929289525146942,-0.0018929289525146942
power_line,power,AT-DE,0,gigawatt,0.0,0.0,66.38566887832363,66.38566887832363
power_line,power,AT-HU,0,gigawatt,1.6047148839519723,0.0,-0.0018929289525146942,-0.0018929289525146942
power_line,power,AT-IT,0,gigawatt,1.5,0.0,-0.0018929289524862725,-0.0018929289524862725
power_line,power,AT-SI,0,gigawatt,0.0,0.0,77.71809333331396,77.71809333331396
power_line,power,AT-SK,0,gigawatt,0.0,0.0,-124.40424700242724,-124.40424700242724
power_line,power,BE-DE,0,gigawatt,3.0,0.0,-0.0018929289524862725,-0.0018929289524862725
power_line,power,BE-FR,0,gigawatt,0.0,0.0,241.37470160768265,241.37470160768265
power_line,power,BE-LU,0,gigawatt,0.0,0.0,54.83775040232394,54.83775040232394
power_line,power,BE-NL,0,gigawatt,0.9095920298685327,0.0,-0.0018929289525146942,-0.0018929289525146942
power_line,power,BE-NO,0,gigawatt,0.0,0.0,615.308588629654,615.308588629654
power_line,power,BE-UK,0,gigawatt,2.051300198775536,0.0,-0.0018929289524862725,-0.0018929289524862725
power_line,power,BG-EL,0,gigawatt,1.0,0.0,-0.0018929289525146942,-0.0018929289525146942
power_line,power,BG-RO,0,gigawatt,1.0,0.0,-0.0018929289524862725,-0.0018929289524862725
power_line,power,CH-AT,0,gigawatt,0.0,0.0,-109.26674439914686,-109.26674439914686
power_line,power,CH-DE,0,gigawatt,4.2,0.0,-0.0018929289524862725,-0.0018929289524862725
power_line,power,CH-FR,0,gigawatt,0.0,0.0,234.0330059007835,234.0330059007835
power_line,power,CH-IT,0,gigawatt,4.164807361761875,0.0,-0.0018929289524862725,-0.0018929289524862725
power_line,power,CZ-AT,0,gigawatt,0.0,0.0,-3220.0934510703223,-3220.0934510703223
power_line,power,CZ-DE,0,gigawatt,1.5000000000000002,0.0,-0.0018929289525146942,-0.0018929289525146942
power_line,power,CZ-PL,0,gigawatt,1.4999999999999998,0.0,-0.0018929289524862725,-0.0018929289524862725
power_line,power,CZ-SK,0,gigawatt,0.5184574036484104,0.0,-0.0018929289525146942,-0.0018929289525146942
power_line,power,DE-AT,0,gigawatt,0.0,0.0,-17.788623861023865,-17.788623861023865
power_line,power,DE-BE,0,gigawatt,0.0,0.0,222.34227334215697,222.34227334215697
power_line,power,DE-CH,0,gigawatt,0.0,0.0,-290.3266560741721,-290.3266560741721
power_line,power,DE-CZ,0,gigawatt,0.0,0.0,122.05851917017321,122.05851917017321
power_line,power,DE-DK,0,gigawatt,2.9999999999999996,0.0,-0.0018929289525431159,-0.0018929289525431159
power_line,power,DE-FR,0,gigawatt,0.0,0.0,405.49752574584255,405.49752574584255
power_line,power,DE-LU,0,gigawatt,0.0,0.0,164.68115780225267,164.68115780225267
power_line,power,DE-NL,0,gigawatt,0.0,0.0,164.90257091461305,164.90257091461305
power_line,power,DE-NO,0,gigawatt,0.0,0.0,527.9992621020276,527.9992621020276
power_line,power,DE-PL,0,gigawatt,2.0000000000000004,0.0,-0.0018929289524862725,-0.0018929289524862725
power_line,power,DE-SE,0,gigawatt,0.0,0.0,393.024577741306,393.024577741306
power_line,power,DE-UK,0,gigawatt,0.0,0.0,233.8597949771637,233.8597949771637
power_line,power,DK-DE,0,gigawatt,0.0,0.0,-7812.2596483291045,-7812.2596483291045
power_line,power,DK-NL,0,gigawatt,2.0,0.0,-0.0018929289524862725,-0.0018929289524862725
power_line,power,DK-NO,0,gigawatt,2.0,0.0,-0.001892928952429429,-0.001892928952429429
power_line,power,DK-SE,0,gigawatt,0.0,0.0,438.7526594465296,438.7526594465296
power_line,power,DK-UK,0,gigawatt,0.7767275480936429,0.0,-0.0018929289524862725,-0.0018929289524862725
power_line,power,EE-FI,0,gigawatt,1.7000000000000002,0.0,-0.0018929289524862725,-0.0018929289524862725
power_line,power,EE-LV,0,gigawatt,0.9999999999999999,0.0,-0.0018929289525004833,-0.0018929289525004833
power_line,power,EL-BG,0,gigawatt,0.0,0.0,-883.0936332659915,-883.0936332659915
power_line,power,EL-IT,0,gigawatt,2.0,0.0,-0.0018929289525431159,-0.0018929289525431159
power_line,power,ES-FR,0,gigawatt,6.0,0.0,-0.0018929289524862725,-0.0018929289524862725
power_line,power,ES-PT,0,gigawatt,0.0,0.0,184.29464300941223,184.29464300941223
power_line,power,FI-EE,0,gigawatt,0.0,0.0,386.94160483950685,386.94160483950685
power_line,power,FI-NO,0,gigawatt,0.0,0.0,102.29632740210519,102.29632740210519
power_line,power,FI-SE,0,gigawatt,0.0,0.0,268.1636688444004,268.1636688444004
power_line,power,FR-BE,0,gigawatt,0.0,0.0,-6231.227359962446,-6231.227359962446
power_line,power,FR-CH,0,gigawatt,0.0,0.0,-6766.85719024991,-6766.85719024991
power_line,power,FR-DE,0,gigawatt,0.0,0.0,-6448.335262047898,-6448.335262047898
power_line,power,FR-ES,0,gigawatt,0.0,0.0,-3195.4289978495976,-3195.4289978495976
power_line,power,FR-IT,0,gigawatt,2.1000000000000005,0.0,-0.0018929289524862725,-0.0018929289524862725
power_line,power,FR-LU,0,gigawatt,0.0,0.0,-5556.054025770732,-5556.054025770732
power_line,power,FR-NO,0,gigawatt,0.0,0.0,74.04346156416136,74.04346156416136
power_line,power,FR-UK,0,gigawatt,7.600000000000001,0.0,-0.0018929289525431159,-0.0018929289525431159
power_line,power,HR-HU,0,gigawatt,1.0,0.0,-0.0018929289524862725,-0.0018929289524862725
power_line,power,HR-SI,0,gigawatt,0.7425618200278047,0.0,-0.0018929289525146942,-0.0018929289525146942
power_line,power,HU-AT,0,gigawatt,0.0,0.0,-2792.2609774042057,-2792.2609774042057
power_line,power,HU-HR,0,gigawatt,0.0,0.0,-1421.4735561482994,-1421.4735561482994
power_line,power,HU-RO,0,gigawatt,2.5292435357373564,0.0,-0.0018929289524862725,-0.0018929289524862725
power_line,power,HU-SI,0,gigawatt,1.0,0.0,-0.0018929289525146942,-0.0018929289525146942
power_line,power,HU-SK,0,gigawatt,1.0,0.0,-0.0018929289525004833,-0.0018929289525004833
power_line,power,IE-UK,0,gigawatt,1.254,0.0,-0.0018929289524862725,-0.0018929289524862725
power_line,power,IT-AT,0,gigawatt,0.0,0.0,-2077.195900637112,-2077.195900637112
power_line,power,IT-CH,0,gigawatt,0.0,0.0,-1698.93399095185,-1698.93399095185
power_line,power,IT-EL,0,gigawatt,0.0,0.0,50.71978925386168,50.71978925386168
power_line,power,IT-FR,0,gigawatt,0.0,0.0,448.41802831128996,448.41802831128996
power_line,power,IT-SI,0,gigawatt,2.145,0.0,-0.0018929289524862725,-0.0018929289524862725
power_line,power,LT-LV,0,gigawatt,0.0,-1.0,95.73626997141511,95.73626997141511
power_line,power,LT-PL,0,gigawatt,0.7,0.0,-0.0018929289524862725,-0.0018929289524862725
power_line,power,LT-SE,0,gigawatt,0.0,0.0,500.02189992040576,500.02189992040576
power_line,power,LU-BE,0,gigawatt,0.0,0.0,-566.3361500136939,-566.3361500136939
power_line,power,LU-DE,0,gigawatt,0.0,0.0,-924.1780115073973,-924.1780115073973
power_line,power,LU-FR,0,gigawatt,0.0,0.0,247.47831057247632,247.47831057247632
power_line,power,LV-EE,0,gigawatt,0.0,0.0,118.28835828659817,118.28835828659817
power_line,power,LV-LT,0,gigawatt,0.0,0.0,-459.56688590951444,-459.56688590951444
power_line,power,NL-BE,0,gigawatt,0.0,0.0,-3488.736094324097,-3488.736094324097
power_line,power,NL-DE,0,gigawatt,0.0,0.0,-3747.165416189376,-3747.165416189376
power_line,power,NL-DK,0,gigawatt,0.0,0.0,-22.874568831210922,-22.874568831210922
power_line,power,NL-NO,0,gigawatt,0.0,0.0,534.5462668847649,534.5462668847649
power_line,power,NL-UK,0,gigawatt,0.0,0.0,59.334365487917296,59.334365487917296
power_line,power,NO-BE,0,gigawatt,0.0,0.0,-4987.913973095119,-4987.913973095119
power_line,power,NO-DE,0,gigawatt,0.0,0.0,-5679.520530716847,-5679.520530716847
power_line,power,NO-DK,0,gigawatt,0.0,0.0,586.5089387866909,586.5089387866909
power_line,power,NO-FI,0,gigawatt,0.0,0.0,-2063.675852983697,-2063.675852983697
power_line,power,NO-FR,0,gigawatt,0.0,0.0,13.593940397846609,13.593940397846609
power_line,power,NO-NL,0,gigawatt,0.0,0.0,-1924.4913933092691,-1924.4913933092691
power_line,power,NO-SE,0,gigawatt,0.0,-1.0,136.7106860712253,136.7106860712253
power_line,power,NO-UK,0,gigawatt,0.0,0.0,650.4686889002063,650.4686889002063
power_line,power,PL-CZ,0,gigawatt,0.0,0.0,209.6032036633918,209.6032036633918
power_line,power,PL-DE,0,gigawatt,0.0,0.0,-593.970404220182,-593.970404220182
power_line,power,PL-LT,0,gigawatt,0.0,0.0,-152.20879870122778,-152.20879870122778
power_line,power,PL-SE,0,gigawatt,0.0,0.0,387.0698365136909,387.0698365136909
power_line,power,PL-SK,0,gigawatt,0.0,0.0,180.73675428241316,180.73675428241316
power_line,power,PT-ES,0,gigawatt,0.0,0.0,-469.48293655441046,-469.48293655441046
power_line,power,RO-BG,0,gigawatt,0.0,0.0,-1164.4494369770307,-1164.4494369770307
power_line,power,RO-HU,0,gigawatt,0.0,0.0,239.1852446714316,239.1852446714316
power_line,power,SE-DE,0,gigawatt,0.0,0.0,-8052.076297126663,-8052.076297126663
power_line,power,SE-DK,0,gigawatt,0.0,0.0,-564.8603229795445,-564.8603229795445
power_line,power,SE-FI,0,gigawatt,0.0,0.0,-3922.7938720514276,-3922.7938720514276
power_line,power,SE-LT,0,gigawatt,0.0,0.0,-1452.570544680774,-1452.570544680774
power_line,power,SE-NO,0,gigawatt,0.0,0.0,-1982.5273343349238,-1982.5273343349238
power_line,power,SE-PL,0,gigawatt,0.0,0.0,-7668.130938885197,-7668.130938885197
power_line,power,SI-AT,0,gigawatt,0.0,0.0,-1741.1147150803927,-1741.1147150803927
power_line,power,SI-HR,0,gigawatt,0.0,0.0,15.807961810416629,15.807961810416629
power_line,power,SI-HU,0,gigawatt,0.0,0.0,-647.4449846710747,-647.4449846710747
power_line,power,SI-IT,0,gigawatt,0.0,0.0,-1210.9400877498376,-1210.9400877498376
power_line,power,SK-AT,0,gigawatt,0.0,0.0,-3458.1692303301074,-3458.1692303301074
power_line,power,SK-CZ,0,gigawatt,0.0,0.0,-288.3476075154198,-288.3476075154198
power_line,power,SK-HU,0,gigawatt,0.0,0.0,-607.0149238498655,-607.0149238498655
power_line,power,SK-PL,0,gigawatt,0.0,0.0,-2482.6558536795224,-2482.6558536795224
power_line,power,UK-BE,0,gigawatt,0.0,0.0,-6813.939512221529,-6813.939512221529
power_line,power,UK-DE,0,gigawatt,0.0,0.0,-7011.515500879317,-7011.515500879317
power_line,power,UK-DK,0,gigawatt,0.0,0.0,402.78273129699,402.78273129699
power_line,power,UK-FR,0,gigawatt,0.0,0.0,-603.8182339245852,-603.8182339245852
power_line,power,UK-IE,0,gigawatt,0.0,0.0,-60.039428390123845,-60.039428390123845
power_line,power,UK-NL,0,gigawatt,0.0,0.0,-3396.1257467759788,-3396.1257467759788
power_line,power,UK-NO,0,gigawatt,0.0,0.0,198.06819455473567,198.06819455473567
battery,energy,AT,0,gigawatt * hour,0.0,0.0,-0.0009393572987193011,-0.0009393572987193011
battery,energy,BE,0,gigawatt * hour,3.513264985265331,0.0,-0.0009393572987193011,-0.0009393572987193011
battery,energy,BG,0,gigawatt * hour,33.223890706237185,0.0,-0.0009393572987193011,-0.0009393572987193011
battery,energy,CH,0,gigawatt * hour,0.0,0.0,-0.0009393572987193011,-0.0009393572987193011
battery,energy,CZ,0,gigawatt * hour,0.0,0.0,-0.0009393572987193011,-0.0009393572987193011
battery,energy,DE,0,gigawatt * hour,313.2384758731029,0.0,-0.0009393572987193011,-0.0009393572987193011
battery,energy,DK,0,gigawatt * hour,0.0,0.0,-0.0009393572987193011,-0.0009393572987193011
battery,energy,EE,0,gigawatt * hour,0.0,0.0,-0.0009393572987193011,-0.0009393572987193011
battery,energy,EL,0,gigawatt * hour,67.0807126698446,0.0,-0.0009393572987193011,-0.0009393572987193011
battery,energy,ES,0,gigawatt * hour,17.09425152734424,0.0,-0.0009393572987193011,-0.0009393572987193011
battery,energy,FI,0,gigawatt * hour,0.0,0.0,-0.0009393572987193011,-0.0009393572987193011
battery,energy,FR,0,gigawatt * hour,0.0,0.0,-0.0009393572987193011,-0.0009393572987193011
battery,energy,HR,0,gigawatt * hour,16.768335489951472,0.0,-0.0009393572987193011,-0.0009393572987193011
battery,energy,HU,0,gigawatt * hour,0.0,0.0,-0.0009393572987193011,-0.0009393572987193011
battery,energy,IE,0,gigawatt * hour,0.0,0.0,-0.0009393572987193011,-0.0009393572987193011
battery,energy,IT,0,gigawatt * hour,175.31485412126088,0.0,-0.0009393572987193011,-0.0009393572987193011
battery,energy,LT,0,gigawatt * hour,0.0,0.0,-0.0009393572987193011,-0.0009393572987193011
battery,energy,LU,0,gigawatt * hour,0.0,0.0,-0.0009393572987193011,-0.0009393572987193011
battery,energy,LV,0,gigawatt * hour,0.0,0.0,-0.0009393572987193011,-0.0009393572987193011
battery,energy,NL,0,gigawatt * hour,5.17330726465111,0.0,-0.0009393572987193011,-0.0009393572987193011
battery,energy,NO,0,gigawatt * hour,0.0,0.0,-0.0009393572987193011,-0.0009393572987193011
battery,energy,PL,0,gigawatt * hour,66.55847726721893,0.0,-0.0009393572987193011,-0.0009393572987193011
battery,energy,PT,0,gigawatt * hour,0.0,0.0,-0.0009393572987193011,-0.0009393572987193011
battery,energy,RO,0,gigawatt * hour,46.408788490895624,0.0,-0.0009393572987193011,-0.0009393572987193011
battery,energy,SE,0,gigawatt * hour,0.0,0.0,-0.0009393572987193011,-0.0009393572987193011
battery,energy,SI,0,gigawatt * hour,0.0,0.0,-0.0009393572987193011,-0.0009393572987193011
battery,energy,SK,0,gigawatt * hour,0.0,0.0,-0.0009393572987193011,-0.0009393572987193011
battery,energy,UK,0,gigawatt * hour,0.0,0.0,-0.0009393572987193011,-0.0009393572987193011
battery,power,AT,0,gigawatt,0.0,0.0,-0.0009393572987050902,-0.0009393572987050902
battery,power,BE,0,gigawatt,0.21612780481523902,0.0,-0.0009393572987050902,-0.0009393572987050902
battery,power,BG,0,gigawatt,2.2366196553515163,0.0,-0.0009393572987050902,-0.0009393572987050902
battery,power,CH,0,gigawatt,0.0,0.0,-0.0009393572987050902,-0.0009393572987050902
battery,power,CZ,0,gigawatt,0.0,0.0,-0.0009393572987050902,-0.0009393572987050902
battery,power,DE,0,gigawatt,17.235345970102035,0.0,-0.0009393572987050902,-0.0009393572987050902
battery,power,DK,0,gigawatt,0.0,0.0,-0.0009393572987050902,-0.0009393572987050902
battery,power,EE,0,gigawatt,0.0,0.0,-0.0009393572987050902,-0.0009393572987050902
battery,power,EL,0,gigawatt,4.355225443854286,0.0,-0.0009393572987050902,-0.0009393572987050902
battery,power,ES,0,gigawatt,0.990130526791962,0.0,-0.0009393572987050902,-0.0009393572987050902
battery,power,FI,0,gigawatt,0.0,0.0,-0.0009393572987050902,-0.0009393572987050902
battery,power,FR,0,gigawatt,0.0,0.0,-0.0009393572987050902,-0.0009393572987050902
battery,power,HR,0,gigawatt,1.0578958733260968,0.0,-0.0009393572987050902,-0.0009393572987050902
battery,power,HU,0,gigawatt,0.0,0.0,-0.0009393572987050902,-0.0009393572987050902
battery,power,IE,0,gigawatt,0.0,0.0,-0.0009393572987050902,-0.0009393572987050902
battery,power,IT,0,gigawatt,11.266577088857126,0.0,-0.0009393572987050902,-0.0009393572987050902
battery,power,LT,0,gigawatt,0.0,0.0,-0.0009393572987050902,-0.0009393572987050902
battery,power,LU,0,gigawatt,0.0,0.0,-0.0009393572987050902,-0.0009393572987050902
battery,power,LV,0,gigawatt,0.0,0.0,-0.0009393572987050902,-0.0009393572987050902
battery,power,NL,0,gigawatt,0.3264898517458385,0.0,-0.0009393572987050902,-0.0009393572987050902
battery,power,NO,0,gigawatt,0.0,0.0,-0.0009393572987050902,-0.0009393572987050902
battery,power,PL,0,gigawatt,3.180704132566192,0.0,-0.0009393572987050902,-0.0009393572987050902
battery,power,PT,0,gigawatt,0.0,0.0,-0.0009393572987050902,-0.0009393572987050902
battery,power,RO,0,gigawatt,2.7637378312876706,0.0,-0.0009393572987050902,-0.0009393572987050902
battery,power,SE,0,gigawatt,0.0,0.0,-0.0009393572987050902,-0.0009393572987050902
battery,power,SI,0,gigawatt,0.0,0.0,-0.0009393572987050902,-0.0009393572987050902
battery,power,SK,0,gigawatt,0.0,0.0,-0.0009393572987050902,-0.0009393572987050902
battery,power,UK,0,gigawatt,0.0,0.0,83.42133952852924,83.42133952852924
natural_gas_storage,energy,AT,0,gigawatt * hour,0.0,0.0,0.0,0.0
natural_gas_storage,energy,BE,0,gigawatt * hour,0.0,0.0,-0.007576801823707771,-0.007576801823707771
natural_gas_storage,energy,BG,0,gigawatt * hour,0.0,0.0,0.0,0.0
natural_gas_storage,energy,CH,0,gigawatt * hour,0.0,0.0,-3111.779592623647,-3111.779592623647
natural_gas_storage,energy,CZ,0,gigawatt * hour,0.0,0.0,0.0,0.0
natural_gas_storage,energy,DE,0,gigawatt * hour,0.0,0.0,0.0,0.0
natural_gas_storage,energy,DK,0,gigawatt * hour,0.0,0.0,0.0,0.0
natural_gas_storage,energy,EE,0,gigawatt * hour,0.0,0.0,-530.0273923531017,-530.0273923531017
natural_gas_storage,energy,EL,0,gigawatt * hour,0.0,0.0,-2137.081543297167,-2137.081543297167
natural_gas_storage,energy,ES,0,gigawatt * hour,0.0,0.0,0.0,0.0
natural_gas_storage,energy,FI,0,gigawatt * hour,0.0,0.0,-749.7970294905357,-749.7970294905357
natural_gas_storage,energy,FR,0,gigawatt * hour,0.0,0.0,0.0,0.0
natural_gas_storage,energy,HR,0,gigawatt * hour,0.0,0.0,0.0,0.0
natural_gas_storage,energy,HU,0,gigawatt * hour,0.0,0.0,0.0,0.0
natural_gas_storage,energy,IE,0,gigawatt * hour,0.0,0.0,-695.6160558681777,-695.6160558681777
natural_gas_storage,energy,IT,0,gigawatt * hour,0.0,0.0,0.0,0.0
natural_gas_storage,energy,LT,0,gigawatt * hour,0.0,0.0,-797.6620063040825,-797.6620063040825
natural_gas_storage,energy,LU,0,gigawatt * hour,0.0,0.0,-1600.0004075478535,-1600.0004075478535
natural_gas_storage,energy,LV,0,gigawatt * hour,0.0,0.0,-626.947140394948,-626.947140394948
natural_gas_storage,energy,NL,0,gigawatt * hour,0.0,0.0,0.0,0.0
natural_gas_storage,energy,NO,0,gigawatt * hour,0.0,0.0,-586.1047879952195,-586.1047879952195
natural_gas_storage,energy,PL,0,gigawatt * hour,0.0,0.0,0.0,0.0
natural_gas_storage,energy,PT,0,gigawatt * hour,0.0,0.0,0.0,0.0
natural_gas_storage,energy,RO,0,gigawatt * hour,0.0,0.0,0.0,0.0
natural_gas_storage,energy,SE,0,gigawatt * hour,0.0,0.0,0.0,0.0
natural_gas_storage,energy,SI,0,gigawatt * hour,0.0,0.0,-1811.7779295381915,-1811.7779295381915
natural_gas_storage,energy,SK,0,gigawatt * hour,0.0,0.0,0.0,0.0
natural_gas_storage,energy,UK,0,gigawatt * hour,0.0,0.0,0.0,0.0
natural_gas_storage,power,AT,0,gigawatt,0.0,0.0,0.0,0.0
natural_gas_storage,power,BE,0,gigawatt,0.0,0.0,-15.877735901207616,-15.877735901207616
natural_gas_storage,power,BG,0,gigawatt,0.0,0.0,0.0,0.0
natural_gas_storage,power,CH,0,gigawatt,0.0,0.0,-5688.208320675444,-5688.208320675444
natural_gas_storage,power,CZ,0,gigawatt,0.0,0.0,0.0,0.0
natural_gas_storage,power,DE,0,gigawatt,0.0,0.0,0.0,0.0
natural_gas_storage,power,DK,0,gigawatt,0.0,0.0,0.0,0.0
natural_gas_storage,power,EE,0,gigawatt,0.0,0.0,-8496.412456822838,-8496.412456822838
natural_gas_storage,power,EL,0,gigawatt,0.0,0.0,-6806.483153309128,-6806.483153309128
natural_gas_storage,power,ES,0,gigawatt,0.0,0.0,0.0,0.0
natural_gas_storage,power,FI,0,gigawatt,0.0,0.0,-5604.912994868124,-5604.912994868124
natural_gas_storage,power,FR,0,gigawatt,0.0,0.0,0.0,0.0
natural_gas_storage,power,HR,0,gigawatt,0.0,0.0,0.0,0.0
natural_gas_storage,power,HU,0,gigawatt,0.0,0.0,0.0,0.0
natural_gas_storage,power,IE,0,gigawatt,0.0,0.0,-6682.026583236047,-6682.026583236047
natural_gas_storage,power,IT,0,gigawatt,0.0,0.0,0.0,0.0
natural_gas_storage,power,LT,0,gigawatt,0.0,0.0,-8665.304771917192,-8665.304771917192
natural_gas_storage,power,LU,0,gigawatt,0.0,0.0,-8810.325716533409,-8810.325716533409
natural_gas_storage,power,LV,0,gigawatt,0.0,0.0,-8589.389246414123,-8589.389246414123
natural_gas_storage,power,NL,0,gigawatt,0.0,0.0,0.0,0.0
natural_gas_storage,power,NO,0,gigawatt,0.0,0.0,-9730.244019832877,-9730.244019832877
natural_gas_storage,power,PL,0,gigawatt,0.0,0.0,0.0,0.0
natural_gas_storage,power,PT,0,gigawatt,0.0,0.0,0.0,0.0
natural_gas_storage,power,RO,0,gigawatt,0.0,0.0,0.0,0.0
natural_gas_storage,power,SE,0,gigawatt,0.0,0.0,0.0,0.0
natural_gas_storage,power,SI,0,gigawatt,0.0,0.0,-8632.107743692028,-8632.107743692028
natural_gas_storage,power,SK,0,gigawatt,0.0,0.0,0.0,0.0
natural_gas_storage,power,UK,0,gigawatt,0.0,0.0,0.0,0.0
oil_storage,energy,AT,0,gigawatt * hour,0.0,0.0,-0.001984791020004373,-0.001984791020004373
oil_storage,energy,BE,0,gigawatt * hour,0.0,0.0,-0.001984791020004373,-0.001984791020004373
oil_storage,energy,BG,0,gigawatt * hour,0.0,0.0,-0.001984791020004373,-0.001984791020004373
oil_storage,energy,CH,0,gigawatt * hour,-1.351469833191507e-12,0.0,-0.001984791020004373,-0.001984791020004373
oil_storage,energy,CZ,0,gigawatt * hour,0.0,0.0,-0.001984791020004373,-0.001984791020004373
oil_storage,energy,DE,0,gigawatt * hour,9.938334633071342e-12,0.0,-0.001984791020004373,-0.001984791020004373
oil_storage,energy,DK,0,gigawatt * hour,0.0,0.0,-0.001984791020004373,-0.001984791020004373
oil_storage,energy,EE,0,gigawatt * hour,0.0,0.0,-0.001984791020004373,-0.001984791020004373
oil_storage,energy,EL,0,gigawatt * hour,0.0,0.0,-0.001984791020004373,-0.001984791020004373
oil_storage,energy,ES,0,gigawatt * hour,3.0506917415199296e-13,0.0,-0.001984791020004373,-0.001984791020004373
oil_storage,energy,FI,0,gigawatt * hour,0.0,0.0,-0.001984791020004373,-0.001984791020004373
oil_storage,energy,FR,0,gigawatt * hour,0.0,0.0,-0.001984791020004373,-0.001984791020004373
oil_storage,energy,HR,0,gigawatt * hour,0.0,0.0,-0.001984791020004373,-0.001984791020004373
oil_storage,energy,HU,0,gigawatt * hour,0.0,0.0,-0.001984791020004373,-0.001984791020004373
oil_storage,energy,IE,0,gigawatt * hour,0.0,0.0,-0.001984791020004373,-0.001984791020004373
oil_storage,energy,IT,0,gigawatt * hour,0.0,0.0,-0.001984791020004373,-0.001984791020004373
oil_storage,energy,LT,0,gigawatt * hour,0.0,0.0,-0.001984791020004373,-0.001984791020004373
oil_storage,energy,LU,0,gigawatt * hour,1.6792966998085578e-12,0.0,-0.001984791020004373,-0.001984791020004373
oil_storage,energy,LV,0,gigawatt * hour,0.0,0.0,-0.001984791020004373,-0.001984791020004373
oil_storage,energy,NL,0,gigawatt * hour,-8.86757334228605e-12,0.0,-0.001984791020004373,-0.001984791020004373
oil_storage,energy,NO,0,gigawatt * hour,0.0,0.0,-0.001984791020004373,-0.001984791020004373
oil_storage,energy,PL,0,gigawatt * hour,1.1368683772161603e-12,0.0,-0.001984791020004373,-0.001984791020004373
oil_storage,energy,PT,0,gigawatt * hour,0.0,0.0,-0.001984791020004373,-0.001984791020004373
oil_storage,energy,RO,0,gigawatt * hour,0.0,0.0,-0.001984791020004373,-0.001984791020004373
oil_storage,energy,SE,0,gigawatt * hour,4.547473508864641e-13,0.0,-0.001984791020004373,-0.001984791020004373
oil_storage,energy,SI,0,gigawatt * hour,0.0,0.0,-0.001984791020004373,-0.001984791020004373
oil_storage,energy,SK,0,gigawatt * hour,0.0,0.0,-0.001984791020004373,-0.001984791020004373
oil_storage,energy,UK,0,gigawatt * hour,6.8358839009831926e-12,0.0,-0.001984791020004373,-0.001984791020004373
oil_storage,power,AT,0,gigawatt,0.0,0.0,-0.001984791020004373,-0.001984791020004373
oil_storage,power,BE,0,gigawatt,0.0,0.0,-0.001984791020004373,-0.001984791020004373
oil_storage,power,BG,0,gigawatt,0.0,0.0,-0.001984791020004373,-0.001984791020004373
oil_storage,power,CH,0,gigawatt,0.0,0.0,-0.001984791020004373,-0.001984791020004373
oil_storage,power,CZ,0,gigawatt,0.0,0.0,-0.001984791020004373,-0.001984791020004373
oil_storage,power,DE,0,gigawatt,0.0,0.0,-0.001984791020004373,-0.001984791020004373
oil_storage,power,DK,0,gigawatt,0.0,0.0,-0.001984791020004373,-0.001984791020004373
oil_storage,power,EE,0,gigawatt,0.0,0.0,-0.001984791020004373,-0.001984791020004373
oil_storage,power,EL,0,gigawatt,0.0,0.0,-0.001984791020004373,-0.001984791020004373
oil_storage,power,ES,0,gigawatt,0.0,0.0,-0.001984791020004373,-0.001984791020004373
oil_storage,power,FI,0,gigawatt,0.0,0.0,-0.001984791020004373,-0.001984791020004373
oil_storage,power,FR,0,gigawatt,0.0,0.0,-0.001984791020004373,-0.001984791020004373
oil_storage,power,HR,0,gigawatt,0.0,0.0,-0.001984791020004373,-0.001984791020004373
oil_storage,power,HU,0,gigawatt,0.0,0.0,-0.001984791020004373,-0.001984791020004373
oil_storage,power,IE,0,gigawatt,0.0,0.0,-0.001984791020004373,-0.001984791020004373
oil_storage,power,IT,0,gigawatt,0.0,0.0,-0.001984791020004373,-0.001984791020004373
oil_storage,power,LT,0,gigawatt,0.0,0.0,-0.001984791020004373,-0.001984791020004373
oil_storage,power,LU,0,gigawatt,0.0,0.0,-0.001984791020004373,-0.001984791020004373
oil_storage,power,LV,0,gigawatt,0.0,0.0,-0.001984791020004373,-0.001984791020004373
oil_storage,power,NL,0,gigawatt,0.0,0.0,-0.001984791020004373,-0.001984791020004373
oil_storage,power,NO,0,gigawatt,0.0,0.0,-0.001984791020004373,-0.001984791020004373
oil_storage,power,PL,0,gigawatt,0.0,0.0,-0.001984791020004373,-0.001984791020004373
oil_storage,power,PT,0,gigawatt,0.0,0.0,-0.001984791020004373,-0.001984791020004373
oil_storage,power,RO,0,gigawatt,0.0,0.0,-0.001984791020004373,-0.001984791020004373
oil_storage,power,SE,0,gigawatt,0.0,0.0,-0.001984791020004373,-0.001984791020004373
oil_storage,power,SI,0,gigawatt,0.0,0.0,-0.001984791020004373,-0.001984791020004373
oil_storage,power,SK,0,gigawatt,0.0,0.0,-0.001984791020004373,-0.001984791020004373
oil_storage,power,UK,0,gigawatt,0.0,0.0,-0.001984791020004373,-0.001984791020004373
pumped_hydro,energy,AT,0,gigawatt * hour,71.86426462471651,0.0,-0.0018633471962061776,-0.0018633471962061776
pumped_hydro,energy,BE,0,gigawatt * hour,5.710000000000001,0.0,-0.0018633471962061776,-0.0018633471962061776
pumped_hydro,energy,BG,0,gigawatt * hour,25.344889132292632,0.0,-0.0018633471962061776,-0.0018633471962061776
pumped_hydro,energy,CH,0,gigawatt * hour,29.910215945066525,0.0,-0.0018633471962061776,-0.0018633471962061776
pumped_hydro,energy,CZ,0,gigawatt * hour,2.3000000000000003,0.0,-0.0018633471962061776,-0.0018633471962061776
pumped_hydro,energy,DE,0,gigawatt * hour,33.719687560553126,0.0,-0.0018633471962061776,-0.0018633471962061776
pumped_hydro,energy,DK,0,gigawatt * hour,0.0,0.0,-1706.0452306324805,-1706.0452306324805
pumped_hydro,energy,EE,0,gigawatt * hour,0.0,0.0,-1807.3441547443088,-1807.3441547443088
pumped_hydro,energy,EL,0,gigawatt * hour,5.14,0.0,-0.0018633471962061776,-0.0018633471962061776
pumped_hydro,energy,ES,0,gigawatt * hour,134.86365154441054,0.0,-0.0018633471962061776,-0.0018633471962061776
pumped_hydro,energy,FI,0,gigawatt * hour,0.0,0.0,-3016.3869808123895,-3016.3869808123895
pumped_hydro,energy,FR,0,gigawatt * hour,2.5604794059258538,0.0,-0.0018633471962061776,-0.0018633471962061776
pumped_hydro,energy,HR,0,gigawatt * hour,9.39699356177283,0.0,-0.0018633471962061776,-0.0018633471962061776
pumped_hydro,energy,HU,0,gigawatt * hour,0.0,0.0,-948.897858548116,-948.897858548116
pumped_hydro,energy,IE,0,gigawatt * hour,0.0,0.0,-0.0018633471962061776,-0.0018633471962061776
pumped_hydro,energy,IT,0,gigawatt * hour,144.25390579327612,0.0,-0.0018633471962061776,-0.0018633471962061776
pumped_hydro,energy,LT,0,gigawatt * hour,0.0,0.0,-0.0018633471962061776,-0.0018633471962061776
pumped_hydro,energy,LU,0,gigawatt * hour,1.0959999999999999,0.0,-0.0018633471962061776,-0.0018633471962061776
pumped_hydro,energy,LV,0,gigawatt * hour,0.0,0.0,-1098.210453796299,-1098.210453796299
pumped_hydro,energy,NL,0,gigawatt * hour,0.0,0.0,-1727.816999168171,-1727.816999168171
pumped_hydro,energy,NO,0,gigawatt * hour,0.0,0.0,1.2099514763422121,1.2099514763422121
pumped_hydro,energy,PL,0,gigawatt * hour,15.69,0.0,-0.0018633471962061776,-0.0018633471962061776
pumped_hydro,energy,PT,0,gigawatt * hour,29.875160407483918,0.0,-0.0018633471962061776,-0.0018633471962061776
pumped_hydro,energy,RO,0,gigawatt * hour,0.0,0.0,-1452.2376945503077,-1452.2376945503077
pumped_hydro,energy,SE,0,gigawatt * hour,0.0,0.0,-0.0018633471962061776,-0.0018633471962061776
pumped_hydro,energy,SI,0,gigawatt * hour,0.0,0.0,-2124.007636172012,-2124.007636172012
pumped_hydro,energy,SK,0,gigawatt * hour,0.0,0.0,-4539.140245911338,-4539.140245911338
pumped_hydro,energy,UK,0,gigawatt * hour,0.0,0.0,-0.0018633471962061776,-0.0018633471962061776
pumped_hydro,power,AT,0,gigawatt,2.989034271459394,0.0,-0.0018633471961493342,-0.0018633471961493342
pumped_hydro,power,BE,0,gigawatt,0.264267276123538,0.0,-0.0018633471961493342,-0.0018633471961493342
pumped_hydro,power,BG,0,gigawatt,1.399,0.0,-0.0018633471961493342,-0.0018633471961493342
pumped_hydro,power,CH,0,gigawatt,1.2503780375708136,0.0,-0.0018633471961493342,-0.0018633471961493342
pumped_hydro,power,CZ,0,gigawatt,0.09178161990526558,0.0,-0.0018633471961493342,-0.0018633471961493342
pumped_hydro,power,DE,0,gigawatt,0.5723024667528358,0.0,-0.0018633471961493342,-0.0018633471961493342
pumped_hydro,power,DK,0,gigawatt,0.0,0.0,-3070.9670212197516,-3070.9670212197516
pumped_hydro,power,EE,0,gigawatt,0.0,0.0,-2071.739876358529,-2071.739876358529
pumped_hydro,power,EL,0,gigawatt,0.327343746484073,0.0,-0.0018633471961493342,-0.0018633471961493342
pumped_hydro,power,ES,0,gigawatt,6.007598909567467,0.0,-0.0018633471961493342,-0.0018633471961493342
pumped_hydro,power,FI,0,gigawatt,0.0,0.0,-2244.597001002052,-2244.597001002052
pumped_hydro,power,FR,0,gigawatt,0.0,0.0,897.3917859313915,897.3917859313915
pumped_hydro,power,HR,0,gigawatt,0.43614366853461195,0.0,-0.0018633471961493342,-0.0018633471961493342
pumped_hydro,power,HU,0,gigawatt,0.0,0.0,-3432.3419047097714,-3432.3419047097714
pumped_hydro,power,IE,0,gigawatt,0.0,0.0,-0.0018633471961493342,-0.0018633471961493342
pumped_hydro,power,IT,0,gigawatt,7.962599999999999,0.0,-0.0018633471961493342,-0.0018633471961493342
pumped_hydro,power,LT,0,gigawatt,0.0,0.0,-0.0018633471961493342,-0.0018633471961493342
pumped_hydro,power,LU,0,gigawatt,0.0,0.0,1236.548745871411,1236.548745871411
pumped_hydro,power,LV,0,gigawatt,0.0,0.0,-2134.5964948719993,-2134.5964948719993
pumped_hydro,power,NL,0,gigawatt,0.0,0.0,-3804.905924371811,-3804.905924371811
pumped_hydro,power,NO,0,gigawatt,0.0,0.0,1236.548745871411,1236.548745871411
pumped_hydro,power,PL,0,gigawatt,0.6464144027089499,0.0,-0.0018633471961493342,-0.0018633471961493342
pumped_hydro,power,PT,0,gigawatt,0.9168916153861115,0.0,-0.0018633471961493342,-0.0018633471961493342
pumped_hydro,power,RO,0,gigawatt,0.0,0.0,-2323.8759279191,-2323.8759279191
pumped_hydro,power,SE,0,gigawatt,0.0,0.0,-0.0018633471961493342,-0.0018633471961493342
pumped_hydro,power,SI,0,gigawatt,0.0,0.0,1236.548745871411,1236.548745871411
pumped_hydro,power,SK,0,gigawatt,0.0,0.0,1196.7601032485356,1196.7601032485356
pumped_hydro,power,UK,0,gigawatt,0.0,0.0,-0.0018633471961493342,-0.0018633471961493342
salt_cavern_storage,energy,AT,0,gigawatt * hour,301.5652535715152,0.0,-0.0019847910200041508,-0.0019847910200041508
salt_cavern_storage,energy,BE,0,gigawatt * hour,299.18181522374346,0.0,-0.0019847910200041508,-0.0019847910200041508
salt_cavern_storage,energy,BG,0,gigawatt * hour,824.4785818217981,0.0,-0.0019847910200041508,-0.0019847910200041508
salt_cavern_storage,energy,CH,0,gigawatt * hour,10.490296761975728,0.0,-0.0019847910200041508,-0.0019847910200041508
salt_cavern_storage,energy,CZ,0,gigawatt * hour,34.20599195216899,0.0,-0.0019847910200041508,-0.0019847910200041508
salt_cavern_storage,energy,DE,0,gigawatt * hour,339.0763639828163,0.0,-0.0019847910200041508,-0.0019847910200041508
salt_cavern_storage,energy,DK,0,gigawatt * hour,228.57796268013064,0.0,-0.0019847910200041508,-0.0019847910200041508
salt_cavern_storage,energy,EE,0,gigawatt * hour,133.23274913301427,0.0,-0.0019847910200041508,-0.0019847910200041508
salt_cavern_storage,energy,EL,0,gigawatt * hour,3086.446196954864,0.0,-0.0019847910200041508,-0.0019847910200041508
salt_cavern_storage,energy,ES,0,gigawatt * hour,6070.613572874737,0.0,-0.0019847910200041508,-0.0019847910200041508
salt_cavern_storage,energy,FI,0,gigawatt * hour,0.0,0.0,-0.0019847910200041508,-0.0019847910200041508
salt_cavern_storage,energy,FR,0,gigawatt * hour,2106.078706047425,0.0,-0.0019847910200041508,-0.0019847910200041508
salt_cavern_storage,energy,HR,0,gigawatt * hour,432.2880822744469,0.0,-0.0019847910200041508,-0.0019847910200041508
salt_cavern_storage,energy,HU,0,gigawatt * hour,86.03988950514406,0.0,-0.0019847910200041508,-0.0019847910200041508
salt_cavern_storage,energy,IE,0,gigawatt * hour,120.59668659968189,0.0,-0.0019847910200041508,-0.0019847910200041508
salt_cavern_storage,energy,IT,0,gigawatt * hour,11488.236588262527,0.0,-0.0019847910200041508,-0.0019847910200041508
salt_cavern_storage,energy,LT,0,gigawatt * hour,70.16043569793605,0.0,-0.0019847910200041508,-0.0019847910200041508
salt_cavern_storage,energy,LU,0,gigawatt * hour,6.0192929077533375,0.0,-0.0019847910200041508,-0.0019847910200041508
salt_cavern_storage,energy,LV,0,gigawatt * hour,121.99662248045968,0.0,-0.0019847910200041508,-0.0019847910200041508
salt_cavern_storage,energy,NL,0,gigawatt * hour,250.13905771313648,0.0,-0.0019847910200041508,-0.0019847910200041508
salt_cavern_storage,energy,NO,0,gigawatt * hour,77.72121912213659,0.0,-0.0019847910200041508,-0.0019847910200041508
salt_cavern_storage,energy,PL,0,gigawatt * hour,336.2081249529562,0.0,-0.0019847910200041508,-0.0019847910200041508
salt_cavern_storage,energy,PT,0,gigawatt * hour,465.210352587618,0.0,-0.0019847910200041508,-0.0019847910200041508
salt_cavern_storage,energy,RO,0,gigawatt * hour,844.5953506688138,0.0,-0.0019847910200041508,-0.0019847910200041508
salt_cavern_storage,energy,SE,0,gigawatt * hour,796.1313858485408,0.0,-0.0019847910200041508,-0.0019847910200041508
salt_cavern_storage,energy,SI,0,gigawatt * hour,32.41773216505732,0.0,-0.0019847910200041508,-0.0019847910200041508
salt_cavern_storage,energy,SK,0,gigawatt * hour,4.665815846878777,0.0,-0.0019847910200041508,-0.0019847910200041508
salt_cavern_storage,energy,UK,0,gigawatt * hour,393.36520186963617,0.0,-0.0019847910200041508,-0.0019847910200041508
salt_cavern_storage,power,AT,0,gigawatt,5.7220846349577315,0.0,-0.001984791020004253,-0.001984791020004253
salt_cavern_storage,power,BE,0,gigawatt,4.371702503114428,0.0,-0.001984791020004253,-0.001984791020004253
salt_cavern_storage,power,BG,0,gigawatt,3.921142628235663,0.0,-0.001984791020004253,-0.001984791020004253
salt_cavern_storage,power,CH,0,gigawatt,0.21389473239591017,0.0,-0.001984791020004253,-0.001984791020004253
salt_cavern_storage,power,CZ,0,gigawatt,0.3565655078719726,0.0,-0.001984791020004253,-0.001984791020004253
salt_cavern_storage,power,DE,0,gigawatt,7.616462789334287,0.0,-0.001984791020004253,-0.001984791020004253
salt_cavern_storage,power,DK,0,gigawatt,1.2051711846447097,0.0,-0.001984791020004253,-0.001984791020004253
salt_cavern_storage,power,EE,0,gigawatt,0.5244449243849342,0.0,-0.001984791020004253,-0.001984791020004253
salt_cavern_storage,power,EL,0,gigawatt,8.112503399607572,0.0,-0.001984791020004253,-0.001984791020004253
salt_cavern_storage,power,ES,0,gigawatt,40.382178893101475,0.0,-0.001984791020004253,-0.001984791020004253
salt_cavern_storage,power,FI,0,gigawatt,0.0,0.0,-0.001984791020004253,-0.001984791020004253
salt_cavern_storage,power,FR,0,gigawatt,19.165465721011273,0.0,-0.001984791020004253,-0.001984791020004253
salt_cavern_storage,power,HR,0,gigawatt,2.9488507144024,0.0,-0.001984791020004253,-0.001984791020004253
salt_cavern_storage,power,HU,0,gigawatt,0.8538264291752344,0.0,-0.001984791020004253,-0.001984791020004253
salt_cavern_storage,power,IE,0,gigawatt,1.5836622898688153,0.0,-0.001984791020004253,-0.001984791020004253
salt_cavern_storage,power,IT,0,gigawatt,72.60426340719017,0.0,-0.001984791020004253,-0.001984791020004253
salt_cavern_storage,power,LT,0,gigawatt,0.3890403501489048,0.0,-0.001984791020004253,-0.001984791020004253
salt_cavern_storage,power,LU,0,gigawatt,0.1307593440551048,0.0,-0.001984791020004253,-0.001984791020004253
salt_cavern_storage,power,LV,0,gigawatt,0.4010823426789442,0.0,-0.001984791020004253,-0.001984791020004253
salt_cavern_storage,power,NL,0,gigawatt,2.3459263729916415,0.0,-0.001984791020004253,-0.001984791020004253
salt_cavern_storage,power,NO,0,gigawatt,1.4171334234742572,0.0,-0.001984791020004253,-0.001984791020004253
salt_cavern_storage,power,PL,0,gigawatt,7.536612240740308,0.0,-0.001984791020004253,-0.001984791020004253
salt_cavern_storage,power,PT,0,gigawatt,2.0791100452701583,0.0,-0.001984791020004253,-0.001984791020004253
salt_cavern_storage,power,RO,0,gigawatt,5.767647281796225,0.0,-0.001984791020004253,-0.001984791020004253
salt_cavern_storage,power,SE,0,gigawatt,4.451355632552262,0.0,-0.001984791020004253,-0.001984791020004253
salt_cavern_storage,power,SI,0,gigawatt,0.44298946829401675,0.0,-0.001984791020004253,-0.001984791020004253
salt_cavern_storage,power,SK,0,gigawatt,0.10969334384156323,0.0,-0.001984791020004253,-0.001984791020004253
salt_cavern_storage,power,UK,0,gigawatt,7.247664151702852,0.0,-0.001984791020004253,-0.001984791020004253
