set_technologies,set_capacity_types,set_location,set_time_steps_yearly,scaling,constraint_type,component_year,raw_dual,coefficient,discount_factor,contribution_to_rc
BEV,power,AT,0,0.08024258719069129,lifetime,0,-570.8942426451517,1.0,1.0,-7114.604135188945
BEV,power,BE,0,0.08024258719069129,lifetime,0,-574.0261894984183,1.0,1.0,-7153.6351156560095
BEV,power,BG,0,0.08024258719069129,lifetime,0,-594.8513475592645,1.0,1.0,-7413.162615826916
BEV,power,CH,0,0.08024258719069129,lifetime,0,-582.568462462567,1.0,1.0,-7260.090718138624
BEV,power,CZ,0,0.08024258719069129,lifetime,0,-585.6979795690257,1.0,1.0,-7299.091418589889
BEV,power,DE,0,0.08024258719069129,lifetime,0,-576.7588422116734,1.0,1.0,-7187.690008561707
BEV,power,DK,0,0.08024258719069129,lifetime,0,-583.1348187240144,1.0,1.0,-7267.148768997596
BEV,power,EE,0,0.08024258719069129,lifetime,0,-553.7805399463992,1.0,1.0,-6901.329572417398
BEV,power,EL,0,0.08024258719069129,lifetime,0,-566.5364991847443,1.0,1.0,-7060.29701956652
BEV,power,ES,0,0.08024258719069129,lifetime,0,-569.7198423446981,1.0,1.0,-7099.96851161835
BEV,power,FI,0,0.08024258719069129,lifetime,0,-572.2759868320383,1.0,1.0,-7131.823721885507
BEV,power,FR,0,0.08024258719069129,lifetime,0,-575.2985025695051,1.0,1.0,-7169.490948769457
BEV,power,HR,0,0.08024258719069129,lifetime,0,-577.1793396390038,1.0,1.0,-7192.930335949596
BEV,power,HU,0,0.08024258719069129,lifetime,0,-592.4271799127206,1.0,1.0,-7382.952128710107
BEV,power,IE,0,0.08024258719069129,lifetime,0,-565.0301344456503,1.0,1.0,-7041.524385335346
BEV,power,IT,0,0.08024258719069129,lifetime,0,-576.7913770501779,1.0,1.0,-7188.095464562611
BEV,power,LT,0,0.08024258719069129,lifetime,0,-591.2811585013023,1.0,1.0,-7368.670168823958
BEV,power,LU,0,0.08024258719069129,lifetime,0,-564.9008724129621,1.0,1.0,-7039.9134946946815
BEV,power,LV,0,0.08024258719069129,lifetime,0,-580.8638261534655,1.0,1.0,-7238.84718189707
BEV,power,NL,0,0.08024258719069129,lifetime,0,-563.2035669511125,1.0,1.0,-7018.761317013569
BEV,power,NO,0,0.08024258719069129,lifetime,0,-594.1437326843819,1.0,1.0,-7404.344170414621
BEV,power,PL,0,0.08024258719069129,lifetime,0,-577.5579043214678,1.0,1.0,-7197.64808865072
BEV,power,PT,0,0.08024258719069129,lifetime,0,-566.1825669224676,1.0,1.0,-7055.886241267016
BEV,power,RO,0,0.08024258719069129,lifetime,0,-576.3362411640928,1.0,1.0,-7182.423465415781
BEV,power,SE,0,0.08024258719069129,lifetime,0,-583.3972827260726,1.0,1.0,-7270.419650598589
BEV,power,SI,0,0.08024258719069129,lifetime,0,-581.1426049060422,1.0,1.0,-7242.321381350711
BEV,power,SK,0,0.08024258719069129,lifetime,0,-584.464293849972,1.0,1.0,-7283.716967662454
BEV,power,UK,0,0.08024258719069129,lifetime,0,-578.7747184725057,1.0,1.0,-7212.812282548733
BF_BOF,power,AT,0,0.08024258719069129,lifetime,0,-0.0,1.0,1.0,-0.0
BF_BOF,power,BE,0,0.08024258719069129,lifetime,0,-53.05932206682547,1.0,1.0,-661.2364322293528
BF_BOF,power,BG,0,0.08024258719069129,lifetime,0,-0.0,1.0,1.0,-0.0
BF_BOF,power,CH,0,0.08024258719069129,lifetime,0,-0.0,1.0,1.0,-0.0
BF_BOF,power,CZ,0,0.08024258719069129,lifetime,0,-2.482801741438152,1.0,1.0,-30.941197540626842
BF_BOF,power,DE,0,0.08024258719069129,lifetime,0,-0.0,1.0,1.0,-0.0
BF_BOF,power,DK,0,0.08024258719069129,lifetime,0,-0.0,1.0,1.0,-0.0
BF_BOF,power,EE,0,0.08024258719069129,lifetime,0,-0.0,1.0,1.0,-0.0
BF_BOF,power,EL,0,0.08024258719069129,lifetime,0,-93.24761265548926,1.0,1.0,-1162.0713628524013
BF_BOF,power,ES,0,0.08024258719069129,lifetime,0,-6.112886602119147,1.0,1.0,-76.18007863570338
BF_BOF,power,FI,0,0.08024258719069129,lifetime,0,-60.362154495550925,1.0,1.0,-752.2458660524516
BF_BOF,power,FR,0,0.08024258719069129,lifetime,0,-0.0,1.0,1.0,-0.0
BF_BOF,power,HR,0,0.08024258719069129,lifetime,0,-0.0,1.0,1.0,-0.0
BF_BOF,power,HU,0,0.08024258719069129,lifetime,0,-0.0,1.0,1.0,-0.0
BF_BOF,power,IE,0,0.08024258719069129,lifetime,0,-0.0,1.0,1.0,-0.0
BF_BOF,power,IT,0,0.08024258719069129,lifetime,0,-0.0,1.0,1.0,-0.0
BF_BOF,power,LT,0,0.08024258719069129,lifetime,0,-0.0,1.0,1.0,-0.0
BF_BOF,power,LU,0,0.08024258719069129,lifetime,0,-0.0,1.0,1.0,-0.0
BF_BOF,power,LV,0,0.08024258719069129,lifetime,0,-0.0,1.0,1.0,-0.0
BF_BOF,power,NL,0,0.08024258719069129,lifetime,0,-0.0,1.0,1.0,-0.0
BF_BOF,power,NO,0,0.08024258719069129,lifetime,0,-102.7440091447342,1.0,1.0,-1280.4174533975302
BF_BOF,power,PL,0,0.08024258719069129,lifetime,0,-0.0,1.0,1.0,-0.0
BF_BOF,power,PT,0,0.08024258719069129,lifetime,0,-107.07124883361587,1.0,1.0,-1334.3444246029608
BF_BOF,power,RO,0,0.08024258719069129,lifetime,0,-0.0,1.0,1.0,-0.0
BF_BOF,power,SE,0,0.08024258719069129,lifetime,0,-0.0,1.0,1.0,-0.0
BF_BOF,power,SI,0,0.08024258719069129,lifetime,0,-0.0,1.0,1.0,-0.0
BF_BOF,power,SK,0,0.08024258719069129,lifetime,0,-4.665439043953427,1.0,1.0,-58.14168270604629
BF_BOF,power,UK,0,0.08024258719069129,lifetime,0,-0.0,1.0,1.0,-0.0
DAC,power,AT,0,0.08024258719069129,lifetime,0,-301.73743468661405,1.0,1.0,-3760.3153792830067
DAC,power,BE,0,0.08024258719069129,lifetime,0,-355.5169602117302,1.0,1.0,-4430.527138499003
DAC,power,BG,0,0.08024258719069129,lifetime,0,-337.98146201830775,1.0,1.0,-4211.9960715513425
DAC,power,CH,0,0.08024258719069129,lifetime,0,-280.55376970851705,1.0,1.0,-3496.320090500064
DAC,power,CZ,0,0.08024258719069129,lifetime,0,-415.2852523271637,1.0,1.0,-5175.3721666559095
DAC,power,DE,0,0.08024258719069129,lifetime,0,-319.0808342176804,1.0,1.0,-3976.452472293865
DAC,power,DK,0,0.08024258719069129,lifetime,0,-723.9212195918301,1.0,1.0,-9021.65850998147
DAC,power,EE,0,0.08024258719069129,lifetime,0,-609.8295867851975,1.0,1.0,-7599.824583621378
DAC,power,EL,0,0.08024258719069129,lifetime,0,-161.153158299806,1.0,1.0,-2008.3245560968267
DAC,power,ES,0,0.08024258719069129,lifetime,0,-334.43608374685,1.0,1.0,-4167.812821788565
DAC,power,FI,0,0.08024258719069129,lifetime,0,-610.1812457872873,1.0,1.0,-7604.207032074268
DAC,power,FR,0,0.08024258719069129,lifetime,0,-593.9186320417516,1.0,1.0,-7401.53891885792
DAC,power,HR,0,0.08024258719069129,lifetime,0,-439.3739411368657,1.0,1.0,-5475.570473478405
DAC,power,HU,0,0.08024258719069129,lifetime,0,-132.61792039661637,1.0,1.0,-1652.7124191728578
DAC,power,IE,0,0.08024258719069129,lifetime,0,-666.2751072475074,1.0,1.0,-8303.26053251683
DAC,power,IT,0,0.08024258719069129,lifetime,0,-336.09035351669127,1.0,1.0,-4188.428679623632
DAC,power,LT,0,0.08024258719069129,lifetime,0,-700.2911610120517,1.0,1.0,-8727.17574955373
DAC,power,LU,0,0.08024258719069129,lifetime,0,-404.79289659974546,1.0,1.0,-5044.614222592069
DAC,power,LV,0,0.08024258719069129,lifetime,0,-712.1885824110352,1.0,1.0,-8875.443917561699
DAC,power,NL,0,0.08024258719069129,lifetime,0,-152.59467401225007,1.0,1.0,-1901.6669246919812
DAC,power,NO,0,0.08024258719069129,lifetime,0,-720.6809943699566,1.0,1.0,-8981.27814170928
DAC,power,PL,0,0.08024258719069129,lifetime,0,-349.76982765999446,1.0,1.0,-4358.9051637728135
DAC,power,PT,0,0.08024258719069129,lifetime,0,-288.1669015462577,1.0,1.0,-3591.196540827476
DAC,power,RO,0,0.08024258719069129,lifetime,0,-401.8023981148979,1.0,1.0,-5007.346001444852
DAC,power,SE,0,0.08024258719069129,lifetime,0,-865.2080157191597,1.0,1.0,-10782.404281943815
DAC,power,SI,0,0.08024258719069129,lifetime,0,-430.81383450259364,1.0,1.0,-5368.892624047535
DAC,power,SK,0,0.08024258719069129,lifetime,0,-465.5969506110415,1.0,1.0,-5802.367133360003
DAC,power,UK,0,0.08024258719069129,lifetime,0,-635.9143833200169,1.0,1.0,-7924.898804780655
EAF,power,AT,0,0.08024258719069129,lifetime,0,-148.2212676249116,1.0,1.0,-1847.1646143795615
EAF,power,BE,0,0.08024258719069129,lifetime,0,-148.2212676249116,1.0,1.0,-1847.1646143795615
EAF,power,BG,0,0.08024258719069129,lifetime,0,-148.2212676249116,1.0,1.0,-1847.1646143795615
EAF,power,CH,0,0.08024258719069129,lifetime,0,-0.0,1.0,1.0,-0.0
EAF,power,CZ,0,0.08024258719069129,lifetime,0,-148.2212676249116,1.0,1.0,-1847.1646143795615
EAF,power,DE,0,0.08024258719069129,lifetime,0,-148.2212676249116,1.0,1.0,-1847.1646143795615
EAF,power,DK,0,0.08024258719069129,lifetime,0,-0.0,1.0,1.0,-0.0
EAF,power,EE,0,0.08024258719069129,lifetime,0,-0.0,1.0,1.0,-0.0
EAF,power,EL,0,0.08024258719069129,lifetime,0,-148.2212676249116,1.0,1.0,-1847.1646143795615
EAF,power,ES,0,0.08024258719069129,lifetime,0,-148.2212676249116,1.0,1.0,-1847.1646143795615
EAF,power,FI,0,0.08024258719069129,lifetime,0,-148.2212676249116,1.0,1.0,-1847.1646143795615
EAF,power,FR,0,0.08024258719069129,lifetime,0,-148.2212676249116,1.0,1.0,-1847.1646143795615
EAF,power,HR,0,0.08024258719069129,lifetime,0,-148.2212676249116,1.0,1.0,-1847.1646143795615
EAF,power,HU,0,0.08024258719069129,lifetime,0,-148.2212676249116,1.0,1.0,-1847.1646143795615
EAF,power,IE,0,0.08024258719069129,lifetime,0,-0.0,1.0,1.0,-0.0
EAF,power,IT,0,0.08024258719069129,lifetime,0,-148.2212676249116,1.0,1.0,-1847.1646143795615
EAF,power,LT,0,0.08024258719069129,lifetime,0,-0.0,1.0,1.0,-0.0
EAF,power,LU,0,0.08024258719069129,lifetime,0,-148.2212676249116,1.0,1.0,-1847.1646143795615
EAF,power,LV,0,0.08024258719069129,lifetime,0,-0.0,1.0,1.0,-0.0
EAF,power,NL,0,0.08024258719069129,lifetime,0,-148.2212676249116,1.0,1.0,-1847.1646143795615
EAF,power,NO,0,0.08024258719069129,lifetime,0,-148.2212676249116,1.0,1.0,-1847.1646143795615
EAF,power,PL,0,0.08024258719069129,lifetime,0,-148.2212676249116,1.0,1.0,-1847.1646143795615
EAF,power,PT,0,0.08024258719069129,lifetime,0,-148.2212676249116,1.0,1.0,-1847.1646143795615
EAF,power,RO,0,0.08024258719069129,lifetime,0,-148.2212676249116,1.0,1.0,-1847.1646143795615
EAF,power,SE,0,0.08024258719069129,lifetime,0,-148.2212676249116,1.0,1.0,-1847.1646143795615
EAF,power,SI,0,0.08024258719069129,lifetime,0,-148.2212676249116,1.0,1.0,-1847.1646143795615
EAF,power,SK,0,0.08024258719069129,lifetime,0,-148.2212676249116,1.0,1.0,-1847.1646143795615
EAF,power,UK,0,0.08024258719069129,lifetime,0,-148.2212676249116,1.0,1.0,-1847.1646143795615
H2_DRI,power,AT,0,0.08024258719069129,lifetime,0,-276.3162188126025,1.0,1.0,-3443.510839897958
H2_DRI,power,BE,0,0.08024258719069129,lifetime,0,-323.8112430556608,1.0,1.0,-4035.403822238987
H2_DRI,power,BG,0,0.08024258719069129,lifetime,0,-272.64931007907643,1.0,1.0,-3397.8130519538595
H2_DRI,power,CH,0,0.08024258719069129,lifetime,0,-0.0,1.0,1.0,-0.0
H2_DRI,power,CZ,0,0.08024258719069129,lifetime,0,-295.3960410975616,1.0,1.0,-3681.2875985114
H2_DRI,power,DE,0,0.08024258719069129,lifetime,0,-288.50924470164614,1.0,1.0,-3595.4628932392557
H2_DRI,power,DK,0,0.08024258719069129,lifetime,0,-0.0,1.0,1.0,-0.0
H2_DRI,power,EE,0,0.08024258719069129,lifetime,0,-0.0,1.0,1.0,-0.0
H2_DRI,power,EL,0,0.08024258719069129,lifetime,0,-329.1465234546986,1.0,1.0,-4101.8932088082265
H2_DRI,power,ES,0,0.08024258719069129,lifetime,0,-311.1066857543383,1.0,1.0,-3877.0769568410537
H2_DRI,power,FI,0,0.08024258719069129,lifetime,0,-253.2953159105358,1.0,1.0,-3156.6195056572137
H2_DRI,power,FR,0,0.08024258719069129,lifetime,0,-333.49785215605107,1.0,1.0,-4156.120382354013
H2_DRI,power,HR,0,0.08024258719069129,lifetime,0,-253.15300879639082,1.0,1.0,-3154.8460444674993
H2_DRI,power,HU,0,0.08024258719069129,lifetime,0,-274.0090593619393,1.0,1.0,-3414.7585335300146
H2_DRI,power,IE,0,0.08024258719069129,lifetime,0,-0.0,1.0,1.0,-0.0
H2_DRI,power,IT,0,0.08024258719069129,lifetime,0,-293.47234736011967,1.0,1.0,-3657.3141225207723
H2_DRI,power,LT,0,0.08024258719069129,lifetime,0,-0.0,1.0,1.0,-0.0
H2_DRI,power,LU,0,0.08024258719069129,lifetime,0,-288.8672069070668,1.0,1.0,-3599.9238935378876
H2_DRI,power,LV,0,0.08024258719069129,lifetime,0,-0.0,1.0,1.0,-0.0
H2_DRI,power,NL,0,0.08024258719069129,lifetime,0,-272.8473861026815,1.0,1.0,-3400.28151702384
H2_DRI,power,NO,0,0.08024258719069129,lifetime,0,-303.96097910909424,1.0,1.0,-3788.0256575819367
H2_DRI,power,PL,0,0.08024258719069129,lifetime,0,-309.69360186906016,1.0,1.0,-3859.466808231064
H2_DRI,power,PT,0,0.08024258719069129,lifetime,0,-333.49785215605107,1.0,1.0,-4156.120382354013
H2_DRI,power,RO,0,0.08024258719069129,lifetime,0,-194.8706578945292,1.0,1.0,-2428.519128270774
H2_DRI,power,SE,0,0.08024258719069129,lifetime,0,-215.5003064938439,1.0,1.0,-2685.6101484081196
H2_DRI,power,SI,0,0.08024258719069129,lifetime,0,-281.1021675743569,1.0,1.0,-3503.15434005556
H2_DRI,power,SK,0,0.08024258719069129,lifetime,0,-271.92448246721943,1.0,1.0,-3388.780097792817
H2_DRI,power,UK,0,0.08024258719069129,lifetime,0,-179.91978957127324,1.0,1.0,-2242.1982624227403
HDT_BET,power,AT,0,0.08024258719069129,lifetime,0,-13.303926589704053,1.0,1.0,-165.79633154260264
HDT_BET,power,BE,0,0.08024258719069129,lifetime,0,-16.754759320670686,1.0,1.0,-208.80133489283054
HDT_BET,power,BG,0,0.08024258719069129,lifetime,0,-19.646355416243427,1.0,1.0,-244.83701366152542
HDT_BET,power,CH,0,0.08024258719069129,lifetime,0,-20.797983184011173,1.0,1.0,-259.18884113975685
HDT_BET,power,CZ,0,0.08024258719069129,lifetime,0,-20.797983184011173,1.0,1.0,-259.18884113975685
HDT_BET,power,DE,0,0.08024258719069129,lifetime,0,-15.810542161102568,1.0,1.0,-197.034302041257
HDT_BET,power,DK,0,0.08024258719069129,lifetime,0,-20.797983184011173,1.0,1.0,-259.18884113975685
HDT_BET,power,EE,0,0.08024258719069129,lifetime,0,-20.797983184011173,1.0,1.0,-259.18884113975685
HDT_BET,power,EL,0,0.08024258719069129,lifetime,0,-20.797983184011173,1.0,1.0,-259.18884113975685
HDT_BET,power,ES,0,0.08024258719069129,lifetime,0,-20.797983184011173,1.0,1.0,-259.18884113975685
HDT_BET,power,FI,0,0.08024258719069129,lifetime,0,-20.797983184011173,1.0,1.0,-259.18884113975685
HDT_BET,power,FR,0,0.08024258719069129,lifetime,0,-20.797983184011173,1.0,1.0,-259.18884113975685
HDT_BET,power,HR,0,0.08024258719069129,lifetime,0,-20.797983184011173,1.0,1.0,-259.18884113975685
HDT_BET,power,HU,0,0.08024258719069129,lifetime,0,-20.797983184011173,1.0,1.0,-259.18884113975685
HDT_BET,power,IE,0,0.08024258719069129,lifetime,0,-20.797983184011173,1.0,1.0,-259.18884113975685
HDT_BET,power,IT,0,0.08024258719069129,lifetime,0,-15.597471929263842,1.0,1.0,-194.37897599434905
HDT_BET,power,LT,0,0.08024258719069129,lifetime,0,-20.797983184011173,1.0,1.0,-259.18884113975685
HDT_BET,power,LU,0,0.08024258719069129,lifetime,0,-18.17791772739388,1.0,1.0,-226.53703430816907
HDT_BET,power,LV,0,0.08024258719069129,lifetime,0,-20.797983184011173,1.0,1.0,-259.18884113975685
HDT_BET,power,NL,0,0.08024258719069129,lifetime,0,-20.797983184011173,1.0,1.0,-259.18884113975685
HDT_BET,power,NO,0,0.08024258719069129,lifetime,0,-20.797983184011173,1.0,1.0,-259.18884113975685
HDT_BET,power,PL,0,0.08024258719069129,lifetime,0,-20.797983184011173,1.0,1.0,-259.18884113975685
HDT_BET,power,PT,0,0.08024258719069129,lifetime,0,-20.797983184011173,1.0,1.0,-259.18884113975685
HDT_BET,power,RO,0,0.08024258719069129,lifetime,0,-19.911815416028027,1.0,1.0,-248.14523201637172
HDT_BET,power,SE,0,0.08024258719069129,lifetime,0,-20.797983184011173,1.0,1.0,-259.18884113975685
HDT_BET,power,SI,0,0.08024258719069129,lifetime,0,-18.597788964071952,1.0,1.0,-231.7695579764336
HDT_BET,power,SK,0,0.08024258719069129,lifetime,0,-20.797983184011173,1.0,1.0,-259.18884113975685
HDT_BET,power,UK,0,0.08024258719069129,lifetime,0,-20.797983184011173,1.0,1.0,-259.18884113975685
HDT_FCEV,power,AT,0,0.08024258719069129,lifetime,0,-23.814701716214973,1.0,1.0,-296.7838220323191
HDT_FCEV,power,BE,0,0.08024258719069129,lifetime,0,-23.814701716214973,1.0,1.0,-296.7838220323191
HDT_FCEV,power,BG,0,0.08024258719069129,lifetime,0,-23.814701716214973,1.0,1.0,-296.7838220323191
HDT_FCEV,power,CH,0,0.08024258719069129,lifetime,0,-23.814701716214973,1.0,1.0,-296.7838220323191
HDT_FCEV,power,CZ,0,0.08024258719069129,lifetime,0,-21.750223741034606,1.0,1.0,-271.05586325808036
HDT_FCEV,power,DE,0,0.08024258719069129,lifetime,0,-23.814701716214973,1.0,1.0,-296.7838220323191
HDT_FCEV,power,DK,0,0.08024258719069129,lifetime,0,-12.747836839002083,1.0,1.0,-158.86622410002408
HDT_FCEV,power,EE,0,0.08024258719069129,lifetime,0,-21.239708379537134,1.0,1.0,-264.693713440001
HDT_FCEV,power,EL,0,0.08024258719069129,lifetime,0,-23.814701716214973,1.0,1.0,-296.7838220323191
HDT_FCEV,power,ES,0,0.08024258719069129,lifetime,0,-23.814701716214973,1.0,1.0,-296.7838220323191
HDT_FCEV,power,FI,0,0.08024258719069129,lifetime,0,-19.02762493063466,1.0,1.0,-237.12626420452702
HDT_FCEV,power,FR,0,0.08024258719069129,lifetime,0,-20.162389387387034,1.0,1.0,-251.26793755381325
HDT_FCEV,power,HR,0,0.08024258719069129,lifetime,0,-23.814701716214973,1.0,1.0,-296.7838220323191
HDT_FCEV,power,HU,0,0.08024258719069129,lifetime,0,-23.012144514931517,1.0,1.0,-286.7821853780045
HDT_FCEV,power,IE,0,0.08024258719069129,lifetime,0,-21.558331462946178,1.0,1.0,-268.6644613254332
HDT_FCEV,power,IT,0,0.08024258719069129,lifetime,0,-23.814701716214973,1.0,1.0,-296.7838220323191
HDT_FCEV,power,LT,0,0.08024258719069129,lifetime,0,-22.365556870448852,1.0,1.0,-278.7242741475741
HDT_FCEV,power,LU,0,0.08024258719069129,lifetime,0,-23.814701716214973,1.0,1.0,-296.7838220323191
HDT_FCEV,power,LV,0,0.08024258719069129,lifetime,0,-18.225892588668817,1.0,1.0,-227.13490712053152
HDT_FCEV,power,NL,0,0.08024258719069129,lifetime,0,-19.643937459329837,1.0,1.0,-244.80688057386908
HDT_FCEV,power,NO,0,0.08024258719069129,lifetime,0,-16.382931349652935,1.0,1.0,-204.16753650676748
HDT_FCEV,power,PL,0,0.08024258719069129,lifetime,0,-23.814701716214973,1.0,1.0,-296.7838220323191
HDT_FCEV,power,PT,0,0.08024258719069129,lifetime,0,-22.728359520270928,1.0,1.0,-283.2455970824876
HDT_FCEV,power,RO,0,0.08024258719069129,lifetime,0,-23.814701716214973,1.0,1.0,-296.7838220323191
HDT_FCEV,power,SE,0,0.08024258719069129,lifetime,0,-19.425488452155285,1.0,1.0,-242.08452309734076
HDT_FCEV,power,SI,0,0.08024258719069129,lifetime,0,-23.814701716214973,1.0,1.0,-296.7838220323191
HDT_FCEV,power,SK,0,0.08024258719069129,lifetime,0,-23.35713051288704,1.0,1.0,-291.08147344975725
HDT_FCEV,power,UK,0,0.08024258719069129,lifetime,0,-17.848873967881225,1.0,1.0,-222.43642176522224
HDT_diesel,power,AT,0,0.08024258719069129,lifetime,0,-0.0,1.0,1.0,-0.0
HDT_diesel,power,BE,0,0.08024258719069129,lifetime,0,-0.0,1.0,1.0,-0.0
HDT_diesel,power,BG,0,0.08024258719069129,lifetime,0,-0.0,1.0,1.0,-0.0
HDT_diesel,power,CH,0,0.08024258719069129,lifetime,0,-0.14446056760108336,1.0,1.0,-1.8002979796474188
HDT_diesel,power,CZ,0,0.08024258719069129,lifetime,0,-0.0,1.0,1.0,-0.0
HDT_diesel,power,DE,0,0.08024258719069129,lifetime,0,-0.0,1.0,1.0,-0.0
HDT_diesel,power,DK,0,0.08024258719069129,lifetime,0,-0.0,1.0,1.0,-0.0
HDT_diesel,power,EE,0,0.08024258719069129,lifetime,0,-0.0,1.0,1.0,-0.0
HDT_diesel,power,EL,0,0.08024258719069129,lifetime,0,-0.0,1.0,1.0,-0.0
HDT_diesel,power,ES,0,0.08024258719069129,lifetime,0,-0.0,1.0,1.0,-0.0
HDT_diesel,power,FI,0,0.08024258719069129,lifetime,0,-0.0018270732769931908,1.0,1.0,-0.02276937148912298
HDT_diesel,power,FR,0,0.08024258719069129,lifetime,0,-0.0,1.0,1.0,-0.0
HDT_diesel,power,HR,0,0.08024258719069129,lifetime,0,-0.0,1.0,1.0,-0.0
HDT_diesel,power,HU,0,0.08024258719069129,lifetime,0,-0.0,1.0,1.0,-0.0
HDT_diesel,power,IE,0,0.08024258719069129,lifetime,0,-0.0,1.0,1.0,-0.0
HDT_diesel,power,IT,0,0.08024258719069129,lifetime,0,-0.0,1.0,1.0,-0.0
HDT_diesel,power,LT,0,0.08024258719069129,lifetime,0,-0.0,1.0,1.0,-0.0
HDT_diesel,power,LU,0,0.08024258719069129,lifetime,0,-0.0,1.0,1.0,-0.0
HDT_diesel,power,LV,0,0.08024258719069129,lifetime,0,-0.0,1.0,1.0,-0.0
HDT_diesel,power,NL,0,0.08024258719069129,lifetime,0,-0.0,1.0,1.0,-0.0
HDT_diesel,power,NO,0,0.08024258719069129,lifetime,0,-0.0,1.0,1.0,-0.0
HDT_diesel,power,PL,0,0.08024258719069129,lifetime,0,-0.0,1.0,1.0,-0.0
HDT_diesel,power,PT,0,0.08024258719069129,lifetime,0,-0.0,1.0,1.0,-0.0
HDT_diesel,power,RO,0,0.08024258719069129,lifetime,0,-0.0,1.0,1.0,-0.0
HDT_diesel,power,SE,0,0.08024258719069129,lifetime,0,-0.0,1.0,1.0,-0.0
HDT_diesel,power,SI,0,0.08024258719069129,lifetime,0,-0.0,1.0,1.0,-0.0
HDT_diesel,power,SK,0,0.08024258719069129,lifetime,0,-0.9894711520612496,1.0,1.0,-12.330997624862665
HDT_diesel,power,UK,0,0.08024258719069129,lifetime,0,-0.0,1.0,1.0,-0.0
ICE_diesel,power,AT,0,0.08024258719069129,lifetime,0,-415.7267943042702,1.0,1.0,-5180.874755649672
ICE_diesel,power,BE,0,0.08024258719069129,lifetime,0,-438.2306887762317,1.0,1.0,-5461.323022085579
ICE_diesel,power,BG,0,0.08024258719069129,lifetime,0,-459.27436316352504,1.0,1.0,-5723.57371867995
ICE_diesel,power,CH,0,0.08024258719069129,lifetime,0,-442.4240129324781,1.0,1.0,-5513.581109755176
ICE_diesel,power,CZ,0,0.08024258719069129,lifetime,0,-444.71880416511516,1.0,1.0,-5542.179280788515
ICE_diesel,power,DE,0,0.08024258719069129,lifetime,0,-456.6881545579385,1.0,1.0,-5691.343843047443
ICE_diesel,power,DK,0,0.08024258719069129,lifetime,0,-402.8956986949032,1.0,1.0,-5020.970943240499
ICE_diesel,power,EE,0,0.08024258719069129,lifetime,0,-376.211557812646,1.0,1.0,-4688.427566755839
ICE_diesel,power,EL,0,0.08024258719069129,lifetime,0,-406.62198420236894,1.0,1.0,-5067.408697030895
ICE_diesel,power,ES,0,0.08024258719069129,lifetime,0,-433.94593007503533,1.0,1.0,-5407.925457884241
ICE_diesel,power,FI,0,0.08024258719069129,lifetime,0,-425.2070949863742,1.0,1.0,-5299.020256860577
ICE_diesel,power,FR,0,0.08024258719069129,lifetime,0,-444.7089512807607,1.0,1.0,-5542.0564920712095
ICE_diesel,power,HR,0,0.08024258719069129,lifetime,0,-435.27291677806267,1.0,1.0,-5424.4626452991215
ICE_diesel,power,HU,0,0.08024258719069129,lifetime,0,-435.70690732757515,1.0,1.0,-5429.87112681382
ICE_diesel,power,IE,0,0.08024258719069129,lifetime,0,-366.0613103758153,1.0,1.0,-4561.933048169228
ICE_diesel,power,IT,0,0.08024258719069129,lifetime,0,-421.7042912118073,1.0,1.0,-5255.367579433281
ICE_diesel,power,LT,0,0.08024258719069129,lifetime,0,-439.038381668657,1.0,1.0,-5471.388660803157
ICE_diesel,power,LU,0,0.08024258719069129,lifetime,0,-447.6534608829939,1.0,1.0,-5578.751590089868
ICE_diesel,power,LV,0,0.08024258719069129,lifetime,0,-405.91123799539,1.0,1.0,-5058.551228299361
ICE_diesel,power,NL,0,0.08024258719069129,lifetime,0,-424.3806159825969,1.0,1.0,-5288.720501671812
ICE_diesel,power,NO,0,0.08024258719069129,lifetime,0,-455.5847968333408,1.0,1.0,-5677.593567000441
ICE_diesel,power,PL,0,0.08024258719069129,lifetime,0,-445.66936005565674,1.0,1.0,-5554.025308238784
ICE_diesel,power,PT,0,0.08024258719069129,lifetime,0,-427.142919231179,1.0,1.0,-5323.144905785523
ICE_diesel,power,RO,0,0.08024258719069129,lifetime,0,-416.59472994605056,1.0,1.0,-5191.691152181326
ICE_diesel,power,SE,0,0.08024258719069129,lifetime,0,-430.69965425122194,1.0,1.0,-5367.469685737977
ICE_diesel,power,SI,0,0.08024258719069129,lifetime,0,-418.54558259698774,1.0,1.0,-5216.003088264607
ICE_diesel,power,SK,0,0.08024258719069129,lifetime,0,-436.00280103767506,1.0,1.0,-5433.55861646812
ICE_diesel,power,UK,0,0.08024258719069129,lifetime,0,-412.03206783813965,1.0,1.0,-5134.830297270603
ICE_petrol,power,AT,0,0.08024258719069129,lifetime,0,-448.91757376510424,1.0,1.0,-5594.505230723442
ICE_petrol,power,BE,0,0.08024258719069129,lifetime,0,-424.37061749433417,1.0,1.0,-5288.595898407974
ICE_petrol,power,BG,0,0.08024258719069129,lifetime,0,-437.85145258606246,1.0,1.0,-5456.596900914186
ICE_petrol,power,CH,0,0.08024258719069129,lifetime,0,-455.65308931867355,1.0,1.0,-5678.444642317472
ICE_petrol,power,CZ,0,0.08024258719069129,lifetime,0,-444.1362904383373,1.0,1.0,-5534.919872197993
ICE_petrol,power,DE,0,0.08024258719069129,lifetime,0,-434.61047527537573,1.0,1.0,-5416.207159953009
ICE_petrol,power,DK,0,0.08024258719069129,lifetime,0,-412.4088428855853,1.0,1.0,-5139.525747163691
ICE_petrol,power,EE,0,0.08024258719069129,lifetime,0,-427.6677900183123,1.0,1.0,-5329.685955937433
ICE_petrol,power,EL,0,0.08024258719069129,lifetime,0,-431.24672172575464,1.0,1.0,-5374.287355677166
ICE_petrol,power,ES,0,0.08024258719069129,lifetime,0,-432.41394934096877,1.0,1.0,-5388.833591735585
ICE_petrol,power,FI,0,0.08024258719069129,lifetime,0,-444.1395963958272,1.0,1.0,-5534.961071735615
ICE_petrol,power,FR,0,0.08024258719069129,lifetime,0,-439.0711081694229,1.0,1.0,-5471.796505339478
ICE_petrol,power,HR,0,0.08024258719069129,lifetime,0,-444.1245291480487,1.0,1.0,-5534.773300524516
ICE_petrol,power,HU,0,0.08024258719069129,lifetime,0,-448.87556699137934,1.0,1.0,-5593.981733473471
ICE_petrol,power,IE,0,0.08024258719069129,lifetime,0,-396.78728560806354,1.0,1.0,-4944.846614493179
ICE_petrol,power,IT,0,0.08024258719069129,lifetime,0,-425.68088258637374,1.0,1.0,-5304.924697589458
ICE_petrol,power,LT,0,0.08024258719069129,lifetime,0,-456.98815937423865,1.0,1.0,-5695.082566171951
ICE_petrol,power,LU,0,0.08024258719069129,lifetime,0,-435.31813647064223,1.0,1.0,-5425.026182619673
ICE_petrol,power,LV,0,0.08024258719069129,lifetime,0,-454.5090207712457,1.0,1.0,-5664.187019433141
ICE_petrol,power,NL,0,0.08024258719069129,lifetime,0,-437.56523355168116,1.0,1.0,-5453.029979103688
ICE_petrol,power,NO,0,0.08024258719069129,lifetime,0,-441.10408404487254,1.0,1.0,-5497.131878320641
ICE_petrol,power,PL,0,0.08024258719069129,lifetime,0,-437.32947604073354,1.0,1.0,-5450.091919412425
ICE_petrol,power,PT,0,0.08024258719069129,lifetime,0,-425.3694479900001,1.0,1.0,-5301.043534141506
ICE_petrol,power,RO,0,0.08024258719069129,lifetime,0,-424.7296410421711,1.0,1.0,-5293.070125379043
ICE_petrol,power,SE,0,0.08024258719069129,lifetime,0,-433.9688547526712,1.0,1.0,-5408.211150038974
ICE_petrol,power,SI,0,0.08024258719069129,lifetime,0,-447.42772221151546,1.0,1.0,-5575.938387283459
ICE_petrol,power,SK,0,0.08024258719069129,lifetime,0,-440.36288654315314,1.0,1.0,-5487.894919148848
ICE_petrol,power,UK,0,0.08024258719069129,lifetime,0,-425.8005837387228,1.0,1.0,-5306.4164385282775
NG_DRI,power,AT,0,0.08024258719069129,lifetime,0,-333.49785215605107,1.0,1.0,-4156.120382354013
NG_DRI,power,BE,0,0.08024258719069129,lifetime,0,-333.49785215605107,1.0,1.0,-4156.120382354013
NG_DRI,power,BG,0,0.08024258719069129,lifetime,0,-333.49785215605107,1.0,1.0,-4156.120382354013
NG_DRI,power,CH,0,0.08024258719069129,lifetime,0,-0.0,1.0,1.0,-0.0
NG_DRI,power,CZ,0,0.08024258719069129,lifetime,0,-333.49785215605107,1.0,1.0,-4156.120382354013
NG_DRI,power,DE,0,0.08024258719069129,lifetime,0,-333.49785215605107,1.0,1.0,-4156.120382354013
NG_DRI,power,DK,0,0.08024258719069129,lifetime,0,-0.0,1.0,1.0,-0.0
NG_DRI,power,EE,0,0.08024258719069129,lifetime,0,-0.0,1.0,1.0,-0.0
NG_DRI,power,EL,0,0.08024258719069129,lifetime,0,-333.49785215605107,1.0,1.0,-4156.120382354013
NG_DRI,power,ES,0,0.08024258719069129,lifetime,0,-333.49785215605107,1.0,1.0,-4156.120382354013
NG_DRI,power,FI,0,0.08024258719069129,lifetime,0,-333.49785215605107,1.0,1.0,-4156.120382354013
NG_DRI,power,FR,0,0.08024258719069129,lifetime,0,-333.49785215605107,1.0,1.0,-4156.120382354013
NG_DRI,power,HR,0,0.08024258719069129,lifetime,0,-333.49785215605107,1.0,1.0,-4156.120382354013
NG_DRI,power,HU,0,0.08024258719069129,lifetime,0,-333.49785215605107,1.0,1.0,-4156.120382354013
NG_DRI,power,IE,0,0.08024258719069129,lifetime,0,-0.0,1.0,1.0,-0.0
NG_DRI,power,IT,0,0.08024258719069129,lifetime,0,-333.49785215605107,1.0,1.0,-4156.120382354013
NG_DRI,power,LT,0,0.08024258719069129,lifetime,0,-0.0,1.0,1.0,-0.0
NG_DRI,power,LU,0,0.08024258719069129,lifetime,0,-333.49785215605107,1.0,1.0,-4156.120382354013
NG_DRI,power,LV,0,0.08024258719069129,lifetime,0,-0.0,1.0,1.0,-0.0
NG_DRI,power,NL,0,0.08024258719069129,lifetime,0,-333.49785215605107,1.0,1.0,-4156.120382354013
NG_DRI,power,NO,0,0.08024258719069129,lifetime,0,-333.49785215605107,1.0,1.0,-4156.120382354013
NG_DRI,power,PL,0,0.08024258719069129,lifetime,0,-333.49785215605107,1.0,1.0,-4156.120382354013
NG_DRI,power,PT,0,0.08024258719069129,lifetime,0,-333.49785215605107,1.0,1.0,-4156.120382354013
NG_DRI,power,RO,0,0.08024258719069129,lifetime,0,-333.49785215605107,1.0,1.0,-4156.120382354013
NG_DRI,power,SE,0,0.08024258719069129,lifetime,0,-333.49785215605107,1.0,1.0,-4156.120382354013
NG_DRI,power,SI,0,0.08024258719069129,lifetime,0,-333.49785215605107,1.0,1.0,-4156.120382354013
NG_DRI,power,SK,0,0.08024258719069129,lifetime,0,-333.49785215605107,1.0,1.0,-4156.120382354013
NG_DRI,power,UK,0,0.08024258719069129,lifetime,0,-333.49785215605107,1.0,1.0,-4156.120382354013
SMR,power,AT,0,0.06505143508027657,lifetime,0,-5.106111015975941,1.0,1.0,-78.49344153091714
SMR,power,BE,0,0.06505143508027657,lifetime,0,-13.082553396978138,1.0,1.0,-201.11091140162617
SMR,power,BG,0,0.06505143508027657,lifetime,0,-8.299294964090755,1.0,1.0,-127.58050539314053
SMR,power,CH,0,0.06505143508027657,lifetime,0,-10.534567545240428,1.0,1.0,-161.94212367859788
SMR,power,CZ,0,0.06505143508027657,lifetime,0,1.8624131020414278,1.0,1.0,28.629854202956807
SMR,power,DE,0,0.06505143508027657,lifetime,0,-15.787120914490846,1.0,1.0,-242.68674311348838
SMR,power,DK,0,0.06505143508027657,lifetime,0,-9.158539907697207,1.0,1.0,-140.7892062088274
SMR,power,EE,0,0.06505143508027657,lifetime,0,-13.944295964573467,1.0,1.0,-214.35800681976565
SMR,power,EL,0,0.06505143508027657,lifetime,0,-15.106657845614048,1.0,1.0,-232.2263579115774
SMR,power,ES,0,0.06505143508027657,lifetime,0,-4.257406362548945,1.0,1.0,-65.44677080982308
SMR,power,FI,0,0.06505143508027657,lifetime,0,-6.316144531454892,1.0,1.0,-97.0946224885042
SMR,power,FR,0,0.06505143508027657,lifetime,0,-20.868164790440794,1.0,1.0,-320.79484126197195
SMR,power,HR,0,0.06505143508027657,lifetime,0,-10.771736387044971,1.0,1.0,-165.58799008434073
SMR,power,HU,0,0.06505143508027657,lifetime,0,-20.868164790440794,1.0,1.0,-320.79484126197195
SMR,power,IE,0,0.06505143508027657,lifetime,0,-9.815520872580382,1.0,1.0,-150.88861391708826
SMR,power,IT,0,0.06505143508027657,lifetime,0,-13.042839805221956,1.0,1.0,-200.50041615725266
SMR,power,LT,0,0.06505143508027657,lifetime,0,-15.105991501949681,1.0,1.0,-232.21611457622984
SMR,power,LU,0,0.06505143508027657,lifetime,0,-4.391277499559827,1.0,1.0,-67.50469830743597
SMR,power,LV,0,0.06505143508027657,lifetime,0,-14.922413072818593,1.0,1.0,-229.3940641648201
SMR,power,NL,0,0.06505143508027657,lifetime,0,-15.905201846162878,1.0,1.0,-244.5019364528254
SMR,power,NO,0,0.06505143508027657,lifetime,0,-20.868164790440794,1.0,1.0,-320.79484126197195
SMR,power,PL,0,0.06505143508027657,lifetime,0,-8.61645474161468,1.0,1.0,-132.45602854082412
SMR,power,PT,0,0.06505143508027657,lifetime,0,-2.424517643233319,1.0,1.0,-37.2707787344176
SMR,power,RO,0,0.06505143508027657,lifetime,0,-20.868164790440794,1.0,1.0,-320.79484126197195
SMR,power,SE,0,0.06505143508027657,lifetime,0,-20.868164790440794,1.0,1.0,-320.79484126197195
SMR,power,SI,0,0.06505143508027657,lifetime,0,-4.305599354169248,1.0,1.0,-66.18761521334515
SMR,power,SK,0,0.06505143508027657,lifetime,0,-20.868164790440794,1.0,1.0,-320.79484126197195
SMR,power,UK,0,0.06505143508027657,lifetime,0,-20.868164790440794,1.0,1.0,-320.79484126197195
ammonia_ICE_ship,power,AT,0,0.06505143508027657,lifetime,0,-26.043300178367375,1.0,1.0,-400.34935657036164
ammonia_ICE_ship,power,BE,0,0.06505143508027657,lifetime,0,-20.4902552109479,1.0,1.0,-314.9854447586275
ammonia_ICE_ship,power,BG,0,0.06505143508027657,lifetime,0,-13.740272589932765,1.0,1.0,-211.2216674847621
ammonia_ICE_ship,power,CH,0,0.06505143508027657,lifetime,0,-39.03086104816594,1.0,1.0,-600.0
ammonia_ICE_ship,power,CZ,0,0.06505143508027657,lifetime,0,-24.50046940977782,1.0,1.0,-376.6322661374507
ammonia_ICE_ship,power,DE,0,0.06505143508027657,lifetime,0,-24.06655522575395,1.0,1.0,-369.96194159367394
ammonia_ICE_ship,power,DK,0,0.06505143508027657,lifetime,0,15.421316847450482,1.0,1.0,237.06343800747584
ammonia_ICE_ship,power,EE,0,0.06505143508027657,lifetime,0,24.82621369481958,1.0,1.0,381.6397542065421
ammonia_ICE_ship,power,EL,0,0.06505143508027657,lifetime,0,-13.457073140874346,1.0,1.0,-206.86819782327134
ammonia_ICE_ship,power,ES,0,0.06505143508027657,lifetime,0,-2.2117914775233274,1.0,1.0,-34.00065616990419
ammonia_ICE_ship,power,FI,0,0.06505143508027657,lifetime,0,3.202252670181931,1.0,1.0,49.22647234807654
ammonia_ICE_ship,power,FR,0,0.06505143508027657,lifetime,0,1.5414804594603204,1.0,1.0,23.696332871950638
ammonia_ICE_ship,power,HR,0,0.06505143508027657,lifetime,0,-13.653930415474619,1.0,1.0,-209.89437663634968
ammonia_ICE_ship,power,HU,0,0.06505143508027657,lifetime,0,-6.981315744209649,1.0,1.0,-107.31993438106896
ammonia_ICE_ship,power,IE,0,0.06505143508027657,lifetime,0,-8.500872934690683,1.0,1.0,-130.67925287428633
ammonia_ICE_ship,power,IT,0,0.06505143508027657,lifetime,0,-18.40646054347647,1.0,1.0,-282.95241328284334
ammonia_ICE_ship,power,LT,0,0.06505143508027657,lifetime,0,-2.5326038410622864,1.0,1.0,-38.93232851722537
ammonia_ICE_ship,power,LU,0,0.06505143508027657,lifetime,0,-29.63344603228235,1.0,1.0,-455.5386978890361
ammonia_ICE_ship,power,LV,0,0.06505143508027657,lifetime,0,18.80696903284334,1.0,1.0,289.1092104214864
ammonia_ICE_ship,power,NL,0,0.06505143508027657,lifetime,0,1.8759433810957233,1.0,1.0,28.83784775509902
ammonia_ICE_ship,power,NO,0,0.06505143508027657,lifetime,0,-17.90797202040087,1.0,1.0,-275.28942287440054
ammonia_ICE_ship,power,PL,0,0.06505143508027657,lifetime,0,-24.617038789781915,1.0,1.0,-378.42422322279776
ammonia_ICE_ship,power,PT,0,0.06505143508027657,lifetime,0,-12.734442619340626,1.0,1.0,-195.75959552046342
ammonia_ICE_ship,power,RO,0,0.06505143508027657,lifetime,0,-9.804109789867773,1.0,1.0,-150.71319760692498
ammonia_ICE_ship,power,SE,0,0.06505143508027657,lifetime,0,9.41097489366858,1.0,1.0,144.66975066814422
ammonia_ICE_ship,power,SI,0,0.06505143508027657,lifetime,0,-23.29700434356205,1.0,1.0,-358.13205834448445
ammonia_ICE_ship,power,SK,0,0.06505143508027657,lifetime,0,27.0,1.0,1.0,415.05617772583673
ammonia_ICE_ship,power,UK,0,0.06505143508027657,lifetime,0,-19.72943749376777,1.0,1.0,-303.2898116608912
anaerobic_digestion,power,AT,0,0.08024258719069129,lifetime,0,-74.92899411065423,1.0,1.0,-933.7808853619133
anaerobic_digestion,power,BE,0,0.08024258719069129,lifetime,0,-74.92899411065423,1.0,1.0,-933.7808853619133
anaerobic_digestion,power,BG,0,0.08024258719069129,lifetime,0,-74.92899411065423,1.0,1.0,-933.7808853619133
anaerobic_digestion,power,CH,0,0.08024258719069129,lifetime,0,-74.92899411065423,1.0,1.0,-933.7808853619133
anaerobic_digestion,power,CZ,0,0.08024258719069129,lifetime,0,-74.92899411065423,1.0,1.0,-933.7808853619133
anaerobic_digestion,power,DE,0,0.08024258719069129,lifetime,0,-74.92899411065423,1.0,1.0,-933.7808853619133
anaerobic_digestion,power,DK,0,0.08024258719069129,lifetime,0,-74.92899411065423,1.0,1.0,-933.7808853619133
anaerobic_digestion,power,EE,0,0.08024258719069129,lifetime,0,-74.92899411065423,1.0,1.0,-933.7808853619133
anaerobic_digestion,power,EL,0,0.08024258719069129,lifetime,0,-74.92899411065423,1.0,1.0,-933.7808853619133
anaerobic_digestion,power,ES,0,0.08024258719069129,lifetime,0,-74.92899411065423,1.0,1.0,-933.7808853619133
anaerobic_digestion,power,FI,0,0.08024258719069129,lifetime,0,-74.92899411065423,1.0,1.0,-933.7808853619133
anaerobic_digestion,power,FR,0,0.08024258719069129,lifetime,0,-74.92899411065423,1.0,1.0,-933.7808853619133
anaerobic_digestion,power,HR,0,0.08024258719069129,lifetime,0,-74.92899411065423,1.0,1.0,-933.7808853619133
anaerobic_digestion,power,HU,0,0.08024258719069129,lifetime,0,-74.92899411065423,1.0,1.0,-933.7808853619133
anaerobic_digestion,power,IE,0,0.08024258719069129,lifetime,0,-74.92899411065423,1.0,1.0,-933.7808853619133
anaerobic_digestion,power,IT,0,0.08024258719069129,lifetime,0,-74.92899411065423,1.0,1.0,-933.7808853619133
anaerobic_digestion,power,LT,0,0.08024258719069129,lifetime,0,-74.92899411065423,1.0,1.0,-933.7808853619133
anaerobic_digestion,power,LU,0,0.08024258719069129,lifetime,0,-74.92899411065423,1.0,1.0,-933.7808853619133
anaerobic_digestion,power,LV,0,0.08024258719069129,lifetime,0,-74.92899411065423,1.0,1.0,-933.7808853619133
anaerobic_digestion,power,NL,0,0.08024258719069129,lifetime,0,-74.92899411065423,1.0,1.0,-933.7808853619133
anaerobic_digestion,power,NO,0,0.08024258719069129,lifetime,0,-74.92899411065423,1.0,1.0,-933.7808853619133
anaerobic_digestion,power,PL,0,0.08024258719069129,lifetime,0,-74.92899411065423,1.0,1.0,-933.7808853619133
anaerobic_digestion,power,PT,0,0.08024258719069129,lifetime,0,-74.92899411065423,1.0,1.0,-933.7808853619133
anaerobic_digestion,power,RO,0,0.08024258719069129,lifetime,0,-74.92899411065423,1.0,1.0,-933.7808853619133
anaerobic_digestion,power,SE,0,0.08024258719069129,lifetime,0,-74.92899411065423,1.0,1.0,-933.7808853619133
anaerobic_digestion,power,SI,0,0.08024258719069129,lifetime,0,-74.92899411065423,1.0,1.0,-933.7808853619133
anaerobic_digestion,power,SK,0,0.08024258719069129,lifetime,0,-74.92899411065423,1.0,1.0,-933.7808853619133
anaerobic_digestion,power,UK,0,0.08024258719069129,lifetime,0,-74.92899411065423,1.0,1.0,-933.7808853619133
biomass_boiler,power,AT,0,0.08024258719069129,lifetime,0,12.753792698146418,1.0,1.0,158.9404472694513
biomass_boiler,power,BE,0,0.08024258719069129,lifetime,0,12.753792698146418,1.0,1.0,158.9404472694513
biomass_boiler,power,BG,0,0.08024258719069129,lifetime,0,6.269786058680992,1.0,1.0,78.13539266600732
biomass_boiler,power,CH,0,0.08024258719069129,lifetime,0,12.753792698146418,1.0,1.0,158.9404472694513
biomass_boiler,power,CZ,0,0.08024258719069129,lifetime,0,7.809582824083631,1.0,1.0,97.32466384121771
biomass_boiler,power,DE,0,0.08024258719069129,lifetime,0,12.753792698146418,1.0,1.0,158.9404472694513
biomass_boiler,power,DK,0,0.08024258719069129,lifetime,0,12.499199384738723,1.0,1.0,155.76765184596042
biomass_boiler,power,EE,0,0.08024258719069129,lifetime,0,12.753792698146418,1.0,1.0,158.9404472694513
biomass_boiler,power,EL,0,0.08024258719069129,lifetime,0,5.593263092227431,1.0,1.0,69.70442115650391
biomass_boiler,power,ES,0,0.08024258719069129,lifetime,0,8.999696899978982,1.0,1.0,112.15611578664317
biomass_boiler,power,FI,0,0.08024258719069129,lifetime,0,12.753792698146418,1.0,1.0,158.9404472694513
biomass_boiler,power,FR,0,0.08024258719069129,lifetime,0,5.431642670503642,1.0,1.0,67.69027346533203
biomass_boiler,power,HR,0,0.08024258719069129,lifetime,0,3.045395826692749,1.0,1.0,37.95236336853851
biomass_boiler,power,HU,0,0.08024258719069129,lifetime,0,-1.8971813369147719,1.0,1.0,-23.64307287857312
biomass_boiler,power,IE,0,0.08024258719069129,lifetime,0,12.753792698146418,1.0,1.0,158.9404472694513
biomass_boiler,power,IT,0,0.08024258719069129,lifetime,0,7.529135993761083,1.0,1.0,93.82967645183949
biomass_boiler,power,LT,0,0.08024258719069129,lifetime,0,12.753792698146418,1.0,1.0,158.9404472694513
biomass_boiler,power,LU,0,0.08024258719069129,lifetime,0,11.937967914969724,1.0,1.0,148.77346721884626
biomass_boiler,power,LV,0,0.08024258719069129,lifetime,0,12.753792698146418,1.0,1.0,158.9404472694513
biomass_boiler,power,NL,0,0.08024258719069129,lifetime,0,-3.535530342320163,1.0,1.0,-44.06052279842629
biomass_boiler,power,NO,0,0.08024258719069129,lifetime,0,12.753792698146418,1.0,1.0,158.9404472694513
biomass_boiler,power,PL,0,0.08024258719069129,lifetime,0,11.915262905720526,1.0,1.0,148.49051261775347
biomass_boiler,power,PT,0,0.08024258719069129,lifetime,0,12.753792698146418,1.0,1.0,158.9404472694513
biomass_boiler,power,RO,0,0.08024258719069129,lifetime,0,12.753792698146418,1.0,1.0,158.9404472694513
biomass_boiler,power,SE,0,0.08024258719069129,lifetime,0,12.753792698146418,1.0,1.0,158.9404472694513
biomass_boiler,power,SI,0,0.08024258719069129,lifetime,0,6.5943886019627,1.0,1.0,82.1806578381074
biomass_boiler,power,SK,0,0.08024258719069129,lifetime,0,10.411951866632428,1.0,1.0,129.75593423837523
biomass_boiler,power,UK,0,0.08024258719069129,lifetime,0,12.753792698146418,1.0,1.0,158.9404472694513
biomass_boiler_DH,power,AT,0,0.0709524572992296,lifetime,0,15.253710301751475,1.0,1.0,214.9849474193912
biomass_boiler_DH,power,BE,0,0.0709524572992296,lifetime,0,15.253710301751475,1.0,1.0,214.9849474193912
biomass_boiler_DH,power,BG,0,0.0709524572992296,lifetime,0,7.885049758667753,1.0,1.0,111.13145419916795
biomass_boiler_DH,power,CH,0,0.0709524572992296,lifetime,0,15.253710301751475,1.0,1.0,214.9849474193912
biomass_boiler_DH,power,CZ,0,0.0709524572992296,lifetime,0,10.114823419325898,1.0,1.0,142.55776056731054
biomass_boiler_DH,power,DE,0,0.0709524572992296,lifetime,0,15.253710301751475,1.0,1.0,214.9849474193912
biomass_boiler_DH,power,DK,0,0.0709524572992296,lifetime,0,15.253710301751475,1.0,1.0,214.9849474193912
biomass_boiler_DH,power,EE,0,0.0709524572992296,lifetime,0,15.253710301751475,1.0,1.0,214.9849474193912
biomass_boiler_DH,power,EL,0,0.0709524572992296,lifetime,0,6.847156000789132,1.0,1.0,96.50343711018277
biomass_boiler_DH,power,ES,0,0.0709524572992296,lifetime,0,11.958309290861768,1.0,1.0,168.5397482490238
biomass_boiler_DH,power,FI,0,0.0709524572992296,lifetime,0,15.253710301751475,1.0,1.0,214.9849474193912
biomass_boiler_DH,power,FR,0,0.0709524572992296,lifetime,0,7.781074935237171,1.0,1.0,109.66603880147302
biomass_boiler_DH,power,HR,0,0.0709524572992296,lifetime,0,5.800752071651836,1.0,1.0,81.75547813923029
biomass_boiler_DH,power,HU,0,0.0709524572992296,lifetime,0,15.253710301751475,1.0,1.0,214.9849474193912
biomass_boiler_DH,power,IE,0,0.0709524572992296,lifetime,0,15.253710301751475,1.0,1.0,214.9849474193912
biomass_boiler_DH,power,IT,0,0.0709524572992296,lifetime,0,11.377279547033126,1.0,1.0,160.35074724827973
biomass_boiler_DH,power,LT,0,0.0709524572992296,lifetime,0,15.253710301751475,1.0,1.0,214.9849474193912
biomass_boiler_DH,power,LU,0,0.0709524572992296,lifetime,0,15.253710301751475,1.0,1.0,214.9849474193912
biomass_boiler_DH,power,LV,0,0.0709524572992296,lifetime,0,15.253710301751475,1.0,1.0,214.9849474193912
biomass_boiler_DH,power,NL,0,0.0709524572992296,lifetime,0,15.253710301751475,1.0,1.0,214.9849474193912
biomass_boiler_DH,power,NO,0,0.0709524572992296,lifetime,0,15.253710301751475,1.0,1.0,214.9849474193912
biomass_boiler_DH,power,PL,0,0.0709524572992296,lifetime,0,15.253710301751475,1.0,1.0,214.9849474193912
biomass_boiler_DH,power,PT,0,0.0709524572992296,lifetime,0,15.253710301751475,1.0,1.0,214.9849474193912
biomass_boiler_DH,power,RO,0,0.0709524572992296,lifetime,0,15.253710301751475,1.0,1.0,214.9849474193912
biomass_boiler_DH,power,SE,0,0.0709524572992296,lifetime,0,15.253710301751475,1.0,1.0,214.9849474193912
biomass_boiler_DH,power,SI,0,0.0709524572992296,lifetime,0,9.946034508441404,1.0,1.0,140.1788590139414
biomass_boiler_DH,power,SK,0,0.0709524572992296,lifetime,0,13.50148781520617,1.0,1.0,190.28922082664457
biomass_boiler_DH,power,UK,0,0.0709524572992296,lifetime,0,15.253710301751475,1.0,1.0,214.9849474193912
biomass_plant,power,AT,0,0.061071707230849794,lifetime,0,-126.88342176651618,1.0,1.0,-2077.613800559062
biomass_plant,power,BE,0,0.061071707230849794,lifetime,0,-126.88342176651618,1.0,1.0,-2077.613800559062
biomass_plant,power,BG,0,0.061071707230849794,lifetime,0,-126.88342176651618,1.0,1.0,-2077.613800559062
biomass_plant,power,CH,0,0.061071707230849794,lifetime,0,-126.88342176651618,1.0,1.0,-2077.613800559062
biomass_plant,power,CZ,0,0.061071707230849794,lifetime,0,-126.88342176651618,1.0,1.0,-2077.613800559062
biomass_plant,power,DE,0,0.061071707230849794,lifetime,0,-126.88342176651618,1.0,1.0,-2077.613800559062
biomass_plant,power,DK,0,0.061071707230849794,lifetime,0,-126.88342176651618,1.0,1.0,-2077.613800559062
biomass_plant,power,EE,0,0.061071707230849794,lifetime,0,-126.88342176651618,1.0,1.0,-2077.613800559062
biomass_plant,power,EL,0,0.061071707230849794,lifetime,0,-126.88342176651618,1.0,1.0,-2077.613800559062
biomass_plant,power,ES,0,0.061071707230849794,lifetime,0,-126.88342176651618,1.0,1.0,-2077.613800559062
biomass_plant,power,FI,0,0.061071707230849794,lifetime,0,-126.88342176651618,1.0,1.0,-2077.613800559062
biomass_plant,power,FR,0,0.061071707230849794,lifetime,0,-126.88342176651618,1.0,1.0,-2077.613800559062
biomass_plant,power,HR,0,0.061071707230849794,lifetime,0,-126.88342176651618,1.0,1.0,-2077.613800559062
biomass_plant,power,HU,0,0.061071707230849794,lifetime,0,-126.88342176651618,1.0,1.0,-2077.613800559062
biomass_plant,power,IE,0,0.061071707230849794,lifetime,0,-126.88342176651618,1.0,1.0,-2077.613800559062
biomass_plant,power,IT,0,0.061071707230849794,lifetime,0,-126.88342176651618,1.0,1.0,-2077.613800559062
biomass_plant,power,LT,0,0.061071707230849794,lifetime,0,-126.88342176651618,1.0,1.0,-2077.613800559062
biomass_plant,power,LU,0,0.061071707230849794,lifetime,0,-126.88342176651618,1.0,1.0,-2077.613800559062
biomass_plant,power,LV,0,0.061071707230849794,lifetime,0,-126.88342176651618,1.0,1.0,-2077.613800559062
biomass_plant,power,NL,0,0.061071707230849794,lifetime,0,-126.88342176651618,1.0,1.0,-2077.613800559062
biomass_plant,power,NO,0,0.061071707230849794,lifetime,0,-126.88342176651618,1.0,1.0,-2077.613800559062
biomass_plant,power,PL,0,0.061071707230849794,lifetime,0,-126.88342176651618,1.0,1.0,-2077.613800559062
biomass_plant,power,PT,0,0.061071707230849794,lifetime,0,-126.88342176651618,1.0,1.0,-2077.613800559062
biomass_plant,power,RO,0,0.061071707230849794,lifetime,0,-126.88342176651618,1.0,1.0,-2077.613800559062
biomass_plant,power,SE,0,0.061071707230849794,lifetime,0,-126.88342176651618,1.0,1.0,-2077.613800559062
biomass_plant,power,SI,0,0.061071707230849794,lifetime,0,-126.88342176651618,1.0,1.0,-2077.613800559062
biomass_plant,power,SK,0,0.061071707230849794,lifetime,0,-126.88342176651618,1.0,1.0,-2077.613800559062
biomass_plant,power,UK,0,0.061071707230849794,lifetime,0,-126.88342176651618,1.0,1.0,-2077.613800559062
biomass_to_cement_fuel,power,AT,0,0.08024258719069129,lifetime,0,-0.0,1.0,1.0,-0.0
biomass_to_cement_fuel,power,BE,0,0.08024258719069129,lifetime,0,-0.0,1.0,1.0,-0.0
biomass_to_cement_fuel,power,BG,0,0.08024258719069129,lifetime,0,-2.5378101494683776,1.0,1.0,-31.626723892107776
biomass_to_cement_fuel,power,CH,0,0.08024258719069129,lifetime,0,-0.0,1.0,1.0,-0.0
biomass_to_cement_fuel,power,CZ,0,0.08024258719069129,lifetime,0,-5.3907587031106345,1.0,1.0,-67.18076886404282
biomass_to_cement_fuel,power,DE,0,0.08024258719069129,lifetime,0,-0.0,1.0,1.0,-0.0
biomass_to_cement_fuel,power,DK,0,0.08024258719069129,lifetime,0,-71.09559476139978,1.0,1.0,-886.0082563445484
biomass_to_cement_fuel,power,EE,0,0.08024258719069129,lifetime,0,-55.482898487501274,1.0,1.0,-691.4395513650348
biomass_to_cement_fuel,power,EL,0,0.08024258719069129,lifetime,0,-27.065674218430622,1.0,1.0,-337.2981251727441
biomass_to_cement_fuel,power,ES,0,0.08024258719069129,lifetime,0,-19.88731799004404,1.0,1.0,-247.83993994090847
biomass_to_cement_fuel,power,FI,0,0.08024258719069129,lifetime,0,-0.0,1.0,1.0,-0.0
biomass_to_cement_fuel,power,FR,0,0.08024258719069129,lifetime,0,-85.17375702835912,1.0,1.0,-1061.4532757518052
biomass_to_cement_fuel,power,HR,0,0.08024258719069129,lifetime,0,-7.0382088338936555,1.0,1.0,-87.71163892270584
biomass_to_cement_fuel,power,HU,0,0.08024258719069129,lifetime,0,-35.910882154561,1.0,1.0,-447.5289669963049
biomass_to_cement_fuel,power,IE,0,0.08024258719069129,lifetime,0,-0.0,1.0,1.0,-0.0
biomass_to_cement_fuel,power,IT,0,0.08024258719069129,lifetime,0,-89.3682096387268,1.0,1.0,-1113.7254264540231
biomass_to_cement_fuel,power,LT,0,0.08024258719069129,lifetime,0,-36.47250021976427,1.0,1.0,-454.5279694570384
biomass_to_cement_fuel,power,LU,0,0.08024258719069129,lifetime,0,-0.0,1.0,1.0,-0.0
biomass_to_cement_fuel,power,LV,0,0.08024258719069129,lifetime,0,-70.74321983941468,1.0,1.0,-881.6168859473339
biomass_to_cement_fuel,power,NL,0,0.08024258719069129,lifetime,0,-0.0,1.0,1.0,-0.0
biomass_to_cement_fuel,power,NO,0,0.08024258719069129,lifetime,0,-0.0,1.0,1.0,-0.0
biomass_to_cement_fuel,power,PL,0,0.08024258719069129,lifetime,0,-0.0,1.0,1.0,-0.0
biomass_to_cement_fuel,power,PT,0,0.08024258719069129,lifetime,0,-77.72322757115877,1.0,1.0,-968.6032104928843
biomass_to_cement_fuel,power,RO,0,0.08024258719069129,lifetime,0,-1.4337823982723137,1.0,1.0,-17.86809783270102
biomass_to_cement_fuel,power,SE,0,0.08024258719069129,lifetime,0,-0.0,1.0,1.0,-0.0
biomass_to_cement_fuel,power,SI,0,0.08024258719069129,lifetime,0,-14.890412579180648,1.0,1.0,-185.56745364895266
biomass_to_cement_fuel,power,SK,0,0.08024258719069129,lifetime,0,-36.038264620949434,1.0,1.0,-449.1164340863891
biomass_to_cement_fuel,power,UK,0,0.08024258719069129,lifetime,0,-14.131906111839896,1.0,1.0,-176.1147865067753
biomethane_conversion,power,AT,0,0.08024258719069129,lifetime,0,-6.9029346545152945,1.0,1.0,-86.02582364537822
biomethane_conversion,power,BE,0,0.08024258719069129,lifetime,0,-6.9029346545152945,1.0,1.0,-86.02582364537822
biomethane_conversion,power,BG,0,0.08024258719069129,lifetime,0,-6.9029346545152945,1.0,1.0,-86.02582364537822
biomethane_conversion,power,CH,0,0.08024258719069129,lifetime,0,-6.9029346545152945,1.0,1.0,-86.02582364537822
biomethane_conversion,power,CZ,0,0.08024258719069129,lifetime,0,-6.9029346545152945,1.0,1.0,-86.02582364537822
biomethane_conversion,power,DE,0,0.08024258719069129,lifetime,0,-6.9029346545152945,1.0,1.0,-86.02582364537822
biomethane_conversion,power,DK,0,0.08024258719069129,lifetime,0,-6.9029346545152945,1.0,1.0,-86.02582364537822
biomethane_conversion,power,EE,0,0.08024258719069129,lifetime,0,-6.9029346545152945,1.0,1.0,-86.02582364537822
biomethane_conversion,power,EL,0,0.08024258719069129,lifetime,0,-6.9029346545152945,1.0,1.0,-86.02582364537822
biomethane_conversion,power,ES,0,0.08024258719069129,lifetime,0,-6.9029346545152945,1.0,1.0,-86.02582364537822
biomethane_conversion,power,FI,0,0.08024258719069129,lifetime,0,-6.9029346545152945,1.0,1.0,-86.02582364537822
biomethane_conversion,power,FR,0,0.08024258719069129,lifetime,0,-6.9029346545152945,1.0,1.0,-86.02582364537822
biomethane_conversion,power,HR,0,0.08024258719069129,lifetime,0,-6.9029346545152945,1.0,1.0,-86.02582364537822
biomethane_conversion,power,HU,0,0.08024258719069129,lifetime,0,-6.9029346545152945,1.0,1.0,-86.02582364537822
biomethane_conversion,power,IE,0,0.08024258719069129,lifetime,0,-6.9029346545152945,1.0,1.0,-86.02582364537822
biomethane_conversion,power,IT,0,0.08024258719069129,lifetime,0,-6.9029346545152945,1.0,1.0,-86.02582364537822
biomethane_conversion,power,LT,0,0.08024258719069129,lifetime,0,-6.9029346545152945,1.0,1.0,-86.02582364537822
biomethane_conversion,power,LU,0,0.08024258719069129,lifetime,0,-6.9029346545152945,1.0,1.0,-86.02582364537822
biomethane_conversion,power,LV,0,0.08024258719069129,lifetime,0,-6.9029346545152945,1.0,1.0,-86.02582364537822
biomethane_conversion,power,NL,0,0.08024258719069129,lifetime,0,-6.9029346545152945,1.0,1.0,-86.02582364537822
biomethane_conversion,power,NO,0,0.08024258719069129,lifetime,0,-6.9029346545152945,1.0,1.0,-86.02582364537822
biomethane_conversion,power,PL,0,0.08024258719069129,lifetime,0,-6.9029346545152945,1.0,1.0,-86.02582364537822
biomethane_conversion,power,PT,0,0.08024258719069129,lifetime,0,-6.9029346545152945,1.0,1.0,-86.02582364537822
biomethane_conversion,power,RO,0,0.08024258719069129,lifetime,0,-6.9029346545152945,1.0,1.0,-86.02582364537822
biomethane_conversion,power,SE,0,0.08024258719069129,lifetime,0,-6.9029346545152945,1.0,1.0,-86.02582364537822
biomethane_conversion,power,SI,0,0.08024258719069129,lifetime,0,-6.9029346545152945,1.0,1.0,-86.02582364537822
biomethane_conversion,power,SK,0,0.08024258719069129,lifetime,0,-6.9029346545152945,1.0,1.0,-86.02582364537822
biomethane_conversion,power,UK,0,0.08024258719069129,lifetime,0,-6.9029346545152945,1.0,1.0,-86.02582364537822
carbon_storage,power,AT,0,0.058278161166034986,lifetime,0,-308.5796424241447,1.0,1.0,-5294.944731440627
carbon_storage,power,BE,0,0.058278161166034986,lifetime,0,-210.82566378651248,1.0,1.0,-3617.5757705509673
carbon_storage,power,BG,0,0.058278161166034986,lifetime,0,-285.10958750337386,1.0,1.0,-4892.220032322128
carbon_storage,power,CH,0,0.058278161166034986,lifetime,0,-302.00749718413635,1.0,1.0,-5182.17272373633
carbon_storage,power,CZ,0,0.058278161166034986,lifetime,0,-281.6828478570944,1.0,1.0,-4833.420310818962
carbon_storage,power,DE,0,0.058278161166034986,lifetime,0,-50.79641083553941,1.0,1.0,-871.62
carbon_storage,power,DK,0,0.058278161166034986,lifetime,0,-50.79641083553941,1.0,1.0,-871.62
carbon_storage,power,EE,0,0.058278161166034986,lifetime,0,-193.54402379254597,1.0,1.0,-3321.038617555852
carbon_storage,power,EL,0,0.058278161166034986,lifetime,0,-337.9596208495151,1.0,1.0,-5799.078318320051
carbon_storage,power,ES,0,0.058278161166034986,lifetime,0,-349.6276694421665,1.0,1.0,-5999.29137170396
carbon_storage,power,FI,0,0.058278161166034986,lifetime,0,-104.1008787592481,1.0,1.0,-1786.2759681566445
carbon_storage,power,FR,0,0.058278161166034986,lifetime,0,-243.31184605324586,1.0,1.0,-4175.008977377449
carbon_storage,power,HR,0,0.058278161166034986,lifetime,0,-343.5738471532386,1.0,1.0,-5895.41331227651
carbon_storage,power,HU,0,0.058278161166034986,lifetime,0,-301.34022978569817,1.0,1.0,-5170.7230248253245
carbon_storage,power,IE,0,0.058278161166034986,lifetime,0,-176.68447058949357,1.0,1.0,-3031.744088254912
carbon_storage,power,IT,0,0.058278161166034986,lifetime,0,-50.79641083553941,1.0,1.0,-871.62
carbon_storage,power,LT,0,0.058278161166034986,lifetime,0,-197.97976957489794,1.0,1.0,-3397.151962479596
carbon_storage,power,LU,0,0.058278161166034986,lifetime,0,-228.2899020494381,1.0,1.0,-3917.246143011242
carbon_storage,power,LV,0,0.058278161166034986,lifetime,0,-220.10960253393569,1.0,1.0,-3776.879677223197
carbon_storage,power,NL,0,0.058278161166034986,lifetime,0,-50.79641083553941,1.0,1.0,-871.62
carbon_storage,power,NO,0,0.058278161166034986,lifetime,0,-50.79641083553941,1.0,1.0,-871.62
carbon_storage,power,PL,0,0.058278161166034986,lifetime,0,-50.79641083553941,1.0,1.0,-871.62
carbon_storage,power,PT,0,0.058278161166034986,lifetime,0,-396.68358927931683,1.0,1.0,-6806.7279636562635
carbon_storage,power,RO,0,0.058278161166034986,lifetime,0,-50.79641083553941,1.0,1.0,-871.62
carbon_storage,power,SE,0,0.058278161166034986,lifetime,0,-82.39764877153715,1.0,1.0,-1413.8683706369104
carbon_storage,power,SI,0,0.058278161166034986,lifetime,0,-332.0399976681017,1.0,1.0,-5697.502992967072
carbon_storage,power,SK,0,0.058278161166034986,lifetime,0,-280.5834167340315,1.0,1.0,-4814.5550772380575
carbon_storage,power,UK,0,0.058278161166034986,lifetime,0,-50.79641083553941,1.0,1.0,-871.62
cement_kiln,power,AT,0,0.08024258719069129,lifetime,0,-8.024258719069129e-05,1.0,1.0,-0.001
cement_kiln,power,BE,0,0.08024258719069129,lifetime,0,-8.024258719069129e-05,1.0,1.0,-0.001
cement_kiln,power,BG,0,0.08024258719069129,lifetime,0,-8.024258719069129e-05,1.0,1.0,-0.001
cement_kiln,power,CH,0,0.08024258719069129,lifetime,0,-8.024258719069129e-05,1.0,1.0,-0.001
cement_kiln,power,CZ,0,0.08024258719069129,lifetime,0,-8.024258719069129e-05,1.0,1.0,-0.001
cement_kiln,power,DE,0,0.08024258719069129,lifetime,0,-8.024258719069129e-05,1.0,1.0,-0.001
cement_kiln,power,DK,0,0.08024258719069129,lifetime,0,-8.024258719069129e-05,1.0,1.0,-0.001
cement_kiln,power,EE,0,0.08024258719069129,lifetime,0,-8.024258719069129e-05,1.0,1.0,-0.001
cement_kiln,power,EL,0,0.08024258719069129,lifetime,0,-8.024258719069129e-05,1.0,1.0,-0.001
cement_kiln,power,ES,0,0.08024258719069129,lifetime,0,-8.024258719069129e-05,1.0,1.0,-0.001
cement_kiln,power,FI,0,0.08024258719069129,lifetime,0,-8.024258719069129e-05,1.0,1.0,-0.001
cement_kiln,power,FR,0,0.08024258719069129,lifetime,0,-8.024258719069129e-05,1.0,1.0,-0.001
cement_kiln,power,HR,0,0.08024258719069129,lifetime,0,-8.024258719069129e-05,1.0,1.0,-0.001
cement_kiln,power,HU,0,0.08024258719069129,lifetime,0,-8.024258719069129e-05,1.0,1.0,-0.001
cement_kiln,power,IE,0,0.08024258719069129,lifetime,0,-8.024258719069129e-05,1.0,1.0,-0.001
cement_kiln,power,IT,0,0.08024258719069129,lifetime,0,-8.024258719069129e-05,1.0,1.0,-0.001
cement_kiln,power,LT,0,0.08024258719069129,lifetime,0,-8.024258719069129e-05,1.0,1.0,-0.001
cement_kiln,power,LU,0,0.08024258719069129,lifetime,0,-8.024258719069129e-05,1.0,1.0,-0.001
cement_kiln,power,LV,0,0.08024258719069129,lifetime,0,-8.024258719069129e-05,1.0,1.0,-0.001
cement_kiln,power,NL,0,0.08024258719069129,lifetime,0,-0.0,1.0,1.0,-0.0
cement_kiln,power,NO,0,0.08024258719069129,lifetime,0,-8.024258719069129e-05,1.0,1.0,-0.001
cement_kiln,power,PL,0,0.08024258719069129,lifetime,0,-8.024258719069129e-05,1.0,1.0,-0.001
cement_kiln,power,PT,0,0.08024258719069129,lifetime,0,-8.024258719069129e-05,1.0,1.0,-0.001
cement_kiln,power,RO,0,0.08024258719069129,lifetime,0,-8.024258719069129e-05,1.0,1.0,-0.001
cement_kiln,power,SE,0,0.08024258719069129,lifetime,0,-8.024258719069129e-05,1.0,1.0,-0.001
cement_kiln,power,SI,0,0.08024258719069129,lifetime,0,-8.024258719069129e-05,1.0,1.0,-0.001
cement_kiln,power,SK,0,0.08024258719069129,lifetime,0,-8.024258719069129e-05,1.0,1.0,-0.001
cement_kiln,power,UK,0,0.08024258719069129,lifetime,0,-8.024258719069129e-05,1.0,1.0,-0.001
coal_to_cement_fuel,power,AT,0,0.08024258719069129,lifetime,0,-41.472518467249465,1.0,1.0,-516.8392485737371
coal_to_cement_fuel,power,BE,0,0.08024258719069129,lifetime,0,-42.09444701023976,1.0,1.0,-524.5898528945116
coal_to_cement_fuel,power,BG,0,0.08024258719069129,lifetime,0,-43.087012120561944,1.0,1.0,-536.959408078013
coal_to_cement_fuel,power,CH,0,0.08024258719069129,lifetime,0,-102.57329934464121,1.0,1.0,-1278.2900319612384
coal_to_cement_fuel,power,CZ,0,0.08024258719069129,lifetime,0,-80.26010085352682,1.0,1.0,-1000.2182589501248
coal_to_cement_fuel,power,DE,0,0.08024258719069129,lifetime,0,-48.54379322012116,1.0,1.0,-604.9629619339166
coal_to_cement_fuel,power,DK,0,0.08024258719069129,lifetime,0,-107.49976963050662,1.0,1.0,-1339.6847409099662
coal_to_cement_fuel,power,EE,0,0.08024258719069129,lifetime,0,-82.65147884617235,1.0,1.0,-1030.0201145029944
coal_to_cement_fuel,power,EL,0,0.08024258719069129,lifetime,0,-90.86575263823784,1.0,1.0,-1132.388122310928
coal_to_cement_fuel,power,ES,0,0.08024258719069129,lifetime,0,-3.936926780878075,1.0,1.0,-49.06280964648142
coal_to_cement_fuel,power,FI,0,0.08024258719069129,lifetime,0,-57.00513129120371,1.0,1.0,-710.409936755089
coal_to_cement_fuel,power,FR,0,0.08024258719069129,lifetime,0,-101.24146105273363,1.0,1.0,-1261.6923830252367
coal_to_cement_fuel,power,HR,0,0.08024258719069129,lifetime,0,-47.736763871989346,1.0,1.0,-594.9055924448951
coal_to_cement_fuel,power,HU,0,0.08024258719069129,lifetime,0,-75.05947909603347,1.0,1.0,-935.4070166962526
coal_to_cement_fuel,power,IE,0,0.08024258719069129,lifetime,0,-23.394692451283994,1.0,1.0,-291.54957822693365
coal_to_cement_fuel,power,IT,0,0.08024258719069129,lifetime,0,-108.40843165971083,1.0,1.0,-1351.008678248188
coal_to_cement_fuel,power,LT,0,0.08024258719069129,lifetime,0,-105.86134594908292,1.0,1.0,-1319.2663603618653
coal_to_cement_fuel,power,LU,0,0.08024258719069129,lifetime,0,-41.737893463161456,1.0,1.0,-520.146407592443
coal_to_cement_fuel,power,LV,0,0.08024258719069129,lifetime,0,-100.27014365588451,1.0,1.0,-1249.5876213163347
coal_to_cement_fuel,power,NL,0,0.08024258719069129,lifetime,0,-0.0,1.0,1.0,-0.0
coal_to_cement_fuel,power,NO,0,0.08024258719069129,lifetime,0,-51.24435812005352,1.0,1.0,-638.6179697605542
coal_to_cement_fuel,power,PL,0,0.08024258719069129,lifetime,0,-48.944229690638615,1.0,1.0,-609.9532854583294
coal_to_cement_fuel,power,PT,0,0.08024258719069129,lifetime,0,-75.99951278345306,1.0,1.0,-947.121914237949
coal_to_cement_fuel,power,RO,0,0.08024258719069129,lifetime,0,-71.69378971006408,1.0,1.0,-893.4630876206478
coal_to_cement_fuel,power,SE,0,0.08024258719069129,lifetime,0,-22.10134332709091,1.0,1.0,-275.43158939489956
coal_to_cement_fuel,power,SI,0,0.08024258719069129,lifetime,0,-79.10531317173528,1.0,1.0,-985.8270519586644
coal_to_cement_fuel,power,SK,0,0.08024258719069129,lifetime,0,-49.825336749131004,1.0,1.0,-620.9338269555583
coal_to_cement_fuel,power,UK,0,0.08024258719069129,lifetime,0,-24.694257163213344,1.0,1.0,-307.7450270207396
diesel_ICE_ship,power,AT,0,0.06505143508027657,lifetime,0,3.2571562974766284,1.0,1.0,50.07047566986251
diesel_ICE_ship,power,BE,0,0.06505143508027657,lifetime,0,11.5,1.0,1.0,176.78318680915268
diesel_ICE_ship,power,BG,0,0.06505143508027657,lifetime,0,11.5,1.0,1.0,176.78318680915268
diesel_ICE_ship,power,CH,0,0.06505143508027657,lifetime,0,11.5,1.0,1.0,176.78318680915268
diesel_ICE_ship,power,CZ,0,0.06505143508027657,lifetime,0,11.5,1.0,1.0,176.78318680915268
diesel_ICE_ship,power,DE,0,0.06505143508027657,lifetime,0,4.556412682709447,1.0,1.0,70.04323082321883
diesel_ICE_ship,power,DK,0,0.06505143508027657,lifetime,0,11.5,1.0,1.0,176.78318680915268
diesel_ICE_ship,power,EE,0,0.06505143508027657,lifetime,0,11.5,1.0,1.0,176.78318680915268
diesel_ICE_ship,power,EL,0,0.06505143508027657,lifetime,0,11.5,1.0,1.0,176.78318680915268
diesel_ICE_ship,power,ES,0,0.06505143508027657,lifetime,0,11.5,1.0,1.0,176.78318680915268
diesel_ICE_ship,power,FI,0,0.06505143508027657,lifetime,0,11.5,1.0,1.0,176.78318680915268
diesel_ICE_ship,power,FR,0,0.06505143508027657,lifetime,0,11.5,1.0,1.0,176.78318680915268
diesel_ICE_ship,power,HR,0,0.06505143508027657,lifetime,0,11.5,1.0,1.0,176.78318680915268
diesel_ICE_ship,power,HU,0,0.06505143508027657,lifetime,0,11.5,1.0,1.0,176.78318680915268
diesel_ICE_ship,power,IE,0,0.06505143508027657,lifetime,0,11.5,1.0,1.0,176.78318680915268
diesel_ICE_ship,power,IT,0,0.06505143508027657,lifetime,0,11.5,1.0,1.0,176.78318680915268
diesel_ICE_ship,power,LT,0,0.06505143508027657,lifetime,0,11.5,1.0,1.0,176.78318680915268
diesel_ICE_ship,power,LU,0,0.06505143508027657,lifetime,0,11.5,1.0,1.0,176.78318680915268
diesel_ICE_ship,power,LV,0,0.06505143508027657,lifetime,0,11.5,1.0,1.0,176.78318680915268
diesel_ICE_ship,power,NL,0,0.06505143508027657,lifetime,0,11.5,1.0,1.0,176.78318680915268
diesel_ICE_ship,power,NO,0,0.06505143508027657,lifetime,0,11.5,1.0,1.0,176.78318680915268
diesel_ICE_ship,power,PL,0,0.06505143508027657,lifetime,0,7.453777226096057,1.0,1.0,114.58282537345627
diesel_ICE_ship,power,PT,0,0.06505143508027657,lifetime,0,11.5,1.0,1.0,176.78318680915268
diesel_ICE_ship,power,RO,0,0.06505143508027657,lifetime,0,11.5,1.0,1.0,176.78318680915268
diesel_ICE_ship,power,SE,0,0.06505143508027657,lifetime,0,11.5,1.0,1.0,176.78318680915268
diesel_ICE_ship,power,SI,0,0.06505143508027657,lifetime,0,11.5,1.0,1.0,176.78318680915268
diesel_ICE_ship,power,SK,0,0.06505143508027657,lifetime,0,11.5,1.0,1.0,176.78318680915268
diesel_ICE_ship,power,UK,0,0.06505143508027657,lifetime,0,11.5,1.0,1.0,176.78318680915268
district_heating_grid,power,AT,0,0.058278161166034986,lifetime,0,-28.131463170083077,1.0,1.0,-482.7102057996699
district_heating_grid,power,BE,0,0.058278161166034986,lifetime,0,-28.131463170083077,1.0,1.0,-482.7102057996699
district_heating_grid,power,BG,0,0.058278161166034986,lifetime,0,-28.131463170083077,1.0,1.0,-482.7102057996699
district_heating_grid,power,CH,0,0.058278161166034986,lifetime,0,-28.131463170083077,1.0,1.0,-482.7102057996699
district_heating_grid,power,CZ,0,0.058278161166034986,lifetime,0,-28.131463170083077,1.0,1.0,-482.7102057996699
district_heating_grid,power,DE,0,0.058278161166034986,lifetime,0,-28.131463170083077,1.0,1.0,-482.7102057996699
district_heating_grid,power,DK,0,0.058278161166034986,lifetime,0,-0.0,1.0,1.0,-0.0
district_heating_grid,power,EE,0,0.058278161166034986,lifetime,0,-28.131463170083077,1.0,1.0,-482.7102057996699
district_heating_grid,power,EL,0,0.058278161166034986,lifetime,0,-28.131463170083077,1.0,1.0,-482.7102057996699
district_heating_grid,power,ES,0,0.058278161166034986,lifetime,0,-28.131463170083077,1.0,1.0,-482.7102057996699
district_heating_grid,power,FI,0,0.058278161166034986,lifetime,0,-0.0,1.0,1.0,-0.0
district_heating_grid,power,FR,0,0.058278161166034986,lifetime,0,-28.131463170083077,1.0,1.0,-482.7102057996699
district_heating_grid,power,HR,0,0.058278161166034986,lifetime,0,-28.131463170083077,1.0,1.0,-482.7102057996699
district_heating_grid,power,HU,0,0.058278161166034986,lifetime,0,-28.131463170083077,1.0,1.0,-482.7102057996699
district_heating_grid,power,IE,0,0.058278161166034986,lifetime,0,-28.131463170083077,1.0,1.0,-482.7102057996699
district_heating_grid,power,IT,0,0.058278161166034986,lifetime,0,-28.131463170083077,1.0,1.0,-482.7102057996699
district_heating_grid,power,LT,0,0.058278161166034986,lifetime,0,-26.179059117219456,1.0,1.0,-449.2087360586943
district_heating_grid,power,LU,0,0.058278161166034986,lifetime,0,-28.131463170083077,1.0,1.0,-482.7102057996699
district_heating_grid,power,LV,0,0.058278161166034986,lifetime,0,-21.734946018572582,1.0,1.0,-372.95181563209474
district_heating_grid,power,NL,0,0.058278161166034986,lifetime,0,-28.131463170083077,1.0,1.0,-482.7102057996699
district_heating_grid,power,NO,0,0.058278161166034986,lifetime,0,-28.131463170083077,1.0,1.0,-482.7102057996699
district_heating_grid,power,PL,0,0.058278161166034986,lifetime,0,-28.131463170083077,1.0,1.0,-482.7102057996699
district_heating_grid,power,PT,0,0.058278161166034986,lifetime,0,-28.131463170083077,1.0,1.0,-482.7102057996699
district_heating_grid,power,RO,0,0.058278161166034986,lifetime,0,-28.131463170083077,1.0,1.0,-482.7102057996699
district_heating_grid,power,SE,0,0.058278161166034986,lifetime,0,-28.131463170083077,1.0,1.0,-482.7102057996699
district_heating_grid,power,SI,0,0.058278161166034986,lifetime,0,-28.131463170083077,1.0,1.0,-482.7102057996699
district_heating_grid,power,SK,0,0.058278161166034986,lifetime,0,-28.131463170083077,1.0,1.0,-482.7102057996699
district_heating_grid,power,UK,0,0.058278161166034986,lifetime,0,-28.131463170083077,1.0,1.0,-482.7102057996699
electrode_boiler,power,AT,0,0.06505143508027657,lifetime,0,-19.12928030169395,1.0,1.0,-294.06392461730485
electrode_boiler,power,BE,0,0.06505143508027657,lifetime,0,-12.622826253707203,1.0,1.0,-194.04377840596499
electrode_boiler,power,BG,0,0.06505143508027657,lifetime,0,-11.56540486701238,1.0,1.0,-177.78861992422026
electrode_boiler,power,CH,0,0.06505143508027657,lifetime,0,-16.52475787830078,1.0,1.0,-254.02603121527514
electrode_boiler,power,CZ,0,0.06505143508027657,lifetime,0,-10.880477657274577,1.0,1.0,-167.2596099355464
electrode_boiler,power,DE,0,0.06505143508027657,lifetime,0,-19.044230578641837,1.0,1.0,-292.7565019148363
electrode_boiler,power,DK,0,0.06505143508027657,lifetime,0,-25.46110611610609,1.0,1.0,-391.39960686010807
electrode_boiler,power,EE,0,0.06505143508027657,lifetime,0,-25.46110611610609,1.0,1.0,-391.39960686010807
electrode_boiler,power,EL,0,0.06505143508027657,lifetime,0,-16.600189610625584,1.0,1.0,-255.18560182631114
electrode_boiler,power,ES,0,0.06505143508027657,lifetime,0,-25.46110611610609,1.0,1.0,-391.39960686010807
electrode_boiler,power,FI,0,0.06505143508027657,lifetime,0,-25.46110611610609,1.0,1.0,-391.39960686010807
electrode_boiler,power,FR,0,0.06505143508027657,lifetime,0,-25.46110611610609,1.0,1.0,-391.39960686010807
electrode_boiler,power,HR,0,0.06505143508027657,lifetime,0,2.822618671650749,1.0,1.0,43.39056729751624
electrode_boiler,power,HU,0,0.06505143508027657,lifetime,0,-25.46110611610609,1.0,1.0,-391.39960686010807
electrode_boiler,power,IE,0,0.06505143508027657,lifetime,0,-25.46110611610609,1.0,1.0,-391.39960686010807
electrode_boiler,power,IT,0,0.06505143508027657,lifetime,0,-19.701253565584153,1.0,1.0,-302.85655560514334
electrode_boiler,power,LT,0,0.06505143508027657,lifetime,0,-20.52241077576442,1.0,1.0,-315.47975460401125
electrode_boiler,power,LU,0,0.06505143508027657,lifetime,0,-13.667792826490397,1.0,1.0,-210.10747587080422
electrode_boiler,power,LV,0,0.06505143508027657,lifetime,0,-25.46110611610609,1.0,1.0,-391.39960686010807
electrode_boiler,power,NL,0,0.06505143508027657,lifetime,0,-25.46110611610609,1.0,1.0,-391.39960686010807
electrode_boiler,power,NO,0,0.06505143508027657,lifetime,0,-25.46110611610609,1.0,1.0,-391.39960686010807
electrode_boiler,power,PL,0,0.06505143508027657,lifetime,0,-19.83838311802533,1.0,1.0,-304.9645729343837
electrode_boiler,power,PT,0,0.06505143508027657,lifetime,0,-25.46110611610609,1.0,1.0,-391.39960686010807
electrode_boiler,power,RO,0,0.06505143508027657,lifetime,0,-20.635041978582063,1.0,1.0,-317.21117225342437
electrode_boiler,power,SE,0,0.06505143508027657,lifetime,0,-25.46110611610609,1.0,1.0,-391.39960686010807
electrode_boiler,power,SI,0,0.06505143508027657,lifetime,0,-1.2359663516100317,1.0,1.0,-18.99983221100027
electrode_boiler,power,SK,0,0.06505143508027657,lifetime,0,-13.975159641247151,1.0,1.0,-214.8324571779414
electrode_boiler,power,UK,0,0.06505143508027657,lifetime,0,-25.46110611610609,1.0,1.0,-391.39960686010807
electrode_boiler_DH,power,AT,0,0.0709524572992296,lifetime,0,-18.219440449909847,1.0,1.0,-256.78378372538305
electrode_boiler_DH,power,BE,0,0.0709524572992296,lifetime,0,-11.690580609247215,1.0,1.0,-164.76639505160804
electrode_boiler_DH,power,BG,0,0.0709524572992296,lifetime,0,-11.596360419411363,1.0,1.0,-163.43846091905934
electrode_boiler_DH,power,CH,0,0.0709524572992296,lifetime,0,-16.232695260337437,1.0,1.0,-228.7827071566934
electrode_boiler_DH,power,CZ,0,0.0709524572992296,lifetime,0,-8.537512333769198,1.0,1.0,-120.32722556406654
electrode_boiler_DH,power,DE,0,0.0709524572992296,lifetime,0,-20.68972125839492,1.0,1.0,-291.5997845027359
electrode_boiler_DH,power,DK,0,0.0709524572992296,lifetime,0,-24.326497427738264,1.0,1.0,-342.8563062325736
electrode_boiler_DH,power,EE,0,0.0709524572992296,lifetime,0,-24.326497427738264,1.0,1.0,-342.8563062325736
electrode_boiler_DH,power,EL,0,0.0709524572992296,lifetime,0,-19.051812112798885,1.0,1.0,-268.51518380048765
electrode_boiler_DH,power,ES,0,0.0709524572992296,lifetime,0,-20.572358628735252,1.0,1.0,-289.9456821061873
electrode_boiler_DH,power,FI,0,0.0709524572992296,lifetime,0,-22.059856077224374,1.0,1.0,-310.910388687326
electrode_boiler_DH,power,FR,0,0.0709524572992296,lifetime,0,-24.326497427738264,1.0,1.0,-342.8563062325736
electrode_boiler_DH,power,HR,0,0.0709524572992296,lifetime,0,1.1857054851401454,1.0,1.0,16.71126737922042
electrode_boiler_DH,power,HU,0,0.0709524572992296,lifetime,0,-24.326497427738264,1.0,1.0,-342.8563062325736
electrode_boiler_DH,power,IE,0,0.0709524572992296,lifetime,0,-24.326497427738264,1.0,1.0,-342.8563062325736
electrode_boiler_DH,power,IT,0,0.0709524572992296,lifetime,0,-24.326497427738264,1.0,1.0,-342.8563062325736
electrode_boiler_DH,power,LT,0,0.0709524572992296,lifetime,0,-24.326497427738264,1.0,1.0,-342.8563062325736
electrode_boiler_DH,power,LU,0,0.0709524572992296,lifetime,0,-11.185510212956213,1.0,1.0,-157.6479608843324
electrode_boiler_DH,power,LV,0,0.0709524572992296,lifetime,0,-24.326497427738264,1.0,1.0,-342.8563062325736
electrode_boiler_DH,power,NL,0,0.0709524572992296,lifetime,0,-24.326497427738264,1.0,1.0,-342.8563062325736
electrode_boiler_DH,power,NO,0,0.0709524572992296,lifetime,0,-20.24086666551372,1.0,1.0,-285.2736527524537
electrode_boiler_DH,power,PL,0,0.0709524572992296,lifetime,0,-18.554985200487124,1.0,1.0,-261.5129328394465
electrode_boiler_DH,power,PT,0,0.0709524572992296,lifetime,0,-24.326497427738264,1.0,1.0,-342.8563062325736
electrode_boiler_DH,power,RO,0,0.0709524572992296,lifetime,0,-20.86952967743437,1.0,1.0,-294.1339943931861
electrode_boiler_DH,power,SE,0,0.0709524572992296,lifetime,0,-24.326497427738264,1.0,1.0,-342.8563062325736
electrode_boiler_DH,power,SI,0,0.0709524572992296,lifetime,0,1.1857054851401454,1.0,1.0,16.71126737922042
electrode_boiler_DH,power,SK,0,0.0709524572992296,lifetime,0,-12.035270915404444,1.0,1.0,-169.62444111904105
electrode_boiler_DH,power,UK,0,0.0709524572992296,lifetime,0,-24.326497427738264,1.0,1.0,-342.8563062325736
electrolysis,power,AT,0,0.0682918598666937,lifetime,0,-39.365355933178066,1.0,1.0,-576.4282303926058
electrolysis,power,BE,0,0.0682918598666937,lifetime,0,-39.365355933178066,1.0,1.0,-576.4282303926058
electrolysis,power,BG,0,0.0682918598666937,lifetime,0,-39.365355933178066,1.0,1.0,-576.4282303926058
electrolysis,power,CH,0,0.0682918598666937,lifetime,0,-39.365355933178066,1.0,1.0,-576.4282303926058
electrolysis,power,CZ,0,0.0682918598666937,lifetime,0,-39.365355933178066,1.0,1.0,-576.4282303926058
electrolysis,power,DE,0,0.0682918598666937,lifetime,0,-39.365355933178066,1.0,1.0,-576.4282303926058
electrolysis,power,DK,0,0.0682918598666937,lifetime,0,-39.365355933178066,1.0,1.0,-576.4282303926058
electrolysis,power,EE,0,0.0682918598666937,lifetime,0,-39.365355933178066,1.0,1.0,-576.4282303926058
electrolysis,power,EL,0,0.0682918598666937,lifetime,0,-39.365355933178066,1.0,1.0,-576.4282303926058
electrolysis,power,ES,0,0.0682918598666937,lifetime,0,-39.365355933178066,1.0,1.0,-576.4282303926058
electrolysis,power,FI,0,0.0682918598666937,lifetime,0,-39.365355933178066,1.0,1.0,-576.4282303926058
electrolysis,power,FR,0,0.0682918598666937,lifetime,0,-39.365355933178066,1.0,1.0,-576.4282303926058
electrolysis,power,HR,0,0.0682918598666937,lifetime,0,-39.365355933178066,1.0,1.0,-576.4282303926058
electrolysis,power,HU,0,0.0682918598666937,lifetime,0,-39.365355933178066,1.0,1.0,-576.4282303926058
electrolysis,power,IE,0,0.0682918598666937,lifetime,0,-39.365355933178066,1.0,1.0,-576.4282303926058
electrolysis,power,IT,0,0.0682918598666937,lifetime,0,-39.365355933178066,1.0,1.0,-576.4282303926058
electrolysis,power,LT,0,0.0682918598666937,lifetime,0,-39.365355933178066,1.0,1.0,-576.4282303926058
electrolysis,power,LU,0,0.0682918598666937,lifetime,0,-39.365355933178066,1.0,1.0,-576.4282303926058
electrolysis,power,LV,0,0.0682918598666937,lifetime,0,-39.365355933178066,1.0,1.0,-576.4282303926058
electrolysis,power,NL,0,0.0682918598666937,lifetime,0,-39.365355933178066,1.0,1.0,-576.4282303926058
electrolysis,power,NO,0,0.0682918598666937,lifetime,0,-39.365355933178066,1.0,1.0,-576.4282303926058
electrolysis,power,PL,0,0.0682918598666937,lifetime,0,-39.365355933178066,1.0,1.0,-576.4282303926058
electrolysis,power,PT,0,0.0682918598666937,lifetime,0,-39.365355933178066,1.0,1.0,-576.4282303926058
electrolysis,power,RO,0,0.0682918598666937,lifetime,0,-39.365355933178066,1.0,1.0,-576.4282303926058
electrolysis,power,SE,0,0.0682918598666937,lifetime,0,-39.365355933178066,1.0,1.0,-576.4282303926058
electrolysis,power,SI,0,0.0682918598666937,lifetime,0,-39.365355933178066,1.0,1.0,-576.4282303926058
electrolysis,power,SK,0,0.0682918598666937,lifetime,0,-39.365355933178066,1.0,1.0,-576.4282303926058
electrolysis,power,UK,0,0.0682918598666937,lifetime,0,-39.365355933178066,1.0,1.0,-576.4282303926058
fischer_tropsch,power,AT,0,0.0682918598666937,lifetime,0,25.633512784589445,1.0,1.0,375.35238950332126
fischer_tropsch,power,BE,0,0.0682918598666937,lifetime,0,25.633512784589445,1.0,1.0,375.35238950332126
fischer_tropsch,power,BG,0,0.0682918598666937,lifetime,0,25.633512784589445,1.0,1.0,375.35238950332126
fischer_tropsch,power,CH,0,0.0682918598666937,lifetime,0,25.633512784589445,1.0,1.0,375.35238950332126
fischer_tropsch,power,CZ,0,0.0682918598666937,lifetime,0,25.633512784589445,1.0,1.0,375.35238950332126
fischer_tropsch,power,DE,0,0.0682918598666937,lifetime,0,25.633512784589445,1.0,1.0,375.35238950332126
fischer_tropsch,power,DK,0,0.0682918598666937,lifetime,0,25.633512784589445,1.0,1.0,375.35238950332126
fischer_tropsch,power,EE,0,0.0682918598666937,lifetime,0,25.633512784589445,1.0,1.0,375.35238950332126
fischer_tropsch,power,EL,0,0.0682918598666937,lifetime,0,25.633512784589445,1.0,1.0,375.35238950332126
fischer_tropsch,power,ES,0,0.0682918598666937,lifetime,0,25.633512784589445,1.0,1.0,375.35238950332126
fischer_tropsch,power,FI,0,0.0682918598666937,lifetime,0,25.633512784589445,1.0,1.0,375.35238950332126
fischer_tropsch,power,FR,0,0.0682918598666937,lifetime,0,25.633512784589445,1.0,1.0,375.35238950332126
fischer_tropsch,power,HR,0,0.0682918598666937,lifetime,0,25.633512784589445,1.0,1.0,375.35238950332126
fischer_tropsch,power,HU,0,0.0682918598666937,lifetime,0,25.35662968052193,1.0,1.0,371.29798090165195
fischer_tropsch,power,IE,0,0.0682918598666937,lifetime,0,25.633512784589445,1.0,1.0,375.35238950332126
fischer_tropsch,power,IT,0,0.0682918598666937,lifetime,0,25.633512784589445,1.0,1.0,375.35238950332126
fischer_tropsch,power,LT,0,0.0682918598666937,lifetime,0,25.633512784589445,1.0,1.0,375.35238950332126
fischer_tropsch,power,LU,0,0.0682918598666937,lifetime,0,25.633512784589445,1.0,1.0,375.35238950332126
fischer_tropsch,power,LV,0,0.0682918598666937,lifetime,0,25.633512784589445,1.0,1.0,375.35238950332126
fischer_tropsch,power,NL,0,0.0682918598666937,lifetime,0,25.633512784589445,1.0,1.0,375.35238950332126
fischer_tropsch,power,NO,0,0.0682918598666937,lifetime,0,25.633512784589445,1.0,1.0,375.35238950332126
fischer_tropsch,power,PL,0,0.0682918598666937,lifetime,0,25.633512784589445,1.0,1.0,375.35238950332126
fischer_tropsch,power,PT,0,0.0682918598666937,lifetime,0,25.633512784589445,1.0,1.0,375.35238950332126
fischer_tropsch,power,RO,0,0.0682918598666937,lifetime,0,25.633512784589445,1.0,1.0,375.35238950332126
fischer_tropsch,power,SE,0,0.0682918598666937,lifetime,0,25.633512784589445,1.0,1.0,375.35238950332126
fischer_tropsch,power,SI,0,0.0682918598666937,lifetime,0,25.633512784589445,1.0,1.0,375.35238950332126
fischer_tropsch,power,SK,0,0.0682918598666937,lifetime,0,25.633512784589445,1.0,1.0,375.35238950332126
fischer_tropsch,power,UK,0,0.0682918598666937,lifetime,0,25.633512784589445,1.0,1.0,375.35238950332126
fuel_cell,power,AT,0,0.09634228760924432,lifetime,0,-68.87528124890736,1.0,1.0,-714.9018666471708
fuel_cell,power,BE,0,0.09634228760924432,lifetime,0,-33.28749527036502,1.0,1.0,-345.512817853943
fuel_cell,power,BG,0,0.09634228760924432,lifetime,0,-29.11080488787239,1.0,1.0,-302.16019995231176
fuel_cell,power,CH,0,0.09634228760924432,lifetime,0,-77.87491520141552,1.0,1.0,-808.3149895430051
fuel_cell,power,CZ,0,0.09634228760924432,lifetime,0,-20.423624935682284,1.0,1.0,-211.99024273244035
fuel_cell,power,DE,0,0.09634228760924432,lifetime,0,-59.53965295177985,1.0,1.0,-618.001237351425
fuel_cell,power,DK,0,0.09634228760924432,lifetime,0,10.33833432659246,1.0,1.0,107.30837499441384
fuel_cell,power,EE,0,0.09634228760924432,lifetime,0,17.32946953279658,1.0,1.0,179.8739677334978
fuel_cell,power,EL,0,0.09634228760924432,lifetime,0,-81.24709143739923,1.0,1.0,-843.3170257169951
fuel_cell,power,ES,0,0.09634228760924432,lifetime,0,-132.97656046676977,1.0,1.0,-1380.2512247385155
fuel_cell,power,FI,0,0.09634228760924432,lifetime,0,-54.07901273193791,1.0,1.0,-561.3216591999303
fuel_cell,power,FR,0,0.09634228760924432,lifetime,0,15.538716309126137,1.0,1.0,161.2865616410291
fuel_cell,power,HR,0,0.09634228760924432,lifetime,0,-31.26383743302508,1.0,1.0,-324.50794151607033
fuel_cell,power,HU,0,0.09634228760924432,lifetime,0,-8.949467959089652,1.0,1.0,-92.89241703900464
fuel_cell,power,IE,0,0.09634228760924432,lifetime,0,26.300801942971184,1.0,1.0,272.9933302979568
fuel_cell,power,IT,0,0.09634228760924432,lifetime,0,-90.38575449402725,1.0,1.0,-938.1732231709483
fuel_cell,power,LT,0,0.09634228760924432,lifetime,0,0.5041917639697786,1.0,1.0,5.233338095673369
fuel_cell,power,LU,0,0.09634228760924432,lifetime,0,-20.155865003055062,1.0,1.0,-209.21098619544352
fuel_cell,power,LV,0,0.09634228760924432,lifetime,0,16.67882192628756,1.0,1.0,173.12046807457352
fuel_cell,power,NL,0,0.09634228760924432,lifetime,0,-13.078943624050048,1.0,1.0,-135.75496231828197
fuel_cell,power,NO,0,0.09634228760924432,lifetime,0,12.694653980744555,1.0,1.0,131.76616723315655
fuel_cell,power,PL,0,0.09634228760924432,lifetime,0,-59.627436864806924,1.0,1.0,-618.9124043498994
fuel_cell,power,PT,0,0.09634228760924432,lifetime,0,-87.40769285104636,1.0,1.0,-907.2619617001843
fuel_cell,power,RO,0,0.09634228760924432,lifetime,0,-19.83441651965139,1.0,1.0,-205.87446086082164
fuel_cell,power,SE,0,0.09634228760924432,lifetime,0,43.955468004796025,1.0,1.0,456.2427267979712
fuel_cell,power,SI,0,0.09634228760924432,lifetime,0,-35.83117268482385,1.0,1.0,-371.91531957546897
fuel_cell,power,SK,0,0.09634228760924432,lifetime,0,-8.767813122758461,1.0,1.0,-91.00690195690521
fuel_cell,power,UK,0,0.09634228760924432,lifetime,0,-4.323926942620098,1.0,1.0,-44.88088304647236
gasification,power,AT,0,0.09634228760924432,lifetime,0,25.69159670053544,1.0,1.0,266.66998820640686
gasification,power,BE,0,0.09634228760924432,lifetime,0,25.69159670053544,1.0,1.0,266.66998820640686
gasification,power,BG,0,0.09634228760924432,lifetime,0,25.69159670053544,1.0,1.0,266.66998820640686
gasification,power,CH,0,0.09634228760924432,lifetime,0,25.69159670053544,1.0,1.0,266.66998820640686
gasification,power,CZ,0,0.09634228760924432,lifetime,0,25.69159670053544,1.0,1.0,266.66998820640686
gasification,power,DE,0,0.09634228760924432,lifetime,0,25.69159670053544,1.0,1.0,266.66998820640686
gasification,power,DK,0,0.09634228760924432,lifetime,0,25.69159670053544,1.0,1.0,266.66998820640686
gasification,power,EE,0,0.09634228760924432,lifetime,0,25.69159670053544,1.0,1.0,266.66998820640686
gasification,power,EL,0,0.09634228760924432,lifetime,0,25.69159670053544,1.0,1.0,266.66998820640686
gasification,power,ES,0,0.09634228760924432,lifetime,0,25.69159670053544,1.0,1.0,266.66998820640686
gasification,power,FI,0,0.09634228760924432,lifetime,0,25.69159670053544,1.0,1.0,266.66998820640686
gasification,power,FR,0,0.09634228760924432,lifetime,0,25.69159670053544,1.0,1.0,266.66998820640686
gasification,power,HR,0,0.09634228760924432,lifetime,0,25.69159670053544,1.0,1.0,266.66998820640686
gasification,power,HU,0,0.09634228760924432,lifetime,0,25.69159670053544,1.0,1.0,266.66998820640686
gasification,power,IE,0,0.09634228760924432,lifetime,0,25.69159670053544,1.0,1.0,266.66998820640686
gasification,power,IT,0,0.09634228760924432,lifetime,0,25.69159670053544,1.0,1.0,266.66998820640686
gasification,power,LT,0,0.09634228760924432,lifetime,0,25.69159670053544,1.0,1.0,266.66998820640686
gasification,power,LU,0,0.09634228760924432,lifetime,0,25.69159670053544,1.0,1.0,266.66998820640686
gasification,power,LV,0,0.09634228760924432,lifetime,0,25.69159670053544,1.0,1.0,266.66998820640686
gasification,power,NL,0,0.09634228760924432,lifetime,0,25.69159670053544,1.0,1.0,266.66998820640686
gasification,power,NO,0,0.09634228760924432,lifetime,0,25.69159670053544,1.0,1.0,266.66998820640686
gasification,power,PL,0,0.09634228760924432,lifetime,0,25.69159670053544,1.0,1.0,266.66998820640686
gasification,power,PT,0,0.09634228760924432,lifetime,0,25.69159670053544,1.0,1.0,266.66998820640686
gasification,power,RO,0,0.09634228760924432,lifetime,0,25.69159670053544,1.0,1.0,266.66998820640686
gasification,power,SE,0,0.09634228760924432,lifetime,0,25.69159670053544,1.0,1.0,266.66998820640686
gasification,power,SI,0,0.09634228760924432,lifetime,0,25.69159670053544,1.0,1.0,266.66998820640686
gasification,power,SK,0,0.09634228760924432,lifetime,0,25.69159670053544,1.0,1.0,266.66998820640686
gasification,power,UK,0,0.09634228760924432,lifetime,0,25.69159670053544,1.0,1.0,266.66998820640686
haber_bosch,power,AT,0,0.06505143508027657,lifetime,0,-53.94188315267407,1.0,1.0,-829.2189570623187
haber_bosch,power,BE,0,0.06505143508027657,lifetime,0,-53.94188315267407,1.0,1.0,-829.2189570623187
haber_bosch,power,BG,0,0.06505143508027657,lifetime,0,-53.94188315267407,1.0,1.0,-829.2189570623187
haber_bosch,power,CH,0,0.06505143508027657,lifetime,0,-53.94188315267407,1.0,1.0,-829.2189570623187
haber_bosch,power,CZ,0,0.06505143508027657,lifetime,0,-53.94188315267407,1.0,1.0,-829.2189570623187
haber_bosch,power,DE,0,0.06505143508027657,lifetime,0,-53.94188315267407,1.0,1.0,-829.2189570623187
haber_bosch,power,DK,0,0.06505143508027657,lifetime,0,-44.48878806630627,1.0,1.0,-683.9017157946629
haber_bosch,power,EE,0,0.06505143508027657,lifetime,0,-53.94188315267407,1.0,1.0,-829.2189570623187
haber_bosch,power,EL,0,0.06505143508027657,lifetime,0,-53.94188315267407,1.0,1.0,-829.2189570623187
haber_bosch,power,ES,0,0.06505143508027657,lifetime,0,-53.94188315267407,1.0,1.0,-829.2189570623187
haber_bosch,power,FI,0,0.06505143508027657,lifetime,0,-53.94188315267407,1.0,1.0,-829.2189570623187
haber_bosch,power,FR,0,0.06505143508027657,lifetime,0,-53.94188315267407,1.0,1.0,-829.2189570623187
haber_bosch,power,HR,0,0.06505143508027657,lifetime,0,-53.94188315267407,1.0,1.0,-829.2189570623187
haber_bosch,power,HU,0,0.06505143508027657,lifetime,0,-53.94188315267407,1.0,1.0,-829.2189570623187
haber_bosch,power,IE,0,0.06505143508027657,lifetime,0,-23.68989062396838,1.0,1.0,-364.1716834491649
haber_bosch,power,IT,0,0.06505143508027657,lifetime,0,-53.94188315267407,1.0,1.0,-829.2189570623187
haber_bosch,power,LT,0,0.06505143508027657,lifetime,0,-53.94188315267407,1.0,1.0,-829.2189570623187
haber_bosch,power,LU,0,0.06505143508027657,lifetime,0,-40.65422971823321,1.0,1.0,-624.955155379185
haber_bosch,power,LV,0,0.06505143508027657,lifetime,0,-48.65764385279499,1.0,1.0,-747.987247210598
haber_bosch,power,NL,0,0.06505143508027657,lifetime,0,-53.94188315267407,1.0,1.0,-829.2189570623187
haber_bosch,power,NO,0,0.06505143508027657,lifetime,0,-53.94188315267407,1.0,1.0,-829.2189570623187
haber_bosch,power,PL,0,0.06505143508027657,lifetime,0,-53.94188315267407,1.0,1.0,-829.2189570623187
haber_bosch,power,PT,0,0.06505143508027657,lifetime,0,-53.94188315267407,1.0,1.0,-829.2189570623187
haber_bosch,power,RO,0,0.06505143508027657,lifetime,0,-53.94188315267407,1.0,1.0,-829.2189570623187
haber_bosch,power,SE,0,0.06505143508027657,lifetime,0,-36.05787012431274,1.0,1.0,-554.2978426196995
haber_bosch,power,SI,0,0.06505143508027657,lifetime,0,-45.518278976685274,1.0,1.0,-699.7275143970852
haber_bosch,power,SK,0,0.06505143508027657,lifetime,0,-53.94188315267407,1.0,1.0,-829.2189570623187
haber_bosch,power,UK,0,0.06505143508027657,lifetime,0,-53.94188315267407,1.0,1.0,-829.2189570623187
hard_coal_boiler_DH,power,AT,0,0.06505143508027657,lifetime,0,2.51969791695026,1.0,1.0,38.73393283085658
hard_coal_boiler_DH,power,BE,0,0.06505143508027657,lifetime,0,2.51969791695026,1.0,1.0,38.73393283085658
hard_coal_boiler_DH,power,BG,0,0.06505143508027657,lifetime,0,2.51969791695026,1.0,1.0,38.73393283085658
hard_coal_boiler_DH,power,CH,0,0.06505143508027657,lifetime,0,2.51969791695026,1.0,1.0,38.73393283085658
hard_coal_boiler_DH,power,CZ,0,0.06505143508027657,lifetime,0,2.51969791695026,1.0,1.0,38.73393283085658
hard_coal_boiler_DH,power,DE,0,0.06505143508027657,lifetime,0,2.51969791695026,1.0,1.0,38.73393283085658
hard_coal_boiler_DH,power,DK,0,0.06505143508027657,lifetime,0,2.51969791695026,1.0,1.0,38.73393283085658
hard_coal_boiler_DH,power,EE,0,0.06505143508027657,lifetime,0,2.51969791695026,1.0,1.0,38.73393283085658
hard_coal_boiler_DH,power,EL,0,0.06505143508027657,lifetime,0,2.51969791695026,1.0,1.0,38.73393283085658
hard_coal_boiler_DH,power,ES,0,0.06505143508027657,lifetime,0,2.51969791695026,1.0,1.0,38.73393283085658
hard_coal_boiler_DH,power,FI,0,0.06505143508027657,lifetime,0,2.51969791695026,1.0,1.0,38.73393283085658
hard_coal_boiler_DH,power,FR,0,0.06505143508027657,lifetime,0,2.51969791695026,1.0,1.0,38.73393283085658
hard_coal_boiler_DH,power,HR,0,0.06505143508027657,lifetime,0,2.51969791695026,1.0,1.0,38.73393283085658
hard_coal_boiler_DH,power,HU,0,0.06505143508027657,lifetime,0,2.51969791695026,1.0,1.0,38.73393283085658
hard_coal_boiler_DH,power,IE,0,0.06505143508027657,lifetime,0,2.51969791695026,1.0,1.0,38.73393283085658
hard_coal_boiler_DH,power,IT,0,0.06505143508027657,lifetime,0,2.51969791695026,1.0,1.0,38.73393283085658
hard_coal_boiler_DH,power,LT,0,0.06505143508027657,lifetime,0,2.51969791695026,1.0,1.0,38.73393283085658
hard_coal_boiler_DH,power,LU,0,0.06505143508027657,lifetime,0,2.51969791695026,1.0,1.0,38.73393283085658
hard_coal_boiler_DH,power,LV,0,0.06505143508027657,lifetime,0,2.51969791695026,1.0,1.0,38.73393283085658
hard_coal_boiler_DH,power,NL,0,0.06505143508027657,lifetime,0,2.51969791695026,1.0,1.0,38.73393283085658
hard_coal_boiler_DH,power,NO,0,0.06505143508027657,lifetime,0,2.51969791695026,1.0,1.0,38.73393283085658
hard_coal_boiler_DH,power,PL,0,0.06505143508027657,lifetime,0,2.51969791695026,1.0,1.0,38.73393283085658
hard_coal_boiler_DH,power,PT,0,0.06505143508027657,lifetime,0,2.51969791695026,1.0,1.0,38.73393283085658
hard_coal_boiler_DH,power,RO,0,0.06505143508027657,lifetime,0,2.51969791695026,1.0,1.0,38.73393283085658
hard_coal_boiler_DH,power,SE,0,0.06505143508027657,lifetime,0,2.51969791695026,1.0,1.0,38.73393283085658
hard_coal_boiler_DH,power,SI,0,0.06505143508027657,lifetime,0,2.51969791695026,1.0,1.0,38.73393283085658
hard_coal_boiler_DH,power,SK,0,0.06505143508027657,lifetime,0,2.51969791695026,1.0,1.0,38.73393283085658
hard_coal_boiler_DH,power,UK,0,0.06505143508027657,lifetime,0,2.51969791695026,1.0,1.0,38.73393283085658
hard_coal_plant,power,AT,0,0.055928203632630874,lifetime,0,29.603227107631007,1.0,1.0,529.3076692053673
hard_coal_plant,power,BE,0,0.055928203632630874,lifetime,0,29.603227107631007,1.0,1.0,529.3076692053673
hard_coal_plant,power,BG,0,0.055928203632630874,lifetime,0,29.603227107631007,1.0,1.0,529.3076692053673
hard_coal_plant,power,CH,0,0.055928203632630874,lifetime,0,29.603227107631007,1.0,1.0,529.3076692053673
hard_coal_plant,power,CZ,0,0.055928203632630874,lifetime,0,29.603227107631007,1.0,1.0,529.3076692053673
hard_coal_plant,power,DE,0,0.055928203632630874,lifetime,0,29.603227107631007,1.0,1.0,529.3076692053673
hard_coal_plant,power,DK,0,0.055928203632630874,lifetime,0,29.603227107631007,1.0,1.0,529.3076692053673
hard_coal_plant,power,EE,0,0.055928203632630874,lifetime,0,29.603227107631007,1.0,1.0,529.3076692053673
hard_coal_plant,power,EL,0,0.055928203632630874,lifetime,0,29.603227107631007,1.0,1.0,529.3076692053673
hard_coal_plant,power,ES,0,0.055928203632630874,lifetime,0,29.603227107631007,1.0,1.0,529.3076692053673
hard_coal_plant,power,FI,0,0.055928203632630874,lifetime,0,29.603227107631007,1.0,1.0,529.3076692053673
hard_coal_plant,power,FR,0,0.055928203632630874,lifetime,0,29.603227107631007,1.0,1.0,529.3076692053673
hard_coal_plant,power,HR,0,0.055928203632630874,lifetime,0,29.603227107631007,1.0,1.0,529.3076692053673
hard_coal_plant,power,HU,0,0.055928203632630874,lifetime,0,29.603227107631007,1.0,1.0,529.3076692053673
hard_coal_plant,power,IE,0,0.055928203632630874,lifetime,0,29.603227107631007,1.0,1.0,529.3076692053673
hard_coal_plant,power,IT,0,0.055928203632630874,lifetime,0,29.603227107631007,1.0,1.0,529.3076692053673
hard_coal_plant,power,LT,0,0.055928203632630874,lifetime,0,29.603227107631007,1.0,1.0,529.3076692053673
hard_coal_plant,power,LU,0,0.055928203632630874,lifetime,0,29.603227107631007,1.0,1.0,529.3076692053673
hard_coal_plant,power,LV,0,0.055928203632630874,lifetime,0,29.603227107631007,1.0,1.0,529.3076692053673
hard_coal_plant,power,NL,0,0.055928203632630874,lifetime,0,29.603227107631007,1.0,1.0,529.3076692053673
hard_coal_plant,power,NO,0,0.055928203632630874,lifetime,0,29.603227107631007,1.0,1.0,529.3076692053673
hard_coal_plant,power,PL,0,0.055928203632630874,lifetime,0,29.603227107631007,1.0,1.0,529.3076692053673
hard_coal_plant,power,PT,0,0.055928203632630874,lifetime,0,29.603227107631007,1.0,1.0,529.3076692053673
hard_coal_plant,power,RO,0,0.055928203632630874,lifetime,0,29.603227107631007,1.0,1.0,529.3076692053673
hard_coal_plant,power,SE,0,0.055928203632630874,lifetime,0,29.603227107631007,1.0,1.0,529.3076692053673
hard_coal_plant,power,SI,0,0.055928203632630874,lifetime,0,29.603227107631007,1.0,1.0,529.3076692053673
hard_coal_plant,power,SK,0,0.055928203632630874,lifetime,0,29.603227107631007,1.0,1.0,529.3076692053673
hard_coal_plant,power,UK,0,0.055928203632630874,lifetime,0,29.603227107631007,1.0,1.0,529.3076692053673
heat_pump,power,AT,0,0.0827450103817562,lifetime,0,-59.21360450731459,1.0,1.0,-715.6154097283204
heat_pump,power,BE,0,0.0827450103817562,lifetime,0,-59.21360450731459,1.0,1.0,-715.6154097283204
heat_pump,power,BG,0,0.0827450103817562,lifetime,0,-59.21360450731459,1.0,1.0,-715.6154097283204
heat_pump,power,CH,0,0.0827450103817562,lifetime,0,-59.21360450731459,1.0,1.0,-715.6154097283204
heat_pump,power,CZ,0,0.0827450103817562,lifetime,0,-59.21360450731459,1.0,1.0,-715.6154097283204
heat_pump,power,DE,0,0.0827450103817562,lifetime,0,-59.21360450731459,1.0,1.0,-715.6154097283204
heat_pump,power,DK,0,0.0827450103817562,lifetime,0,-59.21360450731459,1.0,1.0,-715.6154097283204
heat_pump,power,EE,0,0.0827450103817562,lifetime,0,-59.21360450731459,1.0,1.0,-715.6154097283204
heat_pump,power,EL,0,0.0827450103817562,lifetime,0,-59.21360450731459,1.0,1.0,-715.6154097283204
heat_pump,power,ES,0,0.0827450103817562,lifetime,0,-59.21360450731459,1.0,1.0,-715.6154097283204
heat_pump,power,FI,0,0.0827450103817562,lifetime,0,-59.21360450731459,1.0,1.0,-715.6154097283204
heat_pump,power,FR,0,0.0827450103817562,lifetime,0,-59.21360450731459,1.0,1.0,-715.6154097283204
heat_pump,power,HR,0,0.0827450103817562,lifetime,0,-59.21360450731459,1.0,1.0,-715.6154097283204
heat_pump,power,HU,0,0.0827450103817562,lifetime,0,-59.21360450731459,1.0,1.0,-715.6154097283204
heat_pump,power,IE,0,0.0827450103817562,lifetime,0,-59.21360450731459,1.0,1.0,-715.6154097283204
heat_pump,power,IT,0,0.0827450103817562,lifetime,0,-59.21360450731459,1.0,1.0,-715.6154097283204
heat_pump,power,LT,0,0.0827450103817562,lifetime,0,-59.21360450731459,1.0,1.0,-715.6154097283204
heat_pump,power,LU,0,0.0827450103817562,lifetime,0,-59.21360450731459,1.0,1.0,-715.6154097283204
heat_pump,power,LV,0,0.0827450103817562,lifetime,0,-59.21360450731459,1.0,1.0,-715.6154097283204
heat_pump,power,NL,0,0.0827450103817562,lifetime,0,-59.21360450731459,1.0,1.0,-715.6154097283204
heat_pump,power,NO,0,0.0827450103817562,lifetime,0,-59.21360450731459,1.0,1.0,-715.6154097283204
heat_pump,power,PL,0,0.0827450103817562,lifetime,0,-59.21360450731459,1.0,1.0,-715.6154097283204
heat_pump,power,PT,0,0.0827450103817562,lifetime,0,-59.21360450731459,1.0,1.0,-715.6154097283204
heat_pump,power,RO,0,0.0827450103817562,lifetime,0,-59.21360450731459,1.0,1.0,-715.6154097283204
heat_pump,power,SE,0,0.0827450103817562,lifetime,0,-59.21360450731459,1.0,1.0,-715.6154097283204
heat_pump,power,SI,0,0.0827450103817562,lifetime,0,-59.21360450731459,1.0,1.0,-715.6154097283204
heat_pump,power,SK,0,0.0827450103817562,lifetime,0,-59.21360450731459,1.0,1.0,-715.6154097283204
heat_pump,power,UK,0,0.0827450103817562,lifetime,0,-59.21360450731459,1.0,1.0,-715.6154097283204
heat_pump_DH,power,AT,0,0.0709524572992296,lifetime,0,-49.60060691715857,1.0,1.0,-699.0682043326093
heat_pump_DH,power,BE,0,0.0709524572992296,lifetime,0,-64.37352227919588,1.0,1.0,-907.2768545240342
heat_pump_DH,power,BG,0,0.0709524572992296,lifetime,0,-67.99183834967201,1.0,1.0,-958.2732006437537
heat_pump_DH,power,CH,0,0.0709524572992296,lifetime,0,-57.562640589136635,1.0,1.0,-811.28466553845
heat_pump_DH,power,CZ,0,0.0709524572992296,lifetime,0,-57.048286441641544,1.0,1.0,-804.035386696339
heat_pump_DH,power,DE,0,0.0709524572992296,lifetime,0,-60.0081314051127,1.0,1.0,-845.7512775355882
heat_pump_DH,power,DK,0,0.0709524572992296,lifetime,0,-65.52631013149343,1.0,1.0,-923.5241826107257
heat_pump_DH,power,EE,0,0.0709524572992296,lifetime,0,-82.82858358892857,1.0,1.0,-1167.3814655863641
heat_pump_DH,power,EL,0,0.0709524572992296,lifetime,0,-84.77710182353677,1.0,1.0,-1194.8437735708596
heat_pump_DH,power,ES,0,0.0709524572992296,lifetime,0,-74.64785194522582,1.0,1.0,-1052.0826872903294
heat_pump_DH,power,FI,0,0.0709524572992296,lifetime,0,-62.43059394080058,1.0,1.0,-879.8933302268933
heat_pump_DH,power,FR,0,0.0709524572992296,lifetime,0,-69.80496136039501,1.0,1.0,-983.8272558483039
heat_pump_DH,power,HR,0,0.0709524572992296,lifetime,0,-54.08943013555232,1.0,1.0,-762.3334299394254
heat_pump_DH,power,HU,0,0.0709524572992296,lifetime,0,-75.82729033835992,1.0,1.0,-1068.7056266222262
heat_pump_DH,power,IE,0,0.0709524572992296,lifetime,0,-73.06021673256546,1.0,1.0,-1029.7066446119936
heat_pump_DH,power,IT,0,0.0709524572992296,lifetime,0,-77.06561925961122,1.0,1.0,-1086.1585657928722
heat_pump_DH,power,LT,0,0.0709524572992296,lifetime,0,-64.41053657614333,1.0,1.0,-907.7985319733627
heat_pump_DH,power,LU,0,0.0709524572992296,lifetime,0,-53.70118693214676,1.0,1.0,-756.8615517524838
heat_pump_DH,power,LV,0,0.0709524572992296,lifetime,0,-67.80117703243687,1.0,1.0,-955.5860306077525
heat_pump_DH,power,NL,0,0.0709524572992296,lifetime,0,-84.77710182353677,1.0,1.0,-1194.8437735708596
heat_pump_DH,power,NO,0,0.0709524572992296,lifetime,0,-54.96804651164294,1.0,1.0,-774.7166004388657
heat_pump_DH,power,PL,0,0.0709524572992296,lifetime,0,-49.178197399286965,1.0,1.0,-693.1147880035572
heat_pump_DH,power,PT,0,0.0709524572992296,lifetime,0,-75.79986399912372,1.0,1.0,-1068.3190813173817
heat_pump_DH,power,RO,0,0.0709524572992296,lifetime,0,-56.42477947176013,1.0,1.0,-795.2477140262878
heat_pump_DH,power,SE,0,0.0709524572992296,lifetime,0,-64.22649022461924,1.0,1.0,-905.2045928973994
heat_pump_DH,power,SI,0,0.0709524572992296,lifetime,0,-48.027727391256114,1.0,1.0,-676.9001274854733
heat_pump_DH,power,SK,0,0.0709524572992296,lifetime,0,-54.255725525065046,1.0,1.0,-764.6771879408066
heat_pump_DH,power,UK,0,0.0709524572992296,lifetime,0,-76.95592264764129,1.0,1.0,-1084.612507824685
hydrogen_FC_ship,power,AT,0,0.09634228760924432,lifetime,0,-70.32986995474836,1.0,1.0,-730.0000000000001
hydrogen_FC_ship,power,BE,0,0.09634228760924432,lifetime,0,-70.32986995474836,1.0,1.0,-730.0000000000001
hydrogen_FC_ship,power,BG,0,0.09634228760924432,lifetime,0,-70.32986995474836,1.0,1.0,-730.0000000000001
hydrogen_FC_ship,power,CH,0,0.09634228760924432,lifetime,0,-70.32986995474836,1.0,1.0,-730.0000000000001
hydrogen_FC_ship,power,CZ,0,0.09634228760924432,lifetime,0,-70.32986995474836,1.0,1.0,-730.0000000000001
hydrogen_FC_ship,power,DE,0,0.09634228760924432,lifetime,0,-70.32986995474836,1.0,1.0,-730.0000000000001
hydrogen_FC_ship,power,DK,0,0.09634228760924432,lifetime,0,-70.32986995474836,1.0,1.0,-730.0000000000001
hydrogen_FC_ship,power,EE,0,0.09634228760924432,lifetime,0,-70.32986995474836,1.0,1.0,-730.0000000000001
hydrogen_FC_ship,power,EL,0,0.09634228760924432,lifetime,0,-70.32986995474836,1.0,1.0,-730.0000000000001
hydrogen_FC_ship,power,ES,0,0.09634228760924432,lifetime,0,-70.32986995474836,1.0,1.0,-730.0000000000001
hydrogen_FC_ship,power,FI,0,0.09634228760924432,lifetime,0,-70.32986995474836,1.0,1.0,-730.0000000000001
hydrogen_FC_ship,power,FR,0,0.09634228760924432,lifetime,0,-70.32986995474836,1.0,1.0,-730.0000000000001
hydrogen_FC_ship,power,HR,0,0.09634228760924432,lifetime,0,-70.32986995474836,1.0,1.0,-730.0000000000001
hydrogen_FC_ship,power,HU,0,0.09634228760924432,lifetime,0,-70.32986995474836,1.0,1.0,-730.0000000000001
hydrogen_FC_ship,power,IE,0,0.09634228760924432,lifetime,0,-70.32986995474836,1.0,1.0,-730.0000000000001
hydrogen_FC_ship,power,IT,0,0.09634228760924432,lifetime,0,-70.32986995474836,1.0,1.0,-730.0000000000001
hydrogen_FC_ship,power,LT,0,0.09634228760924432,lifetime,0,-70.32986995474836,1.0,1.0,-730.0000000000001
hydrogen_FC_ship,power,LU,0,0.09634228760924432,lifetime,0,-70.32986995474836,1.0,1.0,-730.0000000000001
hydrogen_FC_ship,power,LV,0,0.09634228760924432,lifetime,0,-70.32986995474836,1.0,1.0,-730.0000000000001
hydrogen_FC_ship,power,NL,0,0.09634228760924432,lifetime,0,-70.32986995474836,1.0,1.0,-730.0000000000001
hydrogen_FC_ship,power,NO,0,0.09634228760924432,lifetime,0,-70.32986995474836,1.0,1.0,-730.0000000000001
hydrogen_FC_ship,power,PL,0,0.09634228760924432,lifetime,0,-70.32986995474836,1.0,1.0,-730.0000000000001
hydrogen_FC_ship,power,PT,0,0.09634228760924432,lifetime,0,-70.32986995474836,1.0,1.0,-730.0000000000001
hydrogen_FC_ship,power,RO,0,0.09634228760924432,lifetime,0,-70.32986995474836,1.0,1.0,-730.0000000000001
hydrogen_FC_ship,power,SE,0,0.09634228760924432,lifetime,0,-70.32986995474836,1.0,1.0,-730.0000000000001
hydrogen_FC_ship,power,SI,0,0.09634228760924432,lifetime,0,-70.32986995474836,1.0,1.0,-730.0000000000001
hydrogen_FC_ship,power,SK,0,0.09634228760924432,lifetime,0,43.8,1.0,1.0,454.62902207231025
hydrogen_FC_ship,power,UK,0,0.09634228760924432,lifetime,0,-70.32986995474836,1.0,1.0,-730.0000000000001
hydrogen_to_cement_fuel,power,AT,0,0.08024258719069129,lifetime,0,-110.96717020540679,1.0,1.0,-1382.896216216216
hydrogen_to_cement_fuel,power,BE,0,0.08024258719069129,lifetime,0,-110.96717020540679,1.0,1.0,-1382.896216216216
hydrogen_to_cement_fuel,power,BG,0,0.08024258719069129,lifetime,0,-110.96717020540679,1.0,1.0,-1382.896216216216
hydrogen_to_cement_fuel,power,CH,0,0.08024258719069129,lifetime,0,-110.96717020540679,1.0,1.0,-1382.896216216216
hydrogen_to_cement_fuel,power,CZ,0,0.08024258719069129,lifetime,0,-110.96717020540679,1.0,1.0,-1382.896216216216
hydrogen_to_cement_fuel,power,DE,0,0.08024258719069129,lifetime,0,-110.96717020540679,1.0,1.0,-1382.896216216216
hydrogen_to_cement_fuel,power,DK,0,0.08024258719069129,lifetime,0,-110.96717020540679,1.0,1.0,-1382.896216216216
hydrogen_to_cement_fuel,power,EE,0,0.08024258719069129,lifetime,0,-110.96717020540679,1.0,1.0,-1382.896216216216
hydrogen_to_cement_fuel,power,EL,0,0.08024258719069129,lifetime,0,-110.96717020540679,1.0,1.0,-1382.896216216216
hydrogen_to_cement_fuel,power,ES,0,0.08024258719069129,lifetime,0,-110.96717020540679,1.0,1.0,-1382.896216216216
hydrogen_to_cement_fuel,power,FI,0,0.08024258719069129,lifetime,0,-110.96717020540679,1.0,1.0,-1382.896216216216
hydrogen_to_cement_fuel,power,FR,0,0.08024258719069129,lifetime,0,-110.96717020540679,1.0,1.0,-1382.896216216216
hydrogen_to_cement_fuel,power,HR,0,0.08024258719069129,lifetime,0,-110.96717020540679,1.0,1.0,-1382.896216216216
hydrogen_to_cement_fuel,power,HU,0,0.08024258719069129,lifetime,0,-110.96717020540679,1.0,1.0,-1382.896216216216
hydrogen_to_cement_fuel,power,IE,0,0.08024258719069129,lifetime,0,-110.96717020540679,1.0,1.0,-1382.896216216216
hydrogen_to_cement_fuel,power,IT,0,0.08024258719069129,lifetime,0,-110.96717020540679,1.0,1.0,-1382.896216216216
hydrogen_to_cement_fuel,power,LT,0,0.08024258719069129,lifetime,0,-110.96717020540679,1.0,1.0,-1382.896216216216
hydrogen_to_cement_fuel,power,LU,0,0.08024258719069129,lifetime,0,-110.96717020540679,1.0,1.0,-1382.896216216216
hydrogen_to_cement_fuel,power,LV,0,0.08024258719069129,lifetime,0,-110.96717020540679,1.0,1.0,-1382.896216216216
hydrogen_to_cement_fuel,power,NL,0,0.08024258719069129,lifetime,0,-0.0,1.0,1.0,-0.0
hydrogen_to_cement_fuel,power,NO,0,0.08024258719069129,lifetime,0,-110.96717020540679,1.0,1.0,-1382.896216216216
hydrogen_to_cement_fuel,power,PL,0,0.08024258719069129,lifetime,0,-110.96717020540679,1.0,1.0,-1382.896216216216
hydrogen_to_cement_fuel,power,PT,0,0.08024258719069129,lifetime,0,-110.96717020540679,1.0,1.0,-1382.896216216216
hydrogen_to_cement_fuel,power,RO,0,0.08024258719069129,lifetime,0,-110.96717020540679,1.0,1.0,-1382.896216216216
hydrogen_to_cement_fuel,power,SE,0,0.08024258719069129,lifetime,0,-110.96717020540679,1.0,1.0,-1382.896216216216
hydrogen_to_cement_fuel,power,SI,0,0.08024258719069129,lifetime,0,-110.96717020540679,1.0,1.0,-1382.896216216216
hydrogen_to_cement_fuel,power,SK,0,0.08024258719069129,lifetime,0,-110.96717020540679,1.0,1.0,-1382.896216216216
hydrogen_to_cement_fuel,power,UK,0,0.08024258719069129,lifetime,0,-110.96717020540679,1.0,1.0,-1382.896216216216
industrial_gas_consumer,power,AT,0,0.05038313806951108,lifetime,0,-0.0,1.0,1.0,-0.0
industrial_gas_consumer,power,BE,0,0.05038313806951108,lifetime,0,-0.0,1.0,1.0,-0.0
industrial_gas_consumer,power,BG,0,0.05038313806951108,lifetime,0,-0.0,1.0,1.0,-0.0
industrial_gas_consumer,power,CH,0,0.05038313806951108,lifetime,0,-0.0,1.0,1.0,-0.0
industrial_gas_consumer,power,CZ,0,0.05038313806951108,lifetime,0,-0.0,1.0,1.0,-0.0
industrial_gas_consumer,power,DE,0,0.05038313806951108,lifetime,0,-0.0,1.0,1.0,-0.0
industrial_gas_consumer,power,DK,0,0.05038313806951108,lifetime,0,-0.0,1.0,1.0,-0.0
industrial_gas_consumer,power,EE,0,0.05038313806951108,lifetime,0,-0.0,1.0,1.0,-0.0
industrial_gas_consumer,power,EL,0,0.05038313806951108,lifetime,0,-0.0,1.0,1.0,-0.0
industrial_gas_consumer,power,ES,0,0.05038313806951108,lifetime,0,-0.0,1.0,1.0,-0.0
industrial_gas_consumer,power,FI,0,0.05038313806951108,lifetime,0,-0.0,1.0,1.0,-0.0
industrial_gas_consumer,power,FR,0,0.05038313806951108,lifetime,0,-0.0,1.0,1.0,-0.0
industrial_gas_consumer,power,HR,0,0.05038313806951108,lifetime,0,-0.0,1.0,1.0,-0.0
industrial_gas_consumer,power,HU,0,0.05038313806951108,lifetime,0,-0.0,1.0,1.0,-0.0
industrial_gas_consumer,power,IE,0,0.05038313806951108,lifetime,0,-0.0,1.0,1.0,-0.0
industrial_gas_consumer,power,IT,0,0.05038313806951108,lifetime,0,-0.0,1.0,1.0,-0.0
industrial_gas_consumer,power,LT,0,0.05038313806951108,lifetime,0,-0.0,1.0,1.0,-0.0
industrial_gas_consumer,power,LU,0,0.05038313806951108,lifetime,0,-0.0,1.0,1.0,-0.0
industrial_gas_consumer,power,LV,0,0.05038313806951108,lifetime,0,-0.0,1.0,1.0,-0.0
industrial_gas_consumer,power,NL,0,0.05038313806951108,lifetime,0,-0.0,1.0,1.0,-0.0
industrial_gas_consumer,power,NO,0,0.05038313806951108,lifetime,0,-0.0,1.0,1.0,-0.0
industrial_gas_consumer,power,PL,0,0.05038313806951108,lifetime,0,-0.0,1.0,1.0,-0.0
industrial_gas_consumer,power,PT,0,0.05038313806951108,lifetime,0,-0.0,1.0,1.0,-0.0
industrial_gas_consumer,power,RO,0,0.05038313806951108,lifetime,0,-0.0,1.0,1.0,-0.0
industrial_gas_consumer,power,SE,0,0.05038313806951108,lifetime,0,-0.0,1.0,1.0,-0.0
industrial_gas_consumer,power,SI,0,0.05038313806951108,lifetime,0,-0.0,1.0,1.0,-0.0
industrial_gas_consumer,power,SK,0,0.05038313806951108,lifetime,0,-0.0,1.0,1.0,-0.0
industrial_gas_consumer,power,UK,0,0.05038313806951108,lifetime,0,-0.0,1.0,1.0,-0.0
lignite_coal_plant,power,AT,0,0.055928203632630874,lifetime,0,37.38306645458204,1.0,1.0,668.4117140635495
lignite_coal_plant,power,BE,0,0.055928203632630874,lifetime,0,37.38306645458204,1.0,1.0,668.4117140635495
lignite_coal_plant,power,BG,0,0.055928203632630874,lifetime,0,37.38306645458204,1.0,1.0,668.4117140635495
lignite_coal_plant,power,CH,0,0.055928203632630874,lifetime,0,37.38306645458204,1.0,1.0,668.4117140635495
lignite_coal_plant,power,CZ,0,0.055928203632630874,lifetime,0,37.38306645458204,1.0,1.0,668.4117140635495
lignite_coal_plant,power,DE,0,0.055928203632630874,lifetime,0,37.38306645458204,1.0,1.0,668.4117140635495
lignite_coal_plant,power,DK,0,0.055928203632630874,lifetime,0,37.38306645458204,1.0,1.0,668.4117140635495
lignite_coal_plant,power,EE,0,0.055928203632630874,lifetime,0,37.38306645458204,1.0,1.0,668.4117140635495
lignite_coal_plant,power,EL,0,0.055928203632630874,lifetime,0,37.38306645458204,1.0,1.0,668.4117140635495
lignite_coal_plant,power,ES,0,0.055928203632630874,lifetime,0,37.38306645458204,1.0,1.0,668.4117140635495
lignite_coal_plant,power,FI,0,0.055928203632630874,lifetime,0,37.38306645458204,1.0,1.0,668.4117140635495
lignite_coal_plant,power,FR,0,0.055928203632630874,lifetime,0,37.38306645458204,1.0,1.0,668.4117140635495
lignite_coal_plant,power,HR,0,0.055928203632630874,lifetime,0,37.38306645458204,1.0,1.0,668.4117140635495
lignite_coal_plant,power,HU,0,0.055928203632630874,lifetime,0,37.38306645458204,1.0,1.0,668.4117140635495
lignite_coal_plant,power,IE,0,0.055928203632630874,lifetime,0,37.38306645458204,1.0,1.0,668.4117140635495
lignite_coal_plant,power,IT,0,0.055928203632630874,lifetime,0,37.38306645458204,1.0,1.0,668.4117140635495
lignite_coal_plant,power,LT,0,0.055928203632630874,lifetime,0,37.38306645458204,1.0,1.0,668.4117140635495
lignite_coal_plant,power,LU,0,0.055928203632630874,lifetime,0,37.38306645458204,1.0,1.0,668.4117140635495
lignite_coal_plant,power,LV,0,0.055928203632630874,lifetime,0,37.38306645458204,1.0,1.0,668.4117140635495
lignite_coal_plant,power,NL,0,0.055928203632630874,lifetime,0,37.38306645458204,1.0,1.0,668.4117140635495
lignite_coal_plant,power,NO,0,0.055928203632630874,lifetime,0,37.38306645458204,1.0,1.0,668.4117140635495
lignite_coal_plant,power,PL,0,0.055928203632630874,lifetime,0,37.38306645458204,1.0,1.0,668.4117140635495
lignite_coal_plant,power,PT,0,0.055928203632630874,lifetime,0,37.38306645458204,1.0,1.0,668.4117140635495
lignite_coal_plant,power,RO,0,0.055928203632630874,lifetime,0,37.38306645458204,1.0,1.0,668.4117140635495
lignite_coal_plant,power,SE,0,0.055928203632630874,lifetime,0,37.38306645458204,1.0,1.0,668.4117140635495
lignite_coal_plant,power,SI,0,0.055928203632630874,lifetime,0,37.38306645458204,1.0,1.0,668.4117140635495
lignite_coal_plant,power,SK,0,0.055928203632630874,lifetime,0,37.38306645458204,1.0,1.0,668.4117140635495
lignite_coal_plant,power,UK,0,0.055928203632630874,lifetime,0,37.38306645458204,1.0,1.0,668.4117140635495
lng_terminal,power,AT,0,0.06505143508027657,lifetime,0,-198.24682919084026,1.0,1.0,-3047.5396729709996
lng_terminal,power,BE,0,0.06505143508027657,lifetime,0,-0.0,1.0,1.0,-0.0
lng_terminal,power,BG,0,0.06505143508027657,lifetime,0,-33.77273556522355,1.0,1.0,-519.1697235202633
lng_terminal,power,CH,0,0.06505143508027657,lifetime,0,-73.94432641766838,1.0,1.0,-1136.7055365714461
lng_terminal,power,CZ,0,0.06505143508027657,lifetime,0,-47.18785859572413,1.0,1.0,-725.3930453262417
lng_terminal,power,DE,0,0.06505143508027657,lifetime,0,-0.0,1.0,1.0,-0.0
lng_terminal,power,DK,0,0.06505143508027657,lifetime,0,-151.27625079239894,1.0,1.0,-2325.4867568365994
lng_terminal,power,EE,0,0.06505143508027657,lifetime,0,-0.0,1.0,1.0,-0.0
lng_terminal,power,EL,0,0.06505143508027657,lifetime,0,-0.0,1.0,1.0,-0.0
lng_terminal,power,ES,0,0.06505143508027657,lifetime,0,-0.0,1.0,1.0,-0.0
lng_terminal,power,FI,0,0.06505143508027657,lifetime,0,-0.0,1.0,1.0,-0.0
lng_terminal,power,FR,0,0.06505143508027657,lifetime,0,-0.0,1.0,1.0,-0.0
lng_terminal,power,HR,0,0.06505143508027657,lifetime,0,-0.0,1.0,1.0,-0.0
lng_terminal,power,HU,0,0.06505143508027657,lifetime,0,-191.51849220553467,1.0,1.0,-2944.1086421720247
lng_terminal,power,IE,0,0.06505143508027657,lifetime,0,-50.6209562687444,1.0,1.0,-778.1681711752512
lng_terminal,power,IT,0,0.06505143508027657,lifetime,0,-0.0,1.0,1.0,-0.0
lng_terminal,power,LT,0,0.06505143508027657,lifetime,0,-0.0,1.0,1.0,-0.0
lng_terminal,power,LU,0,0.06505143508027657,lifetime,0,-194.8024643628783,1.0,1.0,-2994.5913433344367
lng_terminal,power,LV,0,0.06505143508027657,lifetime,0,-197.56187859306996,1.0,1.0,-3037.0103034509416
lng_terminal,power,NL,0,0.06505143508027657,lifetime,0,-0.0,1.0,1.0,-0.0
lng_terminal,power,NO,0,0.06505143508027657,lifetime,0,-45.74544714879664,1.0,1.0,-703.2196459977337
lng_terminal,power,PL,0,0.06505143508027657,lifetime,0,-0.0,1.0,1.0,-0.0
lng_terminal,power,PT,0,0.06505143508027657,lifetime,0,-0.0,1.0,1.0,-0.0
lng_terminal,power,RO,0,0.06505143508027657,lifetime,0,-33.77273556522355,1.0,1.0,-519.1697235202633
lng_terminal,power,SE,0,0.06505143508027657,lifetime,0,-43.950029571700114,1.0,1.0,-675.6196772210127
lng_terminal,power,SI,0,0.06505143508027657,lifetime,0,-199.32056005532996,1.0,1.0,-3064.04554810142
lng_terminal,power,SK,0,0.06505143508027657,lifetime,0,-193.96722310860957,1.0,1.0,-2981.7516380575585
lng_terminal,power,UK,0,0.06505143508027657,lifetime,0,-0.0,1.0,1.0,-0.0
methanation,power,AT,0,0.0682918598666937,lifetime,0,14.051981740496563,1.0,1.0,205.7636410536505
methanation,power,BE,0,0.0682918598666937,lifetime,0,14.051981740496563,1.0,1.0,205.7636410536505
methanation,power,BG,0,0.0682918598666937,lifetime,0,14.051981740496563,1.0,1.0,205.7636410536505
methanation,power,CH,0,0.0682918598666937,lifetime,0,14.051981740496563,1.0,1.0,205.7636410536505
methanation,power,CZ,0,0.0682918598666937,lifetime,0,14.051981740496563,1.0,1.0,205.7636410536505
methanation,power,DE,0,0.0682918598666937,lifetime,0,14.051981740496563,1.0,1.0,205.7636410536505
methanation,power,DK,0,0.0682918598666937,lifetime,0,14.051981740496563,1.0,1.0,205.7636410536505
methanation,power,EE,0,0.0682918598666937,lifetime,0,14.051981740496563,1.0,1.0,205.7636410536505
methanation,power,EL,0,0.0682918598666937,lifetime,0,14.051981740496563,1.0,1.0,205.7636410536505
methanation,power,ES,0,0.0682918598666937,lifetime,0,14.051981740496563,1.0,1.0,205.7636410536505
methanation,power,FI,0,0.0682918598666937,lifetime,0,14.051981740496563,1.0,1.0,205.7636410536505
methanation,power,FR,0,0.0682918598666937,lifetime,0,14.051981740496563,1.0,1.0,205.7636410536505
methanation,power,HR,0,0.0682918598666937,lifetime,0,14.051981740496563,1.0,1.0,205.7636410536505
methanation,power,HU,0,0.0682918598666937,lifetime,0,14.051981740496563,1.0,1.0,205.7636410536505
methanation,power,IE,0,0.0682918598666937,lifetime,0,14.051981740496563,1.0,1.0,205.7636410536505
methanation,power,IT,0,0.0682918598666937,lifetime,0,14.051981740496563,1.0,1.0,205.7636410536505
methanation,power,LT,0,0.0682918598666937,lifetime,0,14.051981740496563,1.0,1.0,205.7636410536505
methanation,power,LU,0,0.0682918598666937,lifetime,0,14.051981740496563,1.0,1.0,205.7636410536505
methanation,power,LV,0,0.0682918598666937,lifetime,0,14.051981740496563,1.0,1.0,205.7636410536505
methanation,power,NL,0,0.0682918598666937,lifetime,0,14.051981740496563,1.0,1.0,205.7636410536505
methanation,power,NO,0,0.0682918598666937,lifetime,0,14.051981740496563,1.0,1.0,205.7636410536505
methanation,power,PL,0,0.0682918598666937,lifetime,0,14.051981740496563,1.0,1.0,205.7636410536505
methanation,power,PT,0,0.0682918598666937,lifetime,0,14.051981740496563,1.0,1.0,205.7636410536505
methanation,power,RO,0,0.0682918598666937,lifetime,0,14.051981740496563,1.0,1.0,205.7636410536505
methanation,power,SE,0,0.0682918598666937,lifetime,0,14.051981740496563,1.0,1.0,205.7636410536505
methanation,power,SI,0,0.0682918598666937,lifetime,0,14.051981740496563,1.0,1.0,205.7636410536505
methanation,power,SK,0,0.0682918598666937,lifetime,0,14.051981740496563,1.0,1.0,205.7636410536505
methanation,power,UK,0,0.0682918598666937,lifetime,0,14.051981740496563,1.0,1.0,205.7636410536505
methanol_ICE_ship,power,AT,0,0.06505143508027657,lifetime,0,12.625,1.0,1.0,194.07719421439586
methanol_ICE_ship,power,BE,0,0.06505143508027657,lifetime,0,12.625,1.0,1.0,194.07719421439586
methanol_ICE_ship,power,BG,0,0.06505143508027657,lifetime,0,12.625,1.0,1.0,194.07719421439586
methanol_ICE_ship,power,CH,0,0.06505143508027657,lifetime,0,12.625,1.0,1.0,194.07719421439586
methanol_ICE_ship,power,CZ,0,0.06505143508027657,lifetime,0,12.625,1.0,1.0,194.07719421439586
methanol_ICE_ship,power,DE,0,0.06505143508027657,lifetime,0,12.625,1.0,1.0,194.07719421439586
methanol_ICE_ship,power,DK,0,0.06505143508027657,lifetime,0,12.625,1.0,1.0,194.07719421439586
methanol_ICE_ship,power,EE,0,0.06505143508027657,lifetime,0,12.625,1.0,1.0,194.07719421439586
methanol_ICE_ship,power,EL,0,0.06505143508027657,lifetime,0,12.625,1.0,1.0,194.07719421439586
methanol_ICE_ship,power,ES,0,0.06505143508027657,lifetime,0,12.625,1.0,1.0,194.07719421439586
methanol_ICE_ship,power,FI,0,0.06505143508027657,lifetime,0,12.625,1.0,1.0,194.07719421439586
methanol_ICE_ship,power,FR,0,0.06505143508027657,lifetime,0,12.625,1.0,1.0,194.07719421439586
methanol_ICE_ship,power,HR,0,0.06505143508027657,lifetime,0,12.625,1.0,1.0,194.07719421439586
methanol_ICE_ship,power,HU,0,0.06505143508027657,lifetime,0,12.625,1.0,1.0,194.07719421439586
methanol_ICE_ship,power,IE,0,0.06505143508027657,lifetime,0,12.625,1.0,1.0,194.07719421439586
methanol_ICE_ship,power,IT,0,0.06505143508027657,lifetime,0,12.625,1.0,1.0,194.07719421439586
methanol_ICE_ship,power,LT,0,0.06505143508027657,lifetime,0,12.625,1.0,1.0,194.07719421439586
methanol_ICE_ship,power,LU,0,0.06505143508027657,lifetime,0,12.625,1.0,1.0,194.07719421439586
methanol_ICE_ship,power,LV,0,0.06505143508027657,lifetime,0,12.625,1.0,1.0,194.07719421439586
methanol_ICE_ship,power,NL,0,0.06505143508027657,lifetime,0,12.625,1.0,1.0,194.07719421439586
methanol_ICE_ship,power,NO,0,0.06505143508027657,lifetime,0,12.625,1.0,1.0,194.07719421439586
methanol_ICE_ship,power,PL,0,0.06505143508027657,lifetime,0,12.625,1.0,1.0,194.07719421439586
methanol_ICE_ship,power,PT,0,0.06505143508027657,lifetime,0,12.625,1.0,1.0,194.07719421439586
methanol_ICE_ship,power,RO,0,0.06505143508027657,lifetime,0,12.625,1.0,1.0,194.07719421439586
methanol_ICE_ship,power,SE,0,0.06505143508027657,lifetime,0,9.250713088273521,1.0,1.0,142.20613391322883
methanol_ICE_ship,power,SI,0,0.06505143508027657,lifetime,0,12.625,1.0,1.0,194.07719421439586
methanol_ICE_ship,power,SK,0,0.06505143508027657,lifetime,0,12.625,1.0,1.0,194.07719421439586
methanol_ICE_ship,power,UK,0,0.06505143508027657,lifetime,0,12.625,1.0,1.0,194.07719421439586
methanol_from_biomass,power,AT,0,0.0709524572992296,lifetime,0,41.52059812536282,1.0,1.0,585.1890083278856
methanol_from_biomass,power,BE,0,0.0709524572992296,lifetime,0,41.52059812536282,1.0,1.0,585.1890083278856
methanol_from_biomass,power,BG,0,0.0709524572992296,lifetime,0,41.295469229094756,1.0,1.0,582.0160541436687
methanol_from_biomass,power,CH,0,0.0709524572992296,lifetime,0,41.52059812536282,1.0,1.0,585.1890083278856
methanol_from_biomass,power,CZ,0,0.0709524572992296,lifetime,0,36.37965124594099,1.0,1.0,512.7327879923336
methanol_from_biomass,power,DE,0,0.0709524572992296,lifetime,0,-8.53592825182629,1.0,1.0,-120.3048996009751
methanol_from_biomass,power,DK,0,0.0709524572992296,lifetime,0,41.52059812536282,1.0,1.0,585.1890083278856
methanol_from_biomass,power,EE,0,0.0709524572992296,lifetime,0,41.52059812536282,1.0,1.0,585.1890083278856
methanol_from_biomass,power,EL,0,0.0709524572992296,lifetime,0,-10.55684781329083,1.0,1.0,-148.78762787269181
methanol_from_biomass,power,ES,0,0.0709524572992296,lifetime,0,36.93840292018578,1.0,1.0,520.6078031153244
methanol_from_biomass,power,FI,0,0.0709524572992296,lifetime,0,41.52059812536282,1.0,1.0,585.1890083278856
methanol_from_biomass,power,FR,0,0.0709524572992296,lifetime,0,22.165635433377112,1.0,1.0,312.4012370691746
methanol_from_biomass,power,HR,0,0.0709524572992296,lifetime,0,37.08632776656165,1.0,1.0,522.6926477000866
methanol_from_biomass,power,HU,0,0.0709524572992296,lifetime,0,23.690824917463907,1.0,1.0,333.89717311060826
methanol_from_biomass,power,IE,0,0.0709524572992296,lifetime,0,31.428563679522917,1.0,1.0,442.9524342896038
methanol_from_biomass,power,IT,0,0.0709524572992296,lifetime,0,9.917365496196258,1.0,1.0,139.77479954459506
methanol_from_biomass,power,LT,0,0.0709524572992296,lifetime,0,41.52059812536282,1.0,1.0,585.1890083278856
methanol_from_biomass,power,LU,0,0.0709524572992296,lifetime,0,41.52059812536282,1.0,1.0,585.1890083278856
methanol_from_biomass,power,LV,0,0.0709524572992296,lifetime,0,41.52059812536282,1.0,1.0,585.1890083278856
methanol_from_biomass,power,NL,0,0.0709524572992296,lifetime,0,31.839938534047377,1.0,1.0,448.75032868513625
methanol_from_biomass,power,NO,0,0.0709524572992296,lifetime,0,41.52059812536282,1.0,1.0,585.1890083278856
methanol_from_biomass,power,PL,0,0.0709524572992296,lifetime,0,41.52059812536282,1.0,1.0,585.1890083278856
methanol_from_biomass,power,PT,0,0.0709524572992296,lifetime,0,29.708281547349,1.0,1.0,418.7068732807873
methanol_from_biomass,power,RO,0,0.0709524572992296,lifetime,0,-35.245516682625095,1.0,1.0,-496.74835832652394
methanol_from_biomass,power,SE,0,0.0709524572992296,lifetime,0,27.506398645552185,1.0,1.0,387.67365772194125
methanol_from_biomass,power,SI,0,0.0709524572992296,lifetime,0,41.52059812536282,1.0,1.0,585.1890083278856
methanol_from_biomass,power,SK,0,0.0709524572992296,lifetime,0,37.13093384046327,1.0,1.0,523.3213232329649
methanol_from_biomass,power,UK,0,0.0709524572992296,lifetime,0,41.52059812536282,1.0,1.0,585.1890083278856
methanol_from_hydrogen,power,AT,0,0.06505143508027657,lifetime,0,-56.489176971464964,1.0,1.0,-868.3771065427632
methanol_from_hydrogen,power,BE,0,0.06505143508027657,lifetime,0,-34.773141580668735,1.0,1.0,-534.5484159996935
methanol_from_hydrogen,power,BG,0,0.06505143508027657,lifetime,0,-42.93120128000475,1.0,1.0,-659.957789202123
methanol_from_hydrogen,power,CH,0,0.06505143508027657,lifetime,0,-53.198717144523116,1.0,1.0,-817.7946739971742
methanol_from_hydrogen,power,CZ,0,0.06505143508027657,lifetime,0,-54.25849584251728,1.0,1.0,-834.0860701314231
methanol_from_hydrogen,power,DE,0,0.06505143508027657,lifetime,0,-51.8131183765252,1.0,1.0,-796.4946247932171
methanol_from_hydrogen,power,DK,0,0.06505143508027657,lifetime,0,-0.0,1.0,1.0,-0.0
methanol_from_hydrogen,power,EE,0,0.06505143508027657,lifetime,0,-0.0,1.0,1.0,-0.0
methanol_from_hydrogen,power,EL,0,0.06505143508027657,lifetime,0,-44.621259921043105,1.0,1.0,-685.9381328940452
methanol_from_hydrogen,power,ES,0,0.06505143508027657,lifetime,0,-40.321610863795726,1.0,1.0,-619.841988328727
methanol_from_hydrogen,power,FI,0,0.06505143508027657,lifetime,0,-19.00484414877871,1.0,1.0,-292.15103595064164
methanol_from_hydrogen,power,FR,0,0.06505143508027657,lifetime,0,-40.32369085605178,1.0,1.0,-619.8739629078194
methanol_from_hydrogen,power,HR,0,0.06505143508027657,lifetime,0,-54.44239367046883,1.0,1.0,-836.9130304855585
methanol_from_hydrogen,power,HU,0,0.06505143508027657,lifetime,0,-46.72993005457154,1.0,1.0,-718.3535612535616
methanol_from_hydrogen,power,IE,0,0.06505143508027657,lifetime,0,-1.6444108904569568,1.0,1.0,-25.27862588162237
methanol_from_hydrogen,power,IT,0,0.06505143508027657,lifetime,0,-62.11432255091755,1.0,1.0,-954.8493814819846
methanol_from_hydrogen,power,LT,0,0.06505143508027657,lifetime,0,-0.0,1.0,1.0,-0.0
methanol_from_hydrogen,power,LU,0,0.06505143508027657,lifetime,0,-0.0,1.0,1.0,-0.0
methanol_from_hydrogen,power,LV,0,0.06505143508027657,lifetime,0,-0.0,1.0,1.0,-0.0
methanol_from_hydrogen,power,NL,0,0.06505143508027657,lifetime,0,-32.32825864317331,1.0,1.0,-496.96457277658357
methanol_from_hydrogen,power,NO,0,0.06505143508027657,lifetime,0,-1.6714471063516463,1.0,1.0,-25.694238786415717
methanol_from_hydrogen,power,PL,0,0.06505143508027657,lifetime,0,-39.964143693935895,1.0,1.0,-614.3468417663382
methanol_from_hydrogen,power,PT,0,0.06505143508027657,lifetime,0,-35.54722956486477,1.0,1.0,-546.4480456272455
methanol_from_hydrogen,power,RO,0,0.06505143508027657,lifetime,0,-25.721731695089442,1.0,1.0,-395.4060608093826
methanol_from_hydrogen,power,SE,0,0.06505143508027657,lifetime,0,-14.0709007680368,1.0,1.0,-216.30423296077387
methanol_from_hydrogen,power,SI,0,0.06505143508027657,lifetime,0,-0.0,1.0,1.0,-0.0
methanol_from_hydrogen,power,SK,0,0.06505143508027657,lifetime,0,-46.328972341722235,1.0,1.0,-712.1898584489347
methanol_from_hydrogen,power,UK,0,0.06505143508027657,lifetime,0,-13.382830520843942,1.0,1.0,-205.72690678274648
methanol_from_natural_gas,power,AT,0,0.0709524572992296,lifetime,0,-44.72971590311226,1.0,1.0,-630.418136393395
methanol_from_natural_gas,power,BE,0,0.0709524572992296,lifetime,0,-44.72971590311226,1.0,1.0,-630.418136393395
methanol_from_natural_gas,power,BG,0,0.0709524572992296,lifetime,0,-44.72971590311226,1.0,1.0,-630.418136393395
methanol_from_natural_gas,power,CH,0,0.0709524572992296,lifetime,0,-44.72971590311226,1.0,1.0,-630.418136393395
methanol_from_natural_gas,power,CZ,0,0.0709524572992296,lifetime,0,-44.72971590311226,1.0,1.0,-630.418136393395
methanol_from_natural_gas,power,DE,0,0.0709524572992296,lifetime,0,-44.72971590311226,1.0,1.0,-630.418136393395
methanol_from_natural_gas,power,DK,0,0.0709524572992296,lifetime,0,24.243789522590678,1.0,1.0,341.69062560224984
methanol_from_natural_gas,power,EE,0,0.0709524572992296,lifetime,0,24.243789522590678,1.0,1.0,341.69062560224984
methanol_from_natural_gas,power,EL,0,0.0709524572992296,lifetime,0,-44.72971590311226,1.0,1.0,-630.418136393395
methanol_from_natural_gas,power,ES,0,0.0709524572992296,lifetime,0,-44.72971590311226,1.0,1.0,-630.418136393395
methanol_from_natural_gas,power,FI,0,0.0709524572992296,lifetime,0,-44.72971590311226,1.0,1.0,-630.418136393395
methanol_from_natural_gas,power,FR,0,0.0709524572992296,lifetime,0,-44.72971590311226,1.0,1.0,-630.418136393395
methanol_from_natural_gas,power,HR,0,0.0709524572992296,lifetime,0,-44.72971590311226,1.0,1.0,-630.418136393395
methanol_from_natural_gas,power,HU,0,0.0709524572992296,lifetime,0,-44.72971590311226,1.0,1.0,-630.418136393395
methanol_from_natural_gas,power,IE,0,0.0709524572992296,lifetime,0,-44.72971590311226,1.0,1.0,-630.418136393395
methanol_from_natural_gas,power,IT,0,0.0709524572992296,lifetime,0,-44.72971590311226,1.0,1.0,-630.418136393395
methanol_from_natural_gas,power,LT,0,0.0709524572992296,lifetime,0,24.243789522590678,1.0,1.0,341.69062560224984
methanol_from_natural_gas,power,LU,0,0.0709524572992296,lifetime,0,24.243789522590678,1.0,1.0,341.69062560224984
methanol_from_natural_gas,power,LV,0,0.0709524572992296,lifetime,0,24.243789522590678,1.0,1.0,341.69062560224984
methanol_from_natural_gas,power,NL,0,0.0709524572992296,lifetime,0,-44.72971590311226,1.0,1.0,-630.418136393395
methanol_from_natural_gas,power,NO,0,0.0709524572992296,lifetime,0,-44.72971590311226,1.0,1.0,-630.418136393395
methanol_from_natural_gas,power,PL,0,0.0709524572992296,lifetime,0,-44.72971590311226,1.0,1.0,-630.418136393395
methanol_from_natural_gas,power,PT,0,0.0709524572992296,lifetime,0,-44.72971590311226,1.0,1.0,-630.418136393395
methanol_from_natural_gas,power,RO,0,0.0709524572992296,lifetime,0,-44.72971590311226,1.0,1.0,-630.418136393395
methanol_from_natural_gas,power,SE,0,0.0709524572992296,lifetime,0,-44.72971590311226,1.0,1.0,-630.418136393395
methanol_from_natural_gas,power,SI,0,0.0709524572992296,lifetime,0,24.243789522590678,1.0,1.0,341.69062560224984
methanol_from_natural_gas,power,SK,0,0.0709524572992296,lifetime,0,-44.72971590311226,1.0,1.0,-630.418136393395
methanol_from_natural_gas,power,UK,0,0.0709524572992296,lifetime,0,-44.72971590311226,1.0,1.0,-630.418136393395
natural_gas_boiler,power,AT,0,0.0779961071238091,lifetime,0,-10.248313692317756,1.0,1.0,-131.39519484029935
natural_gas_boiler,power,BE,0,0.0779961071238091,lifetime,0,-5.539234795165054,1.0,1.0,-71.01937518974133
natural_gas_boiler,power,BG,0,0.0779961071238091,lifetime,0,-4.0999647438025715,1.0,1.0,-52.56627407435077
natural_gas_boiler,power,CH,0,0.0779961071238091,lifetime,0,-7.732391213485885,1.0,1.0,-99.13816853976671
natural_gas_boiler,power,CZ,0,0.0779961071238091,lifetime,0,-5.871878982425077,1.0,1.0,-75.28425711175817
natural_gas_boiler,power,DE,0,0.0779961071238091,lifetime,0,-10.792236344734574,1.0,1.0,-138.36891022783027
natural_gas_boiler,power,DK,0,0.0779961071238091,lifetime,0,2.4929301722661616,1.0,1.0,31.96223842696336
natural_gas_boiler,power,EE,0,0.0779961071238091,lifetime,0,5.435399779583234,1.0,1.0,69.6880905986143
natural_gas_boiler,power,EL,0,0.0779961071238091,lifetime,0,-0.5303897748822586,1.0,1.0,-6.800208298092762
natural_gas_boiler,power,ES,0,0.0779961071238091,lifetime,0,2.6842065657489993,1.0,1.0,34.41462227708565
natural_gas_boiler,power,FI,0,0.0779961071238091,lifetime,0,-5.686352520313932,1.0,1.0,-72.90559400980815
natural_gas_boiler,power,FR,0,0.0779961071238091,lifetime,0,2.5578630269318126,1.0,1.0,32.794752472344854
natural_gas_boiler,power,HR,0,0.0779961071238091,lifetime,0,-8.263316580542757,1.0,1.0,-105.94524374691895
natural_gas_boiler,power,HU,0,0.0779961071238091,lifetime,0,-15.408089150878254,1.0,1.0,-197.5494639292681
natural_gas_boiler,power,IE,0,0.0779961071238091,lifetime,0,11.902677540192276,1.0,1.0,152.60604636713802
natural_gas_boiler,power,IT,0,0.0779961071238091,lifetime,0,-4.614014989426172,1.0,1.0,-59.15699077265483
natural_gas_boiler,power,LT,0,0.0779961071238091,lifetime,0,-6.275013096250239,1.0,1.0,-80.45290114658464
natural_gas_boiler,power,LU,0,0.0779961071238091,lifetime,0,-7.214265817964437,1.0,1.0,-92.4952037223177
natural_gas_boiler,power,LV,0,0.0779961071238091,lifetime,0,-4.33660038678478,1.0,1.0,-55.60021578898762
natural_gas_boiler,power,NL,0,0.0779961071238091,lifetime,0,-11.072307569264586,1.0,1.0,-141.95974616641672
natural_gas_boiler,power,NO,0,0.0779961071238091,lifetime,0,2.5875473298678138,1.0,1.0,33.175339453293546
natural_gas_boiler,power,PL,0,0.0779961071238091,lifetime,0,-15.699492646857754,1.0,1.0,-201.28559265062765
natural_gas_boiler,power,PT,0,0.0779961071238091,lifetime,0,11.038796743467895,1.0,1.0,141.53009875153361
natural_gas_boiler,power,RO,0,0.0779961071238091,lifetime,0,-12.352678174405124,1.0,1.0,-158.37557321670923
natural_gas_boiler,power,SE,0,0.0779961071238091,lifetime,0,2.4319681890330376,1.0,1.0,31.18063553059887
natural_gas_boiler,power,SI,0,0.0779961071238091,lifetime,0,-8.035827584047594,1.0,1.0,-103.02857258365113
natural_gas_boiler,power,SK,0,0.0779961071238091,lifetime,0,-6.267648605845755,1.0,1.0,-80.35847989049817
natural_gas_boiler,power,UK,0,0.0779961071238091,lifetime,0,6.655892069325921,1.0,1.0,85.33620862334222
natural_gas_boiler_DH,power,AT,0,0.0709524572992296,lifetime,0,-7.3834784343205895,1.0,1.0,-104.06233575790137
natural_gas_boiler_DH,power,BE,0,0.0709524572992296,lifetime,0,-7.3834784343205895,1.0,1.0,-104.06233575790137
natural_gas_boiler_DH,power,BG,0,0.0709524572992296,lifetime,0,-7.3834784343205895,1.0,1.0,-104.06233575790137
natural_gas_boiler_DH,power,CH,0,0.0709524572992296,lifetime,0,-7.3834784343205895,1.0,1.0,-104.06233575790137
natural_gas_boiler_DH,power,CZ,0,0.0709524572992296,lifetime,0,-7.3834784343205895,1.0,1.0,-104.06233575790137
natural_gas_boiler_DH,power,DE,0,0.0709524572992296,lifetime,0,-7.3834784343205895,1.0,1.0,-104.06233575790137
natural_gas_boiler_DH,power,DK,0,0.0709524572992296,lifetime,0,-7.3834784343205895,1.0,1.0,-104.06233575790137
natural_gas_boiler_DH,power,EE,0,0.0709524572992296,lifetime,0,-7.3834784343205895,1.0,1.0,-104.06233575790137
natural_gas_boiler_DH,power,EL,0,0.0709524572992296,lifetime,0,-7.3834784343205895,1.0,1.0,-104.06233575790137
natural_gas_boiler_DH,power,ES,0,0.0709524572992296,lifetime,0,-7.3834784343205895,1.0,1.0,-104.06233575790137
natural_gas_boiler_DH,power,FI,0,0.0709524572992296,lifetime,0,-7.3834784343205895,1.0,1.0,-104.06233575790137
natural_gas_boiler_DH,power,FR,0,0.0709524572992296,lifetime,0,-7.3834784343205895,1.0,1.0,-104.06233575790137
natural_gas_boiler_DH,power,HR,0,0.0709524572992296,lifetime,0,-7.3834784343205895,1.0,1.0,-104.06233575790137
natural_gas_boiler_DH,power,HU,0,0.0709524572992296,lifetime,0,-7.3834784343205895,1.0,1.0,-104.06233575790137
natural_gas_boiler_DH,power,IE,0,0.0709524572992296,lifetime,0,2.243563958300978,1.0,1.0,31.620666058669947
natural_gas_boiler_DH,power,IT,0,0.0709524572992296,lifetime,0,-7.3834784343205895,1.0,1.0,-104.06233575790137
natural_gas_boiler_DH,power,LT,0,0.0709524572992296,lifetime,0,-7.3834784343205895,1.0,1.0,-104.06233575790137
natural_gas_boiler_DH,power,LU,0,0.0709524572992296,lifetime,0,-7.3834784343205895,1.0,1.0,-104.06233575790137
natural_gas_boiler_DH,power,LV,0,0.0709524572992296,lifetime,0,-7.3834784343205895,1.0,1.0,-104.06233575790137
natural_gas_boiler_DH,power,NL,0,0.0709524572992296,lifetime,0,-7.3834784343205895,1.0,1.0,-104.06233575790137
natural_gas_boiler_DH,power,NO,0,0.0709524572992296,lifetime,0,-7.3834784343205895,1.0,1.0,-104.06233575790137
natural_gas_boiler_DH,power,PL,0,0.0709524572992296,lifetime,0,-7.3834784343205895,1.0,1.0,-104.06233575790137
natural_gas_boiler_DH,power,PT,0,0.0709524572992296,lifetime,0,2.243563958300978,1.0,1.0,31.620666058669947
natural_gas_boiler_DH,power,RO,0,0.0709524572992296,lifetime,0,-7.3834784343205895,1.0,1.0,-104.06233575790137
natural_gas_boiler_DH,power,SE,0,0.0709524572992296,lifetime,0,-7.3834784343205895,1.0,1.0,-104.06233575790137
natural_gas_boiler_DH,power,SI,0,0.0709524572992296,lifetime,0,-7.3834784343205895,1.0,1.0,-104.06233575790137
natural_gas_boiler_DH,power,SK,0,0.0709524572992296,lifetime,0,-7.3834784343205895,1.0,1.0,-104.06233575790137
natural_gas_boiler_DH,power,UK,0,0.0709524572992296,lifetime,0,2.210446087612306,1.0,1.0,31.153904625038365
natural_gas_turbine,power,AT,0,0.06505143508027657,lifetime,0,-48.142174365351465,1.0,1.0,-740.06321775902
natural_gas_turbine,power,BE,0,0.06505143508027657,lifetime,0,-48.142174365351465,1.0,1.0,-740.06321775902
natural_gas_turbine,power,BG,0,0.06505143508027657,lifetime,0,-40.02772444870517,1.0,1.0,-615.3242338052812
natural_gas_turbine,power,CH,0,0.06505143508027657,lifetime,0,-48.142174365351465,1.0,1.0,-740.06321775902
natural_gas_turbine,power,CZ,0,0.06505143508027657,lifetime,0,11.352649521750413,1.0,1.0,174.51804879847313
natural_gas_turbine,power,DE,0,0.06505143508027657,lifetime,0,-48.142174365351465,1.0,1.0,-740.06321775902
natural_gas_turbine,power,DK,0,0.06505143508027657,lifetime,0,20.84298913648153,1.0,1.0,320.4078297544134
natural_gas_turbine,power,EE,0,0.06505143508027657,lifetime,0,-2.731122519627977,1.0,1.0,-41.98404718139795
natural_gas_turbine,power,EL,0,0.06505143508027657,lifetime,0,-48.142174365351465,1.0,1.0,-740.06321775902
natural_gas_turbine,power,ES,0,0.06505143508027657,lifetime,0,-48.142174365351465,1.0,1.0,-740.06321775902
natural_gas_turbine,power,FI,0,0.06505143508027657,lifetime,0,-48.142174365351465,1.0,1.0,-740.06321775902
natural_gas_turbine,power,FR,0,0.06505143508027657,lifetime,0,20.84298913648153,1.0,1.0,320.4078297544134
natural_gas_turbine,power,HR,0,0.06505143508027657,lifetime,0,-20.6022850339238,1.0,1.0,-316.7076177258749
natural_gas_turbine,power,HU,0,0.06505143508027657,lifetime,0,-2.019484619552271,1.0,1.0,-31.044428413610415
natural_gas_turbine,power,IE,0,0.06505143508027657,lifetime,0,20.84298913648153,1.0,1.0,320.4078297544134
natural_gas_turbine,power,IT,0,0.06505143508027657,lifetime,0,-48.142174365351465,1.0,1.0,-740.06321775902
natural_gas_turbine,power,LT,0,0.06505143508027657,lifetime,0,11.4705624124984,1.0,1.0,176.33065893693473
natural_gas_turbine,power,LU,0,0.06505143508027657,lifetime,0,-48.142174365351465,1.0,1.0,-740.06321775902
natural_gas_turbine,power,LV,0,0.06505143508027657,lifetime,0,-2.5856445471162175,1.0,1.0,-39.74769417347072
natural_gas_turbine,power,NL,0,0.06505143508027657,lifetime,0,8.071096305398562,1.0,1.0,124.07253268799444
natural_gas_turbine,power,NO,0,0.06505143508027657,lifetime,0,-15.786061432570408,1.0,1.0,-242.67045627955258
natural_gas_turbine,power,PL,0,0.06505143508027657,lifetime,0,-48.142174365351465,1.0,1.0,-740.06321775902
natural_gas_turbine,power,PT,0,0.06505143508027657,lifetime,0,-7.0853527708660415,1.0,1.0,-108.91923847832686
natural_gas_turbine,power,RO,0,0.06505143508027657,lifetime,0,-45.71094270079378,1.0,1.0,-702.6892280606
natural_gas_turbine,power,SE,0,0.06505143508027657,lifetime,0,20.84298913648153,1.0,1.0,320.4078297544134
natural_gas_turbine,power,SI,0,0.06505143508027657,lifetime,0,-20.340057249919102,1.0,1.0,-312.6765339583747
natural_gas_turbine,power,SK,0,0.06505143508027657,lifetime,0,0.6388943894518562,1.0,1.0,9.821372713198873
natural_gas_turbine,power,UK,0,0.06505143508027657,lifetime,0,11.517711152713362,1.0,1.0,177.05545063686847
nuclear,power,AT,0,0.053666863697517594,lifetime,0,-536.9658943098367,1.0,1.0,-10005.538936210922
nuclear,power,BE,0,0.053666863697517594,lifetime,0,-299.39017817004276,1.0,1.0,-5578.678490651044
nuclear,power,BG,0,0.053666863697517594,lifetime,0,-299.39017817004276,1.0,1.0,-5578.678490651044
nuclear,power,CH,0,0.053666863697517594,lifetime,0,-299.39017817004276,1.0,1.0,-5578.678490651044
nuclear,power,CZ,0,0.053666863697517594,lifetime,0,-291.5272588550897,1.0,1.0,-5432.165004055837
nuclear,power,DE,0,0.053666863697517594,lifetime,0,-299.39017817004276,1.0,1.0,-5578.678490651044
nuclear,power,DK,0,0.053666863697517594,lifetime,0,-136.3910803499775,1.0,1.0,-2541.4393715779293
nuclear,power,EE,0,0.053666863697517594,lifetime,0,-125.95625267624108,1.0,1.0,-2347.002302690315
nuclear,power,EL,0,0.053666863697517594,lifetime,0,-430.7032276626682,1.0,1.0,-8025.496516625971
nuclear,power,ES,0,0.053666863697517594,lifetime,0,-292.6279525540524,1.0,1.0,-5452.6747492342865
nuclear,power,FI,0,0.053666863697517594,lifetime,0,-292.95117943724057,1.0,1.0,-5458.697588299561
nuclear,power,FR,0,0.053666863697517594,lifetime,0,-81.32619642472056,1.0,1.0,-1515.3894008619395
nuclear,power,HR,0,0.053666863697517594,lifetime,0,-438.7242832928656,1.0,1.0,-8174.956631817468
nuclear,power,HU,0,0.053666863697517594,lifetime,0,-299.39017817004276,1.0,1.0,-5578.678490651044
nuclear,power,IE,0,0.053666863697517594,lifetime,0,-100.30871878482638,1.0,1.0,-1869.0996990283643
nuclear,power,IT,0,0.053666863697517594,lifetime,0,-457.0678674033864,1.0,1.0,-8516.761292024756
nuclear,power,LT,0,0.053666863697517594,lifetime,0,-186.02086615275903,1.0,1.0,-3466.214593817667
nuclear,power,LU,0,0.053666863697517594,lifetime,0,-474.5210746492272,1.0,1.0,-8841.97513988835
nuclear,power,LV,0,0.053666863697517594,lifetime,0,-156.6087155635064,1.0,1.0,-2918.164110468607
nuclear,power,NL,0,0.053666863697517594,lifetime,0,-297.3379096534507,1.0,1.0,-5540.437602788485
nuclear,power,NO,0,0.053666863697517594,lifetime,0,-184.6226955138938,1.0,1.0,-3440.16182042018
nuclear,power,PL,0,0.053666863697517594,lifetime,0,-508.58399910987174,1.0,1.0,-9476.685687771926
nuclear,power,PT,0,0.053666863697517594,lifetime,0,-277.2727088681423,1.0,1.0,-5166.553246542107
nuclear,power,RO,0,0.053666863697517594,lifetime,0,-299.39017817004276,1.0,1.0,-5578.678490651044
nuclear,power,SE,0,0.053666863697517594,lifetime,0,-58.68154832652752,1.0,1.0,-1093.4409854332866
nuclear,power,SI,0,0.053666863697517594,lifetime,0,-299.39017817004276,1.0,1.0,-5578.678490651044
nuclear,power,SK,0,0.053666863697517594,lifetime,0,-299.39017817004276,1.0,1.0,-5578.678490651044
nuclear,power,UK,0,0.053666863697517594,lifetime,0,-92.33451395857006,1.0,1.0,-1720.5125769785027
oil_boiler,power,AT,0,0.08024258719069129,lifetime,0,11.707221195845303,1.0,1.0,145.89785306926674
oil_boiler,power,BE,0,0.08024258719069129,lifetime,0,11.707221195845303,1.0,1.0,145.89785306926674
oil_boiler,power,BG,0,0.08024258719069129,lifetime,0,11.707221195845303,1.0,1.0,145.89785306926674
oil_boiler,power,CH,0,0.08024258719069129,lifetime,0,11.707221195845303,1.0,1.0,145.89785306926674
oil_boiler,power,CZ,0,0.08024258719069129,lifetime,0,11.707221195845303,1.0,1.0,145.89785306926674
oil_boiler,power,DE,0,0.08024258719069129,lifetime,0,11.707221195845303,1.0,1.0,145.89785306926674
oil_boiler,power,DK,0,0.08024258719069129,lifetime,0,11.707221195845303,1.0,1.0,145.89785306926674
oil_boiler,power,EE,0,0.08024258719069129,lifetime,0,11.707221195845303,1.0,1.0,145.89785306926674
oil_boiler,power,EL,0,0.08024258719069129,lifetime,0,11.707221195845303,1.0,1.0,145.89785306926674
oil_boiler,power,ES,0,0.08024258719069129,lifetime,0,11.707221195845303,1.0,1.0,145.89785306926674
oil_boiler,power,FI,0,0.08024258719069129,lifetime,0,11.707221195845303,1.0,1.0,145.89785306926674
oil_boiler,power,FR,0,0.08024258719069129,lifetime,0,11.707221195845303,1.0,1.0,145.89785306926674
oil_boiler,power,HR,0,0.08024258719069129,lifetime,0,11.707221195845303,1.0,1.0,145.89785306926674
oil_boiler,power,HU,0,0.08024258719069129,lifetime,0,-1.379280043624993,1.0,1.0,-17.1888780249224
oil_boiler,power,IE,0,0.08024258719069129,lifetime,0,11.707221195845303,1.0,1.0,145.89785306926674
oil_boiler,power,IT,0,0.08024258719069129,lifetime,0,11.707221195845303,1.0,1.0,145.89785306926674
oil_boiler,power,LT,0,0.08024258719069129,lifetime,0,11.707221195845303,1.0,1.0,145.89785306926674
oil_boiler,power,LU,0,0.08024258719069129,lifetime,0,11.446204494276298,1.0,1.0,142.64500803139782
oil_boiler,power,LV,0,0.08024258719069129,lifetime,0,11.707221195845303,1.0,1.0,145.89785306926674
oil_boiler,power,NL,0,0.08024258719069129,lifetime,0,-4.231593637147909,1.0,1.0,-52.73500999029109
oil_boiler,power,NO,0,0.08024258719069129,lifetime,0,11.707221195845303,1.0,1.0,145.89785306926674
oil_boiler,power,PL,0,0.08024258719069129,lifetime,0,11.707221195845303,1.0,1.0,145.89785306926674
oil_boiler,power,PT,0,0.08024258719069129,lifetime,0,11.707221195845303,1.0,1.0,145.89785306926674
oil_boiler,power,RO,0,0.08024258719069129,lifetime,0,11.707221195845303,1.0,1.0,145.89785306926674
oil_boiler,power,SE,0,0.08024258719069129,lifetime,0,11.707221195845303,1.0,1.0,145.89785306926674
oil_boiler,power,SI,0,0.08024258719069129,lifetime,0,11.707221195845303,1.0,1.0,145.89785306926674
oil_boiler,power,SK,0,0.08024258719069129,lifetime,0,11.707221195845303,1.0,1.0,145.89785306926674
oil_boiler,power,UK,0,0.08024258719069129,lifetime,0,11.707221195845303,1.0,1.0,145.89785306926674
oil_boiler_DH,power,AT,0,0.0709524572992296,lifetime,0,24.65202819883807,1.0,1.0,347.4443188749961
oil_boiler_DH,power,BE,0,0.0709524572992296,lifetime,0,24.65202819883807,1.0,1.0,347.4443188749961
oil_boiler_DH,power,BG,0,0.0709524572992296,lifetime,0,24.65202819883807,1.0,1.0,347.4443188749961
oil_boiler_DH,power,CH,0,0.0709524572992296,lifetime,0,24.65202819883807,1.0,1.0,347.4443188749961
oil_boiler_DH,power,CZ,0,0.0709524572992296,lifetime,0,24.65202819883807,1.0,1.0,347.4443188749961
oil_boiler_DH,power,DE,0,0.0709524572992296,lifetime,0,24.65202819883807,1.0,1.0,347.4443188749961
oil_boiler_DH,power,DK,0,0.0709524572992296,lifetime,0,24.65202819883807,1.0,1.0,347.4443188749961
oil_boiler_DH,power,EE,0,0.0709524572992296,lifetime,0,24.65202819883807,1.0,1.0,347.4443188749961
oil_boiler_DH,power,EL,0,0.0709524572992296,lifetime,0,24.65202819883807,1.0,1.0,347.4443188749961
oil_boiler_DH,power,ES,0,0.0709524572992296,lifetime,0,24.65202819883807,1.0,1.0,347.4443188749961
oil_boiler_DH,power,FI,0,0.0709524572992296,lifetime,0,24.65202819883807,1.0,1.0,347.4443188749961
oil_boiler_DH,power,FR,0,0.0709524572992296,lifetime,0,24.65202819883807,1.0,1.0,347.4443188749961
oil_boiler_DH,power,HR,0,0.0709524572992296,lifetime,0,24.65202819883807,1.0,1.0,347.4443188749961
oil_boiler_DH,power,HU,0,0.0709524572992296,lifetime,0,24.65202819883807,1.0,1.0,347.4443188749961
oil_boiler_DH,power,IE,0,0.0709524572992296,lifetime,0,24.65202819883807,1.0,1.0,347.4443188749961
oil_boiler_DH,power,IT,0,0.0709524572992296,lifetime,0,24.65202819883807,1.0,1.0,347.4443188749961
oil_boiler_DH,power,LT,0,0.0709524572992296,lifetime,0,24.65202819883807,1.0,1.0,347.4443188749961
oil_boiler_DH,power,LU,0,0.0709524572992296,lifetime,0,24.65202819883807,1.0,1.0,347.4443188749961
oil_boiler_DH,power,LV,0,0.0709524572992296,lifetime,0,24.65202819883807,1.0,1.0,347.4443188749961
oil_boiler_DH,power,NL,0,0.0709524572992296,lifetime,0,24.65202819883807,1.0,1.0,347.4443188749961
oil_boiler_DH,power,NO,0,0.0709524572992296,lifetime,0,24.65202819883807,1.0,1.0,347.4443188749961
oil_boiler_DH,power,PL,0,0.0709524572992296,lifetime,0,24.65202819883807,1.0,1.0,347.4443188749961
oil_boiler_DH,power,PT,0,0.0709524572992296,lifetime,0,24.65202819883807,1.0,1.0,347.4443188749961
oil_boiler_DH,power,RO,0,0.0709524572992296,lifetime,0,24.65202819883807,1.0,1.0,347.4443188749961
oil_boiler_DH,power,SE,0,0.0709524572992296,lifetime,0,24.65202819883807,1.0,1.0,347.4443188749961
oil_boiler_DH,power,SI,0,0.0709524572992296,lifetime,0,24.65202819883807,1.0,1.0,347.4443188749961
oil_boiler_DH,power,SK,0,0.0709524572992296,lifetime,0,24.65202819883807,1.0,1.0,347.4443188749961
oil_boiler_DH,power,UK,0,0.0709524572992296,lifetime,0,24.65202819883807,1.0,1.0,347.4443188749961
oil_plant,power,AT,0,0.0632804189432843,lifetime,0,62.74778108054733,1.0,1.0,991.5828960738336
oil_plant,power,BE,0,0.0632804189432843,lifetime,0,62.74778108054733,1.0,1.0,991.5828960738336
oil_plant,power,BG,0,0.0632804189432843,lifetime,0,62.74778108054733,1.0,1.0,991.5828960738336
oil_plant,power,CH,0,0.0632804189432843,lifetime,0,62.74778108054733,1.0,1.0,991.5828960738336
oil_plant,power,CZ,0,0.0632804189432843,lifetime,0,62.74778108054733,1.0,1.0,991.5828960738336
oil_plant,power,DE,0,0.0632804189432843,lifetime,0,62.74778108054733,1.0,1.0,991.5828960738336
oil_plant,power,DK,0,0.0632804189432843,lifetime,0,62.74778108054733,1.0,1.0,991.5828960738336
oil_plant,power,EE,0,0.0632804189432843,lifetime,0,62.74778108054733,1.0,1.0,991.5828960738336
oil_plant,power,EL,0,0.0632804189432843,lifetime,0,62.74778108054733,1.0,1.0,991.5828960738336
oil_plant,power,ES,0,0.0632804189432843,lifetime,0,62.74778108054733,1.0,1.0,991.5828960738336
oil_plant,power,FI,0,0.0632804189432843,lifetime,0,62.74778108054733,1.0,1.0,991.5828960738336
oil_plant,power,FR,0,0.0632804189432843,lifetime,0,62.74778108054733,1.0,1.0,991.5828960738336
oil_plant,power,HR,0,0.0632804189432843,lifetime,0,62.74778108054733,1.0,1.0,991.5828960738336
oil_plant,power,HU,0,0.0632804189432843,lifetime,0,62.74778108054733,1.0,1.0,991.5828960738336
oil_plant,power,IE,0,0.0632804189432843,lifetime,0,62.74778108054733,1.0,1.0,991.5828960738336
oil_plant,power,IT,0,0.0632804189432843,lifetime,0,62.74778108054733,1.0,1.0,991.5828960738336
oil_plant,power,LT,0,0.0632804189432843,lifetime,0,62.74778108054733,1.0,1.0,991.5828960738336
oil_plant,power,LU,0,0.0632804189432843,lifetime,0,62.74778108054733,1.0,1.0,991.5828960738336
oil_plant,power,LV,0,0.0632804189432843,lifetime,0,62.74778108054733,1.0,1.0,991.5828960738336
oil_plant,power,NL,0,0.0632804189432843,lifetime,0,62.74778108054733,1.0,1.0,991.5828960738336
oil_plant,power,NO,0,0.0632804189432843,lifetime,0,62.74778108054733,1.0,1.0,991.5828960738336
oil_plant,power,PL,0,0.0632804189432843,lifetime,0,62.74778108054733,1.0,1.0,991.5828960738336
oil_plant,power,PT,0,0.0632804189432843,lifetime,0,62.74778108054733,1.0,1.0,991.5828960738336
oil_plant,power,RO,0,0.0632804189432843,lifetime,0,62.74778108054733,1.0,1.0,991.5828960738336
oil_plant,power,SE,0,0.0632804189432843,lifetime,0,62.74778108054733,1.0,1.0,991.5828960738336
oil_plant,power,SI,0,0.0632804189432843,lifetime,0,62.74778108054733,1.0,1.0,991.5828960738336
oil_plant,power,SK,0,0.0632804189432843,lifetime,0,62.74778108054733,1.0,1.0,991.5828960738336
oil_plant,power,UK,0,0.0632804189432843,lifetime,0,62.74778108054733,1.0,1.0,991.5828960738336
oil_to_diesel_conversion,power,AT,0,0.05038313806951108,lifetime,0,-0.0,1.0,1.0,-0.0
oil_to_diesel_conversion,power,BE,0,0.05038313806951108,lifetime,0,-0.0,1.0,1.0,-0.0
oil_to_diesel_conversion,power,BG,0,0.05038313806951108,lifetime,0,-0.0,1.0,1.0,-0.0
oil_to_diesel_conversion,power,CH,0,0.05038313806951108,lifetime,0,-0.0,1.0,1.0,-0.0
oil_to_diesel_conversion,power,CZ,0,0.05038313806951108,lifetime,0,-0.0,1.0,1.0,-0.0
oil_to_diesel_conversion,power,DE,0,0.05038313806951108,lifetime,0,-0.0,1.0,1.0,-0.0
oil_to_diesel_conversion,power,DK,0,0.05038313806951108,lifetime,0,-0.0,1.0,1.0,-0.0
oil_to_diesel_conversion,power,EE,0,0.05038313806951108,lifetime,0,-0.0,1.0,1.0,-0.0
oil_to_diesel_conversion,power,EL,0,0.05038313806951108,lifetime,0,-0.0,1.0,1.0,-0.0
oil_to_diesel_conversion,power,ES,0,0.05038313806951108,lifetime,0,-0.0,1.0,1.0,-0.0
oil_to_diesel_conversion,power,FI,0,0.05038313806951108,lifetime,0,-0.0,1.0,1.0,-0.0
oil_to_diesel_conversion,power,FR,0,0.05038313806951108,lifetime,0,-0.0,1.0,1.0,-0.0
oil_to_diesel_conversion,power,HR,0,0.05038313806951108,lifetime,0,-0.0,1.0,1.0,-0.0
oil_to_diesel_conversion,power,HU,0,0.05038313806951108,lifetime,0,-0.0,1.0,1.0,-0.0
oil_to_diesel_conversion,power,IE,0,0.05038313806951108,lifetime,0,-0.0,1.0,1.0,-0.0
oil_to_diesel_conversion,power,IT,0,0.05038313806951108,lifetime,0,-0.0,1.0,1.0,-0.0
oil_to_diesel_conversion,power,LT,0,0.05038313806951108,lifetime,0,-0.0,1.0,1.0,-0.0
oil_to_diesel_conversion,power,LU,0,0.05038313806951108,lifetime,0,-0.0,1.0,1.0,-0.0
oil_to_diesel_conversion,power,LV,0,0.05038313806951108,lifetime,0,-0.0,1.0,1.0,-0.0
oil_to_diesel_conversion,power,NL,0,0.05038313806951108,lifetime,0,-0.0,1.0,1.0,-0.0
oil_to_diesel_conversion,power,NO,0,0.05038313806951108,lifetime,0,-0.0,1.0,1.0,-0.0
oil_to_diesel_conversion,power,PL,0,0.05038313806951108,lifetime,0,-0.0,1.0,1.0,-0.0
oil_to_diesel_conversion,power,PT,0,0.05038313806951108,lifetime,0,-0.0,1.0,1.0,-0.0
oil_to_diesel_conversion,power,RO,0,0.05038313806951108,lifetime,0,-0.0,1.0,1.0,-0.0
oil_to_diesel_conversion,power,SE,0,0.05038313806951108,lifetime,0,-0.0,1.0,1.0,-0.0
oil_to_diesel_conversion,power,SI,0,0.05038313806951108,lifetime,0,-0.0,1.0,1.0,-0.0
oil_to_diesel_conversion,power,SK,0,0.05038313806951108,lifetime,0,-0.0,1.0,1.0,-0.0
oil_to_diesel_conversion,power,UK,0,0.05038313806951108,lifetime,0,-0.0,1.0,1.0,-0.0
oil_to_gasoline_conversion,power,AT,0,0.05038313806951108,lifetime,0,-0.0,1.0,1.0,-0.0
oil_to_gasoline_conversion,power,BE,0,0.05038313806951108,lifetime,0,-0.0,1.0,1.0,-0.0
oil_to_gasoline_conversion,power,BG,0,0.05038313806951108,lifetime,0,-0.0,1.0,1.0,-0.0
oil_to_gasoline_conversion,power,CH,0,0.05038313806951108,lifetime,0,-0.0,1.0,1.0,-0.0
oil_to_gasoline_conversion,power,CZ,0,0.05038313806951108,lifetime,0,-0.0,1.0,1.0,-0.0
oil_to_gasoline_conversion,power,DE,0,0.05038313806951108,lifetime,0,-0.0,1.0,1.0,-0.0
oil_to_gasoline_conversion,power,DK,0,0.05038313806951108,lifetime,0,-0.0,1.0,1.0,-0.0
oil_to_gasoline_conversion,power,EE,0,0.05038313806951108,lifetime,0,-0.0,1.0,1.0,-0.0
oil_to_gasoline_conversion,power,EL,0,0.05038313806951108,lifetime,0,-0.0,1.0,1.0,-0.0
oil_to_gasoline_conversion,power,ES,0,0.05038313806951108,lifetime,0,-0.0,1.0,1.0,-0.0
oil_to_gasoline_conversion,power,FI,0,0.05038313806951108,lifetime,0,-0.0,1.0,1.0,-0.0
oil_to_gasoline_conversion,power,FR,0,0.05038313806951108,lifetime,0,-0.0,1.0,1.0,-0.0
oil_to_gasoline_conversion,power,HR,0,0.05038313806951108,lifetime,0,-0.0,1.0,1.0,-0.0
oil_to_gasoline_conversion,power,HU,0,0.05038313806951108,lifetime,0,-0.0,1.0,1.0,-0.0
oil_to_gasoline_conversion,power,IE,0,0.05038313806951108,lifetime,0,-0.0,1.0,1.0,-0.0
oil_to_gasoline_conversion,power,IT,0,0.05038313806951108,lifetime,0,-0.0,1.0,1.0,-0.0
oil_to_gasoline_conversion,power,LT,0,0.05038313806951108,lifetime,0,-0.0,1.0,1.0,-0.0
oil_to_gasoline_conversion,power,LU,0,0.05038313806951108,lifetime,0,-0.0,1.0,1.0,-0.0
oil_to_gasoline_conversion,power,LV,0,0.05038313806951108,lifetime,0,-0.0,1.0,1.0,-0.0
oil_to_gasoline_conversion,power,NL,0,0.05038313806951108,lifetime,0,-0.0,1.0,1.0,-0.0
oil_to_gasoline_conversion,power,NO,0,0.05038313806951108,lifetime,0,-0.0,1.0,1.0,-0.0
oil_to_gasoline_conversion,power,PL,0,0.05038313806951108,lifetime,0,-0.0,1.0,1.0,-0.0
oil_to_gasoline_conversion,power,PT,0,0.05038313806951108,lifetime,0,-0.0,1.0,1.0,-0.0
oil_to_gasoline_conversion,power,RO,0,0.05038313806951108,lifetime,0,-0.0,1.0,1.0,-0.0
oil_to_gasoline_conversion,power,SE,0,0.05038313806951108,lifetime,0,-0.0,1.0,1.0,-0.0
oil_to_gasoline_conversion,power,SI,0,0.05038313806951108,lifetime,0,-0.0,1.0,1.0,-0.0
oil_to_gasoline_conversion,power,SK,0,0.05038313806951108,lifetime,0,-0.0,1.0,1.0,-0.0
oil_to_gasoline_conversion,power,UK,0,0.05038313806951108,lifetime,0,-0.0,1.0,1.0,-0.0
oil_to_kerosene_conversion,power,AT,0,0.08024258719069129,lifetime,0,-0.0,1.0,1.0,-0.0
oil_to_kerosene_conversion,power,BE,0,0.08024258719069129,lifetime,0,-0.0,1.0,1.0,-0.0
oil_to_kerosene_conversion,power,BG,0,0.08024258719069129,lifetime,0,-0.0,1.0,1.0,-0.0
oil_to_kerosene_conversion,power,CH,0,0.08024258719069129,lifetime,0,-0.0,1.0,1.0,-0.0
oil_to_kerosene_conversion,power,CZ,0,0.08024258719069129,lifetime,0,-0.0,1.0,1.0,-0.0
oil_to_kerosene_conversion,power,DE,0,0.08024258719069129,lifetime,0,-0.0,1.0,1.0,-0.0
oil_to_kerosene_conversion,power,DK,0,0.08024258719069129,lifetime,0,-0.0,1.0,1.0,-0.0
oil_to_kerosene_conversion,power,EE,0,0.08024258719069129,lifetime,0,-0.0,1.0,1.0,-0.0
oil_to_kerosene_conversion,power,EL,0,0.08024258719069129,lifetime,0,-0.0,1.0,1.0,-0.0
oil_to_kerosene_conversion,power,ES,0,0.08024258719069129,lifetime,0,-0.0,1.0,1.0,-0.0
oil_to_kerosene_conversion,power,FI,0,0.08024258719069129,lifetime,0,-0.0,1.0,1.0,-0.0
oil_to_kerosene_conversion,power,FR,0,0.08024258719069129,lifetime,0,-0.0,1.0,1.0,-0.0
oil_to_kerosene_conversion,power,HR,0,0.08024258719069129,lifetime,0,-0.0,1.0,1.0,-0.0
oil_to_kerosene_conversion,power,HU,0,0.08024258719069129,lifetime,0,-0.0,1.0,1.0,-0.0
oil_to_kerosene_conversion,power,IE,0,0.08024258719069129,lifetime,0,-0.0,1.0,1.0,-0.0
oil_to_kerosene_conversion,power,IT,0,0.08024258719069129,lifetime,0,-0.0,1.0,1.0,-0.0
oil_to_kerosene_conversion,power,LT,0,0.08024258719069129,lifetime,0,-0.0,1.0,1.0,-0.0
oil_to_kerosene_conversion,power,LU,0,0.08024258719069129,lifetime,0,-0.0,1.0,1.0,-0.0
oil_to_kerosene_conversion,power,LV,0,0.08024258719069129,lifetime,0,-0.0,1.0,1.0,-0.0
oil_to_kerosene_conversion,power,NL,0,0.08024258719069129,lifetime,0,-0.0,1.0,1.0,-0.0
oil_to_kerosene_conversion,power,NO,0,0.08024258719069129,lifetime,0,-0.0,1.0,1.0,-0.0
oil_to_kerosene_conversion,power,PL,0,0.08024258719069129,lifetime,0,-0.0,1.0,1.0,-0.0
oil_to_kerosene_conversion,power,PT,0,0.08024258719069129,lifetime,0,-0.0,1.0,1.0,-0.0
oil_to_kerosene_conversion,power,RO,0,0.08024258719069129,lifetime,0,-0.0,1.0,1.0,-0.0
oil_to_kerosene_conversion,power,SE,0,0.08024258719069129,lifetime,0,-0.0,1.0,1.0,-0.0
oil_to_kerosene_conversion,power,SI,0,0.08024258719069129,lifetime,0,-0.0,1.0,1.0,-0.0
oil_to_kerosene_conversion,power,SK,0,0.08024258719069129,lifetime,0,-0.0,1.0,1.0,-0.0
oil_to_kerosene_conversion,power,UK,0,0.08024258719069129,lifetime,0,-0.0,1.0,1.0,-0.0
oil_to_naphtha_conversion,power,AT,0,0.08024258719069129,lifetime,0,-0.0,1.0,1.0,-0.0
oil_to_naphtha_conversion,power,BE,0,0.08024258719069129,lifetime,0,-0.0,1.0,1.0,-0.0
oil_to_naphtha_conversion,power,BG,0,0.08024258719069129,lifetime,0,-0.0,1.0,1.0,-0.0
oil_to_naphtha_conversion,power,CH,0,0.08024258719069129,lifetime,0,-0.0,1.0,1.0,-0.0
oil_to_naphtha_conversion,power,CZ,0,0.08024258719069129,lifetime,0,-0.0,1.0,1.0,-0.0
oil_to_naphtha_conversion,power,DE,0,0.08024258719069129,lifetime,0,-0.0,1.0,1.0,-0.0
oil_to_naphtha_conversion,power,DK,0,0.08024258719069129,lifetime,0,-0.0,1.0,1.0,-0.0
oil_to_naphtha_conversion,power,EE,0,0.08024258719069129,lifetime,0,-0.0,1.0,1.0,-0.0
oil_to_naphtha_conversion,power,EL,0,0.08024258719069129,lifetime,0,-0.0,1.0,1.0,-0.0
oil_to_naphtha_conversion,power,ES,0,0.08024258719069129,lifetime,0,-0.0,1.0,1.0,-0.0
oil_to_naphtha_conversion,power,FI,0,0.08024258719069129,lifetime,0,-0.0,1.0,1.0,-0.0
oil_to_naphtha_conversion,power,FR,0,0.08024258719069129,lifetime,0,-0.0,1.0,1.0,-0.0
oil_to_naphtha_conversion,power,HR,0,0.08024258719069129,lifetime,0,-0.0,1.0,1.0,-0.0
oil_to_naphtha_conversion,power,HU,0,0.08024258719069129,lifetime,0,-0.0,1.0,1.0,-0.0
oil_to_naphtha_conversion,power,IE,0,0.08024258719069129,lifetime,0,-0.0,1.0,1.0,-0.0
oil_to_naphtha_conversion,power,IT,0,0.08024258719069129,lifetime,0,-0.0,1.0,1.0,-0.0
oil_to_naphtha_conversion,power,LT,0,0.08024258719069129,lifetime,0,-0.0,1.0,1.0,-0.0
oil_to_naphtha_conversion,power,LU,0,0.08024258719069129,lifetime,0,-0.0,1.0,1.0,-0.0
oil_to_naphtha_conversion,power,LV,0,0.08024258719069129,lifetime,0,-0.0,1.0,1.0,-0.0
oil_to_naphtha_conversion,power,NL,0,0.08024258719069129,lifetime,0,-0.0,1.0,1.0,-0.0
oil_to_naphtha_conversion,power,NO,0,0.08024258719069129,lifetime,0,-0.0,1.0,1.0,-0.0
oil_to_naphtha_conversion,power,PL,0,0.08024258719069129,lifetime,0,-0.0,1.0,1.0,-0.0
oil_to_naphtha_conversion,power,PT,0,0.08024258719069129,lifetime,0,-0.0,1.0,1.0,-0.0
oil_to_naphtha_conversion,power,RO,0,0.08024258719069129,lifetime,0,-0.0,1.0,1.0,-0.0
oil_to_naphtha_conversion,power,SE,0,0.08024258719069129,lifetime,0,-0.0,1.0,1.0,-0.0
oil_to_naphtha_conversion,power,SI,0,0.08024258719069129,lifetime,0,-0.0,1.0,1.0,-0.0
oil_to_naphtha_conversion,power,SK,0,0.08024258719069129,lifetime,0,-0.0,1.0,1.0,-0.0
oil_to_naphtha_conversion,power,UK,0,0.08024258719069129,lifetime,0,-0.0,1.0,1.0,-0.0
olefin_from_methanol,power,AT,0,0.0709524572992296,lifetime,0,-397.97498627173223,1.0,1.0,-5609.037395186219
olefin_from_methanol,power,BE,0,0.0709524572992296,lifetime,0,-397.97498627173223,1.0,1.0,-5609.037395186219
olefin_from_methanol,power,BG,0,0.0709524572992296,lifetime,0,-397.97498627173223,1.0,1.0,-5609.037395186219
olefin_from_methanol,power,CH,0,0.0709524572992296,lifetime,0,-397.97498627173223,1.0,1.0,-5609.037395186219
olefin_from_methanol,power,CZ,0,0.0709524572992296,lifetime,0,-397.97498627173223,1.0,1.0,-5609.037395186219
olefin_from_methanol,power,DE,0,0.0709524572992296,lifetime,0,-397.97498627173223,1.0,1.0,-5609.037395186219
olefin_from_methanol,power,DK,0,0.0709524572992296,lifetime,0,-0.0,1.0,1.0,-0.0
olefin_from_methanol,power,EE,0,0.0709524572992296,lifetime,0,-0.0,1.0,1.0,-0.0
olefin_from_methanol,power,EL,0,0.0709524572992296,lifetime,0,-397.97498627173223,1.0,1.0,-5609.037395186219
olefin_from_methanol,power,ES,0,0.0709524572992296,lifetime,0,-397.97498627173223,1.0,1.0,-5609.037395186219
olefin_from_methanol,power,FI,0,0.0709524572992296,lifetime,0,-397.97498627173223,1.0,1.0,-5609.037395186219
olefin_from_methanol,power,FR,0,0.0709524572992296,lifetime,0,-397.97498627173223,1.0,1.0,-5609.037395186219
olefin_from_methanol,power,HR,0,0.0709524572992296,lifetime,0,-397.97498627173223,1.0,1.0,-5609.037395186219
olefin_from_methanol,power,HU,0,0.0709524572992296,lifetime,0,-397.97498627173223,1.0,1.0,-5609.037395186219
olefin_from_methanol,power,IE,0,0.0709524572992296,lifetime,0,-397.97498627173223,1.0,1.0,-5609.037395186219
olefin_from_methanol,power,IT,0,0.0709524572992296,lifetime,0,-397.97498627173223,1.0,1.0,-5609.037395186219
olefin_from_methanol,power,LT,0,0.0709524572992296,lifetime,0,-0.0,1.0,1.0,-0.0
olefin_from_methanol,power,LU,0,0.0709524572992296,lifetime,0,-0.0,1.0,1.0,-0.0
olefin_from_methanol,power,LV,0,0.0709524572992296,lifetime,0,-0.0,1.0,1.0,-0.0
olefin_from_methanol,power,NL,0,0.0709524572992296,lifetime,0,-397.97498627173223,1.0,1.0,-5609.037395186219
olefin_from_methanol,power,NO,0,0.0709524572992296,lifetime,0,-397.97498627173223,1.0,1.0,-5609.037395186219
olefin_from_methanol,power,PL,0,0.0709524572992296,lifetime,0,-397.97498627173223,1.0,1.0,-5609.037395186219
olefin_from_methanol,power,PT,0,0.0709524572992296,lifetime,0,-397.97498627173223,1.0,1.0,-5609.037395186219
olefin_from_methanol,power,RO,0,0.0709524572992296,lifetime,0,-397.97498627173223,1.0,1.0,-5609.037395186219
olefin_from_methanol,power,SE,0,0.0709524572992296,lifetime,0,-397.97498627173223,1.0,1.0,-5609.037395186219
olefin_from_methanol,power,SI,0,0.0709524572992296,lifetime,0,-0.0,1.0,1.0,-0.0
olefin_from_methanol,power,SK,0,0.0709524572992296,lifetime,0,-397.97498627173223,1.0,1.0,-5609.037395186219
olefin_from_methanol,power,UK,0,0.0709524572992296,lifetime,0,-397.97498627173223,1.0,1.0,-5609.037395186219
olefin_from_naphtha,power,AT,0,0.0709524572992296,lifetime,0,-264.9395994665009,1.0,1.0,-3734.0440282309664
olefin_from_naphtha,power,BE,0,0.0709524572992296,lifetime,0,-0.0,1.0,1.0,-0.0
olefin_from_naphtha,power,BG,0,0.0709524572992296,lifetime,0,-0.0,1.0,1.0,-0.0
olefin_from_naphtha,power,CH,0,0.0709524572992296,lifetime,0,-0.0,1.0,1.0,-0.0
olefin_from_naphtha,power,CZ,0,0.0709524572992296,lifetime,0,-379.9778174712317,1.0,1.0,-5355.386295766214
olefin_from_naphtha,power,DE,0,0.0709524572992296,lifetime,0,-283.3790387887623,1.0,1.0,-3993.928463867864
olefin_from_naphtha,power,DK,0,0.0709524572992296,lifetime,0,-0.0,1.0,1.0,-0.0
olefin_from_naphtha,power,EE,0,0.0709524572992296,lifetime,0,-0.0,1.0,1.0,-0.0
olefin_from_naphtha,power,EL,0,0.0709524572992296,lifetime,0,-577.4042587621927,1.0,1.0,-8137.90361519251
olefin_from_naphtha,power,ES,0,0.0709524572992296,lifetime,0,-0.0,1.0,1.0,-0.0
olefin_from_naphtha,power,FI,0,0.0709524572992296,lifetime,0,-0.0,1.0,1.0,-0.0
olefin_from_naphtha,power,FR,0,0.0709524572992296,lifetime,0,-0.0,1.0,1.0,-0.0
olefin_from_naphtha,power,HR,0,0.0709524572992296,lifetime,0,-0.0,1.0,1.0,-0.0
olefin_from_naphtha,power,HU,0,0.0709524572992296,lifetime,0,-252.4035994595746,1.0,1.0,-3557.36233905341
olefin_from_naphtha,power,IE,0,0.0709524572992296,lifetime,0,-0.0,1.0,1.0,-0.0
olefin_from_naphtha,power,IT,0,0.0709524572992296,lifetime,0,-1.0986907257993153,1.0,1.0,-15.484886184643035
olefin_from_naphtha,power,LT,0,0.0709524572992296,lifetime,0,-0.0,1.0,1.0,-0.0
olefin_from_naphtha,power,LU,0,0.0709524572992296,lifetime,0,-0.0,1.0,1.0,-0.0
olefin_from_naphtha,power,LV,0,0.0709524572992296,lifetime,0,-0.0,1.0,1.0,-0.0
olefin_from_naphtha,power,NL,0,0.0709524572992296,lifetime,0,-584.4260533126999,1.0,1.0,-8236.868398341512
olefin_from_naphtha,power,NO,0,0.0709524572992296,lifetime,0,-0.0,1.0,1.0,-0.0
olefin_from_naphtha,power,PL,0,0.0709524572992296,lifetime,0,-0.0,1.0,1.0,-0.0
olefin_from_naphtha,power,PT,0,0.0709524572992296,lifetime,0,-0.0,1.0,1.0,-0.0
olefin_from_naphtha,power,RO,0,0.0709524572992296,lifetime,0,-0.0,1.0,1.0,-0.0
olefin_from_naphtha,power,SE,0,0.0709524572992296,lifetime,0,-0.0,1.0,1.0,-0.0
olefin_from_naphtha,power,SI,0,0.0709524572992296,lifetime,0,-0.0,1.0,1.0,-0.0
olefin_from_naphtha,power,SK,0,0.0709524572992296,lifetime,0,-295.7124545366512,1.0,1.0,-4167.754941728594
olefin_from_naphtha,power,UK,0,0.0709524572992296,lifetime,0,-0.0,1.0,1.0,-0.0
photovoltaics,power,AT,0,0.06505143508027657,lifetime,0,-20.620360879401478,1.0,1.0,-316.98548777525
photovoltaics,power,BE,0,0.06505143508027657,lifetime,0,-20.620360879401478,1.0,1.0,-316.98548777525
photovoltaics,power,BG,0,0.06505143508027657,lifetime,0,-20.620360879401478,1.0,1.0,-316.98548777525
photovoltaics,power,CH,0,0.06505143508027657,lifetime,0,-20.620360879401478,1.0,1.0,-316.98548777525
photovoltaics,power,CZ,0,0.06505143508027657,lifetime,0,-19.644046314808364,1.0,1.0,-301.9771399442099
photovoltaics,power,DE,0,0.06505143508027657,lifetime,0,-20.620360879401478,1.0,1.0,-316.98548777525
photovoltaics,power,DK,0,0.06505143508027657,lifetime,0,-15.548373708965508,1.0,1.0,-239.016613388745
photovoltaics,power,EE,0,0.06505143508027657,lifetime,0,-13.714768878800921,1.0,1.0,-210.82961293438404
photovoltaics,power,EL,0,0.06505143508027657,lifetime,0,-20.620360879401478,1.0,1.0,-316.98548777525
photovoltaics,power,ES,0,0.06505143508027657,lifetime,0,-20.620360879401478,1.0,1.0,-316.98548777525
photovoltaics,power,FI,0,0.06505143508027657,lifetime,0,-16.263049648293745,1.0,1.0,-250.0029342661598
photovoltaics,power,FR,0,0.06505143508027657,lifetime,0,-20.620360879401478,1.0,1.0,-316.98548777525
photovoltaics,power,HR,0,0.06505143508027657,lifetime,0,-20.620360879401478,1.0,1.0,-316.98548777525
photovoltaics,power,HU,0,0.06505143508027657,lifetime,0,-20.620360879401478,1.0,1.0,-316.98548777525
photovoltaics,power,IE,0,0.06505143508027657,lifetime,0,-19.060649879586244,1.0,1.0,-293.0089068144998
photovoltaics,power,IT,0,0.06505143508027657,lifetime,0,-20.620360879401478,1.0,1.0,-316.98548777525
photovoltaics,power,LT,0,0.06505143508027657,lifetime,0,-15.842132779751008,1.0,1.0,-243.5324103180977
photovoltaics,power,LU,0,0.06505143508027657,lifetime,0,-20.620360879401478,1.0,1.0,-316.98548777525
photovoltaics,power,LV,0,0.06505143508027657,lifetime,0,-14.758906170862307,1.0,1.0,-226.88056232193978
photovoltaics,power,NL,0,0.06505143508027657,lifetime,0,-20.620360879401478,1.0,1.0,-316.98548777525
photovoltaics,power,NO,0,0.06505143508027657,lifetime,0,-16.19775788064831,1.0,1.0,-248.99923976557176
photovoltaics,power,PL,0,0.06505143508027657,lifetime,0,-20.620360879401478,1.0,1.0,-316.98548777525
photovoltaics,power,PT,0,0.06505143508027657,lifetime,0,-20.620360879401478,1.0,1.0,-316.98548777525
photovoltaics,power,RO,0,0.06505143508027657,lifetime,0,-20.620360879401478,1.0,1.0,-316.98548777525
photovoltaics,power,SE,0,0.06505143508027657,lifetime,0,-10.486804871348786,1.0,1.0,-161.20789431328564
photovoltaics,power,SI,0,0.06505143508027657,lifetime,0,-18.37619848383682,1.0,1.0,-282.48721125306025
photovoltaics,power,SK,0,0.06505143508027657,lifetime,0,-20.620360879401478,1.0,1.0,-316.98548777525
photovoltaics,power,UK,0,0.06505143508027657,lifetime,0,-20.620360879401478,1.0,1.0,-316.98548777525
pyrolysis,power,AT,0,0.0709524572992296,lifetime,0,79.73989349377804,1.0,1.0,1123.849638603621
pyrolysis,power,BE,0,0.0709524572992296,lifetime,0,79.73989349377804,1.0,1.0,1123.849638603621
pyrolysis,power,BG,0,0.0709524572992296,lifetime,0,79.73989349377804,1.0,1.0,1123.849638603621
pyrolysis,power,CH,0,0.0709524572992296,lifetime,0,79.73989349377804,1.0,1.0,1123.849638603621
pyrolysis,power,CZ,0,0.0709524572992296,lifetime,0,79.73989349377804,1.0,1.0,1123.849638603621
pyrolysis,power,DE,0,0.0709524572992296,lifetime,0,79.73989349377804,1.0,1.0,1123.849638603621
pyrolysis,power,DK,0,0.0709524572992296,lifetime,0,79.73989349377804,1.0,1.0,1123.849638603621
pyrolysis,power,EE,0,0.0709524572992296,lifetime,0,79.73989349377804,1.0,1.0,1123.849638603621
pyrolysis,power,EL,0,0.0709524572992296,lifetime,0,79.73989349377804,1.0,1.0,1123.849638603621
pyrolysis,power,ES,0,0.0709524572992296,lifetime,0,79.73989349377804,1.0,1.0,1123.849638603621
pyrolysis,power,FI,0,0.0709524572992296,lifetime,0,79.73989349377804,1.0,1.0,1123.849638603621
pyrolysis,power,FR,0,0.0709524572992296,lifetime,0,66.84892311754224,1.0,1.0,942.1650167184285
pyrolysis,power,HR,0,0.0709524572992296,lifetime,0,-132.67866417165953,1.0,1.0,-1869.9657379322389
pyrolysis,power,HU,0,0.0709524572992296,lifetime,0,79.73989349377804,1.0,1.0,1123.849638603621
pyrolysis,power,IE,0,0.0709524572992296,lifetime,0,79.73989349377804,1.0,1.0,1123.849638603621
pyrolysis,power,IT,0,0.0709524572992296,lifetime,0,79.73989349377804,1.0,1.0,1123.849638603621
pyrolysis,power,LT,0,0.0709524572992296,lifetime,0,79.73989349377804,1.0,1.0,1123.849638603621
pyrolysis,power,LU,0,0.0709524572992296,lifetime,0,79.73989349377804,1.0,1.0,1123.849638603621
pyrolysis,power,LV,0,0.0709524572992296,lifetime,0,79.73989349377804,1.0,1.0,1123.849638603621
pyrolysis,power,NL,0,0.0709524572992296,lifetime,0,-68.27715122672765,1.0,1.0,-962.2943845169547
pyrolysis,power,NO,0,0.0709524572992296,lifetime,0,70.44603215599125,1.0,1.0,992.8624721043475
pyrolysis,power,PL,0,0.0709524572992296,lifetime,0,36.560598933080506,1.0,1.0,515.2830546642319
pyrolysis,power,PT,0,0.0709524572992296,lifetime,0,20.26336267443446,1.0,1.0,285.5907102551398
pyrolysis,power,RO,0,0.0709524572992296,lifetime,0,79.73989349377804,1.0,1.0,1123.849638603621
pyrolysis,power,SE,0,0.0709524572992296,lifetime,0,79.73989349377804,1.0,1.0,1123.849638603621
pyrolysis,power,SI,0,0.0709524572992296,lifetime,0,79.73989349377804,1.0,1.0,1123.849638603621
pyrolysis,power,SK,0,0.0709524572992296,lifetime,0,79.73989349377804,1.0,1.0,1123.849638603621
pyrolysis,power,UK,0,0.0709524572992296,lifetime,0,79.73989349377804,1.0,1.0,1123.849638603621
refining,power,AT,0,0.06505143508027657,lifetime,0,-34.897925194526785,1.0,1.0,-536.4666459926839
refining,power,BE,0,0.06505143508027657,lifetime,0,-34.897925194526785,1.0,1.0,-536.4666459926839
refining,power,BG,0,0.06505143508027657,lifetime,0,-34.897925194526785,1.0,1.0,-536.4666459926839
refining,power,CH,0,0.06505143508027657,lifetime,0,-34.897925194526785,1.0,1.0,-536.4666459926839
refining,power,CZ,0,0.06505143508027657,lifetime,0,-34.897925194526785,1.0,1.0,-536.4666459926839
refining,power,DE,0,0.06505143508027657,lifetime,0,-34.897925194526785,1.0,1.0,-536.4666459926839
refining,power,DK,0,0.06505143508027657,lifetime,0,-34.897925194526785,1.0,1.0,-536.4666459926839
refining,power,EE,0,0.06505143508027657,lifetime,0,-34.897925194526785,1.0,1.0,-536.4666459926839
refining,power,EL,0,0.06505143508027657,lifetime,0,-34.897925194526785,1.0,1.0,-536.4666459926839
refining,power,ES,0,0.06505143508027657,lifetime,0,-34.897925194526785,1.0,1.0,-536.4666459926839
refining,power,FI,0,0.06505143508027657,lifetime,0,-34.897925194526785,1.0,1.0,-536.4666459926839
refining,power,FR,0,0.06505143508027657,lifetime,0,-34.897925194526785,1.0,1.0,-536.4666459926839
refining,power,HR,0,0.06505143508027657,lifetime,0,-34.897925194526785,1.0,1.0,-536.4666459926839
refining,power,HU,0,0.06505143508027657,lifetime,0,-34.897925194526785,1.0,1.0,-536.4666459926839
refining,power,IE,0,0.06505143508027657,lifetime,0,-34.897925194526785,1.0,1.0,-536.4666459926839
refining,power,IT,0,0.06505143508027657,lifetime,0,-34.897925194526785,1.0,1.0,-536.4666459926839
refining,power,LT,0,0.06505143508027657,lifetime,0,-34.897925194526785,1.0,1.0,-536.4666459926839
refining,power,LU,0,0.06505143508027657,lifetime,0,-34.897925194526785,1.0,1.0,-536.4666459926839
refining,power,LV,0,0.06505143508027657,lifetime,0,-34.897925194526785,1.0,1.0,-536.4666459926839
refining,power,NL,0,0.06505143508027657,lifetime,0,-34.897925194526785,1.0,1.0,-536.4666459926839
refining,power,NO,0,0.06505143508027657,lifetime,0,-34.897925194526785,1.0,1.0,-536.4666459926839
refining,power,PL,0,0.06505143508027657,lifetime,0,-34.897925194526785,1.0,1.0,-536.4666459926839
refining,power,PT,0,0.06505143508027657,lifetime,0,-34.897925194526785,1.0,1.0,-536.4666459926839
refining,power,RO,0,0.06505143508027657,lifetime,0,-34.897925194526785,1.0,1.0,-536.4666459926839
refining,power,SE,0,0.06505143508027657,lifetime,0,-34.897925194526785,1.0,1.0,-536.4666459926839
refining,power,SI,0,0.06505143508027657,lifetime,0,-34.897925194526785,1.0,1.0,-536.4666459926839
refining,power,SK,0,0.06505143508027657,lifetime,0,-34.897925194526785,1.0,1.0,-536.4666459926839
refining,power,UK,0,0.06505143508027657,lifetime,0,-34.897925194526785,1.0,1.0,-536.4666459926839
reservoir_hydro,power,AT,0,0.05282818452724236,lifetime,0,-133.30050111882258,1.0,1.0,-2523.2837795151254
reservoir_hydro,power,BE,0,0.05282818452724236,lifetime,0,-133.30050111882258,1.0,1.0,-2523.2837795151254
reservoir_hydro,power,BG,0,0.05282818452724236,lifetime,0,-133.30050111882258,1.0,1.0,-2523.2837795151254
reservoir_hydro,power,CH,0,0.05282818452724236,lifetime,0,-100.9281505469301,1.0,1.0,-1910.4981829327037
reservoir_hydro,power,CZ,0,0.05282818452724236,lifetime,0,-116.06603329788813,1.0,1.0,-2197.047548322153
reservoir_hydro,power,DE,0,0.05282818452724236,lifetime,0,-133.30050111882258,1.0,1.0,-2523.2837795151254
reservoir_hydro,power,DK,0,0.05282818452724236,lifetime,0,16.006227804721924,1.0,1.0,302.98652031980873
reservoir_hydro,power,EE,0,0.05282818452724236,lifetime,0,30.59729436034716,1.0,1.0,579.1850436308064
reservoir_hydro,power,EL,0,0.05282818452724236,lifetime,0,-103.18171189432047,1.0,1.0,-1953.156498139963
reservoir_hydro,power,ES,0,0.05282818452724236,lifetime,0,-133.30050111882258,1.0,1.0,-2523.2837795151254
reservoir_hydro,power,FI,0,0.05282818452724236,lifetime,0,-133.30050111882258,1.0,1.0,-2523.2837795151254
reservoir_hydro,power,FR,0,0.05282818452724236,lifetime,0,-111.57193874144433,1.0,1.0,-2111.977531310187
reservoir_hydro,power,HR,0,0.05282818452724236,lifetime,0,-133.30050111882258,1.0,1.0,-2523.2837795151254
reservoir_hydro,power,HU,0,0.05282818452724236,lifetime,0,-133.30050111882258,1.0,1.0,-2523.2837795151254
reservoir_hydro,power,IE,0,0.05282818452724236,lifetime,0,-58.73276750280969,1.0,1.0,-1111.769560669314
reservoir_hydro,power,IT,0,0.05282818452724236,lifetime,0,-133.30050111882258,1.0,1.0,-2523.2837795151254
reservoir_hydro,power,LT,0,0.05282818452724236,lifetime,0,-115.37622834885215,1.0,1.0,-2183.990030726025
reservoir_hydro,power,LU,0,0.05282818452724236,lifetime,0,16.12999901321599,1.0,1.0,305.32942136026077
reservoir_hydro,power,LV,0,0.05282818452724236,lifetime,0,-17.137807982902007,1.0,1.0,-324.40652913341
reservoir_hydro,power,NL,0,0.05282818452724236,lifetime,0,16.006227804721924,1.0,1.0,302.98652031980873
reservoir_hydro,power,NO,0,0.05282818452724236,lifetime,0,-124.03664091324157,1.0,1.0,-2347.925487563907
reservoir_hydro,power,PL,0,0.05282818452724236,lifetime,0,37.476391560075214,1.0,1.0,709.4014661955579
reservoir_hydro,power,PT,0,0.05282818452724236,lifetime,0,-133.30050111882258,1.0,1.0,-2523.2837795151254
reservoir_hydro,power,RO,0,0.05282818452724236,lifetime,0,-133.30050111882258,1.0,1.0,-2523.2837795151254
reservoir_hydro,power,SE,0,0.05282818452724236,lifetime,0,-74.44431305958149,1.0,1.0,-1409.1779553997762
reservoir_hydro,power,SI,0,0.05282818452724236,lifetime,0,-133.30050111882258,1.0,1.0,-2523.2837795151254
reservoir_hydro,power,SK,0,0.05282818452724236,lifetime,0,-133.30050111882258,1.0,1.0,-2523.2837795151254
reservoir_hydro,power,UK,0,0.05282818452724236,lifetime,0,37.476391560075214,1.0,1.0,709.4014661955579
run-of-river_hydro,power,AT,0,0.054776735485736465,lifetime,0,-157.05181239110712,1.0,1.0,-2867.1261804567102
run-of-river_hydro,power,BE,0,0.054776735485736465,lifetime,0,-157.05181239110712,1.0,1.0,-2867.1261804567102
run-of-river_hydro,power,BG,0,0.054776735485736465,lifetime,0,-143.9412496644203,1.0,1.0,-2627.780724572419
run-of-river_hydro,power,CH,0,0.054776735485736465,lifetime,0,-114.76815517349023,1.0,1.0,-2095.198886092348
run-of-river_hydro,power,CZ,0,0.054776735485736465,lifetime,0,-115.4328637143239,1.0,1.0,-2107.3337556668
run-of-river_hydro,power,DE,0,0.054776735485736465,lifetime,0,-157.05181239110712,1.0,1.0,-2867.1261804567102
run-of-river_hydro,power,DK,0,0.054776735485736465,lifetime,0,11.39293493813191,1.0,1.0,207.98857100745923
run-of-river_hydro,power,EE,0,0.054776735485736465,lifetime,0,21.778584447452932,1.0,1.0,397.5882143090463
run-of-river_hydro,power,EL,0,0.054776735485736465,lifetime,0,-99.82333050502224,1.0,1.0,-1822.3672809237717
run-of-river_hydro,power,ES,0,0.054776735485736465,lifetime,0,-157.05181239110712,1.0,1.0,-2867.1261804567102
run-of-river_hydro,power,FI,0,0.054776735485736465,lifetime,0,-157.05181239110712,1.0,1.0,-2867.1261804567102
run-of-river_hydro,power,FR,0,0.054776735485736465,lifetime,0,-109.06507018733164,1.0,1.0,-1991.0837916898413
run-of-river_hydro,power,HR,0,0.054776735485736465,lifetime,0,-157.05181239110712,1.0,1.0,-2867.1261804567102
run-of-river_hydro,power,HU,0,0.054776735485736465,lifetime,0,-157.05181239110712,1.0,1.0,-2867.1261804567102
run-of-river_hydro,power,IE,0,0.054776735485736465,lifetime,0,-58.26728477615984,1.0,1.0,-1063.7232076623532
run-of-river_hydro,power,IT,0,0.054776735485736465,lifetime,0,-157.05181239110712,1.0,1.0,-2867.1261804567102
run-of-river_hydro,power,LT,0,0.054776735485736465,lifetime,0,36.1904901706367,1.0,1.0,660.6908909359976
run-of-river_hydro,power,LU,0,0.054776735485736465,lifetime,0,11.481032979893557,1.0,1.0,209.59688229108048
run-of-river_hydro,power,LV,0,0.054776735485736465,lifetime,0,-17.52723142415996,1.0,1.0,-319.9758304093158
run-of-river_hydro,power,NL,0,0.054776735485736465,lifetime,0,11.39293493813191,1.0,1.0,207.98857100745923
run-of-river_hydro,power,NO,0,0.054776735485736465,lifetime,0,26.67499775518223,1.0,1.0,486.9767706790091
run-of-river_hydro,power,PL,0,0.054776735485736465,lifetime,0,36.1904901706367,1.0,1.0,660.6908909359976
run-of-river_hydro,power,PT,0,0.054776735485736465,lifetime,0,-157.05181239110712,1.0,1.0,-2867.1261804567102
run-of-river_hydro,power,RO,0,0.054776735485736465,lifetime,0,-142.39133969275684,1.0,1.0,-2599.485683659164
run-of-river_hydro,power,SE,0,0.054776735485736465,lifetime,0,-76.51732168908515,1.0,1.0,-1396.8945211970474
run-of-river_hydro,power,SI,0,0.054776735485736465,lifetime,0,-157.05181239110712,1.0,1.0,-2867.1261804567102
run-of-river_hydro,power,SK,0,0.054776735485736465,lifetime,0,-136.77809796403153,1.0,1.0,-2497.0107610674922
run-of-river_hydro,power,UK,0,0.054776735485736465,lifetime,0,36.1904901706367,1.0,1.0,660.6908909359976
waste_boiler_DH,power,AT,0,0.06505143508027657,lifetime,0,42.05698687585609,1.0,1.0,646.5189710873522
waste_boiler_DH,power,BE,0,0.06505143508027657,lifetime,0,42.56859940336364,1.0,1.0,654.3837096112018
waste_boiler_DH,power,BG,0,0.06505143508027657,lifetime,0,42.62573632356964,1.0,1.0,655.2620441188953
waste_boiler_DH,power,CH,0,0.06505143508027657,lifetime,0,42.656259196232234,1.0,1.0,655.7312554841009
waste_boiler_DH,power,CZ,0,0.06505143508027657,lifetime,0,41.14783932805271,1.0,1.0,632.543144932534
waste_boiler_DH,power,DE,0,0.06505143508027657,lifetime,0,41.50123761223463,1.0,1.0,637.975742749105
waste_boiler_DH,power,DK,0,0.06505143508027657,lifetime,0,42.55568656671237,1.0,1.0,654.1852076621618
waste_boiler_DH,power,EE,0,0.06505143508027657,lifetime,0,42.78483305337699,1.0,1.0,657.7077508063961
waste_boiler_DH,power,EL,0,0.06505143508027657,lifetime,0,42.78483305337699,1.0,1.0,657.7077508063961
waste_boiler_DH,power,ES,0,0.06505143508027657,lifetime,0,42.78483305337699,1.0,1.0,657.7077508063961
waste_boiler_DH,power,FI,0,0.06505143508027657,lifetime,0,42.78483305337699,1.0,1.0,657.7077508063961
waste_boiler_DH,power,FR,0,0.06505143508027657,lifetime,0,42.4431955624664,1.0,1.0,652.4559452084259
waste_boiler_DH,power,HR,0,0.06505143508027657,lifetime,0,42.78483305337699,1.0,1.0,657.7077508063961
waste_boiler_DH,power,HU,0,0.06505143508027657,lifetime,0,40.10849473505423,1.0,1.0,616.5658710766094
waste_boiler_DH,power,IE,0,0.06505143508027657,lifetime,0,42.78483305337699,1.0,1.0,657.7077508063961
waste_boiler_DH,power,IT,0,0.06505143508027657,lifetime,0,42.78483305337699,1.0,1.0,657.7077508063961
waste_boiler_DH,power,LT,0,0.06505143508027657,lifetime,0,42.52914449064571,1.0,1.0,653.7771908976754
waste_boiler_DH,power,LU,0,0.06505143508027657,lifetime,0,40.9036820304517,1.0,1.0,628.7898488323065
waste_boiler_DH,power,LV,0,0.06505143508027657,lifetime,0,42.78128475511391,1.0,1.0,657.6532047651181
waste_boiler_DH,power,NL,0,0.06505143508027657,lifetime,0,42.201483600013425,1.0,1.0,648.7402399030058
waste_boiler_DH,power,NO,0,0.06505143508027657,lifetime,0,41.411585461637024,1.0,1.0,636.5975694545886
waste_boiler_DH,power,PL,0,0.06505143508027657,lifetime,0,41.30362670625088,1.0,1.0,634.9379787744919
waste_boiler_DH,power,PT,0,0.06505143508027657,lifetime,0,42.78483305337699,1.0,1.0,657.7077508063961
waste_boiler_DH,power,RO,0,0.06505143508027657,lifetime,0,42.78483305337699,1.0,1.0,657.7077508063961
waste_boiler_DH,power,SE,0,0.06505143508027657,lifetime,0,41.88971360678486,1.0,1.0,643.947570950448
waste_boiler_DH,power,SI,0,0.06505143508027657,lifetime,0,40.80071805200018,1.0,1.0,627.2070401160274
waste_boiler_DH,power,SK,0,0.06505143508027657,lifetime,0,42.78483305337699,1.0,1.0,657.7077508063961
waste_boiler_DH,power,UK,0,0.06505143508027657,lifetime,0,42.78483305337699,1.0,1.0,657.7077508063961
waste_plant,power,AT,0,0.06505143508027657,lifetime,0,100.864767711288,1.0,1.0,1550.5387019796883
waste_plant,power,BE,0,0.06505143508027657,lifetime,0,100.864767711288,1.0,1.0,1550.5387019796883
waste_plant,power,BG,0,0.06505143508027657,lifetime,0,100.864767711288,1.0,1.0,1550.5387019796883
waste_plant,power,CH,0,0.06505143508027657,lifetime,0,100.864767711288,1.0,1.0,1550.5387019796883
waste_plant,power,CZ,0,0.06505143508027657,lifetime,0,100.864767711288,1.0,1.0,1550.5387019796883
waste_plant,power,DE,0,0.06505143508027657,lifetime,0,100.864767711288,1.0,1.0,1550.5387019796883
waste_plant,power,DK,0,0.06505143508027657,lifetime,0,100.864767711288,1.0,1.0,1550.5387019796883
waste_plant,power,EE,0,0.06505143508027657,lifetime,0,100.864767711288,1.0,1.0,1550.5387019796883
waste_plant,power,EL,0,0.06505143508027657,lifetime,0,100.864767711288,1.0,1.0,1550.5387019796883
waste_plant,power,ES,0,0.06505143508027657,lifetime,0,100.864767711288,1.0,1.0,1550.5387019796883
waste_plant,power,FI,0,0.06505143508027657,lifetime,0,100.864767711288,1.0,1.0,1550.5387019796883
waste_plant,power,FR,0,0.06505143508027657,lifetime,0,100.864767711288,1.0,1.0,1550.5387019796883
waste_plant,power,HR,0,0.06505143508027657,lifetime,0,100.864767711288,1.0,1.0,1550.5387019796883
waste_plant,power,HU,0,0.06505143508027657,lifetime,0,100.864767711288,1.0,1.0,1550.5387019796883
waste_plant,power,IE,0,0.06505143508027657,lifetime,0,100.864767711288,1.0,1.0,1550.5387019796883
waste_plant,power,IT,0,0.06505143508027657,lifetime,0,100.864767711288,1.0,1.0,1550.5387019796883
waste_plant,power,LT,0,0.06505143508027657,lifetime,0,100.864767711288,1.0,1.0,1550.5387019796883
waste_plant,power,LU,0,0.06505143508027657,lifetime,0,100.864767711288,1.0,1.0,1550.5387019796883
waste_plant,power,LV,0,0.06505143508027657,lifetime,0,100.864767711288,1.0,1.0,1550.5387019796883
waste_plant,power,NL,0,0.06505143508027657,lifetime,0,100.864767711288,1.0,1.0,1550.5387019796883
waste_plant,power,NO,0,0.06505143508027657,lifetime,0,100.864767711288,1.0,1.0,1550.5387019796883
waste_plant,power,PL,0,0.06505143508027657,lifetime,0,100.864767711288,1.0,1.0,1550.5387019796883
waste_plant,power,PT,0,0.06505143508027657,lifetime,0,100.864767711288,1.0,1.0,1550.5387019796883
waste_plant,power,RO,0,0.06505143508027657,lifetime,0,100.864767711288,1.0,1.0,1550.5387019796883
waste_plant,power,SE,0,0.06505143508027657,lifetime,0,100.864767711288,1.0,1.0,1550.5387019796883
waste_plant,power,SI,0,0.06505143508027657,lifetime,0,100.864767711288,1.0,1.0,1550.5387019796883
waste_plant,power,SK,0,0.06505143508027657,lifetime,0,100.864767711288,1.0,1.0,1550.5387019796883
waste_plant,power,UK,0,0.06505143508027657,lifetime,0,100.864767711288,1.0,1.0,1550.5387019796883
waste_to_cement_fuel,power,AT,0,0.08024258719069129,lifetime,0,-26.95773765360058,1.0,1.0,-335.95299699818094
waste_to_cement_fuel,power,BE,0,0.08024258719069129,lifetime,0,-27.57966619659088,1.0,1.0,-343.70360131895546
waste_to_cement_fuel,power,BG,0,0.08024258719069129,lifetime,0,-26.68739548012737,1.0,1.0,-332.58393596789836
waste_to_cement_fuel,power,CH,0,0.08024258719069129,lifetime,0,-64.4443893429,1.0,1.0,-803.1195353877623
waste_to_cement_fuel,power,CZ,0,0.08024258719069129,lifetime,0,-65.74532003987794,1.0,1.0,-819.3320073745687
waste_to_cement_fuel,power,DE,0,0.08024258719069129,lifetime,0,-34.029012406472276,1.0,1.0,-424.0767103583605
waste_to_cement_fuel,power,DK,0,0.08024258719069129,lifetime,0,-57.2265987846232,1.0,1.0,-713.1699112421178
waste_to_cement_fuel,power,EE,0,0.08024258719069129,lifetime,0,-51.78439203425732,1.0,1.0,-645.3479859914671
waste_to_cement_fuel,power,EL,0,0.08024258719069129,lifetime,0,-77.58501284604348,1.0,1.0,-966.8807495160612
waste_to_cement_fuel,power,ES,0,0.08024258719069129,lifetime,0,-1.0145336779974912,1.0,1.0,-12.643332094795472
waste_to_cement_fuel,power,FI,0,0.08024258719069129,lifetime,0,-47.98673757915047,1.0,1.0,-598.0208173636415
waste_to_cement_fuel,power,FR,0,0.08024258719069129,lifetime,0,-84.84184441229908,1.0,1.0,-1057.3169109151224
waste_to_cement_fuel,power,HR,0,0.08024258719069129,lifetime,0,-33.432068686249806,1.0,1.0,-416.63747215428975
waste_to_cement_fuel,power,HU,0,0.08024258719069129,lifetime,0,-60.544698282384594,1.0,1.0,-754.5207651206965
waste_to_cement_fuel,power,IE,0,0.08024258719069129,lifetime,0,-4.7895046789226114,1.0,1.0,-59.68781474531305
waste_to_cement_fuel,power,IT,0,0.08024258719069129,lifetime,0,-92.37432337072967,1.0,1.0,-1151.188248095841
waste_to_cement_fuel,power,LT,0,0.08024258719069129,lifetime,0,-70.89750766356106,1.0,1.0,-883.5396532651389
waste_to_cement_fuel,power,LU,0,0.08024258719069129,lifetime,0,-27.223112649512572,1.0,1.0,-339.26015601688687
waste_to_cement_fuel,power,LV,0,0.08024258719069129,lifetime,0,-66.6763586283027,1.0,1.0,-830.9348061005394
waste_to_cement_fuel,power,NL,0,0.08024258719069129,lifetime,0,-0.0,1.0,1.0,-0.0
waste_to_cement_fuel,power,NO,0,0.08024258719069129,lifetime,0,-45.93792409236117,1.0,1.0,-572.4880727386404
waste_to_cement_fuel,power,PL,0,0.08024258719069129,lifetime,0,-34.42944887698973,1.0,1.0,-429.06703388277333
waste_to_cement_fuel,power,PT,0,0.08024258719069129,lifetime,0,-68.88422980869476,1.0,1.0,-858.4497611598174
waste_to_cement_fuel,power,RO,0,0.08024258719069129,lifetime,0,-52.41284617048579,1.0,1.0,-653.1799136277856
waste_to_cement_fuel,power,SE,0,0.08024258719069129,lifetime,0,-11.936363650732346,1.0,1.0,-148.75347454047505
waste_to_cement_fuel,power,SI,0,0.08024258719069129,lifetime,0,-62.705696531300696,1.0,1.0,-781.4515798485496
waste_to_cement_fuel,power,SK,0,0.08024258719069129,lifetime,0,-35.31055593548212,1.0,1.0,-440.0475753800022
waste_to_cement_fuel,power,UK,0,0.08024258719069129,lifetime,0,-10.43458276024274,1.0,1.0,-130.03796519478658
wind_offshore,power,AT,0,0.0709524572992296,lifetime,0,0.5243761311488282,1.0,1.0,7.390528124168603
wind_offshore,power,BE,0,0.0709524572992296,lifetime,0,-136.67261606796055,1.0,1.0,-1926.2562745581547
wind_offshore,power,BG,0,0.0709524572992296,lifetime,0,37.30925297899097,1.0,1.0,525.8345432864392
wind_offshore,power,CH,0,0.0709524572992296,lifetime,0,0.5243761311488282,1.0,1.0,7.390528124168603
wind_offshore,power,CZ,0,0.0709524572992296,lifetime,0,37.30925297899097,1.0,1.0,525.8345432864392
wind_offshore,power,DE,0,0.0709524572992296,lifetime,0,-136.67261606796055,1.0,1.0,-1926.2562745581547
wind_offshore,power,DK,0,0.0709524572992296,lifetime,0,-70.36004897589638,1.0,1.0,-991.6506299304781
wind_offshore,power,EE,0,0.0709524572992296,lifetime,0,37.30925297899097,1.0,1.0,525.8345432864392
wind_offshore,power,EL,0,0.0709524572992296,lifetime,0,37.30925297899097,1.0,1.0,525.8345432864392
wind_offshore,power,ES,0,0.0709524572992296,lifetime,0,37.30925297899097,1.0,1.0,525.8345432864392
wind_offshore,power,FI,0,0.0709524572992296,lifetime,0,-136.67261606796055,1.0,1.0,-1926.2562745581547
wind_offshore,power,FR,0,0.0709524572992296,lifetime,0,-121.39068586449588,1.0,1.0,-1710.8735974083584
wind_offshore,power,HR,0,0.0709524572992296,lifetime,0,37.30925297899097,1.0,1.0,525.8345432864392
wind_offshore,power,HU,0,0.0709524572992296,lifetime,0,19.939627304262466,1.0,1.0,281.0280018938677
wind_offshore,power,IE,0,0.0709524572992296,lifetime,0,-41.12396612593958,1.0,1.0,-579.598898914895
wind_offshore,power,IT,0,0.0709524572992296,lifetime,0,37.30925297899097,1.0,1.0,525.8345432864392
wind_offshore,power,LT,0,0.0709524572992296,lifetime,0,37.30925297899097,1.0,1.0,525.8345432864392
wind_offshore,power,LU,0,0.0709524572992296,lifetime,0,20.09381427438929,1.0,1.0,283.2011045036416
wind_offshore,power,LV,0,0.0709524572992296,lifetime,0,37.30925297899097,1.0,1.0,525.8345432864392
wind_offshore,power,NL,0,0.0709524572992296,lifetime,0,-136.67261606796055,1.0,1.0,-1926.2562745581547
wind_offshore,power,NO,0,0.0709524572992296,lifetime,0,-136.67261606796055,1.0,1.0,-1926.2562745581547
wind_offshore,power,PL,0,0.0709524572992296,lifetime,0,37.30925297899097,1.0,1.0,525.8345432864392
wind_offshore,power,PT,0,0.0709524572992296,lifetime,0,37.30925297899097,1.0,1.0,525.8345432864392
wind_offshore,power,RO,0,0.0709524572992296,lifetime,0,37.30925297899097,1.0,1.0,525.8345432864392
wind_offshore,power,SE,0,0.0709524572992296,lifetime,0,-74.90289281387433,1.0,1.0,-1055.6772191551374
wind_offshore,power,SI,0,0.0709524572992296,lifetime,0,0.5347834207261221,1.0,1.0,7.537207886553758
wind_offshore,power,SK,0,0.0709524572992296,lifetime,0,37.30925297899097,1.0,1.0,525.8345432864392
wind_offshore,power,UK,0,0.0709524572992296,lifetime,0,-79.29201642694346,1.0,1.0,-1117.5372840512518
wind_onshore,power,AT,0,0.0709524572992296,lifetime,0,-67.01291702606882,1.0,1.0,-944.4763377743711
wind_onshore,power,BE,0,0.0709524572992296,lifetime,0,-67.01291702606882,1.0,1.0,-944.4763377743711
wind_onshore,power,BG,0,0.0709524572992296,lifetime,0,-57.00894945609825,1.0,1.0,-803.4809734026965
wind_onshore,power,CH,0,0.0709524572992296,lifetime,0,-34.599783478665415,1.0,1.0,-487.64743034546177
wind_onshore,power,CZ,0,0.0709524572992296,lifetime,0,-67.01291702606882,1.0,1.0,-944.4763377743711
wind_onshore,power,DE,0,0.0709524572992296,lifetime,0,-67.01291702606882,1.0,1.0,-944.4763377743711
wind_onshore,power,DK,0,0.0709524572992296,lifetime,0,-67.01291702606882,1.0,1.0,-944.4763377743711
wind_onshore,power,EE,0,0.0709524572992296,lifetime,0,-67.01291702606882,1.0,1.0,-944.4763377743711
wind_onshore,power,EL,0,0.0709524572992296,lifetime,0,-67.01291702606882,1.0,1.0,-944.4763377743711
wind_onshore,power,ES,0,0.0709524572992296,lifetime,0,-67.01291702606882,1.0,1.0,-944.4763377743711
wind_onshore,power,FI,0,0.0709524572992296,lifetime,0,-67.01291702606882,1.0,1.0,-944.4763377743711
wind_onshore,power,FR,0,0.0709524572992296,lifetime,0,-67.01291702606882,1.0,1.0,-944.4763377743711
wind_onshore,power,HR,0,0.0709524572992296,lifetime,0,-67.01291702606882,1.0,1.0,-944.4763377743711
wind_onshore,power,HU,0,0.0709524572992296,lifetime,0,-67.01291702606882,1.0,1.0,-944.4763377743711
wind_onshore,power,IE,0,0.0709524572992296,lifetime,0,-67.01291702606882,1.0,1.0,-944.4763377743711
wind_onshore,power,IT,0,0.0709524572992296,lifetime,0,-67.01291702606882,1.0,1.0,-944.4763377743711
wind_onshore,power,LT,0,0.0709524572992296,lifetime,0,-67.01291702606882,1.0,1.0,-944.4763377743711
wind_onshore,power,LU,0,0.0709524572992296,lifetime,0,-67.01291702606882,1.0,1.0,-944.4763377743711
wind_onshore,power,LV,0,0.0709524572992296,lifetime,0,-67.01291702606882,1.0,1.0,-944.4763377743711
wind_onshore,power,NL,0,0.0709524572992296,lifetime,0,-67.01291702606882,1.0,1.0,-944.4763377743711
wind_onshore,power,NO,0,0.0709524572992296,lifetime,0,-55.90430239333896,1.0,1.0,-787.9121389351228
wind_onshore,power,PL,0,0.0709524572992296,lifetime,0,-67.01291702606882,1.0,1.0,-944.4763377743711
wind_onshore,power,PT,0,0.0709524572992296,lifetime,0,-67.01291702606882,1.0,1.0,-944.4763377743711
wind_onshore,power,RO,0,0.0709524572992296,lifetime,0,-67.01291702606882,1.0,1.0,-944.4763377743711
wind_onshore,power,SE,0,0.0709524572992296,lifetime,0,-67.01291702606882,1.0,1.0,-944.4763377743711
wind_onshore,power,SI,0,0.0709524572992296,lifetime,0,-35.1873541925282,1.0,1.0,-495.9286194152752
wind_onshore,power,SK,0,0.0709524572992296,lifetime,0,-67.01291702606882,1.0,1.0,-944.4763377743711
wind_onshore,power,UK,0,0.0709524572992296,lifetime,0,-67.01291702606882,1.0,1.0,-944.4763377743711
natural_gas_turbine_CCS,power,AT,0,0.06413212036951257,lifetime,0,-194.53518124282772,1.0,1.0,-3033.350217051404
natural_gas_turbine_CCS,power,BE,0,0.06413212036951257,lifetime,0,-194.53518124282772,1.0,1.0,-3033.350217051404
natural_gas_turbine_CCS,power,BG,0,0.06413212036951257,lifetime,0,-105.09954806603807,1.0,1.0,-1638.7973368178355
natural_gas_turbine_CCS,power,CH,0,0.06413212036951257,lifetime,0,-194.53518124282772,1.0,1.0,-3033.350217051404
natural_gas_turbine_CCS,power,CZ,0,0.06413212036951257,lifetime,0,-115.09227780554218,1.0,1.0,-1794.6120780415563
natural_gas_turbine_CCS,power,DE,0,0.06413212036951257,lifetime,0,-194.53518124282772,1.0,1.0,-3033.350217051404
natural_gas_turbine_CCS,power,DK,0,0.06413212036951257,lifetime,0,-27.824874307964265,1.0,1.0,-433.86799232030046
natural_gas_turbine_CCS,power,EE,0,0.06413212036951257,lifetime,0,72.1675832742663,1.0,1.0,1125.2954503680135
natural_gas_turbine_CCS,power,EL,0,0.06413212036951257,lifetime,0,-193.06381399961205,1.0,1.0,-3010.407466449396
natural_gas_turbine_CCS,power,ES,0,0.06413212036951257,lifetime,0,-156.05106613048878,1.0,1.0,-2433.2747027755076
natural_gas_turbine_CCS,power,FI,0,0.06413212036951257,lifetime,0,-60.146863457149934,1.0,1.0,-937.858644164568
natural_gas_turbine_CCS,power,FR,0,0.06413212036951257,lifetime,0,-31.163613840707413,1.0,1.0,-485.92832516920987
natural_gas_turbine_CCS,power,HR,0,0.06413212036951257,lifetime,0,-96.53981802463788,1.0,1.0,-1505.3270883357761
natural_gas_turbine_CCS,power,HU,0,0.06413212036951257,lifetime,0,-75.94125248310046,1.0,1.0,-1184.1375592378163
natural_gas_turbine_CCS,power,IE,0,0.06413212036951257,lifetime,0,-35.78523848247103,1.0,1.0,-557.9924424186477
natural_gas_turbine_CCS,power,IT,0,0.06413212036951257,lifetime,0,-190.19599397314713,1.0,1.0,-2965.690092223481
natural_gas_turbine_CCS,power,LT,0,0.06413212036951257,lifetime,0,-19.622283565365862,1.0,1.0,-305.96654924720053
natural_gas_turbine_CCS,power,LU,0,0.06413212036951257,lifetime,0,-157.81853939400165,1.0,1.0,-2460.8345784404496
natural_gas_turbine_CCS,power,LV,0,0.06413212036951257,lifetime,0,72.1675832742663,1.0,1.0,1125.2954503680135
natural_gas_turbine_CCS,power,NL,0,0.06413212036951257,lifetime,0,-130.826772468471,1.0,1.0,-2039.9570716620817
natural_gas_turbine_CCS,power,NO,0,0.06413212036951257,lifetime,0,72.1675832742663,1.0,1.0,1125.2954503680135
natural_gas_turbine_CCS,power,PL,0,0.06413212036951257,lifetime,0,-194.53518124282772,1.0,1.0,-3033.350217051404
natural_gas_turbine_CCS,power,PT,0,0.06413212036951257,lifetime,0,-175.8747939845232,1.0,1.0,-2742.382334642585
natural_gas_turbine_CCS,power,RO,0,0.06413212036951257,lifetime,0,-84.91616167246816,1.0,1.0,-1324.081617498429
natural_gas_turbine_CCS,power,SE,0,0.06413212036951257,lifetime,0,72.1675832742663,1.0,1.0,1125.2954503680135
natural_gas_turbine_CCS,power,SI,0,0.06413212036951257,lifetime,0,-91.64705797778426,1.0,1.0,-1429.0352080944429
natural_gas_turbine_CCS,power,SK,0,0.06413212036951257,lifetime,0,-74.11282615655215,1.0,1.0,-1155.6272540114585
natural_gas_turbine_CCS,power,UK,0,0.06413212036951257,lifetime,0,-20.88148805092912,1.0,1.0,-325.6010861735964
biomass_plant_CCS,power,AT,0,0.058278161166034986,lifetime,0,-111.0084194075436,1.0,1.0,-1904.8030546344737
biomass_plant_CCS,power,BE,0,0.058278161166034986,lifetime,0,-111.0084194075436,1.0,1.0,-1904.8030546344737
biomass_plant_CCS,power,BG,0,0.058278161166034986,lifetime,0,-111.0084194075436,1.0,1.0,-1904.8030546344737
biomass_plant_CCS,power,CH,0,0.058278161166034986,lifetime,0,-111.0084194075436,1.0,1.0,-1904.8030546344737
biomass_plant_CCS,power,CZ,0,0.058278161166034986,lifetime,0,-111.0084194075436,1.0,1.0,-1904.8030546344737
biomass_plant_CCS,power,DE,0,0.058278161166034986,lifetime,0,-111.0084194075436,1.0,1.0,-1904.8030546344737
biomass_plant_CCS,power,DK,0,0.058278161166034986,lifetime,0,-111.0084194075436,1.0,1.0,-1904.8030546344737
biomass_plant_CCS,power,EE,0,0.058278161166034986,lifetime,0,-111.0084194075436,1.0,1.0,-1904.8030546344737
biomass_plant_CCS,power,EL,0,0.058278161166034986,lifetime,0,-111.0084194075436,1.0,1.0,-1904.8030546344737
biomass_plant_CCS,power,ES,0,0.058278161166034986,lifetime,0,-111.0084194075436,1.0,1.0,-1904.8030546344737
biomass_plant_CCS,power,FI,0,0.058278161166034986,lifetime,0,-111.0084194075436,1.0,1.0,-1904.8030546344737
biomass_plant_CCS,power,FR,0,0.058278161166034986,lifetime,0,-111.0084194075436,1.0,1.0,-1904.8030546344737
biomass_plant_CCS,power,HR,0,0.058278161166034986,lifetime,0,-111.0084194075436,1.0,1.0,-1904.8030546344737
biomass_plant_CCS,power,HU,0,0.058278161166034986,lifetime,0,-111.0084194075436,1.0,1.0,-1904.8030546344737
biomass_plant_CCS,power,IE,0,0.058278161166034986,lifetime,0,-111.0084194075436,1.0,1.0,-1904.8030546344737
biomass_plant_CCS,power,IT,0,0.058278161166034986,lifetime,0,-111.0084194075436,1.0,1.0,-1904.8030546344737
biomass_plant_CCS,power,LT,0,0.058278161166034986,lifetime,0,-111.0084194075436,1.0,1.0,-1904.8030546344737
biomass_plant_CCS,power,LU,0,0.058278161166034986,lifetime,0,-111.0084194075436,1.0,1.0,-1904.8030546344737
biomass_plant_CCS,power,LV,0,0.058278161166034986,lifetime,0,-111.0084194075436,1.0,1.0,-1904.8030546344737
biomass_plant_CCS,power,NL,0,0.058278161166034986,lifetime,0,-111.0084194075436,1.0,1.0,-1904.8030546344737
biomass_plant_CCS,power,NO,0,0.058278161166034986,lifetime,0,-111.0084194075436,1.0,1.0,-1904.8030546344737
biomass_plant_CCS,power,PL,0,0.058278161166034986,lifetime,0,-111.0084194075436,1.0,1.0,-1904.8030546344737
biomass_plant_CCS,power,PT,0,0.058278161166034986,lifetime,0,-111.0084194075436,1.0,1.0,-1904.8030546344737
biomass_plant_CCS,power,RO,0,0.058278161166034986,lifetime,0,-111.0084194075436,1.0,1.0,-1904.8030546344737
biomass_plant_CCS,power,SE,0,0.058278161166034986,lifetime,0,-111.0084194075436,1.0,1.0,-1904.8030546344737
biomass_plant_CCS,power,SI,0,0.058278161166034986,lifetime,0,-111.0084194075436,1.0,1.0,-1904.8030546344737
biomass_plant_CCS,power,SK,0,0.058278161166034986,lifetime,0,-111.0084194075436,1.0,1.0,-1904.8030546344737
biomass_plant_CCS,power,UK,0,0.058278161166034986,lifetime,0,-111.0084194075436,1.0,1.0,-1904.8030546344737
SMR_CCS,power,AT,0,0.0709524572992296,lifetime,0,-221.23434473381923,1.0,1.0,-3118.064590783685
SMR_CCS,power,BE,0,0.0709524572992296,lifetime,0,-270.28903953288176,1.0,1.0,-3809.438739985917
SMR_CCS,power,BG,0,0.0709524572992296,lifetime,0,-270.28903953288176,1.0,1.0,-3809.438739985917
SMR_CCS,power,CH,0,0.0709524572992296,lifetime,0,-212.84525244355518,1.0,1.0,-2999.82918908527
SMR_CCS,power,CZ,0,0.0709524572992296,lifetime,0,-230.24486718446673,1.0,1.0,-3245.0583947142127
SMR_CCS,power,DE,0,0.0709524572992296,lifetime,0,-218.1846869566383,1.0,1.0,-3075.08288312669
SMR_CCS,power,DK,0,0.0709524572992296,lifetime,0,-255.02643107525665,1.0,1.0,-3594.3283824509026
SMR_CCS,power,EE,0,0.0709524572992296,lifetime,0,-243.35180992658044,1.0,1.0,-3429.786919151886
SMR_CCS,power,EL,0,0.0709524572992296,lifetime,0,-224.83135129198195,1.0,1.0,-3168.76060181813
SMR_CCS,power,ES,0,0.0709524572992296,lifetime,0,-157.7754038469744,1.0,1.0,-2223.677795704583
SMR_CCS,power,FI,0,0.0709524572992296,lifetime,0,-255.0738112363207,1.0,1.0,-3594.9961558144696
SMR_CCS,power,FR,0,0.0709524572992296,lifetime,0,-105.40651216092726,1.0,1.0,-1485.593539296232
SMR_CCS,power,HR,0,0.0709524572992296,lifetime,0,-240.49463071898214,1.0,1.0,-3389.51799378474
SMR_CCS,power,HU,0,0.0709524572992296,lifetime,0,-180.77200960858093,1.0,1.0,-2547.7906825158507
SMR_CCS,power,IE,0,0.0709524572992296,lifetime,0,-270.28903953288176,1.0,1.0,-3809.438739985917
SMR_CCS,power,IT,0,0.0709524572992296,lifetime,0,-187.84169911800393,1.0,1.0,-2647.430494560807
SMR_CCS,power,LT,0,0.0709524572992296,lifetime,0,-241.58767276173288,1.0,1.0,-3404.9232677436253
SMR_CCS,power,LU,0,0.0709524572992296,lifetime,0,-270.28903953288176,1.0,1.0,-3809.438739985917
SMR_CCS,power,LV,0,0.0709524572992296,lifetime,0,-270.28903953288176,1.0,1.0,-3809.438739985917
SMR_CCS,power,NL,0,0.0709524572992296,lifetime,0,-270.28903953288176,1.0,1.0,-3809.438739985917
SMR_CCS,power,NO,0,0.0709524572992296,lifetime,0,-270.28903953288176,1.0,1.0,-3809.438739985917
SMR_CCS,power,PL,0,0.0709524572992296,lifetime,0,-270.28903953288176,1.0,1.0,-3809.438739985917
SMR_CCS,power,PT,0,0.0709524572992296,lifetime,0,-113.84200939455742,1.0,1.0,-1604.4829696940394
SMR_CCS,power,RO,0,0.0709524572992296,lifetime,0,-270.28903953288176,1.0,1.0,-3809.438739985917
SMR_CCS,power,SE,0,0.0709524572992296,lifetime,0,-255.15146664989626,1.0,1.0,-3596.0906269086568
SMR_CCS,power,SI,0,0.0709524572992296,lifetime,0,-225.2025466314039,1.0,1.0,-3173.992208355117
SMR_CCS,power,SK,0,0.0709524572992296,lifetime,0,-179.84766044904362,1.0,1.0,-2534.762956701662
SMR_CCS,power,UK,0,0.0709524572992296,lifetime,0,-270.28903953288176,1.0,1.0,-3809.438739985917
cement_post_comb,power,AT,0,0.0709524572992296,lifetime,0,-142.2573892278325,1.0,1.0,-2004.9677578873248
cement_post_comb,power,BE,0,0.0709524572992296,lifetime,0,-142.2573892278325,1.0,1.0,-2004.9677578873248
cement_post_comb,power,BG,0,0.0709524572992296,lifetime,0,-142.2573892278325,1.0,1.0,-2004.9677578873248
cement_post_comb,power,CH,0,0.0709524572992296,lifetime,0,-142.2573892278325,1.0,1.0,-2004.9677578873248
cement_post_comb,power,CZ,0,0.0709524572992296,lifetime,0,-142.2573892278325,1.0,1.0,-2004.9677578873248
cement_post_comb,power,DE,0,0.0709524572992296,lifetime,0,-142.2573892278325,1.0,1.0,-2004.9677578873248
cement_post_comb,power,DK,0,0.0709524572992296,lifetime,0,-142.2573892278325,1.0,1.0,-2004.9677578873248
cement_post_comb,power,EE,0,0.0709524572992296,lifetime,0,-142.2573892278325,1.0,1.0,-2004.9677578873248
cement_post_comb,power,EL,0,0.0709524572992296,lifetime,0,-142.2573892278325,1.0,1.0,-2004.9677578873248
cement_post_comb,power,ES,0,0.0709524572992296,lifetime,0,-142.2573892278325,1.0,1.0,-2004.9677578873248
cement_post_comb,power,FI,0,0.0709524572992296,lifetime,0,-142.2573892278325,1.0,1.0,-2004.9677578873248
cement_post_comb,power,FR,0,0.0709524572992296,lifetime,0,-142.2573892278325,1.0,1.0,-2004.9677578873248
cement_post_comb,power,HR,0,0.0709524572992296,lifetime,0,-142.2573892278325,1.0,1.0,-2004.9677578873248
cement_post_comb,power,HU,0,0.0709524572992296,lifetime,0,-142.2573892278325,1.0,1.0,-2004.9677578873248
cement_post_comb,power,IE,0,0.0709524572992296,lifetime,0,-142.2573892278325,1.0,1.0,-2004.9677578873248
cement_post_comb,power,IT,0,0.0709524572992296,lifetime,0,-142.2573892278325,1.0,1.0,-2004.9677578873248
cement_post_comb,power,LT,0,0.0709524572992296,lifetime,0,-142.2573892278325,1.0,1.0,-2004.9677578873248
cement_post_comb,power,LU,0,0.0709524572992296,lifetime,0,-142.2573892278325,1.0,1.0,-2004.9677578873248
cement_post_comb,power,LV,0,0.0709524572992296,lifetime,0,-142.2573892278325,1.0,1.0,-2004.9677578873248
cement_post_comb,power,NL,0,0.0709524572992296,lifetime,0,60.14903273661974,1.0,1.0,847.7371330911303
cement_post_comb,power,NO,0,0.0709524572992296,lifetime,0,-142.2573892278325,1.0,1.0,-2004.9677578873248
cement_post_comb,power,PL,0,0.0709524572992296,lifetime,0,-142.2573892278325,1.0,1.0,-2004.9677578873248
cement_post_comb,power,PT,0,0.0709524572992296,lifetime,0,-142.2573892278325,1.0,1.0,-2004.9677578873248
cement_post_comb,power,RO,0,0.0709524572992296,lifetime,0,-142.2573892278325,1.0,1.0,-2004.9677578873248
cement_post_comb,power,SE,0,0.0709524572992296,lifetime,0,-142.2573892278325,1.0,1.0,-2004.9677578873248
cement_post_comb,power,SI,0,0.0709524572992296,lifetime,0,-142.2573892278325,1.0,1.0,-2004.9677578873248
cement_post_comb,power,SK,0,0.0709524572992296,lifetime,0,-142.2573892278325,1.0,1.0,-2004.9677578873248
cement_post_comb,power,UK,0,0.0709524572992296,lifetime,0,-142.2573892278325,1.0,1.0,-2004.9677578873248
BF_BOF_CCS,power,AT,0,0.0709524572992296,lifetime,0,47.33994711697567,1.0,1.0,667.2065904261457
BF_BOF_CCS,power,BE,0,0.0709524572992296,lifetime,0,-80.28681492458804,1.0,1.0,-1131.5579189314392
BF_BOF_CCS,power,BG,0,0.0709524572992296,lifetime,0,59.223048768847356,1.0,1.0,834.6863663803001
BF_BOF_CCS,power,CH,0,0.0709524572992296,lifetime,0,60.14903273661974,1.0,1.0,847.7371330911303
BF_BOF_CCS,power,CZ,0,0.0709524572992296,lifetime,0,35.531580423447885,1.0,1.0,500.78012483203577
BF_BOF_CCS,power,DE,0,0.0709524572992296,lifetime,0,-60.21110283149685,1.0,1.0,-848.6119455675374
BF_BOF_CCS,power,DK,0,0.0709524572992296,lifetime,0,60.14903273661974,1.0,1.0,847.7371330911303
BF_BOF_CCS,power,EE,0,0.0709524572992296,lifetime,0,60.14903273661974,1.0,1.0,847.7371330911303
BF_BOF_CCS,power,EL,0,0.0709524572992296,lifetime,0,60.14903273661974,1.0,1.0,847.7371330911303
BF_BOF_CCS,power,ES,0,0.0709524572992296,lifetime,0,60.14903273661974,1.0,1.0,847.7371330911303
BF_BOF_CCS,power,FI,0,0.0709524572992296,lifetime,0,-142.2573892278325,1.0,1.0,-2004.9677578873248
BF_BOF_CCS,power,FR,0,0.0709524572992296,lifetime,0,53.83925802809954,1.0,1.0,758.8075181250153
BF_BOF_CCS,power,HR,0,0.0709524572992296,lifetime,0,44.61447502515713,1.0,1.0,628.793937847753
BF_BOF_CCS,power,HU,0,0.0709524572992296,lifetime,0,60.14903273661974,1.0,1.0,847.7371330911303
BF_BOF_CCS,power,IE,0,0.0709524572992296,lifetime,0,60.14903273661974,1.0,1.0,847.7371330911303
BF_BOF_CCS,power,IT,0,0.0709524572992296,lifetime,0,28.391856965779404,1.0,1.0,400.1532582027668
BF_BOF_CCS,power,LT,0,0.0709524572992296,lifetime,0,60.14903273661974,1.0,1.0,847.7371330911303
BF_BOF_CCS,power,LU,0,0.0709524572992296,lifetime,0,-95.25567226274097,1.0,1.0,-1342.5281644723989
BF_BOF_CCS,power,LV,0,0.0709524572992296,lifetime,0,60.14903273661974,1.0,1.0,847.7371330911303
BF_BOF_CCS,power,NL,0,0.0709524572992296,lifetime,0,-45.60853064084939,1.0,1.0,-642.8041025908852
BF_BOF_CCS,power,NO,0,0.0709524572992296,lifetime,0,-54.80160781286599,1.0,1.0,-772.3708226446588
BF_BOF_CCS,power,PL,0,0.0709524572992296,lifetime,0,-47.77837219405264,1.0,1.0,-673.3857291588324
BF_BOF_CCS,power,PT,0,0.0709524572992296,lifetime,0,60.14903273661974,1.0,1.0,847.7371330911303
BF_BOF_CCS,power,RO,0,0.0709524572992296,lifetime,0,48.787591879241646,1.0,1.0,687.6096154568473
BF_BOF_CCS,power,SE,0,0.0709524572992296,lifetime,0,-81.46269170351465,1.0,1.0,-1148.1306610701301
BF_BOF_CCS,power,SI,0,0.0709524572992296,lifetime,0,37.03785170974201,1.0,1.0,522.00942884249
BF_BOF_CCS,power,SK,0,0.0709524572992296,lifetime,0,43.86228901450939,1.0,1.0,618.1926699103295
BF_BOF_CCS,power,UK,0,0.0709524572992296,lifetime,0,-72.72037856653014,1.0,1.0,-1024.9169843384655
NG_DRI_CCS,power,AT,0,0.0709524572992296,lifetime,0,-142.2573892278325,1.0,1.0,-2004.9677578873248
NG_DRI_CCS,power,BE,0,0.0709524572992296,lifetime,0,-142.2573892278325,1.0,1.0,-2004.9677578873248
NG_DRI_CCS,power,BG,0,0.0709524572992296,lifetime,0,-142.2573892278325,1.0,1.0,-2004.9677578873248
NG_DRI_CCS,power,CH,0,0.0709524572992296,lifetime,0,60.14903273661974,1.0,1.0,847.7371330911303
NG_DRI_CCS,power,CZ,0,0.0709524572992296,lifetime,0,-142.2573892278325,1.0,1.0,-2004.9677578873248
NG_DRI_CCS,power,DE,0,0.0709524572992296,lifetime,0,-142.2573892278325,1.0,1.0,-2004.9677578873248
NG_DRI_CCS,power,DK,0,0.0709524572992296,lifetime,0,60.14903273661974,1.0,1.0,847.7371330911303
NG_DRI_CCS,power,EE,0,0.0709524572992296,lifetime,0,60.14903273661974,1.0,1.0,847.7371330911303
NG_DRI_CCS,power,EL,0,0.0709524572992296,lifetime,0,-142.2573892278325,1.0,1.0,-2004.9677578873248
NG_DRI_CCS,power,ES,0,0.0709524572992296,lifetime,0,-142.2573892278325,1.0,1.0,-2004.9677578873248
NG_DRI_CCS,power,FI,0,0.0709524572992296,lifetime,0,-142.2573892278325,1.0,1.0,-2004.9677578873248
NG_DRI_CCS,power,FR,0,0.0709524572992296,lifetime,0,-142.2573892278325,1.0,1.0,-2004.9677578873248
NG_DRI_CCS,power,HR,0,0.0709524572992296,lifetime,0,-142.2573892278325,1.0,1.0,-2004.9677578873248
NG_DRI_CCS,power,HU,0,0.0709524572992296,lifetime,0,-142.2573892278325,1.0,1.0,-2004.9677578873248
NG_DRI_CCS,power,IE,0,0.0709524572992296,lifetime,0,60.14903273661974,1.0,1.0,847.7371330911303
NG_DRI_CCS,power,IT,0,0.0709524572992296,lifetime,0,-142.2573892278325,1.0,1.0,-2004.9677578873248
NG_DRI_CCS,power,LT,0,0.0709524572992296,lifetime,0,60.14903273661974,1.0,1.0,847.7371330911303
NG_DRI_CCS,power,LU,0,0.0709524572992296,lifetime,0,-142.2573892278325,1.0,1.0,-2004.9677578873248
NG_DRI_CCS,power,LV,0,0.0709524572992296,lifetime,0,60.14903273661974,1.0,1.0,847.7371330911303
NG_DRI_CCS,power,NL,0,0.0709524572992296,lifetime,0,-142.2573892278325,1.0,1.0,-2004.9677578873248
NG_DRI_CCS,power,NO,0,0.0709524572992296,lifetime,0,-142.2573892278325,1.0,1.0,-2004.9677578873248
NG_DRI_CCS,power,PL,0,0.0709524572992296,lifetime,0,-142.2573892278325,1.0,1.0,-2004.9677578873248
NG_DRI_CCS,power,PT,0,0.0709524572992296,lifetime,0,-105.1738573809518,1.0,1.0,-1482.3145157242325
NG_DRI_CCS,power,RO,0,0.0709524572992296,lifetime,0,-142.2573892278325,1.0,1.0,-2004.9677578873248
NG_DRI_CCS,power,SE,0,0.0709524572992296,lifetime,0,-142.2573892278325,1.0,1.0,-2004.9677578873248
NG_DRI_CCS,power,SI,0,0.0709524572992296,lifetime,0,-142.2573892278325,1.0,1.0,-2004.9677578873248
NG_DRI_CCS,power,SK,0,0.0709524572992296,lifetime,0,-142.2573892278325,1.0,1.0,-2004.9677578873248
NG_DRI_CCS,power,UK,0,0.0709524572992296,lifetime,0,-142.2573892278325,1.0,1.0,-2004.9677578873248
carbon_pipeline,power,AT-CH,0,0.054776735485736465,lifetime,0,-46.93826383214654,1.0,1.0,-856.9014457674094
carbon_pipeline,power,AT-CZ,0,0.054776735485736465,lifetime,0,-26.896794567050435,1.0,1.0,-491.02587674386325
carbon_pipeline,power,AT-DE,0,0.054776735485736465,lifetime,0,-57.434310749579744,1.0,1.0,-1048.5164959225308
carbon_pipeline,power,AT-HU,0,0.054776735485736465,lifetime,0,-29.074885887166204,1.0,1.0,-530.7889495301729
carbon_pipeline,power,AT-IT,0,0.054776735485736465,lifetime,0,-14.309869442818211,1.0,1.0,-261.23990989832566
carbon_pipeline,power,AT-SI,0,0.054776735485736465,lifetime,0,-0.0,1.0,1.0,-0.0
carbon_pipeline,power,AT-SK,0,0.054776735485736465,lifetime,0,-48.20169221379766,1.0,1.0,-879.9665001275786
carbon_pipeline,power,BE-DE,0,0.054776735485736465,lifetime,0,-2.485663698070283,1.0,1.0,-45.378091191972096
carbon_pipeline,power,BE-FR,0,0.054776735485736465,lifetime,0,-0.0,1.0,1.0,-0.0
carbon_pipeline,power,BE-LU,0,0.054776735485736465,lifetime,0,-0.0,1.0,1.0,-0.0
carbon_pipeline,power,BE-NL,0,0.054776735485736465,lifetime,0,-19.501295728011968,1.0,1.0,-356.0142011947753
carbon_pipeline,power,BE-NO,0,0.054776735485736465,lifetime,0,-160.02925295097316,1.0,1.0,-2921.48211338085
carbon_pipeline,power,BE-UK,0,0.054776735485736465,lifetime,0,-79.9757208382197,1.0,1.0,-1460.0307982764855
carbon_pipeline,power,BG-EL,0,0.054776735485736465,lifetime,0,-0.0,1.0,1.0,-0.0
carbon_pipeline,power,BG-RO,0,0.054776735485736465,lifetime,0,-42.218988122866804,1.0,1.0,-770.7467001910031
carbon_pipeline,power,CH-AT,0,0.054776735485736465,lifetime,0,-40.366118592138136,1.0,1.0,-736.9208521498919
carbon_pipeline,power,CH-DE,0,0.054776735485736465,lifetime,0,-50.86216550957134,1.0,1.0,-928.5359023050131
carbon_pipeline,power,CH-FR,0,0.054776735485736465,lifetime,0,-58.69565113089045,1.0,1.0,-1071.5434319041237
carbon_pipeline,power,CH-IT,0,0.054776735485736465,lifetime,0,-6.904353753310488,1.0,1.0,-126.04536747372141
carbon_pipeline,power,CZ-AT,0,0.054776735485736465,lifetime,0,-0.0,1.0,1.0,-0.0
carbon_pipeline,power,CZ-DE,0,0.054776735485736465,lifetime,0,-38.74205381854323,1.0,1.0,-707.2720467000344
carbon_pipeline,power,CZ-PL,0,0.054776735485736465,lifetime,0,-48.45064348271522,1.0,1.0,-884.5113359362476
carbon_pipeline,power,CZ-SK,0,0.054776735485736465,lifetime,0,-39.99715457778373,1.0,1.0,-730.1850726062116
carbon_pipeline,power,DE-AT,0,0.054776735485736465,lifetime,0,-0.0,1.0,1.0,-0.0
carbon_pipeline,power,DE-BE,0,0.054776735485736465,lifetime,0,-42.805331586122776,1.0,1.0,-781.4509427504863
carbon_pipeline,power,DE-CH,0,0.054776735485736465,lifetime,0,-0.0,1.0,1.0,-0.0
carbon_pipeline,power,DE-CZ,0,0.054776735485736465,lifetime,0,-8.204537636013924,1.0,1.0,-149.78142752136694
carbon_pipeline,power,DE-DK,0,0.054776735485736465,lifetime,0,-69.61848051010857,1.0,1.0,-1270.9497908694614
carbon_pipeline,power,DE-FR,0,0.054776735485736465,lifetime,0,-38.7178663641663,1.0,1.0,-706.8304823358486
carbon_pipeline,power,DE-LU,0,0.054776735485736465,lifetime,0,-42.80533158612278,1.0,1.0,-781.4509427504864
carbon_pipeline,power,DE-NL,0,0.054776735485736465,lifetime,0,-44.97216710215996,1.0,1.0,-821.0085304165386
carbon_pipeline,power,DE-NO,0,0.054776735485736465,lifetime,0,-200.34892083902568,1.0,1.0,-3657.5549649393647
carbon_pipeline,power,DE-PL,0,0.054776735485736465,lifetime,0,-48.20169221379766,1.0,1.0,-879.9665001275786
carbon_pipeline,power,DE-SE,0,0.054776735485736465,lifetime,0,-171.14005079218575,1.0,1.0,-3124.320010577293
carbon_pipeline,power,DE-UK,0,0.054776735485736465,lifetime,0,-120.29538872627218,1.0,1.0,-2196.1036498349995
carbon_pipeline,power,DK-DE,0,0.054776735485736465,lifetime,0,-0.0,1.0,1.0,-0.0
carbon_pipeline,power,DK-NL,0,0.054776735485736465,lifetime,0,-0.0,1.0,1.0,-0.0
carbon_pipeline,power,DK-NO,0,0.054776735485736465,lifetime,0,-130.7304403289171,1.0,1.0,-2386.6051740699027
carbon_pipeline,power,DK-SE,0,0.054776735485736465,lifetime,0,-99.12920239291888,1.0,1.0,-1809.695329849139
carbon_pipeline,power,DK-UK,0,0.054776735485736465,lifetime,0,-50.676908216163596,1.0,1.0,-925.1538589655377
carbon_pipeline,power,EE-FI,0,0.054776735485736465,lifetime,0,-89.44314503329785,1.0,1.0,-1632.8673886852625
carbon_pipeline,power,EE-LV,0,0.054776735485736465,lifetime,0,-0.0,1.0,1.0,-0.0
carbon_pipeline,power,EL-BG,0,0.054776735485736465,lifetime,0,-52.85003334614122,1.0,1.0,-964.8262693548623
carbon_pipeline,power,EL-IT,0,0.054776735485736465,lifetime,0,-90.60629599152591,1.0,1.0,-1654.101785878044
carbon_pipeline,power,ES-FR,0,0.054776735485736465,lifetime,0,-106.31582338892042,1.0,1.0,-1940.8937470653836
carbon_pipeline,power,ES-PT,0,0.054776735485736465,lifetime,0,-0.0,1.0,1.0,-0.0
carbon_pipeline,power,FI-EE,0,0.054776735485736465,lifetime,0,-0.0,1.0,1.0,-0.0
carbon_pipeline,power,FI-NO,0,0.054776735485736465,lifetime,0,-53.30446792370867,1.0,1.0,-973.1223931296314
carbon_pipeline,power,FI-SE,0,0.054776735485736465,lifetime,0,-42.90943323842015,1.0,1.0,-783.3514147551475
carbon_pipeline,power,FR-BE,0,0.054776735485736465,lifetime,0,-32.48618226673338,1.0,1.0,-593.0653219594035
carbon_pipeline,power,FR-CH,0,0.054776735485736465,lifetime,0,-0.0,1.0,1.0,-0.0
carbon_pipeline,power,FR-DE,0,0.054776735485736465,lifetime,0,-30.884380742847185,1.0,1.0,-563.8229527367379
carbon_pipeline,power,FR-ES,0,0.054776735485736465,lifetime,0,-0.0,1.0,1.0,-0.0
carbon_pipeline,power,FR-IT,0,0.054776735485736465,lifetime,0,-0.0,1.0,1.0,-0.0
carbon_pipeline,power,FR-LU,0,0.054776735485736465,lifetime,0,-15.021944003807818,1.0,1.0,-274.2394900061075
carbon_pipeline,power,FR-NO,0,0.054776735485736465,lifetime,0,-192.51543521770654,1.0,1.0,-3514.5474353402533
carbon_pipeline,power,FR-UK,0,0.054776735485736465,lifetime,0,-112.46190310495308,1.0,1.0,-2053.096120235889
carbon_pipeline,power,HR-HU,0,0.054776735485736465,lifetime,0,-42.233617367540454,1.0,1.0,-771.0137705913095
carbon_pipeline,power,HR-SI,0,0.054776735485736465,lifetime,0,-24.24238225253222,1.0,1.0,-442.5671233884464
carbon_pipeline,power,HU-AT,0,0.054776735485736465,lifetime,0,-21.83547324871958,1.0,1.0,-398.62677202451044
carbon_pipeline,power,HU-HR,0,0.054776735485736465,lifetime,0,-0.0,1.0,1.0,-0.0
carbon_pipeline,power,HU-RO,0,0.054776735485736465,lifetime,0,-58.44963040519164,1.0,1.0,-1067.0520958740153
carbon_pipeline,power,HU-SI,0,0.054776735485736465,lifetime,0,-15.311478192445897,1.0,1.0,-279.52520457216576
carbon_pipeline,power,HU-SK,0,0.054776735485736465,lifetime,0,-20.75681305166668,1.0,1.0,-378.9348318698479
carbon_pipeline,power,IE-UK,0,0.054776735485736465,lifetime,0,-45.83452764120068,1.0,1.0,-836.7517201373878
carbon_pipeline,power,IT-AT,0,0.054776735485736465,lifetime,0,-66.09400634218142,1.0,1.0,-1206.6072531721409
carbon_pipeline,power,IT-CH,0,0.054776735485736465,lifetime,0,-65.2606358926821,1.0,1.0,-1191.3933043650545
carbon_pipeline,power,IT-EL,0,0.054776735485736465,lifetime,0,-113.01045446551888,1.0,1.0,-2063.1104329856626
carbon_pipeline,power,IT-FR,0,0.054776735485736465,lifetime,0,-117.05193327026213,1.0,1.0,-2136.8913687954578
carbon_pipeline,power,IT-SI,0,0.054776735485736465,lifetime,0,-49.157646154498146,1.0,1.0,-897.418324012728
carbon_pipeline,power,LT-LV,0,0.054776735485736465,lifetime,0,-0.0,1.0,1.0,-0.0
carbon_pipeline,power,LT-PL,0,0.054776735485736465,lifetime,0,-23.54360478941223,1.0,1.0,-429.8102941082139
carbon_pipeline,power,LT-SE,0,0.054776735485736465,lifetime,0,-115.58212080336034,1.0,1.0,-2110.058581958708
carbon_pipeline,power,LU-BE,0,0.054776735485736465,lifetime,0,-17.46423826292557,1.0,1.0,-318.8258319532962
carbon_pipeline,power,LU-DE,0,0.054776735485736465,lifetime,0,-19.949901960995845,1.0,1.0,-364.2039231452681
carbon_pipeline,power,LU-FR,0,0.054776735485736465,lifetime,0,-0.0,1.0,1.0,-0.0
carbon_pipeline,power,LV-EE,0,0.054776735485736465,lifetime,0,-26.56557874138963,1.0,1.0,-484.9792253192443
carbon_pipeline,power,LV-LT,0,0.054776735485736465,lifetime,0,-22.12983295903765,1.0,1.0,-404.0005809546669
carbon_pipeline,power,NL-BE,0,0.054776735485736465,lifetime,0,-14.848796513904489,1.0,1.0,-271.07852233675055
carbon_pipeline,power,NL-DE,0,0.054776735485736465,lifetime,0,-0.0,1.0,1.0,-0.0
carbon_pipeline,power,NL-DK,0,0.054776735485736465,lifetime,0,-24.646313407948597,1.0,1.0,-449.94126045292256
carbon_pipeline,power,NL-NO,0,0.054776735485736465,lifetime,0,-155.37675373686568,1.0,1.0,-2836.546434522825
carbon_pipeline,power,NL-UK,0,0.054776735485736465,lifetime,0,-75.3232216241122,1.0,1.0,-1375.0951194184602
carbon_pipeline,power,NO-BE,0,0.054776735485736465,lifetime,0,-0.0,1.0,1.0,-0.0
carbon_pipeline,power,NO-DE,0,0.054776735485736465,lifetime,0,-0.0,1.0,1.0,-0.0
carbon_pipeline,power,NO-DK,0,0.054776735485736465,lifetime,0,-0.0,1.0,1.0,-0.0
carbon_pipeline,power,NO-FI,0,0.054776735485736465,lifetime,0,-0.0,1.0,1.0,-0.0
carbon_pipeline,power,NO-FR,0,0.054776735485736465,lifetime,0,-0.0,1.0,1.0,-0.0
carbon_pipeline,power,NO-NL,0,0.054776735485736465,lifetime,0,-0.0,1.0,1.0,-0.0
carbon_pipeline,power,NO-SE,0,0.054776735485736465,lifetime,0,-0.0,1.0,1.0,-0.0
carbon_pipeline,power,NO-UK,0,0.054776735485736465,lifetime,0,-17.032068314988123,1.0,1.0,-310.93616959745935
carbon_pipeline,power,PL-CZ,0,0.054776735485736465,lifetime,0,-0.0,1.0,1.0,-0.0
carbon_pipeline,power,PL-DE,0,0.054776735485736465,lifetime,0,-30.288564913611765,1.0,1.0,-552.9457833699988
carbon_pipeline,power,PL-LT,0,0.054776735485736465,lifetime,0,-58.796039588893485,1.0,1.0,-1073.376116110527
carbon_pipeline,power,PL-SE,0,0.054776735485736465,lifetime,0,-150.83455560284162,1.0,1.0,-2753.6244039610215
carbon_pipeline,power,PL-SK,0,0.054776735485736465,lifetime,0,-0.0,1.0,1.0,-0.0
carbon_pipeline,power,PT-ES,0,0.054776735485736465,lifetime,0,-47.05591983715033,1.0,1.0,-859.049365024745
carbon_pipeline,power,RO-BG,0,0.054776735485736465,lifetime,0,-0.0,1.0,1.0,-0.0
carbon_pipeline,power,RO-HU,0,0.054776735485736465,lifetime,0,-0.0,1.0,1.0,-0.0
carbon_pipeline,power,SE-DE,0,0.054776735485736465,lifetime,0,-0.0,1.0,1.0,-0.0
carbon_pipeline,power,SE-DK,0,0.054776735485736465,lifetime,0,-0.0,1.0,1.0,-0.0
carbon_pipeline,power,SE-FI,0,0.054776735485736465,lifetime,0,-21.206203250709677,1.0,1.0,-387.1388658462797
carbon_pipeline,power,SE-LT,0,0.054776735485736465,lifetime,0,-0.0,1.0,1.0,-0.0
carbon_pipeline,power,SE-NO,0,0.054776735485736465,lifetime,0,-31.601237935998224,1.0,1.0,-576.9098442207641
carbon_pipeline,power,SE-PL,0,0.054776735485736465,lifetime,0,-0.0,1.0,1.0,-0.0
carbon_pipeline,power,SI-AT,0,0.054776735485736465,lifetime,0,-23.460355243956904,1.0,1.0,-428.2904966117567
carbon_pipeline,power,SI-HR,0,0.054776735485736465,lifetime,0,-12.708532767395354,1.0,1.0,-232.0060269145572
carbon_pipeline,power,SI-HU,0,0.054776735485736465,lifetime,0,-46.011246074849474,1.0,1.0,-839.9778786895859
carbon_pipeline,power,SI-IT,0,0.054776735485736465,lifetime,0,-20.83386449909184,1.0,1.0,-380.34147735066927
carbon_pipeline,power,SK-AT,0,0.054776735485736465,lifetime,0,-20.20546652368435,1.0,1.0,-368.86949075206815
carbon_pipeline,power,SK-CZ,0,0.054776735485736465,lifetime,0,-38.89772345472086,1.0,1.0,-710.1139399745645
carbon_pipeline,power,SK-HU,0,0.054776735485736465,lifetime,0,-0.0,1.0,1.0,-0.0
carbon_pipeline,power,SK-PL,0,0.054776735485736465,lifetime,0,-47.35121235965233,1.0,1.0,-864.4402033046
carbon_pipeline,power,UK-BE,0,0.054776735485736465,lifetime,0,-0.0,1.0,1.0,-0.0
carbon_pipeline,power,UK-DE,0,0.054776735485736465,lifetime,0,-0.0,1.0,1.0,-0.0
carbon_pipeline,power,UK-DK,0,0.054776735485736465,lifetime,0,-0.0,1.0,1.0,-0.0
carbon_pipeline,power,UK-FR,0,0.054776735485736465,lifetime,0,-0.0,1.0,1.0,-0.0
carbon_pipeline,power,UK-IE,0,0.054776735485736465,lifetime,0,-0.0,1.0,1.0,-0.0
carbon_pipeline,power,UK-NL,0,0.054776735485736465,lifetime,0,-0.0,1.0,1.0,-0.0
carbon_pipeline,power,UK-NO,0,0.054776735485736465,lifetime,0,-97.08560042774161,1.0,1.0,-1772.3874847018242
hydrogen_pipeline,power,AT-CH,0,0.054776735485736465,lifetime,0,-9.403156791886373,1.0,1.0,-171.66332948656458
hydrogen_pipeline,power,AT-CZ,0,0.054776735485736465,lifetime,0,-5.7683300433810425,1.0,1.0,-105.30620330382925
hydrogen_pipeline,power,AT-DE,0,0.054776735485736465,lifetime,0,-9.988575782535607,1.0,1.0,-182.3506949430488
hydrogen_pipeline,power,AT-HU,0,0.054776735485736465,lifetime,0,-9.301416561198417,1.0,1.0,-169.80596741878585
hydrogen_pipeline,power,AT-IT,0,0.054776735485736465,lifetime,0,-0.0,1.0,1.0,-0.0
hydrogen_pipeline,power,AT-SI,0,0.054776735485736465,lifetime,0,-4.080061781557721,1.0,1.0,-74.48530375856636
hydrogen_pipeline,power,AT-SK,0,0.054776735485736465,lifetime,0,-9.771756356721868,1.0,1.0,-178.3924556669934
hydrogen_pipeline,power,BE-DE,0,0.054776735485736465,lifetime,0,-2.0611056122738276,1.0,1.0,-37.6273904239972
hydrogen_pipeline,power,BE-FR,0,0.054776735485736465,lifetime,0,-10.502516523907145,1.0,1.0,-191.73315880866866
hydrogen_pipeline,power,BE-LU,0,0.054776735485736465,lifetime,0,-3.037258828334881,1.0,1.0,-55.44797077448628
hydrogen_pipeline,power,BE-NL,0,0.054776735485736465,lifetime,0,-3.9373583297967722,1.0,1.0,-71.88012018025493
hydrogen_pipeline,power,BE-NO,0,0.054776735485736465,lifetime,0,-8.638838527950274,1.0,1.0,-157.70999223200835
hydrogen_pipeline,power,BE-UK,0,0.054776735485736465,lifetime,0,-13.908821015342555,1.0,1.0,-253.91839970025833
hydrogen_pipeline,power,BG-EL,0,0.054776735485736465,lifetime,0,-2.576670886647785,1.0,1.0,-47.039511643017406
hydrogen_pipeline,power,BG-RO,0,0.054776735485736465,lifetime,0,-7.342432717020313,1.0,1.0,-134.042904381044
hydrogen_pipeline,power,CH-AT,0,0.054776735485736465,lifetime,0,-9.403156791886373,1.0,1.0,-171.66332948656458
hydrogen_pipeline,power,CH-DE,0,0.054776735485736465,lifetime,0,-11.155703209462201,1.0,1.0,-203.65768625198703
hydrogen_pipeline,power,CH-FR,0,0.054776735485736465,lifetime,0,-10.207939327111381,1.0,1.0,-186.35537946158672
hydrogen_pipeline,power,CH-IT,0,0.054776735485736465,lifetime,0,-0.0,1.0,1.0,-0.0
hydrogen_pipeline,power,CZ-AT,0,0.054776735485736465,lifetime,0,-0.0,1.0,1.0,-0.0
hydrogen_pipeline,power,CZ-DE,0,0.054776735485736465,lifetime,0,-2.079270266706569,1.0,1.0,-37.95900300133801
hydrogen_pipeline,power,CZ-PL,0,0.054776735485736465,lifetime,0,-8.426198866559167,1.0,1.0,-153.8280584236952
hydrogen_pipeline,power,CZ-SK,0,0.054776735485736465,lifetime,0,-1.9110736693690074,1.0,1.0,-34.888418457624944
hydrogen_pipeline,power,DE-AT,0,0.054776735485736465,lifetime,0,-9.988575782535607,1.0,1.0,-182.3506949430488
hydrogen_pipeline,power,DE-BE,0,0.054776735485736465,lifetime,0,-8.938318589025878,1.0,1.0,-163.17727790392624
hydrogen_pipeline,power,DE-CH,0,0.054776735485736465,lifetime,0,-0.0,1.0,1.0,-0.0
hydrogen_pipeline,power,DE-CZ,0,0.054776735485736465,lifetime,0,-0.0,1.0,1.0,-0.0
hydrogen_pipeline,power,DE-DK,0,0.054776735485736465,lifetime,0,-4.469372392738487,1.0,1.0,-81.59252925728451
hydrogen_pipeline,power,DE-FR,0,0.054776735485736465,lifetime,0,-17.087758325660243,1.0,1.0,-311.9528422811869
hydrogen_pipeline,power,DE-LU,0,0.054776735485736465,lifetime,0,-3.0111079172836073,1.0,1.0,-54.970561691608694
hydrogen_pipeline,power,DE-NL,0,0.054776735485736465,lifetime,0,-7.750239368910961,1.0,1.0,-141.4877922202771
hydrogen_pipeline,power,DE-NO,0,0.054776735485736465,lifetime,0,-13.462581644463969,1.0,1.0,-245.77188700793505
hydrogen_pipeline,power,DE-PL,0,0.054776735485736465,lifetime,0,-13.876373799761415,1.0,1.0,-253.32604575120655
hydrogen_pipeline,power,DE-SE,0,0.054776735485736465,lifetime,0,-8.798652003863804,1.0,1.0,-160.62753513587754
hydrogen_pipeline,power,DE-UK,0,0.054776735485736465,lifetime,0,-3.280910380688208,1.0,1.0,-59.8960553525965
hydrogen_pipeline,power,DK-DE,0,0.054776735485736465,lifetime,0,-12.107561827844965,1.0,1.0,-221.03474623816714
hydrogen_pipeline,power,DK-NL,0,0.054776735485736465,lifetime,0,-10.916717778914945,1.0,1.0,-199.29478604575831
hydrogen_pipeline,power,DK-NO,0,0.054776735485736465,lifetime,0,-9.22897177747928,1.0,1.0,-168.48342084720346
hydrogen_pipeline,power,DK-SE,0,0.054776735485736465,lifetime,0,-5.3989671884340105,1.0,1.0,-98.56314255601941
hydrogen_pipeline,power,DK-UK,0,0.054776735485736465,lifetime,0,-0.0,1.0,1.0,-0.0
hydrogen_pipeline,power,EE-FI,0,0.054776735485736465,lifetime,0,-15.555329571008318,1.0,1.0,-283.9769371626543
hydrogen_pipeline,power,EE-LV,0,0.054776735485736465,lifetime,0,-4.755276699502853,1.0,1.0,-86.81197697042568
hydrogen_pipeline,power,EL-BG,0,0.054776735485736465,lifetime,0,-7.352941483828048,1.0,1.0,-134.23475164456835
hydrogen_pipeline,power,EL-IT,0,0.054776735485736465,lifetime,0,-0.0,1.0,1.0,-0.0
hydrogen_pipeline,power,ES-FR,0,0.054776735485736465,lifetime,0,-18.489708415464417,1.0,1.0,-337.54673862006666
hydrogen_pipeline,power,ES-PT,0,0.054776735485736465,lifetime,0,-6.65016816566187,1.0,1.0,-121.40497433246152
hydrogen_pipeline,power,FI-EE,0,0.054776735485736465,lifetime,0,-15.555329571008318,1.0,1.0,-283.9769371626543
hydrogen_pipeline,power,FI-NO,0,0.054776735485736465,lifetime,0,-9.270342247601505,1.0,1.0,-169.2386770660228
hydrogen_pipeline,power,FI-SE,0,0.054776735485736465,lifetime,0,-10.780371497077859,1.0,1.0,-196.80565848771698
hydrogen_pipeline,power,FR-BE,0,0.054776735485736465,lifetime,0,-10.502516523907145,1.0,1.0,-191.73315880866866
hydrogen_pipeline,power,FR-CH,0,0.054776735485736465,lifetime,0,-10.207939327111381,1.0,1.0,-186.35537946158672
hydrogen_pipeline,power,FR-DE,0,0.054776735485736465,lifetime,0,-17.087758325660243,1.0,1.0,-311.9528422811869
hydrogen_pipeline,power,FR-ES,0,0.054776735485736465,lifetime,0,-0.0,1.0,1.0,-0.0
hydrogen_pipeline,power,FR-IT,0,0.054776735485736465,lifetime,0,-0.24118104330846846,1.0,1.0,-4.4029831491376585
hydrogen_pipeline,power,FR-LU,0,0.054776735485736465,lifetime,0,-9.948805283494746,1.0,1.0,-181.62464767702988
hydrogen_pipeline,power,FR-NO,0,0.054776735485736465,lifetime,0,-9.933073633097276,1.0,1.0,-181.33745184000222
hydrogen_pipeline,power,FR-UK,0,0.054776735485736465,lifetime,0,-3.1201101119887946,1.0,1.0,-56.96049763318321
hydrogen_pipeline,power,HR-HU,0,0.054776735485736465,lifetime,0,-7.344976933485294,1.0,1.0,-134.0893514071842
hydrogen_pipeline,power,HR-SI,0,0.054776735485736465,lifetime,0,-4.216066478701255,1.0,1.0,-76.96819537190372
hydrogen_pipeline,power,HU-AT,0,0.054776735485736465,lifetime,0,-9.301416561198417,1.0,1.0,-169.80596741878585
hydrogen_pipeline,power,HU-HR,0,0.054776735485736465,lifetime,0,-0.0,1.0,1.0,-0.0
hydrogen_pipeline,power,HU-RO,0,0.054776735485736465,lifetime,0,-10.16515311394637,1.0,1.0,-185.57427754330698
hydrogen_pipeline,power,HU-SI,0,0.054776735485736465,lifetime,0,-0.0,1.0,1.0,-0.0
hydrogen_pipeline,power,HU-SK,0,0.054776735485736465,lifetime,0,-3.6098805307246398,1.0,1.0,-65.90170989040833
hydrogen_pipeline,power,IE-UK,0,0.054776735485736465,lifetime,0,-7.971222198469681,1.0,1.0,-145.52203828476306
hydrogen_pipeline,power,IT-AT,0,0.054776735485736465,lifetime,0,-11.494609798640244,1.0,1.0,-209.84473968211142
hydrogen_pipeline,power,IT-CH,0,0.054776735485736465,lifetime,0,-12.002937555450407,1.0,1.0,-219.12473331996756
hydrogen_pipeline,power,IT-EL,0,0.054776735485736465,lifetime,0,-3.2593285860860957,1.0,1.0,-59.50205971903538
hydrogen_pipeline,power,IT-FR,0,0.054776735485736465,lifetime,0,-20.35685796004558,1.0,1.0,-371.6332815296447
hydrogen_pipeline,power,IT-SI,0,0.054776735485736465,lifetime,0,-8.549155852956197,1.0,1.0,-156.07275200221355
hydrogen_pipeline,power,LT-LV,0,0.054776735485736465,lifetime,0,-3.8486666015717637,1.0,1.0,-70.2609706008116
hydrogen_pipeline,power,LT-PL,0,0.054776735485736465,lifetime,0,-10.225398189372779,1.0,1.0,-186.67410714965683
hydrogen_pipeline,power,LT-SE,0,0.054776735485736465,lifetime,0,-0.0,1.0,1.0,-0.0
hydrogen_pipeline,power,LU-BE,0,0.054776735485736465,lifetime,0,-3.037258828334881,1.0,1.0,-55.44797077448628
hydrogen_pipeline,power,LU-DE,0,0.054776735485736465,lifetime,0,-2.9351681570398624,1.0,1.0,-53.58421108910667
hydrogen_pipeline,power,LU-FR,0,0.054776735485736465,lifetime,0,-9.948805283494746,1.0,1.0,-181.62464767702988
hydrogen_pipeline,power,LV-EE,0,0.054776735485736465,lifetime,0,-0.0,1.0,1.0,-0.0
hydrogen_pipeline,power,LV-LT,0,0.054776735485736465,lifetime,0,-3.8486666015717637,1.0,1.0,-70.2609706008116
hydrogen_pipeline,power,NL-BE,0,0.054776735485736465,lifetime,0,-3.9373583297967722,1.0,1.0,-71.88012018025493
hydrogen_pipeline,power,NL-DE,0,0.054776735485736465,lifetime,0,-1.0301987975240163,1.0,1.0,-18.807232457149148
hydrogen_pipeline,power,NL-DK,0,0.054776735485736465,lifetime,0,-10.916717778914945,1.0,1.0,-199.29478604575831
hydrogen_pipeline,power,NL-NO,0,0.054776735485736465,lifetime,0,-5.22943221129905,1.0,1.0,-95.46812465048713
hydrogen_pipeline,power,NL-UK,0,0.054776735485736465,lifetime,0,-13.127935567300291,1.0,1.0,-239.66261316756868
hydrogen_pipeline,power,NO-BE,0,0.054776735485736465,lifetime,0,-22.264193515419958,1.0,1.0,-406.4534572568207
hydrogen_pipeline,power,NO-DE,0,0.054776735485736465,lifetime,0,-29.413470587671192,1.0,1.0,-536.9701265846754
hydrogen_pipeline,power,NO-DK,0,0.054776735485736465,lifetime,0,-17.57977565795304,1.0,1.0,-320.9350740248241
hydrogen_pipeline,power,NO-FI,0,0.054776735485736465,lifetime,0,-9.270342247601505,1.0,1.0,-169.2386770660228
hydrogen_pipeline,power,NO-FR,0,0.054776735485736465,lifetime,0,-6.108315738678899,1.0,1.0,-111.51295681484099
hydrogen_pipeline,power,NO-NL,0,0.054776735485736465,lifetime,0,-26.015939234376418,1.0,1.0,-474.94504744903634
hydrogen_pipeline,power,NO-SE,0,0.054776735485736465,lifetime,0,-5.495867467130124,1.0,1.0,-100.33214682100242
hydrogen_pipeline,power,NO-UK,0,0.054776735485736465,lifetime,0,-7.641384020075867,1.0,1.0,-139.5005370859612
hydrogen_pipeline,power,PL-CZ,0,0.054776735485736465,lifetime,0,-0.0,1.0,1.0,-0.0
hydrogen_pipeline,power,PL-DE,0,0.054776735485736465,lifetime,0,-13.876373799761415,1.0,1.0,-253.32604575120655
hydrogen_pipeline,power,PL-LT,0,0.054776735485736465,lifetime,0,-10.225398189372779,1.0,1.0,-186.67410714965683
hydrogen_pipeline,power,PL-SE,0,0.054776735485736465,lifetime,0,-4.435289158852582,1.0,1.0,-80.97030828000885
hydrogen_pipeline,power,PL-SK,0,0.054776735485736465,lifetime,0,-0.0,1.0,1.0,-0.0
hydrogen_pipeline,power,PT-ES,0,0.054776735485736465,lifetime,0,-0.0,1.0,1.0,-0.0
hydrogen_pipeline,power,RO-BG,0,0.054776735485736465,lifetime,0,-0.0,1.0,1.0,-0.0
hydrogen_pipeline,power,RO-HU,0,0.054776735485736465,lifetime,0,-10.16515311394637,1.0,1.0,-185.57427754330698
hydrogen_pipeline,power,SE-DE,0,0.054776735485736465,lifetime,0,-23.99459223834128,1.0,1.0,-438.04348735950737
hydrogen_pipeline,power,SE-DK,0,0.054776735485736465,lifetime,0,-12.45030466712258,1.0,1.0,-227.29183396415738
hydrogen_pipeline,power,SE-FI,0,0.054776735485736465,lifetime,0,-10.780371497077859,1.0,1.0,-196.80565848771698
hydrogen_pipeline,power,SE-LT,0,0.054776735485736465,lifetime,0,-20.101238400584403,1.0,1.0,-366.9667099058622
hydrogen_pipeline,power,SE-NO,0,0.054776735485736465,lifetime,0,-5.495867467130124,1.0,1.0,-100.33214682100242
hydrogen_pipeline,power,SE-PL,0,0.054776735485736465,lifetime,0,-26.232096626581143,1.0,1.0,-478.8912006888732
hydrogen_pipeline,power,SI-AT,0,0.054776735485736465,lifetime,0,-4.080061781557721,1.0,1.0,-74.48530375856636
hydrogen_pipeline,power,SI-HR,0,0.054776735485736465,lifetime,0,-4.216066478701255,1.0,1.0,-76.96819537190372
hydrogen_pipeline,power,SI-HU,0,0.054776735485736465,lifetime,0,-8.001955839104253,1.0,1.0,-146.0831093373192
hydrogen_pipeline,power,SI-IT,0,0.054776735485736465,lifetime,0,-0.0,1.0,1.0,-0.0
hydrogen_pipeline,power,SK-AT,0,0.054776735485736465,lifetime,0,-9.771756356721868,1.0,1.0,-178.3924556669934
hydrogen_pipeline,power,SK-CZ,0,0.054776735485736465,lifetime,0,-0.1729670314864601,1.0,1.0,-3.1576732339498337
hydrogen_pipeline,power,SK-HU,0,0.054776735485736465,lifetime,0,-3.6098805307246398,1.0,1.0,-65.90170989040833
hydrogen_pipeline,power,SK-PL,0,0.054776735485736465,lifetime,0,-8.234993453852576,1.0,1.0,-150.33742666166953
hydrogen_pipeline,power,UK-BE,0,0.054776735485736465,lifetime,0,-13.908821015342555,1.0,1.0,-253.91839970025833
hydrogen_pipeline,power,UK-DE,0,0.054776735485736465,lifetime,0,-12.707804103204483,1.0,1.0,-231.99272447540287
hydrogen_pipeline,power,UK-DK,0,0.054776735485736465,lifetime,0,-0.0,1.0,1.0,-0.0
hydrogen_pipeline,power,UK-FR,0,0.054776735485736465,lifetime,0,-1.9431633752869528,1.0,1.0,-35.47424573691401
hydrogen_pipeline,power,UK-IE,0,0.054776735485736465,lifetime,0,-0.0,1.0,1.0,-0.0
hydrogen_pipeline,power,UK-NL,0,0.054776735485736465,lifetime,0,-13.127935567300291,1.0,1.0,-239.66261316756868
hydrogen_pipeline,power,UK-NO,0,0.054776735485736465,lifetime,0,-6.171242836954663,1.0,1.0,-112.66174923041221
natural_gas_pipeline,power,AT-CH,0,0.05282818452724236,lifetime,0,-0.0,1.0,1.0,-0.0
natural_gas_pipeline,power,AT-CZ,0,0.05282818452724236,lifetime,0,-3.676445449808367,1.0,1.0,-69.59250034254922
natural_gas_pipeline,power,AT-DE,0,0.05282818452724236,lifetime,0,-0.0,1.0,1.0,-0.0
natural_gas_pipeline,power,AT-HU,0,0.05282818452724236,lifetime,0,-0.0,1.0,1.0,-0.0
natural_gas_pipeline,power,AT-IT,0,0.05282818452724236,lifetime,0,-0.0,1.0,1.0,-0.0
natural_gas_pipeline,power,AT-SI,0,0.05282818452724236,lifetime,0,-0.0,1.0,1.0,-0.0
natural_gas_pipeline,power,AT-SK,0,0.05282818452724236,lifetime,0,-0.0,1.0,1.0,-0.0
natural_gas_pipeline,power,BE-DE,0,0.05282818452724236,lifetime,0,-1.5385970541594995,1.0,1.0,-29.12454910060515
natural_gas_pipeline,power,BE-FR,0,0.05282818452724236,lifetime,0,-0.0,1.0,1.0,-0.0
natural_gas_pipeline,power,BE-LU,0,0.05282818452724236,lifetime,0,-0.0,1.0,1.0,-0.0
natural_gas_pipeline,power,BE-NL,0,0.05282818452724236,lifetime,0,-0.0,1.0,1.0,-0.0
natural_gas_pipeline,power,BE-NO,0,0.05282818452724236,lifetime,0,-0.0,1.0,1.0,-0.0
natural_gas_pipeline,power,BE-UK,0,0.05282818452724236,lifetime,0,-0.0,1.0,1.0,-0.0
natural_gas_pipeline,power,BG-EL,0,0.05282818452724236,lifetime,0,-0.0,1.0,1.0,-0.0
natural_gas_pipeline,power,BG-RO,0,0.05282818452724236,lifetime,0,-0.0,1.0,1.0,-0.0
natural_gas_pipeline,power,CH-AT,0,0.05282818452724236,lifetime,0,-0.0,1.0,1.0,-0.0
natural_gas_pipeline,power,CH-DE,0,0.05282818452724236,lifetime,0,-0.0,1.0,1.0,-0.0
natural_gas_pipeline,power,CH-FR,0,0.05282818452724236,lifetime,0,-0.0,1.0,1.0,-0.0
natural_gas_pipeline,power,CH-IT,0,0.05282818452724236,lifetime,0,-0.0,1.0,1.0,-0.0
natural_gas_pipeline,power,CZ-AT,0,0.05282818452724236,lifetime,0,-3.676445449808367,1.0,1.0,-69.59250034254922
natural_gas_pipeline,power,CZ-DE,0,0.05282818452724236,lifetime,0,-0.0,1.0,1.0,-0.0
natural_gas_pipeline,power,CZ-PL,0,0.05282818452724236,lifetime,0,-0.0,1.0,1.0,-0.0
natural_gas_pipeline,power,CZ-SK,0,0.05282818452724236,lifetime,0,-0.0,1.0,1.0,-0.0
natural_gas_pipeline,power,DE-AT,0,0.05282818452724236,lifetime,0,-0.0,1.0,1.0,-0.0
natural_gas_pipeline,power,DE-BE,0,0.05282818452724236,lifetime,0,-0.0,1.0,1.0,-0.0
natural_gas_pipeline,power,DE-CH,0,0.05282818452724236,lifetime,0,-0.0,1.0,1.0,-0.0
natural_gas_pipeline,power,DE-CZ,0,0.05282818452724236,lifetime,0,-0.0,1.0,1.0,-0.0
natural_gas_pipeline,power,DE-DK,0,0.05282818452724236,lifetime,0,-0.0,1.0,1.0,-0.0
natural_gas_pipeline,power,DE-FR,0,0.05282818452724236,lifetime,0,-0.0,1.0,1.0,-0.0
natural_gas_pipeline,power,DE-LU,0,0.05282818452724236,lifetime,0,-0.0,1.0,1.0,-0.0
natural_gas_pipeline,power,DE-NL,0,0.05282818452724236,lifetime,0,-0.0,1.0,1.0,-0.0
natural_gas_pipeline,power,DE-NO,0,0.05282818452724236,lifetime,0,-0.0,1.0,1.0,-0.0
natural_gas_pipeline,power,DE-PL,0,0.05282818452724236,lifetime,0,-0.0,1.0,1.0,-0.0
natural_gas_pipeline,power,DE-SE,0,0.05282818452724236,lifetime,0,-0.0,1.0,1.0,-0.0
natural_gas_pipeline,power,DE-UK,0,0.05282818452724236,lifetime,0,-13.333960381106332,1.0,1.0,-252.40239656977602
natural_gas_pipeline,power,DK-DE,0,0.05282818452724236,lifetime,0,-7.716755153656815,1.0,1.0,-146.07269249764678
natural_gas_pipeline,power,DK-NL,0,0.05282818452724236,lifetime,0,-0.14739350682133856,1.0,1.0,-2.790054364736515
natural_gas_pipeline,power,DK-NO,0,0.05282818452724236,lifetime,0,-15.027490047524466,1.0,1.0,-284.4597099447003
natural_gas_pipeline,power,DK-SE,0,0.05282818452724236,lifetime,0,-0.0,1.0,1.0,-0.0
natural_gas_pipeline,power,DK-UK,0,0.05282818452724236,lifetime,0,-0.0,1.0,1.0,-0.0
natural_gas_pipeline,power,EE-FI,0,0.05282818452724236,lifetime,0,-0.0,1.0,1.0,-0.0
natural_gas_pipeline,power,EE-LV,0,0.05282818452724236,lifetime,0,-0.0,1.0,1.0,-0.0
natural_gas_pipeline,power,EL-BG,0,0.05282818452724236,lifetime,0,-0.0,1.0,1.0,-0.0
natural_gas_pipeline,power,EL-IT,0,0.05282818452724236,lifetime,0,-0.0,1.0,1.0,-0.0
natural_gas_pipeline,power,ES-FR,0,0.05282818452724236,lifetime,0,-0.0,1.0,1.0,-0.0
natural_gas_pipeline,power,ES-PT,0,0.05282818452724236,lifetime,0,-0.0,1.0,1.0,-0.0
natural_gas_pipeline,power,FI-EE,0,0.05282818452724236,lifetime,0,-0.0,1.0,1.0,-0.0
natural_gas_pipeline,power,FI-NO,0,0.05282818452724236,lifetime,0,-0.0,1.0,1.0,-0.0
natural_gas_pipeline,power,FI-SE,0,0.05282818452724236,lifetime,0,-0.0,1.0,1.0,-0.0
natural_gas_pipeline,power,FR-BE,0,0.05282818452724236,lifetime,0,-0.0,1.0,1.0,-0.0
natural_gas_pipeline,power,FR-CH,0,0.05282818452724236,lifetime,0,-0.0,1.0,1.0,-0.0
natural_gas_pipeline,power,FR-DE,0,0.05282818452724236,lifetime,0,-0.0,1.0,1.0,-0.0
natural_gas_pipeline,power,FR-ES,0,0.05282818452724236,lifetime,0,-0.0,1.0,1.0,-0.0
natural_gas_pipeline,power,FR-IT,0,0.05282818452724236,lifetime,0,-0.0,1.0,1.0,-0.0
natural_gas_pipeline,power,FR-LU,0,0.05282818452724236,lifetime,0,-0.0,1.0,1.0,-0.0
natural_gas_pipeline,power,FR-NO,0,0.05282818452724236,lifetime,0,-0.0,1.0,1.0,-0.0
natural_gas_pipeline,power,FR-UK,0,0.05282818452724236,lifetime,0,-0.0,1.0,1.0,-0.0
natural_gas_pipeline,power,HR-HU,0,0.05282818452724236,lifetime,0,-0.0,1.0,1.0,-0.0
natural_gas_pipeline,power,HR-SI,0,0.05282818452724236,lifetime,0,-1.7673204678654968,1.0,1.0,-33.45412081980837
natural_gas_pipeline,power,HU-AT,0,0.05282818452724236,lifetime,0,-0.0,1.0,1.0,-0.0
natural_gas_pipeline,power,HU-HR,0,0.05282818452724236,lifetime,0,-0.0,1.0,1.0,-0.0
natural_gas_pipeline,power,HU-RO,0,0.05282818452724236,lifetime,0,-0.0,1.0,1.0,-0.0
natural_gas_pipeline,power,HU-SI,0,0.05282818452724236,lifetime,0,-0.0,1.0,1.0,-0.0
natural_gas_pipeline,power,HU-SK,0,0.05282818452724236,lifetime,0,-2.3007575419099036,1.0,1.0,-43.551705637801206
natural_gas_pipeline,power,IE-UK,0,0.05282818452724236,lifetime,0,-5.080458878146657,1.0,1.0,-96.16947702465099
natural_gas_pipeline,power,IT-AT,0,0.05282818452724236,lifetime,0,-1.9471653362131829,1.0,1.0,-36.858456402359835
natural_gas_pipeline,power,IT-CH,0,0.05282818452724236,lifetime,0,7.204237206792641e-13,1.0,1.0,1.3637109189466032e-11
natural_gas_pipeline,power,IT-EL,0,0.05282818452724236,lifetime,0,-13.314364823881432,1.0,1.0,-252.0314665936608
natural_gas_pipeline,power,IT-FR,0,0.05282818452724236,lifetime,0,-0.0,1.0,1.0,-0.0
natural_gas_pipeline,power,IT-SI,0,0.05282818452724236,lifetime,0,-0.0,1.0,1.0,-0.0
natural_gas_pipeline,power,LT-LV,0,0.05282818452724236,lifetime,0,-0.0,1.0,1.0,-0.0
natural_gas_pipeline,power,LT-PL,0,0.05282818452724236,lifetime,0,-0.0,1.0,1.0,-0.0
natural_gas_pipeline,power,LT-SE,0,0.05282818452724236,lifetime,0,-0.0,1.0,1.0,-0.0
natural_gas_pipeline,power,LU-BE,0,0.05282818452724236,lifetime,0,-1.935797070442428,1.0,1.0,-36.64326320818727
natural_gas_pipeline,power,LU-DE,0,0.05282818452724236,lifetime,0,-0.6202770289915622,1.0,1.0,-11.741403467531592
natural_gas_pipeline,power,LU-FR,0,0.05282818452724236,lifetime,0,-0.0,1.0,1.0,-0.0
natural_gas_pipeline,power,LV-EE,0,0.05282818452724236,lifetime,0,-0.0,1.0,1.0,-0.0
natural_gas_pipeline,power,LV-LT,0,0.05282818452724236,lifetime,0,-0.0,1.0,1.0,-0.0
natural_gas_pipeline,power,NL-BE,0,0.05282818452724236,lifetime,0,-0.0,1.0,1.0,-0.0
natural_gas_pipeline,power,NL-DE,0,0.05282818452724236,lifetime,0,-0.0,1.0,1.0,-0.0
natural_gas_pipeline,power,NL-DK,0,0.05282818452724236,lifetime,0,-0.0,1.0,1.0,-0.0
natural_gas_pipeline,power,NL-NO,0,0.05282818452724236,lifetime,0,-0.0,1.0,1.0,-0.0
natural_gas_pipeline,power,NL-UK,0,0.05282818452724236,lifetime,0,-0.0,1.0,1.0,-0.0
natural_gas_pipeline,power,NO-BE,0,0.05282818452724236,lifetime,0,-0.0,1.0,1.0,-0.0
natural_gas_pipeline,power,NO-DE,0,0.05282818452724236,lifetime,0,-0.0,1.0,1.0,-0.0
natural_gas_pipeline,power,NO-DK,0,0.05282818452724236,lifetime,0,-0.0,1.0,1.0,-0.0
natural_gas_pipeline,power,NO-FI,0,0.05282818452724236,lifetime,0,-5.908453108273274,1.0,1.0,-111.84281953180525
natural_gas_pipeline,power,NO-FR,0,0.05282818452724236,lifetime,0,-0.0,1.0,1.0,-0.0
natural_gas_pipeline,power,NO-NL,0,0.05282818452724236,lifetime,0,-0.0,1.0,1.0,-0.0
natural_gas_pipeline,power,NO-SE,0,0.05282818452724236,lifetime,0,-3.5027914128223667,1.0,1.0,-66.30535279924398
natural_gas_pipeline,power,NO-UK,0,0.05282818452724236,lifetime,0,-0.0,1.0,1.0,-0.0
natural_gas_pipeline,power,PL-CZ,0,0.05282818452724236,lifetime,0,-0.0,1.0,1.0,-0.0
natural_gas_pipeline,power,PL-DE,0,0.05282818452724236,lifetime,0,-0.0,1.0,1.0,-0.0
natural_gas_pipeline,power,PL-LT,0,0.05282818452724236,lifetime,0,-0.0,1.0,1.0,-0.0
natural_gas_pipeline,power,PL-SE,0,0.05282818452724236,lifetime,0,-16.719028134042052,1.0,1.0,-316.4793241270748
natural_gas_pipeline,power,PL-SK,0,0.05282818452724236,lifetime,0,-0.0,1.0,1.0,-0.0
natural_gas_pipeline,power,PT-ES,0,0.05282818452724236,lifetime,0,-0.0,1.0,1.0,-0.0
natural_gas_pipeline,power,RO-BG,0,0.05282818452724236,lifetime,0,-0.0,1.0,1.0,-0.0
natural_gas_pipeline,power,RO-HU,0,0.05282818452724236,lifetime,0,-6.478760859957404,1.0,1.0,-122.63834008182594
natural_gas_pipeline,power,SE-DE,0,0.05282818452724236,lifetime,0,-0.0,1.0,1.0,-0.0
natural_gas_pipeline,power,SE-DK,0,0.05282818452724236,lifetime,0,-0.0,1.0,1.0,-0.0
natural_gas_pipeline,power,SE-FI,0,0.05282818452724236,lifetime,0,-1.7280734017482975,1.0,1.0,-32.71120174226633
natural_gas_pipeline,power,SE-LT,0,0.05282818452724236,lifetime,0,-0.0,1.0,1.0,-0.0
natural_gas_pipeline,power,SE-NO,0,0.05282818452724236,lifetime,0,-3.5027914128223667,1.0,1.0,-66.30535279924398
natural_gas_pipeline,power,SE-PL,0,0.05282818452724236,lifetime,0,-16.719028134042052,1.0,1.0,-316.4793241270748
natural_gas_pipeline,power,SI-AT,0,0.05282818452724236,lifetime,0,-2.6004275863093214,1.0,1.0,-49.2242466702284
natural_gas_pipeline,power,SI-HR,0,0.05282818452724236,lifetime,0,-0.0,1.0,1.0,-0.0
natural_gas_pipeline,power,SI-HU,0,0.05282818452724236,lifetime,0,-0.0,1.0,1.0,-0.0
natural_gas_pipeline,power,SI-IT,0,0.05282818452724236,lifetime,0,-0.0,1.0,1.0,-0.0
natural_gas_pipeline,power,SK-AT,0,0.05282818452724236,lifetime,0,-0.0,1.0,1.0,-0.0
natural_gas_pipeline,power,SK-CZ,0,0.05282818452724236,lifetime,0,-0.0,1.0,1.0,-0.0
natural_gas_pipeline,power,SK-HU,0,0.05282818452724236,lifetime,0,-0.0,1.0,1.0,-0.0
natural_gas_pipeline,power,SK-PL,0,0.05282818452724236,lifetime,0,-0.0,1.0,1.0,-0.0
natural_gas_pipeline,power,UK-BE,0,0.05282818452724236,lifetime,0,-4.218789968944181,1.0,1.0,-79.85869676760596
natural_gas_pipeline,power,UK-DE,0,0.05282818452724236,lifetime,0,-13.333960381106332,1.0,1.0,-252.40239656977602
natural_gas_pipeline,power,UK-DK,0,0.05282818452724236,lifetime,0,-0.0,1.0,1.0,-0.0
natural_gas_pipeline,power,UK-FR,0,0.05282818452724236,lifetime,0,-0.0,1.0,1.0,-0.0
natural_gas_pipeline,power,UK-IE,0,0.05282818452724236,lifetime,0,-0.0,1.0,1.0,-0.0
natural_gas_pipeline,power,UK-NL,0,0.05282818452724236,lifetime,0,-8.367090408975471,1.0,1.0,-158.383076833934
natural_gas_pipeline,power,UK-NO,0,0.05282818452724236,lifetime,0,-0.0,1.0,1.0,-0.0
oil_pipeline,power,AT-CH,0,0.05282818452724236,lifetime,0,-3.6816575050140936,1.0,1.0,-69.69116084455906
oil_pipeline,power,AT-CZ,0,0.05282818452724236,lifetime,0,-0.9409241383404892,1.0,1.0,-17.811025435774248
oil_pipeline,power,AT-DE,0,0.05282818452724236,lifetime,0,-0.0,1.0,1.0,-0.0
oil_pipeline,power,AT-HU,0,0.05282818452724236,lifetime,0,-0.0,1.0,1.0,-0.0
oil_pipeline,power,AT-IT,0,0.05282818452724236,lifetime,0,-0.0,1.0,1.0,-0.0
oil_pipeline,power,AT-SI,0,0.05282818452724236,lifetime,0,-2.6004275863093214,1.0,1.0,-49.2242466702284
oil_pipeline,power,AT-SK,0,0.05282818452724236,lifetime,0,-0.0,1.0,1.0,-0.0
oil_pipeline,power,BE-DE,0,0.05282818452724236,lifetime,0,-0.8738643807823725,1.0,1.0,-16.541631869475648
oil_pipeline,power,BE-FR,0,0.05282818452724236,lifetime,0,-0.0,1.0,1.0,-0.0
oil_pipeline,power,BE-LU,0,0.05282818452724236,lifetime,0,-1.935797070442428,1.0,1.0,-36.64326320818727
oil_pipeline,power,BE-NL,0,0.05282818452724236,lifetime,0,-2.5094755339903836,1.0,1.0,-47.502588938983905
oil_pipeline,power,BE-NO,0,0.05282818452724236,lifetime,0,-0.0,1.0,1.0,-0.0
oil_pipeline,power,BE-UK,0,0.05282818452724236,lifetime,0,-8.864787789445366,1.0,1.0,-167.80413464471764
oil_pipeline,power,BG-EL,0,0.05282818452724236,lifetime,0,-0.0,1.0,1.0,-0.0
oil_pipeline,power,BG-RO,0,0.05282818452724236,lifetime,0,-0.0,1.0,1.0,-0.0
oil_pipeline,power,CH-AT,0,0.05282818452724236,lifetime,0,-3.798800881225699,1.0,1.0,-71.90860172881276
oil_pipeline,power,CH-DE,0,0.05282818452724236,lifetime,0,-0.44485744441863373,1.0,1.0,-8.420835362783105
oil_pipeline,power,CH-FR,0,0.05282818452724236,lifetime,0,-0.987528181340477,1.0,1.0,-18.693206858759833
oil_pipeline,power,CH-IT,0,0.05282818452724236,lifetime,0,-0.0,1.0,1.0,-0.0
oil_pipeline,power,CZ-AT,0,0.05282818452724236,lifetime,0,-3.676445449808367,1.0,1.0,-69.59250034254922
oil_pipeline,power,CZ-DE,0,0.05282818452724236,lifetime,0,-0.6425805924356296,1.0,1.0,-12.163594077405113
oil_pipeline,power,CZ-PL,0,0.05282818452724236,lifetime,0,-0.0,1.0,1.0,-0.0
oil_pipeline,power,CZ-SK,0,0.05282818452724236,lifetime,0,-0.0,1.0,1.0,-0.0
oil_pipeline,power,DE-AT,0,0.05282818452724236,lifetime,0,-0.2657886275384227,1.0,1.0,-5.031189883145827
oil_pipeline,power,DE-BE,0,0.05282818452724236,lifetime,0,-0.0,1.0,1.0,-0.0
oil_pipeline,power,DE-CH,0,0.05282818452724236,lifetime,0,-0.0,1.0,1.0,-0.0
oil_pipeline,power,DE-CZ,0,0.05282818452724236,lifetime,0,-2.439463579691829,1.0,1.0,-46.17731238585059
oil_pipeline,power,DE-DK,0,0.05282818452724236,lifetime,0,-0.0,1.0,1.0,-0.0
oil_pipeline,power,DE-FR,0,0.05282818452724236,lifetime,0,-10.89088364766592,1.0,1.0,-206.15668975051992
oil_pipeline,power,DE-LU,0,0.05282818452724236,lifetime,0,-0.0,1.0,1.0,-0.0
oil_pipeline,power,DE-NL,0,0.05282818452724236,lifetime,0,-0.0,1.0,1.0,-0.0
oil_pipeline,power,DE-NO,0,0.05282818452724236,lifetime,0,-0.0,1.0,1.0,-0.0
oil_pipeline,power,DE-PL,0,0.05282818452724236,lifetime,0,-8.844107554926,1.0,1.0,-167.4126724980542
oil_pipeline,power,DE-SE,0,0.05282818452724236,lifetime,0,-0.0,1.0,1.0,-0.0
oil_pipeline,power,DE-UK,0,0.05282818452724236,lifetime,0,-13.333960381106332,1.0,1.0,-252.40239656977602
oil_pipeline,power,DK-DE,0,0.05282818452724236,lifetime,0,-0.2985192080696828,1.0,1.0,-5.650756518345673
oil_pipeline,power,DK-NL,0,0.05282818452724236,lifetime,0,-0.0,1.0,1.0,-0.0
oil_pipeline,power,DK-NO,0,0.05282818452724236,lifetime,0,-15.027490047524466,1.0,1.0,-284.4597099447003
oil_pipeline,power,DK-SE,0,0.05282818452724236,lifetime,0,-0.0,1.0,1.0,-0.0
oil_pipeline,power,DK-UK,0,0.05282818452724236,lifetime,0,-0.0,1.0,1.0,-0.0
oil_pipeline,power,EE-FI,0,0.05282818452724236,lifetime,0,-9.914190102077233,1.0,1.0,-187.6685748488044
oil_pipeline,power,EE-LV,0,0.05282818452724236,lifetime,0,-3.0307758489872807,1.0,1.0,-57.37043353107042
oil_pipeline,power,EL-BG,0,0.05282818452724236,lifetime,0,-0.0,1.0,1.0,-0.0
oil_pipeline,power,EL-IT,0,0.05282818452724236,lifetime,0,-13.314364823881432,1.0,1.0,-252.0314665936608
oil_pipeline,power,ES-FR,0,0.05282818452724236,lifetime,0,-0.24112408719471512,1.0,1.0,-4.5643076579770145
oil_pipeline,power,ES-PT,0,0.05282818452724236,lifetime,0,-0.0,1.0,1.0,-0.0
oil_pipeline,power,FI-EE,0,0.05282818452724236,lifetime,0,-9.914190102077233,1.0,1.0,-187.6685748488044
oil_pipeline,power,FI-NO,0,0.05282818452724236,lifetime,0,-1.0322132270829836,1.0,1.0,-19.53906302706074
oil_pipeline,power,FI-SE,0,0.05282818452724236,lifetime,0,-1.5646852645802125,1.0,1.0,-29.61838038884978
oil_pipeline,power,FR-BE,0,0.05282818452724236,lifetime,0,-0.0,1.0,1.0,-0.0
oil_pipeline,power,FR-CH,0,0.05282818452724236,lifetime,0,-0.33170779405773354,1.0,1.0,-6.2789928714411705
oil_pipeline,power,FR-DE,0,0.05282818452724236,lifetime,0,-10.89088364766592,1.0,1.0,-206.15668975051992
oil_pipeline,power,FR-ES,0,0.05282818452724236,lifetime,0,-0.9729989299513209,1.0,1.0,-18.41817845263197
oil_pipeline,power,FR-IT,0,0.05282818452724236,lifetime,0,-0.0,1.0,1.0,-0.0
oil_pipeline,power,FR-LU,0,0.05282818452724236,lifetime,0,-0.0,1.0,1.0,-0.0
oil_pipeline,power,FR-NO,0,0.05282818452724236,lifetime,0,-0.0,1.0,1.0,-0.0
oil_pipeline,power,FR-UK,0,0.05282818452724236,lifetime,0,-0.0,1.0,1.0,-0.0
oil_pipeline,power,HR-HU,0,0.05282818452724236,lifetime,0,-0.0,1.0,1.0,-0.0
oil_pipeline,power,HR-SI,0,0.05282818452724236,lifetime,0,-0.0,1.0,1.0,-0.0
oil_pipeline,power,HU-AT,0,0.05282818452724236,lifetime,0,-0.0,1.0,1.0,-0.0
oil_pipeline,power,HU-HR,0,0.05282818452724236,lifetime,0,-0.0,1.0,1.0,-0.0
oil_pipeline,power,HU-RO,0,0.05282818452724236,lifetime,0,-0.5660032620233315,1.0,1.0,-10.714039618973766
oil_pipeline,power,HU-SI,0,0.05282818452724236,lifetime,0,-0.0,1.0,1.0,-0.0
oil_pipeline,power,HU-SK,0,0.05282818452724236,lifetime,0,-2.3007575419099036,1.0,1.0,-43.551705637801206
oil_pipeline,power,IE-UK,0,0.05282818452724236,lifetime,0,-0.0,1.0,1.0,-0.0
oil_pipeline,power,IT-AT,0,0.05282818452724236,lifetime,0,-0.0,1.0,1.0,-0.0
oil_pipeline,power,IT-CH,0,0.05282818452724236,lifetime,0,-0.2821034566583467,1.0,1.0,-5.340018007108913
oil_pipeline,power,IT-EL,0,0.05282818452724236,lifetime,0,-13.314364823881432,1.0,1.0,-252.0314665936608
oil_pipeline,power,IT-FR,0,0.05282818452724236,lifetime,0,-0.0,1.0,1.0,-0.0
oil_pipeline,power,IT-SI,0,0.05282818452724236,lifetime,0,-0.0,1.0,1.0,-0.0
oil_pipeline,power,LT-LV,0,0.05282818452724236,lifetime,0,-2.4529478564448475,1.0,1.0,-46.43256016454465
oil_pipeline,power,LT-PL,0,0.05282818452724236,lifetime,0,-1.8984887633757876,1.0,1.0,-35.93704346203261
oil_pipeline,power,LT-SE,0,0.05282818452724236,lifetime,0,-0.0,1.0,1.0,-0.0
oil_pipeline,power,LU-BE,0,0.05282818452724236,lifetime,0,-1.935797070442428,1.0,1.0,-36.64326320818727
oil_pipeline,power,LU-DE,0,0.05282818452724236,lifetime,0,-0.0,1.0,1.0,-0.0
oil_pipeline,power,LU-FR,0,0.05282818452724236,lifetime,0,-0.0,1.0,1.0,-0.0
oil_pipeline,power,LV-EE,0,0.05282818452724236,lifetime,0,-3.0307758489872807,1.0,1.0,-57.37043353107042
oil_pipeline,power,LV-LT,0,0.05282818452724236,lifetime,0,-2.4529478564448475,1.0,1.0,-46.43256016454465
oil_pipeline,power,NL-BE,0,0.05282818452724236,lifetime,0,-2.5094755339903836,1.0,1.0,-47.502588938983905
oil_pipeline,power,NL-DE,0,0.05282818452724236,lifetime,0,-0.05444260339472562,1.0,1.0,-1.0305598021573263
oil_pipeline,power,NL-DK,0,0.05282818452724236,lifetime,0,-0.0,1.0,1.0,-0.0
oil_pipeline,power,NL-NO,0,0.05282818452724236,lifetime,0,-0.0,1.0,1.0,-0.0
oil_pipeline,power,NL-UK,0,0.05282818452724236,lifetime,0,-0.0,1.0,1.0,-0.0
oil_pipeline,power,NO-BE,0,0.05282818452724236,lifetime,0,-0.0,1.0,1.0,-0.0
oil_pipeline,power,NO-DE,0,0.05282818452724236,lifetime,0,-0.0,1.0,1.0,-0.0
oil_pipeline,power,NO-DK,0,0.05282818452724236,lifetime,0,-15.027490047524466,1.0,1.0,-284.4597099447003
oil_pipeline,power,NO-FI,0,0.05282818452724236,lifetime,0,-1.45566281514295,1.0,1.0,-27.55466287871952
oil_pipeline,power,NO-FR,0,0.05282818452724236,lifetime,0,-0.0,1.0,1.0,-0.0
oil_pipeline,power,NO-NL,0,0.05282818452724236,lifetime,0,-0.0,1.0,1.0,-0.0
oil_pipeline,power,NO-SE,0,0.05282818452724236,lifetime,0,-3.5027914128223667,1.0,1.0,-66.30535279924398
oil_pipeline,power,NO-UK,0,0.05282818452724236,lifetime,0,-0.0,1.0,1.0,-0.0
oil_pipeline,power,PL-CZ,0,0.05282818452724236,lifetime,0,-0.7987404278527586,1.0,1.0,-15.119588814203246
oil_pipeline,power,PL-DE,0,0.05282818452724236,lifetime,0,-8.844107554926,1.0,1.0,-167.4126724980542
oil_pipeline,power,PL-LT,0,0.05282818452724236,lifetime,0,-0.0,1.0,1.0,-0.0
oil_pipeline,power,PL-SE,0,0.05282818452724236,lifetime,0,-16.719028134042052,1.0,1.0,-316.4793241270748
oil_pipeline,power,PL-SK,0,0.05282818452724236,lifetime,0,-0.0,1.0,1.0,-0.0
oil_pipeline,power,PT-ES,0,0.05282818452724236,lifetime,0,-0.0,1.0,1.0,-0.0
oil_pipeline,power,RO-BG,0,0.05282818452724236,lifetime,0,-0.055406775169451916,1.0,1.0,-1.0488108888330212
oil_pipeline,power,RO-HU,0,0.05282818452724236,lifetime,0,-0.0,1.0,1.0,-0.0
oil_pipeline,power,SE-DE,0,0.05282818452724236,lifetime,0,-0.0,1.0,1.0,-0.0
oil_pipeline,power,SE-DK,0,0.05282818452724236,lifetime,0,-0.0,1.0,1.0,-0.0
oil_pipeline,power,SE-FI,0,0.05282818452724236,lifetime,0,-0.0,1.0,1.0,-0.0
oil_pipeline,power,SE-LT,0,0.05282818452724236,lifetime,0,-0.0,1.0,1.0,-0.0
oil_pipeline,power,SE-NO,0,0.05282818452724236,lifetime,0,-3.5027914128223667,1.0,1.0,-66.30535279924398
oil_pipeline,power,SE-PL,0,0.05282818452724236,lifetime,0,-16.719028134042052,1.0,1.0,-316.4793241270748
oil_pipeline,power,SI-AT,0,0.05282818452724236,lifetime,0,-2.6004275863093214,1.0,1.0,-49.2242466702284
oil_pipeline,power,SI-HR,0,0.05282818452724236,lifetime,0,-2.687110187028338,1.0,1.0,-50.86508671602471
oil_pipeline,power,SI-HU,0,0.05282818452724236,lifetime,0,-0.0,1.0,1.0,-0.0
oil_pipeline,power,SI-IT,0,0.05282818452724236,lifetime,0,-1.3339871958562548,1.0,1.0,-25.25142985309946
oil_pipeline,power,SK-AT,0,0.05282818452724236,lifetime,0,-0.0,1.0,1.0,-0.0
oil_pipeline,power,SK-CZ,0,0.05282818452724236,lifetime,0,-0.0,1.0,1.0,-0.0
oil_pipeline,power,SK-HU,0,0.05282818452724236,lifetime,0,-2.3007575419099036,1.0,1.0,-43.551705637801206
oil_pipeline,power,SK-PL,0,0.05282818452724236,lifetime,0,-0.02212650394242388,1.0,1.0,-0.41883899930374696
oil_pipeline,power,UK-BE,0,0.05282818452724236,lifetime,0,-8.864787789445366,1.0,1.0,-167.80413464471764
oil_pipeline,power,UK-DE,0,0.05282818452724236,lifetime,0,-13.333960381106332,1.0,1.0,-252.40239656977602
oil_pipeline,power,UK-DK,0,0.05282818452724236,lifetime,0,-0.0,1.0,1.0,-0.0
oil_pipeline,power,UK-FR,0,0.05282818452724236,lifetime,0,-0.2017470751464865,1.0,1.0,-3.8189287962839202
oil_pipeline,power,UK-IE,0,0.05282818452724236,lifetime,0,-0.0,1.0,1.0,-0.0
oil_pipeline,power,UK-NL,0,0.05282818452724236,lifetime,0,-0.9106091048606308,1.0,1.0,-17.237183390071813
oil_pipeline,power,UK-NO,0,0.05282818452724236,lifetime,0,-0.0,1.0,1.0,-0.0
power_line,power,AT-CH,0,0.05282818452724236,lifetime,0,-12.356787424883224,1.0,1.0,-233.90520676536016
power_line,power,AT-CZ,0,0.05282818452724236,lifetime,0,-7.580223293110467,1.0,1.0,-143.48824137996846
power_line,power,AT-DE,0,0.05282818452724236,lifetime,0,-9.61160970316889,1.0,1.0,-181.94094287325714
power_line,power,AT-HU,0,0.05282818452724236,lifetime,0,-12.223089515660396,1.0,1.0,-231.3744003327847
power_line,power,AT-IT,0,0.05282818452724236,lifetime,0,-15.105187859500026,1.0,1.0,-285.93047432305013
power_line,power,AT-SI,0,0.05282818452724236,lifetime,0,-1.2556205060462482,1.0,1.0,-23.768004092564485
power_line,power,AT-SK,0,0.05282818452724236,lifetime,0,-19.38410854974716,1.0,1.0,-366.927402923551
power_line,power,BE-DE,0,0.05282818452724236,lifetime,0,-11.745938644326028,1.0,1.0,-222.34227334215694
power_line,power,BE-FR,0,0.05282818452724236,lifetime,0,-1.0496652586359119,1.0,1.0,-19.86941758512678
power_line,power,BE-LU,0,0.05282818452724236,lifetime,0,-1.093899936030113,1.0,1.0,-20.706748600569686
power_line,power,BE-NL,0,0.05282818452724236,lifetime,0,-5.174124070639009,1.0,1.0,-97.94249257176014
power_line,power,BE-NO,0,0.05282818452724236,lifetime,0,-17.677152201586278,1.0,1.0,-334.61593200255726
power_line,power,BE-UK,0,0.05282818452724236,lifetime,0,-18.277728258836973,1.0,1.0,-345.9844100720808
power_line,power,BG-EL,0,0.05282818452724236,lifetime,0,-12.078397516732466,1.0,1.0,-228.63548359311676
power_line,power,BG-RO,0,0.05282818452724236,lifetime,0,-9.648768203462721,1.0,1.0,-182.6443268836365
power_line,power,CH-AT,0,0.05282818452724236,lifetime,0,-18.144774376956043,1.0,1.0,-343.46768754847466
power_line,power,CH-DE,0,0.05282818452724236,lifetime,0,-14.659827139472599,1.0,1.0,-277.50011231055726
power_line,power,CH-FR,0,0.05282818452724236,lifetime,0,-1.0508218135324903,1.0,1.0,-19.89131034761575
power_line,power,CH-IT,0,0.05282818452724236,lifetime,0,-15.77318672116857,1.0,1.0,-298.57521817799125
power_line,power,CZ-AT,0,0.05282818452724236,lifetime,0,-177.64302169453188,1.0,1.0,-3362.656189764106
power_line,power,CZ-DE,0,0.05282818452724236,lifetime,0,-11.002168445877647,1.0,1.0,-208.2632319156087
power_line,power,CZ-PL,0,0.05282818452724236,lifetime,0,-11.072956720630824,1.0,1.0,-209.6032036633918
power_line,power,CZ-SK,0,0.05282818452724236,lifetime,0,-9.422263910017856,1.0,1.0,-178.35676153434719
power_line,power,DE-AT,0,0.05282818452724236,lifetime,0,-14.072903351482124,1.0,1.0,-266.3900619985347
power_line,power,DE-BE,0,0.05282818452724236,lifetime,0,-0.0,1.0,1.0,-0.0
power_line,power,DE-CH,0,0.05282818452724236,lifetime,0,-30.01961800344437,1.0,1.0,-568.2500406192058
power_line,power,DE-CZ,0,0.05282818452724236,lifetime,0,-4.524589225273168,1.0,1.0,-85.64725942720848
power_line,power,DE-DK,0,0.05282818452724236,lifetime,0,-15.910674579988294,1.0,1.0,-301.17776566377177
power_line,power,DE-FR,0,0.05282818452724236,lifetime,0,-1.0335051605641148,1.0,1.0,-19.563518409972207
power_line,power,DE-LU,0,0.05282818452724236,lifetime,0,-1.0829651106802456,1.0,1.0,-20.49976012561597
power_line,power,DE-NL,0,0.05282818452724236,lifetime,0,-1.582702570424756,1.0,1.0,-29.959435187642878
power_line,power,DE-NO,0,0.05282818452724236,lifetime,0,-17.8274724809743,1.0,1.0,-337.4613880925826
power_line,power,DE-PL,0,0.05282818452724236,lifetime,0,-18.235089030933057,1.0,1.0,-345.1772797819621
power_line,power,DE-SE,0,0.05282818452724236,lifetime,0,-18.28081016260273,1.0,1.0,-346.0427483207512
power_line,power,DE-UK,0,0.05282818452724236,lifetime,0,-15.13908208834926,1.0,1.0,-286.5720679941663
power_line,power,DK-DE,0,0.05282818452724236,lifetime,0,-428.51947567946206,1.0,1.0,-8111.56922226778
power_line,power,DK-NL,0,0.05282818452724236,lifetime,0,-14.345773866909415,1.0,1.0,-271.555306987913
power_line,power,DK-NO,0,0.05282818452724236,lifetime,0,-30.9842024451004,1.0,1.0,-586.5089387866909
power_line,power,DK-SE,0,0.05282818452724236,lifetime,0,-1.8017838700418607,1.0,1.0,-34.10648853762369
power_line,power,DK-UK,0,0.05282818452724236,lifetime,0,-23.40488360009598,1.0,1.0,-443.0378179667822
power_line,power,EE-FI,0,0.05282818452724236,lifetime,0,-20.441422501728763,1.0,1.0,-386.94160483950685
power_line,power,EE-LV,0,0.05282818452724236,lifetime,0,-6.248959218988966,1.0,1.0,-118.28835828659817
power_line,power,EL-BG,0,0.05282818452724236,lifetime,0,-58.745151935449925,1.0,1.0,-1112.0039891803647
power_line,power,EL-IT,0,0.05282818452724236,lifetime,0,-27.45202118427117,1.0,1.0,-519.6472570454272
power_line,power,ES-FR,0,0.05282818452724236,lifetime,0,-24.297520661902524,1.0,1.0,-459.9348033505262
power_line,power,ES-PT,0,0.05282818452724236,lifetime,0,-1.0182538272387858,1.0,1.0,-19.2748215058137
power_line,power,FI-EE,0,0.05282818452724236,lifetime,0,-0.0,1.0,1.0,-0.0
power_line,power,FI-NO,0,0.05282818452724236,lifetime,0,-6.768298133592289,1.0,1.0,-128.11907496276012
power_line,power,FI-SE,0,0.05282818452724236,lifetime,0,-0.0,1.0,1.0,-0.0
power_line,power,FR-BE,0,0.05282818452724236,lifetime,0,-342.94886797298835,1.0,1.0,-6491.778414155742
power_line,power,FR-CH,0,0.05282818452724236,lifetime,0,-370.8651442518638,1.0,1.0,-7020.213690300423
power_line,power,FR-DE,0,0.05282818452724236,lifetime,0,-363.07816627089846,1.0,1.0,-6872.811729573385
power_line,power,FR-ES,0,0.05282818452724236,lifetime,0,-193.12239327766156,1.0,1.0,-3655.66969612731
power_line,power,FR-IT,0,0.05282818452724236,lifetime,0,-26.751161553306666,1.0,1.0,-506.3804821744663
power_line,power,FR-LU,0,0.05282818452724236,lifetime,0,-306.573809135424,1.0,1.0,-5803.224393928027
power_line,power,FR-NO,0,0.05282818452724236,lifetime,0,-60.009151872497384,1.0,1.0,-1135.9306099484065
power_line,power,FR-UK,0,0.05282818452724236,lifetime,0,-25.70215163902165,1.0,1.0,-486.5234697922962
power_line,power,HR-HU,0,0.05282818452724236,lifetime,0,-9.652111585128736,1.0,1.0,-182.7076147231853
power_line,power,HR-SI,0,0.05282818452724236,lifetime,0,-5.540377385968925,1.0,1.0,-104.87540761715692
power_line,power,HU-AT,0,0.05282818452724236,lifetime,0,-159.7431007957091,1.0,1.0,-3023.823404594436
power_line,power,HU-HR,0,0.05282818452724236,lifetime,0,-84.83477719840194,1.0,1.0,-1605.8620593833668
power_line,power,HU-RO,0,0.05282818452724236,lifetime,0,-13.358134821149424,1.0,1.0,-252.86000154445816
power_line,power,HU-SI,0,0.05282818452724236,lifetime,0,-10.515454487841021,1.0,1.0,-199.05008248804057
power_line,power,HU-SK,0,0.05282818452724236,lifetime,0,-4.743782044119298,1.0,1.0,-89.79642375696312
power_line,power,IE-UK,0,0.05282818452724236,lifetime,0,-10.475067086830983,1.0,1.0,-198.28557768115644
power_line,power,IT-AT,0,0.05282818452724236,lifetime,0,-124.83869834504324,1.0,1.0,-2363.107864906215
power_line,power,IT-CH,0,0.05282818452724236,lifetime,0,-105.4940509482091,1.0,1.0,-1996.9274335711475
power_line,power,IT-EL,0,0.05282818452724236,lifetime,0,-24.79992248665182,1.0,1.0,-469.4449129491291
power_line,power,IT-FR,0,0.05282818452724236,lifetime,0,-3.0517878268398877,1.0,1.0,-57.76817534333678
power_line,power,IT-SI,0,0.05282818452724236,lifetime,0,-11.23453579210003,1.0,1.0,-212.6617806884244
power_line,power,LT-LV,0,0.05282818452724236,lifetime,0,-0.0,1.0,1.0,-0.0
power_line,power,LT-PL,0,0.05282818452724236,lifetime,0,-13.437303509592704,1.0,1.0,-254.3586085693211
power_line,power,LT-SE,0,0.05282818452724236,lifetime,0,-0.0,1.0,1.0,-0.0
power_line,power,LU-BE,0,0.05282818452724236,lifetime,0,-33.895177319904526,1.0,1.0,-641.611624992063
power_line,power,LU-DE,0,0.05282818452724236,lifetime,0,-58.58983818023593,1.0,1.0,-1109.0640101406932
power_line,power,LU-FR,0,0.05282818452724236,lifetime,0,-0.0,1.0,1.0,-0.0
power_line,power,LV-EE,0,0.05282818452724236,lifetime,0,-0.0,1.0,1.0,-0.0
power_line,power,LV-LT,0,0.05282818452724236,lifetime,0,-29.339776856733593,1.0,1.0,-555.3811307220618
power_line,power,NL-BE,0,0.05282818452724236,lifetime,0,-189.45181052026223,1.0,1.0,-3586.188172386768
power_line,power,NL-DE,0,0.05282818452724236,lifetime,0,-208.22353635429707,1.0,1.0,-3941.523605584452
power_line,power,NL-DK,0,0.05282818452724236,lifetime,0,-15.465245523738977,1.0,1.0,-292.74611009514973
power_line,power,NL-NO,0,0.05282818452724236,lifetime,0,-16.769578666625417,1.0,1.0,-317.4362097939918
power_line,power,NL-UK,0,0.05282818452724236,lifetime,0,-14.042888639471196,1.0,1.0,-265.8219048248682
power_line,power,NO-BE,0,0.05282818452724236,lifetime,0,-313.65406774440794,1.0,1.0,-5937.248659049854
power_line,power,NO-DE,0,0.05282818452724236,lifetime,0,-345.72783266964365,1.0,1.0,-6544.382241478679
power_line,power,NO-DK,0,0.05282818452724236,lifetime,0,-0.0,1.0,1.0,-0.0
power_line,power,NO-FI,0,0.05282818452724236,lifetime,0,-121.19476272253496,1.0,1.0,-2294.1307524970393
power_line,power,NO-FR,0,0.05282818452724236,lifetime,0,-63.22493587056631,1.0,1.0,-1196.8031162979407
power_line,power,NO-NL,0,0.05282818452724236,lifetime,0,-146.66925565099297,1.0,1.0,-2776.344804644172
power_line,power,NO-SE,0,0.05282818452724236,lifetime,0,-0.0,1.0,1.0,-0.0
power_line,power,NO-UK,0,0.05282818452724236,lifetime,0,-12.769622056810274,1.0,1.0,-241.719873039083
power_line,power,PL-CZ,0,0.05282818452724236,lifetime,0,-0.0,1.0,1.0,-0.0
power_line,power,PL-DE,0,0.05282818452724236,lifetime,0,-49.61690494697004,1.0,1.0,-939.2127590790795
power_line,power,PL-LT,0,0.05282818452724236,lifetime,0,-21.437144024252746,1.0,1.0,-405.7899058257069
power_line,power,PL-SE,0,0.05282818452724236,lifetime,0,-13.983602124875002,1.0,1.0,-264.6996532251446
power_line,power,PL-SK,0,0.05282818452724236,lifetime,0,-1.2645881273561872,1.0,1.0,-23.937754792691507
power_line,power,PT-ES,0,0.05282818452724236,lifetime,0,-35.55557795025194,1.0,1.0,-673.0418292515179
power_line,power,RO-BG,0,0.05282818452724236,lifetime,0,-71.19742588501143,1.0,1.0,-1347.7166880171028
power_line,power,RO-HU,0,0.05282818452724236,lifetime,0,-0.7224125794534227,1.0,1.0,-13.674756873026558
power_line,power,SE-DE,0,0.05282818452724236,lifetime,0,-464.4035890075976,1.0,1.0,-8790.829992806484
power_line,power,SE-DK,0,0.05282818452724236,lifetime,0,-54.81600216330345,1.0,1.0,-1037.6279755560408
power_line,power,SE-FI,0,0.05282818452724236,lifetime,0,-221.4079381209454,1.0,1.0,-4191.094963840184
power_line,power,SE-LT,0,0.05282818452724236,lifetime,0,-103.15082625207661,1.0,1.0,-1952.5718548757613
power_line,power,SE-NO,0,0.05282818452724236,lifetime,0,-111.96166672723771,1.0,1.0,-2119.354805189292
power_line,power,SE-PL,0,0.05282818452724236,lifetime,0,-439.5575294701035,1.0,1.0,-8320.51173826413
power_line,power,SI-AT,0,0.05282818452724236,lifetime,0,-97.33442639788838,1.0,1.0,-1842.4715380422567
power_line,power,SI-HR,0,0.05282818452724236,lifetime,0,-4.71844230414462,1.0,1.0,-89.31676048249246
power_line,power,SI-HU,0,0.05282818452724236,lifetime,0,-44.792191424691445,1.0,1.0,-847.8843599403473
power_line,power,SI-IT,0,0.05282818452724236,lifetime,0,-75.16146379046,1.0,1.0,-1422.7531092176914
power_line,power,SK-AT,0,0.05282818452724236,lifetime,0,-195.51217839044972,1.0,1.0,-3700.90663042998
power_line,power,SK-CZ,0,0.05282818452724236,lifetime,0,-24.6729428268096,1.0,1.0,-467.0412782041808
power_line,power,SK-HU,0,0.05282818452724236,lifetime,0,-36.78295287604936,1.0,1.0,-696.2751645777488
power_line,power,SK-PL,0,0.05282818452724236,lifetime,0,-142.01407984685275,1.0,1.0,-2688.225634057501
power_line,power,UK-BE,0,0.05282818452724236,lifetime,0,-378.05556216404165,1.0,1.0,-7156.323192766287
power_line,power,UK-DE,0,0.05282818452724236,lifetime,0,-397.7035452111916,1.0,1.0,-7528.245552449459
power_line,power,UK-DK,0,0.05282818452724236,lifetime,0,-1.9380342114776377,1.0,1.0,-36.685610698551166
power_line,power,UK-FR,0,0.05282818452724236,lifetime,0,-57.59860490431155,1.0,1.0,-1090.3006684738368
power_line,power,UK-IE,0,0.05282818452724236,lifetime,0,-13.722528885790318,1.0,1.0,-259.75772229526274
power_line,power,UK-NL,0,0.05282818452724236,lifetime,0,-196.48207669238772,1.0,1.0,-3719.2661161972383
power_line,power,UK-NO,0,0.05282818452724236,lifetime,0,-36.497857927925665,1.0,1.0,-690.8785197625806
battery,energy,AT,0,0.1064557651677276,lifetime,0,-9.738351235670486,1.0,1.0,-91.47791310622881
battery,energy,BE,0,0.1064557651677276,lifetime,0,-9.870330205680817,1.0,1.0,-92.71766719378236
battery,energy,BG,0,0.1064557651677276,lifetime,0,-9.870330205680817,1.0,1.0,-92.71766719378236
battery,energy,CH,0,0.1064557651677276,lifetime,0,-9.870330205680817,1.0,1.0,-92.71766719378236
battery,energy,CZ,0,0.1064557651677276,lifetime,0,-9.870330205680817,1.0,1.0,-92.71766719378236
battery,energy,DE,0,0.1064557651677276,lifetime,0,-9.870330205680817,1.0,1.0,-92.71766719378236
battery,energy,DK,0,0.1064557651677276,lifetime,0,-9.870330205680817,1.0,1.0,-92.71766719378236
battery,energy,EE,0,0.1064557651677276,lifetime,0,-4.040536950914589,1.0,1.0,-37.95507875546688
battery,energy,EL,0,0.1064557651677276,lifetime,0,-9.870330205680817,1.0,1.0,-92.71766719378236
battery,energy,ES,0,0.1064557651677276,lifetime,0,-9.870330205680817,1.0,1.0,-92.71766719378236
battery,energy,FI,0,0.1064557651677276,lifetime,0,-9.870330205680817,1.0,1.0,-92.71766719378236
battery,energy,FR,0,0.1064557651677276,lifetime,0,-9.870330205680817,1.0,1.0,-92.71766719378236
battery,energy,HR,0,0.1064557651677276,lifetime,0,-9.870330205680817,1.0,1.0,-92.71766719378236
battery,energy,HU,0,0.1064557651677276,lifetime,0,-9.870330205680817,1.0,1.0,-92.71766719378236
battery,energy,IE,0,0.1064557651677276,lifetime,0,-9.870330205680817,1.0,1.0,-92.71766719378236
battery,energy,IT,0,0.1064557651677276,lifetime,0,-9.870330205680817,1.0,1.0,-92.71766719378236
battery,energy,LT,0,0.1064557651677276,lifetime,0,-6.8294656469125945,1.0,1.0,-64.15308401712534
battery,energy,LU,0,0.1064557651677276,lifetime,0,-9.870330205680817,1.0,1.0,-92.71766719378236
battery,energy,LV,0,0.1064557651677276,lifetime,0,-9.870330205680817,1.0,1.0,-92.71766719378236
battery,energy,NL,0,0.1064557651677276,lifetime,0,-9.870330205680817,1.0,1.0,-92.71766719378236
battery,energy,NO,0,0.1064557651677276,lifetime,0,-9.870330205680817,1.0,1.0,-92.71766719378236
battery,energy,PL,0,0.1064557651677276,lifetime,0,-9.870330205680817,1.0,1.0,-92.71766719378236
battery,energy,PT,0,0.1064557651677276,lifetime,0,-9.870330205680817,1.0,1.0,-92.71766719378236
battery,energy,RO,0,0.1064557651677276,lifetime,0,-9.870330205680817,1.0,1.0,-92.71766719378236
battery,energy,SE,0,0.1064557651677276,lifetime,0,-9.870330205680817,1.0,1.0,-92.71766719378236
battery,energy,SI,0,0.1064557651677276,lifetime,0,-9.858195812723794,1.0,1.0,-92.6036818878865
battery,energy,SK,0,0.1064557651677276,lifetime,0,-9.870330205680817,1.0,1.0,-92.71766719378236
battery,energy,UK,0,0.1064557651677276,lifetime,0,-9.870330205680817,1.0,1.0,-92.71766719378236
battery,power,AT,0,0.1064557651677276,lifetime,0,-8.153555874971923,1.0,1.0,-76.59102221589873
battery,power,BE,0,0.1064557651677276,lifetime,0,-8.153555874971923,1.0,1.0,-76.59102221589873
battery,power,BG,0,0.1064557651677276,lifetime,0,-8.153555874971923,1.0,1.0,-76.59102221589873
battery,power,CH,0,0.1064557651677276,lifetime,0,-8.153555874971923,1.0,1.0,-76.59102221589873
battery,power,CZ,0,0.1064557651677276,lifetime,0,-8.153555874971923,1.0,1.0,-76.59102221589873
battery,power,DE,0,0.1064557651677276,lifetime,0,-8.153555874971923,1.0,1.0,-76.59102221589873
battery,power,DK,0,0.1064557651677276,lifetime,0,-8.153555874971923,1.0,1.0,-76.59102221589873
battery,power,EE,0,0.1064557651677276,lifetime,0,-8.153555874971923,1.0,1.0,-76.59102221589873
battery,power,EL,0,0.1064557651677276,lifetime,0,-8.153555874971923,1.0,1.0,-76.59102221589873
battery,power,ES,0,0.1064557651677276,lifetime,0,-8.153555874971923,1.0,1.0,-76.59102221589873
battery,power,FI,0,0.1064557651677276,lifetime,0,0.7271266558544588,1.0,1.0,6.830317312630519
battery,power,FR,0,0.1064557651677276,lifetime,0,-8.153555874971923,1.0,1.0,-76.59102221589873
battery,power,HR,0,0.1064557651677276,lifetime,0,-8.153555874971923,1.0,1.0,-76.59102221589873
battery,power,HU,0,0.1064557651677276,lifetime,0,-8.153555874971923,1.0,1.0,-76.59102221589873
battery,power,IE,0,0.1064557651677276,lifetime,0,0.36133953088298776,1.0,1.0,3.3942692564716914
battery,power,IT,0,0.1064557651677276,lifetime,0,-8.153555874971923,1.0,1.0,-76.59102221589873
battery,power,LT,0,0.1064557651677276,lifetime,0,-8.153555874971923,1.0,1.0,-76.59102221589873
battery,power,LU,0,0.1064557651677276,lifetime,0,-8.153555874971923,1.0,1.0,-76.59102221589873
battery,power,LV,0,0.1064557651677276,lifetime,0,0.7271266558544588,1.0,1.0,6.830317312630519
battery,power,NL,0,0.1064557651677276,lifetime,0,-8.153555874971923,1.0,1.0,-76.59102221589873
battery,power,NO,0,0.1064557651677276,lifetime,0,-8.153555874971923,1.0,1.0,-76.59102221589873
battery,power,PL,0,0.1064557651677276,lifetime,0,-8.153555874971923,1.0,1.0,-76.59102221589873
battery,power,PT,0,0.1064557651677276,lifetime,0,-8.153555874971923,1.0,1.0,-76.59102221589873
battery,power,RO,0,0.1064557651677276,lifetime,0,-8.153555874971923,1.0,1.0,-76.59102221589873
battery,power,SE,0,0.1064557651677276,lifetime,0,-8.153555874971923,1.0,1.0,-76.59102221589873
battery,power,SI,0,0.1064557651677276,lifetime,0,-8.153555874971923,1.0,1.0,-76.59102221589873
battery,power,SK,0,0.1064557651677276,lifetime,0,-8.153555874971923,1.0,1.0,-76.59102221589873
battery,power,UK,0,0.1064557651677276,lifetime,0,-8.153555874971923,1.0,1.0,-76.59102221589873
natural_gas_storage,energy,AT,0,0.05038313806951108,lifetime,0,-0.0,1.0,1.0,-0.0
natural_gas_storage,energy,BE,0,0.05038313806951108,lifetime,0,-0.00038172194674357396,1.0,1.0,-0.007576382920351872
natural_gas_storage,energy,BG,0,0.05038313806951108,lifetime,0,-0.0,1.0,1.0,-0.0
natural_gas_storage,energy,CH,0,0.05038313806951108,lifetime,0,-0.0,1.0,1.0,-0.0
natural_gas_storage,energy,CZ,0,0.05038313806951108,lifetime,0,-0.0,1.0,1.0,-0.0
natural_gas_storage,energy,DE,0,0.05038313806951108,lifetime,0,-0.0,1.0,1.0,-0.0
natural_gas_storage,energy,DK,0,0.05038313806951108,lifetime,0,-0.0,1.0,1.0,-0.0
natural_gas_storage,energy,EE,0,0.05038313806951108,lifetime,0,-0.0,1.0,1.0,-0.0
natural_gas_storage,energy,EL,0,0.05038313806951108,lifetime,0,-0.0,1.0,1.0,-0.0
natural_gas_storage,energy,ES,0,0.05038313806951108,lifetime,0,-0.0,1.0,1.0,-0.0
natural_gas_storage,energy,FI,0,0.05038313806951108,lifetime,0,-0.0,1.0,1.0,-0.0
natural_gas_storage,energy,FR,0,0.05038313806951108,lifetime,0,-0.0,1.0,1.0,-0.0
natural_gas_storage,energy,HR,0,0.05038313806951108,lifetime,0,-0.0,1.0,1.0,-0.0
natural_gas_storage,energy,HU,0,0.05038313806951108,lifetime,0,-0.0,1.0,1.0,-0.0
natural_gas_storage,energy,IE,0,0.05038313806951108,lifetime,0,-0.0,1.0,1.0,-0.0
natural_gas_storage,energy,IT,0,0.05038313806951108,lifetime,0,-0.0,1.0,1.0,-0.0
natural_gas_storage,energy,LT,0,0.05038313806951108,lifetime,0,-0.0,1.0,1.0,-0.0
natural_gas_storage,energy,LU,0,0.05038313806951108,lifetime,0,-0.0,1.0,1.0,-0.0
natural_gas_storage,energy,LV,0,0.05038313806951108,lifetime,0,-0.0,1.0,1.0,-0.0
natural_gas_storage,energy,NL,0,0.05038313806951108,lifetime,0,-0.0,1.0,1.0,-0.0
natural_gas_storage,energy,NO,0,0.05038313806951108,lifetime,0,-0.0,1.0,1.0,-0.0
natural_gas_storage,energy,PL,0,0.05038313806951108,lifetime,0,-0.0,1.0,1.0,-0.0
natural_gas_storage,energy,PT,0,0.05038313806951108,lifetime,0,-0.0,1.0,1.0,-0.0
natural_gas_storage,energy,RO,0,0.05038313806951108,lifetime,0,-0.0,1.0,1.0,-0.0
natural_gas_storage,energy,SE,0,0.05038313806951108,lifetime,0,-0.0,1.0,1.0,-0.0
natural_gas_storage,energy,SI,0,0.05038313806951108,lifetime,0,-0.0,1.0,1.0,-0.0
natural_gas_storage,energy,SK,0,0.05038313806951108,lifetime,0,-0.0,1.0,1.0,-0.0
natural_gas_storage,energy,UK,0,0.05038313806951108,lifetime,0,-0.0,1.0,1.0,-0.0
natural_gas_storage,power,AT,0,0.05038313806951108,lifetime,0,-0.0,1.0,1.0,-0.0
natural_gas_storage,power,BE,0,0.05038313806951108,lifetime,0,-0.7999730312587799,1.0,1.0,-15.87779288688008
natural_gas_storage,power,BG,0,0.05038313806951108,lifetime,0,-0.0,1.0,1.0,-0.0
natural_gas_storage,power,CH,0,0.05038313806951108,lifetime,0,-616.2029600483613,1.0,1.0,-12230.34101604027
natural_gas_storage,power,CZ,0,0.05038313806951108,lifetime,0,-0.0,1.0,1.0,-0.0
natural_gas_storage,power,DE,0,0.05038313806951108,lifetime,0,-0.0,1.0,1.0,-0.0
natural_gas_storage,power,DK,0,0.05038313806951108,lifetime,0,-0.0,1.0,1.0,-0.0
natural_gas_storage,power,EE,0,0.05038313806951108,lifetime,0,-599.6181129925702,1.0,1.0,-11901.166460995488
natural_gas_storage,power,EL,0,0.05038313806951108,lifetime,0,-591.1157242786279,1.0,1.0,-11732.411813315306
natural_gas_storage,power,ES,0,0.05038313806951108,lifetime,0,-0.0,1.0,1.0,-0.0
natural_gas_storage,power,FI,0,0.05038313806951108,lifetime,0,-609.894424953607,1.0,1.0,-12105.129777985769
natural_gas_storage,power,FR,0,0.05038313806951108,lifetime,0,-0.0,1.0,1.0,-0.0
natural_gas_storage,power,HR,0,0.05038313806951108,lifetime,0,-0.0,1.0,1.0,-0.0
natural_gas_storage,power,HU,0,0.05038313806951108,lifetime,0,-0.0,1.0,1.0,-0.0
natural_gas_storage,power,IE,0,0.05038313806951108,lifetime,0,-577.7112842154579,1.0,1.0,-11466.361690659656
natural_gas_storage,power,IT,0,0.05038313806951108,lifetime,0,-0.0,1.0,1.0,-0.0
natural_gas_storage,power,LT,0,0.05038313806951108,lifetime,0,-611.0305711830135,1.0,1.0,-12127.679906321147
natural_gas_storage,power,LU,0,0.05038313806951108,lifetime,0,-621.6238816242499,1.0,1.0,-12337.934980679978
natural_gas_storage,power,LV,0,0.05038313806951108,lifetime,0,-605.6774176436113,1.0,1.0,-12021.430995584053
natural_gas_storage,power,NL,0,0.05038313806951108,lifetime,0,-0.0,1.0,1.0,-0.0
natural_gas_storage,power,NO,0,0.05038313806951108,lifetime,0,-591.115724278628,1.0,1.0,-11732.411813315308
natural_gas_storage,power,PL,0,0.05038313806951108,lifetime,0,-0.0,1.0,1.0,-0.0
natural_gas_storage,power,PT,0,0.05038313806951108,lifetime,0,-0.0,1.0,1.0,-0.0
natural_gas_storage,power,RO,0,0.05038313806951108,lifetime,0,-0.0,1.0,1.0,-0.0
natural_gas_storage,power,SE,0,0.05038313806951108,lifetime,0,-0.0,1.0,1.0,-0.0
natural_gas_storage,power,SI,0,0.05038313806951108,lifetime,0,-609.1350207001664,1.0,1.0,-12090.057190557949
natural_gas_storage,power,SK,0,0.05038313806951108,lifetime,0,-0.0,1.0,1.0,-0.0
natural_gas_storage,power,UK,0,0.05038313806951108,lifetime,0,-0.0,1.0,1.0,-0.0
oil_storage,energy,AT,0,0.05038313806951108,lifetime,0,-0.05038313806951108,1.0,1.0,-1.0
oil_storage,energy,BE,0,0.05038313806951108,lifetime,0,-0.05038313806951108,1.0,1.0,-1.0
oil_storage,energy,BG,0,0.05038313806951108,lifetime,0,-0.05038313806951108,1.0,1.0,-1.0
oil_storage,energy,CH,0,0.05038313806951108,lifetime,0,-0.05038313806951108,1.0,1.0,-1.0
oil_storage,energy,CZ,0,0.05038313806951108,lifetime,0,-0.05038313806951108,1.0,1.0,-1.0
oil_storage,energy,DE,0,0.05038313806951108,lifetime,0,-0.05038313806951108,1.0,1.0,-1.0
oil_storage,energy,DK,0,0.05038313806951108,lifetime,0,-0.05038313806951108,1.0,1.0,-1.0
oil_storage,energy,EE,0,0.05038313806951108,lifetime,0,-0.05038313806951108,1.0,1.0,-1.0
oil_storage,energy,EL,0,0.05038313806951108,lifetime,0,-0.05038313806951108,1.0,1.0,-1.0
oil_storage,energy,ES,0,0.05038313806951108,lifetime,0,-0.05038313806951108,1.0,1.0,-1.0
oil_storage,energy,FI,0,0.05038313806951108,lifetime,0,-0.05038313806951108,1.0,1.0,-1.0
oil_storage,energy,FR,0,0.05038313806951108,lifetime,0,-0.05038313806951108,1.0,1.0,-1.0
oil_storage,energy,HR,0,0.05038313806951108,lifetime,0,-0.05038313806951108,1.0,1.0,-1.0
oil_storage,energy,HU,0,0.05038313806951108,lifetime,0,-0.05038313806951108,1.0,1.0,-1.0
oil_storage,energy,IE,0,0.05038313806951108,lifetime,0,-0.05038313806951108,1.0,1.0,-1.0
oil_storage,energy,IT,0,0.05038313806951108,lifetime,0,-0.05038313806951108,1.0,1.0,-1.0
oil_storage,energy,LT,0,0.05038313806951108,lifetime,0,-0.05038313806951108,1.0,1.0,-1.0
oil_storage,energy,LU,0,0.05038313806951108,lifetime,0,-0.05038313806951108,1.0,1.0,-1.0
oil_storage,energy,LV,0,0.05038313806951108,lifetime,0,-0.05038313806951108,1.0,1.0,-1.0
oil_storage,energy,NL,0,0.05038313806951108,lifetime,0,-0.05038313806951108,1.0,1.0,-1.0
oil_storage,energy,NO,0,0.05038313806951108,lifetime,0,-0.05038313806951108,1.0,1.0,-1.0
oil_storage,energy,PL,0,0.05038313806951108,lifetime,0,-0.05038313806951108,1.0,1.0,-1.0
oil_storage,energy,PT,0,0.05038313806951108,lifetime,0,-0.05038313806951108,1.0,1.0,-1.0
oil_storage,energy,RO,0,0.05038313806951108,lifetime,0,-0.05038313806951108,1.0,1.0,-1.0
oil_storage,energy,SE,0,0.05038313806951108,lifetime,0,-0.05038313806951108,1.0,1.0,-1.0
oil_storage,energy,SI,0,0.05038313806951108,lifetime,0,-0.05038313806951108,1.0,1.0,-1.0
oil_storage,energy,SK,0,0.05038313806951108,lifetime,0,-0.05038313806951108,1.0,1.0,-1.0
oil_storage,energy,UK,0,0.05038313806951108,lifetime,0,-0.05038313806951108,1.0,1.0,-1.0
oil_storage,power,AT,0,0.05038313806951108,lifetime,0,-0.05038313806951108,1.0,1.0,-1.0
oil_storage,power,BE,0,0.05038313806951108,lifetime,0,-0.05038313806951108,1.0,1.0,-1.0
oil_storage,power,BG,0,0.05038313806951108,lifetime,0,-0.05038313806951108,1.0,1.0,-1.0
oil_storage,power,CH,0,0.05038313806951108,lifetime,0,-0.05038313806951108,1.0,1.0,-1.0
oil_storage,power,CZ,0,0.05038313806951108,lifetime,0,-0.05038313806951108,1.0,1.0,-1.0
oil_storage,power,DE,0,0.05038313806951108,lifetime,0,-0.05038313806951108,1.0,1.0,-1.0
oil_storage,power,DK,0,0.05038313806951108,lifetime,0,-0.05038313806951108,1.0,1.0,-1.0
oil_storage,power,EE,0,0.05038313806951108,lifetime,0,-0.05038313806951108,1.0,1.0,-1.0
oil_storage,power,EL,0,0.05038313806951108,lifetime,0,-0.05038313806951108,1.0,1.0,-1.0
oil_storage,power,ES,0,0.05038313806951108,lifetime,0,-0.05038313806951108,1.0,1.0,-1.0
oil_storage,power,FI,0,0.05038313806951108,lifetime,0,-0.05038313806951108,1.0,1.0,-1.0
oil_storage,power,FR,0,0.05038313806951108,lifetime,0,-0.05038313806951108,1.0,1.0,-1.0
oil_storage,power,HR,0,0.05038313806951108,lifetime,0,-0.05038313806951108,1.0,1.0,-1.0
oil_storage,power,HU,0,0.05038313806951108,lifetime,0,-0.05038313806951108,1.0,1.0,-1.0
oil_storage,power,IE,0,0.05038313806951108,lifetime,0,-0.05038313806951108,1.0,1.0,-1.0
oil_storage,power,IT,0,0.05038313806951108,lifetime,0,-0.05038313806951108,1.0,1.0,-1.0
oil_storage,power,LT,0,0.05038313806951108,lifetime,0,-0.05038313806951108,1.0,1.0,-1.0
oil_storage,power,LU,0,0.05038313806951108,lifetime,0,-0.05038313806951108,1.0,1.0,-1.0
oil_storage,power,LV,0,0.05038313806951108,lifetime,0,-0.05038313806951108,1.0,1.0,-1.0
oil_storage,power,NL,0,0.05038313806951108,lifetime,0,-0.05038313806951108,1.0,1.0,-1.0
oil_storage,power,NO,0,0.05038313806951108,lifetime,0,-0.05038313806951108,1.0,1.0,-1.0
oil_storage,power,PL,0,0.05038313806951108,lifetime,0,-0.05038313806951108,1.0,1.0,-1.0
oil_storage,power,PT,0,0.05038313806951108,lifetime,0,-0.05038313806951108,1.0,1.0,-1.0
oil_storage,power,RO,0,0.05038313806951108,lifetime,0,-0.05038313806951108,1.0,1.0,-1.0
oil_storage,power,SE,0,0.05038313806951108,lifetime,0,-0.05038313806951108,1.0,1.0,-1.0
oil_storage,power,SI,0,0.05038313806951108,lifetime,0,-0.05038313806951108,1.0,1.0,-1.0
oil_storage,power,SK,0,0.05038313806951108,lifetime,0,-0.05038313806951108,1.0,1.0,-1.0
oil_storage,power,UK,0,0.05038313806951108,lifetime,0,-0.05038313806951108,1.0,1.0,-1.0
pumped_hydro,energy,AT,0,0.053666863697517594,lifetime,0,-4.1538762974505925,1.0,1.0,-77.40113752245846
pumped_hydro,energy,BE,0,0.053666863697517594,lifetime,0,-4.1538762974505925,1.0,1.0,-77.40113752245846
pumped_hydro,energy,BG,0,0.053666863697517594,lifetime,0,-4.1538762974505925,1.0,1.0,-77.40113752245846
pumped_hydro,energy,CH,0,0.053666863697517594,lifetime,0,-4.1538762974505925,1.0,1.0,-77.40113752245846
pumped_hydro,energy,CZ,0,0.053666863697517594,lifetime,0,-4.1538762974505925,1.0,1.0,-77.40113752245846
pumped_hydro,energy,DE,0,0.053666863697517594,lifetime,0,-4.1538762974505925,1.0,1.0,-77.40113752245846
pumped_hydro,energy,DK,0,0.053666863697517594,lifetime,0,-0.0,1.0,1.0,-0.0
pumped_hydro,energy,EE,0,0.053666863697517594,lifetime,0,-0.0,1.0,1.0,-0.0
pumped_hydro,energy,EL,0,0.053666863697517594,lifetime,0,-4.1538762974505925,1.0,1.0,-77.40113752245846
pumped_hydro,energy,ES,0,0.053666863697517594,lifetime,0,-4.1538762974505925,1.0,1.0,-77.40113752245846
pumped_hydro,energy,FI,0,0.053666863697517594,lifetime,0,-0.0,1.0,1.0,-0.0
pumped_hydro,energy,FR,0,0.053666863697517594,lifetime,0,-4.1538762974505925,1.0,1.0,-77.40113752245846
pumped_hydro,energy,HR,0,0.053666863697517594,lifetime,0,-4.1538762974505925,1.0,1.0,-77.40113752245846
pumped_hydro,energy,HU,0,0.053666863697517594,lifetime,0,-0.0,1.0,1.0,-0.0
pumped_hydro,energy,IE,0,0.053666863697517594,lifetime,0,-4.1538762974505925,1.0,1.0,-77.40113752245846
pumped_hydro,energy,IT,0,0.053666863697517594,lifetime,0,-4.1538762974505925,1.0,1.0,-77.40113752245846
pumped_hydro,energy,LT,0,0.053666863697517594,lifetime,0,-4.1538762974505925,1.0,1.0,-77.40113752245846
pumped_hydro,energy,LU,0,0.053666863697517594,lifetime,0,-4.1538762974505925,1.0,1.0,-77.40113752245846
pumped_hydro,energy,LV,0,0.053666863697517594,lifetime,0,-0.0,1.0,1.0,-0.0
pumped_hydro,energy,NL,0,0.053666863697517594,lifetime,0,-0.0,1.0,1.0,-0.0
pumped_hydro,energy,NO,0,0.053666863697517594,lifetime,0,-4.088553809647744,1.0,1.0,-76.18395277749131
pumped_hydro,energy,PL,0,0.053666863697517594,lifetime,0,-4.1538762974505925,1.0,1.0,-77.40113752245846
pumped_hydro,energy,PT,0,0.053666863697517594,lifetime,0,-4.1538762974505925,1.0,1.0,-77.40113752245846
pumped_hydro,energy,RO,0,0.053666863697517594,lifetime,0,-0.0,1.0,1.0,-0.0
pumped_hydro,energy,SE,0,0.053666863697517594,lifetime,0,-4.1538762974505925,1.0,1.0,-77.40113752245846
pumped_hydro,energy,SI,0,0.053666863697517594,lifetime,0,-76.27500238346646,1.0,1.0,-1421.2681183192492
pumped_hydro,energy,SK,0,0.053666863697517594,lifetime,0,-207.46460688032266,1.0,1.0,-3865.7859354266516
pumped_hydro,energy,UK,0,0.053666863697517594,lifetime,0,-4.1538762974505925,1.0,1.0,-77.40113752245846
pumped_hydro,power,AT,0,0.053666863697517594,lifetime,0,-58.621579247771486,1.0,1.0,-1092.323553285695
pumped_hydro,power,BE,0,0.053666863697517594,lifetime,0,-58.621579247771486,1.0,1.0,-1092.323553285695
pumped_hydro,power,BG,0,0.053666863697517594,lifetime,0,-58.621579247771486,1.0,1.0,-1092.323553285695
pumped_hydro,power,CH,0,0.053666863697517594,lifetime,0,-58.621579247771486,1.0,1.0,-1092.323553285695
pumped_hydro,power,CZ,0,0.053666863697517594,lifetime,0,-58.621579247771486,1.0,1.0,-1092.323553285695
pumped_hydro,power,DE,0,0.053666863697517594,lifetime,0,-58.621579247771486,1.0,1.0,-1092.323553285695
pumped_hydro,power,DK,0,0.053666863697517594,lifetime,0,-291.15151847084957,1.0,1.0,-5425.1636561410805
pumped_hydro,power,EE,0,0.053666863697517594,lifetime,0,-281.2640135149377,1.0,1.0,-5240.9251097702545
pumped_hydro,power,EL,0,0.053666863697517594,lifetime,0,-58.621579247771486,1.0,1.0,-1092.323553285695
pumped_hydro,power,ES,0,0.053666863697517594,lifetime,0,-58.621579247771486,1.0,1.0,-1092.323553285695
pumped_hydro,power,FI,0,0.053666863697517594,lifetime,0,-461.19010613281637,1.0,1.0,-8593.572911810554
pumped_hydro,power,FR,0,0.053666863697517594,lifetime,0,-10.474861100529541,1.0,1.0,-195.18303062330926
pumped_hydro,power,HR,0,0.053666863697517594,lifetime,0,-58.621579247771486,1.0,1.0,-1092.323553285695
pumped_hydro,power,HU,0,0.053666863697517594,lifetime,0,-567.0117454769875,1.0,1.0,-10565.397461510594
pumped_hydro,power,IE,0,0.053666863697517594,lifetime,0,-58.621579247771486,1.0,1.0,-1092.323553285695
pumped_hydro,power,IT,0,0.053666863697517594,lifetime,0,-58.621579247771486,1.0,1.0,-1092.323553285695
pumped_hydro,power,LT,0,0.053666863697517594,lifetime,0,-58.621579247771486,1.0,1.0,-1092.323553285695
pumped_hydro,power,LU,0,0.053666863697517594,lifetime,0,7.740113752245846,1.0,1.0,144.225192585716
pumped_hydro,power,LV,0,0.053666863697517594,lifetime,0,-314.588194940465,1.0,1.0,-5861.870310021797
pumped_hydro,power,NL,0,0.053666863697517594,lifetime,0,-507.001779820364,1.0,1.0,-9447.203449003035
pumped_hydro,power,NO,0,0.053666863697517594,lifetime,0,7.740113752245846,1.0,1.0,144.225192585716
pumped_hydro,power,PL,0,0.053666863697517594,lifetime,0,-58.621579247771486,1.0,1.0,-1092.323553285695
pumped_hydro,power,PT,0,0.053666863697517594,lifetime,0,-58.621579247771486,1.0,1.0,-1092.323553285695
pumped_hydro,power,RO,0,0.053666863697517594,lifetime,0,-587.6464027678974,1.0,1.0,-10949.892769587716
pumped_hydro,power,SE,0,0.053666863697517594,lifetime,0,-58.621579247771486,1.0,1.0,-1092.323553285695
pumped_hydro,power,SI,0,0.053666863697517594,lifetime,0,7.740113752245846,1.0,1.0,144.225192585716
pumped_hydro,power,SK,0,0.053666863697517594,lifetime,0,5.613553605589501,1.0,1.0,104.59999371733662
pumped_hydro,power,UK,0,0.053666863697517594,lifetime,0,-58.621579247771486,1.0,1.0,-1092.323553285695
salt_cavern_storage,energy,AT,0,0.05038313806951108,lifetime,0,-0.06363018456289136,1.0,1.0,-1.2629261892164
salt_cavern_storage,energy,BE,0,0.05038313806951108,lifetime,0,-0.06363018456289136,1.0,1.0,-1.2629261892164
salt_cavern_storage,energy,BG,0,0.05038313806951108,lifetime,0,-0.06363018456289136,1.0,1.0,-1.2629261892164
salt_cavern_storage,energy,CH,0,0.05038313806951108,lifetime,0,-0.06363018456289136,1.0,1.0,-1.2629261892164
salt_cavern_storage,energy,CZ,0,0.05038313806951108,lifetime,0,-0.06363018456289136,1.0,1.0,-1.2629261892164
salt_cavern_storage,energy,DE,0,0.05038313806951108,lifetime,0,-0.06363018456289136,1.0,1.0,-1.2629261892164
salt_cavern_storage,energy,DK,0,0.05038313806951108,lifetime,0,-0.06363018456289136,1.0,1.0,-1.2629261892164
salt_cavern_storage,energy,EE,0,0.05038313806951108,lifetime,0,-0.06363018456289136,1.0,1.0,-1.2629261892164
salt_cavern_storage,energy,EL,0,0.05038313806951108,lifetime,0,-0.06363018456289136,1.0,1.0,-1.2629261892164
salt_cavern_storage,energy,ES,0,0.05038313806951108,lifetime,0,-0.06363018456289136,1.0,1.0,-1.2629261892164
salt_cavern_storage,energy,FI,0,0.05038313806951108,lifetime,0,-0.06363018456289136,1.0,1.0,-1.2629261892164
salt_cavern_storage,energy,FR,0,0.05038313806951108,lifetime,0,-0.06363018456289136,1.0,1.0,-1.2629261892164
salt_cavern_storage,energy,HR,0,0.05038313806951108,lifetime,0,-0.06363018456289136,1.0,1.0,-1.2629261892164
salt_cavern_storage,energy,HU,0,0.05038313806951108,lifetime,0,-0.06363018456289136,1.0,1.0,-1.2629261892164
salt_cavern_storage,energy,IE,0,0.05038313806951108,lifetime,0,-0.06363018456289136,1.0,1.0,-1.2629261892164
salt_cavern_storage,energy,IT,0,0.05038313806951108,lifetime,0,-0.06363018456289136,1.0,1.0,-1.2629261892164
salt_cavern_storage,energy,LT,0,0.05038313806951108,lifetime,0,-0.06363018456289136,1.0,1.0,-1.2629261892164
salt_cavern_storage,energy,LU,0,0.05038313806951108,lifetime,0,-0.06363018456289136,1.0,1.0,-1.2629261892164
salt_cavern_storage,energy,LV,0,0.05038313806951108,lifetime,0,-0.06363018456289136,1.0,1.0,-1.2629261892164
salt_cavern_storage,energy,NL,0,0.05038313806951108,lifetime,0,-0.06363018456289136,1.0,1.0,-1.2629261892164
salt_cavern_storage,energy,NO,0,0.05038313806951108,lifetime,0,-0.06363018456289136,1.0,1.0,-1.2629261892164
salt_cavern_storage,energy,PL,0,0.05038313806951108,lifetime,0,-0.06363018456289136,1.0,1.0,-1.2629261892164
salt_cavern_storage,energy,PT,0,0.05038313806951108,lifetime,0,-0.06363018456289136,1.0,1.0,-1.2629261892164
salt_cavern_storage,energy,RO,0,0.05038313806951108,lifetime,0,-0.06363018456289136,1.0,1.0,-1.2629261892164
salt_cavern_storage,energy,SE,0,0.05038313806951108,lifetime,0,-0.06363018456289136,1.0,1.0,-1.2629261892164
salt_cavern_storage,energy,SI,0,0.05038313806951108,lifetime,0,-0.06363018456289136,1.0,1.0,-1.2629261892164
salt_cavern_storage,energy,SK,0,0.05038313806951108,lifetime,0,-0.06363018456289136,1.0,1.0,-1.2629261892164
salt_cavern_storage,energy,UK,0,0.05038313806951108,lifetime,0,-0.06363018456289136,1.0,1.0,-1.2629261892164
salt_cavern_storage,power,AT,0,0.05038313806951108,lifetime,0,-0.0,1.0,1.0,-0.0
salt_cavern_storage,power,BE,0,0.05038313806951108,lifetime,0,-0.0,1.0,1.0,-0.0
salt_cavern_storage,power,BG,0,0.05038313806951108,lifetime,0,-0.0,1.0,1.0,-0.0
salt_cavern_storage,power,CH,0,0.05038313806951108,lifetime,0,-0.0,1.0,1.0,-0.0
salt_cavern_storage,power,CZ,0,0.05038313806951108,lifetime,0,-0.0,1.0,1.0,-0.0
salt_cavern_storage,power,DE,0,0.05038313806951108,lifetime,0,-0.0,1.0,1.0,-0.0
salt_cavern_storage,power,DK,0,0.05038313806951108,lifetime,0,-0.0,1.0,1.0,-0.0
salt_cavern_storage,power,EE,0,0.05038313806951108,lifetime,0,-0.0,1.0,1.0,-0.0
salt_cavern_storage,power,EL,0,0.05038313806951108,lifetime,0,-0.0,1.0,1.0,-0.0
salt_cavern_storage,power,ES,0,0.05038313806951108,lifetime,0,-0.0,1.0,1.0,-0.0
salt_cavern_storage,power,FI,0,0.05038313806951108,lifetime,0,-0.0,1.0,1.0,-0.0
salt_cavern_storage,power,FR,0,0.05038313806951108,lifetime,0,-0.0,1.0,1.0,-0.0
salt_cavern_storage,power,HR,0,0.05038313806951108,lifetime,0,-0.0,1.0,1.0,-0.0
salt_cavern_storage,power,HU,0,0.05038313806951108,lifetime,0,-0.0,1.0,1.0,-0.0
salt_cavern_storage,power,IE,0,0.05038313806951108,lifetime,0,-0.0,1.0,1.0,-0.0
salt_cavern_storage,power,IT,0,0.05038313806951108,lifetime,0,-0.0,1.0,1.0,-0.0
salt_cavern_storage,power,LT,0,0.05038313806951108,lifetime,0,-0.0,1.0,1.0,-0.0
salt_cavern_storage,power,LU,0,0.05038313806951108,lifetime,0,-0.0,1.0,1.0,-0.0
salt_cavern_storage,power,LV,0,0.05038313806951108,lifetime,0,-0.0,1.0,1.0,-0.0
salt_cavern_storage,power,NL,0,0.05038313806951108,lifetime,0,-0.0,1.0,1.0,-0.0
salt_cavern_storage,power,NO,0,0.05038313806951108,lifetime,0,-0.0,1.0,1.0,-0.0
salt_cavern_storage,power,PL,0,0.05038313806951108,lifetime,0,-0.0,1.0,1.0,-0.0
salt_cavern_storage,power,PT,0,0.05038313806951108,lifetime,0,-0.0,1.0,1.0,-0.0
salt_cavern_storage,power,RO,0,0.05038313806951108,lifetime,0,-0.0,1.0,1.0,-0.0
salt_cavern_storage,power,SE,0,0.05038313806951108,lifetime,0,-0.0,1.0,1.0,-0.0
salt_cavern_storage,power,SI,0,0.05038313806951108,lifetime,0,-0.0,1.0,1.0,-0.0
salt_cavern_storage,power,SK,0,0.05038313806951108,lifetime,0,-0.0,1.0,1.0,-0.0
salt_cavern_storage,power,UK,0,0.05038313806951108,lifetime,0,-0.0,1.0,1.0,-0.0
