set_technologies,set_capacity_types,set_location,set_time_steps_yearly,unit,value,capacity,capacity_ceiling,vbasis,rc_capex_equivalent,rc_capex_equivalent_input_units
BEV,power,AT,0,megapkm / hour,13.902082031086508,13.903082031086509,inf,0.0,0.0,0.0
BEV,power,BE,0,megapkm / hour,18.773961214107153,18.774961214107154,inf,0.0,0.0,0.0
BEV,power,BG,0,megapkm / hour,9.799129089110735,9.800129089110735,inf,0.0,0.0,0.0
BEV,power,CH,0,megapkm / hour,16.862081978850323,16.863081978850325,inf,0.0,0.0,0.0
BEV,power,CZ,0,megapkm / hour,13.910456622809305,13.911456622809304,inf,0.0,0.0,0.0
BEV,power,DE,0,megapkm / hour,157.0527361804559,157.0537361804559,inf,0.0,0.0,0.0
BEV,power,DK,0,megapkm / hour,10.753321601397303,10.754321601397303,inf,0.0,-9.094947017729282e-13,-9.094947017729282e-13
BEV,power,EE,0,megapkm / hour,2.552254473438283,2.5532544734382827,inf,0.0,0.0,0.0
BEV,power,EL,0,megapkm / hour,18.650194195882875,18.651194195882876,inf,0.0,9.094947017729282e-13,9.094947017729282e-13
BEV,power,ES,0,megapkm / hour,60.24151267143552,60.24251267143552,inf,0.0,0.0,0.0
BEV,power,FI,0,megapkm / hour,11.711497784197203,11.712497784197202,inf,0.0,-9.094947017729282e-13,-9.094947017729282e-13
BEV,power,FR,0,megapkm / hour,136.0295133701021,136.0305133701021,inf,0.0,0.0,0.0
BEV,power,HR,0,megapkm / hour,4.413473965619442,4.414473965619442,inf,0.0,0.0,0.0
BEV,power,HU,0,megapkm / hour,11.346913781394587,11.347913781394587,inf,0.0,0.0,0.0
BEV,power,IE,0,megapkm / hour,10.423036136284786,10.424036136284785,inf,0.0,0.0,0.0
BEV,power,IT,0,megapkm / hour,127.43011861505059,127.4311186150506,inf,0.0,0.0,0.0
BEV,power,LT,0,megapkm / hour,5.3265230261091965,5.327523026109197,inf,0.0,0.0,0.0
BEV,power,LU,0,megapkm / hour,1.418249996318972,1.4192499963189722,inf,0.0,-9.094947017729282e-13,-9.094947017729282e-13
BEV,power,LV,0,megapkm / hour,2.6749970975274477,2.6759970975274476,inf,0.0,-9.094947017729282e-13,-9.094947017729282e-13
BEV,power,NL,0,megapkm / hour,26.280267713397564,26.281267713397565,inf,0.0,0.0,0.0
BEV,power,NO,0,megapkm / hour,11.347904969349575,11.348904969349574,inf,0.0,0.0,0.0
BEV,power,PL,0,megapkm / hour,42.482043435685924,42.48304343568593,inf,0.0,0.0,0.0
BEV,power,PT,0,megapkm / hour,17.367899899336283,17.36889989933628,inf,0.0,0.0,0.0
BEV,power,RO,0,megapkm / hour,19.23850700950917,19.239507009509172,inf,0.0,0.0,0.0
BEV,power,SE,0,megapkm / hour,16.442467556990778,16.44346755699078,inf,0.0,9.094947017729282e-13,9.094947017729282e-13
BEV,power,SI,0,megapkm / hour,4.815082393646737,4.816082393646737,inf,0.0,-9.094947017729282e-13,-9.094947017729282e-13
BEV,power,SK,0,megapkm / hour,4.907896529259764,4.9088965292597635,inf,0.0,0.0,0.0
BEV,power,UK,0,megapkm / hour,127.89509936581483,127.89609936581485,inf,0.0,0.0,0.0
BF_BOF,power,AT,0,kilotonproduct / hour,0.0,0.001,inf,0.0,1706.6194806767687,1706.6194806767687
BF_BOF,power,BE,0,kilotonproduct / hour,0.0,0.001,inf,0.0,1706.6194806767687,1706.6194806767687
BF_BOF,power,BG,0,kilotonproduct / hour,0.0,0.001,inf,0.0,1706.6194806767687,1706.6194806767687
BF_BOF,power,CH,0,kilotonproduct / hour,0.0,0.001,inf,0.0,1706.6194806767687,1706.6194806767687
BF_BOF,power,CZ,0,kilotonproduct / hour,0.0,0.001,inf,0.0,1706.6194806767687,1706.6194806767687
BF_BOF,power,DE,0,kilotonproduct / hour,0.0,0.001,inf,0.0,1706.6194806767687,1706.6194806767687
BF_BOF,power,DK,0,kilotonproduct / hour,0.0,0.001,inf,0.0,1706.6194806767687,1706.6194806767687
BF_BOF,power,EE,0,kilotonproduct / hour,0.0,0.001,inf,0.0,1706.6194806767687,1706.6194806767687
BF_BOF,power,EL,0,kilotonproduct / hour,0.0,0.001,inf,0.0,1706.6194806767687,1706.6194806767687
BF_BOF,power,ES,0,kilotonproduct / hour,0.0,0.001,inf,0.0,1706.6194806767687,1706.6194806767687
BF_BOF,power,FI,0,kilotonproduct / hour,0.0,0.001,inf,0.0,1706.6194806767687,1706.6194806767687
BF_BOF,power,FR,0,kilotonproduct / hour,0.0,0.001,inf,0.0,1706.6194806767687,1706.6194806767687
BF_BOF,power,HR,0,kilotonproduct / hour,0.0,0.001,inf,0.0,1706.6194806767687,1706.6194806767687
BF_BOF,power,HU,0,kilotonproduct / hour,0.0,0.001,inf,0.0,1706.6194806767687,1706.6194806767687
BF_BOF,power,IE,0,kilotonproduct / hour,0.0,0.001,inf,0.0,1706.6194806767687,1706.6194806767687
BF_BOF,power,IT,0,kilotonproduct / hour,0.0,0.001,inf,0.0,1706.6194806767687,1706.6194806767687
BF_BOF,power,LT,0,kilotonproduct / hour,0.0,0.001,inf,0.0,1706.6194806767687,1706.6194806767687
BF_BOF,power,LU,0,kilotonproduct / hour,0.0,0.001,inf,0.0,1706.6194806767687,1706.6194806767687
BF_BOF,power,LV,0,kilotonproduct / hour,0.0,0.001,inf,0.0,1706.6194806767687,1706.6194806767687
BF_BOF,power,NL,0,kilotonproduct / hour,0.0,0.001,inf,0.0,1706.6194806767687,1706.6194806767687
BF_BOF,power,NO,0,kilotonproduct / hour,0.0,0.001,inf,0.0,1706.6194806767687,1706.6194806767687
BF_BOF,power,PL,0,kilotonproduct / hour,0.0,0.001,inf,0.0,1706.6194806767687,1706.6194806767687
BF_BOF,power,PT,0,kilotonproduct / hour,0.0,0.001,inf,0.0,1706.6194806767687,1706.6194806767687
BF_BOF,power,RO,0,kilotonproduct / hour,0.0,0.001,inf,0.0,1706.6194806767687,1706.6194806767687
BF_BOF,power,SE,0,kilotonproduct / hour,0.0,0.001,inf,0.0,1706.6194806767687,1706.6194806767687
BF_BOF,power,SI,0,kilotonproduct / hour,0.0,0.001,inf,0.0,1706.6194806767687,1706.6194806767687
BF_BOF,power,SK,0,kilotonproduct / hour,0.0,0.001,inf,0.0,1706.6194806767687,1706.6194806767687
BF_BOF,power,UK,0,kilotonproduct / hour,0.0,0.001,inf,0.0,1706.6194806767687,1706.6194806767687
DAC,power,AT,0,kilotCO2eq / hour,0.0,0.001,inf,0.0,8957.038520435824,8957.038520435824
DAC,power,BE,0,kilotCO2eq / hour,0.0,0.001,inf,0.0,8000.579681926311,8000.579681926311
DAC,power,BG,0,kilotCO2eq / hour,0.0,0.001,inf,0.0,8151.644103171993,8151.644103171993
DAC,power,CH,0,kilotCO2eq / hour,0.0,0.001,inf,0.0,9100.638512990849,9100.638512990849
DAC,power,CZ,0,kilotCO2eq / hour,0.0,0.001,inf,0.0,8004.053818600616,8004.053818600616
DAC,power,DE,0,kilotCO2eq / hour,0.0,0.001,inf,0.0,8454.668872711161,8454.668872711161
DAC,power,DK,0,kilotCO2eq / hour,0.0,0.001,inf,0.0,4331.6980602655285,4331.6980602655285
DAC,power,EE,0,kilotCO2eq / hour,0.0,0.001,inf,0.0,5895.452774124845,5895.452774124845
DAC,power,EL,0,kilotCO2eq / hour,0.0,0.001,inf,0.0,9697.097689704124,9697.097689704124
DAC,power,ES,0,kilotCO2eq / hour,0.0,0.001,inf,0.0,8396.920855726254,8396.920855726254
DAC,power,FI,0,kilotCO2eq / hour,0.0,0.001,inf,0.0,6120.001716996864,6120.001716996864
DAC,power,FR,0,kilotCO2eq / hour,0.0,0.001,inf,0.0,5147.59880044507,5147.59880044507
DAC,power,HR,0,kilotCO2eq / hour,0.0,0.001,inf,0.0,8504.746316033787,8504.746316033787
DAC,power,HU,0,kilotCO2eq / hour,0.0,0.001,inf,0.0,11266.189719956903,11266.189719956903
DAC,power,IE,0,kilotCO2eq / hour,0.0,0.001,inf,0.0,4304.622809444395,4304.622809444395
DAC,power,IT,0,kilotCO2eq / hour,0.0,0.001,inf,0.0,8595.385453983428,8595.385453983428
DAC,power,LT,0,kilotCO2eq / hour,0.0,0.001,inf,0.0,5893.454807296191,5893.454807296191
DAC,power,LU,0,kilotCO2eq / hour,0.0,0.001,inf,0.0,7557.0660513439125,7557.0660513439125
DAC,power,LV,0,kilotCO2eq / hour,0.0,0.001,inf,0.0,5843.203244635841,5843.203244635841
DAC,power,NL,0,kilotCO2eq / hour,0.0,0.001,inf,0.0,10445.59024113469,10445.59024113469
DAC,power,NO,0,kilotCO2eq / hour,0.0,0.001,inf,0.0,4083.8649006018823,4083.8649006018823
DAC,power,PL,0,kilotCO2eq / hour,0.0,0.001,inf,0.0,8073.581925294705,8073.581925294705
DAC,power,PT,0,kilotCO2eq / hour,0.0,0.001,inf,0.0,9249.131133365587,9249.131133365587
DAC,power,RO,0,kilotCO2eq / hour,0.0,0.001,inf,0.0,8049.578254326006,8049.578254326006
DAC,power,SE,0,kilotCO2eq / hour,0.0,0.001,inf,0.0,1650.3167152590304,1650.3167152590304
DAC,power,SI,0,kilotCO2eq / hour,0.0,0.001,inf,0.0,8505.95729712557,8505.95729712557
DAC,power,SK,0,kilotCO2eq / hour,0.0,0.001,inf,0.0,7666.76930705482,7666.76930705482
DAC,power,UK,0,kilotCO2eq / hour,0.0,0.001,inf,0.0,4734.470528190085,4734.470528190085
EAF,power,AT,0,kilotonproduct / hour,0.47057534245890414,0.47157534245890415,inf,0.0,-2.2737367544323206e-13,-2.2737367544323206e-13
EAF,power,BE,0,kilotonproduct / hour,0.5462602739520548,0.5472602739520548,inf,0.0,-2.2737367544323206e-13,-2.2737367544323206e-13
EAF,power,BG,0,kilotonproduct / hour,0.044616438356164384,0.045616438356164385,inf,0.0,-2.2737367544323206e-13,-2.2737367544323206e-13
EAF,power,CH,0,kilotonproduct / hour,0.0,0.001,inf,0.0,1847.1646143795613,1847.1646143795613
EAF,power,CZ,0,kilotonproduct / hour,0.3372876712328767,0.3382876712328767,inf,0.0,-2.2737367544323206e-13,-2.2737367544323206e-13
EAF,power,DE,0,kilotonproduct / hour,2.912413824092466,2.913413824092466,inf,0.0,-2.2737367544323206e-13,-2.2737367544323206e-13
EAF,power,DK,0,kilotonproduct / hour,0.0,0.001,inf,0.0,1847.1646143795613,1847.1646143795613
EAF,power,EE,0,kilotonproduct / hour,0.0,0.001,inf,0.0,1847.1646143795613,1847.1646143795613
EAF,power,EL,0,kilotonproduct / hour,0.09947945205479454,0.10047945205479454,inf,0.0,-2.2737367544323206e-13,-2.2737367544323206e-13
EAF,power,ES,0,kilotonproduct / hour,0.9798904109794521,0.9808904109794521,inf,0.0,-2.2737367544323206e-13,-2.2737367544323206e-13
EAF,power,FI,0,kilotonproduct / hour,0.26954794522602743,0.27054794522602743,inf,0.0,-2.2737367544323206e-13,-2.2737367544323206e-13
EAF,power,FR,0,kilotonproduct / hour,1.052972602771233,1.0539726027712328,inf,0.0,-2.2737367544323206e-13,-2.2737367544323206e-13
EAF,power,HR,0,kilotonproduct / hour,0.005093970042465755,0.006093970042465755,inf,0.0,-2.2737367544323206e-13,-2.2737367544323206e-13
EAF,power,HU,0,kilotonproduct / hour,0.13454794520547947,0.13554794520547947,inf,0.0,-2.2737367544323206e-13,-2.2737367544323206e-13
EAF,power,IE,0,kilotonproduct / hour,0.0,0.001,inf,0.0,1847.1646143795613,1847.1646143795613
EAF,power,IT,0,kilotonproduct / hour,1.642754835924658,1.6437548359246579,inf,0.0,-2.2737367544323206e-13,-2.2737367544323206e-13
EAF,power,LT,0,kilotonproduct / hour,0.0,0.001,inf,0.0,1847.1646143795613,1847.1646143795613
EAF,power,LU,0,kilotonproduct / hour,0.15838508369863016,0.15938508369863016,inf,0.0,-2.2737367544323206e-13,-2.2737367544323206e-13
EAF,power,LV,0,kilotonproduct / hour,0.0,0.001,inf,0.0,1847.1646143795613,1847.1646143795613
EAF,power,NL,0,kilotonproduct / hour,0.4656438356164384,0.4666438356164384,inf,0.0,-2.2737367544323206e-13,-2.2737367544323206e-13
EAF,power,NO,0,kilotonproduct / hour,0.04356863013698631,0.04456863013698631,inf,0.0,-2.2737367544323206e-13,-2.2737367544323206e-13
EAF,power,PL,0,kilotonproduct / hour,0.6713972602739726,0.6723972602739726,inf,0.0,-2.2737367544323206e-13,-2.2737367544323206e-13
EAF,power,PT,0,kilotonproduct / hour,0.11543835616438354,0.11643835616438354,inf,0.0,-2.2737367544323206e-13,-2.2737367544323206e-13
EAF,power,RO,0,kilotonproduct / hour,0.24215068493150688,0.24315068493150688,inf,0.0,-2.2737367544323206e-13,-2.2737367544323206e-13
EAF,power,SE,0,kilotonproduct / hour,0.31769863014383565,0.31869863014383565,inf,0.0,-2.2737367544323206e-13,-2.2737367544323206e-13
EAF,power,SI,0,kilotonproduct / hour,0.04379452054794519,0.044794520547945194,inf,0.0,-2.2737367544323206e-13,-2.2737367544323206e-13
EAF,power,SK,0,kilotonproduct / hour,0.35036986301369866,0.35136986301369866,inf,0.0,-2.2737367544323206e-13,-2.2737367544323206e-13
EAF,power,UK,0,kilotonproduct / hour,0.49215068493150693,0.49315068493150693,inf,0.0,-2.2737367544323206e-13,-2.2737367544323206e-13
H2_DRI,power,AT,0,kilotonproduct / hour,0.0,0.001,inf,0.0,715.5243764077168,715.5243764077168
H2_DRI,power,BE,0,kilotonproduct / hour,0.0,0.001,inf,0.0,1558.3407433019033,1558.3407433019033
H2_DRI,power,BG,0,kilotonproduct / hour,0.0,0.001,inf,0.0,1233.2989571988542,1233.2989571988542
H2_DRI,power,CH,0,kilotonproduct / hour,0.0,0.001,inf,0.0,4156.120382354013,4156.120382354013
H2_DRI,power,CZ,0,kilotonproduct / hour,0.0,0.001,inf,0.0,477.8973031661485,477.8973031661485
H2_DRI,power,DE,0,kilotonproduct / hour,0.0,0.001,inf,0.0,929.502951527124,929.502951527124
H2_DRI,power,DK,0,kilotonproduct / hour,0.0,0.001,inf,0.0,4156.120382354013,4156.120382354013
H2_DRI,power,EE,0,kilotonproduct / hour,0.0,0.001,inf,0.0,4156.120382354013,4156.120382354013
H2_DRI,power,EL,0,kilotonproduct / hour,0.0,0.001,inf,0.0,1287.6517743980485,1287.6517743980485
H2_DRI,power,ES,0,kilotonproduct / hour,0.0,0.001,inf,0.0,279.3021995893441,279.3021995893441
H2_DRI,power,FI,0,kilotonproduct / hour,0.0,0.001,inf,0.0,1776.3714864214217,1776.3714864214217
H2_DRI,power,FR,0,kilotonproduct / hour,0.0,0.001,inf,0.0,498.4111268952888,498.4111268952888
H2_DRI,power,HR,0,kilotonproduct / hour,0.0,0.001,inf,0.0,1003.8878886121392,1003.8878886121392
H2_DRI,power,HU,0,kilotonproduct / hour,0.0,0.001,inf,0.0,1014.6217313165985,1014.6217313165985
H2_DRI,power,IE,0,kilotonproduct / hour,0.0,0.001,inf,0.0,4156.120382354013,4156.120382354013
H2_DRI,power,IT,0,kilotonproduct / hour,0.0,0.001,inf,0.0,501.67911501243816,501.67911501243816
H2_DRI,power,LT,0,kilotonproduct / hour,0.0,0.001,inf,0.0,4156.120382354013,4156.120382354013
H2_DRI,power,LU,0,kilotonproduct / hour,0.0,0.001,inf,0.0,1255.6120395902844,1255.6120395902844
H2_DRI,power,LV,0,kilotonproduct / hour,0.0,0.001,inf,0.0,4156.120382354013,4156.120382354013
H2_DRI,power,NL,0,kilotonproduct / hour,0.0,0.001,inf,0.0,1437.7155335838124,1437.7155335838124
H2_DRI,power,NO,0,kilotonproduct / hour,0.0,0.001,inf,0.0,2112.612062583613,2112.612062583613
H2_DRI,power,PL,0,kilotonproduct / hour,0.0,0.001,inf,0.0,1397.4060618443855,1397.4060618443855
H2_DRI,power,PT,0,kilotonproduct / hour,0.07376842791911285,0.07476842791911285,inf,0.0,0.0,0.0
H2_DRI,power,RO,0,kilotonproduct / hour,0.0,0.001,inf,0.0,1954.2203508661064,1954.2203508661064
H2_DRI,power,SE,0,kilotonproduct / hour,0.0,0.001,inf,0.0,1470.7559469043513,1470.7559469043513
H2_DRI,power,SI,0,kilotonproduct / hour,0.0,0.001,inf,0.0,655.8409514768332,655.8409514768332
H2_DRI,power,SK,0,kilotonproduct / hour,0.0,0.001,inf,0.0,978.075039887136,978.075039887136
H2_DRI,power,UK,0,kilotonproduct / hour,0.0,0.001,inf,0.0,1917.210029976201,1917.210029976201
HDT_BET,power,AT,0,megatkm / hour,0.0,0.001,inf,0.0,93.37228566000144,93.37228566000144
HDT_BET,power,BE,0,megatkm / hour,0.0,0.001,inf,0.0,62.40373276991872,62.40373276991872
HDT_BET,power,BG,0,megatkm / hour,0.0,0.001,inf,-1.0,14.393506942891122,14.393506942891122
HDT_BET,power,CH,0,megatkm / hour,0.0,0.001,inf,0.0,84.66386089737878,84.66386089737878
HDT_BET,power,CZ,0,megatkm / hour,8.927524413694666,8.928524413694666,inf,0.0,0.0,0.0
HDT_BET,power,DE,0,megatkm / hour,0.0,0.001,inf,0.0,75.35269811616885,75.35269811616885
HDT_BET,power,DK,0,megatkm / hour,3.4236487520567773,3.4246487520567768,inf,0.0,0.0,0.0
HDT_BET,power,EE,0,megatkm / hour,1.0942076006581696,1.0952076006581692,inf,0.0,0.0,0.0
HDT_BET,power,EL,0,megatkm / hour,0.0,0.001,inf,-1.0,8.038281619564117,8.038281619564117
HDT_BET,power,ES,0,megatkm / hour,0.0,0.001,inf,-1.0,2.1630121551474417,2.1630121551474417
HDT_BET,power,FI,0,megatkm / hour,6.575245603949012,6.576245603949013,inf,0.0,0.0,0.0
HDT_BET,power,FR,0,megatkm / hour,39.75836318220566,39.75936318220566,inf,0.0,0.0,0.0
HDT_BET,power,HR,0,megatkm / hour,0.0,0.001,inf,0.0,40.926140549409865,40.926140549409865
HDT_BET,power,HU,0,megatkm / hour,8.447933588406716,8.448933588406717,inf,0.0,0.0,0.0
HDT_BET,power,IE,0,megatkm / hour,2.8298696350336026,2.8308696350336024,inf,0.0,0.0,0.0
HDT_BET,power,IT,0,megatkm / hour,0.0,0.001,inf,0.0,71.33911883022432,71.33911883022432
HDT_BET,power,LT,0,megatkm / hour,12.124796582281089,12.125796582281088,inf,0.0,0.0,0.0
HDT_BET,power,LU,0,megatkm / hour,0.0,0.001,inf,-1.0,35.64262164235018,35.64262164235018
HDT_BET,power,LV,0,megatkm / hour,3.4236487520567795,3.4246487520567794,inf,0.0,0.0,0.0
HDT_BET,power,NL,0,megatkm / hour,15.59612065103195,15.597120651031949,inf,0.0,0.0,0.0
HDT_BET,power,NO,0,megatkm / hour,4.908096544614742,4.9090965446147425,inf,0.0,0.0,0.0
HDT_BET,power,PL,0,megatkm / hour,0.0,0.001,inf,0.0,43.962992585799185,43.962992585799185
HDT_BET,power,PT,0,megatkm / hour,7.077674087584006,7.078674087584005,inf,0.0,0.0,0.0
HDT_BET,power,RO,0,megatkm / hour,0.0,0.001,inf,-1.0,10.987477451559442,10.987477451559442
HDT_BET,power,SE,0,megatkm / hour,9.726842455841245,9.727842455841245,inf,0.0,0.0,0.0
HDT_BET,power,SI,0,megatkm / hour,0.0,0.001,inf,0.0,49.36302750936909,49.36302750936909
HDT_BET,power,SK,0,megatkm / hour,7.739966179648317,7.740966179648317,inf,0.0,0.0,0.0
HDT_BET,power,UK,0,megatkm / hour,36.72095462204865,36.72195462204865,inf,0.0,0.0,0.0
HDT_FCEV,power,AT,0,megatkm / hour,6.027141803619927,6.028141803619928,inf,0.0,0.0,0.0
HDT_FCEV,power,BE,0,megatkm / hour,7.94550510477177,7.94650510477177,inf,0.0,0.0,0.0
HDT_FCEV,power,BG,0,megatkm / hour,4.702557619491309,4.703557619491308,inf,0.0,0.0,0.0
HDT_FCEV,power,CH,0,megatkm / hour,2.8298696350336026,2.8308696350336024,inf,0.0,0.0,0.0
HDT_FCEV,power,CZ,0,megatkm / hour,0.0,0.001,inf,0.0,34.918632741174406,34.918632741174406
HDT_FCEV,power,DE,0,megatkm / hour,71.22865638443432,71.22965638443434,inf,0.0,0.0,0.0
HDT_FCEV,power,DK,0,megatkm / hour,0.0,0.001,inf,0.0,229.42783932450865,229.42783932450865
HDT_FCEV,power,EE,0,megatkm / hour,0.0,0.001,inf,0.0,241.64835392700394,241.64835392700394
HDT_FCEV,power,EL,0,megatkm / hour,6.43821965386674,6.439219653866741,inf,0.0,0.0,0.0
HDT_FCEV,power,ES,0,megatkm / hour,57.000795234224775,57.001795234224765,inf,0.0,0.0,0.0
HDT_FCEV,power,FI,0,megatkm / hour,0.0,0.001,inf,0.0,74.79281059130182,74.79281059130182
HDT_FCEV,power,FR,0,megatkm / hour,0.0,0.001,inf,0.0,172.77674286820434,172.77674286820434
HDT_FCEV,power,HR,0,megatkm / hour,2.8527072933806483,2.853707293380648,inf,0.0,0.0,0.0
HDT_FCEV,power,HU,0,megatkm / hour,0.0,0.001,inf,-1.0,14.863223402555946,14.863223402555946
HDT_FCEV,power,IE,0,megatkm / hour,0.0,0.001,inf,0.0,241.82827809480867,241.82827809480867
HDT_FCEV,power,IT,0,megatkm / hour,31.513968518922535,31.514968518922537,inf,0.0,0.0,0.0
HDT_FCEV,power,LT,0,megatkm / hour,0.0,0.001,inf,0.0,199.04785790310797,199.04785790310797
HDT_FCEV,power,LU,0,megatkm / hour,1.6879867176813537,1.6889867176813536,inf,0.0,0.0,0.0
HDT_FCEV,power,LV,0,megatkm / hour,0.0,0.001,inf,0.0,221.65622023491238,221.65622023491238
HDT_FCEV,power,NL,0,megatkm / hour,0.0,0.001,inf,0.0,60.858433257515514,60.858433257515514
HDT_FCEV,power,NO,0,megatkm / hour,0.0,0.001,inf,0.0,171.4917475964645,171.4917475964645
HDT_FCEV,power,PL,0,megatkm / hour,79.70142763118814,79.70242763118814,inf,0.0,0.0,0.0
HDT_FCEV,power,PT,0,megatkm / hour,0.0,0.001,inf,0.0,33.403961241908576,33.403961241908576
HDT_FCEV,power,RO,0,megatkm / hour,13.928971591697561,13.92997159169756,inf,0.0,0.0,0.0
HDT_FCEV,power,SE,0,megatkm / hour,0.0,0.001,inf,0.0,270.4440574626419,270.4440574626419
HDT_FCEV,power,SI,0,megatkm / hour,5.479038003290842,5.480038003290843,inf,0.0,0.0,0.0
HDT_FCEV,power,SK,0,megatkm / hour,0.0,0.001,inf,0.0,52.472744953491485,52.472744953491485
HDT_FCEV,power,UK,0,megatkm / hour,0.0,0.001,inf,0.0,210.226349943452,210.226349943452
HDT_diesel,power,AT,0,megatkm / hour,0.0,0.001,inf,0.0,230.7076297338436,230.7076297338436
HDT_diesel,power,BE,0,megatkm / hour,0.0,0.001,inf,0.0,230.7076297338436,230.7076297338436
HDT_diesel,power,BG,0,megatkm / hour,0.0,0.001,inf,0.0,230.7076297338436,230.7076297338436
HDT_diesel,power,CH,0,megatkm / hour,0.0,0.001,inf,0.0,230.7076297338436,230.7076297338436
HDT_diesel,power,CZ,0,megatkm / hour,0.0,0.001,inf,0.0,230.7076297338436,230.7076297338436
HDT_diesel,power,DE,0,megatkm / hour,0.0,0.001,inf,0.0,230.7076297338436,230.7076297338436
HDT_diesel,power,DK,0,megatkm / hour,0.0,0.001,inf,0.0,230.7076297338436,230.7076297338436
HDT_diesel,power,EE,0,megatkm / hour,0.0,0.001,inf,0.0,230.7076297338436,230.7076297338436
HDT_diesel,power,EL,0,megatkm / hour,0.0,0.001,inf,0.0,230.7076297338436,230.7076297338436
HDT_diesel,power,ES,0,megatkm / hour,0.0,0.001,inf,0.0,230.7076297338436,230.7076297338436
HDT_diesel,power,FI,0,megatkm / hour,0.0,0.001,inf,0.0,230.7076297338436,230.7076297338436
HDT_diesel,power,FR,0,megatkm / hour,0.0,0.001,inf,0.0,230.7076297338436,230.7076297338436
HDT_diesel,power,HR,0,megatkm / hour,0.0,0.001,inf,0.0,230.7076297338436,230.7076297338436
HDT_diesel,power,HU,0,megatkm / hour,0.0,0.001,inf,0.0,230.7076297338436,230.7076297338436
HDT_diesel,power,IE,0,megatkm / hour,0.0,0.001,inf,0.0,230.7076297338436,230.7076297338436
HDT_diesel,power,IT,0,megatkm / hour,0.0,0.001,inf,0.0,230.7076297338436,230.7076297338436
HDT_diesel,power,LT,0,megatkm / hour,0.0,0.001,inf,0.0,230.7076297338436,230.7076297338436
HDT_diesel,power,LU,0,megatkm / hour,0.0,0.001,inf,0.0,230.7076297338436,230.7076297338436
HDT_diesel,power,LV,0,megatkm / hour,0.0,0.001,inf,0.0,230.7076297338436,230.7076297338436
HDT_diesel,power,NL,0,megatkm / hour,0.0,0.001,inf,0.0,230.7076297338436,230.7076297338436
HDT_diesel,power,NO,0,megatkm / hour,0.0,0.001,inf,0.0,230.7076297338436,230.7076297338436
HDT_diesel,power,PL,0,megatkm / hour,0.0,0.001,inf,0.0,230.7076297338436,230.7076297338436
HDT_diesel,power,PT,0,megatkm / hour,0.0,0.001,inf,0.0,230.7076297338436,230.7076297338436
HDT_diesel,power,RO,0,megatkm / hour,0.0,0.001,inf,0.0,230.7076297338436,230.7076297338436
HDT_diesel,power,SE,0,megatkm / hour,0.0,0.001,inf,0.0,230.7076297338436,230.7076297338436
HDT_diesel,power,SI,0,megatkm / hour,0.0,0.001,inf,0.0,230.7076297338436,230.7076297338436
HDT_diesel,power,SK,0,megatkm / hour,0.0,0.001,inf,0.0,230.7076297338436,230.7076297338436
HDT_diesel,power,UK,0,megatkm / hour,0.0,0.001,inf,0.0,230.7076297338436,230.7076297338436
ICE_diesel,power,AT,0,megapkm / hour,0.0,0.001,inf,0.0,1695.4332974813497,1695.4332974813497
ICE_diesel,power,BE,0,megapkm / hour,0.0,0.001,inf,0.0,1685.7866797425813,1685.7866797425813
ICE_diesel,power,BG,0,megapkm / hour,0.0,0.001,inf,0.0,1884.4474955251953,1884.4474955251953
ICE_diesel,power,CH,0,megapkm / hour,0.0,0.001,inf,0.0,1747.9204040381437,1747.9204040381437
ICE_diesel,power,CZ,0,megapkm / hour,0.0,0.001,inf,0.0,1835.202745039699,1835.202745039699
ICE_diesel,power,DE,0,megapkm / hour,0.0,0.001,inf,0.0,1665.140686034064,1665.140686034064
ICE_diesel,power,DK,0,megapkm / hour,0.0,0.001,inf,0.0,2199.003891109385,2199.003891109385
ICE_diesel,power,EE,0,megapkm / hour,0.0,0.001,inf,0.0,2119.073758619722,2119.073758619722
ICE_diesel,power,EL,0,megapkm / hour,0.0,0.001,inf,0.0,1918.1122508359413,1918.1122508359413
ICE_diesel,power,ES,0,megapkm / hour,0.0,0.001,inf,0.0,2115.2610172290606,2115.2610172290606
ICE_diesel,power,FI,0,megapkm / hour,0.0,0.001,inf,0.0,1766.1794150537507,1766.1794150537507
ICE_diesel,power,FR,0,megapkm / hour,0.0,0.001,inf,0.0,2186.6912261249045,2186.6912261249045
ICE_diesel,power,HR,0,megapkm / hour,0.0,0.001,inf,0.0,1819.401357215078,1819.401357215078
ICE_diesel,power,HU,0,megapkm / hour,0.0,0.001,inf,0.0,1839.5499079850779,1839.5499079850779
ICE_diesel,power,IE,0,megapkm / hour,0.0,0.001,inf,0.0,2187.1503174900445,2187.1503174900445
ICE_diesel,power,IT,0,megapkm / hour,0.0,0.001,inf,0.0,1910.9722384629804,1910.9722384629804
ICE_diesel,power,LT,0,megapkm / hour,0.0,0.001,inf,0.0,2106.524731756296,2106.524731756296
ICE_diesel,power,LU,0,megapkm / hour,0.0,0.001,inf,0.0,1683.0954406307737,1683.0954406307737
ICE_diesel,power,LV,0,megapkm / hour,0.0,0.001,inf,0.0,2144.7033352896433,2144.7033352896433
ICE_diesel,power,NL,0,megapkm / hour,0.0,0.001,inf,0.0,1780.09159990248,1780.09159990248
ICE_diesel,power,NO,0,megapkm / hour,0.0,0.001,inf,0.0,2120.1535964801005,2120.1535964801005
ICE_diesel,power,PL,0,megapkm / hour,0.0,0.001,inf,0.0,1643.0838607616597,1643.0838607616597
ICE_diesel,power,PT,0,megapkm / hour,0.0,0.001,inf,0.0,2080.3047805641218,2080.3047805641218
ICE_diesel,power,RO,0,megapkm / hour,0.0,0.001,inf,0.0,1780.0133506347047,1780.0133506347047
ICE_diesel,power,SE,0,megapkm / hour,0.0,0.001,inf,0.0,2356.9544615533905,2356.9544615533905
ICE_diesel,power,SI,0,megapkm / hour,0.0,0.001,inf,0.0,1840.5027759571385,1840.5027759571385
ICE_diesel,power,SK,0,megapkm / hour,0.0,0.001,inf,0.0,1836.4891411867811,1836.4891411867811
ICE_diesel,power,UK,0,megapkm / hour,0.0,0.001,inf,0.0,2136.225017913581,2136.225017913581
ICE_petrol,power,AT,0,megapkm / hour,0.0,0.001,inf,0.0,1167.0806381046477,1167.0806381046477
ICE_petrol,power,BE,0,megapkm / hour,0.0,0.001,inf,0.0,1154.7054179187153,1154.7054179187153
ICE_petrol,power,BG,0,megapkm / hour,0.0,0.001,inf,0.0,1333.575326133444,1333.575326133444
ICE_petrol,power,CH,0,megapkm / hour,0.0,0.001,inf,0.0,1208.5670570013426,1208.5670570013426
ICE_petrol,power,CZ,0,megapkm / hour,0.0,0.001,inf,0.0,1293.1680900632118,1293.1680900632118
ICE_petrol,power,DE,0,megapkm / hour,0.0,0.001,inf,0.0,1131.2914273426613,1131.2914273426613
ICE_petrol,power,DK,0,megapkm / hour,0.0,0.001,inf,0.0,1659.306512100056,1659.306512100056
ICE_petrol,power,EE,0,megapkm / hour,0.0,0.001,inf,0.0,1606.9618473887617,1606.9618473887617
ICE_petrol,power,EL,0,megapkm / hour,0.0,0.001,inf,0.0,1393.7621104805467,1393.7621104805467
ICE_petrol,power,ES,0,megapkm / hour,0.0,0.001,inf,0.0,1587.2616109269234,1587.2616109269234
ICE_petrol,power,FI,0,megapkm / hour,0.0,0.001,inf,0.0,1236.6382542903657,1236.6382542903657
ICE_petrol,power,FR,0,megapkm / hour,0.0,0.001,inf,0.0,1654.1880856739035,1654.1880856739035
ICE_petrol,power,HR,0,megapkm / hour,0.0,0.001,inf,0.0,1285.222381688206,1285.222381688206
ICE_petrol,power,HU,0,megapkm / hour,0.0,0.001,inf,0.0,1291.1280549817875,1291.1280549817875
ICE_petrol,power,IE,0,megapkm / hour,0.0,0.001,inf,0.0,1663.7431984727132,1663.7431984727132
ICE_petrol,power,IT,0,megapkm / hour,0.0,0.001,inf,0.0,1376.7398198203582,1376.7398198203582
ICE_petrol,power,LT,0,megapkm / hour,0.0,0.001,inf,0.0,1559.4677170930509,1559.4677170930509
ICE_petrol,power,LU,0,megapkm / hour,0.0,0.001,inf,0.0,1160.0529172231318,1160.0529172231318
ICE_petrol,power,LV,0,megapkm / hour,0.0,0.001,inf,0.0,1607.3185799697585,1607.3185799697585
ICE_petrol,power,NL,0,megapkm / hour,0.0,0.001,inf,0.0,1259.1216719263457,1259.1216719263457
ICE_petrol,power,NO,0,megapkm / hour,0.0,0.001,inf,0.0,1569.8973072313174,1569.8973072313174
ICE_petrol,power,PL,0,megapkm / hour,0.0,0.001,inf,0.0,1108.7705601907574,1108.7705601907574
ICE_petrol,power,PT,0,megapkm / hour,0.0,0.001,inf,0.0,1555.0468088711823,1555.0468088711823
ICE_petrol,power,RO,0,megapkm / hour,0.0,0.001,inf,0.0,1246.6887777638158,1246.6887777638158
ICE_petrol,power,SE,0,megapkm / hour,0.0,0.001,inf,0.0,1816.7254496910346,1816.7254496910346
ICE_petrol,power,SI,0,megapkm / hour,0.0,0.001,inf,0.0,1302.5814265259914,1302.5814265259914
ICE_petrol,power,SK,0,megapkm / hour,0.0,0.001,inf,0.0,1295.7373684669637,1295.7373684669637
ICE_petrol,power,UK,0,megapkm / hour,0.0,0.001,inf,0.0,1600.0238705979646,1600.0238705979646
NG_DRI,power,AT,0,kilotonproduct / hour,0.31238356163926945,0.31338356163926945,inf,0.0,0.0,0.0
NG_DRI,power,BE,0,kilotonproduct / hour,0.3628401826347032,0.3638401826347032,inf,0.0,0.0,0.0
NG_DRI,power,BG,0,kilotonproduct / hour,0.028410958904109586,0.029410958904109587,inf,0.0,0.0,0.0
NG_DRI,power,CH,0,kilotonproduct / hour,0.0,0.001,inf,0.0,4156.120382354013,4156.120382354013
NG_DRI,power,CZ,0,kilotonproduct / hour,0.22352511415525114,0.22452511415525114,inf,0.0,0.0,0.0
NG_DRI,power,DE,0,kilotonproduct / hour,1.9402758827283109,1.9412758827283108,inf,0.0,0.0,0.0
NG_DRI,power,DK,0,kilotonproduct / hour,0.0,0.001,inf,0.0,4156.120382354013,4156.120382354013
NG_DRI,power,EE,0,kilotonproduct / hour,0.0,0.001,inf,0.0,4156.120382354013,4156.120382354013
NG_DRI,power,EL,0,kilotonproduct / hour,0.06498630136986303,0.06598630136986303,inf,0.0,0.0,0.0
NG_DRI,power,ES,0,kilotonproduct / hour,0.6519269406529681,0.6529269406529681,inf,0.0,0.0,0.0
NG_DRI,power,FI,0,kilotonproduct / hour,0.1783652968173516,0.1793652968173516,inf,0.0,0.0,0.0
NG_DRI,power,FR,0,kilotonproduct / hour,0.7006484018474886,0.7016484018474886,inf,0.0,0.0,0.0
NG_DRI,power,HR,0,kilotonproduct / hour,0.002062646694977169,0.003062646694977169,inf,0.0,0.0,0.0
NG_DRI,power,HU,0,kilotonproduct / hour,0.08836529680365297,0.08936529680365297,inf,0.0,0.0,0.0
NG_DRI,power,IE,0,kilotonproduct / hour,0.0,0.001,inf,0.0,4156.120382354013,4156.120382354013
NG_DRI,power,IT,0,kilotonproduct / hour,1.0938365572831052,1.0948365572831051,inf,0.0,0.0,0.0
NG_DRI,power,LT,0,kilotonproduct / hour,0.0,0.001,inf,0.0,4156.120382354013,4156.120382354013
NG_DRI,power,LU,0,kilotonproduct / hour,0.10425672246575342,0.10525672246575342,inf,0.0,0.0,0.0
NG_DRI,power,LV,0,kilotonproduct / hour,0.0,0.001,inf,0.0,4156.120382354013,4156.120382354013
NG_DRI,power,NL,0,kilotonproduct / hour,0.3090958904109589,0.3100958904109589,inf,0.0,0.0,0.0
NG_DRI,power,NO,0,kilotonproduct / hour,0.0277124200913242,0.0287124200913242,inf,0.0,0.0,0.0
NG_DRI,power,PL,0,kilotonproduct / hour,0.4462648401826484,0.4472648401826484,inf,0.0,0.0,0.0
NG_DRI,power,PT,0,kilotonproduct / hour,0.0018571428571428571,0.002857142857142857,inf,0.0,0.0,0.0
NG_DRI,power,RO,0,kilotonproduct / hour,0.16010045662100456,0.16110045662100456,inf,0.0,0.0,0.0
NG_DRI,power,SE,0,kilotonproduct / hour,0.21046575342922375,0.21146575342922375,inf,0.0,0.0,0.0
NG_DRI,power,SI,0,kilotonproduct / hour,0.027863013698630135,0.028863013698630136,inf,0.0,0.0,0.0
NG_DRI,power,SK,0,kilotonproduct / hour,0.2322465753424658,0.2332465753424658,inf,0.0,0.0,0.0
NG_DRI,power,UK,0,kilotonproduct / hour,0.32676712328767127,0.32776712328767127,inf,0.0,0.0,0.0
SMR,power,AT,0,gigawatt,0.003236266642463689,0.004236266642463689,inf,0.0,0.0,0.0
SMR,power,BE,0,gigawatt,0.003236266642463689,0.004236266642463689,inf,0.0,0.0,0.0
SMR,power,BG,0,gigawatt,0.003236266642463689,0.004236266642463689,inf,0.0,0.0,0.0
SMR,power,CH,0,gigawatt,0.003236266642463689,0.004236266642463689,inf,0.0,0.0,0.0
SMR,power,CZ,0,gigawatt,0.003236266642463689,0.004236266642463689,inf,0.0,0.0,0.0
SMR,power,DE,0,gigawatt,0.003236266642463689,0.004236266642463689,inf,0.0,0.0,0.0
SMR,power,DK,0,gigawatt,0.003236266642463689,0.004236266642463689,inf,0.0,0.0,0.0
SMR,power,EE,0,gigawatt,0.003236266642463689,0.004236266642463689,inf,0.0,0.0,0.0
SMR,power,EL,0,gigawatt,0.003236266642463689,0.004236266642463689,inf,0.0,0.0,0.0
SMR,power,ES,0,gigawatt,0.003236266642463689,0.004236266642463689,inf,0.0,0.0,0.0
SMR,power,FI,0,gigawatt,0.003236266642463689,0.004236266642463689,inf,0.0,0.0,0.0
SMR,power,FR,0,gigawatt,0.003236266642463689,0.004236266642463689,inf,0.0,0.0,0.0
SMR,power,HR,0,gigawatt,0.003236266642463693,0.004236266642463693,inf,0.0,0.0,0.0
SMR,power,HU,0,gigawatt,0.003236266642463689,0.004236266642463689,inf,0.0,0.0,0.0
SMR,power,IE,0,gigawatt,0.003236266642463689,0.004236266642463689,inf,0.0,0.0,0.0
SMR,power,IT,0,gigawatt,0.003236266642463689,0.004236266642463689,inf,0.0,0.0,0.0
SMR,power,LT,0,gigawatt,0.003236266642463689,0.004236266642463689,inf,0.0,0.0,0.0
SMR,power,LU,0,gigawatt,0.003236266642463689,0.004236266642463689,inf,0.0,0.0,0.0
SMR,power,LV,0,gigawatt,0.003236266642463689,0.004236266642463689,inf,0.0,0.0,0.0
SMR,power,NL,0,gigawatt,0.003236266642463689,0.004236266642463689,inf,0.0,0.0,0.0
SMR,power,NO,0,gigawatt,5.3984296664505145,5.399429666450515,inf,0.0,0.0,0.0
SMR,power,PL,0,gigawatt,0.003236266642463689,0.004236266642463689,inf,0.0,0.0,0.0
SMR,power,PT,0,gigawatt,0.0027351796975360492,0.0037351796975360493,inf,0.0,0.0,0.0
SMR,power,RO,0,gigawatt,1.6849827458228321,1.685982745822832,inf,0.0,0.0,0.0
SMR,power,SE,0,gigawatt,0.003236266642463689,0.004236266642463689,inf,0.0,0.0,0.0
SMR,power,SI,0,gigawatt,0.003236266642463689,0.004236266642463689,inf,0.0,0.0,0.0
SMR,power,SK,0,gigawatt,0.003236266642463689,0.004236266642463689,inf,0.0,0.0,0.0
SMR,power,UK,0,gigawatt,1.5960991109444616,1.5970991109444614,inf,0.0,0.0,0.0
ammonia_ICE_ship,power,AT,0,gigawatt,0.0,0.001,inf,0.0,199.83367023995544,199.83367023995544
ammonia_ICE_ship,power,BE,0,gigawatt,0.0,0.001,inf,0.0,285.134649316009,285.134649316009
ammonia_ICE_ship,power,BG,0,gigawatt,0.0,0.001,inf,0.0,388.70616617445614,388.70616617445614
ammonia_ICE_ship,power,CH,0,gigawatt,0.0,0.001,inf,0.0,204.7390240035544,204.7390240035544
ammonia_ICE_ship,power,CZ,0,gigawatt,0.0,0.001,inf,0.0,518.7257807301694,518.7257807301694
ammonia_ICE_ship,power,DE,0,gigawatt,0.0,0.001,inf,0.0,230.21633485438747,230.21633485438747
ammonia_ICE_ship,power,DK,0,gigawatt,0.0,0.001,inf,0.0,983.0246114975773,983.0246114975773
ammonia_ICE_ship,power,EE,0,gigawatt,0.0,0.001,inf,0.0,1014.7785005177034,1014.7785005177034
ammonia_ICE_ship,power,EL,0,gigawatt,0.0,0.001,inf,0.0,393.1537383397981,393.1537383397981
ammonia_ICE_ship,power,ES,0,gigawatt,0.0,0.001,inf,0.0,566.012140412305,566.012140412305
ammonia_ICE_ship,power,FI,0,gigawatt,0.0,0.001,inf,0.0,680.1152814326252,680.1152814326252
ammonia_ICE_ship,power,FR,0,gigawatt,0.0,0.001,inf,0.0,893.8784107231697,893.8784107231697
ammonia_ICE_ship,power,HR,0,gigawatt,0.0,0.001,inf,0.0,390.18884076253505,390.18884076253505
ammonia_ICE_ship,power,HU,0,gigawatt,0.0,0.001,inf,0.0,492.73336859284086,492.73336859284086
ammonia_ICE_ship,power,IE,0,gigawatt,0.0,0.001,inf,0.0,1013.1218005950327,1013.1218005950327
ammonia_ICE_ship,power,IT,0,gigawatt,0.0,0.001,inf,0.0,317.1658215631027,317.1658215631027
ammonia_ICE_ship,power,LT,0,gigawatt,0.0,0.001,inf,0.0,926.4309453899986,926.4309453899986
ammonia_ICE_ship,power,LU,0,gigawatt,0.0,0.001,inf,0.0,1015.0561777258367,1015.0561777258367
ammonia_ICE_ship,power,LV,0,gigawatt,0.0,0.001,inf,0.0,970.6177626439375,970.6177626439375
ammonia_ICE_ship,power,NL,0,gigawatt,0.0,0.001,inf,0.0,628.8989750219586,628.8989750219586
ammonia_ICE_ship,power,NO,0,gigawatt,0.0,0.001,inf,0.0,859.2351673529812,859.2351673529812
ammonia_ICE_ship,power,PL,0,gigawatt,0.0,0.001,inf,0.0,295.4028694598791,295.4028694598791
ammonia_ICE_ship,power,PT,0,gigawatt,0.0,0.001,inf,0.0,653.4401183809624,653.4401183809624
ammonia_ICE_ship,power,RO,0,gigawatt,0.0,0.001,inf,0.0,449.39876739744216,449.39876739744216
ammonia_ICE_ship,power,SE,0,gigawatt,0.0,0.001,inf,0.0,1015.0561777258367,1015.0561777258367
ammonia_ICE_ship,power,SI,0,gigawatt,0.0,0.001,inf,0.0,372.1551220971876,372.1551220971876
ammonia_ICE_ship,power,SK,0,gigawatt,0.0,0.001,inf,0.0,1015.0561777258367,1015.0561777258367
ammonia_ICE_ship,power,UK,0,gigawatt,0.0,0.001,inf,0.0,932.254436409122,932.254436409122
anaerobic_digestion,power,AT,0,gigawatt,0.15589445871385077,0.15689445871385077,inf,0.0,-1.1368683772161603e-13,-1.1368683772161603e-13
anaerobic_digestion,power,BE,0,gigawatt,1.0130675577118216,1.0140675577118214,inf,0.0,-1.1368683772161603e-13,-1.1368683772161603e-13
anaerobic_digestion,power,BG,0,gigawatt,0.09788531202435308,0.09888531202435308,inf,0.0,-1.1368683772161603e-13,-1.1368683772161603e-13
anaerobic_digestion,power,CH,0,gigawatt,0.11560880739472347,0.11660880739472347,inf,0.0,-1.1368683772161603e-13,-1.1368683772161603e-13
anaerobic_digestion,power,CZ,0,gigawatt,0.7458914890918316,0.7468914890918316,inf,0.0,-1.1368683772161603e-13,-1.1368683772161603e-13
anaerobic_digestion,power,DE,0,gigawatt,2.0369221366057846,2.0379221366057845,inf,0.0,-1.1368683772161603e-13,-1.1368683772161603e-13
anaerobic_digestion,power,DK,0,gigawatt,0.760188070776256,0.761188070776256,inf,0.0,-1.1368683772161603e-13,-1.1368683772161603e-13
anaerobic_digestion,power,EE,0,gigawatt,0.14415700944951798,0.14515700944951798,inf,0.0,-1.1368683772161603e-13,-1.1368683772161603e-13
anaerobic_digestion,power,EL,0,gigawatt,0.14500220541603248,0.14600220541603248,inf,0.0,-1.1368683772161603e-13,-1.1368683772161603e-13
anaerobic_digestion,power,ES,0,gigawatt,1.9478248921867083,1.9488248921867082,inf,0.0,-1.1368683772161603e-13,-1.1368683772161603e-13
anaerobic_digestion,power,FI,0,gigawatt,0.1397843385337392,0.1407843385337392,inf,0.0,-1.1368683772161603e-13,-1.1368683772161603e-13
anaerobic_digestion,power,FR,0,gigawatt,4.505772796169455,4.5067727961694555,inf,0.0,-1.1368683772161603e-13,-1.1368683772161603e-13
anaerobic_digestion,power,HR,0,gigawatt,0.05663569571283608,0.05763569571283608,inf,0.0,-1.1368683772161603e-13,-1.1368683772161603e-13
anaerobic_digestion,power,HU,0,gigawatt,1.1165775193429732,1.1175775193429731,inf,0.0,-1.1368683772161603e-13,-1.1368683772161603e-13
anaerobic_digestion,power,IE,0,gigawatt,0.31909979071537303,0.32009979071537303,inf,0.0,-1.1368683772161603e-13,-1.1368683772161603e-13
anaerobic_digestion,power,IT,0,gigawatt,2.0212899701927958,2.0222899701927957,inf,0.0,-1.1368683772161603e-13,-1.1368683772161603e-13
anaerobic_digestion,power,LT,0,gigawatt,0.29358693080923387,0.29458693080923387,inf,0.0,-1.1368683772161603e-13,-1.1368683772161603e-13
anaerobic_digestion,power,LU,0,gigawatt,0.02554449010654485,0.02654449010654485,inf,0.0,-1.1368683772161603e-13,-1.1368683772161603e-13
anaerobic_digestion,power,LV,0,gigawatt,0.14685093860984266,0.14785093860984266,inf,0.0,-1.1368683772161603e-13,-1.1368683772161603e-13
anaerobic_digestion,power,NL,0,gigawatt,0.8599748763318111,0.8609748763318111,inf,0.0,-1.1368683772161603e-13,-1.1368683772161603e-13
anaerobic_digestion,power,NO,0,gigawatt,0.10303838787417553,0.10403838787417553,inf,0.0,-1.1368683772161603e-13,-1.1368683772161603e-13
anaerobic_digestion,power,PL,0,gigawatt,1.6685805999492642,1.669580599949264,inf,0.0,-1.1368683772161603e-13,-1.1368683772161603e-13
anaerobic_digestion,power,PT,0,gigawatt,0.4257136003297819,0.4267136003297819,inf,0.0,-1.1368683772161603e-13,-1.1368683772161603e-13
anaerobic_digestion,power,RO,0,gigawatt,0.367841447869102,0.368841447869102,inf,0.0,-1.1368683772161603e-13,-1.1368683772161603e-13
anaerobic_digestion,power,SE,0,gigawatt,0.3468049419710806,0.3478049419710806,inf,0.0,-1.1368683772161603e-13,-1.1368683772161603e-13
anaerobic_digestion,power,SI,0,gigawatt,0.026594823376458646,0.027594823376458646,inf,0.0,-1.1368683772161603e-13,-1.1368683772161603e-13
anaerobic_digestion,power,SK,0,gigawatt,0.21538725900558092,0.21638725900558092,inf,0.0,-1.1368683772161603e-13,-1.1368683772161603e-13
anaerobic_digestion,power,UK,0,gigawatt,2.824875461377474,2.825875461377474,inf,0.0,-1.1368683772161603e-13,-1.1368683772161603e-13
biomass_boiler,power,AT,0,gigawatt,0.0,0.001,inf,0.0,713.4272841614952,713.4272841614952
biomass_boiler,power,BE,0,gigawatt,0.0,0.001,inf,0.0,713.4272841614952,713.4272841614952
biomass_boiler,power,BG,0,gigawatt,0.0,0.001,inf,0.0,713.4272841614952,713.4272841614952
biomass_boiler,power,CH,0,gigawatt,0.0,0.001,inf,0.0,713.4272841614952,713.4272841614952
biomass_boiler,power,CZ,0,gigawatt,0.0,0.001,inf,0.0,713.4272841614952,713.4272841614952
biomass_boiler,power,DE,0,gigawatt,0.0,0.001,inf,0.0,713.4272841614952,713.4272841614952
biomass_boiler,power,DK,0,gigawatt,0.0,0.001,inf,0.0,713.4272841614952,713.4272841614952
biomass_boiler,power,EE,0,gigawatt,0.0,0.001,inf,0.0,713.4272841614952,713.4272841614952
biomass_boiler,power,EL,0,gigawatt,0.0,0.001,inf,0.0,713.4272841614952,713.4272841614952
biomass_boiler,power,ES,0,gigawatt,0.0,0.001,inf,0.0,702.3120449216445,702.3120449216445
biomass_boiler,power,FI,0,gigawatt,0.0,0.001,inf,0.0,713.4272841614952,713.4272841614952
biomass_boiler,power,FR,0,gigawatt,0.0,0.001,inf,0.0,656.2785048159429,656.2785048159429
biomass_boiler,power,HR,0,gigawatt,0.0,0.001,inf,0.0,713.4272841614952,713.4272841614952
biomass_boiler,power,HU,0,gigawatt,0.0,0.001,inf,0.0,596.8682710317846,596.8682710317846
biomass_boiler,power,IE,0,gigawatt,0.0,0.001,inf,0.0,713.4272841614952,713.4272841614952
biomass_boiler,power,IT,0,gigawatt,0.0,0.001,inf,0.0,713.4272841614952,713.4272841614952
biomass_boiler,power,LT,0,gigawatt,0.0,0.001,inf,0.0,713.4272841614952,713.4272841614952
biomass_boiler,power,LU,0,gigawatt,0.0,0.001,inf,0.0,713.4272841614952,713.4272841614952
biomass_boiler,power,LV,0,gigawatt,0.0,0.001,inf,0.0,713.4272841614952,713.4272841614952
biomass_boiler,power,NL,0,gigawatt,0.0,0.001,inf,0.0,569.5804744503292,569.5804744503292
biomass_boiler,power,NO,0,gigawatt,0.0,0.001,inf,0.0,713.4272841614952,713.4272841614952
biomass_boiler,power,PL,0,gigawatt,0.0,0.001,inf,0.0,713.4272841614952,713.4272841614952
biomass_boiler,power,PT,0,gigawatt,0.0,0.001,inf,0.0,713.4272841614952,713.4272841614952
biomass_boiler,power,RO,0,gigawatt,0.0,0.001,inf,0.0,713.4272841614952,713.4272841614952
biomass_boiler,power,SE,0,gigawatt,0.0,0.001,inf,0.0,713.4272841614952,713.4272841614952
biomass_boiler,power,SI,0,gigawatt,0.0,0.001,inf,0.0,713.4272841614952,713.4272841614952
biomass_boiler,power,SK,0,gigawatt,0.0,0.001,inf,0.0,713.4272841614952,713.4272841614952
biomass_boiler,power,UK,0,gigawatt,0.0,0.001,inf,0.0,713.4272841614952,713.4272841614952
biomass_boiler_DH,power,AT,0,gigawatt,0.0,0.001,inf,0.0,713.3544097254695,713.3544097254695
biomass_boiler_DH,power,BE,0,gigawatt,0.0,0.001,inf,0.0,713.3544097254695,713.3544097254695
biomass_boiler_DH,power,BG,0,gigawatt,0.0,0.001,inf,0.0,713.3544097254695,713.3544097254695
biomass_boiler_DH,power,CH,0,gigawatt,0.0,0.001,inf,0.0,713.3544097254695,713.3544097254695
biomass_boiler_DH,power,CZ,0,gigawatt,0.0,0.001,inf,0.0,713.3544097254695,713.3544097254695
biomass_boiler_DH,power,DE,0,gigawatt,0.0,0.001,inf,0.0,713.3544097254695,713.3544097254695
biomass_boiler_DH,power,DK,0,gigawatt,0.0,0.001,inf,0.0,713.3544097254695,713.3544097254695
biomass_boiler_DH,power,EE,0,gigawatt,0.0,0.001,inf,0.0,713.3544097254695,713.3544097254695
biomass_boiler_DH,power,EL,0,gigawatt,0.0,0.001,inf,0.0,713.3544097254695,713.3544097254695
biomass_boiler_DH,power,ES,0,gigawatt,0.0,0.001,inf,0.0,713.3544097254695,713.3544097254695
biomass_boiler_DH,power,FI,0,gigawatt,0.0,0.001,inf,0.0,713.3544097254695,713.3544097254695
biomass_boiler_DH,power,FR,0,gigawatt,0.0,0.001,inf,0.0,653.1196924284999,653.1196924284999
biomass_boiler_DH,power,HR,0,gigawatt,0.0,0.001,inf,0.0,713.3544097254695,713.3544097254695
biomass_boiler_DH,power,HU,0,gigawatt,0.0,0.001,inf,0.0,713.3544097254695,713.3544097254695
biomass_boiler_DH,power,IE,0,gigawatt,0.0,0.001,inf,0.0,713.3544097254695,713.3544097254695
biomass_boiler_DH,power,IT,0,gigawatt,0.0,0.001,inf,0.0,713.3544097254695,713.3544097254695
biomass_boiler_DH,power,LT,0,gigawatt,0.0,0.001,inf,0.0,713.3544097254695,713.3544097254695
biomass_boiler_DH,power,LU,0,gigawatt,0.0,0.001,inf,0.0,713.3544097254695,713.3544097254695
biomass_boiler_DH,power,LV,0,gigawatt,0.0,0.001,inf,0.0,713.3544097254695,713.3544097254695
biomass_boiler_DH,power,NL,0,gigawatt,0.0,0.001,inf,0.0,713.3544097254695,713.3544097254695
biomass_boiler_DH,power,NO,0,gigawatt,0.0,0.001,inf,0.0,713.3544097254695,713.3544097254695
biomass_boiler_DH,power,PL,0,gigawatt,0.0,0.001,inf,0.0,713.3544097254695,713.3544097254695
biomass_boiler_DH,power,PT,0,gigawatt,0.0,0.001,inf,0.0,713.3544097254695,713.3544097254695
biomass_boiler_DH,power,RO,0,gigawatt,0.0,0.001,inf,0.0,713.3544097254695,713.3544097254695
biomass_boiler_DH,power,SE,0,gigawatt,0.0,0.001,inf,0.0,713.3544097254695,713.3544097254695
biomass_boiler_DH,power,SI,0,gigawatt,0.0,0.001,inf,0.0,713.3544097254695,713.3544097254695
biomass_boiler_DH,power,SK,0,gigawatt,0.0,0.001,inf,0.0,713.3544097254695,713.3544097254695
biomass_boiler_DH,power,UK,0,gigawatt,0.0,0.001,inf,0.0,713.3544097254695,713.3544097254695
biomass_plant,power,AT,0,gigawatt,1.0103167388286132,1.011316738828613,inf,0.0,0.0,0.0
biomass_plant,power,BE,0,gigawatt,1.172903342631272,1.173903342631272,inf,0.0,0.0,0.0
biomass_plant,power,BG,0,gigawatt,0.5404015610060137,0.5414015610060137,inf,0.0,0.0,0.0
biomass_plant,power,CH,0,gigawatt,0.8482680195048319,0.8492680195048319,inf,0.0,0.0,0.0
biomass_plant,power,CZ,0,gigawatt,0.9884646182103743,0.9894646182103743,inf,0.0,0.0,0.0
biomass_plant,power,DE,0,gigawatt,5.711487030850939,5.735887030850939,inf,0.0,0.0,0.0
biomass_plant,power,DK,0,gigawatt,0.8088437248031568,0.8098437248031568,inf,0.0,0.0,0.0
biomass_plant,power,EE,0,gigawatt,0.17449637004843746,0.19589637004843746,inf,0.0,0.0,0.0
biomass_plant,power,EL,0,gigawatt,0.4834710669080607,0.4844710669080607,inf,0.0,0.0,0.0
biomass_plant,power,ES,0,gigawatt,2.275702063300411,2.471202063300411,inf,0.0,0.0,0.0
biomass_plant,power,FI,0,gigawatt,1.2177280095919036,1.4097280095919034,inf,0.0,0.0,0.0
biomass_plant,power,FR,0,gigawatt,6.68505848572478,6.73664848572478,inf,0.0,0.0,0.0
biomass_plant,power,HR,0,gigawatt,0.18256785634331793,0.19556785634331791,inf,0.0,0.0,0.0
biomass_plant,power,HU,0,gigawatt,1.0518427331542564,1.052842733154256,inf,0.0,0.0,0.0
biomass_plant,power,IE,0,gigawatt,0.1742229694244854,0.17522296942448537,inf,0.0,0.0,0.0
biomass_plant,power,IT,0,gigawatt,1.9798074940536183,2.008307494053618,inf,0.0,0.0,0.0
biomass_plant,power,LT,0,gigawatt,0.4603051134661879,0.46130511346618785,inf,0.0,0.0,0.0
biomass_plant,power,LU,0,gigawatt,0.01909047853529273,0.020090478535292732,inf,0.0,0.0,0.0
biomass_plant,power,LV,0,gigawatt,0.4764028677587621,0.47740286775876206,inf,0.0,0.0,0.0
biomass_plant,power,NL,0,gigawatt,1.0505735249293753,1.0905735249293753,inf,0.0,0.0,0.0
biomass_plant,power,NO,0,gigawatt,1.475631600920515,1.476631600920515,inf,0.0,0.0,0.0
biomass_plant,power,PL,0,gigawatt,2.11137430060055,2.1123743006005498,inf,0.0,0.0,0.0
biomass_plant,power,PT,0,gigawatt,0.48222727775531593,0.5167272777553159,inf,0.0,0.0,0.0
biomass_plant,power,RO,0,gigawatt,1.7961157773062406,1.7971157773062403,inf,0.0,0.0,0.0
biomass_plant,power,SE,0,gigawatt,2.8893017888486563,2.8903017888486557,inf,0.0,0.0,0.0
biomass_plant,power,SI,0,gigawatt,0.11730103607983974,0.11830103607983973,inf,0.0,0.0,0.0
biomass_plant,power,SK,0,gigawatt,0.40701022006252774,0.4080102200625277,inf,0.0,0.0,0.0
biomass_plant,power,UK,0,gigawatt,0.19862880724059417,1.646928807240594,inf,0.0,0.0,0.0
biomass_to_cement_fuel,power,AT,0,gigawatt,0.0,0.001,inf,0.0,1427.6432432432432,1427.6432432432432
biomass_to_cement_fuel,power,BE,0,gigawatt,0.0,0.001,inf,0.0,1427.6432432432432,1427.6432432432432
biomass_to_cement_fuel,power,BG,0,gigawatt,0.0,0.001,inf,0.0,1427.6432432432432,1427.6432432432432
biomass_to_cement_fuel,power,CH,0,gigawatt,0.0,0.001,inf,0.0,1427.6432432432432,1427.6432432432432
biomass_to_cement_fuel,power,CZ,0,gigawatt,0.0,0.001,inf,0.0,1265.1629916649665,1265.1629916649665
biomass_to_cement_fuel,power,DE,0,gigawatt,0.0,0.001,inf,0.0,1427.6432432432432,1427.6432432432432
biomass_to_cement_fuel,power,DK,0,gigawatt,0.0,0.001,inf,0.0,1311.9951868554936,1311.9951868554936
biomass_to_cement_fuel,power,EE,0,gigawatt,0.0,0.001,inf,0.0,1380.208052109941,1380.208052109941
biomass_to_cement_fuel,power,EL,0,gigawatt,0.0,0.001,inf,0.0,1427.6432432432432,1427.6432432432432
biomass_to_cement_fuel,power,ES,0,gigawatt,0.0,0.001,inf,0.0,1287.0070924135623,1287.0070924135623
biomass_to_cement_fuel,power,FI,0,gigawatt,0.0,0.001,inf,0.0,1427.6432432432432,1427.6432432432432
biomass_to_cement_fuel,power,FR,0,gigawatt,0.0,0.001,inf,0.0,1181.8605810922165,1181.8605810922165
biomass_to_cement_fuel,power,HR,0,gigawatt,0.0,0.001,inf,0.0,1427.6432432432432,1427.6432432432432
biomass_to_cement_fuel,power,HU,0,gigawatt,0.0,0.001,inf,0.0,1427.6432432432432,1427.6432432432432
biomass_to_cement_fuel,power,IE,0,gigawatt,0.0,0.001,inf,0.0,1427.6432432432432,1427.6432432432432
biomass_to_cement_fuel,power,IT,0,gigawatt,0.0,0.001,inf,0.0,1427.6432432432432,1427.6432432432432
biomass_to_cement_fuel,power,LT,0,gigawatt,0.0,0.001,inf,0.0,1181.7603473937343,1181.7603473937343
biomass_to_cement_fuel,power,LU,0,gigawatt,0.0,0.001,inf,0.0,1427.6432432432432,1427.6432432432432
biomass_to_cement_fuel,power,LV,0,gigawatt,0.0,0.001,inf,0.0,1195.0624482857816,1195.0624482857816
biomass_to_cement_fuel,power,NL,0,gigawatt,0.0,0.001,inf,0.0,1427.6432432432432,1427.6432432432432
biomass_to_cement_fuel,power,NO,0,gigawatt,0.0,0.001,inf,0.0,1427.6432432432432,1427.6432432432432
biomass_to_cement_fuel,power,PL,0,gigawatt,0.0,0.001,inf,0.0,1427.6432432432432,1427.6432432432432
biomass_to_cement_fuel,power,PT,0,gigawatt,0.0,0.001,inf,0.0,1061.512577719382,1061.512577719382
biomass_to_cement_fuel,power,RO,0,gigawatt,0.0,0.001,inf,0.0,1427.6432432432432,1427.6432432432432
biomass_to_cement_fuel,power,SE,0,gigawatt,0.0,0.001,inf,0.0,1427.6432432432432,1427.6432432432432
biomass_to_cement_fuel,power,SI,0,gigawatt,0.0,0.001,inf,0.0,1427.6432432432432,1427.6432432432432
biomass_to_cement_fuel,power,SK,0,gigawatt,0.0,0.001,inf,0.0,1291.5140511240284,1291.5140511240284
biomass_to_cement_fuel,power,UK,0,gigawatt,0.0,0.001,inf,0.0,1427.6432432432432,1427.6432432432432
biomethane_conversion,power,AT,0,gigawatt,0.1544039613560692,0.1554039613560692,inf,0.0,0.0,0.0
biomethane_conversion,power,BE,0,gigawatt,1.0034339159135592,1.0044339159135591,inf,0.0,0.0,0.0
biomethane_conversion,power,BG,0,gigawatt,0.09694590156012173,0.09794590156012173,inf,0.0,0.0,0.0
biomethane_conversion,power,CH,0,gigawatt,0.1145010237244736,0.1155010237244736,inf,0.0,0.0,0.0
biomethane_conversion,power,CZ,0,gigawatt,0.7387960199454592,0.7397960199454592,inf,0.0,0.0,0.0
biomethane_conversion,power,DE,0,gigawatt,2.01756187630803,2.0185618763080297,inf,0.0,0.0,0.0
biomethane_conversion,power,DK,0,gigawatt,0.7529567841038817,0.7539567841038817,inf,0.0,0.0,0.0
biomethane_conversion,power,EE,0,gigawatt,0.14277801785974756,0.14377801785974756,inf,0.0,0.0,0.0
biomethane_conversion,power,EL,0,gigawatt,0.1436151844645802,0.1446151844645802,inf,0.0,0.0,0.0
biomethane_conversion,power,ES,0,gigawatt,1.9293110557109348,1.9303110557109346,inf,0.0,0.0,0.0
biomethane_conversion,power,FI,0,gigawatt,0.1384468873176687,0.1394468873176687,inf,0.0,0.0,0.0
biomethane_conversion,power,FR,0,gigawatt,4.462958454605846,4.463958454605846,inf,0.0,0.0,0.0
biomethane_conversion,power,HR,0,gigawatt,0.05608815660356414,0.057088156603564144,inf,0.0,0.0,0.0
biomethane_conversion,power,HU,0,gigawatt,1.105960532909215,1.106960532909215,inf,0.0,0.0,0.0
biomethane_conversion,power,IE,0,gigawatt,0.316058842703577,0.317058842703577,inf,0.0,0.0,0.0
biomethane_conversion,power,IT,0,gigawatt,2.002078215475964,2.003078215475964,inf,0.0,0.0,0.0
biomethane_conversion,power,LT,0,gigawatt,0.29078835496654615,0.29178835496654615,inf,0.0,0.0,0.0
biomethane_conversion,power,LU,0,gigawatt,0.025292317450532675,0.026292317450532676,inf,0.0,0.0,0.0
biomethane_conversion,power,LV,0,gigawatt,0.14544635469304917,0.14644635469304917,inf,0.0,0.0,0.0
biomethane_conversion,power,NL,0,gigawatt,0.851795615006659,0.852795615006659,inf,0.0,0.0,0.0
biomethane_conversion,power,NO,0,gigawatt,0.10205002318937087,0.10305002318937087,inf,0.0,0.0,0.0
biomethane_conversion,power,PL,0,gigawatt,1.6527195842497462,1.653719584249746,inf,0.0,0.0,0.0
biomethane_conversion,power,PT,0,gigawatt,0.42165982112664896,0.42265982112664896,inf,0.0,0.0,0.0
biomethane_conversion,power,RO,0,gigawatt,0.36433745411434554,0.36533745411434554,inf,0.0,0.0,0.0
biomethane_conversion,power,SE,0,gigawatt,0.3435007950223553,0.3445007950223553,inf,0.0,0.0,0.0
biomethane_conversion,power,SI,0,gigawatt,0.026332672554382288,0.02733267255438229,inf,0.0,0.0,0.0
biomethane_conversion,power,SK,0,gigawatt,0.21333158004502792,0.21433158004502792,inf,0.0,0.0,0.0
biomethane_conversion,power,UK,0,gigawatt,2.798029644494388,2.799029644494388,inf,0.0,0.0,0.0
carbon_storage,power,AT,0,kilotCO2eq / hour,0.0,0.0,0.0,0.0,-4423.324731440623,-4423.324731440623
carbon_storage,power,BE,0,kilotCO2eq / hour,0.0,0.0,0.0,0.0,-2745.9557705509637,-2745.9557705509637
carbon_storage,power,BG,0,kilotCO2eq / hour,0.0,0.0,0.0,0.0,-4020.6000323221197,-4020.6000323221197
carbon_storage,power,CH,0,kilotCO2eq / hour,0.0,0.0,0.0,0.0,-4310.552723736339,-4310.552723736339
carbon_storage,power,CZ,0,kilotCO2eq / hour,0.0,0.0,0.0,0.0,-3961.800310818967,-3961.800310818967
carbon_storage,power,DE,0,kilotCO2eq / hour,2.1419493395111813,2.142949339511181,2.142949339511181,0.0,0.0,0.0
carbon_storage,power,DK,0,kilotCO2eq / hour,0.8261859492044535,1.0544964514875586,1.0544964514875586,0.0,0.0,0.0
carbon_storage,power,EE,0,kilotCO2eq / hour,0.0,0.0,0.0,0.0,-2449.4186175558525,-2449.4186175558525
carbon_storage,power,EL,0,kilotCO2eq / hour,0.0,0.0083333333333332,0.0,0.0,-4927.458318320041,-4927.458318320041
carbon_storage,power,ES,0,kilotCO2eq / hour,0.0,0.0,0.0,0.0,-5127.6713717039665,-5127.6713717039665
carbon_storage,power,FI,0,kilotCO2eq / hour,0.0,0.0,0.0,0.0,-914.6559681566451,-914.6559681566451
carbon_storage,power,FR,0,kilotCO2eq / hour,0.0,0.0,0.0,0.0,-3303.388977377458,-3303.388977377458
carbon_storage,power,HR,0,kilotCO2eq / hour,0.0,0.0,0.0,0.0,-5023.793312276516,-5023.793312276516
carbon_storage,power,HU,0,kilotCO2eq / hour,0.0,0.0,0.0,0.0,-4299.103024825328,-4299.103024825328
carbon_storage,power,IE,0,kilotCO2eq / hour,0.0,0.0,0.0,0.0,-2160.1240882549173,-2160.1240882549173
carbon_storage,power,IT,0,kilotCO2eq / hour,2.0322102771660537,2.0350641584445923,2.0350641584445923,0.0,0.0,0.0
carbon_storage,power,LT,0,kilotCO2eq / hour,0.0,0.0,0.0,0.0,-2525.5319624795966,-2525.5319624795966
carbon_storage,power,LU,0,kilotCO2eq / hour,0.0,0.0,0.0,0.0,-3045.626143011237,-3045.626143011237
carbon_storage,power,LV,0,kilotCO2eq / hour,0.0,0.0,0.0,0.0,-2905.2596772231964,-2905.2596772231964
carbon_storage,power,NL,0,kilotCO2eq / hour,7.301391500456266,7.586779628310148,7.586779628310148,0.0,0.0,0.0
carbon_storage,power,NO,0,kilotCO2eq / hour,18.835368508252888,19.006601384965215,70.72214717433602,0.0,0.0,0.0
carbon_storage,power,PL,0,kilotCO2eq / hour,2.0130435829117332,2.014043582911733,2.014043582911733,0.0,0.0,0.0
carbon_storage,power,PT,0,kilotCO2eq / hour,0.0,0.0,0.0,0.0,-5935.107963656269,-5935.107963656269
carbon_storage,power,RO,0,kilotCO2eq / hour,4.755745332312151,4.756745332312152,4.756745332312152,0.0,0.0,0.0
carbon_storage,power,SE,0,kilotCO2eq / hour,0.0,0.0,0.0,0.0,-542.2483706369206,-542.2483706369206
carbon_storage,power,SI,0,kilotCO2eq / hour,0.0,0.0,0.0,0.0,-4825.882992967066,-4825.882992967066
carbon_storage,power,SK,0,kilotCO2eq / hour,0.0,0.0,0.0,0.0,-3942.9350772380612,-3942.9350772380612
carbon_storage,power,UK,0,kilotCO2eq / hour,21.84417561034247,22.825910770159823,22.825910770159823,0.0,0.0,0.0
cement_kiln,power,AT,0,kilotonproduct / hour,0.3357076000742009,0.3367076000742009,inf,0.0,0.0,0.0
cement_kiln,power,BE,0,kilotonproduct / hour,0.4415370337100457,0.4425370337100457,inf,0.0,0.0,0.0
cement_kiln,power,BG,0,kilotonproduct / hour,0.19555256432990864,0.19655256432990864,inf,0.0,0.0,0.0
cement_kiln,power,CH,0,kilotonproduct / hour,0.3330182648401826,0.3340182648401826,inf,0.0,0.0,0.0
cement_kiln,power,CZ,0,kilotonproduct / hour,0.34014804235502283,0.34114804235502283,inf,0.0,0.0,0.0
cement_kiln,power,DE,0,kilotonproduct / hour,2.5139483846267123,2.514948384626712,inf,0.0,0.0,0.0
cement_kiln,power,DK,0,kilotonproduct / hour,0.2735623339155252,0.2745623339155252,inf,0.0,0.0,0.0
cement_kiln,power,EE,0,kilotonproduct / hour,0.061585317386986305,0.0625853173869863,inf,0.0,0.0,0.0
cement_kiln,power,EL,0,kilotonproduct / hour,0.7170501594303654,0.7180501594303654,inf,0.0,0.0,0.0
cement_kiln,power,ES,0,kilotonproduct / hour,1.853253163687215,1.8542531636872148,inf,0.0,0.0,0.0
cement_kiln,power,FI,0,kilotonproduct / hour,0.10917353303881278,0.11017353303881278,inf,0.0,0.0,0.0
cement_kiln,power,FR,0,kilotonproduct / hour,1.2647015711259133,1.2657015711259132,inf,0.0,0.0,0.0
cement_kiln,power,HR,0,kilotonproduct / hour,0.2421364118550228,0.2431364118550228,inf,0.0,0.0,0.0
cement_kiln,power,HU,0,kilotonproduct / hour,0.16369677051940637,0.16469677051940637,inf,0.0,0.0,0.0
cement_kiln,power,IE,0,kilotonproduct / hour,0.3535178717579908,0.3545178717579908,inf,0.0,0.0,0.0
cement_kiln,power,IT,0,kilotonproduct / hour,1.4916717498926944,1.4926717498926942,inf,0.0,0.0,0.0
cement_kiln,power,LT,0,kilotonproduct / hour,0.1025084415981735,0.1035084415981735,inf,0.0,0.0,0.0
cement_kiln,power,LU,0,kilotonproduct / hour,0.0750712499086758,0.0760712499086758,inf,0.0,0.0,0.0
cement_kiln,power,LV,0,kilotonproduct / hour,0.08556327102739725,0.08656327102739725,inf,0.0,0.0,0.0
cement_kiln,power,NL,0,kilotonproduct / hour,0.0,0.001,inf,0.0,0.001,0.001
cement_kiln,power,NO,0,kilotonproduct / hour,0.14123744292237445,0.14223744292237445,inf,0.0,0.0,0.0
cement_kiln,power,PL,0,kilotonproduct / hour,1.2974260901643837,1.2984260901643836,inf,0.0,0.0,0.0
cement_kiln,power,PT,0,kilotonproduct / hour,0.5122842721920091,0.5132842721920091,inf,0.0,0.0,0.0
cement_kiln,power,RO,0,kilotonproduct / hour,0.6750166488002283,0.6760166488002283,inf,0.0,0.0,0.0
cement_kiln,power,SE,0,kilotonproduct / hour,0.25870178893949763,0.25970178893949764,inf,0.0,0.0,0.0
cement_kiln,power,SI,0,kilotonproduct / hour,0.0784201206538242,0.0794201206538242,inf,0.0,0.0,0.0
cement_kiln,power,SK,0,kilotonproduct / hour,0.26627380245776255,0.26727380245776255,inf,0.0,0.0,0.0
cement_kiln,power,UK,0,kilotonproduct / hour,0.7188173515981735,0.7198173515981735,inf,0.0,0.0,0.0
coal_to_cement_fuel,power,AT,0,gigawatt,0.0,0.001,inf,0.0,847.0190665180398,847.0190665180398
coal_to_cement_fuel,power,BE,0,gigawatt,0.0,0.001,inf,0.0,839.272014876326,839.272014876326
coal_to_cement_fuel,power,BG,0,gigawatt,0.0,0.001,inf,0.0,851.5178540669554,851.5178540669554
coal_to_cement_fuel,power,CH,0,gigawatt,0.0,0.001,inf,0.0,817.4524705520129,817.4524705520129
coal_to_cement_fuel,power,CZ,0,gigawatt,0.0,0.001,inf,0.0,810.9705971232075,810.9705971232075
coal_to_cement_fuel,power,DE,0,gigawatt,0.0,0.001,inf,0.0,759.7058716594561,759.7058716594561
coal_to_cement_fuel,power,DK,0,gigawatt,0.0,0.001,inf,0.0,994.2543666740992,994.2543666740992
coal_to_cement_fuel,power,EE,0,gigawatt,0.0,0.001,inf,0.0,1042.0135526708737,1042.0135526708737
coal_to_cement_fuel,power,EL,0,gigawatt,0.0,0.001,inf,0.0,754.846614001827,754.846614001827
coal_to_cement_fuel,power,ES,0,gigawatt,0.0,0.001,inf,0.0,1338.3064578084527,1338.3064578084527
coal_to_cement_fuel,power,FI,0,gigawatt,0.0,0.001,inf,0.0,1255.8511392767737,1255.8511392767737
coal_to_cement_fuel,power,FR,0,gigawatt,0.0,0.001,inf,0.0,1018.2116450837664,1018.2116450837664
coal_to_cement_fuel,power,HR,0,gigawatt,0.0,0.001,inf,0.0,768.9735195807879,768.9735195807879
coal_to_cement_fuel,power,HU,0,gigawatt,0.0,0.001,inf,0.0,765.7003093529245,765.7003093529245
coal_to_cement_fuel,power,IE,0,gigawatt,0.0,0.001,inf,0.0,1194.406324022139,1194.406324022139
coal_to_cement_fuel,power,IT,0,gigawatt,0.0,0.001,inf,0.0,921.4487473024099,921.4487473024099
coal_to_cement_fuel,power,LT,0,gigawatt,0.0,0.001,inf,0.0,898.1852526357524,898.1852526357524
coal_to_cement_fuel,power,LU,0,gigawatt,0.0,0.001,inf,0.0,889.7097850795158,889.7097850795158
coal_to_cement_fuel,power,LV,0,gigawatt,0.0,0.001,inf,0.0,957.8806788035263,957.8806788035263
coal_to_cement_fuel,power,NL,0,gigawatt,0.0,0.001,inf,0.0,1363.7189189189187,1363.7189189189187
coal_to_cement_fuel,power,NO,0,gigawatt,0.0,0.001,inf,0.0,1327.107568008139,1327.107568008139
coal_to_cement_fuel,power,PL,0,gigawatt,0.0,0.001,inf,0.0,753.7995211897545,753.7995211897545
coal_to_cement_fuel,power,PT,0,gigawatt,0.0,0.001,inf,0.0,1339.3615535724275,1339.3615535724275
coal_to_cement_fuel,power,RO,0,gigawatt,0.0,0.001,inf,0.0,880.3612223559569,880.3612223559569
coal_to_cement_fuel,power,SE,0,gigawatt,0.0,0.001,inf,0.0,1246.6386112204882,1246.6386112204882
coal_to_cement_fuel,power,SI,0,gigawatt,0.0,0.001,inf,0.0,846.7993722396772,846.7993722396772
coal_to_cement_fuel,power,SK,0,gigawatt,0.0,0.001,inf,0.0,742.8159774566843,742.8159774566843
coal_to_cement_fuel,power,UK,0,gigawatt,0.0,0.001,inf,0.0,1056.5043915978895,1056.5043915978895
diesel_ICE_ship,power,AT,0,gigawatt,0.0,0.001,inf,0.0,636.7831868091527,636.7831868091527
diesel_ICE_ship,power,BE,0,gigawatt,0.0,0.001,inf,0.0,636.7831868091527,636.7831868091527
diesel_ICE_ship,power,BG,0,gigawatt,0.0,0.001,inf,0.0,636.7831868091527,636.7831868091527
diesel_ICE_ship,power,CH,0,gigawatt,0.0,0.001,inf,0.0,636.7831868091527,636.7831868091527
diesel_ICE_ship,power,CZ,0,gigawatt,0.0,0.001,inf,0.0,636.7831868091527,636.7831868091527
diesel_ICE_ship,power,DE,0,gigawatt,0.0,0.001,inf,0.0,633.8730636677192,633.8730636677192
diesel_ICE_ship,power,DK,0,gigawatt,0.0,0.001,inf,0.0,636.7831868091527,636.7831868091527
diesel_ICE_ship,power,EE,0,gigawatt,0.0,0.001,inf,0.0,636.7831868091527,636.7831868091527
diesel_ICE_ship,power,EL,0,gigawatt,0.0,0.001,inf,0.0,636.7831868091527,636.7831868091527
diesel_ICE_ship,power,ES,0,gigawatt,0.0,0.001,inf,0.0,636.7831868091527,636.7831868091527
diesel_ICE_ship,power,FI,0,gigawatt,0.0,0.001,inf,0.0,636.7831868091527,636.7831868091527
diesel_ICE_ship,power,FR,0,gigawatt,0.0,0.001,inf,0.0,636.7831868091527,636.7831868091527
diesel_ICE_ship,power,HR,0,gigawatt,0.0,0.001,inf,0.0,636.7831868091527,636.7831868091527
diesel_ICE_ship,power,HU,0,gigawatt,0.0,0.001,inf,0.0,636.7831868091527,636.7831868091527
diesel_ICE_ship,power,IE,0,gigawatt,0.0,0.001,inf,0.0,636.7831868091527,636.7831868091527
diesel_ICE_ship,power,IT,0,gigawatt,0.0,0.001,inf,0.0,636.7831868091527,636.7831868091527
diesel_ICE_ship,power,LT,0,gigawatt,0.0,0.001,inf,0.0,636.7831868091527,636.7831868091527
diesel_ICE_ship,power,LU,0,gigawatt,0.0,0.001,inf,0.0,636.7831868091527,636.7831868091527
diesel_ICE_ship,power,LV,0,gigawatt,0.0,0.001,inf,0.0,636.7831868091527,636.7831868091527
diesel_ICE_ship,power,NL,0,gigawatt,0.0,0.001,inf,0.0,636.7831868091527,636.7831868091527
diesel_ICE_ship,power,NO,0,gigawatt,0.0,0.001,inf,0.0,636.7831868091527,636.7831868091527
diesel_ICE_ship,power,PL,0,gigawatt,0.0,0.001,inf,0.0,636.7831868091527,636.7831868091527
diesel_ICE_ship,power,PT,0,gigawatt,0.0,0.001,inf,0.0,636.7831868091527,636.7831868091527
diesel_ICE_ship,power,RO,0,gigawatt,0.0,0.001,inf,0.0,636.7831868091527,636.7831868091527
diesel_ICE_ship,power,SE,0,gigawatt,0.0,0.001,inf,0.0,636.7831868091527,636.7831868091527
diesel_ICE_ship,power,SI,0,gigawatt,0.0,0.001,inf,0.0,636.7831868091527,636.7831868091527
diesel_ICE_ship,power,SK,0,gigawatt,0.0,0.001,inf,0.0,636.7831868091527,636.7831868091527
diesel_ICE_ship,power,UK,0,gigawatt,0.0,0.001,inf,0.0,636.7831868091527,636.7831868091527
district_heating_grid,power,AT,0,gigawatt,0.9536565508029651,1.9542564627183252,14.129510912187037,0.0,0.0,0.0
district_heating_grid,power,BE,0,gigawatt,2.3557088681216523,2.524955735808811,26.97802441938519,0.0,0.0,0.0
district_heating_grid,power,BG,0,gigawatt,0.9886050987229689,1.1321358078223782,5.655090438008565,0.0,0.0,0.0
district_heating_grid,power,CH,0,gigawatt,0.27693750887045887,1.6326637891450473,23.963733472149823,0.0,0.0,0.0
district_heating_grid,power,CZ,0,gigawatt,1.654623542270903,1.77091635159583,17.00496059493502,0.0,0.0,0.0
district_heating_grid,power,DE,0,gigawatt,10.77291474928349,13.684797511553429,157.4902989660823,0.0,0.0,0.0
district_heating_grid,power,DK,0,gigawatt,0.0,2.511163942434739,11.605957260672978,0.0,482.7102057996699,482.7102057996699
district_heating_grid,power,EE,0,gigawatt,0.04377614478853448,0.3486999849832693,2.665120739007696,0.0,0.0,0.0
district_heating_grid,power,EL,0,gigawatt,5.091789648627322,5.216691188582684,16.182984678908806,0.0,0.0,0.0
district_heating_grid,power,ES,0,gigawatt,9.904076854301444,9.905076854301443,29.766556187741656,0.0,0.0,0.0
district_heating_grid,power,FI,0,gigawatt,0.0,1.4896121576082657,10.435057736131489,0.0,482.7102057996699,482.7102057996699
district_heating_grid,power,FR,0,gigawatt,5.375774256495149,7.109002003474476,92.3191672420477,0.0,0.0,0.0
district_heating_grid,power,HR,0,gigawatt,1.0968503673545276,1.3164477641442225,4.751877716451852,0.0,0.0,0.0
district_heating_grid,power,HU,0,gigawatt,0.6153616001536473,1.147580181541679,14.998981402137234,0.0,0.0,0.0
district_heating_grid,power,IE,0,gigawatt,1.548018323894678,1.5490183238946778,5.357650475818874,0.0,0.0,0.0
district_heating_grid,power,IT,0,gigawatt,5.723658101947253,9.084889675515733,105.93126242024589,0.0,0.0,0.0
district_heating_grid,power,LT,0,gigawatt,0.0,0.4989530246290373,3.604548291938048,-1.0,33.51947338726063,33.51947338726063
district_heating_grid,power,LU,0,gigawatt,0.19796848869886194,0.39999191646200344,1.3134612514073156,0.0,0.0,0.0
district_heating_grid,power,LV,0,gigawatt,0.0,0.5160078477375389,2.9074728929176947,0.0,109.7732259668698,109.7732259668698
district_heating_grid,power,NL,0,gigawatt,0.07608462981525821,0.5118669656900158,37.30293289557058,0.0,0.0,0.0
district_heating_grid,power,NO,0,gigawatt,0.2641596901977464,0.7365887987950271,9.917690289705275,0.0,0.0,0.0
district_heating_grid,power,PL,0,gigawatt,2.7125781863167324,6.8586151364815064,43.20588906532885,0.0,0.0,0.0
district_heating_grid,power,PT,0,gigawatt,1.9195904707652058,1.934970903520244,1.934970903520244,0.0,0.0,0.0
district_heating_grid,power,RO,0,gigawatt,4.029066030114015,4.030066030114015,5.687420979249295,0.0,0.0,0.0
district_heating_grid,power,SE,0,gigawatt,0.23726369037589223,1.3212707038389635,14.883526267069094,0.0,0.0,0.0
district_heating_grid,power,SI,0,gigawatt,0.22842295420238526,0.4054752139935664,1.6811863978253827,0.0,0.0,0.0
district_heating_grid,power,SK,0,gigawatt,1.4236157458689565,1.5943430774869,3.9917644193229274,0.0,0.0,0.0
district_heating_grid,power,UK,0,gigawatt,2.6575858459020862,3.238348151983031,97.69802657688356,0.0,0.0,0.0
electrode_boiler,power,AT,0,gigawatt,0.0,0.001,inf,0.0,97.43010272436749,97.43010272436749
electrode_boiler,power,BE,0,gigawatt,0.0,0.001,inf,0.0,197.3363618934783,197.3363618934783
electrode_boiler,power,BG,0,gigawatt,0.0,0.001,inf,0.0,213.48245401300593,213.48245401300593
electrode_boiler,power,CH,0,gigawatt,0.0,0.001,inf,0.0,91.63736269282816,91.63736269282816
electrode_boiler,power,CZ,0,gigawatt,0.0,0.001,inf,0.0,169.96325253216324,169.96325253216324
electrode_boiler,power,DE,0,gigawatt,0.0,0.001,inf,0.0,98.7308963242632,98.7308963242632
electrode_boiler,power,DK,0,gigawatt,0.0,0.001,inf,0.0,30.833094019432735,30.833094019432735
electrode_boiler,power,EE,0,gigawatt,0.01586196341450493,0.01686196341450493,inf,0.0,0.0,0.0
electrode_boiler,power,EL,0,gigawatt,0.0,0.001,inf,0.0,136.26907305713368,136.26907305713368
electrode_boiler,power,ES,0,gigawatt,0.029388751181525213,0.030388751181525214,inf,0.0,0.0,0.0
electrode_boiler,power,FI,0,gigawatt,0.14030152579506253,0.14130152579506253,inf,0.0,0.0,0.0
electrode_boiler,power,FR,0,gigawatt,0.0005389130902784592,0.0015389130902784592,inf,0.0,0.0,0.0
electrode_boiler,power,HR,0,gigawatt,0.0,0.001,inf,0.0,144.41195033065765,144.41195033065765
electrode_boiler,power,HU,0,gigawatt,0.13860408506433705,0.13960408506433708,inf,0.0,0.0,0.0
electrode_boiler,power,IE,0,gigawatt,0.09019195998634424,0.09119195998634425,inf,0.0,0.0,0.0
electrode_boiler,power,IT,0,gigawatt,0.0,0.001,inf,0.0,121.08628208872943,121.08628208872943
electrode_boiler,power,LT,0,gigawatt,0.0,0.001,inf,0.0,41.841038757625654,41.841038757625654
electrode_boiler,power,LU,0,gigawatt,0.0,0.001,inf,0.0,136.94542144353548,136.94542144353548
electrode_boiler,power,LV,0,gigawatt,0.0,0.001,inf,0.0,42.94818620915294,42.94818620915294
electrode_boiler,power,NL,0,gigawatt,0.3198920606090848,0.3208920606090848,inf,0.0,0.0,0.0
electrode_boiler,power,NO,0,gigawatt,0.003734575576542245,0.004734575576542245,inf,0.0,0.0,0.0
electrode_boiler,power,PL,0,gigawatt,0.0,0.001,inf,0.0,86.95326613934617,86.95326613934617
electrode_boiler,power,PT,0,gigawatt,0.02648669630511933,0.02748669630511933,inf,0.0,0.0,0.0
electrode_boiler,power,RO,0,gigawatt,0.0,0.001,inf,0.0,74.23190038341426,74.23190038341426
electrode_boiler,power,SE,0,gigawatt,0.0,0.001,inf,-1.0,14.720014835511279,14.720014835511279
electrode_boiler,power,SI,0,gigawatt,0.0,0.001,inf,0.0,119.52081636147972,119.52081636147972
electrode_boiler,power,SK,0,gigawatt,0.0,0.001,inf,0.0,174.07125261335034,174.07125261335034
electrode_boiler,power,UK,0,gigawatt,0.0,0.001,inf,0.0,64.75891682963947,64.75891682963947
electrode_boiler_DH,power,AT,0,gigawatt,0.0,0.001,inf,0.0,86.19221489189135,86.19221489189135
electrode_boiler_DH,power,BE,0,gigawatt,0.0,0.001,inf,0.0,178.0719727769032,178.0719727769032
electrode_boiler_DH,power,BG,0,gigawatt,0.0,0.001,inf,0.0,179.25243554270133,179.25243554270133
electrode_boiler_DH,power,CH,0,gigawatt,0.0,0.001,inf,0.0,58.1901995698658,58.1901995698658
electrode_boiler_DH,power,CZ,0,gigawatt,0.0,0.001,inf,0.0,158.63662335451835,158.63662335451835
electrode_boiler_DH,power,DE,0,gigawatt,0.0,0.001,inf,0.0,51.38601438143206,51.38601438143206
electrode_boiler_DH,power,DK,0,gigawatt,0.0,0.001,inf,0.0,94.83892781265007,94.83892781265007
electrode_boiler_DH,power,EE,0,gigawatt,0.0,0.001,inf,0.0,38.92789597055736,38.92789597055736
electrode_boiler_DH,power,EL,0,gigawatt,0.0,0.001,inf,0.0,74.36968545525946,74.36968545525946
electrode_boiler_DH,power,ES,0,gigawatt,0.0,0.001,inf,0.0,52.91895312317985,52.91895312317985
electrode_boiler_DH,power,FI,0,gigawatt,0.0,0.001,inf,0.0,30.51085464309699,30.51085464309699
electrode_boiler_DH,power,FR,0,gigawatt,0.0,0.001,inf,-1.0,19.373548586781908,19.373548586781908
electrode_boiler_DH,power,HR,0,gigawatt,0.0,0.001,inf,0.0,162.7882930043667,162.7882930043667
electrode_boiler_DH,power,HU,0,gigawatt,0.03255373837858705,0.03355373837858705,inf,0.0,0.0,0.0
electrode_boiler_DH,power,IE,0,gigawatt,0.005548399743141071,0.006548399743141072,inf,0.0,0.0,0.0
electrode_boiler_DH,power,IT,0,gigawatt,0.0,0.001,inf,0.0,175.65728718719623,175.65728718719623
electrode_boiler_DH,power,LT,0,gigawatt,0.0,0.001,inf,0.0,74.72347057257878,74.72347057257878
electrode_boiler_DH,power,LU,0,gigawatt,0.0,0.001,inf,0.0,136.5460613568901,136.5460613568901
electrode_boiler_DH,power,LV,0,gigawatt,0.0,0.001,inf,0.0,66.03468718744199,66.03468718744199
electrode_boiler_DH,power,NL,0,gigawatt,0.01620015279995937,0.01720015279995937,inf,0.0,0.0,0.0
electrode_boiler_DH,power,NO,0,gigawatt,0.0,0.001,inf,0.0,57.58460490765549,57.58460490765549
electrode_boiler_DH,power,PL,0,gigawatt,0.0,0.001,inf,0.0,82.09997081735656,82.09997081735656
electrode_boiler_DH,power,PT,0,gigawatt,0.009617103603889066,0.010617103603889065,inf,0.0,0.0,0.0
electrode_boiler_DH,power,RO,0,gigawatt,0.0,0.001,inf,0.0,48.749981711388216,48.749981711388216
electrode_boiler_DH,power,SE,0,gigawatt,0.001335915188409457,0.0023359151884094573,inf,0.0,0.0,0.0
electrode_boiler_DH,power,SI,0,gigawatt,0.0,0.001,inf,0.0,152.81983535161726,152.81983535161726
electrode_boiler_DH,power,SK,0,gigawatt,0.0,0.001,inf,0.0,170.44700287916592,170.44700287916592
electrode_boiler_DH,power,UK,0,gigawatt,0.0,0.001,inf,0.0,71.62935310393516,71.62935310393516
electrolysis,power,AT,0,gigawatt,8.635962297435166,8.636962297435165,inf,0.0,0.0,0.0
electrolysis,power,BE,0,gigawatt,5.53375847023337,5.5347584702333705,inf,0.0,0.0,0.0
electrolysis,power,BG,0,gigawatt,5.17100763356757,5.172007633567571,inf,0.0,0.0,0.0
electrolysis,power,CH,0,gigawatt,0.0,0.001,inf,0.0,15.111351024470764,15.111351024470764
electrolysis,power,CZ,0,gigawatt,0.7007629991918467,0.7017629991918467,inf,0.0,0.0,0.0
electrolysis,power,DE,0,gigawatt,3.650963442733239,3.651963442733239,inf,0.0,0.0,0.0
electrolysis,power,DK,0,gigawatt,2.0325485557220806,2.0335485557220805,inf,0.0,0.0,0.0
electrolysis,power,EE,0,gigawatt,0.9672557670352647,0.9682557670352647,inf,0.0,0.0,0.0
electrolysis,power,EL,0,gigawatt,11.911569490662208,11.912569490662207,inf,0.0,0.0,0.0
electrolysis,power,ES,0,gigawatt,64.27476900572951,64.27576900572952,inf,0.0,0.0,0.0
electrolysis,power,FI,0,gigawatt,0.0,0.001,inf,-1.0,80.60278234266559,80.60278234266559
electrolysis,power,FR,0,gigawatt,29.67402917444126,29.67502917444126,inf,0.0,0.0,0.0
electrolysis,power,HR,0,gigawatt,3.858272087998097,3.859272087998097,inf,0.0,0.0,0.0
electrolysis,power,HU,0,gigawatt,1.2501244615327487,1.2511244615327486,inf,0.0,0.0,0.0
electrolysis,power,IE,0,gigawatt,3.3087326511657023,3.309732651165702,inf,0.0,0.0,0.0
electrolysis,power,IT,0,gigawatt,106.69285544963886,106.69385544963886,inf,0.0,0.0,0.0
electrolysis,power,LT,0,gigawatt,0.24303966531653365,0.24403966531653365,inf,0.0,0.0,0.0
electrolysis,power,LU,0,gigawatt,0.0,0.001,inf,0.0,1.1379094318383522,1.1379094318383522
electrolysis,power,LV,0,gigawatt,0.4210878106927836,0.4220878106927836,inf,0.0,0.0,0.0
electrolysis,power,NL,0,gigawatt,4.1783739877000965,4.179373987700097,inf,0.0,0.0,0.0
electrolysis,power,NO,0,gigawatt,1.6305639456109766,1.6315639456109765,inf,0.0,0.0,0.0
electrolysis,power,PL,0,gigawatt,1.5818199232607626,1.5828199232607625,inf,0.0,0.0,0.0
electrolysis,power,PT,0,gigawatt,4.01588258558301,4.01688258558301,inf,0.0,0.0,0.0
electrolysis,power,RO,0,gigawatt,7.12394665029685,7.124946650296851,inf,0.0,0.0,0.0
electrolysis,power,SE,0,gigawatt,7.160200610521461,7.161200610521461,inf,0.0,0.0,0.0
electrolysis,power,SI,0,gigawatt,0.0,0.001,inf,0.0,1.5001344168617834,1.5001344168617834
electrolysis,power,SK,0,gigawatt,0.1387533806488456,0.1397533806488456,inf,0.0,0.0,0.0
electrolysis,power,UK,0,gigawatt,11.74731367435672,11.74831367435672,inf,0.0,0.0,0.0
fischer_tropsch,power,AT,0,gigawatt,0.0,0.001,inf,0.0,1317.8142170016968,1317.8142170016968
fischer_tropsch,power,BE,0,gigawatt,0.0,0.001,inf,0.0,1317.8142170016968,1317.8142170016968
fischer_tropsch,power,BG,0,gigawatt,0.0,0.001,inf,0.0,1317.8142170016968,1317.8142170016968
fischer_tropsch,power,CH,0,gigawatt,0.0,0.001,inf,0.0,1317.8142170016968,1317.8142170016968
fischer_tropsch,power,CZ,0,gigawatt,0.0,0.001,inf,0.0,1317.8142170016968,1317.8142170016968
fischer_tropsch,power,DE,0,gigawatt,0.0,0.001,inf,0.0,1317.8142170016968,1317.8142170016968
fischer_tropsch,power,DK,0,gigawatt,0.0,0.001,inf,0.0,1317.8142170016968,1317.8142170016968
fischer_tropsch,power,EE,0,gigawatt,0.0,0.001,inf,0.0,1317.8142170016968,1317.8142170016968
fischer_tropsch,power,EL,0,gigawatt,0.0,0.001,inf,0.0,1317.8142170016968,1317.8142170016968
fischer_tropsch,power,ES,0,gigawatt,0.0,0.001,inf,0.0,1317.8142170016968,1317.8142170016968
fischer_tropsch,power,FI,0,gigawatt,0.0,0.001,inf,0.0,1317.8142170016968,1317.8142170016968
fischer_tropsch,power,FR,0,gigawatt,0.0,0.001,inf,0.0,1317.8142170016968,1317.8142170016968
fischer_tropsch,power,HR,0,gigawatt,0.0,0.001,inf,0.0,1317.8142170016968,1317.8142170016968
fischer_tropsch,power,HU,0,gigawatt,0.0,0.001,inf,0.0,1317.8142170016968,1317.8142170016968
fischer_tropsch,power,IE,0,gigawatt,0.0,0.001,inf,0.0,1317.8142170016968,1317.8142170016968
fischer_tropsch,power,IT,0,gigawatt,0.0,0.001,inf,0.0,1317.8142170016968,1317.8142170016968
fischer_tropsch,power,LT,0,gigawatt,0.0,0.001,inf,0.0,1317.8142170016968,1317.8142170016968
fischer_tropsch,power,LU,0,gigawatt,0.0,0.001,inf,0.0,1317.8142170016968,1317.8142170016968
fischer_tropsch,power,LV,0,gigawatt,0.0,0.001,inf,0.0,1317.8142170016968,1317.8142170016968
fischer_tropsch,power,NL,0,gigawatt,0.0,0.001,inf,0.0,1317.8142170016968,1317.8142170016968
fischer_tropsch,power,NO,0,gigawatt,0.0,0.001,inf,0.0,1317.8142170016968,1317.8142170016968
fischer_tropsch,power,PL,0,gigawatt,0.0,0.001,inf,0.0,1317.8142170016968,1317.8142170016968
fischer_tropsch,power,PT,0,gigawatt,0.0,0.001,inf,0.0,1317.8142170016968,1317.8142170016968
fischer_tropsch,power,RO,0,gigawatt,0.0,0.001,inf,0.0,1317.8142170016968,1317.8142170016968
fischer_tropsch,power,SE,0,gigawatt,0.0,0.001,inf,0.0,1317.8142170016968,1317.8142170016968
fischer_tropsch,power,SI,0,gigawatt,0.0,0.001,inf,0.0,1317.8142170016968,1317.8142170016968
fischer_tropsch,power,SK,0,gigawatt,0.0,0.001,inf,0.0,1317.8142170016968,1317.8142170016968
fischer_tropsch,power,UK,0,gigawatt,0.0,0.001,inf,0.0,1317.8142170016968,1317.8142170016968
fuel_cell,power,AT,0,gigawatt,0.0,0.001,inf,0.0,1205.979845187292,1205.979845187292
fuel_cell,power,BE,0,gigawatt,0.0,0.001,inf,0.0,1575.0785802341575,1575.0785802341575
fuel_cell,power,BG,0,gigawatt,0.0,0.001,inf,0.0,1618.2258676987692,1618.2258676987692
fuel_cell,power,CH,0,gigawatt,0.0,0.001,inf,0.0,1113.1012064214374,1113.1012064214374
fuel_cell,power,CZ,0,gigawatt,0.0,0.001,inf,0.0,1708.7898216563879,1708.7898216563879
fuel_cell,power,DE,0,gigawatt,0.0,0.001,inf,0.0,1303.4238138018195,1303.4238138018195
fuel_cell,power,DK,0,gigawatt,0.0,0.001,inf,0.0,2027.8767755696238,2027.8767755696238
fuel_cell,power,EE,0,gigawatt,0.0,0.001,inf,0.0,2102.4984436369377,2102.4984436369377
fuel_cell,power,EL,0,gigawatt,0.0,0.001,inf,0.0,1076.588344036641,1076.588344036641
fuel_cell,power,ES,0,gigawatt,0.0,0.001,inf,0.0,540.153400657771,540.153400657771
fuel_cell,power,FI,0,gigawatt,0.0,0.001,inf,0.0,1368.492546497312,1368.492546497312
fuel_cell,power,FR,0,gigawatt,0.0,0.001,inf,0.0,2081.5559301895655,2081.5559301895655
fuel_cell,power,HR,0,gigawatt,0.0,0.001,inf,0.0,1595.737682691645,1595.737682691645
fuel_cell,power,HU,0,gigawatt,0.0,0.001,inf,0.0,1827.3067231273048,1827.3067231273048
fuel_cell,power,IE,0,gigawatt,0.0,0.001,inf,0.0,2193.2031321271925,2193.2031321271925
fuel_cell,power,IT,0,gigawatt,0.0,0.001,inf,0.0,982.5505876331166,982.5505876331166
fuel_cell,power,LT,0,gigawatt,0.0,0.001,inf,0.0,1925.3020599871284,1925.3020599871284
fuel_cell,power,LU,0,gigawatt,0.0,0.001,inf,0.0,1700.6426325351706,1700.6426325351706
fuel_cell,power,LV,0,gigawatt,0.0,0.001,inf,0.0,2092.499102970901,2092.499102970901
fuel_cell,power,NL,0,gigawatt,0.0,0.001,inf,0.0,1785.8392325092864,1785.8392325092864
fuel_cell,power,NO,0,gigawatt,0.0,0.001,inf,0.0,2052.3356414674313,2052.3356414674313
fuel_cell,power,PL,0,gigawatt,0.0,0.001,inf,0.0,1301.6569276589842,1301.6569276589842
fuel_cell,power,PT,0,gigawatt,0.0,0.001,inf,0.0,1013.1313861862893,1013.1313861862893
fuel_cell,power,RO,0,gigawatt,0.0,0.001,inf,0.0,1714.516336199816,1714.516336199816
fuel_cell,power,SE,0,gigawatt,0.0,0.001,inf,0.0,2376.3429133532236,2376.3429133532236
fuel_cell,power,SI,0,gigawatt,0.0,0.001,inf,0.0,1548.8945691171546,1548.8945691171546
fuel_cell,power,SK,0,gigawatt,0.0,0.001,inf,0.0,1829.1925268576845,1829.1925268576845
fuel_cell,power,UK,0,gigawatt,0.0,0.001,inf,0.0,1875.2330047913779,1875.2330047913779
gasification,power,AT,0,gigawatt,0.0,0.001,inf,0.0,1865.7320235094426,1865.7320235094426
gasification,power,BE,0,gigawatt,0.0,0.001,inf,0.0,1865.7320235094426,1865.7320235094426
gasification,power,BG,0,gigawatt,0.0,0.001,inf,0.0,1865.7320235094426,1865.7320235094426
gasification,power,CH,0,gigawatt,0.0,0.001,inf,0.0,1865.7320235094426,1865.7320235094426
gasification,power,CZ,0,gigawatt,0.0,0.001,inf,0.0,1865.7320235094426,1865.7320235094426
gasification,power,DE,0,gigawatt,0.0,0.001,inf,0.0,1865.7320235094426,1865.7320235094426
gasification,power,DK,0,gigawatt,0.0,0.001,inf,0.0,1865.7320235094426,1865.7320235094426
gasification,power,EE,0,gigawatt,0.0,0.001,inf,0.0,1865.7320235094426,1865.7320235094426
gasification,power,EL,0,gigawatt,0.0,0.001,inf,0.0,1865.7320235094426,1865.7320235094426
gasification,power,ES,0,gigawatt,0.0,0.001,inf,0.0,1865.7320235094426,1865.7320235094426
gasification,power,FI,0,gigawatt,0.0,0.001,inf,0.0,1865.7320235094426,1865.7320235094426
gasification,power,FR,0,gigawatt,0.0,0.001,inf,0.0,1865.7320235094426,1865.7320235094426
gasification,power,HR,0,gigawatt,0.0,0.001,inf,0.0,1865.7320235094426,1865.7320235094426
gasification,power,HU,0,gigawatt,0.0,0.001,inf,0.0,1865.7320235094426,1865.7320235094426
gasification,power,IE,0,gigawatt,0.0,0.001,inf,0.0,1865.7320235094426,1865.7320235094426
gasification,power,IT,0,gigawatt,0.0,0.001,inf,0.0,1865.7320235094426,1865.7320235094426
gasification,power,LT,0,gigawatt,0.0,0.001,inf,0.0,1865.7320235094426,1865.7320235094426
gasification,power,LU,0,gigawatt,0.0,0.001,inf,0.0,1865.7320235094426,1865.7320235094426
gasification,power,LV,0,gigawatt,0.0,0.001,inf,0.0,1865.7320235094426,1865.7320235094426
gasification,power,NL,0,gigawatt,0.0,0.001,inf,0.0,1865.7320235094426,1865.7320235094426
gasification,power,NO,0,gigawatt,0.0,0.001,inf,0.0,1865.7320235094426,1865.7320235094426
gasification,power,PL,0,gigawatt,0.0,0.001,inf,0.0,1865.7320235094426,1865.7320235094426
gasification,power,PT,0,gigawatt,0.0,0.001,inf,0.0,1865.7320235094426,1865.7320235094426
gasification,power,RO,0,gigawatt,0.0,0.001,inf,0.0,1865.7320235094426,1865.7320235094426
gasification,power,SE,0,gigawatt,0.0,0.001,inf,0.0,1865.7320235094426,1865.7320235094426
gasification,power,SI,0,gigawatt,0.0,0.001,inf,0.0,1865.7320235094426,1865.7320235094426
gasification,power,SK,0,gigawatt,0.0,0.001,inf,0.0,1865.7320235094426,1865.7320235094426
gasification,power,UK,0,gigawatt,0.0,0.001,inf,0.0,1865.7320235094426,1865.7320235094426
haber_bosch,power,AT,0,gigawatt,0.29974672994409646,0.30074672994409646,inf,0.0,0.0,0.0
haber_bosch,power,BE,0,gigawatt,0.8645652054722537,0.8655652054722537,inf,0.0,0.0,0.0
haber_bosch,power,BG,0,gigawatt,0.6913018086957846,0.6923018086957846,inf,0.0,0.0,0.0
haber_bosch,power,CH,0,gigawatt,4.5662100456637066e-06,0.0010045662100456637,inf,0.0,0.0,0.0
haber_bosch,power,CZ,0,gigawatt,0.21603495448683901,0.21703495448683902,inf,0.0,0.0,0.0
haber_bosch,power,DE,0,gigawatt,1.9802831254139854,1.9812831254139853,inf,0.0,0.0,0.0
haber_bosch,power,DK,0,gigawatt,4.566210045644408e-06,0.0010045662100456444,inf,0.0,0.0,0.0
haber_bosch,power,EE,0,gigawatt,0.1233219128513818,0.1243219128513818,inf,0.0,0.0,0.0
haber_bosch,power,EL,0,gigawatt,0.10171887402370258,0.10271887402370258,inf,0.0,0.0,0.0
haber_bosch,power,ES,0,gigawatt,0.8284382943514316,0.8294382943514316,inf,0.0,0.0,0.0
haber_bosch,power,FI,0,gigawatt,0.21494462672381223,0.21594462672381223,inf,0.0,0.0,0.0
haber_bosch,power,FR,0,gigawatt,0.9244346027111575,0.9254346027111575,inf,0.0,0.0,0.0
haber_bosch,power,HR,0,gigawatt,0.4146559828712224,0.4156559828712224,inf,0.0,0.0,0.0
haber_bosch,power,HU,0,gigawatt,0.37533666292876433,0.37633666292876433,inf,0.0,0.0,0.0
haber_bosch,power,IE,0,gigawatt,4.566210045644408e-06,0.0010045662100456444,inf,0.0,0.0,0.0
haber_bosch,power,IT,0,gigawatt,0.37085673275187436,0.37185673275187436,inf,0.0,0.0,0.0
haber_bosch,power,LT,0,gigawatt,0.9495553363612773,0.9505553363612773,inf,0.0,0.0,0.0
haber_bosch,power,LU,0,gigawatt,0.0,0.001,inf,0.0,1227.4252597317393,1227.4252597317393
haber_bosch,power,LV,0,gigawatt,4.566210045675199e-06,0.0010045662100456752,inf,0.0,0.0,0.0
haber_bosch,power,NL,0,gigawatt,1.8848697039250673,1.8858697039250671,inf,0.0,0.0,0.0
haber_bosch,power,NO,0,gigawatt,0.675582864637333,0.676582864637333,inf,0.0,0.0,0.0
haber_bosch,power,PL,0,gigawatt,2.2012598192272383,2.2022598192272382,inf,0.0,0.0,0.0
haber_bosch,power,PT,0,gigawatt,0.07687173495678447,0.07787173495678447,inf,0.0,0.0,0.0
haber_bosch,power,RO,0,gigawatt,1.345693859850905,1.3466938598509048,inf,0.0,0.0,0.0
haber_bosch,power,SE,0,gigawatt,0.0,0.001,inf,-1.0,54.68219916493729,54.68219916493729
haber_bosch,power,SI,0,gigawatt,4.566210045675199e-06,0.0010045662100456752,inf,0.0,0.0,0.0
haber_bosch,power,SK,0,gigawatt,0.34031801329015265,0.34131801329015266,inf,0.0,0.0,0.0
haber_bosch,power,UK,0,gigawatt,0.680500289281945,0.681500289281945,inf,0.0,0.0,0.0
hard_coal_boiler_DH,power,AT,0,gigawatt,0.0,0.001,inf,0.0,291.92633315648675,291.92633315648675
hard_coal_boiler_DH,power,BE,0,gigawatt,0.0,0.001,inf,0.0,291.92633315648675,291.92633315648675
hard_coal_boiler_DH,power,BG,0,gigawatt,0.0,0.001,inf,0.0,291.92633315648675,291.92633315648675
hard_coal_boiler_DH,power,CH,0,gigawatt,0.0,0.001,inf,0.0,291.92633315648675,291.92633315648675
hard_coal_boiler_DH,power,CZ,0,gigawatt,0.0,0.001,inf,0.0,291.92633315648675,291.92633315648675
hard_coal_boiler_DH,power,DE,0,gigawatt,0.0,0.001,inf,0.0,291.92633315648675,291.92633315648675
hard_coal_boiler_DH,power,DK,0,gigawatt,0.0,0.001,inf,0.0,291.92633315648675,291.92633315648675
hard_coal_boiler_DH,power,EE,0,gigawatt,0.0,0.001,inf,0.0,291.92633315648675,291.92633315648675
hard_coal_boiler_DH,power,EL,0,gigawatt,0.0,0.001,inf,0.0,291.92633315648675,291.92633315648675
hard_coal_boiler_DH,power,ES,0,gigawatt,0.0,0.001,inf,0.0,291.92633315648675,291.92633315648675
hard_coal_boiler_DH,power,FI,0,gigawatt,0.0,0.001,inf,0.0,291.92633315648675,291.92633315648675
hard_coal_boiler_DH,power,FR,0,gigawatt,0.0,0.001,inf,0.0,291.92633315648675,291.92633315648675
hard_coal_boiler_DH,power,HR,0,gigawatt,0.0,0.001,inf,0.0,291.92633315648675,291.92633315648675
hard_coal_boiler_DH,power,HU,0,gigawatt,0.0,0.001,inf,0.0,291.92633315648675,291.92633315648675
hard_coal_boiler_DH,power,IE,0,gigawatt,0.0,0.001,inf,0.0,291.92633315648675,291.92633315648675
hard_coal_boiler_DH,power,IT,0,gigawatt,0.0,0.001,inf,0.0,291.92633315648675,291.92633315648675
hard_coal_boiler_DH,power,LT,0,gigawatt,0.0,0.001,inf,0.0,291.92633315648675,291.92633315648675
hard_coal_boiler_DH,power,LU,0,gigawatt,0.0,0.001,inf,0.0,291.92633315648675,291.92633315648675
hard_coal_boiler_DH,power,LV,0,gigawatt,0.0,0.001,inf,0.0,291.92633315648675,291.92633315648675
hard_coal_boiler_DH,power,NL,0,gigawatt,0.0,0.001,inf,0.0,291.92633315648675,291.92633315648675
hard_coal_boiler_DH,power,NO,0,gigawatt,0.0,0.001,inf,0.0,291.92633315648675,291.92633315648675
hard_coal_boiler_DH,power,PL,0,gigawatt,0.0,0.001,inf,0.0,291.92633315648675,291.92633315648675
hard_coal_boiler_DH,power,PT,0,gigawatt,0.0,0.001,inf,0.0,291.92633315648675,291.92633315648675
hard_coal_boiler_DH,power,RO,0,gigawatt,0.0,0.001,inf,0.0,291.92633315648675,291.92633315648675
hard_coal_boiler_DH,power,SE,0,gigawatt,0.0,0.001,inf,0.0,291.92633315648675,291.92633315648675
hard_coal_boiler_DH,power,SI,0,gigawatt,0.0,0.001,inf,0.0,291.92633315648675,291.92633315648675
hard_coal_boiler_DH,power,SK,0,gigawatt,0.0,0.001,inf,0.0,291.92633315648675,291.92633315648675
hard_coal_boiler_DH,power,UK,0,gigawatt,0.0,0.001,inf,0.0,291.92633315648675,291.92633315648675
hard_coal_plant,power,AT,0,gigawatt,0.0,0.001,inf,0.0,2227.6439821730933,2227.6439821730933
hard_coal_plant,power,BE,0,gigawatt,0.0,0.001,inf,0.0,2227.6439821730933,2227.6439821730933
hard_coal_plant,power,BG,0,gigawatt,0.0,0.1653,inf,0.0,2227.6439821730933,2227.6439821730933
hard_coal_plant,power,CH,0,gigawatt,0.0,0.001,inf,0.0,2227.6439821730933,2227.6439821730933
hard_coal_plant,power,CZ,0,gigawatt,0.0,0.001,inf,0.0,2227.6439821730933,2227.6439821730933
hard_coal_plant,power,DE,0,gigawatt,0.0,3.076,inf,0.0,2227.6439821730933,2227.6439821730933
hard_coal_plant,power,DK,0,gigawatt,0.0,0.001,inf,0.0,2227.6439821730933,2227.6439821730933
hard_coal_plant,power,EE,0,gigawatt,0.0,0.001,inf,0.0,2227.6439821730933,2227.6439821730933
hard_coal_plant,power,EL,0,gigawatt,0.0,0.001,inf,0.0,2227.6439821730933,2227.6439821730933
hard_coal_plant,power,ES,0,gigawatt,0.0,0.001,inf,0.0,2227.6439821730933,2227.6439821730933
hard_coal_plant,power,FI,0,gigawatt,0.0,0.001,inf,0.0,2227.6439821730933,2227.6439821730933
hard_coal_plant,power,FR,0,gigawatt,0.0,0.001,inf,0.0,2227.6439821730933,2227.6439821730933
hard_coal_plant,power,HR,0,gigawatt,0.0,0.001,inf,0.0,2227.6439821730933,2227.6439821730933
hard_coal_plant,power,HU,0,gigawatt,0.0,0.001,inf,0.0,2227.6439821730933,2227.6439821730933
hard_coal_plant,power,IE,0,gigawatt,0.0,0.001,inf,0.0,2227.6439821730933,2227.6439821730933
hard_coal_plant,power,IT,0,gigawatt,0.0,1.98,inf,0.0,2227.6439821730933,2227.6439821730933
hard_coal_plant,power,LT,0,gigawatt,0.0,0.001,inf,0.0,2227.6439821730933,2227.6439821730933
hard_coal_plant,power,LU,0,gigawatt,0.0,0.001,inf,0.0,2227.6439821730933,2227.6439821730933
hard_coal_plant,power,LV,0,gigawatt,0.0,0.001,inf,0.0,2227.6439821730933,2227.6439821730933
hard_coal_plant,power,NL,0,gigawatt,0.0,3.431,inf,0.0,2227.6439821730933,2227.6439821730933
hard_coal_plant,power,NO,0,gigawatt,0.0,0.001,inf,0.0,2227.6439821730933,2227.6439821730933
hard_coal_plant,power,PL,0,gigawatt,0.0,2.176135,inf,0.0,2227.6439821730933,2227.6439821730933
hard_coal_plant,power,PT,0,gigawatt,0.0,0.001,inf,0.0,2227.6439821730933,2227.6439821730933
hard_coal_plant,power,RO,0,gigawatt,0.0,0.0055,inf,0.0,2227.6439821730933,2227.6439821730933
hard_coal_plant,power,SE,0,gigawatt,0.0,0.001,inf,0.0,2227.6439821730933,2227.6439821730933
hard_coal_plant,power,SI,0,gigawatt,0.0,0.001,inf,0.0,2227.6439821730933,2227.6439821730933
hard_coal_plant,power,SK,0,gigawatt,0.0,0.1982,inf,0.0,2227.6439821730933,2227.6439821730933
hard_coal_plant,power,UK,0,gigawatt,0.0,0.001,inf,0.0,2227.6439821730933,2227.6439821730933
heat_pump,power,AT,0,gigawatt,25.319664623869397,25.320664623869398,inf,0.0,0.0,0.0
heat_pump,power,BE,0,gigawatt,37.6555540010915,37.6565540010915,inf,0.0,0.0,0.0
heat_pump,power,BG,0,gigawatt,10.09699432332091,10.09799432332091,inf,0.0,0.0,0.0
heat_pump,power,CH,0,gigawatt,34.41395148073544,34.41495148073544,inf,0.0,0.0,0.0
heat_pump,power,CZ,0,gigawatt,30.230828752110025,30.23182875211003,inf,0.0,0.0,0.0
heat_pump,power,DE,0,gigawatt,239.0703838643186,239.0713838643186,inf,0.0,0.0,0.0
heat_pump,power,DK,0,gigawatt,21.5862512694625,21.587251269462502,inf,0.0,0.0,0.0
heat_pump,power,EE,0,gigawatt,4.044954261248023,4.045954261248023,inf,0.0,0.0,0.0
heat_pump,power,EL,0,gigawatt,20.621374350642256,20.622374350642257,inf,0.0,0.0,0.0
heat_pump,power,ES,0,gigawatt,37.204478364784286,37.205478364784284,inf,0.0,0.0,0.0
heat_pump,power,FI,0,gigawatt,18.84080392523029,18.84180392523029,inf,0.0,0.0,0.0
heat_pump,power,FR,0,gigawatt,156.1093116902644,156.1103116902644,inf,0.0,0.0,0.0
heat_pump,power,HR,0,gigawatt,9.456352869344034,9.457352869344033,inf,0.0,0.0,0.0
heat_pump,power,HU,0,gigawatt,28.408850579930782,28.409850579930783,inf,0.0,0.0,0.0
heat_pump,power,IE,0,gigawatt,10.283475810672279,10.28447581067228,inf,0.0,0.0,0.0
heat_pump,power,IT,0,gigawatt,153.95323668429822,153.95423668429825,inf,0.0,0.0,0.0
heat_pump,power,LT,0,gigawatt,5.9322103737053,5.9332103737053,inf,0.0,0.0,0.0
heat_pump,power,LU,0,gigawatt,2.5970979796199583,2.5980979796199577,inf,0.0,0.0,0.0
heat_pump,power,LV,0,gigawatt,4.870200204483392,4.871200204483392,inf,0.0,0.0,0.0
heat_pump,power,NL,0,gigawatt,45.657578439327516,45.65857843932751,inf,0.0,0.0,0.0
heat_pump,power,NO,0,gigawatt,19.53001442224085,19.531014422240847,inf,0.0,0.0,0.0
heat_pump,power,PL,0,gigawatt,80.48889318219385,80.48989318219385,inf,0.0,0.0,0.0
heat_pump,power,PT,0,gigawatt,2.546249588414917,2.547249588414917,inf,0.0,0.0,0.0
heat_pump,power,RO,0,gigawatt,12.403721882334368,12.404721882334368,inf,0.0,0.0,0.0
heat_pump,power,SE,0,gigawatt,22.739949903971052,22.740949903971053,inf,0.0,0.0,0.0
heat_pump,power,SI,0,gigawatt,4.467738719362913,4.468738719362913,inf,0.0,0.0,0.0
heat_pump,power,SK,0,gigawatt,8.168871381264038,8.169871381264038,inf,0.0,0.0,0.0
heat_pump,power,UK,0,gigawatt,154.94205716708834,154.94305716708834,inf,0.0,0.0,0.0
heat_pump_DH,power,AT,0,gigawatt,0.0,0.001,inf,0.0,496.07827724701417,496.07827724701417
heat_pump_DH,power,BE,0,gigawatt,0.0,0.001,inf,0.0,287.53745683852287,287.53745683852287
heat_pump_DH,power,BG,0,gigawatt,0.0,0.001,inf,0.0,236.59917802432597,236.59917802432597
heat_pump_DH,power,CH,0,gigawatt,0.0,0.001,inf,0.0,383.7988344215157,383.7988344215157
heat_pump_DH,power,CZ,0,gigawatt,0.0,0.001,inf,0.0,390.2725644600797,390.2725644600797
heat_pump_DH,power,DE,0,gigawatt,0.0,0.001,inf,0.0,349.03408432236233,349.03408432236233
heat_pump_DH,power,DK,0,gigawatt,0.0,0.001,inf,0.0,266.63300414836044,266.63300414836044
heat_pump_DH,power,EE,0,gigawatt,0.0,0.001,inf,-1.0,18.124212417826584,18.124212417826584
heat_pump_DH,power,EL,0,gigawatt,2.1538786556959084,2.1548786556959083,inf,0.0,0.0,0.0
heat_pump_DH,power,ES,0,gigawatt,0.0,0.001,inf,0.0,142.76131208255333,142.76131208255333
heat_pump_DH,power,FI,0,gigawatt,0.0,0.001,inf,0.0,314.67430682994586,314.67430682994586
heat_pump_DH,power,FR,0,gigawatt,0.0,0.001,inf,0.0,211.00555250841512,211.00555250841512
heat_pump_DH,power,HR,0,gigawatt,0.0,0.001,inf,0.0,431.4942465829297,431.4942465829297
heat_pump_DH,power,HU,0,gigawatt,0.0,0.001,inf,0.0,126.59054673467017,126.59054673467017
heat_pump_DH,power,IE,0,gigawatt,0.0,0.001,inf,0.0,164.7149793957151,164.7149793957151
heat_pump_DH,power,IT,0,gigawatt,0.0,0.001,inf,0.0,108.07783325559103,108.07783325559103
heat_pump_DH,power,LT,0,gigawatt,0.0,0.001,inf,0.0,270.7863330269744,270.7863330269744
heat_pump_DH,power,LU,0,gigawatt,0.0,0.001,inf,0.0,437.57897504119114,437.57897504119114
heat_pump_DH,power,LV,0,gigawatt,0.0,0.001,inf,0.0,225.95862152926702,225.95862152926702
heat_pump_DH,power,NL,0,gigawatt,0.06129041055191835,0.06229041055191835,inf,0.0,0.0,0.0
heat_pump_DH,power,NO,0,gigawatt,0.0,0.001,inf,0.0,420.1817594980455,420.1817594980455
heat_pump_DH,power,PL,0,gigawatt,0.0,0.001,inf,0.0,501.82322797547045,501.82322797547045
heat_pump_DH,power,PT,0,gigawatt,0.0,0.001,inf,0.0,126.52946587847214,126.52946587847214
heat_pump_DH,power,RO,0,gigawatt,0.0,0.001,inf,0.0,399.5328023835666,399.5328023835666
heat_pump_DH,power,SE,0,gigawatt,0.0,0.001,inf,0.0,289.6016038963793,289.6016038963793
heat_pump_DH,power,SI,0,gigawatt,0.0,0.001,inf,0.0,516.2626006523593,516.2626006523593
heat_pump_DH,power,SK,0,gigawatt,0.0,0.001,inf,0.0,430.1617695724409,430.1617695724409
heat_pump_DH,power,UK,0,gigawatt,0.0,0.001,inf,0.0,108.48633805726445,108.48633805726445
hydrogen_FC_ship,power,AT,0,gigawatt,0.023553409090909066,0.024553409090909067,inf,0.0,-1.1368683772161603e-13,-1.1368683772161603e-13
hydrogen_FC_ship,power,BE,0,gigawatt,8.585202613636365,8.586202613636363,inf,0.0,-1.1368683772161603e-13,-1.1368683772161603e-13
hydrogen_FC_ship,power,BG,0,gigawatt,0.1092057954545454,0.1102057954545454,inf,0.0,-1.1368683772161603e-13,-1.1368683772161603e-13
hydrogen_FC_ship,power,CH,0,gigawatt,0.023553409090909066,0.024553409090909067,inf,0.0,-1.1368683772161603e-13,-1.1368683772161603e-13
hydrogen_FC_ship,power,CZ,0,gigawatt,0.003433977272727152,0.004433977272727152,inf,0.0,-1.1368683772161603e-13,-1.1368683772161603e-13
hydrogen_FC_ship,power,DE,0,gigawatt,2.106869090909091,2.107869090909091,inf,0.0,-1.1368683772161603e-13,-1.1368683772161603e-13
hydrogen_FC_ship,power,DK,0,gigawatt,0.8853781818181818,0.8863781818181818,inf,0.0,-1.1368683772161603e-13,-1.1368683772161603e-13
hydrogen_FC_ship,power,EE,0,gigawatt,0.3656586363636362,0.3666586363636362,inf,0.0,-1.1368683772161603e-13,-1.1368683772161603e-13
hydrogen_FC_ship,power,EL,0,gigawatt,2.818531363636364,2.8195313636363633,inf,0.0,-1.1368683772161603e-13,-1.1368683772161603e-13
hydrogen_FC_ship,power,ES,0,gigawatt,9.459451931818185,9.460451931818183,inf,0.0,-1.1368683772161603e-13,-1.1368683772161603e-13
hydrogen_FC_ship,power,FI,0,gigawatt,0.5001380681818179,0.5011380681818179,inf,0.0,-1.1368683772161603e-13,-1.1368683772161603e-13
hydrogen_FC_ship,power,FR,0,gigawatt,1.474293181818182,1.4752931818181818,inf,0.0,-1.1368683772161603e-13,-1.1368683772161603e-13
hydrogen_FC_ship,power,HR,0,gigawatt,0.07913772727272708,0.08013772727272708,inf,0.0,-1.1368683772161603e-13,-1.1368683772161603e-13
hydrogen_FC_ship,power,HU,0,gigawatt,0.003416704545454386,0.004416704545454385,inf,0.0,-1.1368683772161603e-13,-1.1368683772161603e-13
hydrogen_FC_ship,power,IE,0,gigawatt,0.3472471590909091,0.34824715909090903,inf,0.0,-1.1368683772161603e-13,-1.1368683772161603e-13
hydrogen_FC_ship,power,IT,0,gigawatt,3.9240985227272733,3.925098522727273,inf,0.0,-1.1368683772161603e-13,-1.1368683772161603e-13
hydrogen_FC_ship,power,LT,0,gigawatt,0.24344693181818178,0.24444693181818178,inf,0.0,-1.1368683772161603e-13,-1.1368683772161603e-13
hydrogen_FC_ship,power,LU,0,gigawatt,0.0,0.001,inf,0.0,1184.6290220723104,1184.6290220723104
hydrogen_FC_ship,power,LV,0,gigawatt,0.27462568181818175,0.2756256818181817,inf,0.0,-1.1368683772161603e-13,-1.1368683772161603e-13
hydrogen_FC_ship,power,NL,0,gigawatt,15.368992954545458,15.369992954545456,inf,0.0,-1.1368683772161603e-13,-1.1368683772161603e-13
hydrogen_FC_ship,power,NO,0,gigawatt,1.8491270454545459,1.8501270454545458,inf,0.0,-1.1368683772161603e-13,-1.1368683772161603e-13
hydrogen_FC_ship,power,PL,0,gigawatt,0.3979976136363637,0.39899761363636366,inf,0.0,-1.1368683772161603e-13,-1.1368683772161603e-13
hydrogen_FC_ship,power,PT,0,gigawatt,0.9860374999999999,0.9870374999999999,inf,0.0,-1.1368683772161603e-13,-1.1368683772161603e-13
hydrogen_FC_ship,power,RO,0,gigawatt,0.1102889772727272,0.11128897727272719,inf,0.0,-1.1368683772161603e-13,-1.1368683772161603e-13
hydrogen_FC_ship,power,SE,0,gigawatt,3.5229802272727277,3.523980227272727,inf,0.0,-1.1368683772161603e-13,-1.1368683772161603e-13
hydrogen_FC_ship,power,SI,0,gigawatt,0.1505776136363636,0.1515776136363636,inf,0.0,-1.1368683772161603e-13,-1.1368683772161603e-13
hydrogen_FC_ship,power,SK,0,gigawatt,0.0,0.001,inf,0.0,1184.6290220723104,1184.6290220723104
hydrogen_FC_ship,power,UK,0,gigawatt,4.250583068181817,4.251583068181818,inf,0.0,-1.1368683772161603e-13,-1.1368683772161603e-13
hydrogen_to_cement_fuel,power,AT,0,gigawatt,0.4813726203639903,0.4823726203639903,inf,0.0,0.0,0.0
hydrogen_to_cement_fuel,power,BE,0,gigawatt,0.6329855367439879,0.6339855367439879,inf,0.0,0.0,0.0
hydrogen_to_cement_fuel,power,BG,0,gigawatt,0.2805843048217088,0.2815843048217088,inf,0.0,0.0,0.0
hydrogen_to_cement_fuel,power,CH,0,gigawatt,0.47751983627600203,0.47851983627600203,inf,0.0,0.0,0.0
hydrogen_to_cement_fuel,power,CZ,0,gigawatt,0.4877340680358073,0.4887340680358073,inf,0.0,0.0,0.0
hydrogen_to_cement_fuel,power,DE,0,gigawatt,3.6019547361129636,3.6029547361129635,inf,0.0,0.0,0.0
hydrogen_to_cement_fuel,power,DK,0,gigawatt,0.3923423315508721,0.3933423315508721,inf,0.0,0.0,0.0
hydrogen_to_cement_fuel,power,EE,0,gigawatt,0.08866071314582646,0.08966071314582647,inf,0.0,0.0,0.0
hydrogen_to_cement_fuel,power,EL,0,gigawatt,1.0276899876357906,1.0286899876357904,inf,0.0,0.0,0.0
hydrogen_to_cement_fuel,power,ES,0,gigawatt,2.655432338292665,2.6564323382926647,inf,0.0,0.0,0.0
hydrogen_to_cement_fuel,power,FI,0,gigawatt,0.15683634172492447,0.15783634172492447,inf,0.0,0.0,0.0
hydrogen_to_cement_fuel,power,FR,0,gigawatt,1.8122640407531057,1.8132640407531055,inf,0.0,0.0,0.0
hydrogen_to_cement_fuel,power,HR,0,gigawatt,0.34732105977578165,0.34832105977578165,inf,0.0,0.0,0.0
hydrogen_to_cement_fuel,power,HU,0,gigawatt,0.23494719199514758,0.23594719199514758,inf,0.0,0.0,0.0
hydrogen_to_cement_fuel,power,IE,0,gigawatt,0.5068878965846965,0.5078878965846965,inf,0.0,0.0,0.0
hydrogen_to_cement_fuel,power,IT,0,gigawatt,2.137425099939439,2.1384250999394387,inf,0.0,0.0,0.0
hydrogen_to_cement_fuel,power,LT,0,gigawatt,0.14728782656673303,0.14828782656673303,inf,0.0,0.0,0.0
hydrogen_to_cement_fuel,power,LU,0,gigawatt,0.1079808728544453,0.1089808728544453,inf,0.0,0.0,0.0
hydrogen_to_cement_fuel,power,LV,0,gigawatt,0.12301190784990329,0.12401190784990329,inf,0.0,0.0,0.0
hydrogen_to_cement_fuel,power,NL,0,gigawatt,0.0,0.001,inf,0.0,1382.896216216216,1382.896216216216
hydrogen_to_cement_fuel,power,NO,0,gigawatt,0.20277160492135976,0.20377160492135976,inf,0.0,0.0,0.0
hydrogen_to_cement_fuel,power,PL,0,gigawatt,1.8591457030478078,1.8601457030478077,inf,0.0,0.0,0.0
hydrogen_to_cement_fuel,power,PT,0,gigawatt,0.7343391468274557,0.7353391468274557,inf,0.0,0.0,0.0
hydrogen_to_cement_fuel,power,RO,0,gigawatt,0.9674721171116659,0.9684721171116659,inf,0.0,0.0,0.0
hydrogen_to_cement_fuel,power,SE,0,gigawatt,0.37105288035183875,0.37205288035183876,inf,0.0,0.0,0.0
hydrogen_to_cement_fuel,power,SI,0,gigawatt,0.11277851792168332,0.11377851792168332,inf,0.0,0.0,0.0
hydrogen_to_cement_fuel,power,SK,0,gigawatt,0.38190066638765163,0.38290066638765163,inf,0.0,0.0,0.0
hydrogen_to_cement_fuel,power,UK,0,gigawatt,1.0302216950177576,1.0312216950177575,inf,0.0,0.0,0.0
industrial_gas_consumer,power,AT,0,gigawatt,0.0,0.001,inf,-1.0,0.0,0.0
industrial_gas_consumer,power,BE,0,gigawatt,0.0,0.001,inf,-1.0,0.0,0.0
industrial_gas_consumer,power,BG,0,gigawatt,0.0,0.001,inf,-1.0,0.0,0.0
industrial_gas_consumer,power,CH,0,gigawatt,0.0,0.001,inf,-1.0,0.0,0.0
industrial_gas_consumer,power,CZ,0,gigawatt,0.0,0.001,inf,-1.0,0.0,0.0
industrial_gas_consumer,power,DE,0,gigawatt,0.0,0.001,inf,-1.0,0.0,0.0
industrial_gas_consumer,power,DK,0,gigawatt,0.0,0.001,inf,-1.0,0.0,0.0
industrial_gas_consumer,power,EE,0,gigawatt,0.0,0.001,inf,-1.0,0.0,0.0
industrial_gas_consumer,power,EL,0,gigawatt,0.0,0.001,inf,-1.0,0.0,0.0
industrial_gas_consumer,power,ES,0,gigawatt,0.0,0.001,inf,-1.0,0.0,0.0
industrial_gas_consumer,power,FI,0,gigawatt,0.0,0.001,inf,-1.0,0.0,0.0
industrial_gas_consumer,power,FR,0,gigawatt,0.0,0.001,inf,-1.0,0.0,0.0
industrial_gas_consumer,power,HR,0,gigawatt,0.0,0.001,inf,-1.0,0.0,0.0
industrial_gas_consumer,power,HU,0,gigawatt,0.0,0.001,inf,-1.0,0.0,0.0
industrial_gas_consumer,power,IE,0,gigawatt,0.0,0.001,inf,-1.0,0.0,0.0
industrial_gas_consumer,power,IT,0,gigawatt,0.0,0.001,inf,-1.0,0.0,0.0
industrial_gas_consumer,power,LT,0,gigawatt,0.0,0.001,inf,-1.0,0.0,0.0
industrial_gas_consumer,power,LU,0,gigawatt,0.0,0.001,inf,-1.0,0.0,0.0
industrial_gas_consumer,power,LV,0,gigawatt,0.0,0.001,inf,-1.0,0.0,0.0
industrial_gas_consumer,power,NL,0,gigawatt,0.0,0.001,inf,-1.0,0.0,0.0
industrial_gas_consumer,power,NO,0,gigawatt,0.0,0.001,inf,-1.0,0.0,0.0
industrial_gas_consumer,power,PL,0,gigawatt,0.0,0.001,inf,-1.0,0.0,0.0
industrial_gas_consumer,power,PT,0,gigawatt,0.0,0.001,inf,-1.0,0.0,0.0
industrial_gas_consumer,power,RO,0,gigawatt,0.0,0.001,inf,-1.0,0.0,0.0
industrial_gas_consumer,power,SE,0,gigawatt,0.0,0.001,inf,-1.0,0.0,0.0
industrial_gas_consumer,power,SI,0,gigawatt,0.0,0.001,inf,-1.0,0.0,0.0
industrial_gas_consumer,power,SK,0,gigawatt,0.0,0.001,inf,-1.0,0.0,0.0
industrial_gas_consumer,power,UK,0,gigawatt,0.0,0.001,inf,-1.0,0.0,0.0
lignite_coal_plant,power,AT,0,gigawatt,0.0,0.001,inf,0.0,2532.1991188141405,2532.1991188141405
lignite_coal_plant,power,BE,0,gigawatt,0.0,0.001,inf,0.0,2532.1991188141405,2532.1991188141405
lignite_coal_plant,power,BG,0,gigawatt,0.0,0.6365,inf,0.0,2532.1991188141405,2532.1991188141405
lignite_coal_plant,power,CH,0,gigawatt,0.0,0.001,inf,0.0,2532.1991188141405,2532.1991188141405
lignite_coal_plant,power,CZ,0,gigawatt,0.0,0.001,inf,0.0,2532.1991188141405,2532.1991188141405
lignite_coal_plant,power,DE,0,gigawatt,0.0,0.0017,inf,0.0,2532.1991188141405,2532.1991188141405
lignite_coal_plant,power,DK,0,gigawatt,0.0,0.001,inf,0.0,2532.1991188141405,2532.1991188141405
lignite_coal_plant,power,EE,0,gigawatt,0.0,0.001,inf,0.0,2532.1991188141405,2532.1991188141405
lignite_coal_plant,power,EL,0,gigawatt,0.0,0.001,inf,0.0,2532.1991188141405,2532.1991188141405
lignite_coal_plant,power,ES,0,gigawatt,0.0,0.001,inf,0.0,2532.1991188141405,2532.1991188141405
lignite_coal_plant,power,FI,0,gigawatt,0.0,0.001,inf,0.0,2532.1991188141405,2532.1991188141405
lignite_coal_plant,power,FR,0,gigawatt,0.0,0.001,inf,0.0,2532.1991188141405,2532.1991188141405
lignite_coal_plant,power,HR,0,gigawatt,0.0,0.001,inf,0.0,2532.1991188141405,2532.1991188141405
lignite_coal_plant,power,HU,0,gigawatt,0.0,0.001,inf,0.0,2532.1991188141405,2532.1991188141405
lignite_coal_plant,power,IE,0,gigawatt,0.0,0.001,inf,0.0,2532.1991188141405,2532.1991188141405
lignite_coal_plant,power,IT,0,gigawatt,0.0,0.001,inf,0.0,2532.1991188141405,2532.1991188141405
lignite_coal_plant,power,LT,0,gigawatt,0.0,0.001,inf,0.0,2532.1991188141405,2532.1991188141405
lignite_coal_plant,power,LU,0,gigawatt,0.0,0.001,inf,0.0,2532.1991188141405,2532.1991188141405
lignite_coal_plant,power,LV,0,gigawatt,0.0,0.001,inf,0.0,2532.1991188141405,2532.1991188141405
lignite_coal_plant,power,NL,0,gigawatt,0.0,0.001,inf,0.0,2532.1991188141405,2532.1991188141405
lignite_coal_plant,power,NO,0,gigawatt,0.0,0.001,inf,0.0,2532.1991188141405,2532.1991188141405
lignite_coal_plant,power,PL,0,gigawatt,0.0,0.474,inf,0.0,2532.1991188141405,2532.1991188141405
lignite_coal_plant,power,PT,0,gigawatt,0.0,0.001,inf,0.0,2532.1991188141405,2532.1991188141405
lignite_coal_plant,power,RO,0,gigawatt,0.0,0.22,inf,0.0,2532.1991188141405,2532.1991188141405
lignite_coal_plant,power,SE,0,gigawatt,0.0,0.001,inf,0.0,2532.1991188141405,2532.1991188141405
lignite_coal_plant,power,SI,0,gigawatt,0.0,0.001,inf,0.0,2532.1991188141405,2532.1991188141405
lignite_coal_plant,power,SK,0,gigawatt,0.0,0.001,inf,0.0,2532.1991188141405,2532.1991188141405
lignite_coal_plant,power,UK,0,gigawatt,0.0,0.001,inf,0.0,2532.1991188141405,2532.1991188141405
lng_terminal,power,AT,0,gigawatt,0.0,0.0,0.0,0.0,-2935.3908026275026,-2935.3908026275026
lng_terminal,power,BE,0,gigawatt,0.0,0.001,37.96466390131231,0.0,112.0841626,112.0841626
lng_terminal,power,BG,0,gigawatt,0.0,0.0,0.0,0.0,-407.074856836859,-407.074856836859
lng_terminal,power,CH,0,gigawatt,0.0,0.0,0.0,0.0,-1024.5955267476802,-1024.5955267476802
lng_terminal,power,CZ,0,gigawatt,0.0,0.0,0.0,0.0,-622.0284603135883,-622.0284603135883
lng_terminal,power,DE,0,gigawatt,0.0,3.9022,7.8044,0.0,112.0841626,112.0841626
lng_terminal,power,DK,0,gigawatt,0.0,0.0,0.0,0.0,-2232.956068235146,-2232.956068235146
lng_terminal,power,EE,0,gigawatt,0.0,2.917,5.834,0.0,112.0841626,112.0841626
lng_terminal,power,EL,0,gigawatt,0.0,0.001,17.551717506680948,0.0,112.0841626,112.0841626
lng_terminal,power,ES,0,gigawatt,0.0,0.001,163.19253839423496,0.0,112.0841626,112.0841626
lng_terminal,power,FI,0,gigawatt,0.0,3.117,6.234,0.0,112.0841626,112.0841626
lng_terminal,power,FR,0,gigawatt,0.0,0.001,104.07186268559968,0.0,112.0841626,112.0841626
lng_terminal,power,HR,0,gigawatt,0.0,2.8996,5.7992,0.0,112.0841626,112.0841626
lng_terminal,power,HU,0,gigawatt,0.0,0.0,0.0,0.0,-2831.700816022144,-2831.700816022144
lng_terminal,power,IE,0,gigawatt,0.0,0.0,0.0,0.0,-632.4906830693377,-632.4906830693377
lng_terminal,power,IT,0,gigawatt,0.0,0.001,43.94335112986543,0.0,112.0841626,112.0841626
lng_terminal,power,LT,0,gigawatt,0.0,0.001,10.718932102620236,0.0,112.0841626,112.0841626
lng_terminal,power,LU,0,gigawatt,0.0,0.0,0.0,0.0,-2882.177445546218,-2882.177445546218
lng_terminal,power,LV,0,gigawatt,0.0,0.0,0.0,0.0,-2924.863532795778,-2924.863532795778
lng_terminal,power,NL,0,gigawatt,0.0,0.001,39.37392589089984,0.0,112.0841626,112.0841626
lng_terminal,power,NO,0,gigawatt,0.0,0.0,0.0,0.0,-591.120984629024,-591.120984629024
lng_terminal,power,PL,0,gigawatt,0.0,6.914,13.828,0.0,112.0841626,112.0841626
lng_terminal,power,PT,0,gigawatt,0.0,0.001,16.46701282378631,0.0,112.0841626,112.0841626
lng_terminal,power,RO,0,gigawatt,0.0,0.0,0.0,0.0,-407.0748568368589,-407.0748568368589
lng_terminal,power,SE,0,gigawatt,0.0,0.0,0.0,0.0,-613.6118512934617,-613.6118512934617
lng_terminal,power,SI,0,gigawatt,0.0,0.0,0.0,0.0,-2951.6688850709193,-2951.6688850709193
lng_terminal,power,SK,0,gigawatt,0.0,0.0,0.0,0.0,-2867.0365620045077,-2867.0365620045077
lng_terminal,power,UK,0,gigawatt,0.0,0.001,110.52030391068196,0.0,112.0841626,112.0841626
methanation,power,AT,0,gigawatt,0.0,0.001,inf,0.0,542.7777892911174,542.7777892911174
methanation,power,BE,0,gigawatt,0.0,0.001,inf,0.0,542.7777892911174,542.7777892911174
methanation,power,BG,0,gigawatt,0.0,0.001,inf,0.0,542.7777892911174,542.7777892911174
methanation,power,CH,0,gigawatt,0.0,0.001,inf,0.0,542.7777892911174,542.7777892911174
methanation,power,CZ,0,gigawatt,0.0,0.001,inf,0.0,542.7777892911174,542.7777892911174
methanation,power,DE,0,gigawatt,0.0,0.001,inf,0.0,542.7777892911174,542.7777892911174
methanation,power,DK,0,gigawatt,0.0,0.001,inf,0.0,542.7777892911174,542.7777892911174
methanation,power,EE,0,gigawatt,0.0,0.001,inf,0.0,542.7777892911174,542.7777892911174
methanation,power,EL,0,gigawatt,0.0,0.001,inf,0.0,542.7777892911174,542.7777892911174
methanation,power,ES,0,gigawatt,0.0,0.001,inf,0.0,542.7777892911174,542.7777892911174
methanation,power,FI,0,gigawatt,0.0,0.001,inf,0.0,542.7777892911174,542.7777892911174
methanation,power,FR,0,gigawatt,0.0,0.001,inf,0.0,542.7777892911174,542.7777892911174
methanation,power,HR,0,gigawatt,0.0,0.001,inf,0.0,542.7777892911174,542.7777892911174
methanation,power,HU,0,gigawatt,0.0,0.001,inf,0.0,542.7777892911174,542.7777892911174
methanation,power,IE,0,gigawatt,0.0,0.001,inf,0.0,542.7777892911174,542.7777892911174
methanation,power,IT,0,gigawatt,0.0,0.001,inf,0.0,542.7777892911174,542.7777892911174
methanation,power,LT,0,gigawatt,0.0,0.001,inf,0.0,542.7777892911174,542.7777892911174
methanation,power,LU,0,gigawatt,0.0,0.001,inf,0.0,542.7777892911174,542.7777892911174
methanation,power,LV,0,gigawatt,0.0,0.001,inf,0.0,542.7777892911174,542.7777892911174
methanation,power,NL,0,gigawatt,0.0,0.001,inf,0.0,542.7777892911174,542.7777892911174
methanation,power,NO,0,gigawatt,0.0,0.001,inf,0.0,542.7777892911174,542.7777892911174
methanation,power,PL,0,gigawatt,0.0,0.001,inf,0.0,542.7777892911174,542.7777892911174
methanation,power,PT,0,gigawatt,0.0,0.001,inf,0.0,542.7777892911174,542.7777892911174
methanation,power,RO,0,gigawatt,0.0,0.001,inf,0.0,542.7777892911174,542.7777892911174
methanation,power,SE,0,gigawatt,0.0,0.001,inf,0.0,542.7777892911174,542.7777892911174
methanation,power,SI,0,gigawatt,0.0,0.001,inf,0.0,542.7777892911174,542.7777892911174
methanation,power,SK,0,gigawatt,0.0,0.001,inf,0.0,542.7777892911174,542.7777892911174
methanation,power,UK,0,gigawatt,0.0,0.001,inf,0.0,542.7777892911174,542.7777892911174
methanol_ICE_ship,power,AT,0,gigawatt,0.0,0.001,inf,0.0,699.0771942143958,699.0771942143958
methanol_ICE_ship,power,BE,0,gigawatt,0.0,0.001,inf,0.0,699.0771942143958,699.0771942143958
methanol_ICE_ship,power,BG,0,gigawatt,0.0,0.001,inf,0.0,699.0771942143958,699.0771942143958
methanol_ICE_ship,power,CH,0,gigawatt,0.0,0.001,inf,0.0,699.0771942143958,699.0771942143958
methanol_ICE_ship,power,CZ,0,gigawatt,0.0,0.001,inf,0.0,699.0771942143958,699.0771942143958
methanol_ICE_ship,power,DE,0,gigawatt,0.0,0.001,inf,0.0,699.0771942143958,699.0771942143958
methanol_ICE_ship,power,DK,0,gigawatt,0.0,0.001,inf,0.0,699.0771942143958,699.0771942143958
methanol_ICE_ship,power,EE,0,gigawatt,0.0,0.001,inf,0.0,699.0771942143958,699.0771942143958
methanol_ICE_ship,power,EL,0,gigawatt,0.0,0.001,inf,0.0,699.0771942143958,699.0771942143958
methanol_ICE_ship,power,ES,0,gigawatt,0.0,0.001,inf,0.0,699.0771942143958,699.0771942143958
methanol_ICE_ship,power,FI,0,gigawatt,0.0,0.001,inf,0.0,699.0771942143958,699.0771942143958
methanol_ICE_ship,power,FR,0,gigawatt,0.0,0.001,inf,0.0,699.0771942143958,699.0771942143958
methanol_ICE_ship,power,HR,0,gigawatt,0.0,0.001,inf,0.0,699.0771942143958,699.0771942143958
methanol_ICE_ship,power,HU,0,gigawatt,0.0,0.001,inf,0.0,699.0771942143958,699.0771942143958
methanol_ICE_ship,power,IE,0,gigawatt,0.0,0.001,inf,0.0,699.0771942143958,699.0771942143958
methanol_ICE_ship,power,IT,0,gigawatt,0.0,0.001,inf,0.0,699.0771942143958,699.0771942143958
methanol_ICE_ship,power,LT,0,gigawatt,0.0,0.001,inf,0.0,699.0771942143958,699.0771942143958
methanol_ICE_ship,power,LU,0,gigawatt,0.0,0.001,inf,0.0,699.0771942143958,699.0771942143958
methanol_ICE_ship,power,LV,0,gigawatt,0.0,0.001,inf,0.0,699.0771942143958,699.0771942143958
methanol_ICE_ship,power,NL,0,gigawatt,0.0,0.001,inf,0.0,699.0771942143958,699.0771942143958
methanol_ICE_ship,power,NO,0,gigawatt,0.0,0.001,inf,0.0,699.0771942143958,699.0771942143958
methanol_ICE_ship,power,PL,0,gigawatt,0.0,0.001,inf,0.0,699.0771942143958,699.0771942143958
methanol_ICE_ship,power,PT,0,gigawatt,0.0,0.001,inf,0.0,699.0771942143958,699.0771942143958
methanol_ICE_ship,power,RO,0,gigawatt,0.0,0.001,inf,0.0,699.0771942143958,699.0771942143958
methanol_ICE_ship,power,SE,0,gigawatt,0.0,0.001,inf,0.0,699.0771942143958,699.0771942143958
methanol_ICE_ship,power,SI,0,gigawatt,0.0,0.001,inf,0.0,699.0771942143958,699.0771942143958
methanol_ICE_ship,power,SK,0,gigawatt,0.0,0.001,inf,0.0,699.0771942143958,699.0771942143958
methanol_ICE_ship,power,UK,0,gigawatt,0.0,0.001,inf,0.0,699.0771942143958,699.0771942143958
methanol_from_biomass,power,AT,0,gigawatt,0.0,0.001,inf,0.0,2142.2114380289913,2142.2114380289913
methanol_from_biomass,power,BE,0,gigawatt,0.0,0.001,inf,0.0,2142.2114380289913,2142.2114380289913
methanol_from_biomass,power,BG,0,gigawatt,0.0,0.001,inf,0.0,2142.2114380289913,2142.2114380289913
methanol_from_biomass,power,CH,0,gigawatt,0.0,0.001,inf,0.0,2142.2114380289913,2142.2114380289913
methanol_from_biomass,power,CZ,0,gigawatt,0.0,0.001,inf,0.0,2142.2114380289913,2142.2114380289913
methanol_from_biomass,power,DE,0,gigawatt,0.0,0.001,inf,0.0,2142.2114380289913,2142.2114380289913
methanol_from_biomass,power,DK,0,gigawatt,0.0,0.001,inf,0.0,2142.2114380289913,2142.2114380289913
methanol_from_biomass,power,EE,0,gigawatt,0.0,0.001,inf,0.0,2142.2114380289913,2142.2114380289913
methanol_from_biomass,power,EL,0,gigawatt,0.0,0.001,inf,0.0,2142.2114380289913,2142.2114380289913
methanol_from_biomass,power,ES,0,gigawatt,0.0,0.001,inf,0.0,2142.2114380289913,2142.2114380289913
methanol_from_biomass,power,FI,0,gigawatt,0.0,0.001,inf,0.0,2142.2114380289913,2142.2114380289913
methanol_from_biomass,power,FR,0,gigawatt,0.0,0.001,inf,0.0,2142.2114380289913,2142.2114380289913
methanol_from_biomass,power,HR,0,gigawatt,0.0,0.001,inf,0.0,2142.2114380289913,2142.2114380289913
methanol_from_biomass,power,HU,0,gigawatt,0.0,0.001,inf,0.0,2142.2114380289913,2142.2114380289913
methanol_from_biomass,power,IE,0,gigawatt,0.0,0.001,inf,0.0,2142.2114380289913,2142.2114380289913
methanol_from_biomass,power,IT,0,gigawatt,0.0,0.001,inf,0.0,2142.2114380289913,2142.2114380289913
methanol_from_biomass,power,LT,0,gigawatt,0.0,0.001,inf,0.0,2142.2114380289913,2142.2114380289913
methanol_from_biomass,power,LU,0,gigawatt,0.0,0.001,inf,0.0,2142.2114380289913,2142.2114380289913
methanol_from_biomass,power,LV,0,gigawatt,0.0,0.001,inf,0.0,2142.2114380289913,2142.2114380289913
methanol_from_biomass,power,NL,0,gigawatt,0.0,0.001,inf,0.0,2142.2114380289913,2142.2114380289913
methanol_from_biomass,power,NO,0,gigawatt,0.0,0.001,inf,0.0,2142.2114380289913,2142.2114380289913
methanol_from_biomass,power,PL,0,gigawatt,0.0,0.001,inf,0.0,2142.2114380289913,2142.2114380289913
methanol_from_biomass,power,PT,0,gigawatt,0.0,0.001,inf,0.0,2091.6516833799083,2091.6516833799083
methanol_from_biomass,power,RO,0,gigawatt,0.0,0.001,inf,0.0,2142.2114380289913,2142.2114380289913
methanol_from_biomass,power,SE,0,gigawatt,0.0,0.001,inf,0.0,2142.2114380289913,2142.2114380289913
methanol_from_biomass,power,SI,0,gigawatt,0.0,0.001,inf,0.0,2142.2114380289913,2142.2114380289913
methanol_from_biomass,power,SK,0,gigawatt,0.0,0.001,inf,0.0,2142.2114380289913,2142.2114380289913
methanol_from_biomass,power,UK,0,gigawatt,0.0,0.001,inf,0.0,2142.2114380289913,2142.2114380289913
methanol_from_hydrogen,power,AT,0,gigawatt,0.0,0.001,inf,0.0,153.10228458038557,153.10228458038557
methanol_from_hydrogen,power,BE,0,gigawatt,0.0,0.001,inf,0.0,424.8544333291535,424.8544333291535
methanol_from_hydrogen,power,BG,0,gigawatt,0.0,0.001,inf,0.0,299.48518793577205,299.48518793577205
methanol_from_hydrogen,power,CH,0,gigawatt,0.0,0.001,inf,0.0,142.1422340201109,142.1422340201109
methanol_from_hydrogen,power,CZ,0,gigawatt,0.0,0.001,inf,0.0,134.07312541844567,134.07312541844567
methanol_from_hydrogen,power,DE,0,gigawatt,0.0,0.001,inf,0.0,164.46011644486748,164.46011644486748
methanol_from_hydrogen,power,DK,0,gigawatt,0.0,0.001,inf,0.0,958.4887740385972,958.4887740385972
methanol_from_hydrogen,power,EE,0,gigawatt,0.0,0.001,inf,0.0,958.4887740385972,958.4887740385972
methanol_from_hydrogen,power,EL,0,gigawatt,0.0,0.001,inf,0.0,272.70017741792935,272.70017741792935
methanol_from_hydrogen,power,ES,0,gigawatt,0.0,0.001,inf,0.0,583.9747897061641,583.9747897061641
methanol_from_hydrogen,power,FI,0,gigawatt,0.0,0.001,inf,0.0,917.317244036858,917.317244036858
methanol_from_hydrogen,power,FR,0,gigawatt,0.0,0.001,inf,0.0,339.44736787078375,339.44736787078375
methanol_from_hydrogen,power,HR,0,gigawatt,0.0,0.001,inf,0.0,217.84700408910987,217.84700408910987
methanol_from_hydrogen,power,HU,0,gigawatt,0.0,0.001,inf,0.0,247.731550991085,247.731550991085
methanol_from_hydrogen,power,IE,0,gigawatt,0.0,0.001,inf,0.0,943.7760559781148,943.7760559781148
methanol_from_hydrogen,power,IT,0,gigawatt,0.0,0.001,inf,0.0,130.8390984895641,130.8390984895641
methanol_from_hydrogen,power,LT,0,gigawatt,0.0,0.001,inf,0.0,958.4887740385972,958.4887740385972
methanol_from_hydrogen,power,LU,0,gigawatt,0.0,0.001,inf,0.0,958.4887740385972,958.4887740385972
methanol_from_hydrogen,power,LV,0,gigawatt,0.0,0.001,inf,0.0,958.4887740385972,958.4887740385972
methanol_from_hydrogen,power,NL,0,gigawatt,0.0,0.001,inf,0.0,462.42858349951905,462.42858349951905
methanol_from_hydrogen,power,NO,0,gigawatt,0.0,0.001,inf,0.0,933.472030266726,933.472030266726
methanol_from_hydrogen,power,PL,0,gigawatt,0.0,0.001,inf,0.0,344.8348880443775,344.8348880443775
methanol_from_hydrogen,power,PT,0,gigawatt,0.0,0.001,inf,0.0,449.5890622707987,449.5890622707987
methanol_from_hydrogen,power,RO,0,gigawatt,0.0,0.001,inf,0.0,564.0393949000335,564.0393949000335
methanol_from_hydrogen,power,SE,0,gigawatt,0.0,0.001,inf,0.0,752.5470060151747,752.5470060151747
methanol_from_hydrogen,power,SI,0,gigawatt,0.0,0.001,inf,0.0,958.4887740385972,958.4887740385972
methanol_from_hydrogen,power,SK,0,gigawatt,0.0,0.001,inf,0.0,255.68951663704968,255.68951663704968
methanol_from_hydrogen,power,UK,0,gigawatt,0.0,0.001,inf,0.0,754.9204288848812,754.9204288848812
methanol_from_natural_gas,power,AT,0,gigawatt,1.4850456562307688,1.4860456562307687,inf,0.0,0.0,0.0
methanol_from_natural_gas,power,BE,0,gigawatt,3.2818200430351916,3.2828200430351915,inf,0.0,0.0,0.0
methanol_from_natural_gas,power,BG,0,gigawatt,0.4183915079584243,0.4193915079584243,inf,0.0,0.0,0.0
methanol_from_natural_gas,power,CH,0,gigawatt,1.2511467643814491,1.252146764381449,inf,0.0,0.0,0.0
methanol_from_natural_gas,power,CZ,0,gigawatt,1.0652190483184274,1.0662190483184273,inf,0.0,0.0,0.0
methanol_from_natural_gas,power,DE,0,gigawatt,9.863056217941626,9.864056217941625,inf,0.0,0.0,0.0
methanol_from_natural_gas,power,DK,0,gigawatt,0.0,0.001,inf,0.0,972.1087619956448,972.1087619956448
methanol_from_natural_gas,power,EE,0,gigawatt,0.0,0.001,inf,0.0,972.1087619956448,972.1087619956448
methanol_from_natural_gas,power,EL,0,gigawatt,2.551953237580241,2.552953237580241,inf,0.0,0.0,0.0
methanol_from_natural_gas,power,ES,0,gigawatt,2.1210949556783394,2.1220949556783393,inf,0.0,0.0,0.0
methanol_from_natural_gas,power,FI,0,gigawatt,0.6399139230950027,0.6409139230950027,inf,0.0,0.0,0.0
methanol_from_natural_gas,power,FR,0,gigawatt,4.824314408088714,4.8253144080887145,inf,0.0,0.0,0.0
methanol_from_natural_gas,power,HR,0,gigawatt,0.06037361844229764,0.06137361844229764,inf,0.0,0.0,0.0
methanol_from_natural_gas,power,HU,0,gigawatt,1.4547677932866585,1.4557677932866584,inf,0.0,0.0,0.0
methanol_from_natural_gas,power,IE,0,gigawatt,0.09984349928096527,0.10084349928096527,inf,0.0,0.0,0.0
methanol_from_natural_gas,power,IT,0,gigawatt,4.810933059113123,4.811933059113123,inf,0.0,0.0,0.0
methanol_from_natural_gas,power,LT,0,gigawatt,0.0,0.001,inf,0.0,972.1087619956448,972.1087619956448
methanol_from_natural_gas,power,LU,0,gigawatt,0.0,0.001,inf,0.0,972.1087619956448,972.1087619956448
methanol_from_natural_gas,power,LV,0,gigawatt,0.0,0.001,inf,0.0,972.1087619956448,972.1087619956448
methanol_from_natural_gas,power,NL,0,gigawatt,13.44851270946581,13.44951270946581,inf,0.0,0.0,0.0
methanol_from_natural_gas,power,NO,0,gigawatt,5.249688264665775,5.250688264665776,inf,0.0,0.0,0.0
methanol_from_natural_gas,power,PL,0,gigawatt,2.992549652703391,2.9935496527033907,inf,0.0,0.0,0.0
methanol_from_natural_gas,power,PT,0,gigawatt,1.4243418520455937,1.4253418520455936,inf,0.0,0.0,0.0
methanol_from_natural_gas,power,RO,0,gigawatt,0.19579782870389806,0.19679782870389806,inf,0.0,0.0,0.0
methanol_from_natural_gas,power,SE,0,gigawatt,0.2821413800647814,0.2831413800647814,inf,0.0,0.0,0.0
methanol_from_natural_gas,power,SI,0,gigawatt,0.0,0.001,inf,0.0,972.1087619956448,972.1087619956448
methanol_from_natural_gas,power,SK,0,gigawatt,0.8590134887421601,0.8600134887421601,inf,0.0,0.0,0.0
methanol_from_natural_gas,power,UK,0,gigawatt,2.8361378282925767,2.8371378282925765,inf,0.0,0.0,0.0
natural_gas_boiler,power,AT,0,gigawatt,0.0,0.001,inf,0.0,344.80915292276063,344.80915292276063
natural_gas_boiler,power,BE,0,gigawatt,0.0,0.001,inf,0.0,405.2206084232176,405.2206084232176
natural_gas_boiler,power,BG,0,gigawatt,0.0,0.001,inf,0.0,423.65922711830797,423.65922711830797
natural_gas_boiler,power,CH,0,gigawatt,0.0,0.001,inf,0.0,377.0668198346769,377.0668198346769
natural_gas_boiler,power,CZ,0,gigawatt,0.0,0.001,inf,0.0,444.3331125809208,444.3331125809208
natural_gas_boiler,power,DE,0,gigawatt,0.0,0.001,inf,0.0,337.8194006422938,337.8194006422938
natural_gas_boiler,power,DK,0,gigawatt,0.0,0.001,inf,0.0,566.4103934534545,566.4103934534545
natural_gas_boiler,power,EE,0,gigawatt,0.0,0.001,inf,0.0,690.2424305033445,690.2424305033445
natural_gas_boiler,power,EL,0,gigawatt,0.0,0.001,inf,0.0,469.4294049428918,469.4294049428918
natural_gas_boiler,power,ES,0,gigawatt,0.0,0.001,inf,0.0,510.63839461841604,510.63839461841604
natural_gas_boiler,power,FI,0,gigawatt,0.0,0.001,inf,0.0,419.574809817059,419.574809817059
natural_gas_boiler,power,FR,0,gigawatt,0.0,0.001,inf,0.0,509.0185227778767,509.0185227778767
natural_gas_boiler,power,HR,0,gigawatt,0.0,0.001,inf,0.0,499.9564085894612,499.9564085894612
natural_gas_boiler,power,HU,0,gigawatt,0.0,0.001,inf,0.0,278.713168152281,278.713168152281
natural_gas_boiler,power,IE,0,gigawatt,0.0,0.001,inf,0.0,690.2424305033445,690.2424305033445
natural_gas_boiler,power,IT,0,gigawatt,0.0,0.001,inf,0.0,530.8337592879132,530.8337592879132
natural_gas_boiler,power,LT,0,gigawatt,0.0,0.001,inf,0.0,630.1492648171783,630.1492648171783
natural_gas_boiler,power,LU,0,gigawatt,0.0,0.001,inf,0.0,383.6497276543744,383.6497276543744
natural_gas_boiler,power,LV,0,gigawatt,0.0,0.001,inf,0.0,625.4029217163172,625.4029217163172
natural_gas_boiler,power,NL,0,gigawatt,0.0,0.001,inf,0.0,334.258145338534,334.258145338534
natural_gas_boiler,power,NO,0,gigawatt,0.0,0.001,inf,0.0,509.39901395273336,509.39901395273336
natural_gas_boiler,power,PL,0,gigawatt,0.0,0.001,inf,0.0,274.7152461580635,274.7152461580635
natural_gas_boiler,power,PT,0,gigawatt,0.0,0.001,inf,0.0,617.7100018421572,617.7100018421572
natural_gas_boiler,power,RO,0,gigawatt,0.0,0.001,inf,0.0,317.9611508779377,317.9611508779377
natural_gas_boiler,power,SE,0,gigawatt,0.0,0.001,inf,0.0,508.5356354476495,508.5356354476495
natural_gas_boiler,power,SI,0,gigawatt,0.0,0.001,inf,0.0,549.4897902899377,549.4897902899377
natural_gas_boiler,power,SK,0,gigawatt,0.0,0.001,inf,0.0,395.7191522692206,395.7191522692206
natural_gas_boiler,power,UK,0,gigawatt,0.0,0.001,inf,0.0,611.0955658341951,611.0955658341951
natural_gas_boiler_DH,power,AT,0,gigawatt,0.005689296648509244,0.006689296648509244,inf,0.0,0.0,0.0
natural_gas_boiler_DH,power,BE,0,gigawatt,0.00802811980412511,0.00902811980412511,inf,0.0,0.0,0.0
natural_gas_boiler_DH,power,BG,0,gigawatt,0.0016204267959551493,0.0026204267959551494,inf,0.0,0.0,0.0
natural_gas_boiler_DH,power,CH,0,gigawatt,0.005517498966286714,0.006517498966286714,inf,0.0,0.0,0.0
natural_gas_boiler_DH,power,CZ,0,gigawatt,0.0006228376986354728,0.001622837698635473,inf,0.0,0.0,0.0
natural_gas_boiler_DH,power,DE,0,gigawatt,0.08211861395312813,0.08311861395312813,inf,0.0,0.0,0.0
natural_gas_boiler_DH,power,DK,0,gigawatt,0.0,0.001,inf,0.0,73.6668782063778,73.6668782063778
natural_gas_boiler_DH,power,EE,0,gigawatt,0.0,0.001,inf,0.0,135.6830018165713,135.6830018165713
natural_gas_boiler_DH,power,EL,0,gigawatt,0.2145391832018926,0.2155391832018926,inf,0.0,0.0,0.0
natural_gas_boiler_DH,power,ES,0,gigawatt,0.10785449996934737,0.10885449996934736,inf,0.0,0.0,0.0
natural_gas_boiler_DH,power,FI,0,gigawatt,0.10737545353352212,0.10837545353352213,inf,0.0,0.0,0.0
natural_gas_boiler_DH,power,FR,0,gigawatt,0.004437971760952336,0.0054379717609523365,inf,0.0,0.0,0.0
natural_gas_boiler_DH,power,HR,0,gigawatt,0.008760030546901484,0.009760030546901484,inf,0.0,0.0,0.0
natural_gas_boiler_DH,power,HU,0,gigawatt,0.061861758995025995,0.062861758995026,inf,0.0,0.0,0.0
natural_gas_boiler_DH,power,IE,0,gigawatt,0.0,0.001,inf,0.0,135.6830018165713,135.6830018165713
natural_gas_boiler_DH,power,IT,0,gigawatt,0.0395197779563258,0.0405197779563258,inf,0.0,0.0,0.0
natural_gas_boiler_DH,power,LT,0,gigawatt,0.0,0.001,inf,0.0,135.6830018165713,135.6830018165713
natural_gas_boiler_DH,power,LU,0,gigawatt,0.0004030785240746173,0.0014030785240746173,inf,0.0,0.0,0.0
natural_gas_boiler_DH,power,LV,0,gigawatt,0.0,0.001,inf,0.0,135.6830018165713,135.6830018165713
natural_gas_boiler_DH,power,NL,0,gigawatt,0.04926265680730291,0.05026265680730291,inf,0.0,0.0,0.0
natural_gas_boiler_DH,power,NO,0,gigawatt,4.79311663227947e-06,0.0010047931166322795,inf,0.0,0.0,0.0
natural_gas_boiler_DH,power,PL,0,gigawatt,0.0305366497548549,0.0315366497548549,inf,0.0,0.0,0.0
natural_gas_boiler_DH,power,PT,0,gigawatt,0.0,0.001,inf,0.0,135.6830018165713,135.6830018165713
natural_gas_boiler_DH,power,RO,0,gigawatt,0.020511934309023094,0.021511934309023095,inf,0.0,0.0,0.0
natural_gas_boiler_DH,power,SE,0,gigawatt,0.0,0.001,inf,-1.0,1.7455945863725617,1.7455945863725617
natural_gas_boiler_DH,power,SI,0,gigawatt,0.0,0.001,inf,0.0,96.99461613655005,96.99461613655005
natural_gas_boiler_DH,power,SK,0,gigawatt,0.0011883332138209616,0.002188333213820961,inf,0.0,0.0,0.0
natural_gas_boiler_DH,power,UK,0,gigawatt,0.0,0.001,inf,0.0,135.6830018165713,135.6830018165713
natural_gas_turbine,power,AT,0,gigawatt,4.137970754639796,4.1389707546397965,inf,0.0,0.0,0.0
natural_gas_turbine,power,BE,0,gigawatt,9.89108919390778,9.892089193907779,inf,0.0,0.0,0.0
natural_gas_turbine,power,BG,0,gigawatt,0.0024788592807108126,0.0034788592807108126,inf,0.0,0.0,0.0
natural_gas_turbine,power,CH,0,gigawatt,8.845483970505114,8.846483970505114,inf,0.0,0.0,0.0
natural_gas_turbine,power,CZ,0,gigawatt,0.0024788592807108126,0.0034788592807108126,inf,0.0,0.0,0.0
natural_gas_turbine,power,DE,0,gigawatt,37.196806979057015,37.19780697905701,inf,0.0,0.0,0.0
natural_gas_turbine,power,DK,0,gigawatt,0.0,0.001,inf,0.0,700.7995811667779,700.7995811667779
natural_gas_turbine,power,EE,0,gigawatt,0.0,0.001,inf,0.0,697.2166335920215,697.2166335920215
natural_gas_turbine,power,EL,0,gigawatt,0.0024788592807108126,0.0034788592807108126,inf,0.0,0.0,0.0
natural_gas_turbine,power,ES,0,gigawatt,0.5664640901571716,0.5674640901571716,inf,0.0,0.0,0.0
natural_gas_turbine,power,FI,0,gigawatt,0.7153564913599967,0.7163564913599967,inf,0.0,0.0,0.0
natural_gas_turbine,power,FR,0,gigawatt,0.0,0.001,inf,0.0,803.7044023440922,803.7044023440922
natural_gas_turbine,power,HR,0,gigawatt,0.0024788592807108126,0.0034788592807108126,inf,0.0,0.0,0.0
natural_gas_turbine,power,HU,0,gigawatt,0.0024788592807108126,0.0034788592807108126,inf,0.0,0.0,0.0
natural_gas_turbine,power,IE,0,gigawatt,0.0,0.001,inf,0.0,857.4722080339171,857.4722080339171
natural_gas_turbine,power,IT,0,gigawatt,0.0024788592807108126,0.0034788592807108126,inf,0.0,0.0,0.0
natural_gas_turbine,power,LT,0,gigawatt,0.0,0.001,inf,0.0,510.7254062735286,510.7254062735286
natural_gas_turbine,power,LU,0,gigawatt,0.0024788592807108126,0.0034788592807108126,inf,0.0,0.0,0.0
natural_gas_turbine,power,LV,0,gigawatt,0.0,0.001,inf,0.0,699.443358534525,699.443358534525
natural_gas_turbine,power,NL,0,gigawatt,0.0024788592807108126,0.0034788592807108126,inf,0.0,0.0,0.0
natural_gas_turbine,power,NO,0,gigawatt,0.0,0.001,inf,0.0,273.0807156364405,273.0807156364405
natural_gas_turbine,power,PL,0,gigawatt,3.335455404429783,3.336455404429783,inf,0.0,0.0,0.0
natural_gas_turbine,power,PT,0,gigawatt,0.0024788592807108126,0.0034788592807108126,inf,0.0,0.0,0.0
natural_gas_turbine,power,RO,0,gigawatt,0.0024788592807108126,0.0034788592807108126,inf,0.0,0.0,0.0
natural_gas_turbine,power,SE,0,gigawatt,0.0,0.001,inf,0.0,1060.4710475134334,1060.4710475134334
natural_gas_turbine,power,SI,0,gigawatt,0.0024788592807108126,0.0034788592807108126,inf,0.0,0.0,0.0
natural_gas_turbine,power,SK,0,gigawatt,0.0024788592807108126,0.0034788592807108126,inf,0.0,0.0,0.0
natural_gas_turbine,power,UK,0,gigawatt,0.0,0.001,inf,0.0,505.69859180846925,505.69859180846925
nuclear,power,AT,0,gigawatt,0.0,0.0,0.0,0.0,-4425.734338411228,-4425.734338411228
nuclear,power,BE,0,gigawatt,5.941999999999999,5.943,5.943,0.0,0.0,0.0
nuclear,power,BG,0,gigawatt,4.021,4.022,4.022,0.0,0.0,0.0
nuclear,power,CH,0,gigawatt,2.919,2.92,2.92,0.0,0.0,0.0
nuclear,power,CZ,0,gigawatt,0.0,2.056,2.056,0.0,145.2653246699756,145.2653246699756
nuclear,power,DE,0,gigawatt,6.614,6.615,6.615,0.0,0.0,0.0
nuclear,power,DK,0,gigawatt,0.0,0.0,0.0,0.0,3038.938783728317,3038.938783728317
nuclear,power,EE,0,gigawatt,0.0,0.0,0.0,0.0,3231.597035185366,3231.597035185366
nuclear,power,EL,0,gigawatt,0.0,0.0,0.0,0.0,-2446.8710492985792,-2446.8710492985792
nuclear,power,ES,0,gigawatt,0.0,0.001,7.163,0.0,690.6932916520209,690.6932916520209
nuclear,power,FI,0,gigawatt,0.0,0.001,3.301,0.0,595.651335621561,595.651335621561
nuclear,power,FR,0,gigawatt,0.0,2.99,64.65,0.0,4063.2398319466233,4063.2398319466233
nuclear,power,HR,0,gigawatt,0.0,0.0,0.0,0.0,-2595.9088729182604,-2595.9088729182604
nuclear,power,HU,0,gigawatt,1.999,2.0,2.0,0.0,0.0,0.0
nuclear,power,IE,0,gigawatt,0.0,0.0,0.0,0.0,3710.509032647062,3710.509032647062
nuclear,power,IT,0,gigawatt,0.0,0.0,0.0,0.0,-2937.5650313702663,-2937.5650313702663
nuclear,power,LT,0,gigawatt,0.0,0.0,0.0,0.0,2113.1672307105546,2113.1672307105546
nuclear,power,LU,0,gigawatt,0.0,0.0,0.0,0.0,-3263.4443676168503,-3263.4443676168503
nuclear,power,LV,0,gigawatt,0.0,0.0,0.0,0.0,2660.710674799247,2660.710674799247
nuclear,power,NL,0,gigawatt,0.0,0.001,0.482,0.0,0.3274049074625509,0.3274049074625509
nuclear,power,NO,0,gigawatt,0.0,0.0,0.0,0.0,2139.999939809792,2139.999939809792
nuclear,power,PL,0,gigawatt,0.0,0.0,0.0,0.0,-3900.195616340454,-3900.195616340454
nuclear,power,PT,0,gigawatt,0.0,0.0,0.0,0.0,412.14933272961116,412.14933272961116
nuclear,power,RO,0,gigawatt,2.7390000000000003,2.74,2.74,0.0,0.0,0.0
nuclear,power,SE,0,gigawatt,0.0,0.001,6.96,0.0,4897.1727268448685,4897.1727268448685
nuclear,power,SI,0,gigawatt,0.695,0.696,0.696,0.0,0.0,0.0
nuclear,power,SK,0,gigawatt,1.7480000000000002,2.684,2.684,0.0,0.0,0.0
nuclear,power,UK,0,gigawatt,0.0,0.001,6.847999999999999,0.0,4214.260648176545,4214.260648176545
oil_boiler,power,AT,0,gigawatt,0.0,0.001,inf,0.0,446.6704071943134,446.6704071943134
oil_boiler,power,BE,0,gigawatt,0.0,0.001,inf,0.0,446.6704071943134,446.6704071943134
oil_boiler,power,BG,0,gigawatt,0.0,0.001,inf,0.0,446.6704071943134,446.6704071943134
oil_boiler,power,CH,0,gigawatt,0.0,0.001,inf,0.0,446.6704071943134,446.6704071943134
oil_boiler,power,CZ,0,gigawatt,0.0,0.001,inf,0.0,446.6704071943134,446.6704071943134
oil_boiler,power,DE,0,gigawatt,0.0,0.001,inf,0.0,446.6704071943134,446.6704071943134
oil_boiler,power,DK,0,gigawatt,0.0,0.001,inf,0.0,446.6704071943134,446.6704071943134
oil_boiler,power,EE,0,gigawatt,0.0,0.001,inf,0.0,446.6704071943134,446.6704071943134
oil_boiler,power,EL,0,gigawatt,0.0,0.001,inf,0.0,446.6704071943134,446.6704071943134
oil_boiler,power,ES,0,gigawatt,0.0,0.001,inf,0.0,446.6704071943134,446.6704071943134
oil_boiler,power,FI,0,gigawatt,0.0,0.001,inf,0.0,446.6704071943134,446.6704071943134
oil_boiler,power,FR,0,gigawatt,0.0,0.001,inf,0.0,446.6704071943134,446.6704071943134
oil_boiler,power,HR,0,gigawatt,0.0,0.001,inf,0.0,446.6704071943134,446.6704071943134
oil_boiler,power,HU,0,gigawatt,0.0,0.001,inf,0.0,269.7252512624214,269.7252512624214
oil_boiler,power,IE,0,gigawatt,0.0,0.001,inf,0.0,446.6704071943134,446.6704071943134
oil_boiler,power,IT,0,gigawatt,0.0,0.001,inf,0.0,446.6704071943134,446.6704071943134
oil_boiler,power,LT,0,gigawatt,0.0,0.001,inf,0.0,446.6704071943134,446.6704071943134
oil_boiler,power,LU,0,gigawatt,0.0,0.001,inf,0.0,446.6704071943134,446.6704071943134
oil_boiler,power,LV,0,gigawatt,0.0,0.001,inf,0.0,446.6704071943134,446.6704071943134
oil_boiler,power,NL,0,gigawatt,0.0,0.001,inf,0.0,234.468672814552,234.468672814552
oil_boiler,power,NO,0,gigawatt,0.0,0.001,inf,0.0,446.6704071943134,446.6704071943134
oil_boiler,power,PL,0,gigawatt,0.0,0.001,inf,0.0,446.6704071943134,446.6704071943134
oil_boiler,power,PT,0,gigawatt,0.0,0.001,inf,0.0,446.6704071943134,446.6704071943134
oil_boiler,power,RO,0,gigawatt,0.0,0.001,inf,0.0,446.6704071943134,446.6704071943134
oil_boiler,power,SE,0,gigawatt,0.0,0.001,inf,0.0,446.6704071943134,446.6704071943134
oil_boiler,power,SI,0,gigawatt,0.0,0.001,inf,0.0,446.6704071943134,446.6704071943134
oil_boiler,power,SK,0,gigawatt,0.0,0.001,inf,0.0,446.6704071943134,446.6704071943134
oil_boiler,power,UK,0,gigawatt,0.0,0.001,inf,0.0,446.6704071943134,446.6704071943134
oil_boiler_DH,power,AT,0,gigawatt,0.0,0.001,inf,0.0,1016.2131490552299,1016.2131490552299
oil_boiler_DH,power,BE,0,gigawatt,0.0,0.001,inf,0.0,1016.2131490552299,1016.2131490552299
oil_boiler_DH,power,BG,0,gigawatt,0.0,0.001,inf,0.0,1016.2131490552299,1016.2131490552299
oil_boiler_DH,power,CH,0,gigawatt,0.0,0.001,inf,0.0,1016.2131490552299,1016.2131490552299
oil_boiler_DH,power,CZ,0,gigawatt,0.0,0.001,inf,0.0,1016.2131490552299,1016.2131490552299
oil_boiler_DH,power,DE,0,gigawatt,0.0,0.001,inf,0.0,1016.2131490552299,1016.2131490552299
oil_boiler_DH,power,DK,0,gigawatt,0.0,0.001,inf,0.0,1016.2131490552299,1016.2131490552299
oil_boiler_DH,power,EE,0,gigawatt,0.0,0.001,inf,0.0,1016.2131490552299,1016.2131490552299
oil_boiler_DH,power,EL,0,gigawatt,0.0,0.001,inf,0.0,1016.2131490552299,1016.2131490552299
oil_boiler_DH,power,ES,0,gigawatt,0.0,0.001,inf,0.0,1016.2131490552299,1016.2131490552299
oil_boiler_DH,power,FI,0,gigawatt,0.0,0.001,inf,0.0,1016.2131490552299,1016.2131490552299
oil_boiler_DH,power,FR,0,gigawatt,0.0,0.001,inf,0.0,1016.2131490552299,1016.2131490552299
oil_boiler_DH,power,HR,0,gigawatt,0.0,0.001,inf,0.0,1016.2131490552299,1016.2131490552299
oil_boiler_DH,power,HU,0,gigawatt,0.0,0.001,inf,0.0,1016.2131490552299,1016.2131490552299
oil_boiler_DH,power,IE,0,gigawatt,0.0,0.001,inf,0.0,1016.2131490552299,1016.2131490552299
oil_boiler_DH,power,IT,0,gigawatt,0.0,0.001,inf,0.0,1016.2131490552299,1016.2131490552299
oil_boiler_DH,power,LT,0,gigawatt,0.0,0.001,inf,0.0,1016.2131490552299,1016.2131490552299
oil_boiler_DH,power,LU,0,gigawatt,0.0,0.001,inf,0.0,1016.2131490552299,1016.2131490552299
oil_boiler_DH,power,LV,0,gigawatt,0.0,0.001,inf,0.0,1016.2131490552299,1016.2131490552299
oil_boiler_DH,power,NL,0,gigawatt,0.0,0.001,inf,0.0,1016.2131490552299,1016.2131490552299
oil_boiler_DH,power,NO,0,gigawatt,0.0,0.001,inf,0.0,1016.2131490552299,1016.2131490552299
oil_boiler_DH,power,PL,0,gigawatt,0.0,0.001,inf,0.0,1016.2131490552299,1016.2131490552299
oil_boiler_DH,power,PT,0,gigawatt,0.0,0.001,inf,0.0,1016.2131490552299,1016.2131490552299
oil_boiler_DH,power,RO,0,gigawatt,0.0,0.001,inf,0.0,1016.2131490552299,1016.2131490552299
oil_boiler_DH,power,SE,0,gigawatt,0.0,0.001,inf,0.0,1016.2131490552299,1016.2131490552299
oil_boiler_DH,power,SI,0,gigawatt,0.0,0.001,inf,0.0,1016.2131490552299,1016.2131490552299
oil_boiler_DH,power,SK,0,gigawatt,0.0,0.001,inf,0.0,1016.2131490552299,1016.2131490552299
oil_boiler_DH,power,UK,0,gigawatt,0.0,0.001,inf,0.0,1016.2131490552299,1016.2131490552299
oil_plant,power,AT,0,gigawatt,0.0,0.001,inf,0.0,2652.2880988891256,2652.2880988891256
oil_plant,power,BE,0,gigawatt,0.0,0.001,inf,0.0,2652.2880988891256,2652.2880988891256
oil_plant,power,BG,0,gigawatt,0.0,0.001,inf,0.0,2652.2880988891256,2652.2880988891256
oil_plant,power,CH,0,gigawatt,0.0,0.001,inf,0.0,2652.2880988891256,2652.2880988891256
oil_plant,power,CZ,0,gigawatt,0.0,0.001,inf,0.0,2652.2880988891256,2652.2880988891256
oil_plant,power,DE,0,gigawatt,0.0,0.001,inf,0.0,2652.2880988891256,2652.2880988891256
oil_plant,power,DK,0,gigawatt,0.0,0.001,inf,0.0,2652.2880988891256,2652.2880988891256
oil_plant,power,EE,0,gigawatt,0.0,0.001,inf,0.0,2652.2880988891256,2652.2880988891256
oil_plant,power,EL,0,gigawatt,0.0,0.001,inf,0.0,2652.2880988891256,2652.2880988891256
oil_plant,power,ES,0,gigawatt,0.0,0.001,inf,0.0,2652.2880988891256,2652.2880988891256
oil_plant,power,FI,0,gigawatt,0.0,0.001,inf,0.0,2652.2880988891256,2652.2880988891256
oil_plant,power,FR,0,gigawatt,0.0,0.001,inf,0.0,2652.2880988891256,2652.2880988891256
oil_plant,power,HR,0,gigawatt,0.0,0.001,inf,0.0,2652.2880988891256,2652.2880988891256
oil_plant,power,HU,0,gigawatt,0.0,0.001,inf,0.0,2652.2880988891256,2652.2880988891256
oil_plant,power,IE,0,gigawatt,0.0,0.001,inf,0.0,2652.2880988891256,2652.2880988891256
oil_plant,power,IT,0,gigawatt,0.0,0.001,inf,0.0,2652.2880988891256,2652.2880988891256
oil_plant,power,LT,0,gigawatt,0.0,0.001,inf,0.0,2652.2880988891256,2652.2880988891256
oil_plant,power,LU,0,gigawatt,0.0,0.001,inf,0.0,2652.2880988891256,2652.2880988891256
oil_plant,power,LV,0,gigawatt,0.0,0.001,inf,0.0,2652.2880988891256,2652.2880988891256
oil_plant,power,NL,0,gigawatt,0.0,0.001,inf,0.0,2652.2880988891256,2652.2880988891256
oil_plant,power,NO,0,gigawatt,0.0,0.001,inf,0.0,2652.2880988891256,2652.2880988891256
oil_plant,power,PL,0,gigawatt,0.0,0.001,inf,0.0,2652.2880988891256,2652.2880988891256
oil_plant,power,PT,0,gigawatt,0.0,0.001,inf,0.0,2652.2880988891256,2652.2880988891256
oil_plant,power,RO,0,gigawatt,0.0,0.001,inf,0.0,2652.2880988891256,2652.2880988891256
oil_plant,power,SE,0,gigawatt,0.0,0.001,inf,0.0,2652.2880988891256,2652.2880988891256
oil_plant,power,SI,0,gigawatt,0.0,0.001,inf,0.0,2652.2880988891256,2652.2880988891256
oil_plant,power,SK,0,gigawatt,0.0,0.001,inf,0.0,2652.2880988891256,2652.2880988891256
oil_plant,power,UK,0,gigawatt,0.0,0.001,inf,0.0,2652.2880988891256,2652.2880988891256
oil_to_diesel_conversion,power,AT,0,gigawatt,0.0,0.001,inf,-1.0,0.0,0.0
oil_to_diesel_conversion,power,BE,0,gigawatt,0.0,0.001,inf,-1.0,0.0,0.0
oil_to_diesel_conversion,power,BG,0,gigawatt,0.0,0.001,inf,-1.0,0.0,0.0
oil_to_diesel_conversion,power,CH,0,gigawatt,0.0,0.001,inf,-1.0,0.0,0.0
oil_to_diesel_conversion,power,CZ,0,gigawatt,0.0,0.001,inf,-1.0,0.0,0.0
oil_to_diesel_conversion,power,DE,0,gigawatt,0.00010333962471956648,0.0011033396247195665,inf,0.0,0.0,0.0
oil_to_diesel_conversion,power,DK,0,gigawatt,0.0,0.001,inf,-1.0,0.0,0.0
oil_to_diesel_conversion,power,EE,0,gigawatt,0.0,0.001,inf,-1.0,0.0,0.0
oil_to_diesel_conversion,power,EL,0,gigawatt,0.0,0.001,inf,-1.0,0.0,0.0
oil_to_diesel_conversion,power,ES,0,gigawatt,0.0,0.001,inf,-1.0,0.0,0.0
oil_to_diesel_conversion,power,FI,0,gigawatt,0.0,0.001,inf,-1.0,0.0,0.0
oil_to_diesel_conversion,power,FR,0,gigawatt,0.0,0.001,inf,-1.0,0.0,0.0
oil_to_diesel_conversion,power,HR,0,gigawatt,0.0,0.001,inf,-1.0,0.0,0.0
oil_to_diesel_conversion,power,HU,0,gigawatt,0.0,0.001,inf,-1.0,0.0,0.0
oil_to_diesel_conversion,power,IE,0,gigawatt,0.0,0.001,inf,-1.0,0.0,0.0
oil_to_diesel_conversion,power,IT,0,gigawatt,0.0,0.001,inf,-1.0,0.0,0.0
oil_to_diesel_conversion,power,LT,0,gigawatt,0.0,0.001,inf,-1.0,0.0,0.0
oil_to_diesel_conversion,power,LU,0,gigawatt,0.0,0.001,inf,-1.0,0.0,0.0
oil_to_diesel_conversion,power,LV,0,gigawatt,0.0,0.001,inf,-1.0,0.0,0.0
oil_to_diesel_conversion,power,NL,0,gigawatt,0.0,0.001,inf,-1.0,0.0,0.0
oil_to_diesel_conversion,power,NO,0,gigawatt,0.0,0.001,inf,-1.0,0.0,0.0
oil_to_diesel_conversion,power,PL,0,gigawatt,0.0,0.001,inf,-1.0,0.0,0.0
oil_to_diesel_conversion,power,PT,0,gigawatt,0.0,0.001,inf,-1.0,0.0,0.0
oil_to_diesel_conversion,power,RO,0,gigawatt,0.0,0.001,inf,-1.0,0.0,0.0
oil_to_diesel_conversion,power,SE,0,gigawatt,0.0,0.001,inf,-1.0,0.0,0.0
oil_to_diesel_conversion,power,SI,0,gigawatt,0.0,0.001,inf,-1.0,0.0,0.0
oil_to_diesel_conversion,power,SK,0,gigawatt,0.0,0.001,inf,-1.0,0.0,0.0
oil_to_diesel_conversion,power,UK,0,gigawatt,0.0,0.001,inf,-1.0,0.0,0.0
oil_to_gasoline_conversion,power,AT,0,gigawatt,0.0,0.001,inf,-1.0,0.0,0.0
oil_to_gasoline_conversion,power,BE,0,gigawatt,0.0,0.001,inf,-1.0,0.0,0.0
oil_to_gasoline_conversion,power,BG,0,gigawatt,0.0,0.001,inf,-1.0,0.0,0.0
oil_to_gasoline_conversion,power,CH,0,gigawatt,0.0,0.001,inf,-1.0,0.0,0.0
oil_to_gasoline_conversion,power,CZ,0,gigawatt,0.0,0.001,inf,-1.0,0.0,0.0
oil_to_gasoline_conversion,power,DE,0,gigawatt,0.0,0.001,inf,-1.0,0.0,0.0
oil_to_gasoline_conversion,power,DK,0,gigawatt,0.0,0.001,inf,-1.0,0.0,0.0
oil_to_gasoline_conversion,power,EE,0,gigawatt,0.0,0.001,inf,-1.0,0.0,0.0
oil_to_gasoline_conversion,power,EL,0,gigawatt,0.0,0.001,inf,-1.0,0.0,0.0
oil_to_gasoline_conversion,power,ES,0,gigawatt,0.0,0.001,inf,-1.0,0.0,0.0
oil_to_gasoline_conversion,power,FI,0,gigawatt,0.0,0.001,inf,-1.0,0.0,0.0
oil_to_gasoline_conversion,power,FR,0,gigawatt,0.0,0.001,inf,-1.0,0.0,0.0
oil_to_gasoline_conversion,power,HR,0,gigawatt,0.0,0.001,inf,-1.0,0.0,0.0
oil_to_gasoline_conversion,power,HU,0,gigawatt,0.0,0.001,inf,-1.0,0.0,0.0
oil_to_gasoline_conversion,power,IE,0,gigawatt,0.0,0.001,inf,-1.0,0.0,0.0
oil_to_gasoline_conversion,power,IT,0,gigawatt,0.0,0.001,inf,-1.0,0.0,0.0
oil_to_gasoline_conversion,power,LT,0,gigawatt,0.0,0.001,inf,-1.0,0.0,0.0
oil_to_gasoline_conversion,power,LU,0,gigawatt,0.0,0.001,inf,-1.0,0.0,0.0
oil_to_gasoline_conversion,power,LV,0,gigawatt,0.0,0.001,inf,-1.0,0.0,0.0
oil_to_gasoline_conversion,power,NL,0,gigawatt,0.0,0.001,inf,-1.0,0.0,0.0
oil_to_gasoline_conversion,power,NO,0,gigawatt,0.0,0.001,inf,-1.0,0.0,0.0
oil_to_gasoline_conversion,power,PL,0,gigawatt,0.0,0.001,inf,-1.0,0.0,0.0
oil_to_gasoline_conversion,power,PT,0,gigawatt,0.0,0.001,inf,-1.0,0.0,0.0
oil_to_gasoline_conversion,power,RO,0,gigawatt,0.0,0.001,inf,-1.0,0.0,0.0
oil_to_gasoline_conversion,power,SE,0,gigawatt,0.0,0.001,inf,-1.0,0.0,0.0
oil_to_gasoline_conversion,power,SI,0,gigawatt,0.0,0.001,inf,-1.0,0.0,0.0
oil_to_gasoline_conversion,power,SK,0,gigawatt,0.0,0.001,inf,-1.0,0.0,0.0
oil_to_gasoline_conversion,power,UK,0,gigawatt,0.0,0.001,inf,-1.0,0.0,0.0
oil_to_kerosene_conversion,power,AT,0,gigawatt,0.4410332191780822,0.4420332191780822,inf,0.0,0.0,0.0
oil_to_kerosene_conversion,power,BE,0,gigawatt,1.5933179223744294,1.5943179223744293,inf,0.0,0.0,0.0
oil_to_kerosene_conversion,power,BG,0,gigawatt,0.1865630136986301,0.1875630136986301,inf,0.0,0.0,0.0
oil_to_kerosene_conversion,power,CH,0,gigawatt,0.4410332191780822,0.4420332191780822,inf,0.0,0.0,0.0
oil_to_kerosene_conversion,power,CZ,0,gigawatt,0.2022091324200913,0.2032091324200913,inf,0.0,0.0,0.0
oil_to_kerosene_conversion,power,DE,0,gigawatt,6.430671689497716,6.431671689497716,inf,0.0,0.0,0.0
oil_to_kerosene_conversion,power,DK,0,gigawatt,0.4619764840182648,0.4629764840182648,inf,0.0,0.0,0.0
oil_to_kerosene_conversion,power,EE,0,gigawatt,0.0324594748858447,0.0334594748858447,inf,0.0,0.0,0.0
oil_to_kerosene_conversion,power,EL,0,gigawatt,0.5879987442922374,0.5889987442922374,inf,0.0,0.0,0.0
oil_to_kerosene_conversion,power,ES,0,gigawatt,3.3593595890410963,3.360359589041096,inf,0.0,0.0,0.0
oil_to_kerosene_conversion,power,FI,0,gigawatt,0.4122832191780822,0.4132832191780822,inf,0.0,0.0,0.0
oil_to_kerosene_conversion,power,FR,0,gigawatt,4.838227511415525,4.839227511415525,inf,0.0,0.0,0.0
oil_to_kerosene_conversion,power,HR,0,gigawatt,0.0774800228310502,0.0784800228310502,inf,0.0,0.0,0.0
oil_to_kerosene_conversion,power,HU,0,gigawatt,0.1336256849315068,0.1346256849315068,inf,0.0,0.0,0.0
oil_to_kerosene_conversion,power,IE,0,gigawatt,0.5272480593607306,0.5282480593607306,inf,0.0,0.0,0.0
oil_to_kerosene_conversion,power,IT,0,gigawatt,2.4372183789954343,2.438218378995434,inf,0.0,0.0,0.0
oil_to_kerosene_conversion,power,LT,0,gigawatt,0.0711881278538812,0.0721881278538812,inf,0.0,0.0,0.0
oil_to_kerosene_conversion,power,LU,0,gigawatt,0.7247484018264839,0.7257484018264839,inf,0.0,0.0,0.0
oil_to_kerosene_conversion,power,LV,0,gigawatt,0.0765028538812785,0.0775028538812785,inf,0.0,0.0,0.0
oil_to_kerosene_conversion,power,NL,0,gigawatt,2.949445091324201,2.950445091324201,inf,0.0,0.0,0.0
oil_to_kerosene_conversion,power,NO,0,gigawatt,0.5359022831050229,0.5369022831050229,inf,0.0,0.0,0.0
oil_to_kerosene_conversion,power,PL,0,gigawatt,0.6250933789954338,0.6260933789954338,inf,0.0,0.0,0.0
oil_to_kerosene_conversion,power,PT,0,gigawatt,0.8074656392694064,0.8084656392694064,inf,0.0,0.0,0.0
oil_to_kerosene_conversion,power,RO,0,gigawatt,0.1116652968036529,0.1126652968036529,inf,0.0,0.0,0.0
oil_to_kerosene_conversion,power,SE,0,gigawatt,0.5366328767123287,0.5376328767123287,inf,0.0,0.0,0.0
oil_to_kerosene_conversion,power,SI,0,gigawatt,0.0122058219178082,0.0132058219178082,inf,0.0,0.0,0.0
oil_to_kerosene_conversion,power,SK,0,gigawatt,0.0374449771689497,0.0384449771689497,inf,0.0,0.0,0.0
oil_to_kerosene_conversion,power,UK,0,gigawatt,17.23254920091324,17.23354920091324,inf,0.0,0.0,0.0
oil_to_naphtha_conversion,power,AT,0,gigawatt,0.0,0.001,inf,-1.0,0.0,0.0
oil_to_naphtha_conversion,power,BE,0,gigawatt,0.0,0.001,inf,-1.0,0.0,0.0
oil_to_naphtha_conversion,power,BG,0,gigawatt,0.0,0.001,inf,-1.0,0.0,0.0
oil_to_naphtha_conversion,power,CH,0,gigawatt,0.0,0.001,inf,-1.0,0.0,0.0
oil_to_naphtha_conversion,power,CZ,0,gigawatt,0.0,0.001,inf,-1.0,0.0,0.0
oil_to_naphtha_conversion,power,DE,0,gigawatt,0.0,0.001,inf,-1.0,0.0,0.0
oil_to_naphtha_conversion,power,DK,0,gigawatt,0.0,0.001,inf,-1.0,0.0,0.0
oil_to_naphtha_conversion,power,EE,0,gigawatt,0.0,0.001,inf,-1.0,0.0,0.0
oil_to_naphtha_conversion,power,EL,0,gigawatt,0.0,0.001,inf,-1.0,0.0,0.0
oil_to_naphtha_conversion,power,ES,0,gigawatt,0.0,0.001,inf,-1.0,0.0,0.0
oil_to_naphtha_conversion,power,FI,0,gigawatt,0.0,0.001,inf,-1.0,0.0,0.0
oil_to_naphtha_conversion,power,FR,0,gigawatt,0.0,0.001,inf,-1.0,0.0,0.0
oil_to_naphtha_conversion,power,HR,0,gigawatt,0.0,0.001,inf,-1.0,0.0,0.0
oil_to_naphtha_conversion,power,HU,0,gigawatt,0.0,0.001,inf,-1.0,0.0,0.0
oil_to_naphtha_conversion,power,IE,0,gigawatt,0.0,0.001,inf,-1.0,0.0,0.0
oil_to_naphtha_conversion,power,IT,0,gigawatt,0.0,0.001,inf,-1.0,0.0,0.0
oil_to_naphtha_conversion,power,LT,0,gigawatt,0.0,0.001,inf,-1.0,0.0,0.0
oil_to_naphtha_conversion,power,LU,0,gigawatt,0.0,0.001,inf,-1.0,0.0,0.0
oil_to_naphtha_conversion,power,LV,0,gigawatt,0.0,0.001,inf,-1.0,0.0,0.0
oil_to_naphtha_conversion,power,NL,0,gigawatt,0.0,0.001,inf,-1.0,0.0,0.0
oil_to_naphtha_conversion,power,NO,0,gigawatt,0.0,0.001,inf,-1.0,0.0,0.0
oil_to_naphtha_conversion,power,PL,0,gigawatt,0.0,0.001,inf,-1.0,0.0,0.0
oil_to_naphtha_conversion,power,PT,0,gigawatt,0.0,0.001,inf,-1.0,0.0,0.0
oil_to_naphtha_conversion,power,RO,0,gigawatt,0.0,0.001,inf,-1.0,0.0,0.0
oil_to_naphtha_conversion,power,SE,0,gigawatt,0.0,0.001,inf,-1.0,0.0,0.0
oil_to_naphtha_conversion,power,SI,0,gigawatt,0.0,0.001,inf,-1.0,0.0,0.0
oil_to_naphtha_conversion,power,SK,0,gigawatt,0.0,0.001,inf,-1.0,0.0,0.0
oil_to_naphtha_conversion,power,UK,0,gigawatt,0.0,0.001,inf,-1.0,0.0,0.0
olefin_from_methanol,power,AT,0,kilotonproduct / hour,0.09097568561055329,0.09197568561055329,inf,0.0,0.0,0.0
olefin_from_methanol,power,BE,0,kilotonproduct / hour,0.20727457695406928,0.20827457695406928,inf,0.0,0.0,0.0
olefin_from_methanol,power,BG,0,kilotonproduct / hour,0.029806150349935265,0.030806150349935266,inf,0.0,0.0,0.0
olefin_from_methanol,power,CH,0,kilotonproduct / hour,0.09097568561055329,0.09197568561055329,inf,0.0,0.0,0.0
olefin_from_methanol,power,CZ,0,kilotonproduct / hour,0.05714373149598457,0.05814373149598457,inf,0.0,0.0,0.0
olefin_from_methanol,power,DE,0,kilotonproduct / hour,0.5869334941918893,0.5879334941918893,inf,0.0,0.0,0.0
olefin_from_methanol,power,DK,0,kilotonproduct / hour,0.0,0.001,inf,0.0,5609.037395186219,5609.037395186219
olefin_from_methanol,power,EE,0,kilotonproduct / hour,0.0,0.001,inf,0.0,5609.037395186219,5609.037395186219
olefin_from_methanol,power,EL,0,kilotonproduct / hour,0.1865256407934884,0.1875256407934884,inf,0.0,0.0,0.0
olefin_from_methanol,power,ES,0,kilotonproduct / hour,0.1141625003395232,0.1151625003395232,inf,0.0,0.0,0.0
olefin_from_methanol,power,FI,0,kilotonproduct / hour,0.03183924933679797,0.03283924933679797,inf,0.0,0.0,0.0
olefin_from_methanol,power,FR,0,kilotonproduct / hour,0.2748488238915698,0.2758488238915698,inf,0.0,0.0,0.0
olefin_from_methanol,power,HR,0,kilotonproduct / hour,0.0035081621381814225,0.0045081621381814225,inf,0.0,0.0,0.0
olefin_from_methanol,power,HU,0,kilotonproduct / hour,0.09549249880035128,0.09649249880035128,inf,0.0,0.0,0.0
olefin_from_methanol,power,IE,0,kilotonproduct / hour,0.006407398437287798,0.007407398437287798,inf,0.0,0.0,0.0
olefin_from_methanol,power,IT,0,kilotonproduct / hour,0.32426433014332406,0.32526433014332407,inf,0.0,0.0,0.0
olefin_from_methanol,power,LT,0,kilotonproduct / hour,0.0,0.001,inf,0.0,5609.037395186219,5609.037395186219
olefin_from_methanol,power,LU,0,kilotonproduct / hour,0.0,0.001,inf,0.0,5609.037395186219,5609.037395186219
olefin_from_methanol,power,LV,0,kilotonproduct / hour,0.0,0.001,inf,0.0,5609.037395186219,5609.037395186219
olefin_from_methanol,power,NL,0,kilotonproduct / hour,0.958991919347391,0.959991919347391,inf,0.0,0.0,0.0
olefin_from_methanol,power,NO,0,kilotonproduct / hour,0.332401391139802,0.333401391139802,inf,0.0,0.0,0.0
olefin_from_methanol,power,PL,0,kilotonproduct / hour,0.2056548882289563,0.2066548882289563,inf,0.0,0.0,0.0
olefin_from_methanol,power,PT,0,kilotonproduct / hour,0.08820081666651576,0.08920081666651576,inf,0.0,0.0,0.0
olefin_from_methanol,power,RO,0,kilotonproduct / hour,0.011479766679643996,0.012479766679643995,inf,0.0,0.0,0.0
olefin_from_methanol,power,SE,0,kilotonproduct / hour,0.01930400456319206,0.02030400456319206,inf,0.0,0.0,0.0
olefin_from_methanol,power,SI,0,kilotonproduct / hour,0.0,0.001,inf,0.0,5609.037395186219,5609.037395186219
olefin_from_methanol,power,SK,0,kilotonproduct / hour,0.05444036614183921,0.05544036614183921,inf,0.0,0.0,0.0
olefin_from_methanol,power,UK,0,kilotonproduct / hour,0.1766103405191536,0.17761034051915361,inf,0.0,0.0,0.0
olefin_from_naphtha,power,AT,0,kilotonproduct / hour,0.0,0.001,inf,0.0,8743.50433532605,8743.50433532605
olefin_from_naphtha,power,BE,0,kilotonproduct / hour,0.0,0.001,inf,0.0,8743.50433532605,8743.50433532605
olefin_from_naphtha,power,BG,0,kilotonproduct / hour,0.0,0.001,inf,0.0,8743.50433532605,8743.50433532605
olefin_from_naphtha,power,CH,0,kilotonproduct / hour,0.0,0.001,inf,0.0,8743.50433532605,8743.50433532605
olefin_from_naphtha,power,CZ,0,kilotonproduct / hour,0.0,0.001,inf,0.0,8743.50433532605,8743.50433532605
olefin_from_naphtha,power,DE,0,kilotonproduct / hour,0.0,0.001,inf,0.0,8743.50433532605,8743.50433532605
olefin_from_naphtha,power,DK,0,kilotonproduct / hour,0.0,0.001,inf,0.0,8743.50433532605,8743.50433532605
olefin_from_naphtha,power,EE,0,kilotonproduct / hour,0.0,0.001,inf,0.0,8743.50433532605,8743.50433532605
olefin_from_naphtha,power,EL,0,kilotonproduct / hour,0.0,0.001,inf,0.0,8743.50433532605,8743.50433532605
olefin_from_naphtha,power,ES,0,kilotonproduct / hour,0.0,0.001,inf,0.0,8743.50433532605,8743.50433532605
olefin_from_naphtha,power,FI,0,kilotonproduct / hour,0.0,0.001,inf,0.0,8743.50433532605,8743.50433532605
olefin_from_naphtha,power,FR,0,kilotonproduct / hour,0.0,0.001,inf,0.0,8743.50433532605,8743.50433532605
olefin_from_naphtha,power,HR,0,kilotonproduct / hour,0.0,0.001,inf,0.0,8743.50433532605,8743.50433532605
olefin_from_naphtha,power,HU,0,kilotonproduct / hour,0.0,0.001,inf,0.0,8743.50433532605,8743.50433532605
olefin_from_naphtha,power,IE,0,kilotonproduct / hour,0.0,0.001,inf,0.0,8743.50433532605,8743.50433532605
olefin_from_naphtha,power,IT,0,kilotonproduct / hour,0.0,0.001,inf,0.0,8743.50433532605,8743.50433532605
olefin_from_naphtha,power,LT,0,kilotonproduct / hour,0.0,0.001,inf,0.0,8743.50433532605,8743.50433532605
olefin_from_naphtha,power,LU,0,kilotonproduct / hour,0.0,0.001,inf,0.0,8743.50433532605,8743.50433532605
olefin_from_naphtha,power,LV,0,kilotonproduct / hour,0.0,0.001,inf,0.0,8743.50433532605,8743.50433532605
olefin_from_naphtha,power,NL,0,kilotonproduct / hour,0.0,0.001,inf,0.0,8743.50433532605,8743.50433532605
olefin_from_naphtha,power,NO,0,kilotonproduct / hour,0.0,0.001,inf,0.0,8743.50433532605,8743.50433532605
olefin_from_naphtha,power,PL,0,kilotonproduct / hour,0.0,0.001,inf,0.0,8743.50433532605,8743.50433532605
olefin_from_naphtha,power,PT,0,kilotonproduct / hour,0.0,0.001,inf,0.0,8743.50433532605,8743.50433532605
olefin_from_naphtha,power,RO,0,kilotonproduct / hour,0.0,0.001,inf,0.0,8743.50433532605,8743.50433532605
olefin_from_naphtha,power,SE,0,kilotonproduct / hour,0.0,0.001,inf,0.0,8743.50433532605,8743.50433532605
olefin_from_naphtha,power,SI,0,kilotonproduct / hour,0.0,0.001,inf,0.0,8743.50433532605,8743.50433532605
olefin_from_naphtha,power,SK,0,kilotonproduct / hour,0.0,0.001,inf,0.0,8743.50433532605,8743.50433532605
olefin_from_naphtha,power,UK,0,kilotonproduct / hour,0.0,0.001,inf,0.0,8743.50433532605,8743.50433532605
photovoltaics,power,AT,0,gigawatt,146.91899999999998,146.92,146.92,0.0,0.0,0.0
photovoltaics,power,BE,0,gigawatt,104.059,104.06,104.06,0.0,0.0,0.0
photovoltaics,power,BG,0,gigawatt,53.87597415513274,53.876974155132736,298.95,0.0,0.0,0.0
photovoltaics,power,CH,0,gigawatt,59.71694910850417,59.717949108504165,59.717949108504165,0.0,0.0,0.0
photovoltaics,power,CZ,0,gigawatt,0.0,0.001,223.08,-1.0,15.258397099285446,15.258397099285446
photovoltaics,power,DE,0,gigawatt,455.91446765268245,455.9154676526824,987.83,0.0,0.0,0.0
photovoltaics,power,DK,0,gigawatt,0.0,0.001,151.79999999999998,0.0,78.39268038602862,78.39268038602862
photovoltaics,power,EE,0,gigawatt,0.0,0.001,55.33,0.0,106.0095311418057,106.0095311418057
photovoltaics,power,EL,0,gigawatt,89.21220540283758,89.21320540283759,313.82,0.0,0.0,0.0
photovoltaics,power,ES,0,gigawatt,445.3795102053435,445.38051020534346,1315.46,0.0,0.0,0.0
photovoltaics,power,FI,0,gigawatt,0.0,0.001,72.47,0.0,67.05308954463845,67.05308954463845
photovoltaics,power,FR,0,gigawatt,267.643315625518,267.644315625518,1644.49,0.0,0.0,0.0
photovoltaics,power,HR,0,gigawatt,34.24776753545414,34.248767535454135,99.46,0.0,0.0,0.0
photovoltaics,power,HU,0,gigawatt,17.768217399420834,17.769217399420835,321.4,0.0,0.0,0.0
photovoltaics,power,IE,0,gigawatt,0.0,0.001,226.61,-1.0,23.923137947713485,23.923137947713485
photovoltaics,power,IT,0,gigawatt,757.8429873205675,757.8439873205675,885.69,0.0,0.0,0.0
photovoltaics,power,LT,0,gigawatt,0.0,0.001,186.67,0.0,73.1123988026593,73.1123988026593
photovoltaics,power,LU,0,gigawatt,0.412134132808185,0.413134132808185,6.18,0.0,0.0,0.0
photovoltaics,power,LV,0,gigawatt,0.0,0.001,96.4,0.0,89.76224713662305,89.76224713662305
photovoltaics,power,NL,0,gigawatt,56.36353171545034,56.36453171545034,134.83,0.0,0.0,0.0
photovoltaics,power,NO,0,gigawatt,0.0,0.001,28.532725082404813,0.0,68.29606694537844,68.29606694537844
photovoltaics,power,PL,0,gigawatt,47.888972220663256,47.88997222066325,893.39,0.0,0.0,0.0
photovoltaics,power,PT,0,gigawatt,31.133843668900223,31.134843668900224,183.75,0.0,0.0,0.0
photovoltaics,power,RO,0,gigawatt,73.41966579444494,73.42066579444494,761.24,0.0,0.0,0.0
photovoltaics,power,SE,0,gigawatt,0.0,0.001,141.16,0.0,156.15530185685486,156.15530185685486
photovoltaics,power,SI,0,gigawatt,0.0,0.001,35.68,0.0,34.53607417154859,34.53607417154859
photovoltaics,power,SK,0,gigawatt,0.0,0.001,119.88,0.0,1.1445251616295309,1.1445251616295309
photovoltaics,power,UK,0,gigawatt,74.95477734509807,74.95577734509807,693.1,0.0,0.0,0.0
pyrolysis,power,AT,0,gigawatt,0.0,0.001,inf,0.0,3469.1406237147394,3469.1406237147394
pyrolysis,power,BE,0,gigawatt,0.0,0.001,inf,0.0,3469.1406237147394,3469.1406237147394
pyrolysis,power,BG,0,gigawatt,0.0,0.001,inf,0.0,3469.1406237147394,3469.1406237147394
pyrolysis,power,CH,0,gigawatt,0.0,0.001,inf,0.0,3469.1406237147394,3469.1406237147394
pyrolysis,power,CZ,0,gigawatt,0.0,0.001,inf,0.0,3469.1406237147394,3469.1406237147394
pyrolysis,power,DE,0,gigawatt,0.0,0.001,inf,0.0,3469.1406237147394,3469.1406237147394
pyrolysis,power,DK,0,gigawatt,0.0,0.001,inf,0.0,3469.1406237147394,3469.1406237147394
pyrolysis,power,EE,0,gigawatt,0.0,0.001,inf,0.0,3469.1406237147394,3469.1406237147394
pyrolysis,power,EL,0,gigawatt,0.0,0.001,inf,0.0,3469.1406237147394,3469.1406237147394
pyrolysis,power,ES,0,gigawatt,0.0,0.001,inf,0.0,3469.1406237147394,3469.1406237147394
pyrolysis,power,FI,0,gigawatt,0.0,0.001,inf,0.0,3469.1406237147394,3469.1406237147394
pyrolysis,power,FR,0,gigawatt,0.0,0.001,inf,0.0,3469.1406237147394,3469.1406237147394
pyrolysis,power,HR,0,gigawatt,0.0,0.001,inf,0.0,3469.1406237147394,3469.1406237147394
pyrolysis,power,HU,0,gigawatt,0.0,0.001,inf,0.0,3469.1406237147394,3469.1406237147394
pyrolysis,power,IE,0,gigawatt,0.0,0.001,inf,0.0,3469.1406237147394,3469.1406237147394
pyrolysis,power,IT,0,gigawatt,0.0,0.001,inf,0.0,3469.1406237147394,3469.1406237147394
pyrolysis,power,LT,0,gigawatt,0.0,0.001,inf,0.0,3469.1406237147394,3469.1406237147394
pyrolysis,power,LU,0,gigawatt,0.0,0.001,inf,0.0,3469.1406237147394,3469.1406237147394
pyrolysis,power,LV,0,gigawatt,0.0,0.001,inf,0.0,3469.1406237147394,3469.1406237147394
pyrolysis,power,NL,0,gigawatt,0.0,0.001,inf,0.0,3469.1406237147394,3469.1406237147394
pyrolysis,power,NO,0,gigawatt,0.0,0.001,inf,0.0,3469.1406237147394,3469.1406237147394
pyrolysis,power,PL,0,gigawatt,0.0,0.001,inf,0.0,3469.1406237147394,3469.1406237147394
pyrolysis,power,PT,0,gigawatt,0.0,0.001,inf,0.0,3469.1406237147394,3469.1406237147394
pyrolysis,power,RO,0,gigawatt,0.0,0.001,inf,0.0,3469.1406237147394,3469.1406237147394
pyrolysis,power,SE,0,gigawatt,0.0,0.001,inf,0.0,3469.1406237147394,3469.1406237147394
pyrolysis,power,SI,0,gigawatt,0.0,0.001,inf,0.0,3469.1406237147394,3469.1406237147394
pyrolysis,power,SK,0,gigawatt,0.0,0.001,inf,0.0,3469.1406237147394,3469.1406237147394
pyrolysis,power,UK,0,gigawatt,0.0,0.001,inf,0.0,3469.1406237147394,3469.1406237147394
refining,power,AT,0,gigawatt,0.4416655986797793,0.4426655986797793,inf,0.0,0.0,0.0
refining,power,BE,0,gigawatt,1.5939098228748991,1.594909822874899,inf,0.0,0.0,0.0
refining,power,BG,0,gigawatt,0.18717601009055934,0.18817601009055934,inf,0.0,0.0,0.0
refining,power,CH,0,gigawatt,0.4416732173964169,0.4426732173964169,inf,0.0,0.0,0.0
refining,power,CZ,0,gigawatt,0.20281431276161718,0.20381431276161718,inf,0.0,0.0,0.0
refining,power,DE,0,gigawatt,6.431330668867288,6.432330668867288,inf,0.0,0.0,0.0
refining,power,DK,0,gigawatt,0.46257820611005507,0.46357820611005507,inf,0.0,0.0,0.0
refining,power,EE,0,gigawatt,0.03303285982473042,0.03403285982473042,inf,0.0,0.0,0.0
refining,power,EL,0,gigawatt,0.5885844109847205,0.5895844109847205,inf,0.0,0.0,0.0
refining,power,ES,0,gigawatt,3.3599980070538944,3.3609980070538943,inf,0.0,0.0,0.0
refining,power,FI,0,gigawatt,0.412874496513785,0.413874496513785,inf,0.0,0.0,0.0
refining,power,FR,0,gigawatt,4.838821511097728,4.839821511097728,inf,0.0,0.0,0.0
refining,power,HR,0,gigawatt,0.0780760638393884,0.0790760638393884,inf,0.0,0.0,0.0
refining,power,HU,0,gigawatt,0.13423862875964213,0.13523862875964213,inf,0.0,0.0,0.0
refining,power,IE,0,gigawatt,0.5278306436493393,0.5288306436493393,inf,0.0,0.0,0.0
refining,power,IT,0,gigawatt,2.437813596185233,2.438813596185233,inf,0.0,0.0,0.0
refining,power,LT,0,gigawatt,0.07179763089777676,0.07279763089777676,inf,0.0,0.0,0.0
refining,power,LU,0,gigawatt,0.725362270573063,0.726362270573063,inf,0.0,0.0,0.0
refining,power,LV,0,gigawatt,0.0771023511256556,0.0781023511256556,inf,0.0,0.0,0.0
refining,power,NL,0,gigawatt,2.950067533326518,2.9510675333265177,inf,0.0,0.0,0.0
refining,power,NO,0,gigawatt,0.5365147489180515,0.5375147489180515,inf,0.0,0.0,0.0
refining,power,PL,0,gigawatt,0.6257507722003005,0.6267507722003005,inf,0.0,0.0,0.0
refining,power,PT,0,gigawatt,0.8081441961968431,0.8091441961968431,inf,0.0,0.0,0.0
refining,power,RO,0,gigawatt,0.11226058363940439,0.11326058363940439,inf,0.0,0.0,0.0
refining,power,SE,0,gigawatt,0.5372345802270903,0.5382345802270903,inf,0.0,0.0,0.0
refining,power,SI,0,gigawatt,0.01280593603834411,0.01380593603834411,inf,0.0,0.0,0.0
refining,power,SK,0,gigawatt,0.0380481193887934,0.0390481193887934,inf,0.0,0.0,0.0
refining,power,UK,0,gigawatt,17.23314436192503,17.234144361925033,inf,0.0,0.0,0.0
reservoir_hydro,power,AT,0,gigawatt,5.141919999999999,5.142919999999999,5.142919999999999,0.0,0.0,0.0
reservoir_hydro,power,BE,0,gigawatt,0.01173566879,0.01273566879,0.01273566879,0.0,0.0,0.0
reservoir_hydro,power,BG,0,gigawatt,0.6552535761053473,0.6562535761053473,1.49954,0.0,0.0,0.0
reservoir_hydro,power,CH,0,gigawatt,0.0,4.053131344773754,9.53123,0.0,613.0581849179293,613.0581849179293
reservoir_hydro,power,CZ,0,gigawatt,0.0,0.001,0.711483902285,0.0,326.2541217883145,326.2541217883145
reservoir_hydro,power,DE,0,gigawatt,0.1885,0.1895,0.1895,0.0,0.0,0.0
reservoir_hydro,power,DK,0,gigawatt,0.0,0.0,0.0,0.0,2826.270299834934,2826.270299834934
reservoir_hydro,power,EE,0,gigawatt,0.0,0.0,0.0,0.0,3170.742822451225,3170.742822451225
reservoir_hydro,power,EL,0,gigawatt,0.0,0.2991748071979434,2.5862,0.0,570.1525586521329,570.1525586521329
reservoir_hydro,power,ES,0,gigawatt,16.301332000000002,16.963432,16.963432,0.0,0.0,0.0
reservoir_hydro,power,FI,0,gigawatt,1.344,1.345,1.345,0.0,0.0,0.0
reservoir_hydro,power,FR,0,gigawatt,0.0,1.5298203282121163,9.079638216549,0.0,411.2445412325087,411.2445412325087
reservoir_hydro,power,HR,0,gigawatt,1.3266244585990001,1.327624458599,1.327624458599,0.0,0.0,0.0
reservoir_hydro,power,HU,0,gigawatt,0.027,0.028,0.028,0.0,0.0,0.0
reservoir_hydro,power,IE,0,gigawatt,0.0,0.001,0.001,0.0,1411.6531612219185,1411.6531612219185
reservoir_hydro,power,IT,0,gigawatt,5.48424,5.48524,5.48524,0.0,0.0,0.0
reservoir_hydro,power,LT,0,gigawatt,0.0,0.001,0.101,0.0,338.942539456521,338.942539456521
reservoir_hydro,power,LU,0,gigawatt,0.0,0.0,0.0,0.0,2832.0052127993017,2832.0052127993017
reservoir_hydro,power,LV,0,gigawatt,0.0,0.001,0.884,0.0,2198.6073222211385,2198.6073222211385
reservoir_hydro,power,NL,0,gigawatt,0.0,0.0,0.0,0.0,2826.270299834934,2826.270299834934
reservoir_hydro,power,NO,0,gigawatt,0.0,5.720685600000001,32.3149466,0.0,175.86364733399114,175.86364733399114
reservoir_hydro,power,PL,0,gigawatt,0.0,0.001,0.418353910828,0.0,3232.6852457106834,3232.6852457106834
reservoir_hydro,power,PT,0,gigawatt,0.39600535117056845,1.3304,1.3304,0.0,0.0,0.0
reservoir_hydro,power,RO,0,gigawatt,5.3024801274,5.3034801274,5.3034801274,0.0,0.0,0.0
reservoir_hydro,power,SE,0,gigawatt,0.0,0.001,11.645763516856,0.0,1115.1241298549965,1115.1241298549965
reservoir_hydro,power,SI,0,gigawatt,0.60119,0.60219,0.60219,0.0,0.0,0.0
reservoir_hydro,power,SK,0,gigawatt,0.0,0.8044000000000001,0.8044000000000001,0.0,0.0,0.0
reservoir_hydro,power,UK,0,gigawatt,0.0,0.001,0.524,0.0,3232.6852457106834,3232.6852457106834
run-of-river_hydro,power,AT,0,gigawatt,5.9039,6.0759,6.0759,0.0,-4.547473508864641e-13,-4.547473508864641e-13
run-of-river_hydro,power,BE,0,gigawatt,0.058015339743,0.059015339743,0.059015339743,0.0,-4.547473508864641e-13,-4.547473508864641e-13
run-of-river_hydro,power,BG,0,gigawatt,0.0,0.001,0.0224,0.0,239.37248927359224,239.37248927359224
run-of-river_hydro,power,CH,0,gigawatt,0.0,1.2117200000000001,4.87232,0.0,772.2031866064822,772.2031866064822
run-of-river_hydro,power,CZ,0,gigawatt,0.0,0.001,0.04022638227,0.0,759.832017030421,759.832017030421
run-of-river_hydro,power,DE,0,gigawatt,2.496904206792777,2.70390501,2.70390501,0.0,-4.547473508864641e-13,-4.547473508864641e-13
run-of-river_hydro,power,DK,0,gigawatt,0.0,0.0,0.0,0.0,3075.114751464169,3075.114751464169
run-of-river_hydro,power,EE,0,gigawatt,0.0,0.0,0.0,0.0,3311.58186443894,3311.58186443894
run-of-river_hydro,power,EL,0,gigawatt,0.0,0.001,0.1100999999999999,0.0,1044.7739031976785,1044.7739031976785
run-of-river_hydro,power,ES,0,gigawatt,1.3957639999999998,1.640764,1.640764,0.0,-4.547473508864641e-13,-4.547473508864641e-13
run-of-river_hydro,power,FI,0,gigawatt,1.2886000000000002,1.2896,1.2896,0.0,-4.547473508864641e-13,-4.547473508864641e-13
run-of-river_hydro,power,FR,0,gigawatt,0.0,1.0543578801537359,6.211502562518999,0.0,875.855228711592,875.855228711592
run-of-river_hydro,power,HR,0,gigawatt,0.277667730292,0.278667730292,0.278667730292,0.0,-4.547473508864641e-13,-4.547473508864641e-13
run-of-river_hydro,power,HU,0,gigawatt,0.018699999999999998,0.0197,0.0197,0.0,-4.547473508864641e-13,-4.547473508864641e-13
run-of-river_hydro,power,IE,0,gigawatt,0.0,0.001,0.216,0.0,1803.525059237433,1803.525059237433
run-of-river_hydro,power,IT,0,gigawatt,5.75596,5.75696,5.75696,0.0,-4.547473508864641e-13,-4.547473508864641e-13
run-of-river_hydro,power,LT,0,gigawatt,0.0,0.001,0.101,0.0,3527.8170713927075,3527.8170713927075
run-of-river_hydro,power,LU,0,gigawatt,0.0,0.0,0.0,0.0,3079.051548226784,3079.051548226784
run-of-river_hydro,power,LV,0,gigawatt,0.0,0.001,0.7421,0.0,2546.889891186115,2546.889891186115
run-of-river_hydro,power,NL,0,gigawatt,0.0,0.0,0.0,0.0,3075.114751464169,3075.114751464169
run-of-river_hydro,power,NO,0,gigawatt,0.0,0.0,0.0,0.0,3354.1029511357187,3354.1029511357187
run-of-river_hydro,power,PL,0,gigawatt,0.0,0.001,0.168,0.0,3527.8170713927075,3527.8170713927075
run-of-river_hydro,power,PT,0,gigawatt,1.805,1.996,1.996,0.0,-4.547473508864641e-13,-4.547473508864641e-13
run-of-river_hydro,power,RO,0,gigawatt,0.0,0.001,1.161,0.0,267.6764028338994,267.6764028338994
run-of-river_hydro,power,SE,0,gigawatt,0.0,0.001,1.995,0.0,1471.1565668409303,1471.1565668409303
run-of-river_hydro,power,SI,0,gigawatt,0.6648100000000003,0.883851,0.883851,0.0,-4.547473508864641e-13,-4.547473508864641e-13
run-of-river_hydro,power,SK,0,gigawatt,0.0,0.001,0.61984,0.0,370.3210655991361,370.3210655991361
run-of-river_hydro,power,UK,0,gigawatt,0.0,0.1,1.37,0.0,3527.8170713927075,3527.8170713927075
waste_boiler_DH,power,AT,0,gigawatt,0.0,0.001,inf,0.0,1976.36473625692,1976.36473625692
waste_boiler_DH,power,BE,0,gigawatt,0.0,0.001,inf,0.0,1984.232394716975,1984.232394716975
waste_boiler_DH,power,BG,0,gigawatt,0.0,0.001,inf,0.0,1985.0600395254714,1985.0600395254714
waste_boiler_DH,power,CH,0,gigawatt,0.0,0.001,inf,0.0,1985.5791005303254,1985.5791005303254
waste_boiler_DH,power,CZ,0,gigawatt,0.0,0.001,inf,0.0,1963.5086787511686,1963.5086787511686
waste_boiler_DH,power,DE,0,gigawatt,0.0,0.001,inf,0.0,1967.8244282093654,1967.8244282093654
waste_boiler_DH,power,DK,0,gigawatt,0.0,0.001,inf,0.0,1987.5129987460382,1987.5129987460382
waste_boiler_DH,power,EE,0,gigawatt,0.0,0.001,inf,0.0,1987.5129987460382,1987.5129987460382
waste_boiler_DH,power,EL,0,gigawatt,0.0,0.001,inf,0.0,1987.5129987460382,1987.5129987460382
waste_boiler_DH,power,ES,0,gigawatt,0.0,0.001,inf,0.0,1987.5129987460382,1987.5129987460382
waste_boiler_DH,power,FI,0,gigawatt,0.0,0.001,inf,0.0,1987.5129987460382,1987.5129987460382
waste_boiler_DH,power,FR,0,gigawatt,0.0,0.001,inf,0.0,1982.253653934197,1982.253653934197
waste_boiler_DH,power,HR,0,gigawatt,0.0,0.001,inf,0.0,1987.5129987460382,1987.5129987460382
waste_boiler_DH,power,HU,0,gigawatt,0.0,0.001,inf,0.0,1946.4012769448477,1946.4012769448477
waste_boiler_DH,power,IE,0,gigawatt,0.0,0.001,inf,0.0,1987.5129987460382,1987.5129987460382
waste_boiler_DH,power,IT,0,gigawatt,0.0,0.001,inf,0.0,1987.5129987460382,1987.5129987460382
waste_boiler_DH,power,LT,0,gigawatt,0.0,0.001,inf,0.0,1987.5129987460382,1987.5129987460382
waste_boiler_DH,power,LU,0,gigawatt,0.0,0.001,inf,0.0,1958.6322918637456,1958.6322918637456
waste_boiler_DH,power,LV,0,gigawatt,0.0,0.001,inf,0.0,1987.5129987460382,1987.5129987460382
waste_boiler_DH,power,NL,0,gigawatt,0.0,0.001,inf,0.0,1978.5878469785782,1978.5878469785782
waste_boiler_DH,power,NO,0,gigawatt,0.0,0.001,inf,0.0,1987.5129987460382,1987.5129987460382
waste_boiler_DH,power,PL,0,gigawatt,0.0,0.001,inf,0.0,1964.7356216248954,1964.7356216248954
waste_boiler_DH,power,PT,0,gigawatt,0.0,0.001,inf,0.0,1987.5129987460382,1987.5129987460382
waste_boiler_DH,power,RO,0,gigawatt,0.0,0.001,inf,0.0,1987.5129987460382,1987.5129987460382
waste_boiler_DH,power,SE,0,gigawatt,0.0,0.001,inf,0.0,1987.5129987460382,1987.5129987460382
waste_boiler_DH,power,SI,0,gigawatt,0.0,0.001,inf,0.0,1987.5129987460382,1987.5129987460382
waste_boiler_DH,power,SK,0,gigawatt,0.0,0.001,inf,0.0,1987.5129987460382,1987.5129987460382
waste_boiler_DH,power,UK,0,gigawatt,0.0,0.001,inf,0.0,1987.5129987460382,1987.5129987460382
waste_plant,power,AT,0,gigawatt,0.0,0.001,inf,0.0,4521.8858009219075,4521.8858009219075
waste_plant,power,BE,0,gigawatt,0.0,0.001,inf,0.0,4521.8858009219075,4521.8858009219075
waste_plant,power,BG,0,gigawatt,0.0,0.001,inf,0.0,4521.8858009219075,4521.8858009219075
waste_plant,power,CH,0,gigawatt,0.0,0.001,inf,0.0,4521.8858009219075,4521.8858009219075
waste_plant,power,CZ,0,gigawatt,0.0,0.001,inf,0.0,4521.8858009219075,4521.8858009219075
waste_plant,power,DE,0,gigawatt,0.0,0.001,inf,0.0,4521.8858009219075,4521.8858009219075
waste_plant,power,DK,0,gigawatt,0.0,0.001,inf,0.0,4521.8858009219075,4521.8858009219075
waste_plant,power,EE,0,gigawatt,0.0,0.001,inf,0.0,4521.8858009219075,4521.8858009219075
waste_plant,power,EL,0,gigawatt,0.0,0.001,inf,0.0,4521.8858009219075,4521.8858009219075
waste_plant,power,ES,0,gigawatt,0.0,0.001,inf,0.0,4521.8858009219075,4521.8858009219075
waste_plant,power,FI,0,gigawatt,0.0,0.001,inf,0.0,4521.8858009219075,4521.8858009219075
waste_plant,power,FR,0,gigawatt,0.0,0.001,inf,0.0,4521.8858009219075,4521.8858009219075
waste_plant,power,HR,0,gigawatt,0.0,0.001,inf,0.0,4521.8858009219075,4521.8858009219075
waste_plant,power,HU,0,gigawatt,0.0,0.001,inf,0.0,4521.8858009219075,4521.8858009219075
waste_plant,power,IE,0,gigawatt,0.0,0.001,inf,0.0,4521.8858009219075,4521.8858009219075
waste_plant,power,IT,0,gigawatt,0.0,0.001,inf,0.0,4521.8858009219075,4521.8858009219075
waste_plant,power,LT,0,gigawatt,0.0,0.001,inf,0.0,4521.8858009219075,4521.8858009219075
waste_plant,power,LU,0,gigawatt,0.0,0.001,inf,0.0,4521.8858009219075,4521.8858009219075
waste_plant,power,LV,0,gigawatt,0.0,0.001,inf,0.0,4521.8858009219075,4521.8858009219075
waste_plant,power,NL,0,gigawatt,0.0,0.001,inf,0.0,4521.8858009219075,4521.8858009219075
waste_plant,power,NO,0,gigawatt,0.0,0.001,inf,0.0,4521.8858009219075,4521.8858009219075
waste_plant,power,PL,0,gigawatt,0.0,0.001,inf,0.0,4521.8858009219075,4521.8858009219075
waste_plant,power,PT,0,gigawatt,0.0,0.001,inf,0.0,4521.8858009219075,4521.8858009219075
waste_plant,power,RO,0,gigawatt,0.0,0.001,inf,0.0,4521.8858009219075,4521.8858009219075
waste_plant,power,SE,0,gigawatt,0.0,0.001,inf,0.0,4521.8858009219075,4521.8858009219075
waste_plant,power,SI,0,gigawatt,0.0,0.001,inf,0.0,4521.8858009219075,4521.8858009219075
waste_plant,power,SK,0,gigawatt,0.0,0.001,inf,0.0,4521.8858009219075,4521.8858009219075
waste_plant,power,UK,0,gigawatt,0.0,0.001,inf,0.0,4521.8858009219075,4521.8858009219075
waste_to_cement_fuel,power,AT,0,gigawatt,0.0,0.001,inf,0.0,1070.508079960646,1070.508079960646
waste_to_cement_fuel,power,BE,0,gigawatt,0.0,0.001,inf,0.0,1062.7610283189322,1062.7610283189322
waste_to_cement_fuel,power,BG,0,gigawatt,0.0,0.001,inf,0.0,1075.0068675095615,1075.0068675095615
waste_to_cement_fuel,power,CH,0,gigawatt,0.0,0.001,inf,0.0,1040.941483994619,1040.941483994619
waste_to_cement_fuel,power,CZ,0,gigawatt,0.0,0.001,inf,0.0,1034.4596105658138,1034.4596105658138
waste_to_cement_fuel,power,DE,0,gigawatt,0.0,0.001,inf,0.0,983.1948851020622,983.1948851020622
waste_to_cement_fuel,power,DK,0,gigawatt,0.0,0.001,inf,0.0,1217.7402158427747,1217.7402158427747
waste_to_cement_fuel,power,EE,0,gigawatt,0.0,0.001,inf,0.0,1258.020632215638,1258.020632215638
waste_to_cement_fuel,power,EL,0,gigawatt,0.0,0.001,inf,0.0,978.3356274444332,978.3356274444332
waste_to_cement_fuel,power,ES,0,gigawatt,0.0,0.001,inf,0.0,1406.3351351351348,1406.3351351351348
waste_to_cement_fuel,power,FI,0,gigawatt,0.0,0.001,inf,0.0,1401.848250760148,1401.848250760148
waste_to_cement_fuel,power,FR,0,gigawatt,0.0,0.001,inf,0.0,1241.7006585263725,1241.7006585263725
waste_to_cement_fuel,power,HR,0,gigawatt,0.0,0.001,inf,0.0,992.4625330233941,992.4625330233941
waste_to_cement_fuel,power,HU,0,gigawatt,0.0,0.001,inf,0.0,989.1893227955306,989.1893227955306
waste_to_cement_fuel,power,IE,0,gigawatt,0.0,0.001,inf,0.0,1346.932977563497,1346.932977563497
waste_to_cement_fuel,power,IT,0,gigawatt,0.0,0.001,inf,0.0,1144.937760745016,1144.937760745016
waste_to_cement_fuel,power,LT,0,gigawatt,0.0,0.001,inf,0.0,1121.6742660783584,1121.6742660783584
waste_to_cement_fuel,power,LU,0,gigawatt,0.0,0.001,inf,0.0,1113.198798522122,1113.198798522122
waste_to_cement_fuel,power,LV,0,gigawatt,0.0,0.001,inf,0.0,1181.3696922461324,1181.3696922461324
waste_to_cement_fuel,power,NL,0,gigawatt,0.0,0.001,inf,0.0,1406.3351351351348,1406.3351351351348
waste_to_cement_fuel,power,NO,0,gigawatt,0.0,0.001,inf,0.0,1406.3351351351348,1406.3351351351348
waste_to_cement_fuel,power,PL,0,gigawatt,0.0,0.001,inf,0.0,977.2885346323607,977.2885346323607
waste_to_cement_fuel,power,PT,0,gigawatt,0.0,0.001,inf,0.0,1406.3351351351348,1406.3351351351348
waste_to_cement_fuel,power,RO,0,gigawatt,0.0,0.001,inf,0.0,1103.850235798563,1103.850235798563
waste_to_cement_fuel,power,SE,0,gigawatt,0.0,0.001,inf,0.0,1392.4367881065082,1392.4367881065082
waste_to_cement_fuel,power,SI,0,gigawatt,0.0,0.001,inf,0.0,1070.2883856822834,1070.2883856822834
waste_to_cement_fuel,power,SK,0,gigawatt,0.0,0.001,inf,0.0,966.3049908992905,966.3049908992905
waste_to_cement_fuel,power,UK,0,gigawatt,0.0,0.001,inf,0.0,1276.7077916685384,1276.7077916685384
wind_offshore,power,AT,0,gigawatt,0.0,0.0,0.0,0.0,1933.6468026823231,1933.6468026823231
wind_offshore,power,BE,0,gigawatt,1.8490000000000002,1.85,1.85,0.0,-2.2737367544323206e-13,-2.2737367544323206e-13
wind_offshore,power,BG,0,gigawatt,0.0,0.001,0.45,0.0,2452.0908178445934,2452.0908178445934
wind_offshore,power,CH,0,gigawatt,0.0,0.0,0.0,0.0,1933.6468026823231,1933.6468026823231
wind_offshore,power,CZ,0,gigawatt,0.0,0.0,0.0,0.0,2452.0908178445934,2452.0908178445934
wind_offshore,power,DE,0,gigawatt,27.839,27.84,27.84,0.0,-2.2737367544323206e-13,-2.2737367544323206e-13
wind_offshore,power,DK,0,gigawatt,0.0,0.001,27.31,0.0,934.6206466007801,934.6206466007801
wind_offshore,power,EE,0,gigawatt,0.0,0.001,1.28,0.0,2452.0908178445934,2452.0908178445934
wind_offshore,power,EL,0,gigawatt,0.0,0.001,0.03,0.0,2452.0908178445934,2452.0908178445934
wind_offshore,power,ES,0,gigawatt,0.0,0.001,0.79,0.0,2452.0908178445934,2452.0908178445934
wind_offshore,power,FI,0,gigawatt,2.302443308083152,2.303443308083152,21.27,0.0,-2.2737367544323206e-13,-2.2737367544323206e-13
wind_offshore,power,FR,0,gigawatt,0.0,0.001,15.65,0.0,215.35152173020356,215.35152173020356
wind_offshore,power,HR,0,gigawatt,0.0,0.001,5.47,0.0,2452.0908178445934,2452.0908178445934
wind_offshore,power,HU,0,gigawatt,0.0,0.0,0.0,0.0,2207.2842764520224,2207.2842764520224
wind_offshore,power,IE,0,gigawatt,0.0,0.0,0.0,0.0,1346.6684738451672,1346.6684738451672
wind_offshore,power,IT,0,gigawatt,0.0,0.001,5.36,0.0,2452.0908178445934,2452.0908178445934
wind_offshore,power,LT,0,gigawatt,0.0,0.001,2.94,0.0,2452.0908178445934,2452.0908178445934
wind_offshore,power,LU,0,gigawatt,0.0,0.0,0.0,0.0,2212.6035597313917,2212.6035597313917
wind_offshore,power,LV,0,gigawatt,0.0,0.001,14.97,0.0,2452.0908178445934,2452.0908178445934
wind_offshore,power,NL,0,gigawatt,10.593280845175304,10.594280845175303,47.75,0.0,-2.2737367544323206e-13,-2.2737367544323206e-13
wind_offshore,power,NO,0,gigawatt,22.49874999763922,22.49974999763922,820.2832823416685,0.0,-2.2737367544323206e-13,-2.2737367544323206e-13
wind_offshore,power,PL,0,gigawatt,0.0,0.001,12.31,0.0,2452.0908178445934,2452.0908178445934
wind_offshore,power,PT,0,gigawatt,0.0,0.001,0.01,0.0,2452.0908178445934,2452.0908178445934
wind_offshore,power,RO,0,gigawatt,0.0,0.001,8.77,0.0,2452.0908178445934,2452.0908178445934
wind_offshore,power,SE,0,gigawatt,0.0,0.001,31.04,0.0,870.6417551132445,870.6417551132445
wind_offshore,power,SI,0,gigawatt,0.0,0.0,0.0,0.0,1933.7934824447082,1933.7934824447082
wind_offshore,power,SK,0,gigawatt,0.0,0.0,0.0,0.0,2452.0908178445934,2452.0908178445934
wind_offshore,power,UK,0,gigawatt,0.0,0.001,103.61,0.0,807.7551982827902,807.7551982827902
wind_onshore,power,AT,0,gigawatt,11.047560504,11.048560504,11.048560504,0.0,1.1368683772161603e-13,1.1368683772161603e-13
wind_onshore,power,BE,0,gigawatt,8.128689387000001,8.129689387,8.129689387,0.0,1.1368683772161603e-13,1.1368683772161603e-13
wind_onshore,power,BG,0,gigawatt,0.0,0.001,52.977250446,0.0,140.98168720702097,140.98168720702097
wind_onshore,power,CH,0,gigawatt,0.0,0.001,42.75919580817223,0.0,456.8870130051853,456.8870130051853
wind_onshore,power,CZ,0,gigawatt,76.203607193,76.204607193,76.204607193,0.0,1.1368683772161603e-13,1.1368683772161603e-13
wind_onshore,power,DE,0,gigawatt,106.971524831,106.972524831,106.972524831,0.0,1.1368683772161603e-13,1.1368683772161603e-13
wind_onshore,power,DK,0,gigawatt,46.37034130338322,46.37134130338322,54.67,0.0,1.1368683772161603e-13,1.1368683772161603e-13
wind_onshore,power,EE,0,gigawatt,21.730557113610743,21.731557113610744,27.28,0.0,1.1368683772161603e-13,1.1368683772161603e-13
wind_onshore,power,EL,0,gigawatt,41.455863865360655,41.45686386536065,168.414705349,0.0,1.1368683772161603e-13,1.1368683772161603e-13
wind_onshore,power,ES,0,gigawatt,86.15858611739073,86.15958611739073,703.733190854,0.0,1.1368683772161603e-13,1.1368683772161603e-13
wind_onshore,power,FI,0,gigawatt,30.764635295999998,30.765635296,30.765635296,0.0,1.1368683772161603e-13,1.1368683772161603e-13
wind_onshore,power,FR,0,gigawatt,302.1499244965069,302.1509244965069,812.822052623,0.0,1.1368683772161603e-13,1.1368683772161603e-13
wind_onshore,power,HR,0,gigawatt,13.657986266371783,13.658986266371782,24.308507336,0.0,1.1368683772161603e-13,1.1368683772161603e-13
wind_onshore,power,HU,0,gigawatt,53.076312446,53.077312446,53.077312446,0.0,1.1368683772161603e-13,1.1368683772161603e-13
wind_onshore,power,IE,0,gigawatt,33.64403335318653,33.64503335318653,146.5,0.0,1.1368683772161603e-13,1.1368683772161603e-13
wind_onshore,power,IT,0,gigawatt,178.288036945,178.289036945,178.289036945,0.0,1.1368683772161603e-13,1.1368683772161603e-13
wind_onshore,power,LT,0,gigawatt,13.696719577778428,13.697719577778427,128.31,0.0,1.1368683772161603e-13,1.1368683772161603e-13
wind_onshore,power,LU,0,gigawatt,0.692806723,0.693806723,0.693806723,0.0,1.1368683772161603e-13,1.1368683772161603e-13
wind_onshore,power,LV,0,gigawatt,4.953895239214306,4.954895239214307,79.455,0.0,1.1368683772161603e-13,1.1368683772161603e-13
wind_onshore,power,NL,0,gigawatt,48.864000000000004,48.865,48.865,0.0,1.1368683772161603e-13,1.1368683772161603e-13
wind_onshore,power,NO,0,gigawatt,0.0,0.001,1104.5267511637062,0.0,156.52536551180106,156.52536551180106
wind_onshore,power,PL,0,gigawatt,101.547392543,101.548392543,101.548392543,0.0,1.1368683772161603e-13,1.1368683772161603e-13
wind_onshore,power,PT,0,gigawatt,28.94426652444899,28.945266524448993,39.189119991,0.0,1.1368683772161603e-13,1.1368683772161603e-13
wind_onshore,power,RO,0,gigawatt,5.146413505279223,5.147413505279223,168.873065435,0.0,1.1368683772161603e-13,1.1368683772161603e-13
wind_onshore,power,SE,0,gigawatt,96.54771174017488,96.54871174017488,133.864850081,0.0,1.1368683772161603e-13,1.1368683772161603e-13
wind_onshore,power,SI,0,gigawatt,0.0,0.001,2.424529325,0.0,448.618081265731,448.618081265731
wind_onshore,power,SK,0,gigawatt,13.86012582223844,13.861125822238439,29.292460289,0.0,1.1368683772161603e-13,1.1368683772161603e-13
wind_onshore,power,UK,0,gigawatt,230.004,230.005,230.005,0.0,1.1368683772161603e-13,1.1368683772161603e-13
natural_gas_turbine_CCS,power,AT,0,kilotCO2eq / hour,0.8179232586262645,0.8189232586262645,inf,0.0,0.0,0.0
natural_gas_turbine_CCS,power,BE,0,kilotCO2eq / hour,2.842486440729673,2.8434864407296727,inf,0.0,0.0,0.0
natural_gas_turbine_CCS,power,BG,0,kilotCO2eq / hour,0.0,0.001,inf,0.0,1939.964238713637,1939.964238713637
natural_gas_turbine_CCS,power,CH,0,kilotCO2eq / hour,2.0199369979988773,2.020936997998877,inf,0.0,0.0,0.0
natural_gas_turbine_CCS,power,CZ,0,kilotCO2eq / hour,0.0,0.001,inf,0.0,3800.6819149325047,3800.6819149325047
natural_gas_turbine_CCS,power,DE,0,kilotCO2eq / hour,10.414126778741723,10.415126778741723,inf,0.0,0.0,0.0
natural_gas_turbine_CCS,power,DK,0,kilotCO2eq / hour,0.0,0.001,inf,0.0,4158.645667419418,4158.645667419418
natural_gas_turbine_CCS,power,EE,0,kilotCO2eq / hour,0.0,0.001,inf,0.0,4158.645667419418,4158.645667419418
natural_gas_turbine_CCS,power,EL,0,kilotCO2eq / hour,0.0,0.001,inf,0.0,1774.7321760672112,1774.7321760672112
natural_gas_turbine_CCS,power,ES,0,kilotCO2eq / hour,0.0,0.001,inf,0.0,600.2096333445147,600.2096333445147
natural_gas_turbine_CCS,power,FI,0,kilotCO2eq / hour,0.0,0.001,inf,0.0,798.5628782094709,798.5628782094709
natural_gas_turbine_CCS,power,FR,0,kilotCO2eq / hour,0.0,0.001,inf,0.0,4158.645667419418,4158.645667419418
natural_gas_turbine_CCS,power,HR,0,kilotCO2eq / hour,0.0,0.001,inf,0.0,2619.1279929633256,2619.1279929633256
natural_gas_turbine_CCS,power,HU,0,kilotCO2eq / hour,0.0,0.001,inf,0.0,3397.3007028903407,3397.3007028903407
natural_gas_turbine_CCS,power,IE,0,kilotCO2eq / hour,0.0,0.001,inf,0.0,4158.645667419418,4158.645667419418
natural_gas_turbine_CCS,power,IT,0,kilotCO2eq / hour,0.0,0.001,inf,0.0,926.7137387637235,926.7137387637235
natural_gas_turbine_CCS,power,LT,0,kilotCO2eq / hour,0.0,0.001,inf,0.0,4158.645667419418,4158.645667419418
natural_gas_turbine_CCS,power,LU,0,kilotCO2eq / hour,0.0,0.001,inf,0.0,571.5282454366434,571.5282454366434
natural_gas_turbine_CCS,power,LV,0,kilotCO2eq / hour,0.0,0.001,inf,0.0,4158.645667419418,4158.645667419418
natural_gas_turbine_CCS,power,NL,0,kilotCO2eq / hour,0.0,0.001,inf,0.0,4151.0349351030945,4151.0349351030945
natural_gas_turbine_CCS,power,NO,0,kilotCO2eq / hour,0.0,0.001,inf,0.0,4158.645667419418,4158.645667419418
natural_gas_turbine_CCS,power,PL,0,kilotCO2eq / hour,0.10492619935267206,0.10592619935267206,inf,0.0,0.0,0.0
natural_gas_turbine_CCS,power,PT,0,kilotCO2eq / hour,0.0,0.001,inf,0.0,2518.186494339069,2518.186494339069
natural_gas_turbine_CCS,power,RO,0,kilotCO2eq / hour,0.0,0.001,inf,0.0,1208.4154268402908,1208.4154268402908
natural_gas_turbine_CCS,power,SE,0,kilotCO2eq / hour,0.0,0.001,inf,0.0,4158.645667419418,4158.645667419418
natural_gas_turbine_CCS,power,SI,0,kilotCO2eq / hour,0.0,0.001,inf,0.0,2772.024689489147,2772.024689489147
natural_gas_turbine_CCS,power,SK,0,kilotCO2eq / hour,0.0,0.001,inf,0.0,3270.11792329755,3270.11792329755
natural_gas_turbine_CCS,power,UK,0,kilotCO2eq / hour,0.0,0.001,inf,0.0,4158.645667419418,4158.645667419418
biomass_plant_CCS,power,AT,0,kilotCO2eq / hour,0.8643824876858025,0.8653824876858025,inf,0.0,0.0,0.0
biomass_plant_CCS,power,BE,0,kilotCO2eq / hour,1.0035076442871855,1.0045076442871854,inf,0.0,0.0,0.0
biomass_plant_CCS,power,BG,0,kilotCO2eq / hour,0.46227664885981923,0.46327664885981923,inf,0.0,0.0,0.0
biomass_plant_CCS,power,CH,0,kilotCO2eq / hour,0.7257175981704342,0.7267175981704342,inf,0.0,0.0,0.0
biomass_plant_CCS,power,CZ,0,kilotCO2eq / hour,0.8456836549899991,0.8466836549899991,inf,0.0,0.0,0.0
biomass_plant_CCS,power,DE,0,kilotCO2eq / hour,4.907191466890885,4.9081914668908855,inf,0.0,0.0,0.0
biomass_plant_CCS,power,DK,0,kilotCO2eq / hour,0.6919822777566627,0.6929822777566627,inf,0.0,0.0,0.0
biomass_plant_CCS,power,EE,0,kilotCO2eq / hour,0.16662828254725906,0.16762828254725906,inf,0.0,0.0,0.0
biomass_plant_CCS,power,EL,0,kilotCO2eq / hour,0.41356129518661394,0.41456129518661394,inf,0.0,0.0,0.0
biomass_plant_CCS,power,ES,0,kilotCO2eq / hour,2.113604561564182,2.1146045615641818,inf,0.0,0.0,0.0
biomass_plant_CCS,power,FI,0,kilotCO2eq / hour,1.2053025213189326,1.2063025213189325,inf,0.0,0.0,0.0
biomass_plant_CCS,power,FR,0,kilotCO2eq / hour,5.763541811098483,5.764541811098483,inf,0.0,0.0,0.0
biomass_plant_CCS,power,HR,0,kilotCO2eq / hour,0.16634717377444816,0.16734717377444816,inf,0.0,0.0,0.0
biomass_plant_CCS,power,HU,0,kilotCO2eq / hour,0.8999162298789508,0.9009162298789508,inf,0.0,0.0,0.0
biomass_plant_CCS,power,IE,0,kilotCO2eq / hour,0.14893807909863133,0.14993807909863133,inf,0.0,0.0,0.0
biomass_plant_CCS,power,IT,0,kilotCO2eq / hour,1.717506248848601,1.718506248848601,inf,0.0,0.0,0.0
biomass_plant_CCS,power,LT,0,kilotCO2eq / hour,0.39373821736199305,0.39473821736199305,inf,0.0,0.0,0.0
biomass_plant_CCS,power,LU,0,kilotCO2eq / hour,0.016191397735399515,0.017191397735399516,inf,0.0,0.0,0.0
biomass_plant_CCS,power,LV,0,kilotCO2eq / hour,0.4075130458810961,0.4085130458810961,inf,0.0,0.0,0.0
biomass_plant_CCS,power,NL,0,kilotCO2eq / hour,0.9322024219245085,0.9332024219245085,inf,0.0,0.0,0.0
biomass_plant_CCS,power,NO,0,kilotCO2eq / hour,1.2625518420076507,1.2635518420076506,inf,0.0,0.0,0.0
biomass_plant_CCS,power,PL,0,kilotCO2eq / hour,1.8065560870223591,1.807556087022359,inf,0.0,0.0,0.0
biomass_plant_CCS,power,PT,0,kilotCO2eq / hour,0.4411628950757323,0.4421628950757323,inf,0.0,0.0,0.0
biomass_plant_CCS,power,RO,0,kilotCO2eq / hour,1.5367897569717137,1.5377897569717136,inf,0.0,0.0,0.0
biomass_plant_CCS,power,SE,0,kilotCO2eq / hour,2.472227680472966,2.473227680472966,inf,0.0,0.0,0.0
biomass_plant_CCS,power,SI,0,kilotCO2eq / hour,0.10023005085148609,0.10123005085148609,inf,0.0,0.0,0.0
biomass_plant_CCS,power,SK,0,kilotCO2eq / hour,0.3481338427245976,0.3491338427245976,inf,0.0,0.0,0.0
biomass_plant_CCS,power,UK,0,kilotCO2eq / hour,1.4082749516853474,1.4092749516853473,inf,0.0,0.0,0.0
SMR_CCS,power,AT,0,kilotCO2eq / hour,0.0,0.001,inf,0.0,1800.9774313267665,1800.9774313267665
SMR_CCS,power,BE,0,kilotCO2eq / hour,0.0,0.001,inf,0.0,462.994297471756,462.994297471756
SMR_CCS,power,BG,0,kilotCO2eq / hour,0.0,0.001,inf,0.0,915.8809979025832,915.8809979025832
SMR_CCS,power,CH,0,kilotCO2eq / hour,0.0,0.001,inf,0.0,1518.573820344614,1518.573820344614
SMR_CCS,power,CZ,0,kilotCO2eq / hour,0.0,0.001,inf,0.0,2138.6787508477028,2138.6787508477028
SMR_CCS,power,DE,0,kilotCO2eq / hour,0.0,0.001,inf,0.0,1232.1413780720754,1232.1413780720754
SMR_CCS,power,DK,0,kilotCO2eq / hour,0.0,0.001,inf,0.0,973.6680114227552,973.6680114227552
SMR_CCS,power,EE,0,kilotCO2eq / hour,0.0,0.001,inf,0.0,957.2891518877987,957.2891518877987
SMR_CCS,power,EL,0,kilotCO2eq / hour,0.0,0.001,inf,0.0,984.161097697604,984.161097697604
SMR_CCS,power,ES,0,kilotCO2eq / hour,0.0,0.001,inf,0.0,4252.9331951067425,4252.9331951067425
SMR_CCS,power,FI,0,kilotCO2eq / hour,0.0,0.001,inf,0.0,1047.3249220261728,1047.3249220261728
SMR_CCS,power,FR,0,kilotCO2eq / hour,0.0,0.001,inf,0.0,2326.2024942482144,2326.2024942482144
SMR_CCS,power,HR,0,kilotCO2eq / hour,0.0,0.001,inf,0.0,1410.8685931365217,1410.8685931365217
SMR_CCS,power,HU,0,kilotCO2eq / hour,0.0,0.001,inf,0.0,1309.2717186734162,1309.2717186734162
SMR_CCS,power,IE,0,kilotCO2eq / hour,0.0,0.001,inf,0.0,921.9688139282025,921.9688139282025
SMR_CCS,power,IT,0,kilotCO2eq / hour,0.0,0.001,inf,0.0,2289.632301324772,2289.632301324772
SMR_CCS,power,LT,0,kilotCO2eq / hour,0.0,0.001,inf,0.0,748.8966347210649,748.8966347210649
SMR_CCS,power,LU,0,kilotCO2eq / hour,0.0,0.001,inf,0.0,1191.2874767238454,1191.2874767238454
SMR_CCS,power,LV,0,kilotCO2eq / hour,0.0,0.001,inf,0.0,1120.581392567783,1120.581392567783
SMR_CCS,power,NL,0,kilotCO2eq / hour,0.0,0.001,inf,0.0,777.5930059314824,777.5930059314824
SMR_CCS,power,NO,0,kilotCO2eq / hour,1.2735726655464643,1.2745726655464642,inf,0.0,0.0,0.0
SMR_CCS,power,PL,0,kilotCO2eq / hour,0.0,0.001,inf,0.0,731.4203513598236,731.4203513598236
SMR_CCS,power,PT,0,kilotCO2eq / hour,0.0,0.001,inf,0.0,5363.623483986323,5363.623483986323
SMR_CCS,power,RO,0,kilotCO2eq / hour,0.3969878718971084,0.3979878718971084,inf,0.0,0.0,0.0
SMR_CCS,power,SE,0,kilotCO2eq / hour,0.0,0.001,inf,0.0,657.3415069079806,657.3415069079806
SMR_CCS,power,SI,0,kilotCO2eq / hour,0.0,0.001,inf,0.0,1986.954322738482,1986.954322738482
SMR_CCS,power,SK,0,kilotCO2eq / hour,0.0,0.001,inf,0.0,1374.6957973512822,1374.6957973512822
SMR_CCS,power,UK,0,kilotCO2eq / hour,0.3760062759825796,0.3770062759825796,inf,0.0,0.0,0.0
cement_post_comb,power,AT,0,kilotCO2eq / hour,0.16263989363606166,0.16363989363606166,inf,0.0,0.0,0.0
cement_post_comb,power,BE,0,kilotCO2eq / hour,0.21407299838308225,0.21507299838308225,inf,0.0,0.0,0.0
cement_post_comb,power,BG,0,kilotCO2eq / hour,0.09452454626433561,0.09552454626433561,inf,0.0,0.0,0.0
cement_post_comb,power,CH,0,kilotCO2eq / hour,0.16133287671232877,0.16233287671232877,inf,0.0,0.0,0.0
cement_post_comb,power,CZ,0,kilotCO2eq / hour,0.1647979485845411,0.1657979485845411,inf,0.0,0.0,0.0
cement_post_comb,power,DE,0,kilotCO2eq / hour,1.2212649149285824,1.2222649149285822,inf,0.0,0.0,0.0
cement_post_comb,power,DK,0,kilotCO2eq / hour,0.13243729428294526,0.13343729428294526,inf,0.0,0.0,0.0
cement_post_comb,power,EE,0,kilotCO2eq / hour,0.029416464250075346,0.030416464250075347,inf,0.0,0.0,0.0
cement_post_comb,power,EL,0,kilotCO2eq / hour,0.3479723774831576,0.3489723774831576,inf,0.0,0.0,0.0
cement_post_comb,power,ES,0,kilotCO2eq / hour,0.9001670375519865,0.9011670375519865,inf,0.0,0.0,0.0
cement_post_comb,power,FI,0,kilotCO2eq / hour,0.05254433705686301,0.05354433705686301,inf,0.0,0.0,0.0
cement_post_comb,power,FR,0,kilotCO2eq / hour,0.6141309635671939,0.6151309635671939,inf,0.0,0.0,0.0
cement_post_comb,power,HR,0,kilotCO2eq / hour,0.11716429616154109,0.11816429616154109,inf,0.0,0.0,0.0
cement_post_comb,power,HU,0,kilotCO2eq / hour,0.0790426304724315,0.0800426304724315,inf,0.0,0.0,0.0
cement_post_comb,power,IE,0,kilotCO2eq / hour,0.17129568567438355,0.17229568567438355,inf,0.0,0.0,0.0
cement_post_comb,power,IT,0,kilotCO2eq / hour,0.7244384704478495,0.7254384704478495,inf,0.0,0.0,0.0
cement_post_comb,power,LT,0,kilotCO2eq / hour,0.049305102616712324,0.050305102616712324,inf,0.0,0.0,0.0
cement_post_comb,power,LU,0,kilotCO2eq / hour,0.03597062745561644,0.03697062745561644,inf,0.0,0.0,0.0
cement_post_comb,power,LV,0,kilotCO2eq / hour,0.04106974971931507,0.04206974971931507,inf,0.0,0.0,0.0
cement_post_comb,power,NL,0,kilotCO2eq / hour,0.0,0.001,inf,0.0,2852.7048909784553,2852.7048909784553
cement_post_comb,power,NO,0,kilotCO2eq / hour,0.06812739726027399,0.06912739726027399,inf,0.0,0.0,0.0
cement_post_comb,power,PL,0,kilotCO2eq / hour,0.6300350798198905,0.6310350798198905,inf,0.0,0.0,0.0
cement_post_comb,power,PT,0,kilotCO2eq / hour,0.24845615628531645,0.24945615628531645,inf,0.0,0.0,0.0
cement_post_comb,power,RO,0,kilotCO2eq / hour,0.327544091316911,0.328544091316911,inf,0.0,0.0,0.0
cement_post_comb,power,SE,0,kilotCO2eq / hour,0.12521506942459587,0.12621506942459587,inf,0.0,0.0,0.0
cement_post_comb,power,SI,0,kilotCO2eq / hour,0.037598178637758564,0.038598178637758565,inf,0.0,0.0,0.0
cement_post_comb,power,SK,0,kilotCO2eq / hour,0.12889506799447262,0.12989506799447262,inf,0.0,0.0,0.0
cement_post_comb,power,UK,0,kilotCO2eq / hour,0.34883123287671236,0.34983123287671236,inf,0.0,0.0,0.0
BF_BOF_CCS,power,AT,0,kilotCO2eq / hour,0.0,0.001,inf,0.0,2672.3188360058475,2672.3188360058475
BF_BOF_CCS,power,BE,0,kilotCO2eq / hour,0.0,0.001,inf,0.0,2679.871487923858,2679.871487923858
BF_BOF_CCS,power,BG,0,kilotCO2eq / hour,0.0,0.001,inf,0.0,2852.7048909784553,2852.7048909784553
BF_BOF_CCS,power,CH,0,kilotCO2eq / hour,0.0,0.001,inf,0.0,2852.7048909784553,2852.7048909784553
BF_BOF_CCS,power,CZ,0,kilotCO2eq / hour,0.0,0.001,inf,0.0,2659.40244212403,2659.40244212403
BF_BOF_CCS,power,DE,0,kilotCO2eq / hour,0.0,0.001,inf,0.0,2635.8075137832316,2635.8075137832316
BF_BOF_CCS,power,DK,0,kilotCO2eq / hour,0.0,0.001,inf,0.0,2852.7048909784553,2852.7048909784553
BF_BOF_CCS,power,EE,0,kilotCO2eq / hour,0.0,0.001,inf,0.0,2852.7048909784553,2852.7048909784553
BF_BOF_CCS,power,EL,0,kilotCO2eq / hour,0.0,0.001,inf,0.0,2852.7048909784553,2852.7048909784553
BF_BOF_CCS,power,ES,0,kilotCO2eq / hour,0.0,0.001,inf,0.0,2852.7048909784553,2852.7048909784553
BF_BOF_CCS,power,FI,0,kilotCO2eq / hour,0.0,0.001,inf,0.0,2852.7048909784553,2852.7048909784553
BF_BOF_CCS,power,FR,0,kilotCO2eq / hour,0.0,0.001,inf,0.0,2761.1505828137933,2761.1505828137933
BF_BOF_CCS,power,HR,0,kilotCO2eq / hour,0.0,0.001,inf,0.0,2852.7048909784553,2852.7048909784553
BF_BOF_CCS,power,HU,0,kilotCO2eq / hour,0.0,0.001,inf,0.0,2627.967897074661,2627.967897074661
BF_BOF_CCS,power,IE,0,kilotCO2eq / hour,0.0,0.001,inf,0.0,2852.7048909784553,2852.7048909784553
BF_BOF_CCS,power,IT,0,kilotCO2eq / hour,0.0,0.001,inf,0.0,2852.7048909784553,2852.7048909784553
BF_BOF_CCS,power,LT,0,kilotCO2eq / hour,0.0,0.001,inf,0.0,2852.7048909784553,2852.7048909784553
BF_BOF_CCS,power,LU,0,kilotCO2eq / hour,0.0,0.001,inf,0.0,2702.46676130205,2702.46676130205
BF_BOF_CCS,power,LV,0,kilotCO2eq / hour,0.0,0.001,inf,0.0,2852.7048909784553,2852.7048909784553
BF_BOF_CCS,power,NL,0,kilotCO2eq / hour,0.0,0.001,inf,0.0,2668.5515779966254,2668.5515779966254
BF_BOF_CCS,power,NO,0,kilotCO2eq / hour,0.0,0.001,inf,0.0,2852.7048909784553,2852.7048909784553
BF_BOF_CCS,power,PL,0,kilotCO2eq / hour,0.0,0.001,inf,0.0,2640.763619434895,2640.763619434895
BF_BOF_CCS,power,PT,0,kilotCO2eq / hour,0.0,0.001,inf,0.0,2852.7048909784553,2852.7048909784553
BF_BOF_CCS,power,RO,0,kilotCO2eq / hour,0.0,0.001,inf,0.0,2695.2416387737494,2695.2416387737494
BF_BOF_CCS,power,SE,0,kilotCO2eq / hour,0.0,0.001,inf,0.0,2822.35084546911,2822.35084546911
BF_BOF_CCS,power,SI,0,kilotCO2eq / hour,0.0,0.001,inf,0.0,2852.7048909784553,2852.7048909784553
BF_BOF_CCS,power,SK,0,kilotCO2eq / hour,0.0,0.001,inf,0.0,2623.1854349258406,2623.1854349258406
BF_BOF_CCS,power,UK,0,kilotCO2eq / hour,0.0,0.001,inf,0.0,2751.6308673379094,2751.6308673379094
NG_DRI_CCS,power,AT,0,kilotCO2eq / hour,0.1086842465737443,0.1096842465737443,inf,0.0,0.0,0.0
NG_DRI_CCS,power,BE,0,kilotCO2eq / hour,0.12634406392214612,0.12734406392214612,inf,0.0,0.0,0.0
NG_DRI_CCS,power,BG,0,kilotCO2eq / hour,0.009293835616438356,0.010293835616438355,inf,0.0,0.0,0.0
NG_DRI_CCS,power,CH,0,kilotCO2eq / hour,0.0,0.001,inf,0.0,2852.7048909784553,2852.7048909784553
NG_DRI_CCS,power,CZ,0,kilotCO2eq / hour,0.0775837899543379,0.0785837899543379,inf,0.0,0.0,0.0
NG_DRI_CCS,power,DE,0,kilotCO2eq / hour,0.6784465589549087,0.6794465589549087,inf,0.0,0.0,0.0
NG_DRI_CCS,power,DK,0,kilotCO2eq / hour,0.0,0.001,inf,0.0,2852.7048909784553,2852.7048909784553
NG_DRI_CCS,power,EE,0,kilotCO2eq / hour,0.0,0.001,inf,0.0,2852.7048909784553,2852.7048909784553
NG_DRI_CCS,power,EL,0,kilotCO2eq / hour,0.022095205479452058,0.02309520547945206,inf,0.0,0.0,0.0
NG_DRI_CCS,power,ES,0,kilotCO2eq / hour,0.2275244292285388,0.2285244292285388,inf,0.0,0.0,0.0
NG_DRI_CCS,power,FI,0,kilotCO2eq / hour,0.06177785388607371,0.06277785388607371,inf,0.0,0.0,0.0
NG_DRI_CCS,power,FR,0,kilotCO2eq / hour,0.24457694064662097,0.24557694064662097,inf,0.0,0.0,0.0
NG_DRI_CCS,power,HR,0,kilotCO2eq / hour,7.192634324200919e-05,0.0010719263432420092,inf,0.0,0.0,0.0
NG_DRI_CCS,power,HU,0,kilotCO2eq / hour,0.030277853881278537,0.03127785388127854,inf,0.0,0.0,0.0
NG_DRI_CCS,power,IE,0,kilotCO2eq / hour,0.0,0.001,inf,0.0,2852.7048909784553,2852.7048909784553
NG_DRI_CCS,power,IT,0,kilotCO2eq / hour,0.38219279504908676,0.38319279504908677,inf,0.0,0.0,0.0
NG_DRI_CCS,power,LT,0,kilotCO2eq / hour,0.0,0.001,inf,0.0,2852.7048909784553,2852.7048909784553
NG_DRI_CCS,power,LU,0,kilotCO2eq / hour,0.035839852863013694,0.036839852863013695,inf,0.0,0.0,0.0
NG_DRI_CCS,power,LV,0,kilotCO2eq / hour,0.0,0.001,inf,0.0,2852.7048909784553,2852.7048909784553
NG_DRI_CCS,power,NL,0,kilotCO2eq / hour,0.10753356164383561,0.10853356164383561,inf,0.0,0.0,0.0
NG_DRI_CCS,power,NO,0,kilotCO2eq / hour,0.00904934703196347,0.01004934703196347,inf,0.0,0.0,0.0
NG_DRI_CCS,power,PL,0,kilotCO2eq / hour,0.15554269406392693,0.15654269406392693,inf,0.0,0.0,0.0
NG_DRI_CCS,power,PT,0,kilotCO2eq / hour,0.0,0.001,inf,0.0,521.7463004328181,521.7463004328181
NG_DRI_CCS,power,RO,0,kilotCO2eq / hour,0.05538515981735159,0.05638515981735159,inf,0.0,0.0,0.0
NG_DRI_CCS,power,SE,0,kilotCO2eq / hour,0.07301301370022831,0.07401301370022831,inf,0.0,0.0,0.0
NG_DRI_CCS,power,SI,0,kilotCO2eq / hour,0.009102054794520548,0.010102054794520548,inf,0.0,0.0,0.0
NG_DRI_CCS,power,SK,0,kilotCO2eq / hour,0.08063630136986302,0.08163630136986302,inf,0.0,0.0,0.0
NG_DRI_CCS,power,UK,0,kilotCO2eq / hour,0.11371849315068494,0.11471849315068494,inf,0.0,0.0,0.0
carbon_pipeline,power,AT-CH,0,kilotCO2eq / hour,0.0,0.001,inf,0.0,867.0835509302443,867.0835509302443
carbon_pipeline,power,AT-CZ,0,kilotCO2eq / hour,0.0,0.001,inf,0.0,114.48479225316726,114.48479225316726
carbon_pipeline,power,AT-DE,0,kilotCO2eq / hour,2.107560170805638,2.108560170805638,inf,0.0,0.0,0.0
carbon_pipeline,power,AT-HU,0,kilotCO2eq / hour,0.0,0.001,inf,0.0,844.2221351523684,844.2221351523684
carbon_pipeline,power,AT-IT,0,kilotCO2eq / hour,0.0,0.001,inf,0.0,1206.6072531721409,1206.6072531721409
carbon_pipeline,power,AT-SI,0,kilotCO2eq / hour,0.0,0.001,inf,0.0,428.2904966117567,428.2904966117567
carbon_pipeline,power,AT-SK,0,kilotCO2eq / hour,0.0,0.001,inf,0.0,514.6596107097139,514.6596107097139
carbon_pipeline,power,BE-DE,0,kilotCO2eq / hour,0.0,0.001,inf,0.0,938.2693479475761,938.2693479475761
carbon_pipeline,power,BE-FR,0,kilotCO2eq / hour,0.0,0.001,inf,0.0,1102.4656631498449,1102.4656631498449
carbon_pipeline,power,BE-LU,0,kilotCO2eq / hour,0.0,0.001,inf,-1.0,318.8258319532962,318.8258319532962
carbon_pipeline,power,BE-NL,0,kilotCO2eq / hour,0.0,0.001,inf,0.0,328.37501217844897,328.37501217844897
carbon_pipeline,power,BE-NO,0,kilotCO2eq / hour,0.0,0.001,inf,0.0,1092.4927502579667,1092.4927502579667
carbon_pipeline,power,BE-UK,0,kilotCO2eq / hour,4.284954458710752,4.285954458710752,inf,0.0,0.0,0.0
carbon_pipeline,power,BG-EL,0,kilotCO2eq / hour,0.0,0.001,inf,0.0,964.8262693548623,964.8262693548623
carbon_pipeline,power,BG-RO,0,kilotCO2eq / hour,1.3503905755564838,1.3513905755564837,inf,0.0,0.0,0.0
carbon_pipeline,power,CH-AT,0,kilotCO2eq / hour,0.0,0.001,inf,0.0,987.0641445477465,987.0641445477465
carbon_pipeline,power,CH-DE,0,kilotCO2eq / hour,0.0,0.001,inf,0.0,242.49579364390615,242.49579364390615
carbon_pipeline,power,CH-FR,0,kilotCO2eq / hour,2.9109874728816396,2.9119874728816395,inf,0.0,0.0,0.0
carbon_pipeline,power,CH-IT,0,kilotCO2eq / hour,0.0,0.001,inf,0.0,1259.9672165898137,1259.9672165898137
carbon_pipeline,power,CZ-AT,0,kilotCO2eq / hour,0.0,0.001,inf,0.0,605.5106689970183,605.5106689970183
carbon_pipeline,power,CZ-DE,0,kilotCO2eq / hour,0.0,0.001,inf,0.0,321.3661266557393,321.3661266557393
carbon_pipeline,power,CZ-PL,0,kilotCO2eq / hour,1.0925501271807074,1.0935501271807073,inf,0.0,0.0,0.0
carbon_pipeline,power,CZ-SK,0,kilotCO2eq / hour,0.0,0.001,inf,0.0,732.5823319182433,732.5823319182433
carbon_pipeline,power,DE-AT,0,kilotCO2eq / hour,0.0,0.001,inf,0.0,1048.5164959225308,1048.5164959225308
carbon_pipeline,power,DE-BE,0,kilotCO2eq / hour,0.0,0.001,inf,0.0,202.19649638905435,202.19649638905435
carbon_pipeline,power,DE-CH,0,kilotCO2eq / hour,0.0,0.001,inf,0.0,1171.0316959489257,1171.0316959489257
carbon_pipeline,power,DE-CZ,0,kilotCO2eq / hour,0.0,0.001,inf,0.0,878.85674583441,878.85674583441
carbon_pipeline,power,DE-DK,0,kilotCO2eq / hour,0.22756379595471754,0.22856379595471754,inf,0.0,0.0,0.0
carbon_pipeline,power,DE-FR,0,kilotCO2eq / hour,0.0,0.001,inf,0.0,1376.4818235115995,1376.4818235115995
carbon_pipeline,power,DE-LU,0,kilotCO2eq / hour,0.0,0.001,inf,0.0,364.2039231452608,364.2039231452608
carbon_pipeline,power,DE-NL,0,kilotCO2eq / hour,6.544043644741803,6.545043644741804,inf,0.0,0.0,0.0
carbon_pipeline,power,DE-NO,0,kilotCO2eq / hour,8.71662947815852,8.71762947815852,inf,0.0,0.0,0.0
carbon_pipeline,power,DE-PL,0,kilotCO2eq / hour,0.0,0.001,inf,0.0,1129.6040463118607,1129.6040463118607
carbon_pipeline,power,DE-SE,0,kilotCO2eq / hour,0.0,0.001,inf,0.0,43.674889858691586,43.674889858691586
carbon_pipeline,power,DE-UK,0,kilotCO2eq / hour,1.6964036319555151,1.697403631955515,inf,0.0,0.0,0.0
carbon_pipeline,power,DK-DE,0,kilotCO2eq / hour,0.0,0.001,inf,0.0,1270.9497908694614,1270.9497908694614
carbon_pipeline,power,DK-NL,0,kilotCO2eq / hour,0.0,0.001,inf,0.0,1145.9450197631104,1145.9450197631104
carbon_pipeline,power,DK-NO,0,kilotCO2eq / hour,0.0,0.001,inf,-1.0,88.42285946092625,88.42285946092625
carbon_pipeline,power,DK-SE,0,kilotCO2eq / hour,0.0,0.001,inf,0.0,184.10252744967875,184.10252744967875
carbon_pipeline,power,DK-UK,0,kilotCO2eq / hour,0.0,0.001,inf,0.0,944.4357531732055,944.4357531732055
carbon_pipeline,power,EE-FI,0,kilotCO2eq / hour,0.19955783029056737,0.20055783029056737,inf,0.0,0.0,0.0
carbon_pipeline,power,EE-LV,0,kilotCO2eq / hour,0.0,0.001,inf,0.0,499.16886757994786,499.16886757994786
carbon_pipeline,power,EL-BG,0,kilotCO2eq / hour,0.7792955448158905,0.7802955448158905,inf,0.0,0.0,0.0
carbon_pipeline,power,EL-IT,0,kilotCO2eq / hour,0.0,0.001,inf,0.0,2192.8762610088615,2192.8762610088615
carbon_pipeline,power,ES-FR,0,kilotCO2eq / hour,3.938177416930332,3.939177416930332,inf,0.0,0.0,0.0
carbon_pipeline,power,ES-PT,0,kilotCO2eq / hour,0.0,0.001,inf,0.0,859.049365024745,859.049365024745
carbon_pipeline,power,FI-EE,0,kilotCO2eq / hour,0.0,0.001,inf,0.0,1632.8673886852625,1632.8673886852625
carbon_pipeline,power,FI-NO,0,kilotCO2eq / hour,1.5231825425524366,1.5241825425524365,inf,0.0,0.0,0.0
carbon_pipeline,power,FI-SE,0,kilotCO2eq / hour,0.0,0.001,inf,0.0,735.4199873955047,735.4199873955047
carbon_pipeline,power,FR-BE,0,kilotCO2eq / hour,0.0,0.001,inf,0.0,509.40034119042707,509.40034119042707
carbon_pipeline,power,FR-CH,0,kilotCO2eq / hour,0.0,0.001,inf,0.0,1071.5434319041237,1071.5434319041237
carbon_pipeline,power,FR-DE,0,kilotCO2eq / hour,0.0,0.001,inf,0.0,1519.4893531107034,1519.4893531107034
carbon_pipeline,power,FR-ES,0,kilotCO2eq / hour,0.0,0.001,inf,0.0,1940.8937470653836,1940.8937470653836
carbon_pipeline,power,FR-IT,0,kilotCO2eq / hour,0.0,0.001,inf,0.0,2136.8913687954578,2136.8913687954578
carbon_pipeline,power,FR-LU,0,kilotCO2eq / hour,0.0,0.001,inf,0.0,770.1022341368002,770.1022341368002
carbon_pipeline,power,FR-NO,0,kilotCO2eq / hour,0.0,0.001,inf,0.0,1599.3947633531366,1599.3947633531366
carbon_pipeline,power,FR-UK,0,kilotCO2eq / hour,14.264487961025214,14.265487961025213,inf,0.0,0.0,0.0
carbon_pipeline,power,HR-HU,0,kilotCO2eq / hour,0.28658339627923124,0.28758339627923124,inf,0.0,0.0,0.0
carbon_pipeline,power,HR-SI,0,kilotCO2eq / hour,0.0,0.001,inf,0.0,232.00602691454438,232.00602691454438
carbon_pipeline,power,HU-AT,0,kilotCO2eq / hour,0.0,0.001,inf,0.0,976.384312658019,976.384312658019
carbon_pipeline,power,HU-HR,0,kilotCO2eq / hour,0.0,0.001,inf,0.0,771.0137705913095,771.0137705913095
carbon_pipeline,power,HU-RO,0,kilotCO2eq / hour,1.0826478767525827,1.0836478767525826,inf,0.0,0.0,0.0
carbon_pipeline,power,HU-SI,0,kilotCO2eq / hour,0.0,0.001,inf,0.0,839.9778786895857,839.9778786895857
carbon_pipeline,power,HU-SK,0,kilotCO2eq / hour,0.2191722337593095,0.2201722337593095,inf,0.0,0.0,0.0
carbon_pipeline,power,IE-UK,0,kilotCO2eq / hour,0.3232337647730149,0.3242337647730149,inf,0.0,0.0,0.0
carbon_pipeline,power,IT-AT,0,kilotCO2eq / hour,0.0,0.001,inf,0.0,261.2399098983087,261.2399098983087
carbon_pipeline,power,IT-CH,0,kilotCO2eq / hour,0.0,0.001,inf,0.0,194.61927969847943,194.61927969847943
carbon_pipeline,power,IT-EL,0,kilotCO2eq / hour,0.0,0.001,inf,0.0,1783.8676139012214,1783.8676139012214
carbon_pipeline,power,IT-FR,0,kilotCO2eq / hour,0.7900733559009451,0.7910733559009451,inf,0.0,0.0,0.0
carbon_pipeline,power,IT-SI,0,kilotCO2eq / hour,0.0,0.001,inf,0.0,380.34147735065267,380.34147735065267
carbon_pipeline,power,LT-LV,0,kilotCO2eq / hour,0.0,0.001,inf,0.0,404.0005809546669,404.0005809546669
carbon_pipeline,power,LT-PL,0,kilotCO2eq / hour,0.0,0.001,inf,0.0,973.2348484963791,973.2348484963791
carbon_pipeline,power,LT-SE,0,kilotCO2eq / hour,0.8971130320858837,0.8981130320858837,inf,0.0,0.0,0.0
carbon_pipeline,power,LU-BE,0,kilotCO2eq / hour,0.09354331138866578,0.09454331138866578,inf,0.0,0.0,0.0
carbon_pipeline,power,LU-DE,0,kilotCO2eq / hour,0.0,0.001,inf,0.0,781.4509427504864,781.4509427504864
carbon_pipeline,power,LU-FR,0,kilotCO2eq / hour,0.0,0.001,inf,0.0,1044.341724142922,1044.341724142922
carbon_pipeline,power,LV-EE,0,kilotCO2eq / hour,0.0,0.001,inf,0.0,14.189642260703579,14.189642260703579
carbon_pipeline,power,LV-LT,0,kilotCO2eq / hour,0.4510697121071783,0.4520697121071783,inf,0.0,0.0,0.0
carbon_pipeline,power,NL-BE,0,kilotCO2eq / hour,0.0,0.001,inf,0.0,413.3106910364659,413.3106910364659
carbon_pipeline,power,NL-DE,0,kilotCO2eq / hour,0.0,0.001,inf,0.0,821.0085304165386,821.0085304165386
carbon_pipeline,power,NL-DK,0,kilotCO2eq / hour,0.0,0.001,inf,0.0,696.0037593101879,696.0037593101879
carbon_pipeline,power,NL-NO,0,kilotCO2eq / hour,0.0,0.001,inf,0.0,764.1387426642373,764.1387426642373
carbon_pipeline,power,NL-UK,0,kilotCO2eq / hour,0.0,0.001,inf,-1.0,2.9649062950602456,2.9649062950602456
carbon_pipeline,power,NO-BE,0,kilotCO2eq / hour,0.0,0.001,inf,0.0,4013.9748636388103,4013.9748636388103
carbon_pipeline,power,NO-DE,0,kilotCO2eq / hour,0.0,0.001,inf,0.0,3657.5549649393647,3657.5549649393647
carbon_pipeline,power,NO-DK,0,kilotCO2eq / hour,0.0,0.001,inf,0.0,2475.0280335308307,2475.0280335308307
carbon_pipeline,power,NO-FI,0,kilotCO2eq / hour,0.0,0.001,inf,0.0,973.1223931296314,973.1223931296314
carbon_pipeline,power,NO-FR,0,kilotCO2eq / hour,0.0,0.001,inf,0.0,5113.942198693398,5113.942198693398
carbon_pipeline,power,NO-NL,0,kilotCO2eq / hour,0.0,0.001,inf,0.0,3600.6851771870643,3600.6851771870643
carbon_pipeline,power,NO-SE,0,kilotCO2eq / hour,0.0,0.001,inf,0.0,576.9098442207641,576.9098442207641
carbon_pipeline,power,NO-UK,0,kilotCO2eq / hour,0.0,0.001,inf,0.0,3765.3359817109613,3765.3359817109613
carbon_pipeline,power,PL-CZ,0,kilotCO2eq / hour,0.0,0.001,inf,0.0,884.5113359362476,884.5113359362476
carbon_pipeline,power,PL-DE,0,kilotCO2eq / hour,0.0,0.001,inf,0.0,1456.624763069438,1456.624763069438
carbon_pipeline,power,PL-LT,0,kilotCO2eq / hour,0.0,0.001,inf,0.0,329.669026494063,329.669026494063
carbon_pipeline,power,PL-SE,0,kilotCO2eq / hour,2.563919316724236,2.564919316724236,inf,0.0,0.0,0.0
carbon_pipeline,power,PL-SK,0,kilotCO2eq / hour,0.0,0.001,inf,0.0,864.4402033046,864.4402033046
carbon_pipeline,power,PT-ES,0,kilotCO2eq / hour,0.6923683050923921,0.6933683050923921,inf,0.0,0.0,0.0
carbon_pipeline,power,RO-BG,0,kilotCO2eq / hour,0.0,0.001,inf,0.0,770.7467001910031,770.7467001910031
carbon_pipeline,power,RO-HU,0,kilotCO2eq / hour,0.0,0.001,inf,0.0,1067.0520958740153,1067.0520958740153
carbon_pipeline,power,SE-DE,0,kilotCO2eq / hour,0.0,0.001,inf,0.0,3124.320010577293,3124.320010577293
carbon_pipeline,power,SE-DK,0,kilotCO2eq / hour,0.0,0.001,inf,0.0,1993.797857298819,1993.797857298819
carbon_pipeline,power,SE-FI,0,kilotCO2eq / hour,0.0,0.001,inf,0.0,1131.632536304373,1131.632536304373
carbon_pipeline,power,SE-LT,0,kilotCO2eq / hour,0.0,0.001,inf,0.0,2110.058581958708,2110.058581958708
carbon_pipeline,power,SE-NO,0,kilotCO2eq / hour,6.140488112407909,6.1414881124079095,inf,0.0,0.0,0.0
carbon_pipeline,power,SE-PL,0,kilotCO2eq / hour,0.0,0.001,inf,0.0,2753.6244039610215,2753.6244039610215
carbon_pipeline,power,SI-AT,0,kilotCO2eq / hour,0.15193028428376523,0.15293028428376523,inf,0.0,0.0,0.0
carbon_pipeline,power,SI-HR,0,kilotCO2eq / hour,0.0,0.001,inf,0.0,442.56712338844636,442.56712338844636
carbon_pipeline,power,SI-HU,0,kilotCO2eq / hour,0.0,0.001,inf,0.0,279.5252045721784,279.5252045721784
carbon_pipeline,power,SI-IT,0,kilotCO2eq / hour,0.0,0.001,inf,0.0,897.418324012728,897.418324012728
carbon_pipeline,power,SK-AT,0,kilotCO2eq / hour,0.0,0.001,inf,0.0,1025.7566200852125,1025.7566200852125
carbon_pipeline,power,SK-CZ,0,kilotCO2eq / hour,0.0,0.001,inf,0.0,752.6534645498907,752.6534645498907
carbon_pipeline,power,SK-HU,0,kilotCO2eq / hour,0.0,0.001,inf,-1.0,378.9348318698479,378.9348318698479
carbon_pipeline,power,SK-PL,0,kilotCO2eq / hour,0.7823527121964134,0.7833527121964134,inf,0.0,0.0,0.0
carbon_pipeline,power,UK-BE,0,kilotCO2eq / hour,0.0,0.001,inf,0.0,1460.0307982764855,1460.0307982764855
carbon_pipeline,power,UK-DE,0,kilotCO2eq / hour,0.0,0.001,inf,0.0,2196.1036498349995,2196.1036498349995
carbon_pipeline,power,UK-DK,0,kilotCO2eq / hour,0.0,0.001,inf,0.0,1869.589612138743,1869.589612138743
carbon_pipeline,power,UK-FR,0,kilotCO2eq / hour,0.0,0.001,inf,0.0,2053.096120235889,2053.096120235889
carbon_pipeline,power,UK-IE,0,kilotCO2eq / hour,0.0,0.001,inf,0.0,836.7517201373878,836.7517201373878
carbon_pipeline,power,UK-NL,0,kilotCO2eq / hour,0.0,0.001,inf,0.0,1378.0600257135202,1378.0600257135202
carbon_pipeline,power,UK-NO,0,kilotCO2eq / hour,0.0,0.001,inf,0.0,2303.8846666065942,2303.8846666065942
hydrogen_pipeline,power,AT-CH,0,gigawatt,0.0,0.001,inf,0.0,166.20719078096226,166.20719078096226
hydrogen_pipeline,power,AT-CZ,0,gigawatt,12.015795846819774,12.016795846819774,inf,0.0,0.0,0.0
hydrogen_pipeline,power,AT-DE,0,gigawatt,13.70697859554238,13.707978595542379,inf,0.0,0.0,0.0
hydrogen_pipeline,power,AT-HU,0,gigawatt,0.0,0.001,inf,0.0,110.52202028254149,110.52202028254149
hydrogen_pipeline,power,AT-IT,0,gigawatt,0.0,0.001,inf,0.0,209.84473968211142,209.84473968211142
hydrogen_pipeline,power,AT-SI,0,gigawatt,0.0,0.001,inf,0.0,74.48530375856636,74.48530375856636
hydrogen_pipeline,power,AT-SK,0,gigawatt,0.0,0.001,inf,-1.0,34.0023170076806,34.0023170076806
hydrogen_pipeline,power,BE-DE,0,gigawatt,0.0,0.001,inf,0.0,126.61606708529013,126.61606708529013
hydrogen_pipeline,power,BE-FR,0,gigawatt,0.0,0.001,inf,0.0,191.73315880866866,191.73315880866866
hydrogen_pipeline,power,BE-LU,0,gigawatt,0.0,0.001,inf,-1.0,6.123133413319287,6.123133413319287
hydrogen_pipeline,power,BE-NL,0,gigawatt,12.252491507995034,12.253491507995033,inf,0.0,0.0,0.0
hydrogen_pipeline,power,BE-NO,0,gigawatt,0.0,0.001,inf,0.0,540.633577961995,540.633577961995
hydrogen_pipeline,power,BE-UK,0,gigawatt,0.0,0.001,inf,0.0,234.94503668824268,234.94503668824268
hydrogen_pipeline,power,BG-EL,0,gigawatt,0.0,0.001,inf,0.0,118.89912046839744,118.89912046839744
hydrogen_pipeline,power,BG-RO,0,gigawatt,0.49918584572820135,0.5001858457282014,inf,0.0,0.0,0.0
hydrogen_pipeline,power,CH-AT,0,gigawatt,0.0,0.001,inf,0.0,159.79685215527294,159.79685215527294
hydrogen_pipeline,power,CH-DE,0,gigawatt,0.0,0.001,inf,0.0,28.408592734793046,28.408592734793046
hydrogen_pipeline,power,CH-FR,0,gigawatt,0.00900894019926882,0.010008940199268821,inf,0.0,0.0,0.0
hydrogen_pipeline,power,CH-IT,0,gigawatt,0.0,0.001,inf,0.0,219.12473331996756,219.12473331996756
hydrogen_pipeline,power,CZ-AT,0,gigawatt,0.0,0.001,inf,0.0,105.30620330382925,105.30620330382925
hydrogen_pipeline,power,CZ-DE,0,gigawatt,0.0,0.001,inf,0.0,114.47975524959851,114.47975524959851
hydrogen_pipeline,power,CZ-PL,0,gigawatt,11.480759471248652,11.481759471248651,inf,0.0,0.0,0.0
hydrogen_pipeline,power,CZ-SK,0,gigawatt,0.0,0.001,inf,0.0,95.74685437668381,95.74685437668381
hydrogen_pipeline,power,DE-AT,0,gigawatt,0.0,0.001,inf,0.0,182.3506949430488,182.3506949430488
hydrogen_pipeline,power,DE-BE,0,gigawatt,0.0,0.001,inf,0.0,111.86242983161263,111.86242983161263
hydrogen_pipeline,power,DE-CH,0,gigawatt,0.0,0.001,inf,0.0,203.65768625198703,203.65768625198703
hydrogen_pipeline,power,DE-CZ,0,gigawatt,0.0,0.001,inf,0.0,152.8446514494626,152.8446514494626
hydrogen_pipeline,power,DE-DK,0,gigawatt,0.0,0.001,inf,0.0,140.773455673634,140.773455673634
hydrogen_pipeline,power,DE-FR,0,gigawatt,0.0,0.001,inf,0.0,311.9528422811869,311.9528422811869
hydrogen_pipeline,power,DE-LU,0,gigawatt,0.0,0.001,inf,0.0,19.1263012408063,19.1263012408063
hydrogen_pipeline,power,DE-NL,0,gigawatt,0.0,0.001,inf,0.0,2.900676406217144,2.900676406217144
hydrogen_pipeline,power,DE-NO,0,gigawatt,0.0,0.001,inf,0.0,392.0129752231697,392.0129752231697
hydrogen_pipeline,power,DE-PL,0,gigawatt,0.0,0.001,inf,0.0,186.19167096296889,186.19167096296889
hydrogen_pipeline,power,DE-SE,0,gigawatt,0.0,0.001,inf,0.0,384.1893541759181,384.1893541759181
hydrogen_pipeline,power,DE-UK,0,gigawatt,0.0,0.001,inf,-1.0,322.35656053920826,322.35656053920826
hydrogen_pipeline,power,DK-DE,0,gigawatt,0.4332811444900908,0.4342811444900908,inf,0.0,0.0,0.0
hydrogen_pipeline,power,DK-NL,0,gigawatt,0.044452883820035295,0.045452883820035296,inf,0.0,-2.842170943040401e-14,-2.842170943040401e-14
hydrogen_pipeline,power,DK-NO,0,gigawatt,0.0,0.001,inf,0.0,262.1246390274477,262.1246390274477
hydrogen_pipeline,power,DK-SE,0,gigawatt,0.0,0.001,inf,-1.0,248.30471434448503,248.30471434448503
hydrogen_pipeline,power,DK-UK,0,gigawatt,0.0,0.001,inf,-1.0,325.14601950239,325.14601950239
hydrogen_pipeline,power,EE-FI,0,gigawatt,0.0,0.001,inf,0.0,124.94457966101902,124.94457966101902
hydrogen_pipeline,power,EE-LV,0,gigawatt,0.31037283090561857,0.31137283090561857,inf,0.0,1.4210854715202004e-14,1.4210854715202004e-14
hydrogen_pipeline,power,EL-BG,0,gigawatt,0.0,0.001,inf,0.0,32.58716966608338,32.58716966608338
hydrogen_pipeline,power,EL-IT,0,gigawatt,0.0,0.001,inf,-1.0,381.36978452328015,381.36978452328015
hydrogen_pipeline,power,ES-FR,0,gigawatt,10.998136022130222,10.999136022130221,inf,0.0,0.0,0.0
hydrogen_pipeline,power,ES-PT,0,gigawatt,0.0,0.001,inf,-1.0,27.99909451903983,27.99909451903983
hydrogen_pipeline,power,FI-EE,0,gigawatt,0.0,0.001,inf,0.0,89.76303927350042,89.76303927350042
hydrogen_pipeline,power,FI-NO,0,gigawatt,0.0,0.001,inf,0.0,169.2386770660228,169.2386770660228
hydrogen_pipeline,power,FI-SE,0,gigawatt,0.0,0.001,inf,0.0,196.80565848771698,196.80565848771698
hydrogen_pipeline,power,FR-BE,0,gigawatt,19.86711533500066,19.86811533500066,inf,0.0,0.0,0.0
hydrogen_pipeline,power,FR-CH,0,gigawatt,0.0,0.001,inf,0.0,1.199322593047583,1.199322593047583
hydrogen_pipeline,power,FR-DE,0,gigawatt,0.0,0.001,inf,0.0,107.57182700576942,107.57182700576942
hydrogen_pipeline,power,FR-ES,0,gigawatt,0.0,0.001,inf,-1.0,337.54673862006666,337.54673862006666
hydrogen_pipeline,power,FR-IT,0,gigawatt,0.0,0.001,inf,-1.0,367.0754876014871,367.0754876014871
hydrogen_pipeline,power,FR-LU,0,gigawatt,0.32457058814736744,0.32557058814736745,inf,0.0,0.0,0.0
hydrogen_pipeline,power,FR-NO,0,gigawatt,0.0,0.001,inf,0.0,708.6190021231179,708.6190021231179
hydrogen_pipeline,power,FR-UK,0,gigawatt,0.0,0.001,inf,-1.0,299.5632338748348,299.5632338748348
hydrogen_pipeline,power,HR-HU,0,gigawatt,0.2657156071894993,0.2667156071894993,inf,0.0,0.0,0.0
hydrogen_pipeline,power,HR-SI,0,gigawatt,0.0,0.001,inf,0.0,53.736290625660416,53.736290625660416
hydrogen_pipeline,power,HU-AT,0,gigawatt,0.0,0.001,inf,0.0,169.49003079072472,169.49003079072472
hydrogen_pipeline,power,HU-HR,0,gigawatt,0.0,0.001,inf,0.0,134.0893514071842,134.0893514071842
hydrogen_pipeline,power,HU-RO,0,gigawatt,0.0,0.001,inf,0.0,96.62976916537518,96.62976916537518
hydrogen_pipeline,power,HU-SI,0,gigawatt,0.0,0.001,inf,0.0,146.08310933731923,146.08310933731923
hydrogen_pipeline,power,HU-SK,0,gigawatt,1.210417924546961,1.211417924546961,inf,0.0,0.0,0.0
hydrogen_pipeline,power,IE-UK,0,gigawatt,1.601340533493571,1.602340533493571,inf,0.0,0.0,0.0
hydrogen_pipeline,power,IT-AT,0,gigawatt,24.129621428401368,24.13062142840137,inf,0.0,0.0,0.0
hydrogen_pipeline,power,IT-CH,0,gigawatt,0.884401811997653,0.885401811997653,inf,0.0,0.0,0.0
hydrogen_pipeline,power,IT-EL,0,gigawatt,0.0,0.001,inf,-1.0,321.61572176194187,321.61572176194187
hydrogen_pipeline,power,IT-FR,0,gigawatt,3.51085655978255,3.51185655978255,inf,0.0,0.0,0.0
hydrogen_pipeline,power,IT-SI,0,gigawatt,1.8393227333767872,1.840322733376787,inf,0.0,-2.842170943040401e-14,-2.842170943040401e-14
hydrogen_pipeline,power,LT-LV,0,gigawatt,0.0,0.001,inf,0.0,70.2609706008116,70.2609706008116
hydrogen_pipeline,power,LT-PL,0,gigawatt,0.0,0.001,inf,0.0,85.56868695704516,85.56868695704516
hydrogen_pipeline,power,LT-SE,0,gigawatt,0.0,0.001,inf,-1.0,366.9667099058622,366.9667099058622
hydrogen_pipeline,power,LU-BE,0,gigawatt,0.0,0.001,inf,-1.0,4.134396454246485,4.134396454246485
hydrogen_pipeline,power,LU-DE,0,gigawatt,0.0,0.001,inf,0.0,19.35222146956447,19.35222146956447
hydrogen_pipeline,power,LU-FR,0,gigawatt,0.0,0.001,inf,0.0,181.62464767702988,181.62464767702988
hydrogen_pipeline,power,LV-EE,0,gigawatt,0.0,0.001,inf,-1.0,86.81197697042569,86.81197697042569
hydrogen_pipeline,power,LV-LT,0,gigawatt,0.2616818142882558,0.2626818142882558,inf,0.0,0.0,0.0
hydrogen_pipeline,power,NL-BE,0,gigawatt,0.0,0.001,inf,0.0,71.88012018025493,71.88012018025493
hydrogen_pipeline,power,NL-DE,0,gigawatt,0.0,0.001,inf,0.0,125.04421273030738,125.04421273030738
hydrogen_pipeline,power,NL-DK,0,gigawatt,0.0,0.001,inf,0.0,199.2947860457583,199.2947860457583
hydrogen_pipeline,power,NL-NO,0,gigawatt,0.0,0.001,inf,0.0,530.9752829331246,530.9752829331246
hydrogen_pipeline,power,NL-UK,0,gigawatt,0.0,0.001,inf,0.0,239.66261316756868,239.66261316756868
hydrogen_pipeline,power,NO-BE,0,gigawatt,0.0,0.001,inf,0.0,291.7146068134813,291.7146068134813
hydrogen_pipeline,power,NO-DE,0,gigawatt,0.0,0.001,inf,0.0,100.23484229863413,100.23484229863413
hydrogen_pipeline,power,NO-DK,0,gigawatt,0.0,0.001,inf,0.0,110.39953298760082,110.39953298760082
hydrogen_pipeline,power,NO-FI,0,gigawatt,0.8257701880688084,0.8267701880688084,inf,0.0,0.0,0.0
hydrogen_pipeline,power,NO-FR,0,gigawatt,0.0,0.001,inf,0.0,778.0727628364903,778.0727628364903
hydrogen_pipeline,power,NO-NL,0,gigawatt,0.0,0.001,inf,0.0,151.3335072876102,151.3335072876102
hydrogen_pipeline,power,NO-SE,0,gigawatt,2.357465171427855,2.358465171427855,inf,0.0,0.0,0.0
hydrogen_pipeline,power,NO-UK,0,gigawatt,0.0,0.001,inf,0.0,516.0255680172334,516.0255680172334
hydrogen_pipeline,power,PL-CZ,0,gigawatt,0.0,0.001,inf,0.0,153.8280584236952,153.8280584236952
hydrogen_pipeline,power,PL-DE,0,gigawatt,0.0,0.001,inf,0.0,253.32604575120655,253.32604575120655
hydrogen_pipeline,power,PL-LT,0,gigawatt,0.3372474544672092,0.3382474544672092,inf,0.0,0.0,0.0
hydrogen_pipeline,power,PL-SE,0,gigawatt,0.0,0.001,inf,0.0,398.51851488918487,398.51851488918487
hydrogen_pipeline,power,PL-SK,0,gigawatt,0.0,0.001,inf,0.0,150.33742666166953,150.33742666166953
hydrogen_pipeline,power,PT-ES,0,gigawatt,0.0,0.001,inf,0.0,149.39988956952084,149.39988956952084
hydrogen_pipeline,power,RO-BG,0,gigawatt,0.0,0.001,inf,0.0,134.042904381044,134.042904381044
hydrogen_pipeline,power,RO-HU,0,gigawatt,0.0,0.001,inf,0.0,107.82334325512583,107.82334325512583
hydrogen_pipeline,power,SE-DE,0,gigawatt,0.0,0.001,inf,0.0,106.43273369778103,106.43273369778103
hydrogen_pipeline,power,SE-DK,0,gigawatt,0.0,0.001,inf,-1.0,120.28754943727822,120.28754943727822
hydrogen_pipeline,power,SE-FI,0,gigawatt,0.002386067478732746,0.003386067478732746,inf,0.0,0.0,0.0
hydrogen_pipeline,power,SE-LT,0,gigawatt,0.8085678166980542,0.8095678166980542,inf,0.0,0.0,0.0
hydrogen_pipeline,power,SE-NO,0,gigawatt,1.9829216354100596,1.9839216354100595,inf,0.0,0.0,0.0
hydrogen_pipeline,power,SE-PL,0,gigawatt,2.5952926349274703,2.59629263492747,inf,0.0,0.0,0.0
hydrogen_pipeline,power,SI-AT,0,gigawatt,0.04258820277332951,0.04358820277332951,inf,0.0,0.0,0.0
hydrogen_pipeline,power,SI-HR,0,gigawatt,0.009766035382328925,0.010766035382328924,inf,0.0,-1.4210854715202004e-14,-1.4210854715202004e-14
hydrogen_pipeline,power,SI-HU,0,gigawatt,0.976042890073505,0.977042890073505,inf,0.0,2.842170943040401e-14,2.842170943040401e-14
hydrogen_pipeline,power,SI-IT,0,gigawatt,0.0,0.001,inf,0.0,156.07275200221352,156.07275200221352
hydrogen_pipeline,power,SK-AT,0,gigawatt,0.0,0.001,inf,0.0,178.39245566699344,178.39245566699344
hydrogen_pipeline,power,SK-CZ,0,gigawatt,0.0,0.001,inf,0.0,127.66391818936329,127.66391818936329
hydrogen_pipeline,power,SK-HU,0,gigawatt,0.0,0.001,inf,0.0,65.90170989040833,65.90170989040833
hydrogen_pipeline,power,SK-PL,0,gigawatt,0.5199335013904425,0.5209335013904425,inf,0.0,0.0,0.0
hydrogen_pipeline,power,UK-BE,0,gigawatt,0.0,0.001,inf,0.0,56.20529851530239,56.20529851530239
hydrogen_pipeline,power,UK-DE,0,gigawatt,0.0,0.001,inf,-1.0,150.29476321344822,150.29476321344822
hydrogen_pipeline,power,UK-DK,0,gigawatt,0.0,0.001,inf,-1.0,325.14601950239,325.14601950239
hydrogen_pipeline,power,UK-FR,0,gigawatt,0.0,0.001,inf,-1.0,321.5451102983279,321.5451102983279
hydrogen_pipeline,power,UK-IE,0,gigawatt,0.0,0.001,inf,0.0,145.52203828476306,145.52203828476306
hydrogen_pipeline,power,UK-NL,0,gigawatt,2.136220607768068,2.137220607768068,inf,0.0,0.0,0.0
hydrogen_pipeline,power,UK-NO,0,gigawatt,0.0,0.001,inf,0.0,542.874267634035,542.874267634035
natural_gas_pipeline,power,AT-CH,0,gigawatt,0.0,0.001,inf,0.0,113.4451717115745,113.4451717115745
natural_gas_pipeline,power,AT-CZ,0,gigawatt,0.15239250039317076,0.15339250039317076,inf,0.0,0.0,0.0
natural_gas_pipeline,power,AT-DE,0,gigawatt,0.0,13.95833333,inf,0.0,120.5080080959177,120.5080080959177
natural_gas_pipeline,power,AT-HU,0,gigawatt,0.0,6.375,inf,0.0,112.21771818763355,112.21771818763355
natural_gas_pipeline,power,AT-IT,0,gigawatt,0.0,47.91666667,inf,-1.0,138.6776814664484,138.6776814664484
natural_gas_pipeline,power,AT-SI,0,gigawatt,0.0,4.708333333,inf,0.0,49.2242466702284,49.2242466702284
natural_gas_pipeline,power,AT-SK,0,gigawatt,0.0,10.29166667,inf,0.0,117.89217199574033,117.89217199574033
natural_gas_pipeline,power,BE-DE,0,gigawatt,0.0,13.45833333,inf,0.0,78.71345195696293,78.71345195696293
natural_gas_pipeline,power,BE-FR,0,gigawatt,0.0,36.25,inf,-1.0,126.70848916252892,126.70848916252892
natural_gas_pipeline,power,BE-LU,0,gigawatt,0.0,2.041666667,inf,-1.0,36.64326320818727,36.64326320818727
natural_gas_pipeline,power,BE-NL,0,gigawatt,0.0,13.79166667,inf,-1.0,47.502588938983905,47.502588938983905
natural_gas_pipeline,power,BE-NO,0,gigawatt,0.0,0.001,inf,0.0,461.33381520011403,461.33381520011403
natural_gas_pipeline,power,BE-UK,0,gigawatt,0.0,33.45833333,inf,-1.0,167.80413464471764,167.80413464471764
natural_gas_pipeline,power,BG-EL,0,gigawatt,0.0,4.916666667,inf,0.0,110.8893301447499,110.8893301447499
natural_gas_pipeline,power,BG-RO,0,gigawatt,0.0,6.166666667,inf,-1.0,88.58339372600747,88.58339372600747
natural_gas_pipeline,power,CH-AT,0,gigawatt,0.0,0.001,inf,0.0,113.4451717115745,113.4451717115745
natural_gas_pipeline,power,CH-DE,0,gigawatt,0.0,7.208333333,inf,-1.0,134.58891457098818,134.58891457098818
natural_gas_pipeline,power,CH-FR,0,gigawatt,0.0,4.166666667,inf,-1.0,123.1545379297211,123.1545379297211
natural_gas_pipeline,power,CH-IT,0,gigawatt,0.0,26.66666667,inf,-1.0,144.81044421127973,144.81044421127973
natural_gas_pipeline,power,CZ-AT,0,gigawatt,0.0,0.001,inf,0.0,69.59250034254922,69.59250034254922
natural_gas_pipeline,power,CZ-DE,0,gigawatt,0.0,51.33333333,inf,0.0,101.00868823144393,101.00868823144393
natural_gas_pipeline,power,CZ-PL,0,gigawatt,0.0,1.166666667,inf,0.0,101.65858109666948,101.65858109666948
natural_gas_pipeline,power,CZ-SK,0,gigawatt,0.0,51.91666667,inf,-1.0,86.50390351712704,86.50390351712704
natural_gas_pipeline,power,DE-AT,0,gigawatt,0.0,14.16666667,inf,0.0,120.5080080959177,120.5080080959177
natural_gas_pipeline,power,DE-BE,0,gigawatt,0.0,16.5,inf,0.0,107.83709232837093,107.83709232837093
natural_gas_pipeline,power,DE-CH,0,gigawatt,0.0,13.29166667,inf,-1.0,134.58891457098818,134.58891457098818
natural_gas_pipeline,power,DE-CZ,0,gigawatt,0.0,75.16666667,inf,0.0,101.00868823144393,101.00868823144393
natural_gas_pipeline,power,DE-DK,0,gigawatt,0.0,5.666666667,inf,-1.0,146.07269249764678,146.07269249764678
natural_gas_pipeline,power,DE-FR,0,gigawatt,0.0,25.58333333,inf,0.0,206.15668975051992,206.15668975051992
natural_gas_pipeline,power,DE-LU,0,gigawatt,0.0,1.125,inf,-1.0,89.81365281495383,89.81365281495383
natural_gas_pipeline,power,DE-NL,0,gigawatt,0.0,24.75,inf,-1.0,94.36008209217887,94.36008209217887
natural_gas_pipeline,power,DE-NO,0,gigawatt,0.0,0.001,inf,0.0,420.36979393287737,420.36979393287737
natural_gas_pipeline,power,DE-PL,0,gigawatt,0.0,9.75,inf,-1.0,167.4126724980542,167.4126724980542
natural_gas_pipeline,power,DE-SE,0,gigawatt,0.0,0.001,inf,-1.0,359.0840798337846,359.0840798337846
natural_gas_pipeline,power,DE-UK,0,gigawatt,0.0,0.001,inf,0.0,252.40239656977602,252.40239656977602
natural_gas_pipeline,power,DK-DE,0,gigawatt,2.1650711214088663,2.331737788408866,inf,0.0,0.0,0.0
natural_gas_pipeline,power,DK-NL,0,gigawatt,0.0,0.001,inf,0.0,129.6844182404401,129.6844182404401
natural_gas_pipeline,power,DK-NO,0,gigawatt,0.0,0.001,inf,0.0,284.4597099447003,284.4597099447003
natural_gas_pipeline,power,DK-SE,0,gigawatt,0.0,16.5,inf,0.0,229.15100455104485,229.15100455104485
natural_gas_pipeline,power,DK-UK,0,gigawatt,0.0,0.001,inf,0.0,214.87551315769238,214.87551315769238
natural_gas_pipeline,power,EE-FI,0,gigawatt,0.0,2.931,inf,-1.0,187.6685748488044,187.6685748488044
natural_gas_pipeline,power,EE-LV,0,gigawatt,0.0,7.4375,inf,0.0,57.37043353107042,57.37043353107042
natural_gas_pipeline,power,EL-BG,0,gigawatt,0.0,6.054,inf,0.0,110.8893301447499,110.8893301447499
natural_gas_pipeline,power,EL-IT,0,gigawatt,0.0,20.2958,inf,0.0,252.0314665936608,252.0314665936608
natural_gas_pipeline,power,ES-FR,0,gigawatt,0.0,9.333333333,inf,0.0,223.07063388533697,223.07063388533697
natural_gas_pipeline,power,ES-PT,0,gigawatt,0.0,6.0,inf,0.0,98.73218803688104,98.73218803688104
natural_gas_pipeline,power,FI-EE,0,gigawatt,0.0,2.931,inf,-1.0,187.6685748488044,187.6685748488044
natural_gas_pipeline,power,FI-NO,0,gigawatt,0.0,0.001,inf,0.0,111.84281953180525,111.84281953180525
natural_gas_pipeline,power,FI-SE,0,gigawatt,0.0,0.001,inf,0.0,130.06069372955955,130.06069372955955
natural_gas_pipeline,power,FR-BE,0,gigawatt,0.0,11.25,inf,-1.0,126.70848916252892,126.70848916252892
natural_gas_pipeline,power,FR-CH,0,gigawatt,0.0,9.291666667,inf,-1.0,123.1545379297211,123.1545379297211
natural_gas_pipeline,power,FR-DE,0,gigawatt,0.0,1.2916,inf,0.0,206.15668975051992,206.15668975051992
natural_gas_pipeline,power,FR-ES,0,gigawatt,0.0,6.875,inf,0.0,223.07063388533697,223.07063388533697
natural_gas_pipeline,power,FR-IT,0,gigawatt,0.0,0.001,inf,0.0,245.59701575732373,245.59701575732373
natural_gas_pipeline,power,FR-LU,0,gigawatt,0.0,0.001,inf,0.0,120.02819358334482,120.02819358334482
natural_gas_pipeline,power,FR-NO,0,gigawatt,0.0,0.001,inf,0.0,587.7551667319997,587.7551667319997
natural_gas_pipeline,power,FR-UK,0,gigawatt,0.0,0.001,inf,0.0,235.96626742757877,235.96626742757877
natural_gas_pipeline,power,HR-HU,0,gigawatt,0.0,2.166666667,inf,-1.0,88.61408863837886,88.61408863837886
natural_gas_pipeline,power,HR-SI,0,gigawatt,0.0,0.333333333,inf,0.0,17.42233924444089,17.42233924444089
natural_gas_pipeline,power,HU-AT,0,gigawatt,0.0,0.001,inf,0.0,112.21771818763355,112.21771818763355
natural_gas_pipeline,power,HU-HR,0,gigawatt,0.0,3.25,inf,-1.0,88.61408863837886,88.61408863837886
natural_gas_pipeline,power,HU-RO,0,gigawatt,0.0,3.208333333,inf,-1.0,122.63834008182594,122.63834008182594
natural_gas_pipeline,power,HU-SI,0,gigawatt,0.0,0.001,inf,0.0,96.54026560302707,96.54026560302707
natural_gas_pipeline,power,HU-SK,0,gigawatt,2.9100356332012094,2.9110356332012093,inf,0.0,0.0,0.0
natural_gas_pipeline,power,IE-UK,0,gigawatt,0.16344959185706034,0.16444959185706035,inf,0.0,0.0,0.0
natural_gas_pipeline,power,IT-AT,0,gigawatt,0.0,8.083333333,inf,-1.0,101.82314177472739,101.82314177472739
natural_gas_pipeline,power,IT-CH,0,gigawatt,0.0,18.5,inf,-1.0,144.8104442112771,144.8104442112771
natural_gas_pipeline,power,IT-EL,0,gigawatt,0.0,0.001,inf,0.0,252.0314665936608,252.0314665936608
natural_gas_pipeline,power,IT-FR,0,gigawatt,0.0,0.001,inf,0.0,245.59701575732373,245.59701575732373
natural_gas_pipeline,power,IT-SI,0,gigawatt,0.0,1.208333333,inf,0.0,103.14200594469335,103.14200594469335
natural_gas_pipeline,power,LT-LV,0,gigawatt,0.0,2.833333333,inf,-1.0,46.43256016454465,46.43256016454465
natural_gas_pipeline,power,LT-PL,0,gigawatt,0.0,2.41955,inf,-1.0,123.36517183394804,123.36517183394804
natural_gas_pipeline,power,LT-SE,0,gigawatt,0.0,0.001,inf,0.0,242.5130721990357,242.5130721990357
natural_gas_pipeline,power,LU-BE,0,gigawatt,0.0,0.001,inf,-1.0,36.64326320818727,36.64326320818727
natural_gas_pipeline,power,LU-DE,0,gigawatt,0.0,0.001,inf,-1.0,78.07129566186907,78.07129566186907
natural_gas_pipeline,power,LU-FR,0,gigawatt,0.0,0.001,inf,0.0,120.02819358334482,120.02819358334482
natural_gas_pipeline,power,LV-EE,0,gigawatt,0.0,3.045,inf,0.0,57.37043353107042,57.37043353107042
natural_gas_pipeline,power,LV-LT,0,gigawatt,0.0,2.708333333,inf,-1.0,46.43256016454465,46.43256016454465
natural_gas_pipeline,power,NL-BE,0,gigawatt,0.0,58.20833333,inf,-1.0,47.502588938983905,47.502588938983905
natural_gas_pipeline,power,NL-DE,0,gigawatt,0.0,53.04166667,inf,-1.0,94.36008209217887,94.36008209217887
natural_gas_pipeline,power,NL-DK,0,gigawatt,0.0,0.001,inf,0.0,131.70565485246556,131.70565485246556
natural_gas_pipeline,power,NL-NO,0,gigawatt,0.0,0.001,inf,0.0,413.8336403582619,413.8336403582619
natural_gas_pipeline,power,NL-UK,0,gigawatt,0.0,20.58333333,inf,-1.0,158.383076833934,158.383076833934
natural_gas_pipeline,power,NO-BE,0,gigawatt,0.0,20.33333333,inf,0.0,461.33381520011403,461.33381520011403
natural_gas_pipeline,power,NO-DE,0,gigawatt,0.0,51.95833333,inf,0.0,420.36979393287737,420.36979393287737
natural_gas_pipeline,power,NO-DK,0,gigawatt,0.0,11.15233,inf,0.0,284.4597099447003,284.4597099447003
natural_gas_pipeline,power,NO-FI,0,gigawatt,1.3885483180091935,1.3895483180091934,inf,0.0,0.0,0.0
natural_gas_pipeline,power,NO-FR,0,gigawatt,0.0,23.75,inf,0.0,587.7551667319997,587.7551667319997
natural_gas_pipeline,power,NO-NL,0,gigawatt,0.0,40.125,inf,0.0,413.8336403582619,413.8336403582619
natural_gas_pipeline,power,NO-SE,0,gigawatt,0.7113111165343121,0.7123111165343121,inf,0.0,0.0,0.0
natural_gas_pipeline,power,NO-UK,0,gigawatt,0.0,62.45833333,inf,0.0,432.7572725202028,432.7572725202028
natural_gas_pipeline,power,PL-CZ,0,gigawatt,0.0,0.001,inf,0.0,101.65858109666948,101.65858109666948
natural_gas_pipeline,power,PL-DE,0,gigawatt,0.0,38.83333333,inf,-1.0,167.4126724980542,167.4126724980542
natural_gas_pipeline,power,PL-LT,0,gigawatt,0.0,2.5645,inf,-1.0,123.36517183394804,123.36517183394804
natural_gas_pipeline,power,PL-SE,0,gigawatt,0.0,0.001,inf,0.0,316.4793241270748,316.4793241270748
natural_gas_pipeline,power,PL-SK,0,gigawatt,0.0,0.001,inf,0.0,99.35176740029485,99.35176740029485
natural_gas_pipeline,power,PT-ES,0,gigawatt,0.0,3.333333333,inf,0.0,98.73218803688104,98.73218803688104
natural_gas_pipeline,power,RO-BG,0,gigawatt,0.0,33.58333333,inf,-1.0,88.58339372600747,88.58339372600747
natural_gas_pipeline,power,RO-HU,0,gigawatt,0.0,2.083333333,inf,-1.0,0.9628312968605997,0.9628312968605997
natural_gas_pipeline,power,SE-DE,0,gigawatt,0.0,0.001,inf,-1.0,359.0840798337846,359.0840798337846
natural_gas_pipeline,power,SE-DK,0,gigawatt,0.0,16.5,inf,0.0,229.15100455104485,229.15100455104485
natural_gas_pipeline,power,SE-FI,0,gigawatt,0.0,0.001,inf,0.0,110.85601559225934,110.85601559225934
natural_gas_pipeline,power,SE-LT,0,gigawatt,0.0,0.001,inf,0.0,242.5130721990357,242.5130721990357
natural_gas_pipeline,power,SE-NO,0,gigawatt,0.0,0.001,inf,0.0,66.30535279924398,66.30535279924398
natural_gas_pipeline,power,SE-PL,0,gigawatt,0.0,0.001,inf,0.0,316.4793241270748,316.4793241270748
natural_gas_pipeline,power,SI-AT,0,gigawatt,0.2714931592524562,0.2724931592524562,inf,0.0,0.0,0.0
natural_gas_pipeline,power,SI-HR,0,gigawatt,0.0,2.25,inf,0.0,50.86508671602471,50.86508671602471
natural_gas_pipeline,power,SI-HU,0,gigawatt,0.0,0.001,inf,0.0,96.54026560302707,96.54026560302707
natural_gas_pipeline,power,SI-IT,0,gigawatt,0.0,0.916666667,inf,0.0,103.14200594469335,103.14200594469335
natural_gas_pipeline,power,SK-AT,0,gigawatt,0.0,65.41666667,inf,0.0,117.89217199574033,117.89217199574033
natural_gas_pipeline,power,SK-CZ,0,gigawatt,0.0,19.08333333,inf,-1.0,86.50390351712704,86.50390351712704
natural_gas_pipeline,power,SK-HU,0,gigawatt,0.0,5.375,inf,-1.0,43.551705637801206,43.551705637801206
natural_gas_pipeline,power,SK-PL,0,gigawatt,0.0,0.001,inf,0.0,99.35176740029485,99.35176740029485
natural_gas_pipeline,power,UK-BE,0,gigawatt,0.0,27.16666667,inf,-1.0,87.93921053018842,87.93921053018842
natural_gas_pipeline,power,UK-DE,0,gigawatt,0.0,0.001,inf,0.0,99.61202561879747,99.61202561879747
natural_gas_pipeline,power,UK-DK,0,gigawatt,0.0,0.001,inf,0.0,214.87551315769238,214.87551315769238
natural_gas_pipeline,power,UK-FR,0,gigawatt,0.0,0.001,inf,0.0,235.96626742757877,235.96626742757877
natural_gas_pipeline,power,UK-IE,0,gigawatt,0.0,16.125,inf,0.0,96.16947702465099,96.16947702465099
natural_gas_pipeline,power,UK-NL,0,gigawatt,12.633090931289921,19.63309093128992,inf,0.0,0.0,0.0
natural_gas_pipeline,power,UK-NO,0,gigawatt,0.0,0.001,inf,0.0,432.7572725202028,432.7572725202028
oil_pipeline,power,AT-CH,0,gigawatt,0.0,0.001,inf,0.0,113.4451717115745,113.4451717115745
oil_pipeline,power,AT-CZ,0,gigawatt,0.0,0.001,inf,0.0,69.59250034254922,69.59250034254922
oil_pipeline,power,AT-DE,0,gigawatt,0.0,0.001,inf,0.0,120.5080080959177,120.5080080959177
oil_pipeline,power,AT-HU,0,gigawatt,0.0,0.001,inf,0.0,112.21771818763355,112.21771818763355
oil_pipeline,power,AT-IT,0,gigawatt,0.0,0.001,inf,0.0,138.6776814664484,138.6776814664484
oil_pipeline,power,AT-SI,0,gigawatt,0.0,0.001,inf,0.0,49.2242466702284,49.2242466702284
oil_pipeline,power,AT-SK,0,gigawatt,0.0,0.001,inf,0.0,117.89217199574033,117.89217199574033
oil_pipeline,power,BE-DE,0,gigawatt,0.0,0.001,inf,0.0,107.83709232837093,107.83709232837093
oil_pipeline,power,BE-FR,0,gigawatt,0.0,0.001,inf,0.0,126.70848916252892,126.70848916252892
oil_pipeline,power,BE-LU,0,gigawatt,0.0,0.001,inf,-1.0,36.64326320818727,36.64326320818727
oil_pipeline,power,BE-NL,0,gigawatt,0.0,0.001,inf,-1.0,47.502588938983905,47.502588938983905
oil_pipeline,power,BE-NO,0,gigawatt,0.0,0.001,inf,0.0,461.33381520011403,461.33381520011403
oil_pipeline,power,BE-UK,0,gigawatt,0.0,0.001,inf,0.0,167.80413464471764,167.80413464471764
oil_pipeline,power,BG-EL,0,gigawatt,0.0,0.001,inf,0.0,110.8893301447499,110.8893301447499
oil_pipeline,power,BG-RO,0,gigawatt,0.0,0.001,inf,-1.0,88.58339372600747,88.58339372600747
oil_pipeline,power,CH-AT,0,gigawatt,0.0,0.001,inf,0.0,113.4451717115745,113.4451717115745
oil_pipeline,power,CH-DE,0,gigawatt,0.0,0.001,inf,0.0,134.58891457098818,134.58891457098818
oil_pipeline,power,CH-FR,0,gigawatt,0.0,0.001,inf,0.0,123.1545379297211,123.1545379297211
oil_pipeline,power,CH-IT,0,gigawatt,0.0,0.001,inf,0.0,144.81044421127973,144.81044421127973
oil_pipeline,power,CZ-AT,0,gigawatt,0.0,0.001,inf,0.0,69.59250034254922,69.59250034254922
oil_pipeline,power,CZ-DE,0,gigawatt,0.0,0.001,inf,0.0,101.00868823144393,101.00868823144393
oil_pipeline,power,CZ-PL,0,gigawatt,0.0,0.001,inf,0.0,101.65858109666948,101.65858109666948
oil_pipeline,power,CZ-SK,0,gigawatt,0.0,0.001,inf,-1.0,86.50390351712704,86.50390351712704
oil_pipeline,power,DE-AT,0,gigawatt,0.0,0.001,inf,0.0,120.5080080959177,120.5080080959177
oil_pipeline,power,DE-BE,0,gigawatt,0.0,0.001,inf,0.0,107.83709232837093,107.83709232837093
oil_pipeline,power,DE-CH,0,gigawatt,0.0,0.001,inf,0.0,134.58891457098818,134.58891457098818
oil_pipeline,power,DE-CZ,0,gigawatt,0.0,0.001,inf,0.0,101.00868823144393,101.00868823144393
oil_pipeline,power,DE-DK,0,gigawatt,0.0,0.001,inf,0.0,146.07269249764678,146.07269249764678
oil_pipeline,power,DE-FR,0,gigawatt,0.0,0.001,inf,0.0,206.15668975051992,206.15668975051992
oil_pipeline,power,DE-LU,0,gigawatt,0.0,0.001,inf,-1.0,89.81365281495383,89.81365281495383
oil_pipeline,power,DE-NL,0,gigawatt,0.0,0.001,inf,-1.0,94.36008209217887,94.36008209217887
oil_pipeline,power,DE-NO,0,gigawatt,0.0,0.001,inf,0.0,420.36979393287737,420.36979393287737
oil_pipeline,power,DE-PL,0,gigawatt,0.0,0.001,inf,0.0,167.4126724980542,167.4126724980542
oil_pipeline,power,DE-SE,0,gigawatt,0.0,0.001,inf,-1.0,359.0840798337846,359.0840798337846
oil_pipeline,power,DE-UK,0,gigawatt,0.0,0.001,inf,0.0,252.40239656977602,252.40239656977602
oil_pipeline,power,DK-DE,0,gigawatt,0.0,0.001,inf,0.0,146.07269249764678,146.07269249764678
oil_pipeline,power,DK-NL,0,gigawatt,0.0,0.001,inf,0.0,131.70565485246556,131.70565485246556
oil_pipeline,power,DK-NO,0,gigawatt,0.0,0.001,inf,0.0,284.4597099447003,284.4597099447003
oil_pipeline,power,DK-SE,0,gigawatt,0.0,0.001,inf,0.0,229.15100455104485,229.15100455104485
oil_pipeline,power,DK-UK,0,gigawatt,0.0,0.001,inf,0.0,214.87551315769238,214.87551315769238
oil_pipeline,power,EE-FI,0,gigawatt,0.0,0.001,inf,0.0,187.6685748488044,187.6685748488044
oil_pipeline,power,EE-LV,0,gigawatt,0.0,0.001,inf,0.0,57.37043353107042,57.37043353107042
oil_pipeline,power,EL-BG,0,gigawatt,0.0,0.001,inf,0.0,110.8893301447499,110.8893301447499
oil_pipeline,power,EL-IT,0,gigawatt,0.0,0.001,inf,0.0,252.0314665936608,252.0314665936608
oil_pipeline,power,ES-FR,0,gigawatt,0.0,0.001,inf,0.0,223.07063388533697,223.07063388533697
oil_pipeline,power,ES-PT,0,gigawatt,0.0,0.001,inf,0.0,98.73218803688104,98.73218803688104
oil_pipeline,power,FI-EE,0,gigawatt,0.0,0.001,inf,0.0,187.6685748488044,187.6685748488044
oil_pipeline,power,FI-NO,0,gigawatt,0.0,0.001,inf,0.0,111.84281953180525,111.84281953180525
oil_pipeline,power,FI-SE,0,gigawatt,0.0,0.001,inf,0.0,130.06069372955955,130.06069372955955
oil_pipeline,power,FR-BE,0,gigawatt,0.0,0.001,inf,0.0,126.70848916252892,126.70848916252892
oil_pipeline,power,FR-CH,0,gigawatt,0.0,0.001,inf,0.0,123.1545379297211,123.1545379297211
oil_pipeline,power,FR-DE,0,gigawatt,0.0,0.001,inf,0.0,206.15668975051992,206.15668975051992
oil_pipeline,power,FR-ES,0,gigawatt,0.0,0.001,inf,0.0,223.07063388533697,223.07063388533697
oil_pipeline,power,FR-IT,0,gigawatt,0.0,0.001,inf,0.0,245.59701575732373,245.59701575732373
oil_pipeline,power,FR-LU,0,gigawatt,0.0,0.001,inf,0.0,120.02819358334482,120.02819358334482
oil_pipeline,power,FR-NO,0,gigawatt,0.0,0.001,inf,0.0,587.7551667319997,587.7551667319997
oil_pipeline,power,FR-UK,0,gigawatt,0.0,0.001,inf,0.0,235.96626742757877,235.96626742757877
oil_pipeline,power,HR-HU,0,gigawatt,0.0,0.001,inf,-1.0,88.61408863837886,88.61408863837886
oil_pipeline,power,HR-SI,0,gigawatt,0.0,0.001,inf,0.0,50.86508671602471,50.86508671602471
oil_pipeline,power,HU-AT,0,gigawatt,0.0,0.001,inf,0.0,112.21771818763355,112.21771818763355
oil_pipeline,power,HU-HR,0,gigawatt,0.0,0.001,inf,-1.0,88.61408863837886,88.61408863837886
oil_pipeline,power,HU-RO,0,gigawatt,0.0,0.001,inf,0.0,122.63834008182594,122.63834008182594
oil_pipeline,power,HU-SI,0,gigawatt,0.0,0.001,inf,0.0,96.54026560302707,96.54026560302707
oil_pipeline,power,HU-SK,0,gigawatt,0.0,0.001,inf,-1.0,43.551705637801206,43.551705637801206
oil_pipeline,power,IE-UK,0,gigawatt,0.0,0.001,inf,0.0,96.16947702465099,96.16947702465099
oil_pipeline,power,IT-AT,0,gigawatt,0.0,0.001,inf,0.0,138.6776814664484,138.6776814664484
oil_pipeline,power,IT-CH,0,gigawatt,0.0,0.001,inf,0.0,144.81044421127973,144.81044421127973
oil_pipeline,power,IT-EL,0,gigawatt,0.0,0.001,inf,0.0,252.0314665936608,252.0314665936608
oil_pipeline,power,IT-FR,0,gigawatt,0.0,0.001,inf,0.0,245.59701575732373,245.59701575732373
oil_pipeline,power,IT-SI,0,gigawatt,0.0,0.001,inf,0.0,103.14200594469335,103.14200594469335
oil_pipeline,power,LT-LV,0,gigawatt,0.0,0.001,inf,-1.0,46.43256016454465,46.43256016454465
oil_pipeline,power,LT-PL,0,gigawatt,0.0,0.001,inf,0.0,123.36517183394804,123.36517183394804
oil_pipeline,power,LT-SE,0,gigawatt,0.0,0.001,inf,0.0,242.5130721990357,242.5130721990357
oil_pipeline,power,LU-BE,0,gigawatt,0.0,0.001,inf,-1.0,36.64326320818727,36.64326320818727
oil_pipeline,power,LU-DE,0,gigawatt,0.0,0.001,inf,-1.0,89.81365281495383,89.81365281495383
oil_pipeline,power,LU-FR,0,gigawatt,0.0,0.001,inf,0.0,120.02819358334482,120.02819358334482
oil_pipeline,power,LV-EE,0,gigawatt,0.0,0.001,inf,0.0,57.37043353107042,57.37043353107042
oil_pipeline,power,LV-LT,0,gigawatt,0.0,0.001,inf,-1.0,46.43256016454465,46.43256016454465
oil_pipeline,power,NL-BE,0,gigawatt,0.0,0.001,inf,-1.0,47.502588938983905,47.502588938983905
oil_pipeline,power,NL-DE,0,gigawatt,0.0,0.001,inf,-1.0,94.36008209217887,94.36008209217887
oil_pipeline,power,NL-DK,0,gigawatt,0.0,0.001,inf,0.0,131.70565485246556,131.70565485246556
oil_pipeline,power,NL-NO,0,gigawatt,0.0,0.001,inf,0.0,413.8336403582619,413.8336403582619
oil_pipeline,power,NL-UK,0,gigawatt,0.0,0.001,inf,0.0,158.383076833934,158.383076833934
oil_pipeline,power,NO-BE,0,gigawatt,0.0,0.001,inf,0.0,461.33381520011403,461.33381520011403
oil_pipeline,power,NO-DE,0,gigawatt,0.0,0.001,inf,0.0,420.36979393287737,420.36979393287737
oil_pipeline,power,NO-DK,0,gigawatt,0.0,0.001,inf,0.0,284.4597099447003,284.4597099447003
oil_pipeline,power,NO-FI,0,gigawatt,0.0,0.001,inf,0.0,111.84281953180525,111.84281953180525
oil_pipeline,power,NO-FR,0,gigawatt,0.0,0.001,inf,0.0,587.7551667319997,587.7551667319997
oil_pipeline,power,NO-NL,0,gigawatt,0.0,0.001,inf,0.0,413.8336403582619,413.8336403582619
oil_pipeline,power,NO-SE,0,gigawatt,0.0,0.001,inf,0.0,66.30535279924398,66.30535279924398
oil_pipeline,power,NO-UK,0,gigawatt,0.0,0.001,inf,0.0,432.7572725202028,432.7572725202028
oil_pipeline,power,PL-CZ,0,gigawatt,0.0,0.001,inf,0.0,101.65858109666948,101.65858109666948
oil_pipeline,power,PL-DE,0,gigawatt,0.0,0.001,inf,0.0,167.4126724980542,167.4126724980542
oil_pipeline,power,PL-LT,0,gigawatt,0.0,0.001,inf,0.0,123.36517183394804,123.36517183394804
oil_pipeline,power,PL-SE,0,gigawatt,0.0,0.001,inf,0.0,316.4793241270748,316.4793241270748
oil_pipeline,power,PL-SK,0,gigawatt,0.0,0.001,inf,0.0,99.35176740029485,99.35176740029485
oil_pipeline,power,PT-ES,0,gigawatt,0.0,0.001,inf,0.0,98.73218803688104,98.73218803688104
oil_pipeline,power,RO-BG,0,gigawatt,0.0,0.001,inf,-1.0,88.58339372600747,88.58339372600747
oil_pipeline,power,RO-HU,0,gigawatt,0.0,0.001,inf,0.0,122.63834008182594,122.63834008182594
oil_pipeline,power,SE-DE,0,gigawatt,0.0,0.001,inf,-1.0,359.0840798337846,359.0840798337846
oil_pipeline,power,SE-DK,0,gigawatt,0.0,0.001,inf,0.0,229.15100455104485,229.15100455104485
oil_pipeline,power,SE-FI,0,gigawatt,0.0,0.001,inf,0.0,130.06069372955955,130.06069372955955
oil_pipeline,power,SE-LT,0,gigawatt,0.0,0.001,inf,0.0,242.5130721990357,242.5130721990357
oil_pipeline,power,SE-NO,0,gigawatt,0.0,0.001,inf,0.0,66.30535279924398,66.30535279924398
oil_pipeline,power,SE-PL,0,gigawatt,0.0,0.001,inf,0.0,316.4793241270748,316.4793241270748
oil_pipeline,power,SI-AT,0,gigawatt,0.0,0.001,inf,0.0,49.2242466702284,49.2242466702284
oil_pipeline,power,SI-HR,0,gigawatt,0.0,0.001,inf,0.0,50.86508671602471,50.86508671602471
oil_pipeline,power,SI-HU,0,gigawatt,0.0,0.001,inf,0.0,96.54026560302707,96.54026560302707
oil_pipeline,power,SI-IT,0,gigawatt,0.0,0.001,inf,0.0,103.14200594469335,103.14200594469335
oil_pipeline,power,SK-AT,0,gigawatt,0.0,0.001,inf,0.0,117.89217199574033,117.89217199574033
oil_pipeline,power,SK-CZ,0,gigawatt,0.0,0.001,inf,-1.0,86.50390351712704,86.50390351712704
oil_pipeline,power,SK-HU,0,gigawatt,0.0,0.001,inf,-1.0,43.551705637801206,43.551705637801206
oil_pipeline,power,SK-PL,0,gigawatt,0.0,0.001,inf,0.0,99.35176740029485,99.35176740029485
oil_pipeline,power,UK-BE,0,gigawatt,0.0,0.001,inf,0.0,167.80413464471764,167.80413464471764
oil_pipeline,power,UK-DE,0,gigawatt,0.0,0.001,inf,0.0,252.40239656977602,252.40239656977602
oil_pipeline,power,UK-DK,0,gigawatt,0.0,0.001,inf,0.0,214.87551315769238,214.87551315769238
oil_pipeline,power,UK-FR,0,gigawatt,0.0,0.001,inf,0.0,235.96626742757877,235.96626742757877
oil_pipeline,power,UK-IE,0,gigawatt,0.0,0.001,inf,0.0,96.16947702465099,96.16947702465099
oil_pipeline,power,UK-NL,0,gigawatt,0.0,0.001,inf,0.0,158.383076833934,158.383076833934
oil_pipeline,power,UK-NO,0,gigawatt,0.0,0.001,inf,0.0,432.7572725202028,432.7572725202028
power_line,power,AT-CH,0,gigawatt,1.132913472401934,2.332913472401934,3.3,0.0,-2.842170943040401e-14,-2.842170943040401e-14
power_line,power,AT-CZ,0,gigawatt,1.5,2.4,2.4,0.0,0.0,0.0
power_line,power,AT-DE,0,gigawatt,0.0,4.82,11.92,0.0,67.10197254383868,67.10197254383868
power_line,power,AT-HU,0,gigawatt,1.5941158628302337,1.8941158628302337,2.3,0.0,0.0,0.0
power_line,power,AT-IT,0,gigawatt,1.5,1.844,1.844,0.0,0.0,0.0
power_line,power,AT-SI,0,gigawatt,0.0,0.95,2.95,0.0,77.73859115880136,77.73859115880136
power_line,power,AT-SK,0,gigawatt,0.0,0.0,0.0,0.0,-123.94465779376534,-123.94465779376534
power_line,power,BE-DE,0,gigawatt,3.0,3.4,3.4,0.0,2.842170943040401e-14,2.842170943040401e-14
power_line,power,BE-FR,0,gigawatt,0.0,0.65,3.65,0.0,241.30373152625725,241.30373152625725
power_line,power,BE-LU,0,gigawatt,0.0,0.4,0.9,0.0,54.763871636412986,54.763871636412986
power_line,power,BE-NL,0,gigawatt,0.9045497428685014,1.8545497428685014,4.95,0.0,0.0,0.0
power_line,power,BE-NO,0,gigawatt,0.0,0.0,0.0,0.0,617.8122331901054,617.8122331901054
power_line,power,BE-UK,0,gigawatt,2.047573619787865,2.797573619787865,5.55,0.0,0.0,0.0
power_line,power,BG-EL,0,gigawatt,1.0,1.3,1.3,0.0,0.0,0.0
power_line,power,BG-RO,0,gigawatt,1.0,1.5,1.5,0.0,0.0,0.0
power_line,power,CH-AT,0,gigawatt,0.0,1.2,1.2,0.0,-109.53148366139786,-109.53148366139786
power_line,power,CH-DE,0,gigawatt,4.2,4.8,4.8,0.0,0.0,0.0
power_line,power,CH-FR,0,gigawatt,0.0,1.9,4.5,0.0,233.96198706428453,233.96198706428453
power_line,power,CH-IT,0,gigawatt,4.14732864221113,6.72332864221113,6.776,0.0,0.0,0.0
power_line,power,CZ-AT,0,gigawatt,0.0,0.9,0.9,0.0,-3216.511383136723,-3216.511383136723
power_line,power,CZ-DE,0,gigawatt,1.5000000000000002,3.2,3.2,0.0,-2.842170943040401e-14,-2.842170943040401e-14
power_line,power,CZ-PL,0,gigawatt,1.4999999999999998,2.3,2.3,0.0,0.0,0.0
power_line,power,CZ-SK,0,gigawatt,0.5171725264814877,1.2171725264814877,2.2,0.0,0.0,0.0
power_line,power,DE-AT,0,gigawatt,0.0,4.82,4.82,0.0,-17.240698770477223,-17.240698770477223
power_line,power,DE-BE,0,gigawatt,0.0,0.4,0.4,0.0,222.34227334215697,222.34227334215697
power_line,power,DE-CH,0,gigawatt,0.0,0.325,0.325,0.0,-290.02164046820633,-290.02164046820633
power_line,power,DE-CZ,0,gigawatt,0.0,1.32,1.32,0.0,123.5719026723371,123.5719026723371
power_line,power,DE-DK,0,gigawatt,2.9999999999999996,4.85,4.85,0.0,0.0,0.0
power_line,power,DE-FR,0,gigawatt,0.0,1.2,4.7,0.0,405.4276455788852,405.4276455788852
power_line,power,DE-LU,0,gigawatt,0.0,0.001,1.4,0.0,164.6080253590714,164.6080253590714
power_line,power,DE-NL,0,gigawatt,0.0,1.468,4.468,0.0,164.59918478379115,164.59918478379115
power_line,power,DE-NO,0,gigawatt,0.0,1.444,3.444,0.0,530.5241024517943,530.5241024517943
power_line,power,DE-PL,0,gigawatt,2.0000000000000004,4.147,4.147,0.0,0.0,0.0
power_line,power,DE-SE,0,gigawatt,0.0,0.6,3.5,0.0,395.6135176097305,395.6135176097305
power_line,power,DE-UK,0,gigawatt,0.0,0.001,2.8,0.0,233.81532723312813,233.81532723312813
power_line,power,DK-DE,0,gigawatt,0.0,1.149,1.149,0.0,-7808.212729750955,-7808.212729750955
power_line,power,DK-NL,0,gigawatt,2.0,2.7,2.7,0.0,0.0,0.0
power_line,power,DK-NO,0,gigawatt,2.0,3.1100000000000003,3.1100000000000003,0.0,0.0,0.0
power_line,power,DK-SE,0,gigawatt,0.0,2.415,5.115,0.0,438.1559562998755,438.1559562998755
power_line,power,DK-UK,0,gigawatt,0.7752473486567206,0.7762473486567206,1.4,0.0,0.0,0.0
power_line,power,EE-FI,0,gigawatt,1.7000000000000002,2.716,2.716,0.0,0.0,0.0
power_line,power,EE-LV,0,gigawatt,0.9999999999999999,1.896,1.896,0.0,0.0,0.0
power_line,power,EL-BG,0,gigawatt,0.0,0.3,0.3,0.0,-884.1522904749445,-884.1522904749445
power_line,power,EL-IT,0,gigawatt,1.999,2.0,2.0,0.0,0.0,0.0
power_line,power,ES-FR,0,gigawatt,6.0,7.85,7.85,0.0,0.0,0.0
power_line,power,ES-PT,0,gigawatt,0.0,3.6,5.6,0.0,184.29464300941223,184.29464300941223
power_line,power,FI-EE,0,gigawatt,0.0,1.016,1.016,0.0,386.94160483950685,386.94160483950685
power_line,power,FI-NO,0,gigawatt,0.0,0.061,1.061,0.0,104.90771269358511,104.90771269358511
power_line,power,FI-SE,0,gigawatt,0.0,2.3,7.8,0.0,268.1636688444004,268.1636688444004
power_line,power,FR-BE,0,gigawatt,0.0,1.8,1.8,0.0,-6229.230235907015,-6229.230235907015
power_line,power,FR-CH,0,gigawatt,0.0,2.385,2.385,0.0,-6764.975143781409,-6764.975143781409
power_line,power,FR-DE,0,gigawatt,0.0,1.3,1.3,0.0,-6446.458015106783,-6446.458015106783
power_line,power,FR-ES,0,gigawatt,0.0,2.0,2.0,0.0,-3195.2695651899726,-3195.2695651899726
power_line,power,FR-IT,0,gigawatt,2.1000000000000005,3.982,3.982,0.0,0.0,0.0
power_line,power,FR-LU,0,gigawatt,0.0,1.3,1.3,0.0,-5555.751083743382,-5555.751083743382
power_line,power,FR-NO,0,gigawatt,0.0,0.0,0.0,0.0,77.17708161339738,77.17708161339738
power_line,power,FR-UK,0,gigawatt,7.600000000000001,10.114,10.114,0.0,0.0,0.0
power_line,power,HR-HU,0,gigawatt,1.0,1.5,1.5,0.0,2.842170943040401e-14,2.842170943040401e-14
power_line,power,HR-SI,0,gigawatt,0.7487017320117378,1.3487017320117378,2.6,0.0,-1.4210854715202004e-14,-1.4210854715202004e-14
power_line,power,HU-AT,0,gigawatt,0.0,0.3,0.3,0.0,-2791.0882377896955,-2791.0882377896955
power_line,power,HU-HR,0,gigawatt,0.0,0.6,0.6,0.0,-1422.3066112474562,-1422.3066112474562
power_line,power,HU-RO,0,gigawatt,2.530471128409609,2.880471128409609,3.377,0.0,0.0,0.0
power_line,power,HU-SI,0,gigawatt,0.999,1.0,1.0,0.0,0.0,0.0
power_line,power,HU-SK,0,gigawatt,1.0,1.8,1.8,0.0,1.4210854715202004e-14,1.4210854715202004e-14
power_line,power,IE-UK,0,gigawatt,1.254,2.241,2.241,0.0,2.842170943040401e-14,2.842170943040401e-14
power_line,power,IT-AT,0,gigawatt,0.0,0.024,0.024,0.0,-2076.4912468012294,-2076.4912468012294
power_line,power,IT-CH,0,gigawatt,0.0,1.81,1.81,0.0,-1697.7423949733457,-1697.7423949733457
power_line,power,IT-EL,0,gigawatt,0.0,0.0,0.0,0.0,49.603549912074584,49.603549912074584
power_line,power,IT-FR,0,gigawatt,0.0,0.995,0.995,0.0,448.6742915691159,448.6742915691159
power_line,power,IT-SI,0,gigawatt,2.145,2.805,2.805,0.0,0.0,0.0
power_line,power,LT-LV,0,gigawatt,0.0,0.904,1.904,-1.0,95.73626997141511,95.73626997141511
power_line,power,LT-PL,0,gigawatt,0.7,1.2,1.2,0.0,0.0,0.0
power_line,power,LT-SE,0,gigawatt,0.0,0.7,2.3,0.0,500.02189992040576,500.02189992040576
power_line,power,LU-BE,0,gigawatt,0.0,0.4,0.4,0.0,-564.6789652404367,-564.6789652404367
power_line,power,LU-DE,0,gigawatt,0.0,0.0,0.0,0.0,-922.3984708704652,-922.3984708704652
power_line,power,LU-FR,0,gigawatt,0.0,1.2,1.2,0.0,247.47831057247632,247.47831057247632
power_line,power,LV-EE,0,gigawatt,0.0,0.679,0.679,0.0,118.28835828659817,118.28835828659817
power_line,power,LV-LT,0,gigawatt,0.0,1.059,1.059,0.0,-459.1190467141581,-459.1190467141581
power_line,power,NL-BE,0,gigawatt,0.0,0.95,0.95,0.0,-3487.226396552235,-3487.226396552235
power_line,power,NL-DE,0,gigawatt,0.0,1.468,1.468,0.0,-3745.92149756292,-3745.92149756292
power_line,power,NL-DK,0,gigawatt,0.0,0.7,0.7,0.0,-19.61295437849111,-19.61295437849111
power_line,power,NL-NO,0,gigawatt,0.0,0.62,2.62,0.0,537.1632338146651,537.1632338146651
power_line,power,NL-UK,0,gigawatt,0.0,1.016,5.016,0.0,61.95031406876501,61.95031406876501
power_line,power,NO-BE,0,gigawatt,0.0,0.0,0.0,0.0,-4983.825363143509,-4983.825363143509
power_line,power,NO-DE,0,gigawatt,0.0,1.444,1.444,0.0,-5675.401100620884,-5675.401100620884
power_line,power,NO-DK,0,gigawatt,0.0,1.632,1.632,0.0,586.5089387866909,586.5089387866909
power_line,power,NO-FI,0,gigawatt,0.0,0.135,0.135,0.0,-2062.2925650667203,-2062.2925650667203
power_line,power,NO-FR,0,gigawatt,0.0,0.0,0.0,0.0,15.979211717862654,15.979211717862654
power_line,power,NO-NL,0,gigawatt,0.0,0.49,0.49,0.0,-1921.712410445751,-1921.712410445751
power_line,power,NO-SE,0,gigawatt,0.0,3.695,4.695,-1.0,136.7106860712253,136.7106860712253
power_line,power,NO-UK,0,gigawatt,0.0,1.4,3.8,0.0,650.6070514103092,650.6070514103092
power_line,power,PL-CZ,0,gigawatt,0.0,0.8,0.8,0.0,209.6032036633918,209.6032036633918
power_line,power,PL-DE,0,gigawatt,0.0,1.733,1.733,0.0,-593.5892058181528,-593.5892058181528
power_line,power,PL-LT,0,gigawatt,0.0,0.35,0.35,0.0,-153.90005683178137,-153.90005683178137
power_line,power,PL-SE,0,gigawatt,0.0,0.3,1.3,0.0,388.1679060874756,388.1679060874756
power_line,power,PL-SK,0,gigawatt,0.0,0.6,1.6,0.0,180.78920263654416,180.78920263654416
power_line,power,PT-ES,0,gigawatt,0.0,2.5,2.5,0.0,-469.45304880375807,-469.45304880375807
power_line,power,RO-BG,0,gigawatt,0.0,0.5,0.5,0.0,-1163.59467439704,-1163.59467439704
power_line,power,RO-HU,0,gigawatt,0.0,0.35,0.35,0.0,239.1852446714316,239.1852446714316
power_line,power,SE-DE,0,gigawatt,0.0,0.615,0.615,0.0,-8048.4051483512085,-8048.4051483512085
power_line,power,SE-DK,0,gigawatt,0.0,2.015,2.015,0.0,-565.1174285987923,-565.1174285987923
power_line,power,SE-FI,0,gigawatt,0.0,2.7,2.7,0.0,-3924.1890146499118,-3924.1890146499118
power_line,power,SE-LT,0,gigawatt,0.0,0.7,0.7,0.0,-1456.8685770744223,-1456.8685770744223
power_line,power,SE-NO,0,gigawatt,0.0,3.995,3.995,0.0,-1982.752842097226,-1982.752842097226
power_line,power,SE-PL,0,gigawatt,0.0,0.6,0.6,0.0,-7669.3085340345115,-7669.3085340345115
power_line,power,SI-AT,0,gigawatt,0.0,0.95,0.95,0.0,-1741.1884233851883,-1741.1884233851883
power_line,power,SI-HR,0,gigawatt,0.0,0.6,0.6,0.0,14.585730923999549,14.585730923999549
power_line,power,SI-HU,0,gigawatt,0.0,0.0,0.0,0.0,-649.5830649013305,-649.5830649013305
power_line,power,SI-IT,0,gigawatt,0.0,0.397,0.397,0.0,-1210.5848368362354,-1210.5848368362354
power_line,power,SK-AT,0,gigawatt,0.0,0.0,0.0,0.0,-3457.117885423998,-3457.117885423998
power_line,power,SK-CZ,0,gigawatt,0.0,0.6,0.6,0.0,-289.52520101318623,-289.52520101318623
power_line,power,SK-HU,0,gigawatt,0.0,0.7,0.7,0.0,-607.2246105928588,-607.2246105928588
power_line,power,SK-PL,0,gigawatt,0.0,0.6,0.6,0.0,-2485.317760663628,-2485.317760663628
power_line,power,UK-BE,0,gigawatt,0.0,0.75,0.75,0.0,-6806.483249751088,-6806.483249751088
power_line,power,UK-DE,0,gigawatt,0.0,0.0,0.0,0.0,-7003.765664771353,-7003.765664771353
power_line,power,UK-DK,0,gigawatt,0.0,0.0,0.0,0.0,409.55794579338374,409.55794579338374
power_line,power,UK-FR,0,gigawatt,0.0,2.514,2.514,0.0,-603.9597234291898,-603.9597234291898
power_line,power,UK-IE,0,gigawatt,0.0,0.984,0.984,0.0,-62.97280885961422,-62.97280885961422
power_line,power,UK-NL,0,gigawatt,0.0,1.016,1.016,0.0,-3389.4821408677726,-3389.4821408677726
power_line,power,UK-NO,0,gigawatt,0.0,1.4,1.4,0.0,204.39266760841974,204.39266760841974
battery,energy,AT,0,gigawatt * hour,0.014494885070082977,0.015494885070082978,inf,0.0,0.0,0.0
battery,energy,BE,0,gigawatt * hour,3.5138381135498085,3.5148381135498084,inf,0.0,0.0,0.0
battery,energy,BG,0,gigawatt * hour,38.382117233928845,38.38311723392884,inf,0.0,0.0,0.0
battery,energy,CH,0,gigawatt * hour,0.0,0.001,inf,0.0,0.9494694361068667,0.9494694361068667
battery,energy,CZ,0,gigawatt * hour,0.0,0.001,inf,-1.0,10.414921217015234,10.414921217015234
battery,energy,DE,0,gigawatt * hour,314.0931795739237,314.09417957392367,inf,0.0,0.0,0.0
battery,energy,DK,0,gigawatt * hour,0.0,0.001,inf,0.0,60.47037303437937,60.47037303437937
battery,energy,EE,0,gigawatt * hour,0.0,0.001,inf,0.0,65.93413711961516,65.93413711961516
battery,energy,EL,0,gigawatt * hour,65.35757530980149,65.3585753098015,inf,0.0,0.0,0.0
battery,energy,ES,0,gigawatt * hour,17.08480113036939,17.08580113036939,inf,0.0,0.0,0.0
battery,energy,FI,0,gigawatt * hour,0.0,0.001,inf,-1.0,14.798051628330384,14.798051628330384
battery,energy,FR,0,gigawatt * hour,0.0,0.001,inf,-1.0,36.22736659026739,36.22736659026739
battery,energy,HR,0,gigawatt * hour,16.72805176774948,16.729051767749482,inf,0.0,0.0,0.0
battery,energy,HU,0,gigawatt * hour,0.0,0.001,inf,-1.0,3.241329249560181,3.241329249560181
battery,energy,IE,0,gigawatt * hour,0.0,0.001,inf,0.0,66.39351626069457,66.39351626069457
battery,energy,IT,0,gigawatt * hour,175.68225940170356,175.68325940170357,inf,0.0,0.0,0.0
battery,energy,LT,0,gigawatt * hour,0.0,0.001,inf,0.0,48.595855916656,48.595855916656
battery,energy,LU,0,gigawatt * hour,0.0,0.001,inf,0.0,0.9174061768167121,0.9174061768167121
battery,energy,LV,0,gigawatt * hour,0.0,0.001,inf,0.0,60.087831795586695,60.087831795586695
battery,energy,NL,0,gigawatt * hour,5.172916886002613,5.173916886002614,inf,0.0,0.0,0.0
battery,energy,NO,0,gigawatt * hour,0.0,0.001,inf,0.0,50.49997396975775,50.49997396975775
battery,energy,PL,0,gigawatt * hour,66.51380649056057,66.51480649056057,inf,0.0,0.0,0.0
battery,energy,PT,0,gigawatt * hour,0.0,0.001,inf,-1.0,12.027435458118745,12.027435458118745
battery,energy,RO,0,gigawatt * hour,46.16511629105253,46.166116291052525,inf,0.0,0.0,0.0
battery,energy,SE,0,gigawatt * hour,0.0,0.001,inf,0.0,79.15977790823264,79.15977790823264
battery,energy,SI,0,gigawatt * hour,0.014845231442839293,0.015845231442839294,inf,0.0,0.0,0.0
battery,energy,SK,0,gigawatt * hour,0.0,0.001,inf,-1.0,12.17911799199166,12.17911799199166
battery,energy,UK,0,gigawatt * hour,0.0,0.001,inf,0.0,48.66267326894186,48.66267326894186
battery,power,AT,0,gigawatt,0.0,0.001,inf,0.0,25.75510865611711,25.75510865611711
battery,power,BE,0,gigawatt,0.21522457997004277,0.21622457997004277,inf,0.0,0.0,0.0
battery,power,BG,0,gigawatt,2.582936818180919,2.583936818180919,inf,0.0,0.0,0.0
battery,power,CH,0,gigawatt,0.0,0.001,inf,0.0,83.42133952852924,83.42133952852924
battery,power,CZ,0,gigawatt,0.0,0.001,inf,0.0,83.42133952852924,83.42133952852924
battery,power,DE,0,gigawatt,17.281429423979848,17.28242942397985,inf,0.0,0.0,0.0
battery,power,DK,0,gigawatt,0.0,0.001,inf,0.0,83.42133952852924,83.42133952852924
battery,power,EE,0,gigawatt,0.0,0.001,inf,0.0,83.42133952852924,83.42133952852924
battery,power,EL,0,gigawatt,4.254801330641415,4.2558013306414155,inf,0.0,0.0,0.0
battery,power,ES,0,gigawatt,0.9886410642381356,0.9896410642381356,inf,0.0,0.0,0.0
battery,power,FI,0,gigawatt,0.0,0.001,inf,-1.0,83.42133952852924,83.42133952852924
battery,power,FR,0,gigawatt,0.0,0.001,inf,0.0,83.42133952852924,83.42133952852924
battery,power,HR,0,gigawatt,1.0544175064284838,1.0554175064284836,inf,0.0,0.0,0.0
battery,power,HU,0,gigawatt,0.0,0.001,inf,0.0,83.42133952852924,83.42133952852924
battery,power,IE,0,gigawatt,0.0,0.001,inf,0.0,83.42133952852924,83.42133952852924
battery,power,IT,0,gigawatt,11.286564931508762,11.287564931508761,inf,0.0,0.0,0.0
battery,power,LT,0,gigawatt,0.0,0.001,inf,0.0,83.42133952852924,83.42133952852924
battery,power,LU,0,gigawatt,0.0,0.001,inf,0.0,83.42133952852924,83.42133952852924
battery,power,LV,0,gigawatt,0.0,0.001,inf,0.0,83.42133952852924,83.42133952852924
battery,power,NL,0,gigawatt,0.3255283252357182,0.3265283252357182,inf,0.0,0.0,0.0
battery,power,NO,0,gigawatt,0.0,0.001,inf,0.0,83.42133952852924,83.42133952852924
battery,power,PL,0,gigawatt,3.17761718849095,3.17861718849095,inf,0.0,0.0,0.0
battery,power,PT,0,gigawatt,0.0,0.001,inf,-1.0,83.42133952852924,83.42133952852924
battery,power,RO,0,gigawatt,2.753587559310035,2.754587559310035,inf,0.0,0.0,0.0
battery,power,SE,0,gigawatt,0.0,0.001,inf,0.0,83.42133952852924,83.42133952852924
battery,power,SI,0,gigawatt,0.0,0.001,inf,0.0,2.3139877498110195,2.3139877498110195
battery,power,SK,0,gigawatt,0.0,0.001,inf,0.0,83.42133952852924,83.42133952852924
battery,power,UK,0,gigawatt,0.0,0.001,inf,0.0,83.42133952852924,83.42133952852924
natural_gas_storage,energy,AT,0,gigawatt * hour,0.0,91177.156643274,0.0,0.0,0.0,0.0
natural_gas_storage,energy,BE,0,gigawatt * hour,0.0,8185.328823237492,0.0,0.0,-0.007575577826951761,-0.007575577826951761
natural_gas_storage,energy,BG,0,gigawatt * hour,0.0,6258.545802094563,0.0,0.0,0.0,0.0
natural_gas_storage,energy,CH,0,gigawatt * hour,0.0,0.0,0.0,0.0,0.0,0.0
natural_gas_storage,energy,CZ,0,gigawatt * hour,0.0,22754.817341053098,0.0,0.0,0.0,0.0
natural_gas_storage,energy,DE,0,gigawatt * hour,0.0,235511.002878586,0.0,0.0,0.0,0.0
natural_gas_storage,energy,DK,0,gigawatt * hour,0.0,4991.01526,0.0,0.0,0.0,0.0
natural_gas_storage,energy,EE,0,gigawatt * hour,0.0,0.0,0.0,0.0,0.0,0.0
natural_gas_storage,energy,EL,0,gigawatt * hour,0.0,0.0,0.0,0.0,0.0,0.0
natural_gas_storage,energy,ES,0,gigawatt * hour,0.0,31827.558396539753,0.0,0.0,0.0,0.0
natural_gas_storage,energy,FI,0,gigawatt * hour,0.0,0.0,0.0,0.0,0.0,0.0
natural_gas_storage,energy,FR,0,gigawatt * hour,0.0,102103.69371649575,0.0,0.0,0.0,0.0
natural_gas_storage,energy,HR,0,gigawatt * hour,0.0,6110.307716308838,0.0,0.0,0.0,0.0
natural_gas_storage,energy,HU,0,gigawatt * hour,0.0,66633.61762826241,0.0,0.0,0.0,0.0
natural_gas_storage,energy,IE,0,gigawatt * hour,0.0,0.0,0.0,0.0,0.0,0.0
natural_gas_storage,energy,IT,0,gigawatt * hour,0.0,195662.97720781213,0.0,0.0,0.0,0.0
natural_gas_storage,energy,LT,0,gigawatt * hour,0.0,0.0,0.0,0.0,0.0,0.0
natural_gas_storage,energy,LU,0,gigawatt * hour,0.0,0.0,0.0,0.0,0.0,0.0
natural_gas_storage,energy,LV,0,gigawatt * hour,0.0,0.0,0.0,0.0,0.0,0.0
natural_gas_storage,energy,NL,0,gigawatt * hour,0.0,101152.14163591324,0.0,0.0,0.0,0.0
natural_gas_storage,energy,NO,0,gigawatt * hour,0.0,0.0,0.0,0.0,0.0,0.0
natural_gas_storage,energy,PL,0,gigawatt * hour,0.0,34727.70236758038,0.0,0.0,0.0,0.0
natural_gas_storage,energy,PT,0,gigawatt * hour,0.0,3668.378789669895,0.0,0.0,0.0,0.0
natural_gas_storage,energy,RO,0,gigawatt * hour,0.0,31325.733078929057,0.0,0.0,0.0,0.0
natural_gas_storage,energy,SE,0,gigawatt * hour,0.0,3673.613348445104,0.0,0.0,0.0,0.0
natural_gas_storage,energy,SI,0,gigawatt * hour,0.0,0.0,0.0,0.0,0.0,0.0
natural_gas_storage,energy,SK,0,gigawatt * hour,0.0,55388.75115523585,0.0,0.0,0.0,0.0
natural_gas_storage,energy,UK,0,gigawatt * hour,0.0,13849.912320260759,0.0,0.0,0.0,0.0
natural_gas_storage,power,AT,0,gigawatt,0.0,43.22726266464325,0.0,0.0,0.0,0.0
natural_gas_storage,power,BE,0,gigawatt,0.0,7.064509936956469,0.0,0.0,-15.878397896881054,-15.878397896881054
natural_gas_storage,power,BG,0,gigawatt,0.0,1.9921872934631155,0.0,0.0,0.0,0.0
natural_gas_storage,power,CH,0,gigawatt,0.0,0.0,0.0,0.0,-12229.041376509187,-12229.041376509187
natural_gas_storage,power,CZ,0,gigawatt,0.0,39.18852234866592,0.0,0.0,0.0,0.0
natural_gas_storage,power,DE,0,gigawatt,0.0,300.7896079820389,0.0,0.0,0.0,0.0
natural_gas_storage,power,DK,0,gigawatt,0.0,14.962578869764217,0.0,0.0,0.0,0.0
natural_gas_storage,power,EE,0,gigawatt,0.0,0.0,0.0,0.0,-11900.929573543177,-11900.929573543177
natural_gas_storage,power,EL,0,gigawatt,0.0,0.0,0.0,0.0,-11732.163725498813,-11732.163725498813
natural_gas_storage,power,ES,0,gigawatt,0.0,12.470329142574915,0.0,0.0,0.0,0.0
natural_gas_storage,power,FI,0,gigawatt,0.0,0.0,0.0,0.0,-12104.876342058198,-12104.876342058198
natural_gas_storage,power,FR,0,gigawatt,0.0,143.27293327376842,0.0,0.0,0.0,0.0
natural_gas_storage,power,HR,0,gigawatt,0.0,3.177260333725027,0.0,0.0,0.0,0.0
natural_gas_storage,power,HU,0,gigawatt,0.0,34.58640535770427,0.0,0.0,0.0,0.0
natural_gas_storage,power,IE,0,gigawatt,0.0,0.0,0.0,0.0,-11465.11519214443,-11465.11519214443
natural_gas_storage,power,IT,0,gigawatt,0.0,264.32530870990433,0.0,0.0,0.0,0.0
natural_gas_storage,power,LT,0,gigawatt,0.0,0.0,0.0,0.0,-12127.438510218937,-12127.438510218937
natural_gas_storage,power,LU,0,gigawatt,0.0,0.0,0.0,0.0,-12336.621599632372,-12336.621599632372
natural_gas_storage,power,LV,0,gigawatt,0.0,0.0,0.0,0.0,-12021.191714319397,-12021.191714319397
natural_gas_storage,power,NL,0,gigawatt,0.0,72.7430985226957,0.0,0.0,0.0,0.0
natural_gas_storage,power,NO,0,gigawatt,0.0,0.0,0.0,0.0,-11732.163725498813,-11732.163725498813
natural_gas_storage,power,PL,0,gigawatt,0.0,34.48717988199269,0.0,0.0,0.0,0.0
natural_gas_storage,power,PT,0,gigawatt,0.0,3.639264672291562,0.0,0.0,0.0,0.0
natural_gas_storage,power,RO,0,gigawatt,0.0,18.187216706968524,0.0,0.0,0.0,0.0
natural_gas_storage,power,SE,0,gigawatt,0.0,3.668113396073732,0.0,0.0,0.0,0.0
natural_gas_storage,power,SI,0,gigawatt,0.0,0.0,0.0,0.0,-12088.76697349847,-12088.76697349847
natural_gas_storage,power,SK,0,gigawatt,0.0,32.60016935027116,0.0,0.0,0.0,0.0
natural_gas_storage,power,UK,0,gigawatt,0.0,52.07616193282642,0.0,0.0,0.0,0.0
oil_storage,energy,AT,0,gigawatt * hour,0.0451431472252827,0.0461431472252827,inf,0.0,0.0,0.0
oil_storage,energy,BE,0,gigawatt * hour,0.06041691795227089,0.06141691795227089,inf,0.0,0.0,0.0
oil_storage,energy,BG,0,gigawatt * hour,0.05550828552386322,0.05650828552386322,inf,0.0,0.0,0.0
oil_storage,energy,CH,0,gigawatt * hour,0.04289079069795623,0.04389079069795623,inf,0.0,0.0,0.0
oil_storage,energy,CZ,0,gigawatt * hour,0.059068016396802245,0.060068016396802246,inf,0.0,0.0,0.0
oil_storage,energy,DE,0,gigawatt * hour,0.03837907079179161,0.039379070791791614,inf,0.0,0.0,0.0
oil_storage,energy,DK,0,gigawatt * hour,0.06015240874325685,0.06115240874325685,inf,0.0,0.0,0.0
oil_storage,energy,EE,0,gigawatt * hour,0.06293306481375274,0.06393306481375274,inf,0.0,0.0,0.0
oil_storage,energy,EL,0,gigawatt * hour,0.06045071542690342,0.06145071542690342,inf,0.0,0.0,0.0
oil_storage,energy,ES,0,gigawatt * hour,0.04124275602276026,0.04224275602276026,inf,0.0,0.0,0.0
oil_storage,energy,FI,0,gigawatt * hour,0.060045093497146096,0.0610450934971461,inf,0.0,0.0,0.0
oil_storage,energy,FR,0,gigawatt * hour,0.06082597631828819,0.06182597631828819,inf,0.0,0.0,0.0
oil_storage,energy,HR,0,gigawatt * hour,0.061577810285461276,0.06257781028546128,inf,0.0,0.0,0.0
oil_storage,energy,HU,0,gigawatt * hour,0.05528661615694729,0.05628661615694729,inf,0.0,0.0,0.0
oil_storage,energy,IE,0,gigawatt * hour,0.05416495979855904,0.05516495979855904,inf,0.0,0.0,0.0
oil_storage,energy,IT,0,gigawatt * hour,0.05946395184829589,0.060463951848295894,inf,0.0,0.0,0.0
oil_storage,energy,LT,0,gigawatt * hour,0.05573278241549433,0.05673278241549433,inf,0.0,0.0,0.0
oil_storage,energy,LU,0,gigawatt * hour,0.037553147352544204,0.038553147352544205,inf,0.0,0.0,0.0
oil_storage,energy,LV,0,gigawatt * hour,0.05796424045556449,0.05896424045556449,inf,0.0,0.0,0.0
oil_storage,energy,NL,0,gigawatt * hour,0.04631769560062342,0.04731769560062342,inf,0.0,0.0,0.0
oil_storage,energy,NO,0,gigawatt * hour,0.058694648421405884,0.059694648421405885,inf,0.0,0.0,0.0
oil_storage,energy,PL,0,gigawatt * hour,0.04032030399297005,0.04132030399297005,inf,0.0,0.0,0.0
oil_storage,energy,PT,0,gigawatt * hour,0.03072332797088212,0.03172332797088212,inf,0.0,0.0,0.0
oil_storage,energy,RO,0,gigawatt * hour,0.06009807882204225,0.061098078822042254,inf,0.0,0.0,0.0
oil_storage,energy,SE,0,gigawatt * hour,0.05878156463649181,0.05978156463649181,inf,0.0,0.0,0.0
oil_storage,energy,SI,0,gigawatt * hour,0.062051568502645385,0.06305156850264539,inf,0.0,0.0,0.0
oil_storage,energy,SK,0,gigawatt * hour,0.06057300967913218,0.06157300967913218,inf,0.0,0.0,0.0
oil_storage,energy,UK,0,gigawatt * hour,0.04935191632865239,0.050351916328652394,inf,0.0,0.0,0.0
oil_storage,power,AT,0,gigawatt,0.0,0.001,inf,0.0,1.0,1.0
oil_storage,power,BE,0,gigawatt,0.0,0.001,inf,0.0,1.0,1.0
oil_storage,power,BG,0,gigawatt,0.0,0.001,inf,0.0,1.0,1.0
oil_storage,power,CH,0,gigawatt,0.0,0.001,inf,0.0,1.0,1.0
oil_storage,power,CZ,0,gigawatt,0.0,0.001,inf,0.0,1.0,1.0
oil_storage,power,DE,0,gigawatt,0.0,0.001,inf,0.0,1.0,1.0
oil_storage,power,DK,0,gigawatt,0.0,0.001,inf,0.0,1.0,1.0
oil_storage,power,EE,0,gigawatt,0.0,0.001,inf,0.0,1.0,1.0
oil_storage,power,EL,0,gigawatt,0.0,0.001,inf,0.0,1.0,1.0
oil_storage,power,ES,0,gigawatt,0.0,0.001,inf,0.0,1.0,1.0
oil_storage,power,FI,0,gigawatt,0.0,0.001,inf,0.0,1.0,1.0
oil_storage,power,FR,0,gigawatt,0.0,0.001,inf,0.0,1.0,1.0
oil_storage,power,HR,0,gigawatt,0.0,0.001,inf,0.0,1.0,1.0
oil_storage,power,HU,0,gigawatt,0.0,0.001,inf,0.0,1.0,1.0
oil_storage,power,IE,0,gigawatt,0.0,0.001,inf,0.0,1.0,1.0
oil_storage,power,IT,0,gigawatt,0.0,0.001,inf,0.0,1.0,1.0
oil_storage,power,LT,0,gigawatt,0.0,0.001,inf,0.0,1.0,1.0
oil_storage,power,LU,0,gigawatt,0.0,0.001,inf,0.0,1.0,1.0
oil_storage,power,LV,0,gigawatt,0.0,0.001,inf,0.0,1.0,1.0
oil_storage,power,NL,0,gigawatt,0.0,0.001,inf,0.0,1.0,1.0
oil_storage,power,NO,0,gigawatt,0.0,0.001,inf,0.0,1.0,1.0
oil_storage,power,PL,0,gigawatt,0.0,0.001,inf,0.0,1.0,1.0
oil_storage,power,PT,0,gigawatt,0.0,0.001,inf,0.0,1.0,1.0
oil_storage,power,RO,0,gigawatt,0.0,0.001,inf,0.0,1.0,1.0
oil_storage,power,SE,0,gigawatt,0.0,0.001,inf,0.0,1.0,1.0
oil_storage,power,SI,0,gigawatt,0.0,0.001,inf,0.0,1.0,1.0
oil_storage,power,SK,0,gigawatt,0.0,0.001,inf,0.0,1.0,1.0
oil_storage,power,UK,0,gigawatt,0.0,0.001,inf,0.0,1.0,1.0
pumped_hydro,energy,AT,0,gigawatt * hour,71.86426462471651,120.27137238846628,120.27137238846628,0.0,0.0,0.0
pumped_hydro,energy,BE,0,gigawatt * hour,5.7090000000000005,5.710000000000001,5.710000000000001,0.0,0.0,0.0
pumped_hydro,energy,BG,0,gigawatt * hour,25.34388913229263,25.344889132292632,25.344889132292632,0.0,0.0,0.0
pumped_hydro,energy,CH,0,gigawatt * hour,29.910215945066525,89.8040619537035,89.8040619537035,0.0,0.0,0.0
pumped_hydro,energy,CZ,0,gigawatt * hour,2.2990000000000004,2.3000000000000003,2.3000000000000003,0.0,0.0,0.0
pumped_hydro,energy,DE,0,gigawatt * hour,33.719687560553126,39.878,39.878,0.0,0.0,0.0
pumped_hydro,energy,DK,0,gigawatt * hour,0.0,0.0,0.0,0.0,77.40113752245846,77.40113752245846
pumped_hydro,energy,EE,0,gigawatt * hour,0.0,0.0,0.0,0.0,77.40113752245846,77.40113752245846
pumped_hydro,energy,EL,0,gigawatt * hour,5.138999999999999,5.14,5.14,0.0,0.0,0.0
pumped_hydro,energy,ES,0,gigawatt * hour,134.86265154441054,134.86365154441054,134.86365154441054,0.0,0.0,0.0
pumped_hydro,energy,FI,0,gigawatt * hour,0.0,0.0,0.0,0.0,77.40113752245846,77.40113752245846
pumped_hydro,energy,FR,0,gigawatt * hour,2.5604794059259035,36.82198140421592,82.68299999999999,0.0,0.0,0.0
pumped_hydro,energy,HR,0,gigawatt * hour,9.39599356177283,9.39699356177283,9.39699356177283,0.0,0.0,0.0
pumped_hydro,energy,HU,0,gigawatt * hour,0.0,0.0,0.0,0.0,77.40113752245846,77.40113752245846
pumped_hydro,energy,IE,0,gigawatt * hour,0.0,0.001,1.8,-1.0,27.137922506048177,27.137922506048177
pumped_hydro,energy,IT,0,gigawatt * hour,144.2529057932761,144.25390579327612,144.25390579327612,0.0,0.0,0.0
pumped_hydro,energy,LT,0,gigawatt * hour,0.021406430973806984,0.022406430973806984,10.8,0.0,0.0,0.0
pumped_hydro,energy,LU,0,gigawatt * hour,1.0959999999999999,1.291,1.291,0.0,0.0,0.0
pumped_hydro,energy,LV,0,gigawatt * hour,0.0,0.0,0.0,0.0,77.40113752245846,77.40113752245846
pumped_hydro,energy,NL,0,gigawatt * hour,0.0,0.0,0.0,0.0,77.40113752245846,77.40113752245846
pumped_hydro,energy,NO,0,gigawatt * hour,0.0,1.2255766617581105,26.07476396671851,-1.0,1.2359643156366218,1.2359643156366218
pumped_hydro,energy,PL,0,gigawatt * hour,15.689,15.69,15.69,0.0,0.0,0.0
pumped_hydro,energy,PT,0,gigawatt * hour,29.875160407483918,70.5635047678912,70.5635047678912,0.0,0.0,0.0
pumped_hydro,energy,RO,0,gigawatt * hour,0.0,0.0,0.0,0.0,77.40113752245846,77.40113752245846
pumped_hydro,energy,SE,0,gigawatt * hour,0.0,0.001,1.666711794260845,-1.0,50.953476148138044,50.953476148138044
pumped_hydro,energy,SI,0,gigawatt * hour,0.0,0.0,0.0,0.0,-975.1843655684473,-975.1843655684473
pumped_hydro,energy,SK,0,gigawatt * hour,0.0,0.0,0.0,0.0,-12696.94720818302,-12696.94720818302
pumped_hydro,energy,UK,0,gigawatt * hour,0.01940036196332393,0.02040036196332393,25.430000000000003,0.0,0.0,0.0
pumped_hydro,power,AT,0,gigawatt,2.989034271459393,5.661034271459393,6.6388,0.0,0.0,0.0
pumped_hydro,power,BE,0,gigawatt,0.26326727612353906,0.26426727612353906,1.308,0.0,0.0,0.0
pumped_hydro,power,BG,0,gigawatt,1.3980000000000001,1.399,1.399,0.0,0.0,0.0
pumped_hydro,power,CH,0,gigawatt,1.2503780375708216,4.556428820776736,4.95705,0.0,0.0,0.0
pumped_hydro,power,CZ,0,gigawatt,0.09078161990526566,0.09178161990526566,1.17250955167,0.0,0.0,0.0
pumped_hydro,power,DE,0,gigawatt,0.5723024667528362,1.7893127483065194,7.88072,0.0,0.0,0.0
pumped_hydro,power,DK,0,gigawatt,0.0,0.0,0.0,0.0,-4332.248698282914,-4332.248698282914
pumped_hydro,power,EE,0,gigawatt,0.0,0.0,0.0,0.0,-4149.949521645969,-4149.949521645969
pumped_hydro,power,EL,0,gigawatt,0.3263437464840733,0.32734374648407333,0.6990000000000001,0.0,0.0,0.0
pumped_hydro,power,ES,0,gigawatt,6.008236129598848,6.009236129598849,7.444272000000001,0.0,0.0,0.0
pumped_hydro,power,FI,0,gigawatt,0.0,0.0,0.0,0.0,-7502.0858200832945,-7502.0858200832945
pumped_hydro,power,FR,0,gigawatt,0.0,2.1978279283399274,5.303999999999999,0.0,897.0357866869829,897.0357866869829
pumped_hydro,power,HR,0,gigawatt,0.43514366853461045,0.43614366853461045,0.5187,0.0,0.0,0.0
pumped_hydro,power,HU,0,gigawatt,0.0,0.0,0.0,0.0,-9473.198726957151,-9473.198726957151
pumped_hydro,power,IE,0,gigawatt,0.0,0.001,0.292,0.0,1236.548745871411,1236.548745871411
pumped_hydro,power,IT,0,gigawatt,7.961599999999999,7.962599999999999,7.962599999999999,0.0,0.0,0.0
pumped_hydro,power,LT,0,gigawatt,0.0,0.001,0.9,-1.0,1197.5383726300363,1197.5383726300363
pumped_hydro,power,LU,0,gigawatt,0.0,0.195,1.291,0.0,1236.548745871411,1236.548745871411
pumped_hydro,power,LV,0,gigawatt,0.0,0.0,0.0,0.0,-4770.609131934509,-4770.609131934509
pumped_hydro,power,NL,0,gigawatt,0.0,0.0,0.0,0.0,-8354.332216550383,-8354.332216550383
pumped_hydro,power,NO,0,gigawatt,0.0,0.0676499999999999,1.439288,0.0,1236.548745871411,1236.548745871411
pumped_hydro,power,PL,0,gigawatt,0.6454144027089499,0.6464144027089499,1.706,0.0,0.0,0.0
pumped_hydro,power,PT,0,gigawatt,0.9168916153861097,3.1628274118730877,3.895,0.0,0.0,0.0
pumped_hydro,power,RO,0,gigawatt,0.0,0.0,0.0,0.0,-9857.476781321675,-9857.476781321675
pumped_hydro,power,SE,0,gigawatt,0.0,0.001,0.092,0.0,1236.548745871411,1236.548745871411
pumped_hydro,power,SI,0,gigawatt,0.0,0.185,0.185,0.0,1236.548745871411,1236.548745871411
pumped_hydro,power,SK,0,gigawatt,0.0,0.001,1.02128,0.0,1236.548745871411,1236.548745871411
pumped_hydro,power,UK,0,gigawatt,0.0,0.001,2.905,0.0,1174.9457588664839,1174.9457588664839
salt_cavern_storage,energy,AT,0,gigawatt * hour,301.8694886284044,301.87048862840436,inf,0.0,2.220446049250313e-16,2.220446049250313e-16
salt_cavern_storage,energy,BE,0,gigawatt * hour,296.9638792282057,296.9648792282057,inf,0.0,2.220446049250313e-16,2.220446049250313e-16
salt_cavern_storage,energy,BG,0,gigawatt * hour,815.0754040011325,815.0764040011325,inf,0.0,2.220446049250313e-16,2.220446049250313e-16
salt_cavern_storage,energy,CH,0,gigawatt * hour,10.76432646706189,10.76532646706189,inf,0.0,2.220446049250313e-16,2.220446049250313e-16
salt_cavern_storage,energy,CZ,0,gigawatt * hour,34.36386083435508,34.36486083435508,inf,0.0,2.220446049250313e-16,2.220446049250313e-16
salt_cavern_storage,energy,DE,0,gigawatt * hour,351.8313657311021,351.8323657311021,inf,0.0,2.220446049250313e-16,2.220446049250313e-16
salt_cavern_storage,energy,DK,0,gigawatt * hour,229.44385391195627,229.44485391195627,inf,0.0,2.220446049250313e-16,2.220446049250313e-16
salt_cavern_storage,energy,EE,0,gigawatt * hour,133.3556896604541,133.3566896604541,inf,0.0,2.220446049250313e-16,2.220446049250313e-16
salt_cavern_storage,energy,EL,0,gigawatt * hour,3068.8086676489584,3068.8096676489586,inf,0.0,2.220446049250313e-16,2.220446049250313e-16
salt_cavern_storage,energy,ES,0,gigawatt * hour,6066.652517076222,6066.653517076222,inf,0.0,2.220446049250313e-16,2.220446049250313e-16
salt_cavern_storage,energy,FI,0,gigawatt * hour,0.11308975820696776,0.11408975820696776,inf,0.0,2.220446049250313e-16,2.220446049250313e-16
salt_cavern_storage,energy,FR,0,gigawatt * hour,2101.771327155663,2101.7723271556633,inf,0.0,2.220446049250313e-16,2.220446049250313e-16
salt_cavern_storage,energy,HR,0,gigawatt * hour,430.9154434811159,430.9164434811159,inf,0.0,2.220446049250313e-16,2.220446049250313e-16
salt_cavern_storage,energy,HU,0,gigawatt * hour,86.15219187656568,86.15319187656569,inf,0.0,2.220446049250313e-16,2.220446049250313e-16
salt_cavern_storage,energy,IE,0,gigawatt * hour,120.33016214386038,120.33116214386038,inf,0.0,2.220446049250313e-16,2.220446049250313e-16
salt_cavern_storage,energy,IT,0,gigawatt * hour,11763.57949906011,11763.58049906011,inf,0.0,2.220446049250313e-16,2.220446049250313e-16
salt_cavern_storage,energy,LT,0,gigawatt * hour,72.99231564245751,72.99331564245752,inf,0.0,2.220446049250313e-16,2.220446049250313e-16
salt_cavern_storage,energy,LU,0,gigawatt * hour,6.163681450328814,6.164681450328814,inf,0.0,2.220446049250313e-16,2.220446049250313e-16
salt_cavern_storage,energy,LV,0,gigawatt * hour,121.83987262876107,121.84087262876108,inf,0.0,2.220446049250313e-16,2.220446049250313e-16
salt_cavern_storage,energy,NL,0,gigawatt * hour,252.5871580023248,252.5881580023248,inf,0.0,2.220446049250313e-16,2.220446049250313e-16
salt_cavern_storage,energy,NO,0,gigawatt * hour,77.96437502138966,77.96537502138966,inf,0.0,2.220446049250313e-16,2.220446049250313e-16
salt_cavern_storage,energy,PL,0,gigawatt * hour,440.0845842796982,440.0855842796982,inf,0.0,2.220446049250313e-16,2.220446049250313e-16
salt_cavern_storage,energy,PT,0,gigawatt * hour,462.47699723747303,462.477997237473,inf,0.0,2.220446049250313e-16,2.220446049250313e-16
salt_cavern_storage,energy,RO,0,gigawatt * hour,854.8778958816479,854.8788958816478,inf,0.0,2.220446049250313e-16,2.220446049250313e-16
salt_cavern_storage,energy,SE,0,gigawatt * hour,802.1789901010158,802.1799901010157,inf,0.0,2.220446049250313e-16,2.220446049250313e-16
salt_cavern_storage,energy,SI,0,gigawatt * hour,32.49985896851041,32.50085896851041,inf,0.0,2.220446049250313e-16,2.220446049250313e-16
salt_cavern_storage,energy,SK,0,gigawatt * hour,4.421966714368065,4.422966714368066,inf,0.0,2.220446049250313e-16,2.220446049250313e-16
salt_cavern_storage,energy,UK,0,gigawatt * hour,391.2338194748247,391.2348194748247,inf,0.0,2.220446049250313e-16,2.220446049250313e-16
salt_cavern_storage,power,AT,0,gigawatt,5.755473614436315,5.756473614436316,inf,0.0,0.0,0.0
salt_cavern_storage,power,BE,0,gigawatt,4.335363685152949,4.336363685152949,inf,0.0,0.0,0.0
salt_cavern_storage,power,BG,0,gigawatt,3.91695581112161,3.91795581112161,inf,0.0,0.0,0.0
salt_cavern_storage,power,CH,0,gigawatt,0.21438055242627863,0.21538055242627863,inf,0.0,0.0,0.0
salt_cavern_storage,power,CZ,0,gigawatt,0.35606231676888755,0.35706231676888756,inf,0.0,0.0,0.0
salt_cavern_storage,power,DE,0,gigawatt,7.778372846640769,7.7793728466407694,inf,0.0,0.0,0.0
salt_cavern_storage,power,DK,0,gigawatt,1.2071979425950048,1.2081979425950047,inf,0.0,0.0,0.0
salt_cavern_storage,power,EE,0,gigawatt,0.5264680282059925,0.5274680282059925,inf,0.0,0.0,0.0
salt_cavern_storage,power,EL,0,gigawatt,8.08058483400404,8.081584834004039,inf,0.0,0.0,0.0
salt_cavern_storage,power,ES,0,gigawatt,40.35143444983415,40.35243444983415,inf,0.0,0.0,0.0
salt_cavern_storage,power,FI,0,gigawatt,0.00041862217436595094,0.001418622174365951,inf,0.0,0.0,0.0
salt_cavern_storage,power,FR,0,gigawatt,19.221797854176312,19.222797854176314,inf,0.0,0.0,0.0
salt_cavern_storage,power,HR,0,gigawatt,2.9358235376821202,2.93682353768212,inf,0.0,0.0,0.0
salt_cavern_storage,power,HU,0,gigawatt,0.8414961657685996,0.8424961657685996,inf,0.0,0.0,0.0
salt_cavern_storage,power,IE,0,gigawatt,1.5813979829508102,1.5823979829508101,inf,0.0,0.0,0.0
salt_cavern_storage,power,IT,0,gigawatt,72.89638611396364,72.89738611396365,inf,0.0,0.0,0.0
salt_cavern_storage,power,LT,0,gigawatt,0.45789389411558995,0.45889389411558995,inf,0.0,0.0,0.0
salt_cavern_storage,power,LU,0,gigawatt,0.1276982394966356,0.1286982394966356,inf,0.0,0.0,0.0
salt_cavern_storage,power,LV,0,gigawatt,0.381260241894711,0.38226024189471103,inf,0.0,0.0,0.0
salt_cavern_storage,power,NL,0,gigawatt,2.375227885883097,2.3762278858830967,inf,0.0,0.0,0.0
salt_cavern_storage,power,NO,0,gigawatt,1.414640677503127,1.415640677503127,inf,0.0,0.0,0.0
salt_cavern_storage,power,PL,0,gigawatt,7.294004467919207,7.295004467919207,inf,0.0,0.0,0.0
salt_cavern_storage,power,PT,0,gigawatt,2.07611103853665,2.07711103853665,inf,0.0,0.0,0.0
salt_cavern_storage,power,RO,0,gigawatt,5.797515690965451,5.798515690965451,inf,0.0,0.0,0.0
salt_cavern_storage,power,SE,0,gigawatt,4.431919994604468,4.432919994604468,inf,0.0,0.0,0.0
salt_cavern_storage,power,SI,0,gigawatt,0.443083526837995,0.444083526837995,inf,0.0,0.0,0.0
salt_cavern_storage,power,SK,0,gigawatt,0.11810593550542857,0.11910593550542857,inf,0.0,0.0,0.0
salt_cavern_storage,power,UK,0,gigawatt,7.306842766346201,7.307842766346202,inf,0.0,0.0,0.0
