year,CH,DE
2023,1.0,1.0
2024,1.1,1.1
2025,1.21,1.21
2026,1.331,1.331
2027,1.4641,1.4641
2028,1.61051,1.61051
