set_technologies,set_capacity_types,set_location,set_time_steps_yearly,unit,value,reduced_cost,vbasis,rc_capex_equivalent,rc_capex_equivalent_input_units,rc_capex_equivalent_per_kw_eff
BEV,power,AT,0,megapkm / hour,13.90508203108651,0.0,0.0,0.0,0.0,0.0
BEV,power,BE,0,megapkm / hour,18.776961214107146,0.0,0.0,0.0,0.0,0.0
BEV,power,BG,0,megapkm / hour,9.802129089110736,0.0,0.0,0.0,0.0,0.0
BEV,power,CH,0,megapkm / hour,16.865081978850327,0.0,0.0,0.0,0.0,0.0
BEV,power,CZ,0,megapkm / hour,13.913456622809298,0.0,0.0,0.0,0.0,0.0
BEV,power,DE,0,megapkm / hour,157.05573618045568,0.0,0.0,0.0,0.0,0.0
BEV,power,DK,0,megapkm / hour,10.756321601397302,0.0,0.0,-9.094947017729282e-13,-9.094947017729282e-13,-2.036858890506444e-12
BEV,power,EE,0,megapkm / hour,2.5552544734382834,0.0,0.0,0.0,0.0,0.0
BEV,power,EL,0,megapkm / hour,18.65319419588287,0.0,0.0,9.094947017729282e-13,9.094947017729282e-13,2.024227914370615e-12
BEV,power,ES,0,megapkm / hour,60.244512671435494,0.0,0.0,0.0,0.0,0.0
BEV,power,FI,0,megapkm / hour,11.714497784197198,0.0,0.0,-9.094947017729282e-13,-9.094947017729282e-13,-2.0086267098997325e-12
BEV,power,FR,0,megapkm / hour,136.0325133701021,0.0,0.0,0.0,0.0,0.0
BEV,power,HR,0,megapkm / hour,4.416473965619442,0.0,0.0,0.0,0.0,0.0
BEV,power,HU,0,megapkm / hour,11.349913781394582,0.0,0.0,0.0,0.0,0.0
BEV,power,IE,0,megapkm / hour,10.426036136284782,0.0,0.0,0.0,0.0,0.0
BEV,power,IT,0,megapkm / hour,127.43311861505057,0.0,0.0,0.0,0.0,0.0
BEV,power,LT,0,megapkm / hour,5.329523026109195,0.0,0.0,0.0,0.0,0.0
BEV,power,LU,0,megapkm / hour,1.4212499963189698,0.0,0.0,-9.094947017729282e-13,-9.094947017729282e-13,-2.11161880402868e-12
BEV,power,LV,0,megapkm / hour,2.6779970975274465,0.0,0.0,-9.094947017729282e-13,-9.094947017729282e-13,-1.9772752803431577e-12
BEV,power,NL,0,megapkm / hour,26.283267713397564,0.0,0.0,0.0,0.0,0.0
BEV,power,NO,0,megapkm / hour,11.350904969349564,0.0,0.0,0.0,0.0,0.0
BEV,power,PL,0,megapkm / hour,42.485043435685895,0.0,0.0,0.0,0.0,0.0
BEV,power,PT,0,megapkm / hour,17.37089989933628,0.0,0.0,0.0,0.0,0.0
BEV,power,RO,0,megapkm / hour,19.241507009509146,0.0,0.0,0.0,0.0,0.0
BEV,power,SE,0,megapkm / hour,16.445467556990756,0.0,0.0,9.094947017729282e-13,9.094947017729282e-13,2.032192364953543e-12
BEV,power,SI,0,megapkm / hour,4.818082393646737,0.0,0.0,-9.094947017729282e-13,-9.094947017729282e-13,-2.0479531141682094e-12
BEV,power,SK,0,megapkm / hour,4.910896529259786,0.0,0.0,0.0,0.0,0.0
BEV,power,UK,0,megapkm / hour,127.89809936581476,0.0,0.0,0.0,0.0,0.0
BF_BOF,power,AT,0,kilotonproduct / hour,0.0,0.0,0.0,1706.6194806767687,1706.6194806767687,1706.6194806767687
BF_BOF,power,BE,0,kilotonproduct / hour,0.0,0.0,0.0,1706.6194806767687,1706.6194806767687,1706.6194806767687
BF_BOF,power,BG,0,kilotonproduct / hour,0.0,0.0,0.0,1706.6194806767687,1706.6194806767687,1706.6194806767687
BF_BOF,power,CH,0,kilotonproduct / hour,0.0,0.0,0.0,1706.6194806767687,1706.6194806767687,1706.6194806767687
BF_BOF,power,CZ,0,kilotonproduct / hour,0.0,0.0,0.0,1706.6194806767687,1706.6194806767687,1706.6194806767687
BF_BOF,power,DE,0,kilotonproduct / hour,0.0,0.0,0.0,1706.6194806767687,1706.6194806767687,1706.6194806767687
BF_BOF,power,DK,0,kilotonproduct / hour,0.0,0.0,0.0,1706.6194806767687,1706.6194806767687,1706.6194806767687
BF_BOF,power,EE,0,kilotonproduct / hour,0.0,0.0,0.0,1706.6194806767687,1706.6194806767687,1706.6194806767687
BF_BOF,power,EL,0,kilotonproduct / hour,0.0,0.0,0.0,1706.6194806767687,1706.6194806767687,1706.6194806767687
BF_BOF,power,ES,0,kilotonproduct / hour,0.0,0.0,0.0,1706.6194806767687,1706.6194806767687,1706.6194806767687
BF_BOF,power,FI,0,kilotonproduct / hour,0.0,0.0,0.0,1706.6194806767687,1706.6194806767687,1706.6194806767687
BF_BOF,power,FR,0,kilotonproduct / hour,0.0,0.0,0.0,1706.6194806767687,1706.6194806767687,1706.6194806767687
BF_BOF,power,HR,0,kilotonproduct / hour,0.0,0.0,0.0,1706.6194806767687,1706.6194806767687,1706.6194806767687
BF_BOF,power,HU,0,kilotonproduct / hour,0.0,0.0,0.0,1706.6194806767687,1706.6194806767687,1706.6194806767687
BF_BOF,power,IE,0,kilotonproduct / hour,0.0,0.0,0.0,1706.6194806767687,1706.6194806767687,1706.6194806767687
BF_BOF,power,IT,0,kilotonproduct / hour,0.0,0.0,0.0,1706.6194806767687,1706.6194806767687,1706.6194806767687
BF_BOF,power,LT,0,kilotonproduct / hour,0.0,0.0,0.0,1706.6194806767687,1706.6194806767687,1706.6194806767687
BF_BOF,power,LU,0,kilotonproduct / hour,0.0,0.0,0.0,1706.6194806767687,1706.6194806767687,1706.6194806767687
BF_BOF,power,LV,0,kilotonproduct / hour,0.0,0.0,0.0,1706.6194806767687,1706.6194806767687,1706.6194806767687
BF_BOF,power,NL,0,kilotonproduct / hour,0.0,0.0,0.0,1706.6194806767687,1706.6194806767687,1706.6194806767687
BF_BOF,power,NO,0,kilotonproduct / hour,0.0,0.0,0.0,1706.6194806767687,1706.6194806767687,1706.6194806767687
BF_BOF,power,PL,0,kilotonproduct / hour,0.0,0.0,0.0,1706.6194806767687,1706.6194806767687,1706.6194806767687
BF_BOF,power,PT,0,kilotonproduct / hour,0.0,0.0,0.0,1706.6194806767687,1706.6194806767687,1706.6194806767687
BF_BOF,power,RO,0,kilotonproduct / hour,0.0,0.0,0.0,1706.6194806767687,1706.6194806767687,1706.6194806767687
BF_BOF,power,SE,0,kilotonproduct / hour,0.0,0.0,0.0,1706.6194806767687,1706.6194806767687,1706.6194806767687
BF_BOF,power,SI,0,kilotonproduct / hour,0.0,0.0,0.0,1706.6194806767687,1706.6194806767687,1706.6194806767687
BF_BOF,power,SK,0,kilotonproduct / hour,0.0,0.0,0.0,1706.6194806767687,1706.6194806767687,1706.6194806767687
BF_BOF,power,UK,0,kilotonproduct / hour,0.0,0.0,0.0,1706.6194806767687,1706.6194806767687,1706.6194806767687
DAC,power,AT,0,kilotCO2eq / hour,0.0,0.0,0.0,9069.108899360603,9069.108899360603,9069.108899360603
DAC,power,BE,0,kilotCO2eq / hour,0.0,0.0,0.0,8059.596712624901,8059.596712624901,8059.596712624901
DAC,power,BG,0,kilotCO2eq / hour,0.0,0.0,0.0,8578.969848597517,8578.969848597517,8578.969848597517
DAC,power,CH,0,kilotCO2eq / hour,0.0,0.0,0.0,9053.962581628972,9053.962581628972,9053.962581628972
DAC,power,CZ,0,kilotCO2eq / hour,0.0,0.0,0.0,7878.493960787746,7878.493960787746,7878.493960787746
DAC,power,DE,0,kilotCO2eq / hour,0.0,0.0,0.0,8549.837353247538,8549.837353247538,8549.837353247538
DAC,power,DK,0,kilotCO2eq / hour,0.0,0.0,0.0,3629.1396001555822,3629.1396001555822,3629.1396001555822
DAC,power,EE,0,kilotCO2eq / hour,0.0,0.0,0.0,5350.391177410115,5350.391177410115,5350.391177410115
DAC,power,EL,0,kilotCO2eq / hour,0.0,0.0,0.0,10130.367298532472,10130.367298532472,10130.367298532472
DAC,power,ES,0,kilotCO2eq / hour,0.0,0.0,0.0,8392.156824750447,8392.156824750447,8392.156824750447
DAC,power,FI,0,kilotCO2eq / hour,0.0,0.0,0.0,5394.128657020009,5394.128657020009,5394.128657020009
DAC,power,FR,0,kilotCO2eq / hour,0.0,0.0,0.0,5142.455270600829,5142.455270600829,5142.455270600829
DAC,power,HR,0,kilotCO2eq / hour,0.0,0.0,0.0,7827.189091410954,7827.189091410954,7827.189091410954
DAC,power,HU,0,kilotCO2eq / hour,0.0,0.0,0.0,11444.043964016138,11444.043964016138,11444.043964016138
DAC,power,IE,0,kilotCO2eq / hour,0.0,0.0,0.0,4302.072006635396,4302.072006635396,4302.072006635396
DAC,power,IT,0,kilotCO2eq / hour,0.0,0.0,0.0,8629.13676442523,8629.13676442523,8629.13676442523
DAC,power,LT,0,kilotCO2eq / hour,0.0,0.0,0.0,4326.43913650609,4326.43913650609,4326.43913650609
DAC,power,LU,0,kilotCO2eq / hour,0.0,0.0,0.0,7505.668449536941,7505.668449536941,7505.668449536941
DAC,power,LV,0,kilotCO2eq / hour,0.0,0.0,0.0,4314.040413728202,4314.040413728202,4314.040413728202
DAC,power,NL,0,kilotCO2eq / hour,0.0,0.0,0.0,10614.005084279981,10614.005084279981,10614.005084279981
DAC,power,NO,0,kilotCO2eq / hour,0.0,0.0,0.0,3847.1883781693286,3847.1883781693286,3847.1883781693286
DAC,power,PL,0,kilotCO2eq / hour,0.0,0.0,0.0,8073.238263526376,8073.238263526376,8073.238263526376
DAC,power,PT,0,kilotCO2eq / hour,0.0,0.0,0.0,9837.071311430733,9837.071311430733,9837.071311430733
DAC,power,RO,0,kilotCO2eq / hour,0.0,0.0,0.0,8115.826246970977,8115.826246970977,8115.826246970977
DAC,power,SE,0,kilotCO2eq / hour,0.0,0.0,0.0,1649.7391453553792,1649.7391453553792,1649.7391453553792
DAC,power,SI,0,kilotCO2eq / hour,0.0,0.0,0.0,7818.695709129687,7818.695709129687,7818.695709129687
DAC,power,SK,0,kilotCO2eq / hour,0.0,0.0,0.0,7736.250605622322,7736.250605622322,7736.250605622322
DAC,power,UK,0,kilotCO2eq / hour,0.0,0.0,0.0,4370.767520694594,4370.767520694594,4370.767520694594
EAF,power,AT,0,kilotonproduct / hour,0.47157534245890415,0.0,0.0,-2.2737367544323206e-13,-2.2737367544323206e-13,-2.2737367544323206e-13
EAF,power,BE,0,kilotonproduct / hour,0.5472602739520548,0.0,0.0,-2.2737367544323206e-13,-2.2737367544323206e-13,-2.2737367544323206e-13
EAF,power,BG,0,kilotonproduct / hour,0.045616438356164385,0.0,0.0,-2.2737367544323206e-13,-2.2737367544323206e-13,-2.2737367544323206e-13
EAF,power,CH,0,kilotonproduct / hour,0.0,0.0,0.0,1847.1646143795613,1847.1646143795613,1847.1646143795613
EAF,power,CZ,0,kilotonproduct / hour,0.3382876712328767,0.0,0.0,-2.2737367544323206e-13,-2.2737367544323206e-13,-2.2737367544323206e-13
EAF,power,DE,0,kilotonproduct / hour,2.913413824092466,0.0,0.0,-2.2737367544323206e-13,-2.2737367544323206e-13,-2.2737367544323206e-13
EAF,power,DK,0,kilotonproduct / hour,0.0,0.0,0.0,1847.1646143795613,1847.1646143795613,1847.1646143795613
EAF,power,EE,0,kilotonproduct / hour,0.0,0.0,0.0,1847.1646143795613,1847.1646143795613,1847.1646143795613
EAF,power,EL,0,kilotonproduct / hour,0.10047945205479454,0.0,0.0,-2.2737367544323206e-13,-2.2737367544323206e-13,-2.2737367544323206e-13
EAF,power,ES,0,kilotonproduct / hour,0.9808904109794521,0.0,0.0,-2.2737367544323206e-13,-2.2737367544323206e-13,-2.2737367544323206e-13
EAF,power,FI,0,kilotonproduct / hour,0.27054794522602743,0.0,0.0,-2.2737367544323206e-13,-2.2737367544323206e-13,-2.2737367544323206e-13
EAF,power,FR,0,kilotonproduct / hour,1.0539726027712328,0.0,0.0,-2.2737367544323206e-13,-2.2737367544323206e-13,-2.2737367544323206e-13
EAF,power,HR,0,kilotonproduct / hour,0.006093970042465755,0.0,0.0,-2.2737367544323206e-13,-2.2737367544323206e-13,-2.2737367544323206e-13
EAF,power,HU,0,kilotonproduct / hour,0.13554794520547947,0.0,0.0,-2.2737367544323206e-13,-2.2737367544323206e-13,-2.2737367544323206e-13
EAF,power,IE,0,kilotonproduct / hour,0.0,0.0,0.0,1847.1646143795613,1847.1646143795613,1847.1646143795613
EAF,power,IT,0,kilotonproduct / hour,1.6437548359246579,0.0,0.0,-2.2737367544323206e-13,-2.2737367544323206e-13,-2.2737367544323206e-13
EAF,power,LT,0,kilotonproduct / hour,0.0,0.0,0.0,1847.1646143795613,1847.1646143795613,1847.1646143795613
EAF,power,LU,0,kilotonproduct / hour,0.15938508369863016,0.0,0.0,-2.2737367544323206e-13,-2.2737367544323206e-13,-2.2737367544323206e-13
EAF,power,LV,0,kilotonproduct / hour,0.0,0.0,0.0,1847.1646143795613,1847.1646143795613,1847.1646143795613
EAF,power,NL,0,kilotonproduct / hour,0.4666438356164384,0.0,0.0,-2.2737367544323206e-13,-2.2737367544323206e-13,-2.2737367544323206e-13
EAF,power,NO,0,kilotonproduct / hour,0.04456863013698631,0.0,0.0,-2.2737367544323206e-13,-2.2737367544323206e-13,-2.2737367544323206e-13
EAF,power,PL,0,kilotonproduct / hour,0.6723972602739726,0.0,0.0,-2.2737367544323206e-13,-2.2737367544323206e-13,-2.2737367544323206e-13
EAF,power,PT,0,kilotonproduct / hour,0.11643835616438354,0.0,0.0,-2.2737367544323206e-13,-2.2737367544323206e-13,-2.2737367544323206e-13
EAF,power,RO,0,kilotonproduct / hour,0.24315068493150688,0.0,0.0,-2.2737367544323206e-13,-2.2737367544323206e-13,-2.2737367544323206e-13
EAF,power,SE,0,kilotonproduct / hour,0.31869863014383565,0.0,0.0,-2.2737367544323206e-13,-2.2737367544323206e-13,-2.2737367544323206e-13
EAF,power,SI,0,kilotonproduct / hour,0.044794520547945194,0.0,0.0,-2.2737367544323206e-13,-2.2737367544323206e-13,-2.2737367544323206e-13
EAF,power,SK,0,kilotonproduct / hour,0.35136986301369866,0.0,0.0,-2.2737367544323206e-13,-2.2737367544323206e-13,-2.2737367544323206e-13
EAF,power,UK,0,kilotonproduct / hour,0.49315068493150693,0.0,0.0,-2.2737367544323206e-13,-2.2737367544323206e-13,-2.2737367544323206e-13
H2_DRI,power,AT,0,kilotonproduct / hour,0.0,0.0,0.0,712.6095424560385,712.6095424560385,712.6095424560385
H2_DRI,power,BE,0,kilotonproduct / hour,0.0,0.0,0.0,1556.2133405414652,1556.2133405414652,1556.2133405414652
H2_DRI,power,BG,0,kilotonproduct / hour,0.0,0.0,0.0,1234.2383725138761,1234.2383725138761,1234.2383725138761
H2_DRI,power,CH,0,kilotonproduct / hour,0.0,0.0,0.0,4156.120382354013,4156.120382354013,4156.120382354013
H2_DRI,power,CZ,0,kilotonproduct / hour,0.0,0.0,0.0,474.8327838425912,474.8327838425912,474.8327838425912
H2_DRI,power,DE,0,kilotonproduct / hour,0.0,0.0,0.0,926.5172380028616,926.5172380028616,926.5172380028616
H2_DRI,power,DK,0,kilotonproduct / hour,0.0,0.0,0.0,4156.120382354013,4156.120382354013,4156.120382354013
H2_DRI,power,EE,0,kilotonproduct / hour,0.0,0.0,0.0,4156.120382354013,4156.120382354013,4156.120382354013
H2_DRI,power,EL,0,kilotonproduct / hour,0.0,0.0,0.0,1287.111539241459,1287.111539241459,1287.111539241459
H2_DRI,power,ES,0,kilotonproduct / hour,0.0,0.0,0.0,279.0434255129767,279.0434255129767,279.0434255129767
H2_DRI,power,FI,0,kilotonproduct / hour,0.0,0.0,0.0,1776.0377274412708,1776.0377274412708,1776.0377274412708
H2_DRI,power,FR,0,kilotonproduct / hour,0.0,0.0,0.0,498.1122964130518,498.1122964130518,498.1122964130518
H2_DRI,power,HR,0,kilotonproduct / hour,0.0,0.0,0.0,1001.2743378865066,1001.2743378865066,1001.2743378865066
H2_DRI,power,HU,0,kilotonproduct / hour,0.0,0.0,0.0,894.8361207537291,894.8361207537291,894.8361207537291
H2_DRI,power,IE,0,kilotonproduct / hour,0.0,0.0,0.0,4156.120382354013,4156.120382354013,4156.120382354013
H2_DRI,power,IT,0,kilotonproduct / hour,0.0,0.0,0.0,498.8062598332481,498.8062598332481,498.8062598332481
H2_DRI,power,LT,0,kilotonproduct / hour,0.0,0.0,0.0,4156.120382354013,4156.120382354013,4156.120382354013
H2_DRI,power,LU,0,kilotonproduct / hour,0.0,0.0,0.0,1253.3801041133274,1253.3801041133274,1253.3801041133274
H2_DRI,power,LV,0,kilotonproduct / hour,0.0,0.0,0.0,4156.120382354013,4156.120382354013,4156.120382354013
H2_DRI,power,NL,0,kilotonproduct / hour,0.0,0.0,0.0,1435.5409505883763,1435.5409505883763,1435.5409505883763
H2_DRI,power,NO,0,kilotonproduct / hour,0.0,0.0,0.0,2112.360404846863,2112.360404846863,2112.360404846863
H2_DRI,power,PL,0,kilotonproduct / hour,0.0,0.0,0.0,1396.2381320121076,1396.2381320121076,1396.2381320121076
H2_DRI,power,PT,0,kilotonproduct / hour,0.07762557077625572,0.0,0.0,0.0,0.0,0.0
H2_DRI,power,RO,0,kilotonproduct / hour,0.0,0.0,0.0,1952.6296800656696,1952.6296800656696,1952.6296800656696
H2_DRI,power,SE,0,kilotonproduct / hour,0.0,0.0,0.0,1470.5102339457858,1470.5102339457858,1470.5102339457858
H2_DRI,power,SI,0,kilotonproduct / hour,0.0,0.0,0.0,652.9660422984389,652.9660422984389,652.9660422984389
H2_DRI,power,SK,0,kilotonproduct / hour,0.0,0.0,0.0,975.1062017353324,975.1062017353324,975.1062017353324
H2_DRI,power,UK,0,kilotonproduct / hour,0.0,0.0,0.0,1913.922119931277,1913.922119931277,1913.922119931277
HDT_BET,power,AT,0,megatkm / hour,0.0,0.0,0.0,57.342382590181444,57.342382590181444,121.60323533929096
HDT_BET,power,BE,0,megatkm / hour,0.0,0.0,0.0,24.35374381916037,24.35374381916037,51.64581426969252
HDT_BET,power,BG,0,megatkm / hour,0.0,0.0,0.0,0.0,0.0,0.0
HDT_BET,power,CH,0,megatkm / hour,0.0,0.0,0.0,0.0,0.0,0.0
HDT_BET,power,CZ,0,megatkm / hour,8.929524413694665,0.0,0.0,0.0,0.0,0.0
HDT_BET,power,DE,0,megatkm / hour,0.0,0.0,0.0,0.46965063357276904,0.46965063357276904,0.9959655309365447
HDT_BET,power,DK,0,megatkm / hour,3.4256487520567864,0.0,0.0,0.0,0.0,0.0
HDT_BET,power,EE,0,megatkm / hour,1.0962076006581694,0.0,0.0,0.0,0.0,0.0
HDT_BET,power,EL,0,megatkm / hour,0.0,0.0,0.0,0.0,0.0,0.0
HDT_BET,power,ES,0,megatkm / hour,0.0,0.0,0.0,2.169963529013785,2.169963529013785,4.601737384758129
HDT_BET,power,FI,0,megatkm / hour,6.577245603949015,0.0,0.0,0.0,0.0,0.0
HDT_BET,power,FR,0,megatkm / hour,39.76036318220566,0.0,0.0,0.0,0.0,0.0
HDT_BET,power,HR,0,megatkm / hour,0.0,0.0,0.0,8.315048505839655,8.315048505839655,17.633323811110234
HDT_BET,power,HU,0,megatkm / hour,8.449933588406715,0.0,0.0,0.0,0.0,0.0
HDT_BET,power,IE,0,megatkm / hour,2.8318696350336023,0.0,0.0,0.0,0.0,0.0
HDT_BET,power,IT,0,megatkm / hour,0.0,0.0,0.0,0.0,0.0,0.0
HDT_BET,power,LT,0,megatkm / hour,12.126796582281006,0.0,0.0,0.0,0.0,0.0
HDT_BET,power,LU,0,megatkm / hour,0.0,0.0,0.0,9.54432630695095,9.54432630695095,20.240194174594194
HDT_BET,power,LV,0,megatkm / hour,3.4256487520567944,0.0,0.0,0.0,0.0,0.0
HDT_BET,power,NL,0,megatkm / hour,15.598120651031858,0.0,0.0,0.0,0.0,0.0
HDT_BET,power,NO,0,megatkm / hour,4.9100965446147145,0.0,0.0,0.0,0.0,0.0
HDT_BET,power,PL,0,megatkm / hour,0.0,0.0,0.0,25.614158568890844,25.614158568890844,54.31871526391861
HDT_BET,power,PT,0,megatkm / hour,7.079674087584004,0.0,0.0,0.0,0.0,0.0
HDT_BET,power,RO,0,megatkm / hour,0.0,0.0,0.0,0.0,0.0,0.0
HDT_BET,power,SE,0,megatkm / hour,9.728842455841246,0.0,0.0,0.0,0.0,0.0
HDT_BET,power,SI,0,megatkm / hour,0.0,0.0,0.0,27.11970134057276,27.11970134057276,57.51144747539026
HDT_BET,power,SK,0,megatkm / hour,7.741966179648317,0.0,0.0,0.0,0.0,0.0
HDT_BET,power,UK,0,megatkm / hour,36.72295462204865,0.0,0.0,0.0,0.0,0.0
HDT_FCEV,power,AT,0,megatkm / hour,6.029141803619927,0.0,0.0,0.0,0.0,0.0
HDT_FCEV,power,BE,0,megatkm / hour,7.9475051047717695,0.0,0.0,0.0,0.0,0.0
HDT_FCEV,power,BG,0,megatkm / hour,4.7045576194913075,0.0,0.0,0.0,0.0,0.0
HDT_FCEV,power,CH,0,megatkm / hour,2.8318696350336023,0.0,0.0,0.0,0.0,0.0
HDT_FCEV,power,CZ,0,megatkm / hour,0.0,0.0,0.0,0.0,0.0,0.0
HDT_FCEV,power,DE,0,megatkm / hour,71.23065638443406,0.0,0.0,0.0,0.0,0.0
HDT_FCEV,power,DK,0,megatkm / hour,0.0,0.0,0.0,0.0,0.0,0.0
HDT_FCEV,power,EE,0,megatkm / hour,0.0,0.0,0.0,0.0,0.0,0.0
HDT_FCEV,power,EL,0,megatkm / hour,6.44021965386674,0.0,0.0,0.0,0.0,0.0
HDT_FCEV,power,ES,0,megatkm / hour,57.00279523422511,0.0,0.0,0.0,0.0,0.0
HDT_FCEV,power,FI,0,megatkm / hour,0.0,0.0,0.0,0.0,0.0,0.0
HDT_FCEV,power,FR,0,megatkm / hour,0.0,0.0,0.0,0.0,0.0,0.0
HDT_FCEV,power,HR,0,megatkm / hour,2.854707293380648,0.0,0.0,0.0,0.0,0.0
HDT_FCEV,power,HU,0,megatkm / hour,0.0,0.0,0.0,0.0,0.0,0.0
HDT_FCEV,power,IE,0,megatkm / hour,0.0,0.0,0.0,0.0,0.0,0.0
HDT_FCEV,power,IT,0,megatkm / hour,31.515968518922502,0.0,0.0,0.0,0.0,0.0
HDT_FCEV,power,LT,0,megatkm / hour,0.0,0.0,0.0,0.0,0.0,0.0
HDT_FCEV,power,LU,0,megatkm / hour,1.6899867176813437,0.0,0.0,0.0,0.0,0.0
HDT_FCEV,power,LV,0,megatkm / hour,0.0,0.0,0.0,0.0,0.0,0.0
HDT_FCEV,power,NL,0,megatkm / hour,0.0,0.0,0.0,0.0,0.0,0.0
HDT_FCEV,power,NO,0,megatkm / hour,0.0,0.0,0.0,0.0,0.0,0.0
HDT_FCEV,power,PL,0,megatkm / hour,79.70342763118815,0.0,0.0,0.0,0.0,0.0
HDT_FCEV,power,PT,0,megatkm / hour,0.0,0.0,0.0,0.0,0.0,0.0
HDT_FCEV,power,RO,0,megatkm / hour,13.93097159169756,0.0,0.0,0.0,0.0,0.0
HDT_FCEV,power,SE,0,megatkm / hour,0.0,0.0,0.0,0.0,0.0,0.0
HDT_FCEV,power,SI,0,megatkm / hour,5.48103800329086,0.0,0.0,0.0,0.0,0.0
HDT_FCEV,power,SK,0,megatkm / hour,0.0,0.0,0.0,0.0,0.0,0.0
HDT_FCEV,power,UK,0,megatkm / hour,0.0,0.0,0.0,0.0,0.0,0.0
HDT_diesel,power,AT,0,megatkm / hour,0.0,0.0,0.0,0.0,0.0,0.0
HDT_diesel,power,BE,0,megatkm / hour,0.0,0.0,0.0,0.0,0.0,0.0
HDT_diesel,power,BG,0,megatkm / hour,0.0,0.0,0.0,0.0,0.0,0.0
HDT_diesel,power,CH,0,megatkm / hour,0.0,0.0,0.0,0.0,0.0,0.0
HDT_diesel,power,CZ,0,megatkm / hour,0.0,0.0,0.0,0.0,0.0,0.0
HDT_diesel,power,DE,0,megatkm / hour,0.0,0.0,0.0,0.0,0.0,0.0
HDT_diesel,power,DK,0,megatkm / hour,0.0,0.0,0.0,0.0,0.0,0.0
HDT_diesel,power,EE,0,megatkm / hour,0.0,0.0,0.0,0.0,0.0,0.0
HDT_diesel,power,EL,0,megatkm / hour,0.0,0.0,0.0,0.0,0.0,0.0
HDT_diesel,power,ES,0,megatkm / hour,0.0,0.0,0.0,0.0,0.0,0.0
HDT_diesel,power,FI,0,megatkm / hour,0.0,0.0,0.0,0.0,0.0,0.0
HDT_diesel,power,FR,0,megatkm / hour,0.0,0.0,0.0,24.650388394508212,24.650388394508212,52.27489416624926
HDT_diesel,power,HR,0,megatkm / hour,0.0,0.0,0.0,83.34379564177755,83.34379564177755,176.7431825763063
HDT_diesel,power,HU,0,megatkm / hour,0.0,0.0,0.0,0.0,0.0,0.0
HDT_diesel,power,IE,0,megatkm / hour,0.0,0.0,0.0,0.0,0.0,0.0
HDT_diesel,power,IT,0,megatkm / hour,0.0,0.0,0.0,0.0,0.0,0.0
HDT_diesel,power,LT,0,megatkm / hour,0.0,0.0,0.0,0.0,0.0,0.0
HDT_diesel,power,LU,0,megatkm / hour,0.0,0.0,0.0,86.02597705613832,86.02597705613832,182.4311558173943
HDT_diesel,power,LV,0,megatkm / hour,0.0,0.0,0.0,0.0,0.0,0.0
HDT_diesel,power,NL,0,megatkm / hour,0.0,0.0,0.0,0.0,0.0,0.0
HDT_diesel,power,NO,0,megatkm / hour,0.0,0.0,0.0,0.0,0.0,0.0
HDT_diesel,power,PL,0,megatkm / hour,-4.518037674372233e-13,0.0,0.0,0.0,0.0,0.0
HDT_diesel,power,PT,0,megatkm / hour,0.0,0.0,0.0,0.0,0.0,0.0
HDT_diesel,power,RO,0,megatkm / hour,0.0,0.0,0.0,0.0,0.0,0.0
HDT_diesel,power,SE,0,megatkm / hour,0.0,0.0,0.0,0.0,0.0,0.0
HDT_diesel,power,SI,0,megatkm / hour,0.0,0.0,0.0,0.0,0.0,0.0
HDT_diesel,power,SK,0,megatkm / hour,0.0,0.0,0.0,0.0,0.0,0.0
HDT_diesel,power,UK,0,megatkm / hour,0.0,0.0,0.0,0.0,0.0,0.0
ICE_diesel,power,AT,0,megapkm / hour,0.0,0.0,0.0,779.0501067777905,779.0501067777905,1779.2112261303464
ICE_diesel,power,BE,0,megapkm / hour,0.0,0.0,0.0,582.01257940508,582.01257940508,1318.8142215761702
ICE_diesel,power,BG,0,megapkm / hour,0.0,0.0,0.0,853.8818770223934,853.8818770223934,1815.1180886934235
ICE_diesel,power,CH,0,megapkm / hour,0.0,0.0,0.0,686.0039363818951,686.0039363818951,1533.7346750215277
ICE_diesel,power,CZ,0,megapkm / hour,0.0,0.0,0.0,585.9616368196394,585.9616368196394,1306.4414691501422
ICE_diesel,power,DE,0,megapkm / hour,0.0,0.0,0.0,595.8127993051603,595.8127993051603,1345.570810268849
ICE_diesel,power,DK,0,megapkm / hour,0.0,0.0,0.0,751.2002153814401,751.2002153814401,1682.3504680866806
ICE_diesel,power,EE,0,megapkm / hour,0.0,0.0,0.0,791.4382475389457,791.4382475389457,1800.9799634839023
ICE_diesel,power,EL,0,megapkm / hour,0.0,0.0,0.0,885.8260073186948,885.8260073186948,1971.5493974781327
ICE_diesel,power,ES,0,megapkm / hour,0.0,0.0,0.0,632.4192859318027,632.4192859318027,1441.5794368945678
ICE_diesel,power,FI,0,megapkm / hour,0.0,0.0,0.0,854.9971733590864,854.9971733590864,1888.2684593434888
ICE_diesel,power,FR,0,megapkm / hour,0.0,0.0,0.0,932.6943780930778,932.6943780930778,2113.5653937020575
ICE_diesel,power,HR,0,megapkm / hour,0.0,0.0,0.0,825.0503507762078,825.0503507762078,1866.7627955381654
ICE_diesel,power,HU,0,megapkm / hour,0.0,0.0,0.0,918.3333045702348,918.3333045702348,2026.6290337995588
ICE_diesel,power,IE,0,megapkm / hour,0.0,0.0,0.0,814.8427053826636,814.8427053826636,1926.9083626717281
ICE_diesel,power,IT,0,megapkm / hour,0.0,0.0,0.0,941.510735037893,941.510735037893,2125.001120334759
ICE_diesel,power,LT,0,megapkm / hour,0.0,0.0,0.0,719.281520883389,719.281520883389,1535.9618067210574
ICE_diesel,power,LU,0,megapkm / hour,0.0,0.0,0.0,839.4529465536298,839.4529465536298,1948.9993988799397
ICE_diesel,power,LV,0,megapkm / hour,0.0,0.0,0.0,873.0457042903035,873.0457042903035,1898.0338052964155
ICE_diesel,power,NL,0,megapkm / hour,0.0,0.0,0.0,602.0954765809211,602.0954765809211,1385.7358922966166
ICE_diesel,power,NO,0,megapkm / hour,0.0,0.0,0.0,831.1457362194669,831.1457362194669,1829.9662339169415
ICE_diesel,power,PL,0,megapkm / hour,0.0,0.0,0.0,784.0775930306281,784.0775930306281,1771.9534894316016
ICE_diesel,power,PT,0,megapkm / hour,0.0,0.0,0.0,609.4856914897155,609.4856914897155,1437.7140575958579
ICE_diesel,power,RO,0,megapkm / hour,0.0,0.0,0.0,907.8289984488301,907.8289984488301,1996.0553535518688
ICE_diesel,power,SE,0,megapkm / hour,0.0,0.0,0.0,780.5812201492663,780.5812201492663,1744.1456148355946
ICE_diesel,power,SI,0,megapkm / hour,0.0,0.0,0.0,647.6117933308169,647.6117933308169,1458.2587301921797
ICE_diesel,power,SK,0,megapkm / hour,0.0,0.0,0.0,132.2399486901695,132.2399486901695,295.79377624664573
ICE_diesel,power,UK,0,megapkm / hour,0.0,0.0,0.0,701.4718559533903,701.4718559533903,1619.8603626718225
ICE_petrol,power,AT,0,megapkm / hour,0.0,0.0,0.0,0.0,0.0,0.0
ICE_petrol,power,BE,0,megapkm / hour,0.0,0.0,0.0,0.0,0.0,0.0
ICE_petrol,power,BG,0,megapkm / hour,0.0,0.0,0.0,0.0,0.0,0.0
ICE_petrol,power,CH,0,megapkm / hour,0.0,0.0,0.0,0.0,0.0,0.0
ICE_petrol,power,CZ,0,megapkm / hour,0.0,0.0,0.0,0.0,0.0,0.0
ICE_petrol,power,DE,0,megapkm / hour,0.0,0.0,0.0,0.0,0.0,0.0
ICE_petrol,power,DK,0,megapkm / hour,0.0,0.0,0.0,0.0,0.0,0.0
ICE_petrol,power,EE,0,megapkm / hour,0.0,0.0,0.0,0.0,0.0,0.0
ICE_petrol,power,EL,0,megapkm / hour,0.0,0.0,0.0,0.0,0.0,0.0
ICE_petrol,power,ES,0,megapkm / hour,0.0,0.0,0.0,0.0,0.0,0.0
ICE_petrol,power,FI,0,megapkm / hour,0.0,0.0,0.0,0.0,0.0,0.0
ICE_petrol,power,FR,0,megapkm / hour,0.0,0.0,0.0,0.0,0.0,0.0
ICE_petrol,power,HR,0,megapkm / hour,0.0,0.0,0.0,0.0,0.0,0.0
ICE_petrol,power,HU,0,megapkm / hour,0.0,0.0,0.0,0.0,0.0,0.0
ICE_petrol,power,IE,0,megapkm / hour,0.0,0.0,0.0,0.0,0.0,0.0
ICE_petrol,power,IT,0,megapkm / hour,0.0,0.0,0.0,0.0,0.0,0.0
ICE_petrol,power,LT,0,megapkm / hour,0.0,0.0,0.0,0.0,0.0,0.0
ICE_petrol,power,LU,0,megapkm / hour,0.0,0.0,0.0,0.0,0.0,0.0
ICE_petrol,power,LV,0,megapkm / hour,0.0,0.0,0.0,0.0,0.0,0.0
ICE_petrol,power,NL,0,megapkm / hour,0.0,0.0,0.0,0.0,0.0,0.0
ICE_petrol,power,NO,0,megapkm / hour,0.0,0.0,0.0,0.0,0.0,0.0
ICE_petrol,power,PL,0,megapkm / hour,0.0,0.0,0.0,0.0,0.0,0.0
ICE_petrol,power,PT,0,megapkm / hour,0.0,0.0,0.0,0.0,0.0,0.0
ICE_petrol,power,RO,0,megapkm / hour,0.0,0.0,0.0,0.0,0.0,0.0
ICE_petrol,power,SE,0,megapkm / hour,0.0,0.0,0.0,0.0,0.0,0.0
ICE_petrol,power,SI,0,megapkm / hour,0.0,0.0,0.0,0.0,0.0,0.0
ICE_petrol,power,SK,0,megapkm / hour,0.0,0.0,0.0,0.0,0.0,0.0
ICE_petrol,power,UK,0,megapkm / hour,0.0,0.0,0.0,0.0,0.0,0.0
NG_DRI,power,AT,0,kilotonproduct / hour,0.31438356163926945,0.0,0.0,0.0,0.0,0.0
NG_DRI,power,BE,0,kilotonproduct / hour,0.3648401826347032,0.0,0.0,0.0,0.0,0.0
NG_DRI,power,BG,0,kilotonproduct / hour,0.030410958904109588,0.0,0.0,0.0,0.0,0.0
NG_DRI,power,CH,0,kilotonproduct / hour,0.0,0.0,0.0,4156.120382354013,4156.120382354013,4156.120382354013
NG_DRI,power,CZ,0,kilotonproduct / hour,0.22552511415525114,0.0,0.0,0.0,0.0,0.0
NG_DRI,power,DE,0,kilotonproduct / hour,1.9422758827283106,0.0,0.0,0.0,0.0,0.0
NG_DRI,power,DK,0,kilotonproduct / hour,0.0,0.0,0.0,4156.120382354013,4156.120382354013,4156.120382354013
NG_DRI,power,EE,0,kilotonproduct / hour,0.0,0.0,0.0,4156.120382354013,4156.120382354013,4156.120382354013
NG_DRI,power,EL,0,kilotonproduct / hour,0.06698630136986303,0.0,0.0,0.0,0.0,0.0
NG_DRI,power,ES,0,kilotonproduct / hour,0.6539269406529682,0.0,0.0,0.0,0.0,0.0
NG_DRI,power,FI,0,kilotonproduct / hour,0.1803652968173516,0.0,0.0,0.0,0.0,0.0
NG_DRI,power,FR,0,kilotonproduct / hour,0.7026484018474886,0.0,0.0,0.0,0.0,0.0
NG_DRI,power,HR,0,kilotonproduct / hour,0.004062646694977169,0.0,0.0,0.0,0.0,0.0
NG_DRI,power,HU,0,kilotonproduct / hour,0.09036529680365298,0.0,0.0,0.0,0.0,0.0
NG_DRI,power,IE,0,kilotonproduct / hour,0.0,0.0,0.0,4156.120382354013,4156.120382354013,4156.120382354013
NG_DRI,power,IT,0,kilotonproduct / hour,1.0958365572831053,0.0,0.0,0.0,0.0,0.0
NG_DRI,power,LT,0,kilotonproduct / hour,0.0,0.0,0.0,4156.120382354013,4156.120382354013,4156.120382354013
NG_DRI,power,LU,0,kilotonproduct / hour,0.10625672246575342,0.0,0.0,0.0,0.0,0.0
NG_DRI,power,LV,0,kilotonproduct / hour,0.0,0.0,0.0,4156.120382354013,4156.120382354013,4156.120382354013
NG_DRI,power,NL,0,kilotonproduct / hour,0.3110958904109589,0.0,0.0,0.0,0.0,0.0
NG_DRI,power,NO,0,kilotonproduct / hour,0.0297124200913242,0.0,0.0,0.0,0.0,0.0
NG_DRI,power,PL,0,kilotonproduct / hour,0.4482648401826484,0.0,0.0,0.0,0.0,0.0
NG_DRI,power,PT,0,kilotonproduct / hour,0.0,0.0,0.0,161.74997094204855,161.74997094204855,161.74997094204855
NG_DRI,power,RO,0,kilotonproduct / hour,0.16210045662100456,0.0,0.0,0.0,0.0,0.0
NG_DRI,power,SE,0,kilotonproduct / hour,0.21246575342922375,0.0,0.0,0.0,0.0,0.0
NG_DRI,power,SI,0,kilotonproduct / hour,0.029863013698630137,0.0,0.0,0.0,0.0,0.0
NG_DRI,power,SK,0,kilotonproduct / hour,0.2342465753424658,0.0,0.0,0.0,0.0,0.0
NG_DRI,power,UK,0,kilotonproduct / hour,0.32876712328767127,0.0,0.0,0.0,0.0,0.0
SMR,power,AT,0,gigawatt,0.0,0.0,0.0,0.0,0.0,0.0
SMR,power,BE,0,gigawatt,0.0,0.0,0.0,63.6221014330136,63.6221014330136,63.6221014330136
SMR,power,BG,0,gigawatt,0.0,0.0,0.0,0.0,0.0,0.0
SMR,power,CH,0,gigawatt,0.0,0.0,0.0,226.41203666577545,226.41203666577545,226.41203666577545
SMR,power,CZ,0,gigawatt,0.0,0.0,0.0,0.0,0.0,0.0
SMR,power,DE,0,gigawatt,0.0,0.0,0.0,0.0,0.0,0.0
SMR,power,DK,0,gigawatt,0.0,0.0,0.0,0.0,0.0,0.0
SMR,power,EE,0,gigawatt,0.0,0.0,0.0,0.0,0.0,0.0
SMR,power,EL,0,gigawatt,0.0,0.0,0.0,0.0,0.0,0.0
SMR,power,ES,0,gigawatt,0.0,0.0,0.0,0.0,0.0,0.0
SMR,power,FI,0,gigawatt,0.0,0.0,0.0,0.0,0.0,0.0
SMR,power,FR,0,gigawatt,0.0,0.0,0.0,0.0,0.0,0.0
SMR,power,HR,0,gigawatt,0.0,0.0,0.0,92.07156742600489,92.07156742600489,92.07156742600489
SMR,power,HU,0,gigawatt,0.0,0.0,0.0,0.0,0.0,0.0
SMR,power,IE,0,gigawatt,0.0,0.0,0.0,208.39607522860456,208.39607522860456,208.39607522860456
SMR,power,IT,0,gigawatt,0.0,0.0,0.0,0.0,0.0,0.0
SMR,power,LT,0,gigawatt,0.0,0.0,0.0,0.0,0.0,0.0
SMR,power,LU,0,gigawatt,0.0,0.0,0.0,0.0,0.0,0.0
SMR,power,LV,0,gigawatt,0.0,0.0,0.0,0.0,0.0,0.0
SMR,power,NL,0,gigawatt,0.0,0.0,0.0,0.0,0.0,0.0
SMR,power,NO,0,gigawatt,5.452105787667692,0.0,0.0,0.0,0.0,0.0
SMR,power,PL,0,gigawatt,0.0,0.0,0.0,0.0,0.0,0.0
SMR,power,PT,0,gigawatt,0.0,0.0,0.0,0.0,0.0,0.0
SMR,power,RO,0,gigawatt,1.6938866960608574,0.0,0.0,0.0,0.0,0.0
SMR,power,SE,0,gigawatt,0.0,0.0,0.0,0.0,0.0,0.0
SMR,power,SI,0,gigawatt,0.0,0.0,0.0,29.926225753934148,29.926225753934148,29.926225753934148
SMR,power,SK,0,gigawatt,0.0,0.0,0.0,0.0,0.0,0.0
SMR,power,UK,0,gigawatt,1.5251347449703228,0.0,0.0,0.0,0.0,0.0
ammonia_ICE_ship,power,AT,0,gigawatt,0.0,0.0,0.0,199.6506434296374,199.6506434296374,441.6514233443495
ammonia_ICE_ship,power,BE,0,gigawatt,0.0,0.0,0.0,285.0145552413734,285.0145552413734,630.4867434127352
ammonia_ICE_ship,power,BG,0,gigawatt,0.0,0.0,0.0,388.7783325152362,388.7783325152362,860.024796170068
ammonia_ICE_ship,power,CH,0,gigawatt,0.0,0.0,0.0,204.56122006755157,204.56122006755157,452.5142140888263
ammonia_ICE_ship,power,CZ,0,gigawatt,0.0,0.0,0.0,0.0,0.0,0.0
ammonia_ICE_ship,power,DE,0,gigawatt,0.0,0.0,0.0,230.03805840632413,230.03805840632413,508.872068595808
ammonia_ICE_ship,power,DK,0,gigawatt,0.0,0.0,0.0,983.0442283220109,983.0442283220109,2174.612989924449
ammonia_ICE_ship,power,EE,0,gigawatt,0.0,0.0,0.0,1014.5226829507236,1014.5226829507236,2244.2471471334193
ammonia_ICE_ship,power,EL,0,gigawatt,0.0,0.0,0.0,393.1318021767266,393.1318021767266,869.6551987545771
ammonia_ICE_ship,power,ES,0,gigawatt,0.0,0.0,0.0,565.9993438300971,565.9993438300971,1252.0591545332454
ammonia_ICE_ship,power,FI,0,gigawatt,0.0,0.0,0.0,680.1874208696984,680.1874208696984,1504.6570219238786
ammonia_ICE_ship,power,FR,0,gigawatt,0.0,0.0,0.0,893.8918640750452,893.8918640750452,1977.3971538629792
ammonia_ICE_ship,power,HR,0,gigawatt,0.0,0.0,0.0,390.1056233636502,390.1056233636502,862.960924410499
ammonia_ICE_ship,power,HU,0,gigawatt,0.0,0.0,0.0,492.6800656189322,492.6800656189322,1089.8680239449109
ammonia_ICE_ship,power,IE,0,gigawatt,0.0,0.0,0.0,1013.0788303609738,1013.0788303609738,2241.053170192458
ammonia_ICE_ship,power,IT,0,gigawatt,0.0,0.0,0.0,317.0475867171556,317.0475867171556,701.3476918288594
ammonia_ICE_ship,power,LT,0,gigawatt,0.0,0.0,0.0,511.4167092984525,511.4167092984525,1131.3157508723345
ammonia_ICE_ship,power,LU,0,gigawatt,0.0,0.0,0.0,0.0,0.0,0.0
ammonia_ICE_ship,power,LV,0,gigawatt,0.0,0.0,0.0,970.711841322749,970.711841322749,2147.3322550472935
ammonia_ICE_ship,power,NL,0,gigawatt,0.0,0.0,0.0,628.8378477551007,628.8378477551007,1391.0655420037078
ammonia_ICE_ship,power,NO,0,gigawatt,0.0,0.0,0.0,859.1991992291323,859.1991992291323,1900.6527740523234
ammonia_ICE_ship,power,PL,0,gigawatt,0.0,0.0,0.0,295.47546953099027,295.47546953099027,653.6275538109786
ammonia_ICE_ship,power,PT,0,gigawatt,0.0,0.0,0.0,653.4288319292059,653.4288319292059,1445.463779722183
ammonia_ICE_ship,power,RO,0,gigawatt,0.0,0.0,0.0,449.28680239307437,449.28680239307437,993.8768658998314
ammonia_ICE_ship,power,SE,0,gigawatt,0.0,0.0,0.0,1015.0561777258367,1015.0561777258367,2245.427302242003
ammonia_ICE_ship,power,SI,0,gigawatt,0.0,0.0,0.0,0.0,0.0,0.0
ammonia_ICE_ship,power,SK,0,gigawatt,0.0,0.0,0.0,600.0,600.0,1327.2727272727275
ammonia_ICE_ship,power,UK,0,gigawatt,0.0,0.0,0.0,932.4284984770023,932.4284984770023,2062.6448602673086
anaerobic_digestion,power,AT,0,gigawatt,0.15689445871385077,0.0,0.0,-1.1368683772161603e-13,-1.1368683772161603e-13,-1.1368683772161603e-13
anaerobic_digestion,power,BE,0,gigawatt,1.0140675577118214,0.0,0.0,-1.1368683772161603e-13,-1.1368683772161603e-13,-1.1368683772161603e-13
anaerobic_digestion,power,BG,0,gigawatt,0.09888531202435308,0.0,0.0,-1.1368683772161603e-13,-1.1368683772161603e-13,-1.1368683772161603e-13
anaerobic_digestion,power,CH,0,gigawatt,0.11660880739472347,0.0,0.0,-1.1368683772161603e-13,-1.1368683772161603e-13,-1.1368683772161603e-13
anaerobic_digestion,power,CZ,0,gigawatt,0.7468914890918316,0.0,0.0,-1.1368683772161603e-13,-1.1368683772161603e-13,-1.1368683772161603e-13
anaerobic_digestion,power,DE,0,gigawatt,2.0379221366057845,0.0,0.0,-1.1368683772161603e-13,-1.1368683772161603e-13,-1.1368683772161603e-13
anaerobic_digestion,power,DK,0,gigawatt,0.761188070776256,0.0,0.0,-1.1368683772161603e-13,-1.1368683772161603e-13,-1.1368683772161603e-13
anaerobic_digestion,power,EE,0,gigawatt,0.14515700944951798,0.0,0.0,-1.1368683772161603e-13,-1.1368683772161603e-13,-1.1368683772161603e-13
anaerobic_digestion,power,EL,0,gigawatt,0.14600220541603248,0.0,0.0,-1.1368683772161603e-13,-1.1368683772161603e-13,-1.1368683772161603e-13
anaerobic_digestion,power,ES,0,gigawatt,1.9488248921867082,0.0,0.0,-1.1368683772161603e-13,-1.1368683772161603e-13,-1.1368683772161603e-13
anaerobic_digestion,power,FI,0,gigawatt,0.1407843385337392,0.0,0.0,-1.1368683772161603e-13,-1.1368683772161603e-13,-1.1368683772161603e-13
anaerobic_digestion,power,FR,0,gigawatt,4.5067727961694555,0.0,0.0,-1.1368683772161603e-13,-1.1368683772161603e-13,-1.1368683772161603e-13
anaerobic_digestion,power,HR,0,gigawatt,0.05763569571283608,0.0,0.0,-1.1368683772161603e-13,-1.1368683772161603e-13,-1.1368683772161603e-13
anaerobic_digestion,power,HU,0,gigawatt,1.1175775193429731,0.0,0.0,-1.1368683772161603e-13,-1.1368683772161603e-13,-1.1368683772161603e-13
anaerobic_digestion,power,IE,0,gigawatt,0.32009979071537303,0.0,0.0,-1.1368683772161603e-13,-1.1368683772161603e-13,-1.1368683772161603e-13
anaerobic_digestion,power,IT,0,gigawatt,2.0222899701927957,0.0,0.0,-1.1368683772161603e-13,-1.1368683772161603e-13,-1.1368683772161603e-13
anaerobic_digestion,power,LT,0,gigawatt,0.29458693080923387,0.0,0.0,-1.1368683772161603e-13,-1.1368683772161603e-13,-1.1368683772161603e-13
anaerobic_digestion,power,LU,0,gigawatt,0.02654449010654485,0.0,0.0,-1.1368683772161603e-13,-1.1368683772161603e-13,-1.1368683772161603e-13
anaerobic_digestion,power,LV,0,gigawatt,0.14785093860984266,0.0,0.0,-1.1368683772161603e-13,-1.1368683772161603e-13,-1.1368683772161603e-13
anaerobic_digestion,power,NL,0,gigawatt,0.8609748763318111,0.0,0.0,-1.1368683772161603e-13,-1.1368683772161603e-13,-1.1368683772161603e-13
anaerobic_digestion,power,NO,0,gigawatt,0.10403838787417553,0.0,0.0,-1.1368683772161603e-13,-1.1368683772161603e-13,-1.1368683772161603e-13
anaerobic_digestion,power,PL,0,gigawatt,1.669580599949264,0.0,0.0,-1.1368683772161603e-13,-1.1368683772161603e-13,-1.1368683772161603e-13
anaerobic_digestion,power,PT,0,gigawatt,0.4267136003297819,0.0,0.0,-1.1368683772161603e-13,-1.1368683772161603e-13,-1.1368683772161603e-13
anaerobic_digestion,power,RO,0,gigawatt,0.368841447869102,0.0,0.0,-1.1368683772161603e-13,-1.1368683772161603e-13,-1.1368683772161603e-13
anaerobic_digestion,power,SE,0,gigawatt,0.3478049419710806,0.0,0.0,-1.1368683772161603e-13,-1.1368683772161603e-13,-1.1368683772161603e-13
anaerobic_digestion,power,SI,0,gigawatt,0.027594823376458646,0.0,0.0,-1.1368683772161603e-13,-1.1368683772161603e-13,-1.1368683772161603e-13
anaerobic_digestion,power,SK,0,gigawatt,0.21638725900558092,0.0,0.0,-1.1368683772161603e-13,-1.1368683772161603e-13,-1.1368683772161603e-13
anaerobic_digestion,power,UK,0,gigawatt,2.825875461377474,0.0,0.0,-1.1368683772161603e-13,-1.1368683772161603e-13,-1.1368683772161603e-13
biomass_boiler,power,AT,0,gigawatt,0.0,0.0,0.0,702.4692369911979,702.4692369911979,1983.1266340582154
biomass_boiler,power,BE,0,gigawatt,0.0,0.0,0.0,713.4272841614952,713.4272841614952,2082.2242097192507
biomass_boiler,power,BG,0,gigawatt,0.0,0.0,0.0,554.4868368920439,554.4868368920439,1806.6745045740156
biomass_boiler,power,CH,0,gigawatt,0.0,0.0,0.0,713.4272841614952,713.4272841614952,2120.1028033243474
biomass_boiler,power,CZ,0,gigawatt,0.0,0.0,0.0,554.4868368920439,554.4868368920439,1688.4954873673887
biomass_boiler,power,DE,0,gigawatt,0.0,0.0,0.0,554.4868368920439,554.4868368920439,1737.0171430266655
biomass_boiler,power,DK,0,gigawatt,0.0,0.0,0.0,713.4272841614952,713.4272841614952,1920.762977262886
biomass_boiler,power,EE,0,gigawatt,0.0,0.0,0.0,554.4868368920439,554.4868368920439,1889.701347142365
biomass_boiler,power,EL,0,gigawatt,0.0,0.0,0.0,713.4272841614952,713.4272841614952,2956.8862116764476
biomass_boiler,power,ES,0,gigawatt,0.0,0.0,0.0,701.0375254303615,701.0375254303615,1897.0623248782726
biomass_boiler,power,FI,0,gigawatt,0.0,0.0,0.0,713.4272841614952,713.4272841614952,2004.3918777857716
biomass_boiler,power,FR,0,gigawatt,0.0,0.0,0.0,0.0,0.0,0.0
biomass_boiler,power,HR,0,gigawatt,0.0,0.0,0.0,713.4272841614952,713.4272841614952,1884.7749020208385
biomass_boiler,power,HU,0,gigawatt,0.0,0.0,0.0,408.7902563552017,408.7902563552017,1213.7799210462676
biomass_boiler,power,IE,0,gigawatt,0.0,0.0,0.0,713.4272841614952,713.4272841614952,2033.1965151988786
biomass_boiler,power,IT,0,gigawatt,0.0,0.0,0.0,546.207819271355,546.207819271355,1765.2565202702951
biomass_boiler,power,LT,0,gigawatt,0.0,0.0,0.0,554.4868368920439,554.4868368920439,1563.709223337138
biomass_boiler,power,LU,0,gigawatt,0.0,0.0,0.0,0.0,0.0,0.0
biomass_boiler,power,LV,0,gigawatt,0.0,0.0,0.0,713.4272841614952,713.4272841614952,2147.89655937934
biomass_boiler,power,NL,0,gigawatt,0.0,0.0,0.0,569.563647595828,569.563647595828,1851.1849175755003
biomass_boiler,power,NO,0,gigawatt,0.0,0.0,0.0,713.4272841614952,713.4272841614952,1951.1568744654605
biomass_boiler,power,PL,0,gigawatt,0.0,0.0,0.0,713.4272841614952,713.4272841614952,2146.9292058103565
biomass_boiler,power,PT,0,gigawatt,0.0,0.0,0.0,554.4868368920439,554.4868368920439,1451.6839006280284
biomass_boiler,power,RO,0,gigawatt,0.0,0.0,0.0,554.4868368920439,554.4868368920439,1823.5369503537902
biomass_boiler,power,SE,0,gigawatt,0.0,0.0,0.0,713.4272841614952,713.4272841614952,1846.9596148307928
biomass_boiler,power,SI,0,gigawatt,0.0,0.0,0.0,713.4272841614952,713.4272841614952,2097.7844680162134
biomass_boiler,power,SK,0,gigawatt,0.0,0.0,0.0,554.4868368920439,554.4868368920439,1787.5223522034687
biomass_boiler,power,UK,0,gigawatt,0.0,0.0,0.0,713.4272841614952,713.4272841614952,2017.4771874038527
biomass_boiler_DH,power,AT,0,gigawatt,0.0,0.0,0.0,713.3544097254695,713.3544097254695,905.5194124839056
biomass_boiler_DH,power,BE,0,gigawatt,0.0,0.0,0.0,0.0,0.0,0.0
biomass_boiler_DH,power,BG,0,gigawatt,0.0,0.0,0.0,0.0,0.0,0.0
biomass_boiler_DH,power,CH,0,gigawatt,0.0,0.0,0.0,470.8637983852024,470.8637983852024,540.0173893415526
biomass_boiler_DH,power,CZ,0,gigawatt,0.0,0.0,0.0,472.25420006692053,472.25420006692053,612.7094937648534
biomass_boiler_DH,power,DE,0,gigawatt,0.0,0.0,0.0,473.75482088020806,473.75482088020806,557.6138600206858
biomass_boiler_DH,power,DK,0,gigawatt,0.0,0.0,0.0,0.0,0.0,0.0
biomass_boiler_DH,power,EE,0,gigawatt,0.0,0.0,0.0,0.0,0.0,0.0
biomass_boiler_DH,power,EL,0,gigawatt,0.0,0.0,0.0,237.30122668877868,237.30122668877868,285.43210269306024
biomass_boiler_DH,power,ES,0,gigawatt,0.0,0.0,0.0,713.3544097254695,713.3544097254695,770.5311419819204
biomass_boiler_DH,power,FI,0,gigawatt,0.0,0.0,0.0,448.1674755237568,448.1674755237568,571.8377088331948
biomass_boiler_DH,power,FR,0,gigawatt,0.0,0.0,0.0,651.5302974816321,651.5302974816321,796.5223998510148
biomass_boiler_DH,power,HR,0,gigawatt,0.0,0.0,0.0,0.0,0.0,0.0
biomass_boiler_DH,power,HU,0,gigawatt,0.0,0.0,0.0,479.7174101350113,479.7174101350113,649.0555095489719
biomass_boiler_DH,power,IE,0,gigawatt,0.0,0.0,0.0,298.717739594764,298.717739594764,400.98370241429404
biomass_boiler_DH,power,IT,0,gigawatt,0.0,0.0,0.0,558.7217586851735,558.7217586851735,644.2817256517035
biomass_boiler_DH,power,LT,0,gigawatt,0.0,0.0,0.0,0.0,0.0,0.0
biomass_boiler_DH,power,LU,0,gigawatt,0.0,0.0,0.0,475.9279931445118,475.9279931445118,720.1611072513689
biomass_boiler_DH,power,LV,0,gigawatt,0.0,0.0,0.0,713.3544097254695,713.3544097254695,888.3222849791351
biomass_boiler_DH,power,NL,0,gigawatt,0.0,0.0,0.0,0.0,0.0,0.0
biomass_boiler_DH,power,NO,0,gigawatt,0.0,0.0,0.0,0.0,0.0,0.0
biomass_boiler_DH,power,PL,0,gigawatt,0.0,0.0,0.0,474.49319125382823,474.49319125382823,630.0699507828461
biomass_boiler_DH,power,PT,0,gigawatt,0.0,0.0,0.0,0.0,0.0,0.0
biomass_boiler_DH,power,RO,0,gigawatt,0.0,0.0,0.0,0.0,0.0,0.0
biomass_boiler_DH,power,SE,0,gigawatt,0.0,0.0,0.0,357.7109871952556,357.7109871952556,417.1069859374112
biomass_boiler_DH,power,SI,0,gigawatt,0.0,0.0,0.0,0.0,0.0,0.0
biomass_boiler_DH,power,SK,0,gigawatt,0.0,0.0,0.0,463.526913466156,463.526913466156,691.2293941857771
biomass_boiler_DH,power,UK,0,gigawatt,0.0,0.0,0.0,0.0,0.0,0.0
biomass_plant,power,AT,0,gigawatt,1.011316738828613,0.0,0.0,0.0,0.0,0.0
biomass_plant,power,BE,0,gigawatt,1.173903342631272,0.0,0.0,0.0,0.0,0.0
biomass_plant,power,BG,0,gigawatt,0.5414015610060137,0.0,0.0,0.0,0.0,0.0
biomass_plant,power,CH,0,gigawatt,0.8492680195048319,0.0,0.0,0.0,0.0,0.0
biomass_plant,power,CZ,0,gigawatt,0.9894646182103743,0.0,0.0,0.0,0.0,0.0
biomass_plant,power,DE,0,gigawatt,5.711487030850939,0.0,0.0,0.0,0.0,0.0
biomass_plant,power,DK,0,gigawatt,0.8098437248031565,0.0,0.0,0.0,0.0,0.0
biomass_plant,power,EE,0,gigawatt,0.17449637004843746,0.0,0.0,0.0,0.0,0.0
biomass_plant,power,EL,0,gigawatt,0.4844710669080607,0.0,0.0,0.0,0.0,0.0
biomass_plant,power,ES,0,gigawatt,2.275702063300411,0.0,0.0,0.0,0.0,0.0
biomass_plant,power,FI,0,gigawatt,1.2177280095919036,0.0,0.0,0.0,0.0,0.0
biomass_plant,power,FR,0,gigawatt,6.68505848572478,0.0,0.0,0.0,0.0,0.0
biomass_plant,power,HR,0,gigawatt,0.18256785634331793,0.0,0.0,0.0,0.0,0.0
biomass_plant,power,HU,0,gigawatt,1.0528427331542562,0.0,0.0,0.0,0.0,0.0
biomass_plant,power,IE,0,gigawatt,0.1752229694244854,0.0,0.0,0.0,0.0,0.0
biomass_plant,power,IT,0,gigawatt,1.9798074940536183,0.0,0.0,0.0,0.0,0.0
biomass_plant,power,LT,0,gigawatt,0.4613051134661879,0.0,0.0,0.0,0.0,0.0
biomass_plant,power,LU,0,gigawatt,0.020090478535292736,0.0,0.0,0.0,0.0,0.0
biomass_plant,power,LV,0,gigawatt,0.4774028677587621,0.0,0.0,0.0,0.0,0.0
biomass_plant,power,NL,0,gigawatt,1.0505735249293773,0.0,0.0,0.0,0.0,0.0
biomass_plant,power,NO,0,gigawatt,1.476631600920515,0.0,0.0,0.0,0.0,0.0
biomass_plant,power,PL,0,gigawatt,2.1123743006005498,0.0,0.0,0.0,0.0,0.0
biomass_plant,power,PT,0,gigawatt,0.4822272777553158,0.0,0.0,0.0,0.0,0.0
biomass_plant,power,RO,0,gigawatt,1.7971157773062405,0.0,0.0,0.0,0.0,0.0
biomass_plant,power,SE,0,gigawatt,2.890301788848656,0.0,0.0,0.0,0.0,0.0
biomass_plant,power,SI,0,gigawatt,0.11830103607983974,0.0,0.0,0.0,0.0,0.0
biomass_plant,power,SK,0,gigawatt,0.40801022006252763,0.0,0.0,0.0,0.0,0.0
biomass_plant,power,UK,0,gigawatt,0.19862880724059417,0.0,0.0,0.0,0.0,0.0
biomass_to_cement_fuel,power,AT,0,gigawatt,0.0,0.0,0.0,1427.6432432432432,1427.6432432432432,1427.6432432432432
biomass_to_cement_fuel,power,BE,0,gigawatt,0.0,0.0,0.0,1427.6432432432432,1427.6432432432432,1427.6432432432432
biomass_to_cement_fuel,power,BG,0,gigawatt,0.0,0.0,0.0,1427.6432432432432,1427.6432432432432,1427.6432432432432
biomass_to_cement_fuel,power,CH,0,gigawatt,0.0,0.0,0.0,1427.6432432432432,1427.6432432432432,1427.6432432432432
biomass_to_cement_fuel,power,CZ,0,gigawatt,0.0,0.0,0.0,1271.9553269362689,1271.9553269362689,1271.9553269362689
biomass_to_cement_fuel,power,DE,0,gigawatt,0.0,0.0,0.0,1427.6432432432432,1427.6432432432432,1427.6432432432432
biomass_to_cement_fuel,power,DK,0,gigawatt,0.0,0.0,0.0,1267.848862487665,1267.848862487665,1267.848862487665
biomass_to_cement_fuel,power,EE,0,gigawatt,0.0,0.0,0.0,1247.7706694956246,1247.7706694956246,1247.7706694956246
biomass_to_cement_fuel,power,EL,0,gigawatt,0.0,0.0,0.0,1308.6988817399147,1308.6988817399147,1308.6988817399147
biomass_to_cement_fuel,power,ES,0,gigawatt,0.0,0.0,0.0,1372.8370720598348,1372.8370720598348,1372.8370720598348
biomass_to_cement_fuel,power,FI,0,gigawatt,0.0,0.0,0.0,1427.6432432432432,1427.6432432432432,1427.6432432432432
biomass_to_cement_fuel,power,FR,0,gigawatt,0.0,0.0,0.0,1217.3543829401408,1217.3543829401408,1217.3543829401408
biomass_to_cement_fuel,power,HR,0,gigawatt,0.0,0.0,0.0,1427.6432432432432,1427.6432432432432,1427.6432432432432
biomass_to_cement_fuel,power,HU,0,gigawatt,0.0,0.0,0.0,1427.6432432432432,1427.6432432432432,1427.6432432432432
biomass_to_cement_fuel,power,IE,0,gigawatt,0.0,0.0,0.0,1364.557449745019,1364.557449745019,1364.557449745019
biomass_to_cement_fuel,power,IT,0,gigawatt,0.0,0.0,0.0,1324.9398170933969,1324.9398170933969,1324.9398170933969
biomass_to_cement_fuel,power,LT,0,gigawatt,0.0,0.0,0.0,1211.2088707906278,1211.2088707906278,1211.2088707906278
biomass_to_cement_fuel,power,LU,0,gigawatt,0.0,0.0,0.0,1427.6432432432432,1427.6432432432432,1427.6432432432432
biomass_to_cement_fuel,power,LV,0,gigawatt,0.0,0.0,0.0,732.8679618662754,732.8679618662754,732.8679618662754
biomass_to_cement_fuel,power,NL,0,gigawatt,0.0,0.0,0.0,1427.6432432432432,1427.6432432432432,1427.6432432432432
biomass_to_cement_fuel,power,NO,0,gigawatt,0.0,0.0,0.0,1427.6432432432432,1427.6432432432432,1427.6432432432432
biomass_to_cement_fuel,power,PL,0,gigawatt,0.0,0.0,0.0,1427.6432432432432,1427.6432432432432,1427.6432432432432
biomass_to_cement_fuel,power,PT,0,gigawatt,0.0,0.0,0.0,1367.8481464081349,1367.8481464081349,1367.8481464081349
biomass_to_cement_fuel,power,RO,0,gigawatt,0.0,0.0,0.0,1427.6432432432432,1427.6432432432432,1427.6432432432432
biomass_to_cement_fuel,power,SE,0,gigawatt,0.0,0.0,0.0,1427.6432432432432,1427.6432432432432,1427.6432432432432
biomass_to_cement_fuel,power,SI,0,gigawatt,0.0,0.0,0.0,1426.8725589437672,1426.8725589437672,1426.8725589437672
biomass_to_cement_fuel,power,SK,0,gigawatt,0.0,0.0,0.0,1291.865258097169,1291.865258097169,1291.865258097169
biomass_to_cement_fuel,power,UK,0,gigawatt,0.0,0.0,0.0,1427.6432432432432,1427.6432432432432,1427.6432432432432
biomethane_conversion,power,AT,0,gigawatt,0.1554039613560692,0.0,0.0,0.0,0.0,0.0
biomethane_conversion,power,BE,0,gigawatt,1.0044339159135591,0.0,0.0,0.0,0.0,0.0
biomethane_conversion,power,BG,0,gigawatt,0.09794590156012173,0.0,0.0,0.0,0.0,0.0
biomethane_conversion,power,CH,0,gigawatt,0.1155010237244736,0.0,0.0,0.0,0.0,0.0
biomethane_conversion,power,CZ,0,gigawatt,0.7397960199454592,0.0,0.0,0.0,0.0,0.0
biomethane_conversion,power,DE,0,gigawatt,2.0185618763080297,0.0,0.0,0.0,0.0,0.0
biomethane_conversion,power,DK,0,gigawatt,0.7539567841038817,0.0,0.0,0.0,0.0,0.0
biomethane_conversion,power,EE,0,gigawatt,0.14377801785974756,0.0,0.0,0.0,0.0,0.0
biomethane_conversion,power,EL,0,gigawatt,0.1446151844645802,0.0,0.0,0.0,0.0,0.0
biomethane_conversion,power,ES,0,gigawatt,1.9303110557109346,0.0,0.0,0.0,0.0,0.0
biomethane_conversion,power,FI,0,gigawatt,0.1394468873176687,0.0,0.0,0.0,0.0,0.0
biomethane_conversion,power,FR,0,gigawatt,4.463958454605846,0.0,0.0,0.0,0.0,0.0
biomethane_conversion,power,HR,0,gigawatt,0.057088156603564144,0.0,0.0,0.0,0.0,0.0
biomethane_conversion,power,HU,0,gigawatt,1.106960532909215,0.0,0.0,0.0,0.0,0.0
biomethane_conversion,power,IE,0,gigawatt,0.317058842703577,0.0,0.0,0.0,0.0,0.0
biomethane_conversion,power,IT,0,gigawatt,2.003078215475964,0.0,0.0,0.0,0.0,0.0
biomethane_conversion,power,LT,0,gigawatt,0.29178835496654615,0.0,0.0,0.0,0.0,0.0
biomethane_conversion,power,LU,0,gigawatt,0.026292317450532676,0.0,0.0,0.0,0.0,0.0
biomethane_conversion,power,LV,0,gigawatt,0.14644635469304917,0.0,0.0,0.0,0.0,0.0
biomethane_conversion,power,NL,0,gigawatt,0.852795615006659,0.0,0.0,0.0,0.0,0.0
biomethane_conversion,power,NO,0,gigawatt,0.10305002318937087,0.0,0.0,0.0,0.0,0.0
biomethane_conversion,power,PL,0,gigawatt,1.653719584249746,0.0,0.0,0.0,0.0,0.0
biomethane_conversion,power,PT,0,gigawatt,0.42265982112664896,0.0,0.0,0.0,0.0,0.0
biomethane_conversion,power,RO,0,gigawatt,0.36533745411434554,0.0,0.0,0.0,0.0,0.0
biomethane_conversion,power,SE,0,gigawatt,0.3445007950223553,0.0,0.0,0.0,0.0,0.0
biomethane_conversion,power,SI,0,gigawatt,0.02733267255438229,0.0,0.0,0.0,0.0,0.0
biomethane_conversion,power,SK,0,gigawatt,0.21433158004502792,0.0,0.0,0.0,0.0,0.0
biomethane_conversion,power,UK,0,gigawatt,2.799029644494388,0.0,0.0,0.0,0.0,0.0
carbon_storage,power,AT,0,kilotCO2eq / hour,0.0,0.0,0.0,-4423.324731440629,-4423.324731440629,-4423.324731440629
carbon_storage,power,BE,0,kilotCO2eq / hour,0.0,0.0,0.0,-2745.9557705509706,-2745.9557705509706,-2745.9557705509706
carbon_storage,power,BG,0,kilotCO2eq / hour,0.0,0.0,0.0,-4020.6000323221224,-4020.6000323221224,-4020.6000323221224
carbon_storage,power,CH,0,kilotCO2eq / hour,0.0,0.0,0.0,-4310.552723736333,-4310.552723736333,-4310.552723736333
carbon_storage,power,CZ,0,kilotCO2eq / hour,0.0,0.0,0.0,-3961.800310818964,-3961.800310818964,-3961.800310818964
carbon_storage,power,DE,0,kilotCO2eq / hour,2.142949339511181,0.0,0.0,0.0,0.0,0.0
carbon_storage,power,DK,0,kilotCO2eq / hour,0.8261859492044535,0.0,0.0,0.0,0.0,0.0
carbon_storage,power,EE,0,kilotCO2eq / hour,0.0,0.0,0.0,-2449.4186175558525,-2449.4186175558525,-2449.4186175558525
carbon_storage,power,EL,0,kilotCO2eq / hour,0.0,0.0,0.0,-4927.458318320046,-4927.458318320046,-4927.458318320046
carbon_storage,power,ES,0,kilotCO2eq / hour,0.0,0.0,0.0,-5127.671371703961,-5127.671371703961,-5127.671371703961
carbon_storage,power,FI,0,kilotCO2eq / hour,0.0,0.0,0.0,-914.6559681566449,-914.6559681566449,-914.6559681566449
carbon_storage,power,FR,0,kilotCO2eq / hour,0.0,0.0,0.0,-3303.3889773774526,-3303.3889773774526,-3303.3889773774526
carbon_storage,power,HR,0,kilotCO2eq / hour,0.0,0.0,0.0,-5023.793312276514,-5023.793312276514,-5023.793312276514
carbon_storage,power,HU,0,kilotCO2eq / hour,0.0,0.0,0.0,-4299.103024825327,-4299.103024825327,-4299.103024825327
carbon_storage,power,IE,0,kilotCO2eq / hour,0.0,0.0,0.0,-2160.124088254914,-2160.124088254914,-2160.124088254914
carbon_storage,power,IT,0,kilotCO2eq / hour,2.0322102771660537,0.0,0.0,0.0,0.0,0.0
carbon_storage,power,LT,0,kilotCO2eq / hour,0.0,0.0,0.0,-2525.5319624795993,-2525.5319624795993,-2525.5319624795993
carbon_storage,power,LU,0,kilotCO2eq / hour,0.0,0.0,0.0,-3045.6261430112445,-3045.6261430112445,-3045.6261430112445
carbon_storage,power,LV,0,kilotCO2eq / hour,0.0,0.0,0.0,-2905.259677223198,-2905.259677223198,-2905.259677223198
carbon_storage,power,NL,0,kilotCO2eq / hour,7.301391500456266,0.0,0.0,0.0,0.0,0.0
carbon_storage,power,NO,0,kilotCO2eq / hour,18.854525551296003,0.0,0.0,0.0,0.0,0.0
carbon_storage,power,PL,0,kilotCO2eq / hour,2.014043582911733,0.0,0.0,0.0,0.0,0.0
carbon_storage,power,PT,0,kilotCO2eq / hour,0.0,0.0,0.0,-5935.107963656264,-5935.107963656264,-5935.107963656264
carbon_storage,power,RO,0,kilotCO2eq / hour,4.756745332312152,0.0,0.0,0.0,0.0,0.0
carbon_storage,power,SE,0,kilotCO2eq / hour,0.0,0.0,0.0,-542.2483706369195,-542.2483706369195,-542.2483706369195
carbon_storage,power,SI,0,kilotCO2eq / hour,0.0,0.0,0.0,-4825.882992967074,-4825.882992967074,-4825.882992967074
carbon_storage,power,SK,0,kilotCO2eq / hour,0.0,0.0,0.0,-3942.9350772380594,-3942.9350772380594,-3942.9350772380594
carbon_storage,power,UK,0,kilotCO2eq / hour,21.84417561034247,0.0,0.0,0.0,0.0,0.0
cement_kiln,power,AT,0,kilotonproduct / hour,0.3367076000742009,0.0,0.0,0.0,0.0,0.0
cement_kiln,power,BE,0,kilotonproduct / hour,0.4425370337100457,0.0,0.0,0.0,0.0,0.0
cement_kiln,power,BG,0,kilotonproduct / hour,0.19655256432990864,0.0,0.0,0.0,0.0,0.0
cement_kiln,power,CH,0,kilotonproduct / hour,0.3340182648401826,0.0,0.0,0.0,0.0,0.0
cement_kiln,power,CZ,0,kilotonproduct / hour,0.34114804235502283,0.0,0.0,0.0,0.0,0.0
cement_kiln,power,DE,0,kilotonproduct / hour,2.514948384626712,0.0,0.0,0.0,0.0,0.0
cement_kiln,power,DK,0,kilotonproduct / hour,0.2745623339155252,0.0,0.0,0.0,0.0,0.0
cement_kiln,power,EE,0,kilotonproduct / hour,0.0625853173869863,0.0,0.0,0.0,0.0,0.0
cement_kiln,power,EL,0,kilotonproduct / hour,0.7180501594303654,0.0,0.0,0.0,0.0,0.0
cement_kiln,power,ES,0,kilotonproduct / hour,1.8542531636872148,0.0,0.0,0.0,0.0,0.0
cement_kiln,power,FI,0,kilotonproduct / hour,0.11017353303881278,0.0,0.0,0.0,0.0,0.0
cement_kiln,power,FR,0,kilotonproduct / hour,1.2657015711259132,0.0,0.0,0.0,0.0,0.0
cement_kiln,power,HR,0,kilotonproduct / hour,0.2431364118550228,0.0,0.0,0.0,0.0,0.0
cement_kiln,power,HU,0,kilotonproduct / hour,0.16469677051940637,0.0,0.0,0.0,0.0,0.0
cement_kiln,power,IE,0,kilotonproduct / hour,0.3545178717579908,0.0,0.0,0.0,0.0,0.0
cement_kiln,power,IT,0,kilotonproduct / hour,1.4926717498926942,0.0,0.0,0.0,0.0,0.0
cement_kiln,power,LT,0,kilotonproduct / hour,0.1035084415981735,0.0,0.0,0.0,0.0,0.0
cement_kiln,power,LU,0,kilotonproduct / hour,0.0760712499086758,0.0,0.0,0.0,0.0,0.0
cement_kiln,power,LV,0,kilotonproduct / hour,0.08656327102739725,0.0,0.0,0.0,0.0,0.0
cement_kiln,power,NL,0,kilotonproduct / hour,0.0,0.0,0.0,0.001,0.001,0.001
cement_kiln,power,NO,0,kilotonproduct / hour,0.14223744292237445,0.0,0.0,0.0,0.0,0.0
cement_kiln,power,PL,0,kilotonproduct / hour,1.2984260901643836,0.0,0.0,0.0,0.0,0.0
cement_kiln,power,PT,0,kilotonproduct / hour,0.5132842721920091,0.0,0.0,0.0,0.0,0.0
cement_kiln,power,RO,0,kilotonproduct / hour,0.6760166488002283,0.0,0.0,0.0,0.0,0.0
cement_kiln,power,SE,0,kilotonproduct / hour,0.25970178893949764,0.0,0.0,0.0,0.0,0.0
cement_kiln,power,SI,0,kilotonproduct / hour,0.0794201206538242,0.0,0.0,0.0,0.0,0.0
cement_kiln,power,SK,0,kilotonproduct / hour,0.26727380245776255,0.0,0.0,0.0,0.0,0.0
cement_kiln,power,UK,0,kilotonproduct / hour,0.7198173515981735,0.0,0.0,0.0,0.0,0.0
coal_to_cement_fuel,power,AT,0,gigawatt,0.0,0.0,0.0,846.8796703451694,846.8796703451694,846.8796703451694
coal_to_cement_fuel,power,BE,0,gigawatt,0.0,0.0,0.0,839.1290660243959,839.1290660243959,839.1290660243959
coal_to_cement_fuel,power,BG,0,gigawatt,0.0,0.0,0.0,850.2487313754655,850.2487313754655,850.2487313754655
coal_to_cement_fuel,power,CH,0,gigawatt,0.0,0.0,0.0,26.49334274281523,26.49334274281523,26.49334274281523
coal_to_cement_fuel,power,CZ,0,gigawatt,0.0,0.0,0.0,810.8292663108782,810.8292663108782,810.8292663108782
coal_to_cement_fuel,power,DE,0,gigawatt,0.0,0.0,0.0,758.7559569849327,758.7559569849327,758.7559569849327
coal_to_cement_fuel,power,DK,0,gigawatt,0.0,0.0,0.0,162.80705887918043,162.80705887918043,162.80705887918043
coal_to_cement_fuel,power,EE,0,gigawatt,0.0,0.0,0.0,0.0,0.0,0.0
coal_to_cement_fuel,power,EL,0,gigawatt,0.0,0.0,0.0,699.7371906074669,699.7371906074669,699.7371906074669
coal_to_cement_fuel,power,ES,0,gigawatt,0.0,0.0,0.0,1338.1453298069864,1338.1453298069864,1338.1453298069864
coal_to_cement_fuel,power,FI,0,gigawatt,0.0,0.0,0.0,1252.8383437250222,1252.8383437250222,1252.8383437250222
coal_to_cement_fuel,power,FR,0,gigawatt,0.0,0.0,0.0,1017.7615176999568,1017.7615176999568,1017.7615176999568
coal_to_cement_fuel,power,HR,0,gigawatt,0.0,0.0,0.0,768.8133264740098,768.8133264740098,768.8133264740098
coal_to_cement_fuel,power,HU,0,gigawatt,0.0,0.0,0.0,765.6701081906126,765.6701081906126,765.6701081906126
coal_to_cement_fuel,power,IE,0,gigawatt,0.0,0.0,0.0,383.97987063963285,383.97987063963285,383.97987063963285
coal_to_cement_fuel,power,IT,0,gigawatt,0.0,0.0,0.0,921.3131769450354,921.3131769450354,921.3131769450354
coal_to_cement_fuel,power,LT,0,gigawatt,0.0,0.0,0.0,0.0,0.0,0.0
coal_to_cement_fuel,power,LU,0,gigawatt,0.0,0.0,0.0,843.5725113264821,843.5725113264821,843.5725113264821
coal_to_cement_fuel,power,LV,0,gigawatt,0.0,0.0,0.0,0.0,0.0,0.0
coal_to_cement_fuel,power,NL,0,gigawatt,0.0,0.0,0.0,1363.7189189189187,1363.7189189189187,1363.7189189189187
coal_to_cement_fuel,power,NO,0,gigawatt,0.0,0.0,0.0,1307.8123571790886,1307.8123571790886,1307.8123571790886
coal_to_cement_fuel,power,PL,0,gigawatt,0.0,0.0,0.0,753.7656334605873,753.7656334605873,753.7656334605873
coal_to_cement_fuel,power,PT,0,gigawatt,0.0,0.0,0.0,1339.2008872173465,1339.2008872173465,1339.2008872173465
coal_to_cement_fuel,power,RO,0,gigawatt,0.0,0.0,0.0,854.8437780732345,854.8437780732345,854.8437780732345
coal_to_cement_fuel,power,SE,0,gigawatt,0.0,0.0,0.0,1246.671875172579,1246.671875172579,1246.671875172579
coal_to_cement_fuel,power,SI,0,gigawatt,0.0,0.0,0.0,846.6619040532223,846.6619040532223,846.6619040532223
coal_to_cement_fuel,power,SK,0,gigawatt,0.0,0.0,0.0,742.7850919633476,742.7850919633476,742.7850919633476
coal_to_cement_fuel,power,UK,0,gigawatt,0.0,0.0,0.0,1055.9738918981664,1055.9738918981664,1055.9738918981664
diesel_ICE_ship,power,AT,0,gigawatt,0.0,0.0,0.0,636.7831868091527,636.7831868091527,1408.6415950626713
diesel_ICE_ship,power,BE,0,gigawatt,0.0,0.0,0.0,460.0,460.0,1017.5757575757577
diesel_ICE_ship,power,BG,0,gigawatt,0.0,0.0,0.0,636.7831868091527,636.7831868091527,1408.6415950626713
diesel_ICE_ship,power,CH,0,gigawatt,0.0,0.0,0.0,636.7831868091527,636.7831868091527,1408.6415950626713
diesel_ICE_ship,power,CZ,0,gigawatt,0.0,0.0,0.0,636.7831868091527,636.7831868091527,1408.6415950626713
diesel_ICE_ship,power,DE,0,gigawatt,0.0,0.0,0.0,611.4709798093595,611.4709798093595,1352.647925032826
diesel_ICE_ship,power,DK,0,gigawatt,0.0,0.0,0.0,636.7831868091527,636.7831868091527,1408.6415950626713
diesel_ICE_ship,power,EE,0,gigawatt,0.0,0.0,0.0,636.7831868091527,636.7831868091527,1408.6415950626713
diesel_ICE_ship,power,EL,0,gigawatt,0.0,0.0,0.0,460.0,460.0,1017.5757575757577
diesel_ICE_ship,power,ES,0,gigawatt,0.0,0.0,0.0,0.0,0.0,0.0
diesel_ICE_ship,power,FI,0,gigawatt,0.0,0.0,0.0,636.7831868091527,636.7831868091527,1408.6415950626713
diesel_ICE_ship,power,FR,0,gigawatt,0.0,0.0,0.0,460.0,460.0,1017.5757575757577
diesel_ICE_ship,power,HR,0,gigawatt,0.0,0.0,0.0,0.0,0.0,0.0
diesel_ICE_ship,power,HU,0,gigawatt,0.0,0.0,0.0,636.7831868091527,636.7831868091527,1408.6415950626713
diesel_ICE_ship,power,IE,0,gigawatt,0.0,0.0,0.0,636.7831868091527,636.7831868091527,1408.6415950626713
diesel_ICE_ship,power,IT,0,gigawatt,0.0,0.0,0.0,0.0,0.0,0.0
diesel_ICE_ship,power,LT,0,gigawatt,0.0,0.0,0.0,636.7831868091527,636.7831868091527,1408.6415950626713
diesel_ICE_ship,power,LU,0,gigawatt,0.0,0.0,0.0,460.0,460.0,1017.5757575757577
diesel_ICE_ship,power,LV,0,gigawatt,0.0,0.0,0.0,0.0,0.0,0.0
diesel_ICE_ship,power,NL,0,gigawatt,0.0,0.0,0.0,636.7831868091527,636.7831868091527,1408.6415950626713
diesel_ICE_ship,power,NO,0,gigawatt,0.0,0.0,0.0,636.7831868091527,636.7831868091527,1408.6415950626713
diesel_ICE_ship,power,PL,0,gigawatt,0.0,0.0,0.0,0.0,0.0,0.0
diesel_ICE_ship,power,PT,0,gigawatt,0.0,0.0,0.0,636.7831868091527,636.7831868091527,1408.6415950626713
diesel_ICE_ship,power,RO,0,gigawatt,0.0,0.0,0.0,460.0,460.0,1017.5757575757577
diesel_ICE_ship,power,SE,0,gigawatt,0.0,0.0,0.0,636.7831868091527,636.7831868091527,1408.6415950626713
diesel_ICE_ship,power,SI,0,gigawatt,0.0,0.0,0.0,636.7831868091527,636.7831868091527,1408.6415950626713
diesel_ICE_ship,power,SK,0,gigawatt,0.0,0.0,0.0,460.0,460.0,1017.5757575757577
diesel_ICE_ship,power,UK,0,gigawatt,0.0,0.0,0.0,636.7831868091527,636.7831868091527,1408.6415950626713
district_heating_grid,power,AT,0,gigawatt,0.9536565508029651,0.0,0.0,0.0,0.0,0.0
district_heating_grid,power,BE,0,gigawatt,2.3557088681216514,0.0,0.0,0.0,0.0,0.0
district_heating_grid,power,BG,0,gigawatt,0.9886050987229689,0.0,0.0,0.0,0.0,0.0
district_heating_grid,power,CH,0,gigawatt,0.27693750887045887,0.0,0.0,0.0,0.0,0.0
district_heating_grid,power,CZ,0,gigawatt,1.654623542270903,0.0,0.0,0.0,0.0,0.0
district_heating_grid,power,DE,0,gigawatt,10.77291474928349,0.0,0.0,0.0,0.0,0.0
district_heating_grid,power,DK,0,gigawatt,0.0,0.0,0.0,482.7102057996699,482.7102057996699,1299.6025139922667
district_heating_grid,power,EE,0,gigawatt,0.018330555636428214,0.0,0.0,0.0,0.0,0.0
district_heating_grid,power,EL,0,gigawatt,5.091789648627322,0.0,0.0,0.0,0.0,0.0
district_heating_grid,power,ES,0,gigawatt,9.905076854301443,0.0,0.0,0.0,0.0,0.0
district_heating_grid,power,FI,0,gigawatt,0.0,0.0,0.0,482.7102057996699,482.7102057996699,1356.1864499846336
district_heating_grid,power,FR,0,gigawatt,5.375774256495151,0.0,0.0,0.0,0.0,0.0
district_heating_grid,power,HR,0,gigawatt,1.0968503673545276,0.0,0.0,0.0,0.0,0.0
district_heating_grid,power,HU,0,gigawatt,0.6153616001536473,0.0,0.0,0.0,0.0,0.0
district_heating_grid,power,IE,0,gigawatt,1.5490183238946789,0.0,0.0,0.0,0.0,0.0
district_heating_grid,power,IT,0,gigawatt,5.723658101947253,0.0,0.0,0.0,0.0,0.0
district_heating_grid,power,LT,0,gigawatt,0.0,0.0,0.0,33.50146974097419,33.50146974097419,94.47754886832561
district_heating_grid,power,LU,0,gigawatt,0.19796848869886194,0.0,0.0,0.0,0.0,0.0
district_heating_grid,power,LV,0,gigawatt,0.0,0.0,0.0,109.75839016757385,109.75839016757385,330.4466675689705
district_heating_grid,power,NL,0,gigawatt,0.0885405176485099,0.0,0.0,0.0,0.0,0.0
district_heating_grid,power,NO,0,gigawatt,0.2641596901977464,0.0,0.0,0.0,0.0,0.0
district_heating_grid,power,PL,0,gigawatt,2.7125781863167324,0.0,0.0,0.0,0.0,0.0
district_heating_grid,power,PT,0,gigawatt,1.9195904707652058,0.0,0.0,0.0,0.0,0.0
district_heating_grid,power,RO,0,gigawatt,4.030066030114015,0.0,0.0,0.0,0.0,0.0
district_heating_grid,power,SE,0,gigawatt,0.23726369037589223,0.0,0.0,0.0,0.0,0.0
district_heating_grid,power,SI,0,gigawatt,0.22842295420238526,0.0,0.0,0.0,0.0,0.0
district_heating_grid,power,SK,0,gigawatt,1.4236157458689565,0.0,0.0,0.0,0.0,0.0
district_heating_grid,power,UK,0,gigawatt,2.6575858459020862,0.0,0.0,0.0,0.0,0.0
electrode_boiler,power,AT,0,gigawatt,0.0,0.0,0.0,97.3356822428014,97.3356822428014,274.7863874106496
electrode_boiler,power,BE,0,gigawatt,0.0,0.0,0.0,197.35582845414248,197.35582845414248,576.0069639324201
electrode_boiler,power,BG,0,gigawatt,0.0,0.0,0.0,213.61098693588536,213.61098693588536,696.0048432476949
electrode_boiler,power,CH,0,gigawatt,0.0,0.0,0.0,137.37357564483148,137.37357564483148,408.23516186320745
electrode_boiler,power,CZ,0,gigawatt,0.0,0.0,0.0,224.1399969245575,224.1399969245575,682.539869597193
electrode_boiler,power,DE,0,gigawatt,0.0,0.0,0.0,98.6431049452683,98.6431049452683,309.0150260224654
electrode_boiler,power,DK,0,gigawatt,0.0010254181930872603,0.0,0.0,0.0,0.0,0.0
electrode_boiler,power,EE,0,gigawatt,0.02043975189132425,0.0,0.0,0.0,0.0,0.0
electrode_boiler,power,EL,0,gigawatt,0.0,0.0,0.0,136.2140050337955,136.2140050337955,564.5555227047962
electrode_boiler,power,ES,0,gigawatt,0.031763929899402465,0.0,0.0,0.0,0.0,0.0
electrode_boiler,power,FI,0,gigawatt,0.15173574515377303,0.0,0.0,0.0,0.0,0.0
electrode_boiler,power,FR,0,gigawatt,0.0015563986973054058,0.0,0.0,0.0,0.0,0.0
electrode_boiler,power,HR,0,gigawatt,0.0,0.0,0.0,434.7901741576243,434.7901741576243,1148.65470678026
electrode_boiler,power,HU,0,gigawatt,0.1470018806257516,0.0,0.0,0.0,0.0,0.0
electrode_boiler,power,IE,0,gigawatt,0.09219124761400406,0.0,0.0,0.0,0.0,0.0
electrode_boiler,power,IT,0,gigawatt,0.0,0.0,0.0,88.54305125496546,88.54305125496546,286.15701393832404
electrode_boiler,power,LT,0,gigawatt,0.0,0.0,0.0,75.91985225612297,75.91985225612297,214.10169783778994
electrode_boiler,power,LU,0,gigawatt,0.0,0.0,0.0,181.29213098930202,181.29213098930202,563.4977446696076
electrode_boiler,power,LV,0,gigawatt,0.0010017262684324766,0.0,0.0,0.0,0.0,0.0
electrode_boiler,power,NL,0,gigawatt,0.32189206060907943,0.0,0.0,0.0,0.0,0.0
electrode_boiler,power,NO,0,gigawatt,0.000352332768392106,0.0,0.0,0.0,0.0,0.0
electrode_boiler,power,PL,0,gigawatt,0.0,0.0,0.0,86.43503392571739,86.43503392571739,260.11045955221005
electrode_boiler,power,PT,0,gigawatt,0.031512611562679746,0.0,0.0,0.0,0.0,0.0
electrode_boiler,power,RO,0,gigawatt,0.0,0.0,0.0,74.18843460668404,74.18843460668404,243.98298172862425
electrode_boiler,power,SE,0,gigawatt,0.00048444865806904355,0.0,0.0,0.0,0.0,0.0
electrode_boiler,power,SI,0,gigawatt,0.0,0.0,0.0,372.39977464910874,372.39977464910874,1095.0162413115652
electrode_boiler,power,SK,0,gigawatt,0.0,0.0,0.0,176.5671496821617,176.5671496821617,569.2068877428896
electrode_boiler,power,UK,0,gigawatt,0.0004917228272412641,0.0,0.0,0.0,0.0,0.0
electrode_boiler_DH,power,AT,0,gigawatt,0.0,0.0,0.0,86.07252250718847,86.07252250718847,109.25893069296642
electrode_boiler_DH,power,BE,0,gigawatt,0.0,0.0,0.0,178.0899111809653,178.0899111809653,199.64525666573135
electrode_boiler_DH,power,BG,0,gigawatt,0.0,0.0,0.0,179.41784531351104,179.41784531351104,241.32254455799736
electrode_boiler_DH,power,CH,0,gigawatt,0.0,0.0,0.0,114.07359907587852,114.07359907587852,130.82706161953857
electrode_boiler_DH,power,CZ,0,gigawatt,0.0,0.0,0.0,222.5290806685017,222.5290806685017,288.71247803626756
electrode_boiler_DH,power,DE,0,gigawatt,0.0,0.0,0.0,51.25652172983297,51.25652172983297,60.32940599929705
electrode_boiler_DH,power,DK,0,gigawatt,0.0,0.0,0.0,20.06835766813043,20.06835766813043,26.178383820011078
electrode_boiler_DH,power,EE,0,gigawatt,0.0003064157039950192,0.0,0.0,0.0,0.0,0.0
electrode_boiler_DH,power,EL,0,gigawatt,0.0,0.0,0.0,74.3411224320854,74.3411224320854,89.41944038149283
electrode_boiler_DH,power,ES,0,gigawatt,0.0,0.0,0.0,52.91062412638581,52.91062412638581,57.15151273371962
electrode_boiler_DH,power,FI,0,gigawatt,0.0,0.0,0.0,31.94591754524714,31.94591754524714,40.76128075626034
electrode_boiler_DH,power,FR,0,gigawatt,0.0,0.0,0.0,19.394031861226892,19.394031861226892,23.709996082456918
electrode_boiler_DH,power,HR,0,gigawatt,0.0,0.0,0.0,359.56757361179405,359.56757361179405,492.0550715561688
electrode_boiler_DH,power,HU,0,gigawatt,0.02811370321800776,0.0,0.0,0.0,0.0,0.0
electrode_boiler_DH,power,IE,0,gigawatt,0.007385431767949534,0.0,0.0,0.0,0.0,0.0
electrode_boiler_DH,power,IT,0,gigawatt,0.0,0.0,0.0,26.473426662366023,26.473426662366023,30.52744008767671
electrode_boiler_DH,power,LT,0,gigawatt,0.0,0.0,0.0,13.071414127907644,13.071414127907644,16.112278763989792
electrode_boiler_DH,power,LU,0,gigawatt,0.0,0.0,0.0,185.20834534823916,185.20834534823916,280.25215784624396
electrode_boiler_DH,power,LV,0,gigawatt,0.0,0.0,0.0,16.421954796726652,16.421954796726652,20.449846822235802
electrode_boiler_DH,power,NL,0,gigawatt,0.0176187052527492,0.0,0.0,0.0,0.0,0.0
electrode_boiler_DH,power,NO,0,gigawatt,0.0,0.0,0.0,57.58265348012293,57.58265348012293,79.72790272448798
electrode_boiler_DH,power,PL,0,gigawatt,0.0,0.0,0.0,81.34337339311719,81.34337339311719,108.01422700056187
electrode_boiler_DH,power,PT,0,gigawatt,0.01170563444349543,0.0,0.0,0.0,0.0,0.0
electrode_boiler_DH,power,RO,0,gigawatt,0.0,0.0,0.0,48.722311839388965,48.722311839388965,78.62617398686994
electrode_boiler_DH,power,SE,0,gigawatt,0.007624211668228265,0.0,0.0,0.0,0.0,0.0
electrode_boiler_DH,power,SI,0,gigawatt,0.0,0.0,0.0,359.56757361179405,359.56757361179405,686.5842403846198
electrode_boiler_DH,power,SK,0,gigawatt,0.0,0.0,0.0,173.23186511352634,173.23186511352634,258.3301070496266
electrode_boiler_DH,power,UK,0,gigawatt,0.0021674339032105036,0.0,0.0,0.0,0.0,0.0
electrolysis,power,AT,0,gigawatt,8.61517365440137,0.0,0.0,0.0,0.0,0.0
electrolysis,power,BE,0,gigawatt,5.891581007862044,0.0,0.0,0.0,0.0,0.0
electrolysis,power,BG,0,gigawatt,5.182367961032463,0.0,0.0,0.0,0.0,0.0
electrolysis,power,CH,0,gigawatt,0.0,0.0,0.0,15.105247541607696,15.105247541607696,15.105247541607696
electrolysis,power,CZ,0,gigawatt,0.7020503617408722,0.0,0.0,0.0,0.0,0.0
electrolysis,power,DE,0,gigawatt,3.5382573590043376,0.0,0.0,0.0,0.0,0.0
electrolysis,power,DK,0,gigawatt,2.034087173777204,0.0,0.0,0.0,0.0,0.0
electrolysis,power,EE,0,gigawatt,0.9713465885955812,0.0,0.0,0.0,0.0,0.0
electrolysis,power,EL,0,gigawatt,11.914139077643815,0.0,0.0,0.0,0.0,0.0
electrolysis,power,ES,0,gigawatt,64.52576863233523,0.0,0.0,0.0,0.0,0.0
electrolysis,power,FI,0,gigawatt,0.0,0.0,0.0,82.78373665638742,82.78373665638742,82.78373665638742
electrolysis,power,FR,0,gigawatt,29.679816570543462,0.0,0.0,0.0,0.0,0.0
electrolysis,power,HR,0,gigawatt,3.8768434369667064,0.0,0.0,0.0,0.0,0.0
electrolysis,power,HU,0,gigawatt,1.2327089110597877,0.0,0.0,0.0,0.0,0.0
electrolysis,power,IE,0,gigawatt,3.310616384209759,0.0,0.0,0.0,0.0,0.0
electrolysis,power,IT,0,gigawatt,106.71833903409042,0.0,0.0,0.0,0.0,0.0
electrolysis,power,LT,0,gigawatt,0.24531730433487778,0.0,0.0,0.0,0.0,0.0
electrolysis,power,LU,0,gigawatt,0.0,0.0,0.0,19.202196303882943,19.202196303882943,19.202196303882943
electrolysis,power,LV,0,gigawatt,0.42349142911264126,0.0,0.0,0.0,0.0,0.0
electrolysis,power,NL,0,gigawatt,3.5923958032877112,0.0,0.0,0.0,0.0,0.0
electrolysis,power,NO,0,gigawatt,1.6286771267843179,0.0,0.0,0.0,0.0,0.0
electrolysis,power,PL,0,gigawatt,1.583331980404616,0.0,0.0,0.0,0.0,0.0
electrolysis,power,PT,0,gigawatt,4.028984228129618,0.0,0.0,0.0,0.0,0.0
electrolysis,power,RO,0,gigawatt,7.0964706299269364,0.0,0.0,0.0,0.0,0.0
electrolysis,power,SE,0,gigawatt,7.164335984581388,0.0,0.0,0.0,0.0,0.0
electrolysis,power,SI,0,gigawatt,0.0,0.0,0.0,1.6827211543734393,1.6827211543734393,1.6827211543734393
electrolysis,power,SK,0,gigawatt,0.139808232616763,0.0,0.0,0.0,0.0,0.0
electrolysis,power,UK,0,gigawatt,11.75284124921135,0.0,0.0,0.0,0.0,0.0
fischer_tropsch,power,AT,0,gigawatt,0.0,0.0,0.0,-1.1368683772161603e-13,-1.1368683772161603e-13,-1.1368683772161603e-13
fischer_tropsch,power,BE,0,gigawatt,0.0,0.0,0.0,-1.1368683772161603e-13,-1.1368683772161603e-13,-1.1368683772161603e-13
fischer_tropsch,power,BG,0,gigawatt,0.0,0.0,0.0,-1.1368683772161603e-13,-1.1368683772161603e-13,-1.1368683772161603e-13
fischer_tropsch,power,CH,0,gigawatt,0.0,0.0,0.0,-1.1368683772161603e-13,-1.1368683772161603e-13,-1.1368683772161603e-13
fischer_tropsch,power,CZ,0,gigawatt,0.0,0.0,0.0,-1.1368683772161603e-13,-1.1368683772161603e-13,-1.1368683772161603e-13
fischer_tropsch,power,DE,0,gigawatt,0.0,0.0,0.0,1317.8142170016968,1317.8142170016968,1317.8142170016968
fischer_tropsch,power,DK,0,gigawatt,0.0,0.0,0.0,-1.1368683772161603e-13,-1.1368683772161603e-13,-1.1368683772161603e-13
fischer_tropsch,power,EE,0,gigawatt,0.0,0.0,0.0,-1.1368683772161603e-13,-1.1368683772161603e-13,-1.1368683772161603e-13
fischer_tropsch,power,EL,0,gigawatt,0.0,0.0,0.0,1317.8142170016968,1317.8142170016968,1317.8142170016968
fischer_tropsch,power,ES,0,gigawatt,0.0,0.0,0.0,1305.1029084082081,1305.1029084082081,1305.1029084082081
fischer_tropsch,power,FI,0,gigawatt,0.0,0.0,0.0,-1.1368683772161603e-13,-1.1368683772161603e-13,-1.1368683772161603e-13
fischer_tropsch,power,FR,0,gigawatt,0.0,0.0,0.0,-1.1368683772161603e-13,-1.1368683772161603e-13,-1.1368683772161603e-13
fischer_tropsch,power,HR,0,gigawatt,0.0,0.0,0.0,-1.1368683772161603e-13,-1.1368683772161603e-13,-1.1368683772161603e-13
fischer_tropsch,power,HU,0,gigawatt,0.0,0.0,0.0,1303.5896526835145,1303.5896526835145,1303.5896526835145
fischer_tropsch,power,IE,0,gigawatt,0.0,0.0,0.0,-1.1368683772161603e-13,-1.1368683772161603e-13,-1.1368683772161603e-13
fischer_tropsch,power,IT,0,gigawatt,0.0,0.0,0.0,1317.8142170016968,1317.8142170016968,1317.8142170016968
fischer_tropsch,power,LT,0,gigawatt,0.0,0.0,0.0,-1.1368683772161603e-13,-1.1368683772161603e-13,-1.1368683772161603e-13
fischer_tropsch,power,LU,0,gigawatt,0.0,0.0,0.0,-1.1368683772161603e-13,-1.1368683772161603e-13,-1.1368683772161603e-13
fischer_tropsch,power,LV,0,gigawatt,0.0,0.0,0.0,-1.1368683772161603e-13,-1.1368683772161603e-13,-1.1368683772161603e-13
fischer_tropsch,power,NL,0,gigawatt,0.0,0.0,0.0,953.9852613346571,953.9852613346571,953.9852613346571
fischer_tropsch,power,NO,0,gigawatt,0.0,0.0,0.0,1317.8142170016968,1317.8142170016968,1317.8142170016968
fischer_tropsch,power,PL,0,gigawatt,0.0,0.0,0.0,-1.1368683772161603e-13,-1.1368683772161603e-13,-1.1368683772161603e-13
fischer_tropsch,power,PT,0,gigawatt,0.0,0.0,0.0,1317.8142170016968,1317.8142170016968,1317.8142170016968
fischer_tropsch,power,RO,0,gigawatt,0.0,0.0,0.0,-1.1368683772161603e-13,-1.1368683772161603e-13,-1.1368683772161603e-13
fischer_tropsch,power,SE,0,gigawatt,0.0,0.0,0.0,1317.8142170016968,1317.8142170016968,1317.8142170016968
fischer_tropsch,power,SI,0,gigawatt,0.0,0.0,0.0,-1.1368683772161603e-13,-1.1368683772161603e-13,-1.1368683772161603e-13
fischer_tropsch,power,SK,0,gigawatt,0.0,0.0,0.0,-1.1368683772161603e-13,-1.1368683772161603e-13,-1.1368683772161603e-13
fischer_tropsch,power,UK,0,gigawatt,0.0,0.0,0.0,-1.1368683772161603e-13,-1.1368683772161603e-13,-1.1368683772161603e-13
fuel_cell,power,AT,0,gigawatt,0.0,0.0,0.0,1205.1983199080696,1205.1983199080696,1205.1983199080696
fuel_cell,power,BE,0,gigawatt,0.0,0.0,0.0,1574.5873687013147,1574.5873687013147,1574.5873687013147
fuel_cell,power,BG,0,gigawatt,0.0,0.0,0.0,1617.9399866029294,1617.9399866029294,1617.9399866029294
fuel_cell,power,CH,0,gigawatt,0.0,0.0,0.0,1111.785197012247,1111.785197012247,1111.785197012247
fuel_cell,power,CZ,0,gigawatt,0.0,0.0,0.0,1708.1099438228034,1708.1099438228034,1708.1099438228034
fuel_cell,power,DE,0,gigawatt,0.0,0.0,0.0,1302.0989492038193,1302.0989492038193,1302.0989492038193
fuel_cell,power,DK,0,gigawatt,0.0,0.0,0.0,-2.2737367544323206e-13,-2.2737367544323206e-13,-2.2737367544323206e-13
fuel_cell,power,EE,0,gigawatt,0.0,0.0,0.0,-2.2737367544323206e-13,-2.2737367544323206e-13,-2.2737367544323206e-13
fuel_cell,power,EL,0,gigawatt,0.0,0.0,0.0,1076.7831608382448,1076.7831608382448,1076.7831608382448
fuel_cell,power,ES,0,gigawatt,0.0,0.0,0.0,539.8489618167318,539.8489618167318,539.8489618167318
fuel_cell,power,FI,0,gigawatt,0.0,0.0,0.0,1374.098065039661,1374.098065039661,1374.098065039661
fuel_cell,power,FR,0,gigawatt,0.0,0.0,0.0,2081.386748196283,2081.386748196283,2081.386748196283
fuel_cell,power,HR,0,gigawatt,0.0,0.0,0.0,1595.5922450391724,1595.5922450391724,1595.5922450391724
fuel_cell,power,HU,0,gigawatt,0.0,0.0,0.0,1827.2077695162466,1827.2077695162466,1827.2077695162466
fuel_cell,power,IE,0,gigawatt,0.0,0.0,0.0,2193.093516853225,2193.093516853225,2193.093516853225
fuel_cell,power,IT,0,gigawatt,0.0,0.0,0.0,981.9269633842976,981.9269633842976,981.9269633842976
fuel_cell,power,LT,0,gigawatt,0.0,0.0,0.0,1925.3335246509305,1925.3335246509305,1925.3335246509305
fuel_cell,power,LU,0,gigawatt,0.0,0.0,0.0,1710.8892003598107,1710.8892003598107,1710.8892003598107
fuel_cell,power,LV,0,gigawatt,0.0,0.0,0.0,2093.2206546297866,2093.2206546297866,2093.2206546297866
fuel_cell,power,NL,0,gigawatt,0.0,0.0,0.0,1784.3452242369744,1784.3452242369744,1784.3452242369744
fuel_cell,power,NO,0,gigawatt,0.0,0.0,0.0,-2.2737367544323206e-13,-2.2737367544323206e-13,-2.2737367544323206e-13
fuel_cell,power,PL,0,gigawatt,0.0,0.0,0.0,1301.1877822053445,1301.1877822053445,1301.1877822053445
fuel_cell,power,PT,0,gigawatt,0.0,0.0,0.0,1012.838224855055,1012.838224855055,1012.838224855055
fuel_cell,power,RO,0,gigawatt,0.0,0.0,0.0,1714.2257256944179,1714.2257256944179,1714.2257256944179
fuel_cell,power,SE,0,gigawatt,0.0,0.0,0.0,-2.2737367544323206e-13,-2.2737367544323206e-13,-2.2737367544323206e-13
fuel_cell,power,SI,0,gigawatt,0.0,0.0,0.0,1548.1848669797719,1548.1848669797719,1548.1848669797719
fuel_cell,power,SK,0,gigawatt,0.0,0.0,0.0,1829.0932845983461,1829.0932845983461,1829.0932845983461
fuel_cell,power,UK,0,gigawatt,0.0,0.0,0.0,1875.2193035088371,1875.2193035088371,1875.2193035088371
gasification,power,AT,0,gigawatt,0.0,0.0,0.0,0.0,0.0,0.0
gasification,power,BE,0,gigawatt,0.0,0.0,0.0,1865.7320235094426,1865.7320235094426,1865.7320235094426
gasification,power,BG,0,gigawatt,0.0,0.0,0.0,1865.7320235094426,1865.7320235094426,1865.7320235094426
gasification,power,CH,0,gigawatt,0.0,0.0,0.0,0.0,0.0,0.0
gasification,power,CZ,0,gigawatt,0.0,0.0,0.0,1865.7320235094426,1865.7320235094426,1865.7320235094426
gasification,power,DE,0,gigawatt,0.0,0.0,0.0,0.0,0.0,0.0
gasification,power,DK,0,gigawatt,0.0,0.0,0.0,0.0,0.0,0.0
gasification,power,EE,0,gigawatt,0.0,0.0,0.0,1030.1654926806987,1030.1654926806987,1030.1654926806987
gasification,power,EL,0,gigawatt,0.0,0.0,0.0,668.1514607830919,668.1514607830919,668.1514607830919
gasification,power,ES,0,gigawatt,0.0,0.0,0.0,0.0,0.0,0.0
gasification,power,FI,0,gigawatt,0.0,0.0,0.0,0.0,0.0,0.0
gasification,power,FR,0,gigawatt,0.0,0.0,0.0,0.0,0.0,0.0
gasification,power,HR,0,gigawatt,0.0,0.0,0.0,0.0,0.0,0.0
gasification,power,HU,0,gigawatt,0.0,0.0,0.0,0.0,0.0,0.0
gasification,power,IE,0,gigawatt,0.0,0.0,0.0,0.0,0.0,0.0
gasification,power,IT,0,gigawatt,0.0,0.0,0.0,1865.7320235094426,1865.7320235094426,1865.7320235094426
gasification,power,LT,0,gigawatt,0.0,0.0,0.0,0.0,0.0,0.0
gasification,power,LU,0,gigawatt,0.0,0.0,0.0,0.0,0.0,0.0
gasification,power,LV,0,gigawatt,0.0,0.0,0.0,1104.4848821883802,1104.4848821883802,1104.4848821883802
gasification,power,NL,0,gigawatt,0.0,0.0,0.0,0.0,0.0,0.0
gasification,power,NO,0,gigawatt,0.0,0.0,0.0,1865.7320235094426,1865.7320235094426,1865.7320235094426
gasification,power,PL,0,gigawatt,0.0,0.0,0.0,0.0,0.0,0.0
gasification,power,PT,0,gigawatt,0.0,0.0,0.0,0.0,0.0,0.0
gasification,power,RO,0,gigawatt,0.0,0.0,0.0,1865.7320235094426,1865.7320235094426,1865.7320235094426
gasification,power,SE,0,gigawatt,0.0,0.0,0.0,0.0,0.0,0.0
gasification,power,SI,0,gigawatt,0.0,0.0,0.0,0.0,0.0,0.0
gasification,power,SK,0,gigawatt,0.0,0.0,0.0,0.0,0.0,0.0
gasification,power,UK,0,gigawatt,0.0,0.0,0.0,0.0,0.0,0.0
haber_bosch,power,AT,0,gigawatt,0.2997421637340507,0.0,0.0,0.0,0.0,0.0
haber_bosch,power,BE,0,gigawatt,0.864560639262208,0.0,0.0,0.0,0.0,0.0
haber_bosch,power,BG,0,gigawatt,0.691297242485739,0.0,0.0,0.0,0.0,0.0
haber_bosch,power,CH,0,gigawatt,0.0,0.0,0.0,0.0,0.0,0.0
haber_bosch,power,CZ,0,gigawatt,0.21603038827679336,0.0,0.0,0.0,0.0,0.0
haber_bosch,power,DE,0,gigawatt,1.9802785592039396,0.0,0.0,0.0,0.0,0.0
haber_bosch,power,DK,0,gigawatt,0.0,0.0,0.0,0.0,0.0,0.0
haber_bosch,power,EE,0,gigawatt,0.12331734664133616,0.0,0.0,0.0,0.0,0.0
haber_bosch,power,EL,0,gigawatt,0.10171430781365681,0.0,0.0,0.0,0.0,0.0
haber_bosch,power,ES,0,gigawatt,0.8284337281413868,0.0,0.0,0.0,0.0,0.0
haber_bosch,power,FI,0,gigawatt,0.21494006051376657,0.0,0.0,0.0,0.0,0.0
haber_bosch,power,FR,0,gigawatt,0.9244300365011118,0.0,0.0,0.0,0.0,0.0
haber_bosch,power,HR,0,gigawatt,0.4146514166611768,0.0,0.0,0.0,0.0,0.0
haber_bosch,power,HU,0,gigawatt,0.37533209671871864,0.0,0.0,0.0,0.0,0.0
haber_bosch,power,IE,0,gigawatt,0.0,0.0,0.0,0.0,0.0,0.0
haber_bosch,power,IT,0,gigawatt,0.3708521665418286,0.0,0.0,0.0,0.0,0.0
haber_bosch,power,LT,0,gigawatt,0.9495507701512317,0.0,0.0,0.0,0.0,0.0
haber_bosch,power,LU,0,gigawatt,0.0,0.0,0.0,0.0,0.0,0.0
haber_bosch,power,LV,0,gigawatt,0.0,0.0,0.0,0.0,0.0,0.0
haber_bosch,power,NL,0,gigawatt,1.8848651377150223,0.0,0.0,0.0,0.0,0.0
haber_bosch,power,NO,0,gigawatt,0.6755782984272872,0.0,0.0,0.0,0.0,0.0
haber_bosch,power,PL,0,gigawatt,2.2012552530171927,0.0,0.0,0.0,0.0,0.0
haber_bosch,power,PT,0,gigawatt,0.07686716874673882,0.0,0.0,0.0,0.0,0.0
haber_bosch,power,RO,0,gigawatt,1.345689293640859,0.0,0.0,0.0,0.0,0.0
haber_bosch,power,SE,0,gigawatt,0.0,0.0,0.0,54.6334332077555,54.6334332077555,54.6334332077555
haber_bosch,power,SI,0,gigawatt,0.0,0.0,0.0,0.0,0.0,0.0
haber_bosch,power,SK,0,gigawatt,0.34131801329015266,0.0,0.0,0.0,0.0,0.0
haber_bosch,power,UK,0,gigawatt,0.6804957230718992,0.0,0.0,0.0,0.0,0.0
hard_coal_boiler_DH,power,AT,0,gigawatt,0.0,0.0,0.0,291.92633315648675,291.92633315648675,291.92633315648675
hard_coal_boiler_DH,power,BE,0,gigawatt,0.0,0.0,0.0,291.92633315648675,291.92633315648675,291.92633315648675
hard_coal_boiler_DH,power,BG,0,gigawatt,0.0,0.0,0.0,0.0,0.0,0.0
hard_coal_boiler_DH,power,CH,0,gigawatt,0.0,0.0,0.0,291.92633315648675,291.92633315648675,291.92633315648675
hard_coal_boiler_DH,power,CZ,0,gigawatt,0.0,0.0,0.0,291.92633315648675,291.92633315648675,291.92633315648675
hard_coal_boiler_DH,power,DE,0,gigawatt,0.0,0.0,0.0,0.0,0.0,0.0
hard_coal_boiler_DH,power,DK,0,gigawatt,0.0,0.0,0.0,291.92633315648675,291.92633315648675,291.92633315648675
hard_coal_boiler_DH,power,EE,0,gigawatt,0.0,0.0,0.0,291.92633315648675,291.92633315648675,291.92633315648675
hard_coal_boiler_DH,power,EL,0,gigawatt,0.0,0.0,0.0,291.92633315648675,291.92633315648675,291.92633315648675
hard_coal_boiler_DH,power,ES,0,gigawatt,0.0,0.0,0.0,291.92633315648675,291.92633315648675,291.92633315648675
hard_coal_boiler_DH,power,FI,0,gigawatt,0.0,0.0,0.0,253.19240032563016,253.19240032563016,253.19240032563016
hard_coal_boiler_DH,power,FR,0,gigawatt,0.0,0.0,0.0,291.92633315648675,291.92633315648675,291.92633315648675
hard_coal_boiler_DH,power,HR,0,gigawatt,0.0,0.0,0.0,0.0,0.0,0.0
hard_coal_boiler_DH,power,HU,0,gigawatt,0.0,0.0,0.0,0.0,0.0,0.0
hard_coal_boiler_DH,power,IE,0,gigawatt,0.0,0.0,0.0,291.92633315648675,291.92633315648675,291.92633315648675
hard_coal_boiler_DH,power,IT,0,gigawatt,0.0,0.0,0.0,0.0,0.0,0.0
hard_coal_boiler_DH,power,LT,0,gigawatt,0.0,0.0,0.0,291.92633315648675,291.92633315648675,291.92633315648675
hard_coal_boiler_DH,power,LU,0,gigawatt,0.0,0.0,0.0,253.19240032563016,253.19240032563016,253.19240032563016
hard_coal_boiler_DH,power,LV,0,gigawatt,0.0,0.0,0.0,291.92633315648675,291.92633315648675,291.92633315648675
hard_coal_boiler_DH,power,NL,0,gigawatt,0.0,0.0,0.0,0.0,0.0,0.0
hard_coal_boiler_DH,power,NO,0,gigawatt,0.0,0.0,0.0,291.92633315648675,291.92633315648675,291.92633315648675
hard_coal_boiler_DH,power,PL,0,gigawatt,0.0,0.0,0.0,0.0,0.0,0.0
hard_coal_boiler_DH,power,PT,0,gigawatt,0.0,0.0,0.0,291.92633315648675,291.92633315648675,291.92633315648675
hard_coal_boiler_DH,power,RO,0,gigawatt,0.0,0.0,0.0,0.0,0.0,0.0
hard_coal_boiler_DH,power,SE,0,gigawatt,0.0,0.0,0.0,291.92633315648675,291.92633315648675,291.92633315648675
hard_coal_boiler_DH,power,SI,0,gigawatt,0.0,0.0,0.0,291.92633315648675,291.92633315648675,291.92633315648675
hard_coal_boiler_DH,power,SK,0,gigawatt,0.0,0.0,0.0,0.0,0.0,0.0
hard_coal_boiler_DH,power,UK,0,gigawatt,0.0,0.0,0.0,291.92633315648675,291.92633315648675,291.92633315648675
hard_coal_plant,power,AT,0,gigawatt,0.0,0.0,0.0,0.0,0.0,0.0
hard_coal_plant,power,BE,0,gigawatt,0.0,0.0,0.0,0.0,0.0,0.0
hard_coal_plant,power,BG,0,gigawatt,0.0,0.0,0.0,2227.6439821730933,2227.6439821730933,2447.960419970432
hard_coal_plant,power,CH,0,gigawatt,0.0,0.0,0.0,0.0,0.0,0.0
hard_coal_plant,power,CZ,0,gigawatt,0.0,0.0,0.0,0.0,0.0,0.0
hard_coal_plant,power,DE,0,gigawatt,0.0,0.0,0.0,2227.6439821730933,2227.6439821730933,2447.960419970432
hard_coal_plant,power,DK,0,gigawatt,0.0,0.0,0.0,0.0,0.0,0.0
hard_coal_plant,power,EE,0,gigawatt,0.0,0.0,0.0,0.0,0.0,0.0
hard_coal_plant,power,EL,0,gigawatt,0.0,0.0,0.0,0.0,0.0,0.0
hard_coal_plant,power,ES,0,gigawatt,0.0,0.0,0.0,0.0,0.0,0.0
hard_coal_plant,power,FI,0,gigawatt,0.0,0.0,0.0,0.0,0.0,0.0
hard_coal_plant,power,FR,0,gigawatt,0.0,0.0,0.0,0.0,0.0,0.0
hard_coal_plant,power,HR,0,gigawatt,0.0,0.0,0.0,0.0,0.0,0.0
hard_coal_plant,power,HU,0,gigawatt,0.0,0.0,0.0,0.0,0.0,0.0
hard_coal_plant,power,IE,0,gigawatt,0.0,0.0,0.0,0.0,0.0,0.0
hard_coal_plant,power,IT,0,gigawatt,0.0,0.0,0.0,2227.6439821730933,2227.6439821730933,2447.960419970432
hard_coal_plant,power,LT,0,gigawatt,0.0,0.0,0.0,0.0,0.0,0.0
hard_coal_plant,power,LU,0,gigawatt,0.0,0.0,0.0,0.0,0.0,0.0
hard_coal_plant,power,LV,0,gigawatt,0.0,0.0,0.0,0.0,0.0,0.0
hard_coal_plant,power,NL,0,gigawatt,0.0,0.0,0.0,2227.6439821730933,2227.6439821730933,2447.960419970432
hard_coal_plant,power,NO,0,gigawatt,0.0,0.0,0.0,0.0,0.0,0.0
hard_coal_plant,power,PL,0,gigawatt,0.0,0.0,0.0,2227.6439821730933,2227.6439821730933,2447.960419970432
hard_coal_plant,power,PT,0,gigawatt,0.0,0.0,0.0,0.0,0.0,0.0
hard_coal_plant,power,RO,0,gigawatt,0.0,0.0,0.0,2227.6439821730933,2227.6439821730933,2447.960419970432
hard_coal_plant,power,SE,0,gigawatt,0.0,0.0,0.0,0.0,0.0,0.0
hard_coal_plant,power,SI,0,gigawatt,0.0,0.0,0.0,0.0,0.0,0.0
hard_coal_plant,power,SK,0,gigawatt,0.0,0.0,0.0,2227.6439821730933,2227.6439821730933,2447.960419970432
hard_coal_plant,power,UK,0,gigawatt,0.0,0.0,0.0,0.0,0.0,0.0
heat_pump,power,AT,0,gigawatt,25.320774877139407,0.0,0.0,0.0,0.0,0.0
heat_pump,power,BE,0,gigawatt,37.65573367957159,0.0,0.0,0.0,0.0,0.0
heat_pump,power,BG,0,gigawatt,10.09668612805949,0.0,0.0,0.0,0.0,0.0
heat_pump,power,CH,0,gigawatt,34.41662750879064,0.0,0.0,0.0,0.0,0.0
heat_pump,power,CZ,0,gigawatt,30.23171583374074,0.0,0.0,0.0,0.0,0.0
heat_pump,power,DE,0,gigawatt,239.07616173238165,0.0,0.0,0.0,0.0,0.0
heat_pump,power,DK,0,gigawatt,21.585206139564182,0.0,0.0,0.0,0.0,0.0
heat_pump,power,EE,0,gigawatt,4.040410536674877,0.0,0.0,0.0,0.0,0.0
heat_pump,power,EL,0,gigawatt,20.57900358506486,0.0,0.0,0.0,0.0,0.0
heat_pump,power,ES,0,gigawatt,37.20251308889857,0.0,0.0,0.0,0.0,0.0
heat_pump,power,FI,0,gigawatt,18.829802695838666,0.0,0.0,0.0,0.0,0.0
heat_pump,power,FR,0,gigawatt,156.10727184888043,0.0,0.0,0.0,0.0,0.0
heat_pump,power,HR,0,gigawatt,9.45730310240557,0.0,0.0,0.0,0.0,0.0
heat_pump,power,HU,0,gigawatt,28.405452784369366,0.0,0.0,0.0,0.0,0.0
heat_pump,power,IE,0,gigawatt,10.279968648630563,0.0,0.0,0.0,0.0,0.0
heat_pump,power,IT,0,gigawatt,153.95334886985933,0.0,0.0,0.0,0.0,0.0
heat_pump,power,LT,0,gigawatt,5.933725121895426,0.0,0.0,0.0,0.0,0.0
heat_pump,power,LU,0,gigawatt,2.5992614567420955,0.0,0.0,0.0,0.0,0.0
heat_pump,power,LV,0,gigawatt,4.871488802138442,0.0,0.0,0.0,0.0,0.0
heat_pump,power,NL,0,gigawatt,45.64812255149426,0.0,0.0,0.0,0.0,0.0
heat_pump,power,NO,0,gigawatt,19.5321954958025,0.0,0.0,0.0,0.0,0.0
heat_pump,power,PL,0,gigawatt,80.49440178783878,0.0,0.0,0.0,0.0,0.0
heat_pump,power,PT,0,gigawatt,2.544604169775359,0.0,0.0,0.0,0.0,0.0
heat_pump,power,RO,0,gigawatt,12.409143663172646,0.0,0.0,0.0,0.0,0.0
heat_pump,power,SE,0,gigawatt,22.738605519265832,0.0,0.0,0.0,0.0,0.0
heat_pump,power,SI,0,gigawatt,4.469542174139849,0.0,0.0,0.0,0.0,0.0
heat_pump,power,SK,0,gigawatt,8.169562609674808,0.0,0.0,0.0,0.0,0.0
heat_pump,power,UK,0,gigawatt,154.940297801383,0.0,0.0,0.0,0.0,0.0
heat_pump_DH,power,AT,0,gigawatt,0.0,0.0,0.0,0.0,0.0,0.0
heat_pump_DH,power,BE,0,gigawatt,0.0,0.0,0.0,0.0,0.0,0.0
heat_pump_DH,power,BG,0,gigawatt,0.0,0.0,0.0,0.0,0.0,0.0
heat_pump_DH,power,CH,0,gigawatt,0.0,0.0,0.0,0.0,0.0,0.0
heat_pump_DH,power,CZ,0,gigawatt,0.0,0.0,0.0,0.0,0.0,0.0
heat_pump_DH,power,DE,0,gigawatt,0.0,0.0,0.0,0.0,0.0,0.0
heat_pump_DH,power,DK,0,gigawatt,0.0,0.0,0.0,0.0,0.0,0.0
heat_pump_DH,power,EE,0,gigawatt,0.0,0.0,0.0,0.0,0.0,0.0
heat_pump_DH,power,EL,0,gigawatt,2.1770489016401515,0.0,0.0,0.0,0.0,0.0
heat_pump_DH,power,ES,0,gigawatt,0.0,0.0,0.0,0.0,0.0,0.0
heat_pump_DH,power,FI,0,gigawatt,0.0,0.0,0.0,68.0255878270923,68.0255878270923,86.79700872896946
heat_pump_DH,power,FR,0,gigawatt,0.0,0.0,0.0,0.0,0.0,0.0
heat_pump_DH,power,HR,0,gigawatt,0.0,0.0,0.0,0.0,0.0,0.0
heat_pump_DH,power,HU,0,gigawatt,0.0,0.0,0.0,0.0,0.0,0.0
heat_pump_DH,power,IE,0,gigawatt,0.0,0.0,0.0,0.0,0.0,0.0
heat_pump_DH,power,IT,0,gigawatt,0.0,0.0,0.0,0.0,0.0,0.0
heat_pump_DH,power,LT,0,gigawatt,0.0,0.0,0.0,59.08681642346096,59.08681642346096,72.83246083213834
heat_pump_DH,power,LU,0,gigawatt,0.0,0.0,0.0,0.0,0.0,0.0
heat_pump_DH,power,LV,0,gigawatt,0.0,0.0,0.0,11.666255255118813,11.666255255118813,14.52769392617238
heat_pump_DH,power,NL,0,gigawatt,0.06380619965129183,0.0,0.0,0.0,0.0,0.0
heat_pump_DH,power,NO,0,gigawatt,0.0,0.0,0.0,187.51886267657915,187.51886267657915,259.6352328161763
heat_pump_DH,power,PL,0,gigawatt,0.0,0.0,0.0,0.0,0.0,0.0
heat_pump_DH,power,PT,0,gigawatt,0.0,0.0,0.0,0.0,0.0,0.0
heat_pump_DH,power,RO,0,gigawatt,0.0,0.0,0.0,0.0,0.0,0.0
heat_pump_DH,power,SE,0,gigawatt,0.0,0.0,0.0,36.52413333038726,36.52413333038726,42.588770579468594
heat_pump_DH,power,SI,0,gigawatt,0.0,0.0,0.0,0.0,0.0,0.0
heat_pump_DH,power,SK,0,gigawatt,0.0,0.0,0.0,0.0,0.0,0.0
heat_pump_DH,power,UK,0,gigawatt,0.0,0.0,0.0,0.0,0.0,0.0
hydrogen_FC_ship,power,AT,0,gigawatt,0.02555340909090907,0.0,0.0,-1.1368683772161603e-13,-1.1368683772161603e-13,-2.514890652629688e-13
hydrogen_FC_ship,power,BE,0,gigawatt,8.587202613636364,0.0,0.0,-1.1368683772161603e-13,-1.1368683772161603e-13,-2.514890652629688e-13
hydrogen_FC_ship,power,BG,0,gigawatt,0.1112057954545454,0.0,0.0,-1.1368683772161603e-13,-1.1368683772161603e-13,-2.514890652629688e-13
hydrogen_FC_ship,power,CH,0,gigawatt,0.025553409090909078,0.0,0.0,-1.1368683772161603e-13,-1.1368683772161603e-13,-2.514890652629688e-13
hydrogen_FC_ship,power,CZ,0,gigawatt,0.005433977272727152,0.0,0.0,-1.1368683772161603e-13,-1.1368683772161603e-13,-2.514890652629688e-13
hydrogen_FC_ship,power,DE,0,gigawatt,2.1088690909091516,0.0,0.0,-1.1368683772161603e-13,-1.1368683772161603e-13,-2.514890652629688e-13
hydrogen_FC_ship,power,DK,0,gigawatt,0.8873781818181817,0.0,0.0,-1.1368683772161603e-13,-1.1368683772161603e-13,-2.514890652629688e-13
hydrogen_FC_ship,power,EE,0,gigawatt,0.3676586363636362,0.0,0.0,-1.1368683772161603e-13,-1.1368683772161603e-13,-2.514890652629688e-13
hydrogen_FC_ship,power,EL,0,gigawatt,2.8205313636363636,0.0,0.0,-1.1368683772161603e-13,-1.1368683772161603e-13,-2.514890652629688e-13
hydrogen_FC_ship,power,ES,0,gigawatt,9.461451931818184,0.0,0.0,-1.1368683772161603e-13,-1.1368683772161603e-13,-2.514890652629688e-13
hydrogen_FC_ship,power,FI,0,gigawatt,0.5021380681818179,0.0,0.0,-1.1368683772161603e-13,-1.1368683772161603e-13,-2.514890652629688e-13
hydrogen_FC_ship,power,FR,0,gigawatt,1.476293181818182,0.0,0.0,-1.1368683772161603e-13,-1.1368683772161603e-13,-2.514890652629688e-13
hydrogen_FC_ship,power,HR,0,gigawatt,0.08113772727272708,0.0,0.0,-1.1368683772161603e-13,-1.1368683772161603e-13,-2.514890652629688e-13
hydrogen_FC_ship,power,HU,0,gigawatt,0.005416704545454385,0.0,0.0,-1.1368683772161603e-13,-1.1368683772161603e-13,-2.514890652629688e-13
hydrogen_FC_ship,power,IE,0,gigawatt,0.34924715909090903,0.0,0.0,-1.1368683772161603e-13,-1.1368683772161603e-13,-2.514890652629688e-13
hydrogen_FC_ship,power,IT,0,gigawatt,3.9260985227272736,0.0,0.0,-1.1368683772161603e-13,-1.1368683772161603e-13,-2.514890652629688e-13
hydrogen_FC_ship,power,LT,0,gigawatt,0.24544693181818175,0.0,0.0,-1.1368683772161603e-13,-1.1368683772161603e-13,-2.514890652629688e-13
hydrogen_FC_ship,power,LU,0,gigawatt,0.0001247727272727273,0.0,0.0,-1.1368683772161603e-13,-1.1368683772161603e-13,-2.514890652629688e-13
hydrogen_FC_ship,power,LV,0,gigawatt,0.27662568181818176,0.0,0.0,-1.1368683772161603e-13,-1.1368683772161603e-13,-2.514890652629688e-13
hydrogen_FC_ship,power,NL,0,gigawatt,15.370992954545457,0.0,0.0,-1.1368683772161603e-13,-1.1368683772161603e-13,-2.514890652629688e-13
hydrogen_FC_ship,power,NO,0,gigawatt,1.8511270454545459,0.0,0.0,-1.1368683772161603e-13,-1.1368683772161603e-13,-2.514890652629688e-13
hydrogen_FC_ship,power,PL,0,gigawatt,0.39999761363636366,0.0,0.0,-1.1368683772161603e-13,-1.1368683772161603e-13,-2.514890652629688e-13
hydrogen_FC_ship,power,PT,0,gigawatt,0.9880374999999999,0.0,0.0,-1.1368683772161603e-13,-1.1368683772161603e-13,-2.514890652629688e-13
hydrogen_FC_ship,power,RO,0,gigawatt,0.11228897727272727,0.0,0.0,-1.1368683772161603e-13,-1.1368683772161603e-13,-2.514890652629688e-13
hydrogen_FC_ship,power,SE,0,gigawatt,3.5249756818181814,0.0,0.0,-1.1368683772161603e-13,-1.1368683772161603e-13,-2.514890652629688e-13
hydrogen_FC_ship,power,SI,0,gigawatt,0.15257761363636363,0.0,0.0,-1.1368683772161603e-13,-1.1368683772161603e-13,-2.514890652629688e-13
hydrogen_FC_ship,power,SK,0,gigawatt,0.0,0.0,0.0,1184.6290220723104,1184.6290220723104,2620.542988220566
hydrogen_FC_ship,power,UK,0,gigawatt,4.252583068181818,0.0,0.0,-1.1368683772161603e-13,-1.1368683772161603e-13,-2.514890652629688e-13
hydrogen_to_cement_fuel,power,AT,0,gigawatt,0.4823726203639903,0.0,0.0,0.0,0.0,0.0
hydrogen_to_cement_fuel,power,BE,0,gigawatt,0.6339855367439879,0.0,0.0,0.0,0.0,0.0
hydrogen_to_cement_fuel,power,BG,0,gigawatt,0.2815843048217088,0.0,0.0,0.0,0.0,0.0
hydrogen_to_cement_fuel,power,CH,0,gigawatt,0.47851983627600203,0.0,0.0,0.0,0.0,0.0
hydrogen_to_cement_fuel,power,CZ,0,gigawatt,0.4887340680358073,0.0,0.0,0.0,0.0,0.0
hydrogen_to_cement_fuel,power,DE,0,gigawatt,3.6029547361129635,0.0,0.0,0.0,0.0,0.0
hydrogen_to_cement_fuel,power,DK,0,gigawatt,0.3933423315508721,0.0,0.0,0.0,0.0,0.0
hydrogen_to_cement_fuel,power,EE,0,gigawatt,0.08966071314582647,0.0,0.0,0.0,0.0,0.0
hydrogen_to_cement_fuel,power,EL,0,gigawatt,1.0286899876357904,0.0,0.0,0.0,0.0,0.0
hydrogen_to_cement_fuel,power,ES,0,gigawatt,2.6564323382926647,0.0,0.0,0.0,0.0,0.0
hydrogen_to_cement_fuel,power,FI,0,gigawatt,0.15783634172492447,0.0,0.0,0.0,0.0,0.0
hydrogen_to_cement_fuel,power,FR,0,gigawatt,1.8132640407531055,0.0,0.0,0.0,0.0,0.0
hydrogen_to_cement_fuel,power,HR,0,gigawatt,0.34832105977578165,0.0,0.0,0.0,0.0,0.0
hydrogen_to_cement_fuel,power,HU,0,gigawatt,0.23594719199514758,0.0,0.0,0.0,0.0,0.0
hydrogen_to_cement_fuel,power,IE,0,gigawatt,0.5078878965846965,0.0,0.0,0.0,0.0,0.0
hydrogen_to_cement_fuel,power,IT,0,gigawatt,2.1384250999394387,0.0,0.0,0.0,0.0,0.0
hydrogen_to_cement_fuel,power,LT,0,gigawatt,0.14828782656673303,0.0,0.0,0.0,0.0,0.0
hydrogen_to_cement_fuel,power,LU,0,gigawatt,0.1089808728544453,0.0,0.0,0.0,0.0,0.0
hydrogen_to_cement_fuel,power,LV,0,gigawatt,0.12401190784990329,0.0,0.0,0.0,0.0,0.0
hydrogen_to_cement_fuel,power,NL,0,gigawatt,0.0,0.0,0.0,1382.896216216216,1382.896216216216,1382.896216216216
hydrogen_to_cement_fuel,power,NO,0,gigawatt,0.20377160492135976,0.0,0.0,0.0,0.0,0.0
hydrogen_to_cement_fuel,power,PL,0,gigawatt,1.8601457030478077,0.0,0.0,0.0,0.0,0.0
hydrogen_to_cement_fuel,power,PT,0,gigawatt,0.7353391468274557,0.0,0.0,0.0,0.0,0.0
hydrogen_to_cement_fuel,power,RO,0,gigawatt,0.9684721171116659,0.0,0.0,0.0,0.0,0.0
hydrogen_to_cement_fuel,power,SE,0,gigawatt,0.37205288035183876,0.0,0.0,0.0,0.0,0.0
hydrogen_to_cement_fuel,power,SI,0,gigawatt,0.11377851792168332,0.0,0.0,0.0,0.0,0.0
hydrogen_to_cement_fuel,power,SK,0,gigawatt,0.38290066638765163,0.0,0.0,0.0,0.0,0.0
hydrogen_to_cement_fuel,power,UK,0,gigawatt,1.0312216950177575,0.0,0.0,0.0,0.0,0.0
industrial_gas_consumer,power,AT,0,gigawatt,0.0,0.0,0.0,0.0,0.0,0.0
industrial_gas_consumer,power,BE,0,gigawatt,0.0,0.0,0.0,0.0,0.0,0.0
industrial_gas_consumer,power,BG,0,gigawatt,0.0,0.0,0.0,0.0,0.0,0.0
industrial_gas_consumer,power,CH,0,gigawatt,0.0,0.0,0.0,0.0,0.0,0.0
industrial_gas_consumer,power,CZ,0,gigawatt,0.0,0.0,0.0,0.0,0.0,0.0
industrial_gas_consumer,power,DE,0,gigawatt,0.0,0.0,0.0,0.0,0.0,0.0
industrial_gas_consumer,power,DK,0,gigawatt,0.0,0.0,0.0,0.0,0.0,0.0
industrial_gas_consumer,power,EE,0,gigawatt,0.0,0.0,0.0,0.0,0.0,0.0
industrial_gas_consumer,power,EL,0,gigawatt,0.0,0.0,0.0,0.0,0.0,0.0
industrial_gas_consumer,power,ES,0,gigawatt,0.0,0.0,0.0,0.0,0.0,0.0
industrial_gas_consumer,power,FI,0,gigawatt,0.0,0.0,0.0,0.0,0.0,0.0
industrial_gas_consumer,power,FR,0,gigawatt,0.0,0.0,0.0,0.0,0.0,0.0
industrial_gas_consumer,power,HR,0,gigawatt,0.0,0.0,0.0,0.0,0.0,0.0
industrial_gas_consumer,power,HU,0,gigawatt,0.0,0.0,0.0,0.0,0.0,0.0
industrial_gas_consumer,power,IE,0,gigawatt,0.0,0.0,0.0,0.0,0.0,0.0
industrial_gas_consumer,power,IT,0,gigawatt,0.0,0.0,0.0,0.0,0.0,0.0
industrial_gas_consumer,power,LT,0,gigawatt,0.0,0.0,0.0,0.0,0.0,0.0
industrial_gas_consumer,power,LU,0,gigawatt,0.0,0.0,0.0,0.0,0.0,0.0
industrial_gas_consumer,power,LV,0,gigawatt,0.0,0.0,0.0,0.0,0.0,0.0
industrial_gas_consumer,power,NL,0,gigawatt,0.0,0.0,0.0,0.0,0.0,0.0
industrial_gas_consumer,power,NO,0,gigawatt,0.0,0.0,0.0,0.0,0.0,0.0
industrial_gas_consumer,power,PL,0,gigawatt,0.0,0.0,0.0,0.0,0.0,0.0
industrial_gas_consumer,power,PT,0,gigawatt,0.0,0.0,0.0,0.0,0.0,0.0
industrial_gas_consumer,power,RO,0,gigawatt,0.0,0.0,0.0,0.0,0.0,0.0
industrial_gas_consumer,power,SE,0,gigawatt,0.0,0.0,0.0,0.0,0.0,0.0
industrial_gas_consumer,power,SI,0,gigawatt,0.0,0.0,0.0,0.0,0.0,0.0
industrial_gas_consumer,power,SK,0,gigawatt,0.0,0.0,0.0,0.0,0.0,0.0
industrial_gas_consumer,power,UK,0,gigawatt,0.0,0.0,0.0,0.0,0.0,0.0
lignite_coal_plant,power,AT,0,gigawatt,0.0,0.0,0.0,0.0,0.0,0.0
lignite_coal_plant,power,BE,0,gigawatt,0.0,0.0,0.0,0.0,0.0,0.0
lignite_coal_plant,power,BG,0,gigawatt,0.0,0.0,0.0,2532.1991188141405,2532.1991188141405,2845.167549229371
lignite_coal_plant,power,CH,0,gigawatt,0.0,0.0,0.0,0.0,0.0,0.0
lignite_coal_plant,power,CZ,0,gigawatt,0.0,0.0,0.0,0.0,0.0,0.0
lignite_coal_plant,power,DE,0,gigawatt,0.0,0.0,0.0,2532.1991188141405,2532.1991188141405,2845.167549229371
lignite_coal_plant,power,DK,0,gigawatt,0.0,0.0,0.0,0.0,0.0,0.0
lignite_coal_plant,power,EE,0,gigawatt,0.0,0.0,0.0,0.0,0.0,0.0
lignite_coal_plant,power,EL,0,gigawatt,0.0,0.0,0.0,0.0,0.0,0.0
lignite_coal_plant,power,ES,0,gigawatt,0.0,0.0,0.0,0.0,0.0,0.0
lignite_coal_plant,power,FI,0,gigawatt,0.0,0.0,0.0,0.0,0.0,0.0
lignite_coal_plant,power,FR,0,gigawatt,0.0,0.0,0.0,0.0,0.0,0.0
lignite_coal_plant,power,HR,0,gigawatt,0.0,0.0,0.0,0.0,0.0,0.0
lignite_coal_plant,power,HU,0,gigawatt,0.0,0.0,0.0,0.0,0.0,0.0
lignite_coal_plant,power,IE,0,gigawatt,0.0,0.0,0.0,0.0,0.0,0.0
lignite_coal_plant,power,IT,0,gigawatt,0.0,0.0,0.0,0.0,0.0,0.0
lignite_coal_plant,power,LT,0,gigawatt,0.0,0.0,0.0,0.0,0.0,0.0
lignite_coal_plant,power,LU,0,gigawatt,0.0,0.0,0.0,0.0,0.0,0.0
lignite_coal_plant,power,LV,0,gigawatt,0.0,0.0,0.0,0.0,0.0,0.0
lignite_coal_plant,power,NL,0,gigawatt,0.0,0.0,0.0,0.0,0.0,0.0
lignite_coal_plant,power,NO,0,gigawatt,0.0,0.0,0.0,0.0,0.0,0.0
lignite_coal_plant,power,PL,0,gigawatt,0.0,0.0,0.0,2532.1991188141405,2532.1991188141405,2845.167549229371
lignite_coal_plant,power,PT,0,gigawatt,0.0,0.0,0.0,0.0,0.0,0.0
lignite_coal_plant,power,RO,0,gigawatt,0.0,0.0,0.0,2532.1991188141405,2532.1991188141405,2845.167549229371
lignite_coal_plant,power,SE,0,gigawatt,0.0,0.0,0.0,0.0,0.0,0.0
lignite_coal_plant,power,SI,0,gigawatt,0.0,0.0,0.0,0.0,0.0,0.0
lignite_coal_plant,power,SK,0,gigawatt,0.0,0.0,0.0,0.0,0.0,0.0
lignite_coal_plant,power,UK,0,gigawatt,0.0,0.0,0.0,0.0,0.0,0.0
lng_terminal,power,AT,0,gigawatt,0.0,0.0,0.0,-9046.048402287777,-9046.048402287777,-9046.048402287777
lng_terminal,power,BE,0,gigawatt,0.0,0.0,0.0,0.0,0.0,0.0
lng_terminal,power,BG,0,gigawatt,0.0,0.0,0.0,-8795.373194826514,-8795.373194826514,-8795.373194826514
lng_terminal,power,CH,0,gigawatt,0.0,0.0,0.0,-9026.566877376936,-9026.566877376936,-9026.566877376936
lng_terminal,power,CZ,0,gigawatt,0.0,0.0,0.0,-9229.611322870942,-9229.611322870942,-9229.611322870942
lng_terminal,power,DE,0,gigawatt,0.0,0.0,-1.0,112.0841626,112.0841626,112.0841626
lng_terminal,power,DK,0,gigawatt,0.0,0.0,0.0,-9212.699288118747,-9212.699288118747,-9212.699288118747
lng_terminal,power,EE,0,gigawatt,0.0,0.0,-1.0,112.0841626,112.0841626,112.0841626
lng_terminal,power,EL,0,gigawatt,0.0,0.0,0.0,0.0,0.0,0.0
lng_terminal,power,ES,0,gigawatt,0.0,0.0,0.0,0.0,0.0,0.0
lng_terminal,power,FI,0,gigawatt,0.0,0.0,-1.0,112.0841626,112.0841626,112.0841626
lng_terminal,power,FR,0,gigawatt,0.0,0.0,0.0,0.0,0.0,0.0
lng_terminal,power,HR,0,gigawatt,0.0,0.0,-1.0,112.0841626,112.0841626,112.0841626
lng_terminal,power,HU,0,gigawatt,0.0,0.0,0.0,-8958.113301360918,-8958.113301360918,-8958.113301360918
lng_terminal,power,IE,0,gigawatt,0.0,0.0,0.0,-8434.855475692977,-8434.855475692977,-8434.855475692977
lng_terminal,power,IT,0,gigawatt,0.0,0.0,0.0,0.0,0.0,0.0
lng_terminal,power,LT,0,gigawatt,0.0,0.0,0.0,0.0,0.0,0.0
lng_terminal,power,LU,0,gigawatt,0.0,0.0,0.0,-9109.899728822855,-9109.899728822855,-9109.899728822855
lng_terminal,power,LV,0,gigawatt,0.0,0.0,0.0,-8864.763492228536,-8864.763492228536,-8864.763492228536
lng_terminal,power,NL,0,gigawatt,0.0,0.0,0.0,0.0,0.0,0.0
lng_terminal,power,NO,0,gigawatt,0.0,0.0,0.0,-8640.914574106844,-8640.914574106844,-8640.914574106844
lng_terminal,power,PL,0,gigawatt,0.0,0.0,-1.0,112.0841626,112.0841626,112.0841626
lng_terminal,power,PT,0,gigawatt,0.0,0.0,0.0,0.0,0.0,0.0
lng_terminal,power,RO,0,gigawatt,0.0,0.0,0.0,-8640.914574106844,-8640.914574106844,-8640.914574106844
lng_terminal,power,SE,0,gigawatt,0.0,0.0,0.0,-8810.56458237738,-8810.56458237738,-8810.56458237738
lng_terminal,power,SI,0,gigawatt,0.0,0.0,0.0,-8917.915325885833,-8917.915325885833,-8917.915325885833
lng_terminal,power,SK,0,gigawatt,0.0,0.0,0.0,-9071.691195827725,-9071.691195827725,-9071.691195827725
lng_terminal,power,UK,0,gigawatt,0.0,0.0,0.0,0.0,0.0,0.0
methanation,power,AT,0,gigawatt,0.0,0.0,0.0,0.0,0.0,0.0
methanation,power,BE,0,gigawatt,0.0,0.0,0.0,0.0,0.0,0.0
methanation,power,BG,0,gigawatt,0.0,0.0,0.0,0.0,0.0,0.0
methanation,power,CH,0,gigawatt,0.0,0.0,0.0,0.0,0.0,0.0
methanation,power,CZ,0,gigawatt,0.0,0.0,0.0,0.0,0.0,0.0
methanation,power,DE,0,gigawatt,0.0,0.0,0.0,0.0,0.0,0.0
methanation,power,DK,0,gigawatt,0.0,0.0,0.0,0.0,0.0,0.0
methanation,power,EE,0,gigawatt,0.0,0.0,0.0,0.0,0.0,0.0
methanation,power,EL,0,gigawatt,0.0,0.0,0.0,0.0,0.0,0.0
methanation,power,ES,0,gigawatt,0.0,0.0,0.0,525.521091995864,525.521091995864,525.521091995864
methanation,power,FI,0,gigawatt,0.0,0.0,0.0,0.0,0.0,0.0
methanation,power,FR,0,gigawatt,0.0,0.0,0.0,0.0,0.0,0.0
methanation,power,HR,0,gigawatt,0.0,0.0,0.0,500.05238126731956,500.05238126731956,500.05238126731956
methanation,power,HU,0,gigawatt,0.0,0.0,0.0,0.0,0.0,0.0
methanation,power,IE,0,gigawatt,0.0,0.0,0.0,0.0,0.0,0.0
methanation,power,IT,0,gigawatt,0.0,0.0,0.0,0.0,0.0,0.0
methanation,power,LT,0,gigawatt,0.0,0.0,0.0,0.0,0.0,0.0
methanation,power,LU,0,gigawatt,0.0,0.0,0.0,0.0,0.0,0.0
methanation,power,LV,0,gigawatt,0.0,0.0,0.0,0.0,0.0,0.0
methanation,power,NL,0,gigawatt,0.0,0.0,0.0,0.0,0.0,0.0
methanation,power,NO,0,gigawatt,0.0,0.0,0.0,0.0,0.0,0.0
methanation,power,PL,0,gigawatt,0.0,0.0,0.0,0.0,0.0,0.0
methanation,power,PT,0,gigawatt,0.0,0.0,0.0,513.5024128663475,513.5024128663475,513.5024128663475
methanation,power,RO,0,gigawatt,0.0,0.0,0.0,0.0,0.0,0.0
methanation,power,SE,0,gigawatt,0.0,0.0,0.0,0.0,0.0,0.0
methanation,power,SI,0,gigawatt,0.0,0.0,0.0,0.0,0.0,0.0
methanation,power,SK,0,gigawatt,0.0,0.0,0.0,0.0,0.0,0.0
methanation,power,UK,0,gigawatt,0.0,0.0,0.0,0.0,0.0,0.0
methanol_ICE_ship,power,AT,0,gigawatt,0.0,0.0,0.0,699.0771942143958,699.0771942143958,1546.4434902318455
methanol_ICE_ship,power,BE,0,gigawatt,0.0,0.0,0.0,699.0771942143958,699.0771942143958,1546.4434902318455
methanol_ICE_ship,power,BG,0,gigawatt,0.0,0.0,0.0,699.0771942143958,699.0771942143958,1546.4434902318455
methanol_ICE_ship,power,CH,0,gigawatt,0.0,0.0,0.0,699.0771942143958,699.0771942143958,1546.4434902318455
methanol_ICE_ship,power,CZ,0,gigawatt,0.0,0.0,0.0,699.0771942143958,699.0771942143958,1546.4434902318455
methanol_ICE_ship,power,DE,0,gigawatt,0.0,0.0,0.0,5.684341886080802e-14,5.684341886080802e-14,1.257445326314844e-13
methanol_ICE_ship,power,DK,0,gigawatt,0.0,0.0,0.0,699.0771942143958,699.0771942143958,1546.4434902318455
methanol_ICE_ship,power,EE,0,gigawatt,0.0,0.0,0.0,699.0771942143958,699.0771942143958,1546.4434902318455
methanol_ICE_ship,power,EL,0,gigawatt,0.0,0.0,0.0,699.0771942143958,699.0771942143958,1546.4434902318455
methanol_ICE_ship,power,ES,0,gigawatt,0.0,0.0,0.0,699.0771942143958,699.0771942143958,1546.4434902318455
methanol_ICE_ship,power,FI,0,gigawatt,0.0,0.0,0.0,699.0771942143958,699.0771942143958,1546.4434902318455
methanol_ICE_ship,power,FR,0,gigawatt,0.0,0.0,0.0,699.0771942143958,699.0771942143958,1546.4434902318455
methanol_ICE_ship,power,HR,0,gigawatt,0.0,0.0,0.0,699.0771942143958,699.0771942143958,1546.4434902318455
methanol_ICE_ship,power,HU,0,gigawatt,0.0,0.0,0.0,699.0771942143958,699.0771942143958,1546.4434902318455
methanol_ICE_ship,power,IE,0,gigawatt,0.0,0.0,0.0,699.0771942143958,699.0771942143958,1546.4434902318455
methanol_ICE_ship,power,IT,0,gigawatt,0.0,0.0,0.0,699.0771942143958,699.0771942143958,1546.4434902318455
methanol_ICE_ship,power,LT,0,gigawatt,0.0,0.0,0.0,699.0771942143958,699.0771942143958,1546.4434902318455
methanol_ICE_ship,power,LU,0,gigawatt,0.0,0.0,0.0,505.0,505.0,1117.1212121212122
methanol_ICE_ship,power,LV,0,gigawatt,0.0,0.0,0.0,699.0771942143958,699.0771942143958,1546.4434902318455
methanol_ICE_ship,power,NL,0,gigawatt,0.0,0.0,0.0,699.0771942143958,699.0771942143958,1546.4434902318455
methanol_ICE_ship,power,NO,0,gigawatt,0.0,0.0,0.0,505.0,505.0,1117.1212121212122
methanol_ICE_ship,power,PL,0,gigawatt,0.0,0.0,0.0,699.0771942143958,699.0771942143958,1546.4434902318455
methanol_ICE_ship,power,PT,0,gigawatt,0.0,0.0,0.0,699.0771942143958,699.0771942143958,1546.4434902318455
methanol_ICE_ship,power,RO,0,gigawatt,0.0,0.0,0.0,699.0771942143958,699.0771942143958,1546.4434902318455
methanol_ICE_ship,power,SE,0,gigawatt,0.0,0.0,0.0,699.0771942143958,699.0771942143958,1546.4434902318455
methanol_ICE_ship,power,SI,0,gigawatt,0.0,0.0,0.0,699.0771942143958,699.0771942143958,1546.4434902318455
methanol_ICE_ship,power,SK,0,gigawatt,0.0,0.0,0.0,505.0,505.0,1117.1212121212122
methanol_ICE_ship,power,UK,0,gigawatt,0.0,0.0,0.0,699.0771942143958,699.0771942143958,1546.4434902318455
methanol_from_biomass,power,AT,0,gigawatt,0.0,0.0,0.0,2142.2114380289913,2142.2114380289913,2142.2114380289913
methanol_from_biomass,power,BE,0,gigawatt,0.0,0.0,0.0,2142.2114380289913,2142.2114380289913,2142.2114380289913
methanol_from_biomass,power,BG,0,gigawatt,0.0,0.0,0.0,2142.2114380289913,2142.2114380289913,2142.2114380289913
methanol_from_biomass,power,CH,0,gigawatt,0.0,0.0,0.0,2142.2114380289913,2142.2114380289913,2142.2114380289913
methanol_from_biomass,power,CZ,0,gigawatt,0.0,0.0,0.0,2079.400071489236,2079.400071489236,2079.400071489236
methanol_from_biomass,power,DE,0,gigawatt,0.0,0.0,0.0,2142.2114380289913,2142.2114380289913,2142.2114380289913
methanol_from_biomass,power,DK,0,gigawatt,0.0,0.0,0.0,683.0295473723919,683.0295473723919,683.0295473723919
methanol_from_biomass,power,EE,0,gigawatt,0.0,0.0,0.0,892.8418853818374,892.8418853818374,892.8418853818374
methanol_from_biomass,power,EL,0,gigawatt,0.0,0.0,0.0,2142.2114380289913,2142.2114380289913,2142.2114380289913
methanol_from_biomass,power,ES,0,gigawatt,0.0,0.0,0.0,2142.2114380289913,2142.2114380289913,2142.2114380289913
methanol_from_biomass,power,FI,0,gigawatt,0.0,0.0,0.0,2142.2114380289913,2142.2114380289913,2142.2114380289913
methanol_from_biomass,power,FR,0,gigawatt,0.0,0.0,0.0,2050.253783415481,2050.253783415481,2050.253783415481
methanol_from_biomass,power,HR,0,gigawatt,0.0,0.0,0.0,2086.3035237431423,2086.3035237431423,2086.3035237431423
methanol_from_biomass,power,HU,0,gigawatt,0.0,0.0,0.0,2102.701601327042,2102.701601327042,2102.701601327042
methanol_from_biomass,power,IE,0,gigawatt,0.0,0.0,0.0,2142.2114380289913,2142.2114380289913,2142.2114380289913
methanol_from_biomass,power,IT,0,gigawatt,0.0,0.0,0.0,2142.2114380289913,2142.2114380289913,2142.2114380289913
methanol_from_biomass,power,LT,0,gigawatt,0.0,0.0,0.0,1492.5681446037804,1492.5681446037804,1492.5681446037804
methanol_from_biomass,power,LU,0,gigawatt,0.0,0.0,0.0,1007.78851972351,1007.78851972351,1007.78851972351
methanol_from_biomass,power,LV,0,gigawatt,0.0,0.0,0.0,1917.6112262080405,1917.6112262080405,1917.6112262080405
methanol_from_biomass,power,NL,0,gigawatt,0.0,0.0,0.0,2062.142569053955,2062.142569053955,2062.142569053955
methanol_from_biomass,power,NO,0,gigawatt,0.0,0.0,0.0,2142.2114380289913,2142.2114380289913,2142.2114380289913
methanol_from_biomass,power,PL,0,gigawatt,0.0,0.0,0.0,2142.2114380289913,2142.2114380289913,2142.2114380289913
methanol_from_biomass,power,PT,0,gigawatt,0.0,0.0,0.0,2140.229897450157,2140.229897450157,2140.229897450157
methanol_from_biomass,power,RO,0,gigawatt,0.0,0.0,0.0,2142.2114380289913,2142.2114380289913,2142.2114380289913
methanol_from_biomass,power,SE,0,gigawatt,0.0,0.0,0.0,2142.2114380289913,2142.2114380289913,2142.2114380289913
methanol_from_biomass,power,SI,0,gigawatt,0.0,0.0,0.0,703.8766535739247,703.8766535739247,703.8766535739247
methanol_from_biomass,power,SK,0,gigawatt,0.0,0.0,0.0,2142.2114380289913,2142.2114380289913,2142.2114380289913
methanol_from_biomass,power,UK,0,gigawatt,0.0,0.0,0.0,996.3027994095947,996.3027994095947,996.3027994095947
methanol_from_hydrogen,power,AT,0,gigawatt,0.0,0.0,0.0,115.11119497332459,115.11119497332459,115.11119497332459
methanol_from_hydrogen,power,BE,0,gigawatt,0.0,0.0,0.0,406.0069055881405,406.0069055881405,406.0069055881405
methanol_from_hydrogen,power,BG,0,gigawatt,0.0,0.0,0.0,237.52529173310995,237.52529173310995,237.52529173310995
methanol_from_hydrogen,power,CH,0,gigawatt,0.0,0.0,0.0,104.15341285827401,104.15341285827401,104.15341285827401
methanol_from_hydrogen,power,CZ,0,gigawatt,0.0,0.0,0.0,120.16485348289837,120.16485348289837,120.16485348289837
methanol_from_hydrogen,power,DE,0,gigawatt,0.0,0.0,0.0,125.45346206215777,125.45346206215777,125.45346206215777
methanol_from_hydrogen,power,DK,0,gigawatt,0.0,0.0,0.0,958.4887740385972,958.4887740385972,958.4887740385972
methanol_from_hydrogen,power,EE,0,gigawatt,0.0,0.0,0.0,958.4887740385972,958.4887740385972,958.4887740385972
methanol_from_hydrogen,power,EL,0,gigawatt,0.0,0.0,0.0,272.55064114454694,272.55064114454694,272.55064114454694
methanol_from_hydrogen,power,ES,0,gigawatt,0.0,0.0,0.0,288.58240424055816,288.58240424055816,288.58240424055816
methanol_from_hydrogen,power,FI,0,gigawatt,0.0,0.0,0.0,905.7042917617293,905.7042917617293,905.7042917617293
methanol_from_hydrogen,power,FR,0,gigawatt,0.0,0.0,0.0,302.074123947625,302.074123947625,302.074123947625
methanol_from_hydrogen,power,HR,0,gigawatt,0.0,0.0,0.0,123.10958923071382,123.10958923071382,123.10958923071382
methanol_from_hydrogen,power,HU,0,gigawatt,0.0,0.0,0.0,246.41821182544527,246.41821182544527,246.41821182544527
methanol_from_hydrogen,power,IE,0,gigawatt,0.0,0.0,0.0,862.448509359767,862.448509359767,862.448509359767
methanol_from_hydrogen,power,IT,0,gigawatt,0.0,0.0,0.0,92.88244534435705,92.88244534435705,92.88244534435705
methanol_from_hydrogen,power,LT,0,gigawatt,0.0,0.0,0.0,958.4887740385972,958.4887740385972,958.4887740385972
methanol_from_hydrogen,power,LU,0,gigawatt,0.0,0.0,0.0,958.4887740385972,958.4887740385972,958.4887740385972
methanol_from_hydrogen,power,LV,0,gigawatt,0.0,0.0,0.0,958.4887740385972,958.4887740385972,958.4887740385972
methanol_from_hydrogen,power,NL,0,gigawatt,0.0,0.0,0.0,461.52420126200934,461.52420126200934,461.52420126200934
methanol_from_hydrogen,power,NO,0,gigawatt,0.0,0.0,0.0,933.4186486264808,933.4186486264808,933.4186486264808
methanol_from_hydrogen,power,PL,0,gigawatt,0.0,0.0,0.0,344.1419322722396,344.1419322722396,344.1419322722396
methanol_from_hydrogen,power,PT,0,gigawatt,0.0,0.0,0.0,85.76072377620221,85.76072377620221,85.76072377620221
methanol_from_hydrogen,power,RO,0,gigawatt,0.0,0.0,0.0,563.082713229199,563.082713229199,563.082713229199
methanol_from_hydrogen,power,SE,0,gigawatt,0.0,0.0,0.0,752.3813035813895,752.3813035813895,752.3813035813895
methanol_from_hydrogen,power,SI,0,gigawatt,0.0,0.0,0.0,958.4887740385972,958.4887740385972,958.4887740385972
methanol_from_hydrogen,power,SK,0,gigawatt,0.0,0.0,0.0,246.2989155896447,246.2989155896447,246.2989155896447
methanol_from_hydrogen,power,UK,0,gigawatt,0.0,0.0,0.0,752.7618672558499,752.7618672558499,752.7618672558499
methanol_from_natural_gas,power,AT,0,gigawatt,1.4860456562307687,0.0,0.0,0.0,0.0,0.0
methanol_from_natural_gas,power,BE,0,gigawatt,3.2828200430351915,0.0,0.0,0.0,0.0,0.0
methanol_from_natural_gas,power,BG,0,gigawatt,0.4193915079584243,0.0,0.0,0.0,0.0,0.0
methanol_from_natural_gas,power,CH,0,gigawatt,1.252146764381449,0.0,0.0,0.0,0.0,0.0
methanol_from_natural_gas,power,CZ,0,gigawatt,1.0662190483184262,0.0,0.0,0.0,0.0,0.0
methanol_from_natural_gas,power,DE,0,gigawatt,9.864056217941625,0.0,0.0,0.0,0.0,0.0
methanol_from_natural_gas,power,DK,0,gigawatt,0.0,0.0,0.0,969.5923009337216,969.5923009337216,969.5923009337216
methanol_from_natural_gas,power,EE,0,gigawatt,0.0,0.0,0.0,972.1087619956448,972.1087619956448,972.1087619956448
methanol_from_natural_gas,power,EL,0,gigawatt,2.5529532375802404,0.0,0.0,0.0,0.0,0.0
methanol_from_natural_gas,power,ES,0,gigawatt,2.1220949556783393,0.0,0.0,0.0,0.0,0.0
methanol_from_natural_gas,power,FI,0,gigawatt,0.6409139230950027,0.0,0.0,0.0,0.0,0.0
methanol_from_natural_gas,power,FR,0,gigawatt,4.8253144080887145,0.0,0.0,0.0,0.0,0.0
methanol_from_natural_gas,power,HR,0,gigawatt,0.06137361844229764,0.0,0.0,0.0,0.0,0.0
methanol_from_natural_gas,power,HU,0,gigawatt,1.4557677932866584,0.0,0.0,0.0,0.0,0.0
methanol_from_natural_gas,power,IE,0,gigawatt,0.10084349928096524,0.0,0.0,0.0,0.0,0.0
methanol_from_natural_gas,power,IT,0,gigawatt,4.811933059113123,0.0,0.0,0.0,0.0,0.0
methanol_from_natural_gas,power,LT,0,gigawatt,0.0,0.0,0.0,972.1087619956448,972.1087619956448,972.1087619956448
methanol_from_natural_gas,power,LU,0,gigawatt,0.0,0.0,0.0,972.1087619956448,972.1087619956448,972.1087619956448
methanol_from_natural_gas,power,LV,0,gigawatt,0.0,0.0,0.0,972.1087619956448,972.1087619956448,972.1087619956448
methanol_from_natural_gas,power,NL,0,gigawatt,13.449512709465811,0.0,0.0,0.0,0.0,0.0
methanol_from_natural_gas,power,NO,0,gigawatt,5.250688264665776,0.0,0.0,0.0,0.0,0.0
methanol_from_natural_gas,power,PL,0,gigawatt,2.9935496527033907,0.0,0.0,0.0,0.0,0.0
methanol_from_natural_gas,power,PT,0,gigawatt,1.4263418520455935,0.0,0.0,0.0,0.0,0.0
methanol_from_natural_gas,power,RO,0,gigawatt,0.19679782870389806,0.0,0.0,0.0,0.0,0.0
methanol_from_natural_gas,power,SE,0,gigawatt,0.2831413800647814,0.0,0.0,0.0,0.0,0.0
methanol_from_natural_gas,power,SI,0,gigawatt,0.0,0.0,0.0,972.1087619956448,972.1087619956448,972.1087619956448
methanol_from_natural_gas,power,SK,0,gigawatt,0.8600134887421601,0.0,0.0,0.0,0.0,0.0
methanol_from_natural_gas,power,UK,0,gigawatt,2.8371378282925765,0.0,0.0,0.0,0.0,0.0
natural_gas_boiler,power,AT,0,gigawatt,0.0,0.0,0.0,130.80710515835722,130.80710515835722,369.27888155597964
natural_gas_boiler,power,BE,0,gigawatt,0.0,0.0,0.0,405.20299006126004,405.20299006126004,1182.6341583611131
natural_gas_boiler,power,BG,0,gigawatt,0.0,0.0,0.0,423.6560911766507,423.6560911766507,1380.3910349369773
natural_gas_boiler,power,CH,0,gigawatt,0.0,0.0,0.0,377.0841967112339,377.0841967112339,1120.5868913135473
natural_gas_boiler,power,CZ,0,gigawatt,0.0,0.0,0.0,186.9180428868999,186.9180428868999,569.1934432404253
natural_gas_boiler,power,DE,0,gigawatt,0.0,0.0,0.0,123.83338977082656,123.83338977082656,387.9275513855125
natural_gas_boiler,power,DK,0,gigawatt,0.0,0.0,0.0,508.18460367796473,508.18460367796473,1368.187331813191
natural_gas_boiler,power,EE,0,gigawatt,0.0,0.0,0.0,331.8903905972726,331.8903905972726,1131.0885606061368
natural_gas_boiler,power,EL,0,gigawatt,0.0,0.0,0.0,469.42215695290815,469.42215695290815,1945.577263674247
natural_gas_boiler,power,ES,0,gigawatt,0.0,0.0,0.0,296.61692227574383,296.61692227574383,802.6685701670862
natural_gas_boiler,power,FI,0,gigawatt,0.0,0.0,0.0,403.31677124119324,403.31677124119324,1133.1286010469357
natural_gas_boiler,power,FR,0,gigawatt,0.0,0.0,0.0,294.99705247100303,294.99705247100303,814.916638983095
natural_gas_boiler,power,HR,0,gigawatt,0.0,0.0,0.0,370.2771215040823,370.2771215040823,978.2202628031771
natural_gas_boiler,power,HU,0,gigawatt,0.0,0.0,0.0,278.67290132173434,278.67290132173434,827.435504896483
natural_gas_boiler,power,IE,0,gigawatt,0.0,0.0,0.0,628.8284116180948,628.8284116180948,1792.0981767085616
natural_gas_boiler,power,IT,0,gigawatt,0.0,0.0,0.0,0.0,0.0,0.0
natural_gas_boiler,power,LT,0,gigawatt,0.0,0.0,0.0,395.7694641044168,395.7694641044168,1116.110104261616
natural_gas_boiler,power,LU,0,gigawatt,0.0,0.0,0.0,169.70709627633977,169.70709627633977,527.4887855545616
natural_gas_boiler,power,LV,0,gigawatt,0.0,0.0,0.0,0.0,0.0,0.0
natural_gas_boiler,power,NL,0,gigawatt,0.0,0.0,0.0,0.0,0.0,0.0
natural_gas_boiler,power,NO,0,gigawatt,0.0,0.0,0.0,295.3776394519518,295.3776394519518,807.8302085929129
natural_gas_boiler,power,PL,0,gigawatt,0.0,0.0,0.0,274.93677260037555,274.93677260037555,827.3720391010029
natural_gas_boiler,power,PT,0,gigawatt,0.0,0.0,0.0,403.7323987501933,403.7323987501933,1056.998623651188
natural_gas_boiler,power,RO,0,gigawatt,0.0,0.0,0.0,103.82672678194581,103.82672678194581,341.4542242019493
natural_gas_boiler,power,SE,0,gigawatt,0.0,0.0,0.0,508.53666353333847,508.53666353333847,1316.5275579707973
natural_gas_boiler,power,SI,0,gigawatt,0.0,0.0,0.0,159.17372741500708,159.17372741500708,468.039533250963
natural_gas_boiler,power,SK,0,gigawatt,0.0,0.0,0.0,181.84382010815887,181.84382010815887,586.2175103656903
natural_gas_boiler,power,UK,0,gigawatt,0.0,0.0,0.0,347.53850862199977,347.53850862199977,982.7925402563177
natural_gas_boiler_DH,power,AT,0,gigawatt,0.008424968501319014,0.0,0.0,0.0,0.0,0.0
natural_gas_boiler_DH,power,BE,0,gigawatt,0.012406685200031624,0.0,0.0,0.0,0.0,0.0
natural_gas_boiler_DH,power,BG,0,gigawatt,0.006387434245426763,0.0,0.0,0.0,0.0,0.0
natural_gas_boiler_DH,power,CH,0,gigawatt,0.006998765227985657,0.0,0.0,0.0,0.0,0.0
natural_gas_boiler_DH,power,CZ,0,gigawatt,0.004506141972428958,0.0,0.0,0.0,0.0,0.0
natural_gas_boiler_DH,power,DE,0,gigawatt,0.08229310826860765,0.0,0.0,0.0,0.0,0.0
natural_gas_boiler_DH,power,DK,0,gigawatt,0.005617243193379667,0.0,0.0,0.0,0.0,0.0
natural_gas_boiler_DH,power,EE,0,gigawatt,0.0007040332843710759,0.0,0.0,0.0,0.0,0.0
natural_gas_boiler_DH,power,EL,0,gigawatt,0.22101611437935154,0.0,0.0,0.0,0.0,0.0
natural_gas_boiler_DH,power,ES,0,gigawatt,0.11382724143724714,0.0,0.0,0.0,0.0,0.0
natural_gas_boiler_DH,power,FI,0,gigawatt,0.11848934046425,0.0,0.0,0.0,0.0,0.0
natural_gas_boiler_DH,power,FR,0,gigawatt,0.013685716329308135,0.0,0.0,0.0,0.0,0.0
natural_gas_boiler_DH,power,HR,0,gigawatt,0.011720169667535491,0.0,0.0,0.0,0.0,0.0
natural_gas_boiler_DH,power,HU,0,gigawatt,0.06728380479049294,0.0,0.0,0.0,0.0,0.0
natural_gas_boiler_DH,power,IE,0,gigawatt,0.0,0.0,0.0,135.6830018165713,135.6830018165713,182.13405235625248
natural_gas_boiler_DH,power,IT,0,gigawatt,0.04292559485655602,0.0,0.0,0.0,0.0,0.0
natural_gas_boiler_DH,power,LT,0,gigawatt,0.0018030890073813773,0.0,0.0,0.0,0.0,0.0
natural_gas_boiler_DH,power,LU,0,gigawatt,0.0032625315325799514,0.0,0.0,0.0,0.0,0.0
natural_gas_boiler_DH,power,LV,0,gigawatt,0.0012811964660473893,0.0,0.0,0.0,0.0,0.0
natural_gas_boiler_DH,power,NL,0,gigawatt,0.05251009402444318,0.0,0.0,0.0,0.0,0.0
natural_gas_boiler_DH,power,NO,0,gigawatt,0.006708896119748665,0.0,0.0,0.0,0.0,0.0
natural_gas_boiler_DH,power,PL,0,gigawatt,0.030666618057314275,0.0,0.0,0.0,0.0,0.0
natural_gas_boiler_DH,power,PT,0,gigawatt,0.0,0.0,0.0,135.6830018165713,135.6830018165713,157.2777813962145
natural_gas_boiler_DH,power,RO,0,gigawatt,0.019633258440723087,0.0,0.0,0.0,0.0,0.0
natural_gas_boiler_DH,power,SE,0,gigawatt,0.0,0.0,0.0,1.7487433929850056,1.7487433929850056,2.03911289263192
natural_gas_boiler_DH,power,SI,0,gigawatt,0.0021944004814174398,0.0,0.0,0.0,0.0,0.0
natural_gas_boiler_DH,power,SK,0,gigawatt,0.004275774290037721,0.0,0.0,0.0,0.0,0.0
natural_gas_boiler_DH,power,UK,0,gigawatt,0.0,0.0,0.0,135.21624038293865,135.21624038293865,160.73175200435696
natural_gas_turbine,power,AT,0,gigawatt,4.153866061174217,0.0,0.0,0.0,0.0,0.0
natural_gas_turbine,power,BE,0,gigawatt,9.897891120254865,0.0,0.0,0.0,0.0,0.0
natural_gas_turbine,power,BG,0,gigawatt,0.0,0.0,0.0,0.0,0.0,0.0
natural_gas_turbine,power,CH,0,gigawatt,8.789659873611512,0.0,0.0,0.0,0.0,0.0
natural_gas_turbine,power,CZ,0,gigawatt,0.0,0.0,0.0,293.6692564019577,293.6692564019577,315.7733939805997
natural_gas_turbine,power,DE,0,gigawatt,37.30739578744952,0.0,0.0,0.0,0.0,0.0
natural_gas_turbine,power,DK,0,gigawatt,0.0,0.0,0.0,765.6176533441119,765.6176533441119,823.2447885420559
natural_gas_turbine,power,EE,0,gigawatt,0.0,0.0,0.0,782.5133494600868,782.5133494600868,841.4122037205235
natural_gas_turbine,power,EL,0,gigawatt,0.0,0.0,0.0,232.3845190391081,232.3845190391081,249.8758269237722
natural_gas_turbine,power,ES,0,gigawatt,0.5702644841686686,0.0,0.0,0.0,0.0,0.0
natural_gas_turbine,power,FI,0,gigawatt,0.7127405892504278,0.0,0.0,0.0,0.0,0.0
natural_gas_turbine,power,FR,0,gigawatt,0.0,0.0,0.0,845.5140197223938,845.5140197223938,909.1548599165525
natural_gas_turbine,power,HR,0,gigawatt,0.0,0.0,0.0,183.42735744077288,183.42735744077288,197.23371767825043
natural_gas_turbine,power,HU,0,gigawatt,0.0,0.0,0.0,76.92578259555114,76.92578259555114,82.71589526403349
natural_gas_turbine,power,IE,0,gigawatt,0.0,0.0,0.0,1060.4710475134334,1060.4710475134334,1140.2914489391758
natural_gas_turbine,power,IT,0,gigawatt,0.0,0.0,0.0,0.0,0.0,0.0
natural_gas_turbine,power,LT,0,gigawatt,0.0,0.0,0.0,916.393876695962,916.393876695962,985.3697598881313
natural_gas_turbine,power,LU,0,gigawatt,0.0,0.0,0.0,50.09696882796254,50.09696882796254,53.867708417164025
natural_gas_turbine,power,LV,0,gigawatt,0.0,0.0,0.0,784.7497024680135,784.7497024680135,843.8168843742081
natural_gas_turbine,power,NL,0,gigawatt,0.0,0.0,0.0,426.81429783447476,426.81429783447476,458.94010519835996
natural_gas_turbine,power,NO,0,gigawatt,0.0,0.0,0.0,787.3643556884458,787.3643556884458,846.6283394499418
natural_gas_turbine,power,PL,0,gigawatt,3.336731940174224,0.0,0.0,0.0,0.0,0.0
natural_gas_turbine,power,PT,0,gigawatt,0.0,0.0,0.0,0.0,0.0,0.0
natural_gas_turbine,power,RO,0,gigawatt,0.0,0.0,0.0,0.0,0.0,0.0
natural_gas_turbine,power,SE,0,gigawatt,0.0,0.0,0.0,0.0,0.0,0.0
natural_gas_turbine,power,SI,0,gigawatt,0.0,0.0,0.0,0.0,0.0,0.0
natural_gas_turbine,power,SK,0,gigawatt,0.0,0.0,0.0,76.53700278509848,76.53700278509848,82.29785245709515
natural_gas_turbine,power,UK,0,gigawatt,0.0,0.0,0.0,505.95162292947936,505.95162292947936,544.0340031499778
nuclear,power,AT,0,gigawatt,0.0,0.0,0.0,-8622.281554586045,-8622.281554586045,-9372.045168028308
nuclear,power,BE,0,gigawatt,5.943,0.0,0.0,0.0,0.0,0.0
nuclear,power,BG,0,gigawatt,4.022,0.0,0.0,0.0,0.0,0.0
nuclear,power,CH,0,gigawatt,2.92,0.0,0.0,0.0,0.0,0.0
nuclear,power,CZ,0,gigawatt,0.0,0.0,0.0,146.51348659520227,146.51348659520227,183.79976602160824
nuclear,power,DE,0,gigawatt,6.615,0.0,0.0,0.0,0.0,0.0
nuclear,power,DK,0,gigawatt,0.0,0.0,0.0,-965.120712163558,-965.120712163558,-1049.0442523516933
nuclear,power,EE,0,gigawatt,0.0,0.0,0.0,-517.0222294084397,-517.0222294084397,-561.9806841396082
nuclear,power,EL,0,gigawatt,0.0,0.0,0.0,-6694.104618735048,-6694.104618735048,-7276.200672538094
nuclear,power,ES,0,gigawatt,0.0,0.0,0.0,0.0,0.0,0.0
nuclear,power,FI,0,gigawatt,0.0,0.0,0.0,0.0,0.0,0.0
nuclear,power,FR,0,gigawatt,0.0,0.0,0.0,4063.2890897891093,4063.2890897891093,6082.921404034982
nuclear,power,HR,0,gigawatt,0.0,0.0,0.0,-6797.481500479133,-6797.481500479133,-7388.566848346882
nuclear,power,HU,0,gigawatt,2.0,0.0,0.0,0.0,0.0,0.0
nuclear,power,IE,0,gigawatt,0.0,0.0,0.0,1423.5680158518207,1423.5680158518207,1547.3565389693701
nuclear,power,IT,0,gigawatt,0.0,0.0,0.0,-7133.503910399879,-7133.503910399879,-7753.808598260736
nuclear,power,LT,0,gigawatt,0.0,0.0,0.0,-1624.8171507945863,-1624.8171507945863,-1766.1055986897675
nuclear,power,LU,0,gigawatt,0.0,0.0,0.0,-7177.665614712161,-7177.665614712161,-7801.810450774087
nuclear,power,LV,0,gigawatt,0.0,0.0,0.0,-1081.8986690009851,-1081.8986690009851,-1175.9768141315053
nuclear,power,NL,0,gigawatt,0.0,0.0,0.0,0.0,0.0,0.0
nuclear,power,NO,0,gigawatt,0.0,0.0,0.0,-1463.7216700606486,-1463.7216700606486,-1591.0018152833136
nuclear,power,PL,0,gigawatt,0.0,0.0,0.0,-7408.946045877779,-7408.946045877779,-8053.202223780194
nuclear,power,PT,0,gigawatt,0.0,0.0,0.0,-3813.3075585441566,-3813.3075585441566,-4144.899520156691
nuclear,power,RO,0,gigawatt,2.74,0.0,0.0,0.0,0.0,0.0
nuclear,power,SE,0,gigawatt,0.0,0.0,0.0,698.1572699389035,698.1572699389035,855.8672827150101
nuclear,power,SI,0,gigawatt,0.696,0.0,0.0,0.0,0.0,0.0
nuclear,power,SK,0,gigawatt,1.7480000000000002,0.0,0.0,0.0,0.0,0.0
nuclear,power,UK,0,gigawatt,0.0,0.0,0.0,0.0,0.0,0.0
oil_boiler,power,AT,0,gigawatt,0.0,0.0,0.0,300.7725541250466,300.7725541250466,849.104888114225
oil_boiler,power,BE,0,gigawatt,0.0,0.0,0.0,300.7725541250466,300.7725541250466,877.8412428595856
oil_boiler,power,BG,0,gigawatt,0.0,0.0,0.0,446.6704071943134,446.6704071943134,1455.3781675844848
oil_boiler,power,CH,0,gigawatt,0.0,0.0,0.0,446.6704071943134,446.6704071943134,1327.3773003617373
oil_boiler,power,CZ,0,gigawatt,0.0,0.0,0.0,446.6704071943134,446.6704071943134,1360.1783066943963
oil_boiler,power,DE,0,gigawatt,0.0,0.0,0.0,300.7725541250466,300.7725541250466,942.2172861586607
oil_boiler,power,DK,0,gigawatt,0.0,0.0,0.0,0.0,0.0,0.0
oil_boiler,power,EE,0,gigawatt,0.0,0.0,0.0,446.6704071943134,446.6704071943134,1522.2609700436585
oil_boiler,power,EL,0,gigawatt,0.0,0.0,0.0,300.7725541250466,300.7725541250466,1246.5884581192163
oil_boiler,power,ES,0,gigawatt,0.0,0.0,0.0,300.7725541250466,300.7725541250466,813.9140346841773
oil_boiler,power,FI,0,gigawatt,0.0,0.0,0.0,446.6704071943134,446.6704071943134,1254.9317304002625
oil_boiler,power,FR,0,gigawatt,0.0,0.0,0.0,446.6704071943134,446.6704071943134,1233.9077421791526
oil_boiler,power,HR,0,gigawatt,0.0,0.0,0.0,446.6704071943134,446.6704071943134,1180.040617516808
oil_boiler,power,HU,0,gigawatt,0.0,0.0,0.0,276.831225832056,276.831225832056,821.9672025196469
oil_boiler,power,IE,0,gigawatt,0.0,0.0,0.0,446.6704071943134,446.6704071943134,1272.9660548619615
oil_boiler,power,IT,0,gigawatt,0.0,0.0,0.0,446.6704071943134,446.6704071943134,1443.5674863889676
oil_boiler,power,LT,0,gigawatt,0.0,0.0,0.0,446.6704071943134,446.6704071943134,1259.6559359938249
oil_boiler,power,LU,0,gigawatt,0.0,0.0,0.0,294.0363873735402,294.0363873735402,913.9328895944537
oil_boiler,power,LV,0,gigawatt,0.0,0.0,0.0,0.0,0.0,0.0
oil_boiler,power,NL,0,gigawatt,0.0,0.0,0.0,0.0,0.0,0.0
oil_boiler,power,NO,0,gigawatt,0.0,0.0,0.0,300.7725541250466,300.7725541250466,822.5847954796974
oil_boiler,power,PL,0,gigawatt,0.0,0.0,0.0,446.6704071943134,446.6704071943134,1344.173069724648
oil_boiler,power,PT,0,gigawatt,0.0,0.0,0.0,300.7725541250466,300.7725541250466,787.442812928509
oil_boiler,power,RO,0,gigawatt,0.0,0.0,0.0,300.7725541250466,300.7725541250466,989.1485777616258
oil_boiler,power,SE,0,gigawatt,0.0,0.0,0.0,446.6704071943134,446.6704071943134,1156.3648062570803
oil_boiler,power,SI,0,gigawatt,0.0,0.0,0.0,446.6704071943134,446.6704071943134,1313.4039913205781
oil_boiler,power,SK,0,gigawatt,0.0,0.0,0.0,446.6704071943134,446.6704071943134,1439.950029116943
oil_boiler,power,UK,0,gigawatt,0.0,0.0,0.0,300.7725541250466,300.7725541250466,850.5446595831527
oil_boiler_DH,power,AT,0,gigawatt,0.0,0.0,0.0,0.0,0.0,0.0
oil_boiler_DH,power,BE,0,gigawatt,0.0,0.0,0.0,0.0,0.0,0.0
oil_boiler_DH,power,BG,0,gigawatt,0.0,0.0,0.0,0.0,0.0,0.0
oil_boiler_DH,power,CH,0,gigawatt,0.0,0.0,0.0,0.0,0.0,0.0
oil_boiler_DH,power,CZ,0,gigawatt,0.0,0.0,0.0,0.0,0.0,0.0
oil_boiler_DH,power,DE,0,gigawatt,0.0,0.0,0.0,668.7688301802339,668.7688301802339,787.1471749152134
oil_boiler_DH,power,DK,0,gigawatt,0.0,0.0,0.0,0.0,0.0,0.0
oil_boiler_DH,power,EE,0,gigawatt,0.0,0.0,0.0,0.0,0.0,0.0
oil_boiler_DH,power,EL,0,gigawatt,0.0,0.0,0.0,0.0,0.0,0.0
oil_boiler_DH,power,ES,0,gigawatt,0.0,0.0,0.0,0.0,0.0,0.0
oil_boiler_DH,power,FI,0,gigawatt,0.0,0.0,0.0,668.7688301802339,668.7688301802339,853.3132288156169
oil_boiler_DH,power,FR,0,gigawatt,0.0,0.0,0.0,0.0,0.0,0.0
oil_boiler_DH,power,HR,0,gigawatt,0.0,0.0,0.0,0.0,0.0,0.0
oil_boiler_DH,power,HU,0,gigawatt,0.0,0.0,0.0,272.590986392457,272.590986392457,368.81438495554903
oil_boiler_DH,power,IE,0,gigawatt,0.0,0.0,0.0,0.0,0.0,0.0
oil_boiler_DH,power,IT,0,gigawatt,0.0,0.0,0.0,0.0,0.0,0.0
oil_boiler_DH,power,LT,0,gigawatt,0.0,0.0,0.0,0.0,0.0,0.0
oil_boiler_DH,power,LU,0,gigawatt,0.0,0.0,0.0,0.0,0.0,0.0
oil_boiler_DH,power,LV,0,gigawatt,0.0,0.0,0.0,0.0,0.0,0.0
oil_boiler_DH,power,NL,0,gigawatt,0.0,0.0,0.0,0.0,0.0,0.0
oil_boiler_DH,power,NO,0,gigawatt,0.0,0.0,0.0,0.0,0.0,0.0
oil_boiler_DH,power,PL,0,gigawatt,0.0,0.0,0.0,0.0,0.0,0.0
oil_boiler_DH,power,PT,0,gigawatt,0.0,0.0,0.0,0.0,0.0,0.0
oil_boiler_DH,power,RO,0,gigawatt,0.0,0.0,0.0,0.0,0.0,0.0
oil_boiler_DH,power,SE,0,gigawatt,0.0,0.0,0.0,0.0,0.0,0.0
oil_boiler_DH,power,SI,0,gigawatt,0.0,0.0,0.0,0.0,0.0,0.0
oil_boiler_DH,power,SK,0,gigawatt,0.0,0.0,0.0,0.0,0.0,0.0
oil_boiler_DH,power,UK,0,gigawatt,0.0,0.0,0.0,0.0,0.0,0.0
oil_plant,power,AT,0,gigawatt,0.0,0.0,0.0,0.0,0.0,0.0
oil_plant,power,BE,0,gigawatt,0.0,0.0,0.0,0.0,0.0,0.0
oil_plant,power,BG,0,gigawatt,0.0,0.0,0.0,0.0,0.0,0.0
oil_plant,power,CH,0,gigawatt,0.0,0.0,0.0,0.0,0.0,0.0
oil_plant,power,CZ,0,gigawatt,0.0,0.0,0.0,0.0,0.0,0.0
oil_plant,power,DE,0,gigawatt,0.0,0.0,0.0,0.0,0.0,0.0
oil_plant,power,DK,0,gigawatt,0.0,0.0,0.0,0.0,0.0,0.0
oil_plant,power,EE,0,gigawatt,0.0,0.0,0.0,0.0,0.0,0.0
oil_plant,power,EL,0,gigawatt,0.0,0.0,0.0,0.0,0.0,0.0
oil_plant,power,ES,0,gigawatt,0.0,0.0,0.0,0.0,0.0,0.0
oil_plant,power,FI,0,gigawatt,0.0,0.0,0.0,0.0,0.0,0.0
oil_plant,power,FR,0,gigawatt,0.0,0.0,0.0,0.0,0.0,0.0
oil_plant,power,HR,0,gigawatt,0.0,0.0,0.0,0.0,0.0,0.0
oil_plant,power,HU,0,gigawatt,0.0,0.0,0.0,0.0,0.0,0.0
oil_plant,power,IE,0,gigawatt,0.0,0.0,0.0,0.0,0.0,0.0
oil_plant,power,IT,0,gigawatt,0.0,0.0,0.0,0.0,0.0,0.0
oil_plant,power,LT,0,gigawatt,0.0,0.0,0.0,0.0,0.0,0.0
oil_plant,power,LU,0,gigawatt,0.0,0.0,0.0,0.0,0.0,0.0
oil_plant,power,LV,0,gigawatt,0.0,0.0,0.0,0.0,0.0,0.0
oil_plant,power,NL,0,gigawatt,0.0,0.0,0.0,0.0,0.0,0.0
oil_plant,power,NO,0,gigawatt,0.0,0.0,0.0,0.0,0.0,0.0
oil_plant,power,PL,0,gigawatt,0.0,0.0,0.0,0.0,0.0,0.0
oil_plant,power,PT,0,gigawatt,0.0,0.0,0.0,0.0,0.0,0.0
oil_plant,power,RO,0,gigawatt,0.0,0.0,0.0,0.0,0.0,0.0
oil_plant,power,SE,0,gigawatt,0.0,0.0,0.0,0.0,0.0,0.0
oil_plant,power,SI,0,gigawatt,0.0,0.0,0.0,0.0,0.0,0.0
oil_plant,power,SK,0,gigawatt,0.0,0.0,0.0,0.0,0.0,0.0
oil_plant,power,UK,0,gigawatt,0.0,0.0,0.0,0.0,0.0,0.0
oil_to_diesel_conversion,power,AT,0,gigawatt,0.0,0.0,0.0,0.0,0.0,0.0
oil_to_diesel_conversion,power,BE,0,gigawatt,0.0,0.0,0.0,0.0,0.0,0.0
oil_to_diesel_conversion,power,BG,0,gigawatt,0.0,0.0,0.0,0.0,0.0,0.0
oil_to_diesel_conversion,power,CH,0,gigawatt,0.0,0.0,0.0,0.0,0.0,0.0
oil_to_diesel_conversion,power,CZ,0,gigawatt,0.0,0.0,0.0,0.0,0.0,0.0
oil_to_diesel_conversion,power,DE,0,gigawatt,0.0,0.0,0.0,0.0,0.0,0.0
oil_to_diesel_conversion,power,DK,0,gigawatt,0.0,0.0,0.0,0.0,0.0,0.0
oil_to_diesel_conversion,power,EE,0,gigawatt,0.0,0.0,0.0,0.0,0.0,0.0
oil_to_diesel_conversion,power,EL,0,gigawatt,0.0,0.0,0.0,0.0,0.0,0.0
oil_to_diesel_conversion,power,ES,0,gigawatt,0.0,0.0,0.0,0.0,0.0,0.0
oil_to_diesel_conversion,power,FI,0,gigawatt,0.0,0.0,0.0,0.0,0.0,0.0
oil_to_diesel_conversion,power,FR,0,gigawatt,0.0,0.0,0.0,0.0,0.0,0.0
oil_to_diesel_conversion,power,HR,0,gigawatt,0.0,0.0,0.0,0.0,0.0,0.0
oil_to_diesel_conversion,power,HU,0,gigawatt,0.0,0.0,0.0,0.0,0.0,0.0
oil_to_diesel_conversion,power,IE,0,gigawatt,0.0,0.0,0.0,0.0,0.0,0.0
oil_to_diesel_conversion,power,IT,0,gigawatt,0.0,0.0,0.0,0.0,0.0,0.0
oil_to_diesel_conversion,power,LT,0,gigawatt,0.0,0.0,0.0,0.0,0.0,0.0
oil_to_diesel_conversion,power,LU,0,gigawatt,0.0,0.0,0.0,0.0,0.0,0.0
oil_to_diesel_conversion,power,LV,0,gigawatt,0.0,0.0,0.0,0.0,0.0,0.0
oil_to_diesel_conversion,power,NL,0,gigawatt,0.0,0.0,0.0,0.0,0.0,0.0
oil_to_diesel_conversion,power,NO,0,gigawatt,0.0,0.0,0.0,0.0,0.0,0.0
oil_to_diesel_conversion,power,PL,0,gigawatt,1.4050982599655981e-12,0.0,0.0,0.0,0.0,0.0
oil_to_diesel_conversion,power,PT,0,gigawatt,0.0,0.0,0.0,0.0,0.0,0.0
oil_to_diesel_conversion,power,RO,0,gigawatt,0.0,0.0,0.0,0.0,0.0,0.0
oil_to_diesel_conversion,power,SE,0,gigawatt,0.0,0.0,0.0,0.0,0.0,0.0
oil_to_diesel_conversion,power,SI,0,gigawatt,0.0,0.0,0.0,0.0,0.0,0.0
oil_to_diesel_conversion,power,SK,0,gigawatt,0.0,0.0,0.0,0.0,0.0,0.0
oil_to_diesel_conversion,power,UK,0,gigawatt,0.0,0.0,0.0,0.0,0.0,0.0
oil_to_gasoline_conversion,power,AT,0,gigawatt,0.0,0.0,0.0,0.0,0.0,0.0
oil_to_gasoline_conversion,power,BE,0,gigawatt,0.0,0.0,0.0,0.0,0.0,0.0
oil_to_gasoline_conversion,power,BG,0,gigawatt,0.0,0.0,0.0,0.0,0.0,0.0
oil_to_gasoline_conversion,power,CH,0,gigawatt,0.0,0.0,0.0,0.0,0.0,0.0
oil_to_gasoline_conversion,power,CZ,0,gigawatt,0.0,0.0,0.0,0.0,0.0,0.0
oil_to_gasoline_conversion,power,DE,0,gigawatt,0.0,0.0,0.0,0.0,0.0,0.0
oil_to_gasoline_conversion,power,DK,0,gigawatt,0.0,0.0,0.0,0.0,0.0,0.0
oil_to_gasoline_conversion,power,EE,0,gigawatt,0.0,0.0,0.0,0.0,0.0,0.0
oil_to_gasoline_conversion,power,EL,0,gigawatt,0.0,0.0,0.0,0.0,0.0,0.0
oil_to_gasoline_conversion,power,ES,0,gigawatt,0.0,0.0,0.0,0.0,0.0,0.0
oil_to_gasoline_conversion,power,FI,0,gigawatt,0.0,0.0,0.0,0.0,0.0,0.0
oil_to_gasoline_conversion,power,FR,0,gigawatt,0.0,0.0,0.0,0.0,0.0,0.0
oil_to_gasoline_conversion,power,HR,0,gigawatt,0.0,0.0,0.0,0.0,0.0,0.0
oil_to_gasoline_conversion,power,HU,0,gigawatt,0.0,0.0,0.0,0.0,0.0,0.0
oil_to_gasoline_conversion,power,IE,0,gigawatt,0.0,0.0,0.0,0.0,0.0,0.0
oil_to_gasoline_conversion,power,IT,0,gigawatt,0.0,0.0,0.0,0.0,0.0,0.0
oil_to_gasoline_conversion,power,LT,0,gigawatt,0.0,0.0,0.0,0.0,0.0,0.0
oil_to_gasoline_conversion,power,LU,0,gigawatt,0.0,0.0,0.0,0.0,0.0,0.0
oil_to_gasoline_conversion,power,LV,0,gigawatt,0.0,0.0,0.0,0.0,0.0,0.0
oil_to_gasoline_conversion,power,NL,0,gigawatt,0.0,0.0,0.0,0.0,0.0,0.0
oil_to_gasoline_conversion,power,NO,0,gigawatt,0.0,0.0,0.0,0.0,0.0,0.0
oil_to_gasoline_conversion,power,PL,0,gigawatt,0.0,0.0,0.0,0.0,0.0,0.0
oil_to_gasoline_conversion,power,PT,0,gigawatt,0.0,0.0,0.0,0.0,0.0,0.0
oil_to_gasoline_conversion,power,RO,0,gigawatt,0.0,0.0,0.0,0.0,0.0,0.0
oil_to_gasoline_conversion,power,SE,0,gigawatt,0.0,0.0,0.0,0.0,0.0,0.0
oil_to_gasoline_conversion,power,SI,0,gigawatt,0.0,0.0,0.0,0.0,0.0,0.0
oil_to_gasoline_conversion,power,SK,0,gigawatt,0.0,0.0,0.0,0.0,0.0,0.0
oil_to_gasoline_conversion,power,UK,0,gigawatt,0.0,0.0,0.0,0.0,0.0,0.0
oil_to_kerosene_conversion,power,AT,0,gigawatt,0.4420332191780822,0.0,0.0,0.0,0.0,0.0
oil_to_kerosene_conversion,power,BE,0,gigawatt,1.5943179223744293,0.0,0.0,0.0,0.0,0.0
oil_to_kerosene_conversion,power,BG,0,gigawatt,0.1875630136986301,0.0,0.0,0.0,0.0,0.0
oil_to_kerosene_conversion,power,CH,0,gigawatt,0.4420332191780822,0.0,0.0,0.0,0.0,0.0
oil_to_kerosene_conversion,power,CZ,0,gigawatt,0.2032091324200913,0.0,0.0,0.0,0.0,0.0
oil_to_kerosene_conversion,power,DE,0,gigawatt,6.431671689497716,0.0,0.0,0.0,0.0,0.0
oil_to_kerosene_conversion,power,DK,0,gigawatt,0.4629764840182648,0.0,0.0,0.0,0.0,0.0
oil_to_kerosene_conversion,power,EE,0,gigawatt,0.0334594748858447,0.0,0.0,0.0,0.0,0.0
oil_to_kerosene_conversion,power,EL,0,gigawatt,0.5889987442922374,0.0,0.0,0.0,0.0,0.0
oil_to_kerosene_conversion,power,ES,0,gigawatt,3.360359589041096,0.0,0.0,0.0,0.0,0.0
oil_to_kerosene_conversion,power,FI,0,gigawatt,0.4132832191780822,0.0,0.0,0.0,0.0,0.0
oil_to_kerosene_conversion,power,FR,0,gigawatt,4.839227511415525,0.0,0.0,0.0,0.0,0.0
oil_to_kerosene_conversion,power,HR,0,gigawatt,0.0784800228310502,0.0,0.0,0.0,0.0,0.0
oil_to_kerosene_conversion,power,HU,0,gigawatt,0.1346256849315068,0.0,0.0,0.0,0.0,0.0
oil_to_kerosene_conversion,power,IE,0,gigawatt,0.5282480593607306,0.0,0.0,0.0,0.0,0.0
oil_to_kerosene_conversion,power,IT,0,gigawatt,2.438218378995434,0.0,0.0,0.0,0.0,0.0
oil_to_kerosene_conversion,power,LT,0,gigawatt,0.0721881278538812,0.0,0.0,0.0,0.0,0.0
oil_to_kerosene_conversion,power,LU,0,gigawatt,0.7257484018264839,0.0,0.0,0.0,0.0,0.0
oil_to_kerosene_conversion,power,LV,0,gigawatt,0.0775028538812785,0.0,0.0,0.0,0.0,0.0
oil_to_kerosene_conversion,power,NL,0,gigawatt,2.950445091324201,0.0,0.0,0.0,0.0,0.0
oil_to_kerosene_conversion,power,NO,0,gigawatt,0.5369022831050229,0.0,0.0,0.0,0.0,0.0
oil_to_kerosene_conversion,power,PL,0,gigawatt,0.6260933789954338,0.0,0.0,0.0,0.0,0.0
oil_to_kerosene_conversion,power,PT,0,gigawatt,0.8084656392694064,0.0,0.0,0.0,0.0,0.0
oil_to_kerosene_conversion,power,RO,0,gigawatt,0.1126652968036529,0.0,0.0,0.0,0.0,0.0
oil_to_kerosene_conversion,power,SE,0,gigawatt,0.5376328767123287,0.0,0.0,0.0,0.0,0.0
oil_to_kerosene_conversion,power,SI,0,gigawatt,0.0132058219178082,0.0,0.0,0.0,0.0,0.0
oil_to_kerosene_conversion,power,SK,0,gigawatt,0.0384449771689497,0.0,0.0,0.0,0.0,0.0
oil_to_kerosene_conversion,power,UK,0,gigawatt,17.23354920091324,0.0,0.0,0.0,0.0,0.0
oil_to_naphtha_conversion,power,AT,0,gigawatt,0.0,0.0,0.0,0.0,0.0,0.0
oil_to_naphtha_conversion,power,BE,0,gigawatt,0.0,0.0,0.0,0.0,0.0,0.0
oil_to_naphtha_conversion,power,BG,0,gigawatt,0.0,0.0,0.0,0.0,0.0,0.0
oil_to_naphtha_conversion,power,CH,0,gigawatt,0.0,0.0,0.0,0.0,0.0,0.0
oil_to_naphtha_conversion,power,CZ,0,gigawatt,0.0,0.0,0.0,0.0,0.0,0.0
oil_to_naphtha_conversion,power,DE,0,gigawatt,0.0,0.0,0.0,0.0,0.0,0.0
oil_to_naphtha_conversion,power,DK,0,gigawatt,0.0,0.0,0.0,0.0,0.0,0.0
oil_to_naphtha_conversion,power,EE,0,gigawatt,0.0,0.0,0.0,0.0,0.0,0.0
oil_to_naphtha_conversion,power,EL,0,gigawatt,0.0,0.0,0.0,0.0,0.0,0.0
oil_to_naphtha_conversion,power,ES,0,gigawatt,0.0,0.0,0.0,0.0,0.0,0.0
oil_to_naphtha_conversion,power,FI,0,gigawatt,0.0,0.0,0.0,0.0,0.0,0.0
oil_to_naphtha_conversion,power,FR,0,gigawatt,0.0,0.0,0.0,0.0,0.0,0.0
oil_to_naphtha_conversion,power,HR,0,gigawatt,0.0,0.0,0.0,0.0,0.0,0.0
oil_to_naphtha_conversion,power,HU,0,gigawatt,0.0,0.0,0.0,0.0,0.0,0.0
oil_to_naphtha_conversion,power,IE,0,gigawatt,0.0,0.0,0.0,0.0,0.0,0.0
oil_to_naphtha_conversion,power,IT,0,gigawatt,0.0,0.0,0.0,0.0,0.0,0.0
oil_to_naphtha_conversion,power,LT,0,gigawatt,0.0,0.0,0.0,0.0,0.0,0.0
oil_to_naphtha_conversion,power,LU,0,gigawatt,0.0,0.0,0.0,0.0,0.0,0.0
oil_to_naphtha_conversion,power,LV,0,gigawatt,0.0,0.0,0.0,0.0,0.0,0.0
oil_to_naphtha_conversion,power,NL,0,gigawatt,0.0,0.0,0.0,0.0,0.0,0.0
oil_to_naphtha_conversion,power,NO,0,gigawatt,0.0,0.0,0.0,0.0,0.0,0.0
oil_to_naphtha_conversion,power,PL,0,gigawatt,0.0,0.0,0.0,0.0,0.0,0.0
oil_to_naphtha_conversion,power,PT,0,gigawatt,0.0,0.0,0.0,0.0,0.0,0.0
oil_to_naphtha_conversion,power,RO,0,gigawatt,0.0,0.0,0.0,0.0,0.0,0.0
oil_to_naphtha_conversion,power,SE,0,gigawatt,0.0,0.0,0.0,0.0,0.0,0.0
oil_to_naphtha_conversion,power,SI,0,gigawatt,0.0,0.0,0.0,0.0,0.0,0.0
oil_to_naphtha_conversion,power,SK,0,gigawatt,8.794076578055865e-13,0.0,0.0,0.0,0.0,0.0
oil_to_naphtha_conversion,power,UK,0,gigawatt,0.0,0.0,0.0,0.0,0.0,0.0
olefin_from_methanol,power,AT,0,kilotonproduct / hour,0.09197568561055329,0.0,0.0,0.0,0.0,0.0
olefin_from_methanol,power,BE,0,kilotonproduct / hour,0.20827457695406928,0.0,0.0,0.0,0.0,0.0
olefin_from_methanol,power,BG,0,kilotonproduct / hour,0.03080615034993527,0.0,0.0,0.0,0.0,0.0
olefin_from_methanol,power,CH,0,kilotonproduct / hour,0.09197568561055329,0.0,0.0,0.0,0.0,0.0
olefin_from_methanol,power,CZ,0,kilotonproduct / hour,0.05814373149598458,0.0,0.0,0.0,0.0,0.0
olefin_from_methanol,power,DE,0,kilotonproduct / hour,0.5879334941918893,0.0,0.0,0.0,0.0,0.0
olefin_from_methanol,power,DK,0,kilotonproduct / hour,0.0,0.0,0.0,5609.037395186219,5609.037395186219,5609.037395186219
olefin_from_methanol,power,EE,0,kilotonproduct / hour,0.0,0.0,0.0,5609.037395186219,5609.037395186219,5609.037395186219
olefin_from_methanol,power,EL,0,kilotonproduct / hour,0.18752564079348838,0.0,0.0,0.0,0.0,0.0
olefin_from_methanol,power,ES,0,kilotonproduct / hour,0.1151625003395232,0.0,0.0,0.0,0.0,0.0
olefin_from_methanol,power,FI,0,kilotonproduct / hour,0.032839249336797965,0.0,0.0,0.0,0.0,0.0
olefin_from_methanol,power,FR,0,kilotonproduct / hour,0.2758488238915698,0.0,0.0,0.0,0.0,0.0
olefin_from_methanol,power,HR,0,kilotonproduct / hour,0.0045081621381814225,0.0,0.0,0.0,0.0,0.0
olefin_from_methanol,power,HU,0,kilotonproduct / hour,0.09649249880035128,0.0,0.0,0.0,0.0,0.0
olefin_from_methanol,power,IE,0,kilotonproduct / hour,0.007407398437287798,0.0,0.0,0.0,0.0,0.0
olefin_from_methanol,power,IT,0,kilotonproduct / hour,0.32526433014332407,0.0,0.0,0.0,0.0,0.0
olefin_from_methanol,power,LT,0,kilotonproduct / hour,0.0,0.0,0.0,5609.037395186219,5609.037395186219,5609.037395186219
olefin_from_methanol,power,LU,0,kilotonproduct / hour,0.0,0.0,0.0,5609.037395186219,5609.037395186219,5609.037395186219
olefin_from_methanol,power,LV,0,kilotonproduct / hour,0.0,0.0,0.0,5609.037395186219,5609.037395186219,5609.037395186219
olefin_from_methanol,power,NL,0,kilotonproduct / hour,0.959991919347391,0.0,0.0,0.0,0.0,0.0
olefin_from_methanol,power,NO,0,kilotonproduct / hour,0.333401391139802,0.0,0.0,0.0,0.0,0.0
olefin_from_methanol,power,PL,0,kilotonproduct / hour,0.2066548882289563,0.0,0.0,0.0,0.0,0.0
olefin_from_methanol,power,PT,0,kilotonproduct / hour,0.08920081666651576,0.0,0.0,0.0,0.0,0.0
olefin_from_methanol,power,RO,0,kilotonproduct / hour,0.012479766679643995,0.0,0.0,0.0,0.0,0.0
olefin_from_methanol,power,SE,0,kilotonproduct / hour,0.02030400456319206,0.0,0.0,0.0,0.0,0.0
olefin_from_methanol,power,SI,0,kilotonproduct / hour,0.0,0.0,0.0,5609.037395186219,5609.037395186219,5609.037395186219
olefin_from_methanol,power,SK,0,kilotonproduct / hour,0.05544036614178689,0.0,0.0,0.0,0.0,0.0
olefin_from_methanol,power,UK,0,kilotonproduct / hour,0.17761034051915298,0.0,0.0,0.0,0.0,0.0
olefin_from_naphtha,power,AT,0,kilotonproduct / hour,0.0,0.0,0.0,8743.50433532605,8743.50433532605,8743.50433532605
olefin_from_naphtha,power,BE,0,kilotonproduct / hour,0.0,0.0,0.0,8743.50433532605,8743.50433532605,8743.50433532605
olefin_from_naphtha,power,BG,0,kilotonproduct / hour,0.0,0.0,0.0,8743.50433532605,8743.50433532605,8743.50433532605
olefin_from_naphtha,power,CH,0,kilotonproduct / hour,0.0,0.0,0.0,8743.50433532605,8743.50433532605,8743.50433532605
olefin_from_naphtha,power,CZ,0,kilotonproduct / hour,0.0,0.0,0.0,8743.50433532605,8743.50433532605,8743.50433532605
olefin_from_naphtha,power,DE,0,kilotonproduct / hour,0.0,0.0,0.0,8743.50433532605,8743.50433532605,8743.50433532605
olefin_from_naphtha,power,DK,0,kilotonproduct / hour,0.0,0.0,0.0,8743.50433532605,8743.50433532605,8743.50433532605
olefin_from_naphtha,power,EE,0,kilotonproduct / hour,0.0,0.0,0.0,8743.50433532605,8743.50433532605,8743.50433532605
olefin_from_naphtha,power,EL,0,kilotonproduct / hour,0.0,0.0,0.0,8743.50433532605,8743.50433532605,8743.50433532605
olefin_from_naphtha,power,ES,0,kilotonproduct / hour,0.0,0.0,0.0,8743.50433532605,8743.50433532605,8743.50433532605
olefin_from_naphtha,power,FI,0,kilotonproduct / hour,0.0,0.0,0.0,8743.50433532605,8743.50433532605,8743.50433532605
olefin_from_naphtha,power,FR,0,kilotonproduct / hour,0.0,0.0,0.0,8743.50433532605,8743.50433532605,8743.50433532605
olefin_from_naphtha,power,HR,0,kilotonproduct / hour,0.0,0.0,0.0,8743.50433532605,8743.50433532605,8743.50433532605
olefin_from_naphtha,power,HU,0,kilotonproduct / hour,0.0,0.0,0.0,8743.50433532605,8743.50433532605,8743.50433532605
olefin_from_naphtha,power,IE,0,kilotonproduct / hour,0.0,0.0,0.0,8743.50433532605,8743.50433532605,8743.50433532605
olefin_from_naphtha,power,IT,0,kilotonproduct / hour,0.0,0.0,0.0,8743.50433532605,8743.50433532605,8743.50433532605
olefin_from_naphtha,power,LT,0,kilotonproduct / hour,0.0,0.0,0.0,8743.50433532605,8743.50433532605,8743.50433532605
olefin_from_naphtha,power,LU,0,kilotonproduct / hour,0.0,0.0,0.0,8743.50433532605,8743.50433532605,8743.50433532605
olefin_from_naphtha,power,LV,0,kilotonproduct / hour,0.0,0.0,0.0,8743.50433532605,8743.50433532605,8743.50433532605
olefin_from_naphtha,power,NL,0,kilotonproduct / hour,0.0,0.0,0.0,8743.50433532605,8743.50433532605,8743.50433532605
olefin_from_naphtha,power,NO,0,kilotonproduct / hour,0.0,0.0,0.0,8743.50433532605,8743.50433532605,8743.50433532605
olefin_from_naphtha,power,PL,0,kilotonproduct / hour,0.0,0.0,0.0,8743.50433532605,8743.50433532605,8743.50433532605
olefin_from_naphtha,power,PT,0,kilotonproduct / hour,0.0,0.0,0.0,8743.50433532605,8743.50433532605,8743.50433532605
olefin_from_naphtha,power,RO,0,kilotonproduct / hour,0.0,0.0,0.0,8743.50433532605,8743.50433532605,8743.50433532605
olefin_from_naphtha,power,SE,0,kilotonproduct / hour,0.0,0.0,0.0,8743.50433532605,8743.50433532605,8743.50433532605
olefin_from_naphtha,power,SI,0,kilotonproduct / hour,0.0,0.0,0.0,8743.50433532605,8743.50433532605,8743.50433532605
olefin_from_naphtha,power,SK,0,kilotonproduct / hour,0.0,0.0,0.0,8743.50433532605,8743.50433532605,8743.50433532605
olefin_from_naphtha,power,UK,0,kilotonproduct / hour,0.0,0.0,0.0,8743.50433532605,8743.50433532605,8743.50433532605
photovoltaics,power,AT,0,gigawatt,146.92,0.0,0.0,0.0,0.0,0.0
photovoltaics,power,BE,0,gigawatt,104.06,0.0,0.0,0.0,0.0,0.0
photovoltaics,power,BG,0,gigawatt,53.759753358750466,0.0,0.0,0.0,0.0,0.0
photovoltaics,power,CH,0,gigawatt,59.717949108504165,0.0,0.0,0.0,0.0,0.0
photovoltaics,power,CZ,0,gigawatt,0.0,0.0,0.0,15.008347831036929,15.008347831036929,143.0407339129304
photovoltaics,power,DE,0,gigawatt,454.93822636868344,0.0,0.0,0.0,0.0,0.0
photovoltaics,power,DK,0,gigawatt,0.0,0.0,0.0,77.9688743864834,77.9688743864834,742.1402974611916
photovoltaics,power,EE,0,gigawatt,0.0,0.0,0.0,106.15587484085373,106.15587484085373,1123.328907396386
photovoltaics,power,EL,0,gigawatt,89.23454180914104,0.0,0.0,0.0,0.0,0.0
photovoltaics,power,ES,0,gigawatt,446.7993348232167,0.0,0.0,0.0,0.0,0.0
photovoltaics,power,FI,0,gigawatt,0.0,0.0,0.0,66.9825535090794,66.9825535090794,791.3079811370885
photovoltaics,power,FR,0,gigawatt,267.6845608241927,0.0,0.0,0.0,0.0,0.0
photovoltaics,power,HR,0,gigawatt,34.370972454402605,0.0,0.0,0.0,0.0,0.0
photovoltaics,power,HU,0,gigawatt,17.582069958225784,0.0,0.0,0.0,0.0,0.0
photovoltaics,power,IE,0,gigawatt,0.0,0.0,0.0,23.976580960751164,23.976580960751164,237.5769626677063
photovoltaics,power,IT,0,gigawatt,757.9684373025389,0.0,0.0,0.0,0.0,0.0
photovoltaics,power,LT,0,gigawatt,0.0,0.0,0.0,0.0,0.0,0.0
photovoltaics,power,LU,0,gigawatt,0.4033494441608407,0.0,0.0,0.0,0.0,0.0
photovoltaics,power,LV,0,gigawatt,0.0,0.0,0.0,0.0,0.0,0.0
photovoltaics,power,NL,0,gigawatt,56.364650854243116,0.0,0.0,0.0,0.0,0.0
photovoltaics,power,NO,0,gigawatt,0.0,0.0,0.0,67.9862480096605,67.9862480096605,768.5213380495363
photovoltaics,power,PL,0,gigawatt,47.89709904109013,0.0,0.0,0.0,0.0,0.0
photovoltaics,power,PT,0,gigawatt,31.345780125587133,0.0,0.0,0.0,0.0,0.0
photovoltaics,power,RO,0,gigawatt,73.18141491173178,0.0,0.0,0.0,0.0,0.0
photovoltaics,power,SE,0,gigawatt,0.0,0.0,0.0,0.0,0.0,0.0
photovoltaics,power,SI,0,gigawatt,0.0,0.0,0.0,0.0,0.0,0.0
photovoltaics,power,SK,0,gigawatt,0.0,0.0,0.0,0.8989037694582862,0.8989037694582862,8.333141867129052
photovoltaics,power,UK,0,gigawatt,74.98079402124274,0.0,0.0,0.0,0.0,0.0
pyrolysis,power,AT,0,gigawatt,0.0,0.0,0.0,3163.0124707021796,3163.0124707021796,3163.0124707021796
pyrolysis,power,BE,0,gigawatt,0.0,0.0,0.0,2988.706608903315,2988.706608903315,2988.706608903315
pyrolysis,power,BG,0,gigawatt,0.0,0.0,0.0,3429.672401960594,3429.672401960594,3429.672401960594
pyrolysis,power,CH,0,gigawatt,0.0,0.0,0.0,1425.7394424782842,1425.7394424782842,1425.7394424782842
pyrolysis,power,CZ,0,gigawatt,0.0,0.0,0.0,2663.7094289051824,2663.7094289051824,2663.7094289051824
pyrolysis,power,DE,0,gigawatt,0.0,0.0,0.0,2982.7228321626853,2982.7228321626853,2982.7228321626853
pyrolysis,power,DK,0,gigawatt,0.0,0.0,0.0,1753.4540350002437,1753.4540350002437,1753.4540350002437
pyrolysis,power,EE,0,gigawatt,0.0,0.0,0.0,2263.0734003287516,2263.0734003287516,2263.0734003287516
pyrolysis,power,EL,0,gigawatt,0.0,0.0,0.0,3469.1406237147394,3469.1406237147394,3469.1406237147394
pyrolysis,power,ES,0,gigawatt,0.0,0.0,0.0,3435.3948137817624,3435.3948137817624,3435.3948137817624
pyrolysis,power,FI,0,gigawatt,0.0,0.0,0.0,3465.44913376961,3465.44913376961,3465.44913376961
pyrolysis,power,FR,0,gigawatt,0.0,0.0,0.0,1512.314953929153,1512.314953929153,1512.314953929153
pyrolysis,power,HR,0,gigawatt,0.0,0.0,0.0,3274.464744350921,3274.464744350921,3274.464744350921
pyrolysis,power,HU,0,gigawatt,0.0,0.0,0.0,3169.4706569604264,3169.4706569604264,3169.4706569604264
pyrolysis,power,IE,0,gigawatt,0.0,0.0,0.0,1581.9933550630417,1581.9933550630417,1581.9933550630417
pyrolysis,power,IT,0,gigawatt,0.0,0.0,0.0,3469.1406237147394,3469.1406237147394,3469.1406237147394
pyrolysis,power,LT,0,gigawatt,0.0,0.0,0.0,1403.864346166707,1403.864346166707,1403.864346166707
pyrolysis,power,LU,0,gigawatt,0.0,0.0,0.0,3469.1406237147394,3469.1406237147394,3469.1406237147394
pyrolysis,power,LV,0,gigawatt,0.0,0.0,0.0,2906.1781153511943,2906.1781153511943,2906.1781153511943
pyrolysis,power,NL,0,gigawatt,0.0,0.0,0.0,563.4165526911806,563.4165526911806,563.4165526911806
pyrolysis,power,NO,0,gigawatt,0.0,0.0,0.0,3469.1406237147394,3469.1406237147394,3469.1406237147394
pyrolysis,power,PL,0,gigawatt,0.0,0.0,0.0,2672.3517231448645,2672.3517231448645,2672.3517231448645
pyrolysis,power,PT,0,gigawatt,0.0,0.0,0.0,3469.1406237147394,3469.1406237147394,3469.1406237147394
pyrolysis,power,RO,0,gigawatt,0.0,0.0,0.0,3469.1406237147394,3469.1406237147394,3469.1406237147394
pyrolysis,power,SE,0,gigawatt,0.0,0.0,0.0,3337.607498501152,3337.607498501152,3337.607498501152
pyrolysis,power,SI,0,gigawatt,0.0,0.0,0.0,3469.1406237147394,3469.1406237147394,3469.1406237147394
pyrolysis,power,SK,0,gigawatt,0.0,0.0,0.0,3050.822601753463,3050.822601753463,3050.822601753463
pyrolysis,power,UK,0,gigawatt,0.0,0.0,0.0,371.1863725514304,371.1863725514304,371.1863725514304
refining,power,AT,0,gigawatt,0.44203321917803895,0.0,0.0,0.0,0.0,0.0
refining,power,BE,0,gigawatt,1.5943179223744428,0.0,0.0,0.0,0.0,0.0
refining,power,BG,0,gigawatt,0.18756301369863027,0.0,0.0,0.0,0.0,0.0
refining,power,CH,0,gigawatt,0.4420332191780822,0.0,0.0,0.0,0.0,0.0
refining,power,CZ,0,gigawatt,0.20320913242009198,0.0,0.0,0.0,0.0,0.0
refining,power,DE,0,gigawatt,6.431671689497713,0.0,0.0,0.0,0.0,0.0
refining,power,DK,0,gigawatt,0.4629764840182648,0.0,0.0,0.0,0.0,0.0
refining,power,EE,0,gigawatt,0.0334594748858447,0.0,0.0,0.0,0.0,0.0
refining,power,EL,0,gigawatt,0.5889987442922374,0.0,0.0,0.0,0.0,0.0
refining,power,ES,0,gigawatt,3.360359589041096,0.0,0.0,0.0,0.0,0.0
refining,power,FI,0,gigawatt,0.4132832191780822,0.0,0.0,0.0,0.0,0.0
refining,power,FR,0,gigawatt,4.839227511415525,0.0,0.0,0.0,0.0,0.0
refining,power,HR,0,gigawatt,0.0784800228310502,0.0,0.0,0.0,0.0,0.0
refining,power,HU,0,gigawatt,0.13462568493150678,0.0,0.0,0.0,0.0,0.0
refining,power,IE,0,gigawatt,0.5282480593607306,0.0,0.0,0.0,0.0,0.0
refining,power,IT,0,gigawatt,2.438218378995434,0.0,0.0,0.0,0.0,0.0
refining,power,LT,0,gigawatt,0.0721881278538812,0.0,0.0,0.0,0.0,0.0
refining,power,LU,0,gigawatt,0.7257484018264839,0.0,0.0,0.0,0.0,0.0
refining,power,LV,0,gigawatt,0.0775028538812785,0.0,0.0,0.0,0.0,0.0
refining,power,NL,0,gigawatt,2.950445091324174,0.0,0.0,0.0,0.0,0.0
refining,power,NO,0,gigawatt,0.5369022831050229,0.0,0.0,0.0,0.0,0.0
refining,power,PL,0,gigawatt,0.626093378995399,0.0,0.0,0.0,0.0,0.0
refining,power,PT,0,gigawatt,0.8084656392694064,0.0,0.0,0.0,0.0,0.0
refining,power,RO,0,gigawatt,0.1126652968036529,0.0,0.0,0.0,0.0,0.0
refining,power,SE,0,gigawatt,0.5376328767123287,0.0,0.0,0.0,0.0,0.0
refining,power,SI,0,gigawatt,0.013205821917737457,0.0,0.0,0.0,0.0,0.0
refining,power,SK,0,gigawatt,0.03844497716952536,0.0,0.0,0.0,0.0,0.0
refining,power,UK,0,gigawatt,17.23354920091324,0.0,0.0,0.0,0.0,0.0
reservoir_hydro,power,AT,0,gigawatt,5.142919999999999,0.0,0.0,0.0,0.0,0.0
reservoir_hydro,power,BE,0,gigawatt,0.01273566879,0.0,0.0,0.0,0.0,0.0
reservoir_hydro,power,BG,0,gigawatt,0.7418340218960006,0.0,0.0,0.0,0.0,0.0
reservoir_hydro,power,CH,0,gigawatt,0.0,0.0,0.0,612.7855965824201,612.7855965824201,2169.3704259638416
reservoir_hydro,power,CZ,0,gigawatt,0.0,0.0,0.0,326.2362311929669,326.2362311929669,1072.2567431023535
reservoir_hydro,power,DE,0,gigawatt,0.1895,0.0,0.0,0.0,0.0,0.0
reservoir_hydro,power,DK,0,gigawatt,0.0,0.0,0.0,2523.2837795151254,2523.2837795151254,
reservoir_hydro,power,EE,0,gigawatt,0.0,0.0,0.0,3102.4688231413174,3102.4688231413174,
reservoir_hydro,power,EL,0,gigawatt,0.0,0.0,0.0,570.1272813751623,570.1272813751623,2428.968744127652
reservoir_hydro,power,ES,0,gigawatt,16.301332000000002,0.0,0.0,0.0,0.0,0.0
reservoir_hydro,power,FI,0,gigawatt,1.345,0.0,0.0,0.0,0.0,0.0
reservoir_hydro,power,FR,0,gigawatt,0.0,0.0,0.0,411.3062482049436,411.3062482049436,871.4808784330382
reservoir_hydro,power,HR,0,gigawatt,1.327624458599,0.0,0.0,0.0,0.0,0.0
reservoir_hydro,power,HU,0,gigawatt,0.028,0.0,0.0,0.0,0.0,0.0
reservoir_hydro,power,IE,0,gigawatt,0.0,0.0,0.0,1411.5142188458067,1411.5142188458067,3951.6263192580773
reservoir_hydro,power,IT,0,gigawatt,5.48524,0.0,0.0,0.0,0.0,0.0
reservoir_hydro,power,LT,0,gigawatt,0.0,0.0,0.0,339.2937487890558,339.2937487890558,663.161242491736
reservoir_hydro,power,LU,0,gigawatt,0.0,0.0,0.0,2523.2837795151254,2523.2837795151254,
reservoir_hydro,power,LV,0,gigawatt,0.0,0.0,0.0,2067.3927014606033,2067.3927014606033,10862.143873279165
reservoir_hydro,power,NL,0,gigawatt,0.0,0.0,0.0,2523.2837795151254,2523.2837795151254,
reservoir_hydro,power,NO,0,gigawatt,0.0,0.0,0.0,175.3582919512055,175.3582919512055,342.11048416369675
reservoir_hydro,power,PL,0,gigawatt,0.0,0.0,0.0,2523.2837795151254,2523.2837795151254,
reservoir_hydro,power,PT,0,gigawatt,0.39600535117056845,0.0,0.0,0.0,0.0,0.0
reservoir_hydro,power,RO,0,gigawatt,5.3034801274,0.0,0.0,0.0,0.0,0.0
reservoir_hydro,power,SE,0,gigawatt,0.0,0.0,0.0,1008.7351472653293,1008.7351472653293,1941.9187872265236
reservoir_hydro,power,SI,0,gigawatt,0.60219,0.0,0.0,0.0,0.0,0.0
reservoir_hydro,power,SK,0,gigawatt,0.0,0.0,0.0,0.0,0.0,0.0
reservoir_hydro,power,UK,0,gigawatt,0.0,0.0,0.0,2523.2837795151254,2523.2837795151254,
run-of-river_hydro,power,AT,0,gigawatt,5.9039,0.0,0.0,-4.547473508864641e-13,-4.547473508864641e-13,-1.0084031637577526e-12
run-of-river_hydro,power,BE,0,gigawatt,0.059015339743,0.0,0.0,-4.547473508864641e-13,-4.547473508864641e-13,-7.743755844529822e-13
run-of-river_hydro,power,BG,0,gigawatt,0.0,0.0,0.0,-4.547473508864641e-13,-4.547473508864641e-13,-1.5251149471461578e-12
run-of-river_hydro,power,CH,0,gigawatt,0.0,0.0,0.0,771.9272943643596,771.9272943643596,2733.025644785107
run-of-river_hydro,power,CZ,0,gigawatt,0.0,0.0,0.0,594.1711184692649,594.1711184692649,1955.5885123849146
run-of-river_hydro,power,DE,0,gigawatt,2.496904206792777,0.0,0.0,-4.547473508864641e-13,-4.547473508864641e-13,-6.673778537486861e-13
run-of-river_hydro,power,DK,0,gigawatt,0.0,0.0,0.0,2867.12618045671,2867.12618045671,
run-of-river_hydro,power,EE,0,gigawatt,0.0,0.0,0.0,3264.7143947625887,3264.7143947625887,
run-of-river_hydro,power,EL,0,gigawatt,0.0,0.0,0.0,327.16445329215367,327.16445329215367,1385.9146565989201
run-of-river_hydro,power,ES,0,gigawatt,1.3957639999999998,0.0,0.0,-4.547473508864641e-13,-4.547473508864641e-13,-8.910171020744022e-13
run-of-river_hydro,power,FI,0,gigawatt,1.2896,0.0,0.0,-4.547473508864641e-13,-4.547473508864641e-13,-6.834487138020157e-13
run-of-river_hydro,power,FR,0,gigawatt,0.0,0.0,0.0,876.0423887668776,876.0423887668776,1921.5707223222514
run-of-river_hydro,power,HR,0,gigawatt,0.278667730292,0.0,0.0,-4.547473508864641e-13,-4.547473508864641e-13,-9.302416263933395e-13
run-of-river_hydro,power,HU,0,gigawatt,0.0197,0.0,0.0,-4.547473508864641e-13,-4.547473508864641e-13,-7.713024828555737e-13
run-of-river_hydro,power,IE,0,gigawatt,0.0,0.0,0.0,1803.4029727943528,1803.4029727943528,5057.692201654939
run-of-river_hydro,power,IT,0,gigawatt,5.75696,0.0,0.0,-4.547473508864641e-13,-4.547473508864641e-13,-1.057282831322102e-12
run-of-river_hydro,power,LT,0,gigawatt,0.0,0.0,0.0,2867.12618045671,2867.12618045671,
run-of-river_hydro,power,LU,0,gigawatt,0.0,0.0,0.0,3076.72306274779,3076.72306274779,
run-of-river_hydro,power,LV,0,gigawatt,0.0,0.0,0.0,2266.083016864309,2266.083016864309,11904.032569700566
run-of-river_hydro,power,NL,0,gigawatt,0.0,0.0,0.0,2867.12618045671,2867.12618045671,
run-of-river_hydro,power,NO,0,gigawatt,0.0,0.0,0.0,2867.12618045671,2867.12618045671,
run-of-river_hydro,power,PL,0,gigawatt,0.0,0.0,0.0,2867.12618045671,2867.12618045671,
run-of-river_hydro,power,PT,0,gigawatt,1.805,0.0,0.0,-4.547473508864641e-13,-4.547473508864641e-13,-7.485954758895829e-13
run-of-river_hydro,power,RO,0,gigawatt,0.0,0.0,0.0,267.64049679754726,267.64049679754726,808.6796904661131
run-of-river_hydro,power,SE,0,gigawatt,0.0,0.0,0.0,1182.4354017776907,1182.4354017776907,2279.656273922155
run-of-river_hydro,power,SI,0,gigawatt,0.6648100000000003,0.0,0.0,-4.547473508864641e-13,-4.547473508864641e-13,-9.350425743222647e-13
run-of-river_hydro,power,SK,0,gigawatt,0.0,0.0,0.0,370.1154193892198,370.1154193892198,1063.8510341611018
run-of-river_hydro,power,UK,0,gigawatt,0.0,36.1904901706367,-1.0,3527.8170713927075,3527.8170713927075,
waste_boiler_DH,power,AT,0,gigawatt,0.0,0.0,0.0,1976.324219026993,1976.324219026993,2508.710847360927
waste_boiler_DH,power,BE,0,gigawatt,0.0,0.0,0.0,1984.1889575508426,1984.1889575508426,2224.347864944568
waste_boiler_DH,power,BG,0,gigawatt,0.0,0.0,0.0,1985.0672920585375,1985.0672920585375,2669.976830907496
waste_boiler_DH,power,CH,0,gigawatt,0.0,0.0,0.0,1985.5365034237418,1985.5365034237418,2277.1430776763236
waste_boiler_DH,power,CZ,0,gigawatt,0.0,0.0,0.0,1962.3483928721757,1962.3483928721757,2545.9794538970878
waste_boiler_DH,power,DE,0,gigawatt,0.0,0.0,0.0,1967.780990688746,1967.780990688746,2316.096650699267
waste_boiler_DH,power,DK,0,gigawatt,0.0,0.0,0.0,1983.9904556018032,1983.9904556018032,2588.037571428293
waste_boiler_DH,power,EE,0,gigawatt,0.0,0.0,0.0,1816.5635021664855,1816.5635021664855,2099.4054421987025
waste_boiler_DH,power,EL,0,gigawatt,0.0,0.0,0.0,1736.9272805070464,1736.9272805070464,2089.221420461831
waste_boiler_DH,power,ES,0,gigawatt,0.0,0.0,0.0,1781.5006815225288,1781.5006815225288,1924.2913983014423
waste_boiler_DH,power,FI,0,gigawatt,0.0,0.0,0.0,1291.1355933146504,1291.1355933146504,1647.4199039347732
waste_boiler_DH,power,FR,0,gigawatt,0.0,0.0,0.0,1982.2611931480678,1982.2611931480678,2423.395272331672
waste_boiler_DH,power,HR,0,gigawatt,0.0,0.0,0.0,1944.8527815846232,1944.8527815846232,2661.4598891557175
waste_boiler_DH,power,HU,0,gigawatt,0.0,0.0,0.0,1925.6076507964872,1925.6076507964872,2605.338535925479
waste_boiler_DH,power,IE,0,gigawatt,0.0,0.0,0.0,822.3428509242458,822.3428509242458,1103.8717736176584
waste_boiler_DH,power,IT,0,gigawatt,0.0,0.0,0.0,1777.6091327407657,1777.6091327407657,2049.823658687664
waste_boiler_DH,power,LT,0,gigawatt,0.0,0.0,0.0,1983.5824388373173,1983.5824388373173,2445.032564431303
waste_boiler_DH,power,LU,0,gigawatt,0.0,0.0,0.0,1958.5950967719473,1958.5950967719473,2963.6920581809504
waste_boiler_DH,power,LV,0,gigawatt,0.0,0.0,0.0,1987.45845270476,1987.45845270476,2474.931969211816
waste_boiler_DH,power,NL,0,gigawatt,0.0,0.0,0.0,1483.5935980510183,1483.5935980510183,1566.7143415979535
waste_boiler_DH,power,NO,0,gigawatt,0.0,0.0,0.0,1987.5129987460382,1987.5129987460382,2751.8746263122234
waste_boiler_DH,power,PL,0,gigawatt,0.0,0.0,0.0,1964.743226714134,1964.743226714134,2608.9429542403723
waste_boiler_DH,power,PT,0,gigawatt,0.0,0.0,0.0,0.0,0.0,0.0
waste_boiler_DH,power,RO,0,gigawatt,0.0,0.0,0.0,945.6187863808991,945.6187863808991,1526.0028602158754
waste_boiler_DH,power,SE,0,gigawatt,0.0,0.0,0.0,1973.7528188900933,1973.7528188900933,2301.4839318405902
waste_boiler_DH,power,SI,0,gigawatt,0.0,0.0,0.0,1957.0122880556687,1957.0122880556687,3736.86031173862
waste_boiler_DH,power,SK,0,gigawatt,0.0,0.0,0.0,1307.9842280895791,1307.9842280895791,1950.5170451185127
waste_boiler_DH,power,UK,0,gigawatt,0.0,0.0,0.0,623.0485893060162,623.0485893060162,740.6188122032345
waste_plant,power,AT,0,gigawatt,0.0,0.0,0.0,4521.8858009219075,4521.8858009219075,5227.613642684286
waste_plant,power,BE,0,gigawatt,0.0,0.0,0.0,4521.8858009219075,4521.8858009219075,5227.613642684286
waste_plant,power,BG,0,gigawatt,0.0,0.0,0.0,2971.347098942219,2971.347098942219,3435.0833513782877
waste_plant,power,CH,0,gigawatt,0.0,0.0,0.0,2971.347098942219,2971.347098942219,3435.0833513782877
waste_plant,power,CZ,0,gigawatt,0.0,0.0,0.0,4521.8858009219075,4521.8858009219075,5227.613642684286
waste_plant,power,DE,0,gigawatt,0.0,0.0,0.0,0.0,0.0,0.0
waste_plant,power,DK,0,gigawatt,0.0,0.0,0.0,4521.8858009219075,4521.8858009219075,5227.613642684286
waste_plant,power,EE,0,gigawatt,0.0,0.0,0.0,4521.8858009219075,4521.8858009219075,5227.613642684286
waste_plant,power,EL,0,gigawatt,0.0,0.0,0.0,0.0,0.0,0.0
waste_plant,power,ES,0,gigawatt,0.0,0.0,0.0,2971.347098942219,2971.347098942219,3435.0833513782877
waste_plant,power,FI,0,gigawatt,0.0,0.0,0.0,4521.8858009219075,4521.8858009219075,5227.613642684286
waste_plant,power,FR,0,gigawatt,0.0,0.0,0.0,2971.347098942219,2971.347098942219,3435.0833513782877
waste_plant,power,HR,0,gigawatt,0.0,0.0,0.0,4521.8858009219075,4521.8858009219075,5227.613642684286
waste_plant,power,HU,0,gigawatt,0.0,0.0,0.0,0.0,0.0,0.0
waste_plant,power,IE,0,gigawatt,0.0,0.0,0.0,0.0,0.0,0.0
waste_plant,power,IT,0,gigawatt,0.0,0.0,0.0,2971.347098942219,2971.347098942219,3435.0833513782877
waste_plant,power,LT,0,gigawatt,0.0,0.0,0.0,4521.8858009219075,4521.8858009219075,5227.613642684286
waste_plant,power,LU,0,gigawatt,0.0,0.0,0.0,2971.347098942219,2971.347098942219,3435.0833513782877
waste_plant,power,LV,0,gigawatt,0.0,0.0,0.0,4521.8858009219075,4521.8858009219075,5227.613642684286
waste_plant,power,NL,0,gigawatt,0.0,0.0,0.0,3177.5232581061728,3177.5232581061728,3673.4372926082924
waste_plant,power,NO,0,gigawatt,0.0,0.0,0.0,4521.8858009219075,4521.8858009219075,5227.613642684286
waste_plant,power,PL,0,gigawatt,0.0,0.0,0.0,4521.8858009219075,4521.8858009219075,5227.613642684286
waste_plant,power,PT,0,gigawatt,0.0,0.0,0.0,2971.347098942219,2971.347098942219,3435.0833513782877
waste_plant,power,RO,0,gigawatt,0.0,0.0,0.0,4521.8858009219075,4521.8858009219075,5227.613642684286
waste_plant,power,SE,0,gigawatt,0.0,0.0,0.0,4521.8858009219075,4521.8858009219075,5227.613642684286
waste_plant,power,SI,0,gigawatt,0.0,0.0,0.0,4521.8858009219075,4521.8858009219075,5227.613642684286
waste_plant,power,SK,0,gigawatt,0.0,0.0,0.0,2971.347098942219,2971.347098942219,3435.0833513782877
waste_plant,power,UK,0,gigawatt,0.0,0.0,0.0,4521.8858009219075,4521.8858009219075,5227.613642684286
waste_to_cement_fuel,power,AT,0,gigawatt,0.0,0.0,0.0,1070.382138136942,1070.382138136942,1070.382138136942
waste_to_cement_fuel,power,BE,0,gigawatt,0.0,0.0,0.0,1062.6315338161685,1062.6315338161685,1062.6315338161685
waste_to_cement_fuel,power,BG,0,gigawatt,0.0,0.0,0.0,1073.7511991672382,1073.7511991672382,1073.7511991672382
waste_to_cement_fuel,power,CH,0,gigawatt,0.0,0.0,0.0,1040.81685036713,1040.81685036713,1040.81685036713
waste_to_cement_fuel,power,CZ,0,gigawatt,0.0,0.0,0.0,1034.331734102651,1034.331734102651,1034.331734102651
waste_to_cement_fuel,power,DE,0,gigawatt,0.0,0.0,0.0,982.2584247767054,982.2584247767054,982.2584247767054
waste_to_cement_fuel,power,DK,0,gigawatt,0.0,0.0,0.0,1217.1227561579753,1217.1227561579753,1217.1227561579753
waste_to_cement_fuel,power,EE,0,gigawatt,0.0,0.0,0.0,1174.3969094064328,1174.3969094064328,1174.3969094064328
waste_to_cement_fuel,power,EL,0,gigawatt,0.0,0.0,0.0,978.5452206824524,978.5452206824524,978.5452206824524
waste_to_cement_fuel,power,ES,0,gigawatt,0.0,0.0,0.0,1406.3351351351348,1406.3351351351348,1406.3351351351348
waste_to_cement_fuel,power,FI,0,gigawatt,0.0,0.0,0.0,1392.719092538619,1392.719092538619,1392.719092538619
waste_to_cement_fuel,power,FR,0,gigawatt,0.0,0.0,0.0,1241.2639854917295,1241.2639854917295,1241.2639854917295
waste_to_cement_fuel,power,HR,0,gigawatt,0.0,0.0,0.0,992.3157942657824,992.3157942657824,992.3157942657824
waste_to_cement_fuel,power,HU,0,gigawatt,0.0,0.0,0.0,989.1725759823853,989.1725759823853,989.1725759823853
waste_to_cement_fuel,power,IE,0,gigawatt,0.0,0.0,0.0,911.9715020024476,911.9715020024476,911.9715020024476
waste_to_cement_fuel,power,IT,0,gigawatt,0.0,0.0,0.0,1144.8156447368078,1144.8156447368078,1144.8156447368078
waste_to_cement_fuel,power,LT,0,gigawatt,0.0,0.0,0.0,1121.2376901259922,1121.2376901259922,1121.2376901259922
waste_to_cement_fuel,power,LU,0,gigawatt,0.0,0.0,0.0,1067.0749791182548,1067.0749791182548,1067.0749791182548
waste_to_cement_fuel,power,LV,0,gigawatt,0.0,0.0,0.0,1181.394598485166,1181.394598485166,1181.394598485166
waste_to_cement_fuel,power,NL,0,gigawatt,0.0,0.0,0.0,1406.3351351351348,1406.3351351351348,1406.3351351351348
waste_to_cement_fuel,power,NO,0,gigawatt,0.0,0.0,0.0,1406.3351351351348,1406.3351351351348,1406.3351351351348
waste_to_cement_fuel,power,PL,0,gigawatt,0.0,0.0,0.0,977.26810125236,977.26810125236,977.26810125236
waste_to_cement_fuel,power,PT,0,gigawatt,0.0,0.0,0.0,1406.3351351351348,1406.3351351351348,1406.3351351351348
waste_to_cement_fuel,power,RO,0,gigawatt,0.0,0.0,0.0,1103.8664385931843,1103.8664385931843,1103.8664385931843
waste_to_cement_fuel,power,SE,0,gigawatt,0.0,0.0,0.0,1392.4769857086671,1392.4769857086671,1392.4769857086671
waste_to_cement_fuel,power,SI,0,gigawatt,0.0,0.0,0.0,1070.164371844995,1070.164371844995,1070.164371844995
waste_to_cement_fuel,power,SK,0,gigawatt,0.0,0.0,0.0,966.2875597551202,966.2875597551202,966.2875597551202
waste_to_cement_fuel,power,UK,0,gigawatt,0.0,0.0,0.0,1276.2971699403408,1276.2971699403408,1276.2971699403408
wind_offshore,power,AT,0,gigawatt,0.0,0.0,0.0,1926.2562745581545,1926.2562745581545,
wind_offshore,power,BE,0,gigawatt,1.85,0.0,0.0,-2.2737367544323206e-13,-2.2737367544323206e-13,-7.372255230105691e-13
wind_offshore,power,BG,0,gigawatt,0.0,0.0,0.0,1926.2562745581545,1926.2562745581545,
wind_offshore,power,CH,0,gigawatt,0.0,0.0,0.0,1926.2562745581545,1926.2562745581545,
wind_offshore,power,CZ,0,gigawatt,0.0,0.0,0.0,1926.2562745581545,1926.2562745581545,
wind_offshore,power,DE,0,gigawatt,27.84,0.0,0.0,-2.2737367544323206e-13,-2.2737367544323206e-13,-6.7171226394158e-13
wind_offshore,power,DK,0,gigawatt,0.0,0.0,0.0,667.330546108768,667.330546108768,1854.3433550661177
wind_offshore,power,EE,0,gigawatt,0.0,0.0,0.0,1926.2562745581545,1926.2562745581545,
wind_offshore,power,EL,0,gigawatt,0.0,0.0,0.0,1926.2562745581545,1926.2562745581545,
wind_offshore,power,ES,0,gigawatt,0.0,0.0,0.0,1926.2562745581545,1926.2562745581545,
wind_offshore,power,FI,0,gigawatt,2.309836297514246,0.0,0.0,-2.2737367544323206e-13,-2.2737367544323206e-13,-6.51011271359393e-13
wind_offshore,power,FR,0,gigawatt,0.0,0.0,0.0,-2.2737367544323206e-13,-2.2737367544323206e-13,-4.912338325257963e-13
wind_offshore,power,HR,0,gigawatt,0.0,0.0,0.0,1926.2562745581545,1926.2562745581545,
wind_offshore,power,HU,0,gigawatt,0.0,0.0,0.0,1926.2562745581545,1926.2562745581545,
wind_offshore,power,IE,0,gigawatt,0.0,0.0,0.0,1346.6573756432595,1346.6573756432595,4541.95338079446
wind_offshore,power,IT,0,gigawatt,0.0,0.0,0.0,1926.2562745581545,1926.2562745581545,
wind_offshore,power,LT,0,gigawatt,0.0,0.0,0.0,1926.2562745581545,1926.2562745581545,
wind_offshore,power,LU,0,gigawatt,0.0,0.0,0.0,1926.2562745581545,1926.2562745581545,
wind_offshore,power,LV,0,gigawatt,0.0,0.0,0.0,2452.0908178445934,2452.0908178445934,
wind_offshore,power,NL,0,gigawatt,10.593911955271931,0.0,0.0,-2.2737367544323206e-13,-2.2737367544323206e-13,-7.014922676125673e-13
wind_offshore,power,NO,0,gigawatt,22.499145265936157,0.0,0.0,-2.2737367544323206e-13,-2.2737367544323206e-13,-4.5336052755280685e-13
wind_offshore,power,PL,0,gigawatt,0.0,0.0,0.0,1926.2562745581545,1926.2562745581545,
wind_offshore,power,PT,0,gigawatt,0.0,0.0,0.0,1933.7870921345925,1933.7870921345925,
wind_offshore,power,RO,0,gigawatt,0.0,0.0,0.0,1926.2562745581545,1926.2562745581545,
wind_offshore,power,SE,0,gigawatt,0.0,0.0,0.0,870.579055403013,870.579055403013,1819.036731164749
wind_offshore,power,SI,0,gigawatt,0.0,0.0,0.0,1933.7934824447082,1933.7934824447082,
wind_offshore,power,SK,0,gigawatt,0.0,0.0,0.0,1926.2562745581545,1926.2562745581545,
wind_offshore,power,UK,0,gigawatt,0.0,0.0,0.0,550.7139007431176,550.7139007431176,1522.6662580302582
wind_onshore,power,AT,0,gigawatt,11.048560504,0.0,0.0,1.1368683772161603e-13,1.1368683772161603e-13,9.268513754023636e-13
wind_onshore,power,BE,0,gigawatt,8.129689387,0.0,0.0,1.1368683772161603e-13,1.1368683772161603e-13,4.655527161177645e-13
wind_onshore,power,BG,0,gigawatt,0.0,0.0,0.0,1.1368683772161603e-13,1.1368683772161603e-13,1.0597812375879868e-12
wind_onshore,power,CH,0,gigawatt,0.0,0.0,0.0,214.12430146100291,214.12430146100291,3372.075849644925
wind_onshore,power,CZ,0,gigawatt,76.204607193,0.0,0.0,1.1368683772161603e-13,1.1368683772161603e-13,6.480111189618111e-13
wind_onshore,power,DE,0,gigawatt,106.972524831,0.0,0.0,1.1368683772161603e-13,1.1368683772161603e-13,5.529303236070013e-13
wind_onshore,power,DK,0,gigawatt,46.37332844349465,0.0,0.0,1.1368683772161603e-13,1.1368683772161603e-13,4.093172588411629e-13
wind_onshore,power,EE,0,gigawatt,21.744565142904822,0.0,0.0,1.1368683772161603e-13,1.1368683772161603e-13,3.997331903864588e-13
wind_onshore,power,EL,0,gigawatt,41.42106547617649,0.0,0.0,1.1368683772161603e-13,1.1368683772161603e-13,8.253340717084135e-13
wind_onshore,power,ES,0,gigawatt,86.01776282375559,0.0,0.0,1.1368683772161603e-13,1.1368683772161603e-13,6.529434090339743e-13
wind_onshore,power,FI,0,gigawatt,30.765635296,0.0,0.0,1.1368683772161603e-13,1.1368683772161603e-13,5.916361048317375e-13
wind_onshore,power,FR,0,gigawatt,302.13797873694205,0.0,0.0,1.1368683772161603e-13,1.1368683772161603e-13,4.637526429427202e-13
wind_onshore,power,HR,0,gigawatt,13.63809209804577,0.0,0.0,1.1368683772161603e-13,1.1368683772161603e-13,9.49734592698686e-13
wind_onshore,power,HU,0,gigawatt,53.077312446,0.0,0.0,1.1368683772161603e-13,1.1368683772161603e-13,7.224453238808198e-13
wind_onshore,power,IE,0,gigawatt,33.6505948750947,0.0,0.0,1.1368683772161603e-13,1.1368683772161603e-13,3.5668690907028234e-13
wind_onshore,power,IT,0,gigawatt,178.289036945,0.0,0.0,1.1368683772161603e-13,1.1368683772161603e-13,8.503905759213712e-13
wind_onshore,power,LT,0,gigawatt,13.703444801992347,0.0,0.0,1.1368683772161603e-13,1.1368683772161603e-13,4.97168673679269e-13
wind_onshore,power,LU,0,gigawatt,0.693806723,0.0,0.0,1.1368683772161603e-13,1.1368683772161603e-13,5.755402318647363e-13
wind_onshore,power,LV,0,gigawatt,4.958893575356905,0.0,0.0,1.1368683772161603e-13,1.1368683772161603e-13,4.528402025399327e-13
wind_onshore,power,NL,0,gigawatt,48.865,0.0,0.0,1.1368683772161603e-13,1.1368683772161603e-13,3.860991025817775e-13
wind_onshore,power,NO,0,gigawatt,0.0,0.0,0.0,156.56419883924877,156.56419883924877,787.9491027524707
wind_onshore,power,PL,0,gigawatt,101.548392543,0.0,0.0,1.1368683772161603e-13,1.1368683772161603e-13,4.957011290468314e-13
wind_onshore,power,PT,0,gigawatt,28.959816205740214,0.0,0.0,1.1368683772161603e-13,1.1368683772161603e-13,6.428103657355559e-13
wind_onshore,power,RO,0,gigawatt,5.143397191461106,0.0,0.0,1.1368683772161603e-13,1.1368683772161603e-13,9.027378689652796e-13
wind_onshore,power,SE,0,gigawatt,96.5529293791989,0.0,0.0,1.1368683772161603e-13,1.1368683772161603e-13,3.263373051662065e-13
wind_onshore,power,SI,0,gigawatt,0.0,0.0,0.0,205.2007607369544,205.2007607369544,2630.3329507636968
wind_onshore,power,SK,0,gigawatt,13.850726301045407,0.0,0.0,1.1368683772161603e-13,1.1368683772161603e-13,7.958876421509096e-13
wind_onshore,power,UK,0,gigawatt,230.005,0.0,0.0,1.1368683772161603e-13,1.1368683772161603e-13,4.1282594129742034e-13
natural_gas_turbine_CCS,power,AT,0,kilotCO2eq / hour,0.817803174106056,0.0,0.0,0.0,0.0,0.0
natural_gas_turbine_CCS,power,BE,0,kilotCO2eq / hour,2.8451542076264995,0.0,0.0,0.0,0.0,0.0
natural_gas_turbine_CCS,power,BG,0,kilotCO2eq / hour,0.0,0.0,0.0,0.0,0.0,0.0
natural_gas_turbine_CCS,power,CH,0,kilotCO2eq / hour,2.021184053684123,0.0,0.0,0.0,0.0,0.0
natural_gas_turbine_CCS,power,CZ,0,kilotCO2eq / hour,0.0,0.0,0.0,0.0,0.0,0.0
natural_gas_turbine_CCS,power,DE,0,kilotCO2eq / hour,10.471344775360755,0.0,0.0,0.0,0.0,0.0
natural_gas_turbine_CCS,power,DK,0,kilotCO2eq / hour,0.0,0.0,0.0,0.0,0.0,0.0
natural_gas_turbine_CCS,power,EE,0,kilotCO2eq / hour,0.0,0.0,0.0,0.0,0.0,0.0
natural_gas_turbine_CCS,power,EL,0,kilotCO2eq / hour,0.0,0.0,0.0,0.0,0.0,0.0
natural_gas_turbine_CCS,power,ES,0,kilotCO2eq / hour,0.0,0.0,0.0,0.0,0.0,0.0
natural_gas_turbine_CCS,power,FI,0,kilotCO2eq / hour,0.0,0.0,0.0,0.0,0.0,0.0
natural_gas_turbine_CCS,power,FR,0,kilotCO2eq / hour,0.0,0.0,0.0,0.0,0.0,0.0
natural_gas_turbine_CCS,power,HR,0,kilotCO2eq / hour,0.0,0.0,0.0,0.0,0.0,0.0
natural_gas_turbine_CCS,power,HU,0,kilotCO2eq / hour,0.0,0.0,0.0,0.0,0.0,0.0
natural_gas_turbine_CCS,power,IE,0,kilotCO2eq / hour,0.0,0.0,0.0,0.0,0.0,0.0
natural_gas_turbine_CCS,power,IT,0,kilotCO2eq / hour,0.0,0.0,0.0,0.0,0.0,0.0
natural_gas_turbine_CCS,power,LT,0,kilotCO2eq / hour,0.0,0.0,0.0,0.0,0.0,0.0
natural_gas_turbine_CCS,power,LU,0,kilotCO2eq / hour,0.0,0.0,0.0,0.0,0.0,0.0
natural_gas_turbine_CCS,power,LV,0,kilotCO2eq / hour,0.0,0.0,0.0,0.0,0.0,0.0
natural_gas_turbine_CCS,power,NL,0,kilotCO2eq / hour,0.0,0.0,0.0,0.0,0.0,0.0
natural_gas_turbine_CCS,power,NO,0,kilotCO2eq / hour,0.0,0.0,0.0,0.0,0.0,0.0
natural_gas_turbine_CCS,power,PL,0,kilotCO2eq / hour,0.10572470311757237,0.0,0.0,0.0,0.0,0.0
natural_gas_turbine_CCS,power,PT,0,kilotCO2eq / hour,0.0,0.0,0.0,0.0,0.0,0.0
natural_gas_turbine_CCS,power,RO,0,kilotCO2eq / hour,0.0,0.0,0.0,0.0,0.0,0.0
natural_gas_turbine_CCS,power,SE,0,kilotCO2eq / hour,0.0,0.0,0.0,0.0,0.0,0.0
natural_gas_turbine_CCS,power,SI,0,kilotCO2eq / hour,0.0,0.0,0.0,0.0,0.0,0.0
natural_gas_turbine_CCS,power,SK,0,kilotCO2eq / hour,0.0,0.0,0.0,0.0,0.0,0.0
natural_gas_turbine_CCS,power,UK,0,kilotCO2eq / hour,0.0,0.0,0.0,0.0,0.0,0.0
biomass_plant_CCS,power,AT,0,kilotCO2eq / hour,0.8653824876858025,0.0,0.0,0.0,0.0,0.0
biomass_plant_CCS,power,BE,0,kilotCO2eq / hour,1.0045076442871854,0.0,0.0,0.0,0.0,0.0
biomass_plant_CCS,power,BG,0,kilotCO2eq / hour,0.46327664885981923,0.0,0.0,0.0,0.0,0.0
biomass_plant_CCS,power,CH,0,kilotCO2eq / hour,0.7267175981704342,0.0,0.0,0.0,0.0,0.0
biomass_plant_CCS,power,CZ,0,kilotCO2eq / hour,0.8466836549899991,0.0,0.0,0.0,0.0,0.0
biomass_plant_CCS,power,DE,0,kilotCO2eq / hour,4.908191466890885,0.0,0.0,0.0,0.0,0.0
biomass_plant_CCS,power,DK,0,kilotCO2eq / hour,0.6929822777566627,0.0,0.0,0.0,0.0,0.0
biomass_plant_CCS,power,EE,0,kilotCO2eq / hour,0.16762828254725906,0.0,0.0,0.0,0.0,0.0
biomass_plant_CCS,power,EL,0,kilotCO2eq / hour,0.41456129518661394,0.0,0.0,0.0,0.0,0.0
biomass_plant_CCS,power,ES,0,kilotCO2eq / hour,2.1146045615641818,0.0,0.0,0.0,0.0,0.0
biomass_plant_CCS,power,FI,0,kilotCO2eq / hour,1.2063025213189325,0.0,0.0,0.0,0.0,0.0
biomass_plant_CCS,power,FR,0,kilotCO2eq / hour,5.764541811098483,0.0,0.0,0.0,0.0,0.0
biomass_plant_CCS,power,HR,0,kilotCO2eq / hour,0.16734717377444816,0.0,0.0,0.0,0.0,0.0
biomass_plant_CCS,power,HU,0,kilotCO2eq / hour,0.9009162298789508,0.0,0.0,0.0,0.0,0.0
biomass_plant_CCS,power,IE,0,kilotCO2eq / hour,0.14993807909863133,0.0,0.0,0.0,0.0,0.0
biomass_plant_CCS,power,IT,0,kilotCO2eq / hour,1.718506248848601,0.0,0.0,0.0,0.0,0.0
biomass_plant_CCS,power,LT,0,kilotCO2eq / hour,0.3947382173619931,0.0,0.0,0.0,0.0,0.0
biomass_plant_CCS,power,LU,0,kilotCO2eq / hour,0.017191397735399516,0.0,0.0,0.0,0.0,0.0
biomass_plant_CCS,power,LV,0,kilotCO2eq / hour,0.40851304588109616,0.0,0.0,0.0,0.0,0.0
biomass_plant_CCS,power,NL,0,kilotCO2eq / hour,0.9332024219245085,0.0,0.0,0.0,0.0,0.0
biomass_plant_CCS,power,NO,0,kilotCO2eq / hour,1.2635518420076508,0.0,0.0,0.0,0.0,0.0
biomass_plant_CCS,power,PL,0,kilotCO2eq / hour,1.807556087022359,0.0,0.0,0.0,0.0,0.0
biomass_plant_CCS,power,PT,0,kilotCO2eq / hour,0.4421628950757323,0.0,0.0,0.0,0.0,0.0
biomass_plant_CCS,power,RO,0,kilotCO2eq / hour,1.5377897569717138,0.0,0.0,0.0,0.0,0.0
biomass_plant_CCS,power,SE,0,kilotCO2eq / hour,2.473227680472966,0.0,0.0,0.0,0.0,0.0
biomass_plant_CCS,power,SI,0,kilotCO2eq / hour,0.10123005085148609,0.0,0.0,0.0,0.0,0.0
biomass_plant_CCS,power,SK,0,kilotCO2eq / hour,0.3491338427245976,0.0,0.0,0.0,0.0,0.0
biomass_plant_CCS,power,UK,0,kilotCO2eq / hour,1.4092749516853476,0.0,0.0,0.0,0.0,0.0
SMR_CCS,power,AT,0,kilotCO2eq / hour,0.0,0.0,0.0,0.0,0.0,0.0
SMR_CCS,power,BE,0,kilotCO2eq / hour,0.0,0.0,0.0,0.0,0.0,0.0
SMR_CCS,power,BG,0,kilotCO2eq / hour,0.0,0.0,0.0,0.0,0.0,0.0
SMR_CCS,power,CH,0,kilotCO2eq / hour,0.0,0.0,0.0,0.0,0.0,0.0
SMR_CCS,power,CZ,0,kilotCO2eq / hour,0.0,0.0,0.0,1460.3651082741012,1460.3651082741012,1460.3651082741012
SMR_CCS,power,DE,0,kilotCO2eq / hour,0.0,0.0,0.0,0.0,0.0,0.0
SMR_CCS,power,DK,0,kilotCO2eq / hour,0.0,0.0,0.0,0.0,0.0,0.0
SMR_CCS,power,EE,0,kilotCO2eq / hour,0.0,0.0,0.0,0.0,0.0,0.0
SMR_CCS,power,EL,0,kilotCO2eq / hour,0.0,0.0,0.0,0.0,0.0,0.0
SMR_CCS,power,ES,0,kilotCO2eq / hour,0.0,0.0,0.0,0.0,0.0,0.0
SMR_CCS,power,FI,0,kilotCO2eq / hour,0.0,0.0,0.0,0.0,0.0,0.0
SMR_CCS,power,FR,0,kilotCO2eq / hour,0.0,0.0,0.0,0.0,0.0,0.0
SMR_CCS,power,HR,0,kilotCO2eq / hour,0.0,0.0,0.0,0.0,0.0,0.0
SMR_CCS,power,HU,0,kilotCO2eq / hour,0.0,0.0,0.0,0.0,0.0,0.0
SMR_CCS,power,IE,0,kilotCO2eq / hour,0.0,0.0,0.0,0.0,0.0,0.0
SMR_CCS,power,IT,0,kilotCO2eq / hour,0.0,0.0,0.0,0.0,0.0,0.0
SMR_CCS,power,LT,0,kilotCO2eq / hour,0.0,0.0,0.0,0.0,0.0,0.0
SMR_CCS,power,LU,0,kilotCO2eq / hour,0.0,0.0,0.0,0.0,0.0,0.0
SMR_CCS,power,LV,0,kilotCO2eq / hour,0.0,0.0,0.0,0.0,0.0,0.0
SMR_CCS,power,NL,0,kilotCO2eq / hour,0.0,0.0,0.0,0.0,0.0,0.0
SMR_CCS,power,NO,0,kilotCO2eq / hour,1.287007227783213,0.0,0.0,0.0,0.0,0.0
SMR_CCS,power,PL,0,kilotCO2eq / hour,0.0,0.0,0.0,0.0,0.0,0.0
SMR_CCS,power,PT,0,kilotCO2eq / hour,0.0,0.0,0.0,0.0,0.0,0.0
SMR_CCS,power,RO,0,kilotCO2eq / hour,0.3998536539417978,0.0,0.0,0.0,0.0,0.0
SMR_CCS,power,SE,0,kilotCO2eq / hour,0.0,0.0,0.0,0.0,0.0,0.0
SMR_CCS,power,SI,0,kilotCO2eq / hour,0.0,0.0,0.0,0.0,0.0,0.0
SMR_CCS,power,SK,0,kilotCO2eq / hour,0.0,0.0,0.0,0.0,0.0,0.0
SMR_CCS,power,UK,0,kilotCO2eq / hour,0.3600185903509012,0.0,0.0,0.0,0.0,0.0
cement_post_comb,power,AT,0,kilotCO2eq / hour,0.16363989363606166,0.0,0.0,0.0,0.0,0.0
cement_post_comb,power,BE,0,kilotCO2eq / hour,0.21507299838308225,0.0,0.0,0.0,0.0,0.0
cement_post_comb,power,BG,0,kilotCO2eq / hour,0.09552454626434059,0.0,0.0,0.0,0.0,0.0
cement_post_comb,power,CH,0,kilotCO2eq / hour,0.16233287671232877,0.0,0.0,0.0,0.0,0.0
cement_post_comb,power,CZ,0,kilotCO2eq / hour,0.1657979485845411,0.0,0.0,0.0,0.0,0.0
cement_post_comb,power,DE,0,kilotCO2eq / hour,1.2222649149285822,0.0,0.0,0.0,0.0,0.0
cement_post_comb,power,DK,0,kilotCO2eq / hour,0.13343729428294526,0.0,0.0,0.0,0.0,0.0
cement_post_comb,power,EE,0,kilotCO2eq / hour,0.030416464250075347,0.0,0.0,0.0,0.0,0.0
cement_post_comb,power,EL,0,kilotCO2eq / hour,0.3489723774831576,0.0,0.0,0.0,0.0,0.0
cement_post_comb,power,ES,0,kilotCO2eq / hour,0.9011670375519865,0.0,0.0,0.0,0.0,0.0
cement_post_comb,power,FI,0,kilotCO2eq / hour,0.0535443370568629,0.0,0.0,0.0,0.0,0.0
cement_post_comb,power,FR,0,kilotCO2eq / hour,0.6151309635671939,0.0,0.0,0.0,0.0,0.0
cement_post_comb,power,HR,0,kilotCO2eq / hour,0.11816429616154109,0.0,0.0,0.0,0.0,0.0
cement_post_comb,power,HU,0,kilotCO2eq / hour,0.0800426304724315,0.0,0.0,0.0,0.0,0.0
cement_post_comb,power,IE,0,kilotCO2eq / hour,0.17229568567438355,0.0,0.0,0.0,0.0,0.0
cement_post_comb,power,IT,0,kilotCO2eq / hour,0.7254384704478495,0.0,0.0,0.0,0.0,0.0
cement_post_comb,power,LT,0,kilotCO2eq / hour,0.050305102616712324,0.0,0.0,0.0,0.0,0.0
cement_post_comb,power,LU,0,kilotCO2eq / hour,0.03697062745561644,0.0,0.0,0.0,0.0,0.0
cement_post_comb,power,LV,0,kilotCO2eq / hour,0.04206974971931507,0.0,0.0,0.0,0.0,0.0
cement_post_comb,power,NL,0,kilotCO2eq / hour,0.0,0.0,0.0,0.0,0.0,0.0
cement_post_comb,power,NO,0,kilotCO2eq / hour,0.06912739726027399,0.0,0.0,0.0,0.0,0.0
cement_post_comb,power,PL,0,kilotCO2eq / hour,0.6310350798198905,0.0,0.0,0.0,0.0,0.0
cement_post_comb,power,PT,0,kilotCO2eq / hour,0.24945615628531645,0.0,0.0,0.0,0.0,0.0
cement_post_comb,power,RO,0,kilotCO2eq / hour,0.328544091316911,0.0,0.0,0.0,0.0,0.0
cement_post_comb,power,SE,0,kilotCO2eq / hour,0.12621506942459587,0.0,0.0,0.0,0.0,0.0
cement_post_comb,power,SI,0,kilotCO2eq / hour,0.038598178637758565,0.0,0.0,0.0,0.0,0.0
cement_post_comb,power,SK,0,kilotCO2eq / hour,0.12989506799447262,0.0,0.0,0.0,0.0,0.0
cement_post_comb,power,UK,0,kilotCO2eq / hour,0.34983123287671236,0.0,0.0,0.0,0.0,0.0
BF_BOF_CCS,power,AT,0,kilotCO2eq / hour,0.0,0.0,0.0,0.0,0.0,0.0
BF_BOF_CCS,power,BE,0,kilotCO2eq / hour,0.0,0.0,0.0,0.0,0.0,0.0
BF_BOF_CCS,power,BG,0,kilotCO2eq / hour,0.0,0.0,0.0,0.0,0.0,0.0
BF_BOF_CCS,power,CH,0,kilotCO2eq / hour,0.0,0.0,0.0,0.0,0.0,0.0
BF_BOF_CCS,power,CZ,0,kilotCO2eq / hour,0.0,0.0,0.0,0.0,0.0,0.0
BF_BOF_CCS,power,DE,0,kilotCO2eq / hour,0.0,0.0,0.0,0.0,0.0,0.0
BF_BOF_CCS,power,DK,0,kilotCO2eq / hour,0.0,0.0,0.0,0.0,0.0,0.0
BF_BOF_CCS,power,EE,0,kilotCO2eq / hour,0.0,0.0,0.0,0.0,0.0,0.0
BF_BOF_CCS,power,EL,0,kilotCO2eq / hour,0.0,0.0,0.0,0.0,0.0,0.0
BF_BOF_CCS,power,ES,0,kilotCO2eq / hour,0.0,0.0,0.0,0.0,0.0,0.0
BF_BOF_CCS,power,FI,0,kilotCO2eq / hour,0.0,0.0,0.0,1726.959619391484,1726.959619391484,1726.959619391484
BF_BOF_CCS,power,FR,0,kilotCO2eq / hour,0.0,0.0,0.0,0.0,0.0,0.0
BF_BOF_CCS,power,HR,0,kilotCO2eq / hour,0.0,0.0,0.0,0.0,0.0,0.0
BF_BOF_CCS,power,HU,0,kilotCO2eq / hour,0.0,0.0,0.0,0.0,0.0,0.0
BF_BOF_CCS,power,IE,0,kilotCO2eq / hour,0.0,0.0,0.0,0.0,0.0,0.0
BF_BOF_CCS,power,IT,0,kilotCO2eq / hour,0.0,0.0,0.0,0.0,0.0,0.0
BF_BOF_CCS,power,LT,0,kilotCO2eq / hour,0.0,0.0,0.0,0.0,0.0,0.0
BF_BOF_CCS,power,LU,0,kilotCO2eq / hour,0.0,0.0,0.0,0.0,0.0,0.0
BF_BOF_CCS,power,LV,0,kilotCO2eq / hour,0.0,0.0,0.0,0.0,0.0,0.0
BF_BOF_CCS,power,NL,0,kilotCO2eq / hour,0.0,0.0,0.0,0.0,0.0,0.0
BF_BOF_CCS,power,NO,0,kilotCO2eq / hour,0.0,0.0,0.0,0.0,0.0,0.0
BF_BOF_CCS,power,PL,0,kilotCO2eq / hour,0.0,0.0,0.0,0.0,0.0,0.0
BF_BOF_CCS,power,PT,0,kilotCO2eq / hour,0.0,0.0,0.0,0.0,0.0,0.0
BF_BOF_CCS,power,RO,0,kilotCO2eq / hour,0.0,0.0,0.0,0.0,0.0,0.0
BF_BOF_CCS,power,SE,0,kilotCO2eq / hour,0.0,0.0,0.0,0.0,0.0,0.0
BF_BOF_CCS,power,SI,0,kilotCO2eq / hour,0.0,0.0,0.0,0.0,0.0,0.0
BF_BOF_CCS,power,SK,0,kilotCO2eq / hour,0.0,0.0,0.0,0.0,0.0,0.0
BF_BOF_CCS,power,UK,0,kilotCO2eq / hour,0.0,0.0,0.0,0.0,0.0,0.0
NG_DRI_CCS,power,AT,0,kilotCO2eq / hour,0.1100342465737443,0.0,0.0,0.0,0.0,0.0
NG_DRI_CCS,power,BE,0,kilotCO2eq / hour,0.1276940639221461,0.0,0.0,0.0,0.0,0.0
NG_DRI_CCS,power,BG,0,kilotCO2eq / hour,0.010643835616438354,0.0,0.0,0.0,0.0,0.0
NG_DRI_CCS,power,CH,0,kilotCO2eq / hour,0.0,0.0,0.0,0.0,0.0,0.0
NG_DRI_CCS,power,CZ,0,kilotCO2eq / hour,0.07893378995433789,0.0,0.0,0.0,0.0,0.0
NG_DRI_CCS,power,DE,0,kilotCO2eq / hour,0.6797965589549086,0.0,0.0,0.0,0.0,0.0
NG_DRI_CCS,power,DK,0,kilotCO2eq / hour,0.0,0.0,0.0,0.0,0.0,0.0
NG_DRI_CCS,power,EE,0,kilotCO2eq / hour,0.0,0.0,0.0,0.0,0.0,0.0
NG_DRI_CCS,power,EL,0,kilotCO2eq / hour,0.023445205479452058,0.0,0.0,0.0,0.0,0.0
NG_DRI_CCS,power,ES,0,kilotCO2eq / hour,0.22887442922853882,0.0,0.0,0.0,0.0,0.0
NG_DRI_CCS,power,FI,0,kilotCO2eq / hour,0.06312785388607306,0.0,0.0,0.0,0.0,0.0
NG_DRI_CCS,power,FR,0,kilotCO2eq / hour,0.245926940646621,0.0,0.0,0.0,0.0,0.0
NG_DRI_CCS,power,HR,0,kilotCO2eq / hour,0.001421926343242009,0.0,0.0,0.0,0.0,0.0
NG_DRI_CCS,power,HU,0,kilotCO2eq / hour,0.03162785388127854,0.0,0.0,0.0,0.0,0.0
NG_DRI_CCS,power,IE,0,kilotCO2eq / hour,0.0,0.0,0.0,0.0,0.0,0.0
NG_DRI_CCS,power,IT,0,kilotCO2eq / hour,0.38354279504908684,0.0,0.0,0.0,0.0,0.0
NG_DRI_CCS,power,LT,0,kilotCO2eq / hour,0.0,0.0,0.0,0.0,0.0,0.0
NG_DRI_CCS,power,LU,0,kilotCO2eq / hour,0.0371898528630137,0.0,0.0,0.0,0.0,0.0
NG_DRI_CCS,power,LV,0,kilotCO2eq / hour,0.0,0.0,0.0,0.0,0.0,0.0
NG_DRI_CCS,power,NL,0,kilotCO2eq / hour,0.10888356164383561,0.0,0.0,0.0,0.0,0.0
NG_DRI_CCS,power,NO,0,kilotCO2eq / hour,0.010399347031966322,0.0,0.0,0.0,0.0,0.0
NG_DRI_CCS,power,PL,0,kilotCO2eq / hour,0.15689269406392692,0.0,0.0,0.0,0.0,0.0
NG_DRI_CCS,power,PT,0,kilotCO2eq / hour,0.0,0.0,0.0,0.0,0.0,0.0
NG_DRI_CCS,power,RO,0,kilotCO2eq / hour,0.05673515981735159,0.0,0.0,0.0,0.0,0.0
NG_DRI_CCS,power,SE,0,kilotCO2eq / hour,0.07436301370022831,0.0,0.0,0.0,0.0,0.0
NG_DRI_CCS,power,SI,0,kilotCO2eq / hour,0.010452054794520547,0.0,0.0,0.0,0.0,0.0
NG_DRI_CCS,power,SK,0,kilotCO2eq / hour,0.08198630136986303,0.0,0.0,0.0,0.0,0.0
NG_DRI_CCS,power,UK,0,kilotCO2eq / hour,0.11506849315068493,0.0,0.0,0.0,0.0,0.0
carbon_pipeline,power,AT-CH,0,kilotCO2eq / hour,0.0,0.0,0.0,867.0835509302303,867.0835509302303,867.0835509302303
carbon_pipeline,power,AT-CZ,0,kilotCO2eq / hour,0.0,0.0,0.0,114.48479225315663,114.48479225315663,114.48479225315663
carbon_pipeline,power,AT-DE,0,kilotCO2eq / hour,2.107140086285429,0.0,0.0,0.0,0.0,0.0
carbon_pipeline,power,AT-HU,0,kilotCO2eq / hour,0.0,0.0,0.0,678.9097278915151,678.9097278915151,678.9097278915151
carbon_pipeline,power,AT-IT,0,kilotCO2eq / hour,0.0,0.0,0.0,1206.6072531721409,1206.6072531721409,1206.6072531721409
carbon_pipeline,power,AT-SI,0,kilotCO2eq / hour,0.0,0.0,0.0,428.2904966117567,428.2904966117567,428.2904966117567
carbon_pipeline,power,AT-SK,0,kilotCO2eq / hour,0.0,0.0,0.0,514.6596107097033,514.6596107097033,514.6596107097033
carbon_pipeline,power,BE-DE,0,kilotCO2eq / hour,0.0,0.0,0.0,938.2693479475761,938.2693479475761,938.2693479475761
carbon_pipeline,power,BE-FR,0,kilotCO2eq / hour,0.0,0.0,0.0,1102.4656631498449,1102.4656631498449,1102.4656631498449
carbon_pipeline,power,BE-LU,0,kilotCO2eq / hour,0.0,0.0,0.0,318.8258319532962,318.8258319532962,318.8258319532962
carbon_pipeline,power,BE-NL,0,kilotCO2eq / hour,0.0,0.0,0.0,328.37501217844016,328.37501217844016,328.37501217844016
carbon_pipeline,power,BE-NO,0,kilotCO2eq / hour,0.0,0.0,0.0,1092.4927502579594,1092.4927502579594,1092.4927502579594
carbon_pipeline,power,BE-UK,0,kilotCO2eq / hour,4.2837807922729425,0.0,0.0,0.0,0.0,0.0
carbon_pipeline,power,BG-EL,0,kilotCO2eq / hour,0.0,0.0,0.0,964.8262693548623,964.8262693548623,964.8262693548623
carbon_pipeline,power,BG-RO,0,kilotCO2eq / hour,1.3480905755564836,0.0,0.0,0.0,0.0,0.0
carbon_pipeline,power,CH-AT,0,kilotCO2eq / hour,0.0,0.0,0.0,987.0641445477465,987.0641445477465,987.0641445477465
carbon_pipeline,power,CH-DE,0,kilotCO2eq / hour,0.0,0.0,0.0,242.49579364391104,242.49579364391104,242.49579364391104
carbon_pipeline,power,CH-FR,0,kilotCO2eq / hour,2.910234528566887,0.0,0.0,0.0,0.0,0.0
carbon_pipeline,power,CH-IT,0,kilotCO2eq / hour,0.0,0.0,0.0,1259.9672165898137,1259.9672165898137,1259.9672165898137
carbon_pipeline,power,CZ-AT,0,kilotCO2eq / hour,0.0,0.0,0.0,605.5106689970183,605.5106689970183,605.5106689970183
carbon_pipeline,power,CZ-DE,0,kilotCO2eq / hour,0.0,0.0,0.0,168.3747616807351,168.3747616807351,168.3747616807351
carbon_pipeline,power,CZ-PL,0,kilotCO2eq / hour,1.0914153935288782,0.0,0.0,0.0,0.0,0.0
carbon_pipeline,power,CZ-SK,0,kilotCO2eq / hour,0.0,0.0,0.0,732.5823319182433,732.5823319182433,732.5823319182433
carbon_pipeline,power,DE-AT,0,kilotCO2eq / hour,0.0,0.0,0.0,1048.5164959225308,1048.5164959225308,1048.5164959225308
carbon_pipeline,power,DE-BE,0,kilotCO2eq / hour,0.0,0.0,0.0,202.196496389063,202.196496389063,202.196496389063
carbon_pipeline,power,DE-CH,0,kilotCO2eq / hour,0.0,0.0,0.0,1171.0316959489257,1171.0316959489257,1171.0316959489257
carbon_pipeline,power,DE-CZ,0,kilotCO2eq / hour,0.0,0.0,0.0,725.8653808594042,725.8653808594042,725.8653808594042
carbon_pipeline,power,DE-DK,0,kilotCO2eq / hour,0.22807687944795063,0.0,0.0,0.0,0.0,0.0
carbon_pipeline,power,DE-FR,0,kilotCO2eq / hour,0.0,0.0,0.0,1376.4818235116084,1376.4818235116084,1376.4818235116084
carbon_pipeline,power,DE-LU,0,kilotCO2eq / hour,0.0,0.0,0.0,364.2039231452696,364.2039231452696,364.2039231452696
carbon_pipeline,power,DE-NL,0,kilotCO2eq / hour,6.5446936447418,0.0,0.0,0.0,0.0,0.0
carbon_pipeline,power,DE-NO,0,kilotCO2eq / hour,8.751837673155292,0.0,0.0,0.0,0.0,0.0
carbon_pipeline,power,DE-PL,0,kilotCO2eq / hour,0.0,0.0,0.0,1129.6040463118595,1129.6040463118595,1129.6040463118595
carbon_pipeline,power,DE-SE,0,kilotCO2eq / hour,0.0,0.0,0.0,43.674889858692495,43.674889858692495,43.674889858692495
carbon_pipeline,power,DE-UK,0,kilotCO2eq / hour,1.7211802655643402,0.0,0.0,0.0,0.0,0.0
carbon_pipeline,power,DK-DE,0,kilotCO2eq / hour,0.0,0.0,0.0,1270.9497908694614,1270.9497908694614,1270.9497908694614
carbon_pipeline,power,DK-NL,0,kilotCO2eq / hour,0.0,0.0,0.0,1145.9450197631104,1145.9450197631104,1145.9450197631104
carbon_pipeline,power,DK-NO,0,kilotCO2eq / hour,0.0,0.0,0.0,88.42285946092807,88.42285946092807,88.42285946092807
carbon_pipeline,power,DK-SE,0,kilotCO2eq / hour,0.0,0.0,0.0,184.10252744968034,184.10252744968034,184.10252744968034
carbon_pipeline,power,DK-UK,0,kilotCO2eq / hour,0.0,0.0,0.0,944.4357531732061,944.4357531732061,944.4357531732061
carbon_pipeline,power,EE-FI,0,kilotCO2eq / hour,0.19804474679733441,0.0,0.0,0.0,0.0,0.0
carbon_pipeline,power,EE-LV,0,kilotCO2eq / hour,0.0,0.0,0.0,499.16886757994786,499.16886757994786,499.16886757994786
carbon_pipeline,power,EL-BG,0,kilotCO2eq / hour,0.7786455448158904,0.0,0.0,0.0,0.0,0.0
carbon_pipeline,power,EL-IT,0,kilotCO2eq / hour,0.0,0.0,0.0,2192.8762610088615,2192.8762610088615,2192.8762610088615
carbon_pipeline,power,ES-FR,0,kilotCO2eq / hour,3.936265079705756,0.0,0.0,0.0,0.0,0.0
carbon_pipeline,power,ES-PT,0,kilotCO2eq / hour,0.0,0.0,0.0,859.049365024745,859.049365024745,859.049365024745
carbon_pipeline,power,FI-EE,0,kilotCO2eq / hour,0.0,0.0,0.0,1632.8673886852625,1632.8673886852625,1632.8673886852625
carbon_pipeline,power,FI-NO,0,kilotCO2eq / hour,1.521019459059203,0.0,0.0,0.0,0.0,0.0
carbon_pipeline,power,FI-SE,0,kilotCO2eq / hour,0.0,0.0,0.0,735.4199873955054,735.4199873955054,735.4199873955054
carbon_pipeline,power,FR-BE,0,kilotCO2eq / hour,0.0,0.0,0.0,509.4003411904406,509.4003411904406,509.4003411904406
carbon_pipeline,power,FR-CH,0,kilotCO2eq / hour,0.0,0.0,0.0,1071.5434319041237,1071.5434319041237,1071.5434319041237
carbon_pipeline,power,FR-DE,0,kilotCO2eq / hour,0.0,0.0,0.0,1519.4893531107173,1519.4893531107173,1519.4893531107173
carbon_pipeline,power,FR-ES,0,kilotCO2eq / hour,0.0,0.0,0.0,1940.8937470653836,1940.8937470653836,1940.8937470653836
carbon_pipeline,power,FR-IT,0,kilotCO2eq / hour,0.0,0.0,0.0,2136.8913687954578,2136.8913687954578,2136.8913687954578
carbon_pipeline,power,FR-LU,0,kilotCO2eq / hour,0.0,0.0,0.0,770.102234136814,770.102234136814,770.102234136814
carbon_pipeline,power,FR-NO,0,kilotCO2eq / hour,0.0,0.0,0.0,1599.3947633531416,1599.3947633531416,1599.3947633531416
carbon_pipeline,power,FR-UK,0,kilotCO2eq / hour,14.264522679485886,0.0,0.0,0.0,0.0,0.0
carbon_pipeline,power,HR-HU,0,kilotCO2eq / hour,0.28693339627923126,0.0,0.0,0.0,0.0,0.0
carbon_pipeline,power,HR-SI,0,kilotCO2eq / hour,0.0,0.0,0.0,-5.684341886080802e-14,-5.684341886080802e-14,-5.684341886080802e-14
carbon_pipeline,power,HU-AT,0,kilotCO2eq / hour,0.0,0.0,0.0,811.0719053971774,811.0719053971774,811.0719053971774
carbon_pipeline,power,HU-HR,0,kilotCO2eq / hour,0.0,0.0,0.0,771.0137705913095,771.0137705913095,771.0137705913095
carbon_pipeline,power,HU-RO,0,kilotCO2eq / hour,1.0857320947078934,0.0,0.0,0.0,0.0,0.0
carbon_pipeline,power,HU-SI,0,kilotCO2eq / hour,0.0,0.0,0.0,839.9778786895857,839.9778786895857,839.9778786895857
carbon_pipeline,power,HU-SK,0,kilotCO2eq / hour,0.2137880158039988,0.0,0.0,0.0,0.0,0.0
carbon_pipeline,power,IE-UK,0,kilotCO2eq / hour,0.3222337647730149,0.0,0.0,0.0,0.0,0.0
carbon_pipeline,power,IT-AT,0,kilotCO2eq / hour,0.0,0.0,0.0,261.2399098983225,261.2399098983225,261.2399098983225
carbon_pipeline,power,IT-CH,0,kilotCO2eq / hour,0.0,0.0,0.0,194.61927969847898,194.61927969847898,194.61927969847898
carbon_pipeline,power,IT-EL,0,kilotCO2eq / hour,0.0,0.0,0.0,1783.8676139012316,1783.8676139012316,1783.8676139012316
carbon_pipeline,power,IT-FR,0,kilotCO2eq / hour,0.792423355900945,0.0,0.0,0.0,0.0,0.0
carbon_pipeline,power,IT-SI,0,kilotCO2eq / hour,0.0,0.0,0.0,380.3414773506664,380.3414773506664,380.3414773506664
carbon_pipeline,power,LT-LV,0,kilotCO2eq / hour,0.0,0.0,0.0,404.0005809546669,404.0005809546669,404.0005809546669
carbon_pipeline,power,LT-PL,0,kilotCO2eq / hour,0.0,0.0,0.0,643.5658220023131,643.5658220023131,643.5658220023131
carbon_pipeline,power,LT-SE,0,kilotCO2eq / hour,0.8956261155791166,0.0,0.0,0.0,0.0,0.0
carbon_pipeline,power,LU-BE,0,kilotCO2eq / hour,0.091351878054029,0.0,0.0,0.0,0.0,0.0
carbon_pipeline,power,LU-DE,0,kilotCO2eq / hour,0.0,0.0,0.0,781.4509427504864,781.4509427504864,781.4509427504864
carbon_pipeline,power,LU-FR,0,kilotCO2eq / hour,0.0,0.0,0.0,1044.341724142922,1044.341724142922,1044.341724142922
carbon_pipeline,power,LV-EE,0,kilotCO2eq / hour,0.0,0.0,0.0,14.189642260702556,14.189642260702556,14.189642260702556
carbon_pipeline,power,LV-LT,0,kilotCO2eq / hour,0.45058279560041126,0.0,0.0,0.0,0.0,0.0
carbon_pipeline,power,NL-BE,0,kilotCO2eq / hour,0.0,0.0,0.0,413.3106910364659,413.3106910364659,413.3106910364659
carbon_pipeline,power,NL-DE,0,kilotCO2eq / hour,0.0,0.0,0.0,821.0085304165386,821.0085304165386,821.0085304165386
carbon_pipeline,power,NL-DK,0,kilotCO2eq / hour,0.0,0.0,0.0,696.0037593101879,696.0037593101879,696.0037593101879
carbon_pipeline,power,NL-NO,0,kilotCO2eq / hour,0.0,0.0,0.0,764.1387426642391,764.1387426642391,764.1387426642391
carbon_pipeline,power,NL-UK,0,kilotCO2eq / hour,0.0,0.0,0.0,2.9649062950607004,2.9649062950607004,2.9649062950607004
carbon_pipeline,power,NO-BE,0,kilotCO2eq / hour,0.0,0.0,0.0,4013.9748636388103,4013.9748636388103,4013.9748636388103
carbon_pipeline,power,NO-DE,0,kilotCO2eq / hour,0.0,0.0,0.0,3657.5549649393647,3657.5549649393647,3657.5549649393647
carbon_pipeline,power,NO-DK,0,kilotCO2eq / hour,0.0,0.0,0.0,2475.0280335308307,2475.0280335308307,2475.0280335308307
carbon_pipeline,power,NO-FI,0,kilotCO2eq / hour,0.0,0.0,0.0,973.1223931296314,973.1223931296314,973.1223931296314
carbon_pipeline,power,NO-FR,0,kilotCO2eq / hour,0.0,0.0,0.0,5113.942198693398,5113.942198693398,5113.942198693398
carbon_pipeline,power,NO-NL,0,kilotCO2eq / hour,0.0,0.0,0.0,3600.6851771870643,3600.6851771870643,3600.6851771870643
carbon_pipeline,power,NO-SE,0,kilotCO2eq / hour,0.0,0.0,0.0,576.9098442207641,576.9098442207641,576.9098442207641
carbon_pipeline,power,NO-UK,0,kilotCO2eq / hour,0.0,0.0,0.0,3765.3359817109613,3765.3359817109613,3765.3359817109613
carbon_pipeline,power,PL-CZ,0,kilotCO2eq / hour,0.0,0.0,0.0,884.5113359362476,884.5113359362476,884.5113359362476
carbon_pipeline,power,PL-DE,0,kilotCO2eq / hour,0.0,0.0,0.0,1456.624763069438,1456.624763069438,1456.624763069438
carbon_pipeline,power,PL-LT,0,kilotCO2eq / hour,0.0,0.0,0.0,0.0,0.0,0.0
carbon_pipeline,power,PL-SE,0,kilotCO2eq / hour,2.5533836025338266,0.0,0.0,0.0,0.0,0.0
carbon_pipeline,power,PL-SK,0,kilotCO2eq / hour,0.0,0.0,0.0,864.4402033046,864.4402033046,864.4402033046
carbon_pipeline,power,PT-ES,0,kilotCO2eq / hour,0.6916190513610487,0.0,0.0,0.0,0.0,0.0
carbon_pipeline,power,RO-BG,0,kilotCO2eq / hour,0.0,0.0,0.0,770.7467001910031,770.7467001910031,770.7467001910031
carbon_pipeline,power,RO-HU,0,kilotCO2eq / hour,0.0,0.0,0.0,1067.0520958740153,1067.0520958740153,1067.0520958740153
carbon_pipeline,power,SE-DE,0,kilotCO2eq / hour,0.0,0.0,0.0,3124.320010577293,3124.320010577293,3124.320010577293
carbon_pipeline,power,SE-DK,0,kilotCO2eq / hour,0.0,0.0,0.0,1993.797857298819,1993.797857298819,1993.797857298819
carbon_pipeline,power,SE-FI,0,kilotCO2eq / hour,0.0,0.0,0.0,1131.632536304373,1131.632536304373,1131.632536304373
carbon_pipeline,power,SE-LT,0,kilotCO2eq / hour,0.0,0.0,0.0,2110.058581958708,2110.058581958708,2110.058581958708
carbon_pipeline,power,SE-NO,0,kilotCO2eq / hour,6.122815481710733,0.0,0.0,0.0,0.0,0.0
carbon_pipeline,power,SE-PL,0,kilotCO2eq / hour,0.0,0.0,0.0,2753.6244039610215,2753.6244039610215,2753.6244039610215
carbon_pipeline,power,SI-AT,0,kilotCO2eq / hour,0.15028028428376522,0.0,0.0,0.0,0.0,0.0
carbon_pipeline,power,SI-HR,0,kilotCO2eq / hour,0.0,0.0,0.0,210.56109647389047,210.56109647389047,210.56109647389047
carbon_pipeline,power,SI-HU,0,kilotCO2eq / hour,0.0,0.0,0.0,279.5252045721668,279.5252045721668,279.5252045721668
carbon_pipeline,power,SI-IT,0,kilotCO2eq / hour,0.0,0.0,0.0,897.418324012728,897.418324012728,897.418324012728
carbon_pipeline,power,SK-AT,0,kilotCO2eq / hour,0.0,0.0,0.0,1025.7566200852125,1025.7566200852125,1025.7566200852125
carbon_pipeline,power,SK-CZ,0,kilotCO2eq / hour,0.0,0.0,0.0,752.6534645498907,752.6534645498907,752.6534645498907
carbon_pipeline,power,SK-HU,0,kilotCO2eq / hour,0.0,0.0,0.0,378.9348318698479,378.9348318698479,378.9348318698479
carbon_pipeline,power,SK-PL,0,kilotCO2eq / hour,0.774803227892932,0.0,0.0,0.0,0.0,0.0
carbon_pipeline,power,UK-BE,0,kilotCO2eq / hour,0.0,0.0,0.0,1460.0307982764855,1460.0307982764855,1460.0307982764855
carbon_pipeline,power,UK-DE,0,kilotCO2eq / hour,0.0,0.0,0.0,2196.1036498349995,2196.1036498349995,2196.1036498349995
carbon_pipeline,power,UK-DK,0,kilotCO2eq / hour,0.0,0.0,0.0,1869.589612138743,1869.589612138743,1869.589612138743
carbon_pipeline,power,UK-FR,0,kilotCO2eq / hour,0.0,0.0,0.0,2053.096120235889,2053.096120235889,2053.096120235889
carbon_pipeline,power,UK-IE,0,kilotCO2eq / hour,0.0,0.0,0.0,836.7517201373878,836.7517201373878,836.7517201373878
carbon_pipeline,power,UK-NL,0,kilotCO2eq / hour,0.0,0.0,0.0,1378.0600257135202,1378.0600257135202,1378.0600257135202
carbon_pipeline,power,UK-NO,0,kilotCO2eq / hour,0.0,0.0,0.0,2303.8846666065956,2303.8846666065956,2303.8846666065956
hydrogen_pipeline,power,AT-CH,0,gigawatt,0.0,0.0,0.0,166.18820252115145,166.18820252115145,166.18820252115145
hydrogen_pipeline,power,AT-CZ,0,gigawatt,11.988998441190716,0.0,0.0,0.0,0.0,0.0
hydrogen_pipeline,power,AT-DE,0,gigawatt,13.74229819339537,0.0,0.0,0.0,0.0,0.0
hydrogen_pipeline,power,AT-HU,0,gigawatt,0.0,0.0,0.0,110.71358319352609,110.71358319352609,110.71358319352609
hydrogen_pipeline,power,AT-IT,0,gigawatt,0.0,0.0,0.0,209.84473968211142,209.84473968211142,209.84473968211142
hydrogen_pipeline,power,AT-SI,0,gigawatt,0.0,0.0,0.0,74.48530375856636,74.48530375856636,74.48530375856636
hydrogen_pipeline,power,AT-SK,0,gigawatt,0.0,0.0,0.0,34.00155765590418,34.00155765590418,34.00155765590418
hydrogen_pipeline,power,BE-DE,0,gigawatt,0.0,0.0,0.0,125.54988747986565,125.54988747986565,125.54988747986565
hydrogen_pipeline,power,BE-FR,0,gigawatt,0.0,0.0,0.0,191.73315880866866,191.73315880866866,191.73315880866866
hydrogen_pipeline,power,BE-LU,0,gigawatt,0.0,0.0,0.0,46.32670170294674,46.32670170294674,46.32670170294674
hydrogen_pipeline,power,BE-NL,0,gigawatt,12.489472550748381,0.0,0.0,0.0,0.0,0.0
hydrogen_pipeline,power,BE-NO,0,gigawatt,0.0,0.0,0.0,540.3725927487019,540.3725927487019,540.3725927487019
hydrogen_pipeline,power,BE-UK,0,gigawatt,0.0,0.0,0.0,235.7837533028819,235.7837533028819,235.7837533028819
hydrogen_pipeline,power,BG-EL,0,gigawatt,0.0,0.0,0.0,120.75636128826667,120.75636128826667,120.75636128826667
hydrogen_pipeline,power,BG-RO,0,gigawatt,0.5077359750882756,0.0,0.0,0.0,0.0,0.0
hydrogen_pipeline,power,CH-AT,0,gigawatt,0.0,0.0,0.0,159.6855436948136,159.6855436948136,159.6855436948136
hydrogen_pipeline,power,CH-DE,0,gigawatt,0.0,0.0,0.0,29.026596782890124,29.026596782890124,29.026596782890124
hydrogen_pipeline,power,CH-FR,0,gigawatt,0.0197803592888163,0.0,0.0,0.0,0.0,0.0
hydrogen_pipeline,power,CH-IT,0,gigawatt,0.0,0.0,0.0,219.12473331996756,219.12473331996756,219.12473331996756
hydrogen_pipeline,power,CZ-AT,0,gigawatt,0.0,0.0,0.0,105.30620330382925,105.30620330382925,105.30620330382925
hydrogen_pipeline,power,CZ-DE,0,gigawatt,0.0,0.0,0.0,114.88564844813902,114.88564844813902,114.88564844813902
hydrogen_pipeline,power,CZ-PL,0,gigawatt,11.45957629754163,0.0,0.0,0.0,0.0,0.0
hydrogen_pipeline,power,CZ-SK,0,gigawatt,0.0,0.0,0.0,96.00783624670768,96.00783624670768,96.00783624670768
hydrogen_pipeline,power,DE-AT,0,gigawatt,0.0,0.0,0.0,182.3506949430488,182.3506949430488,182.3506949430488
hydrogen_pipeline,power,DE-BE,0,gigawatt,0.0,0.0,0.0,110.2718278137411,110.2718278137411,110.2718278137411
hydrogen_pipeline,power,DE-CH,0,gigawatt,0.0,0.0,0.0,203.65768625198703,203.65768625198703,203.65768625198703
hydrogen_pipeline,power,DE-CZ,0,gigawatt,0.0,0.0,0.0,152.8446514494626,152.8446514494626,152.8446514494626
hydrogen_pipeline,power,DE-DK,0,gigawatt,0.0,0.0,0.0,139.4422169808911,139.4422169808911,139.4422169808911
hydrogen_pipeline,power,DE-FR,0,gigawatt,0.0,0.0,0.0,311.9528422811869,311.9528422811869,311.9528422811869
hydrogen_pipeline,power,DE-LU,0,gigawatt,0.0,0.0,0.0,80.93395009097875,80.93395009097875,80.93395009097875
hydrogen_pipeline,power,DE-NL,0,gigawatt,0.0,0.0,0.0,1.296300025990746,1.296300025990746,1.296300025990746
hydrogen_pipeline,power,DE-NO,0,gigawatt,0.0,0.0,0.0,390.32462863366607,390.32462863366607,390.32462863366607
hydrogen_pipeline,power,DE-PL,0,gigawatt,0.0,0.0,0.0,185.01990708061507,185.01990708061507,185.01990708061507
hydrogen_pipeline,power,DE-SE,0,gigawatt,0.0,0.0,0.0,382.7324667036228,382.7324667036228,382.7324667036228
hydrogen_pipeline,power,DE-UK,0,gigawatt,0.0,0.0,0.0,322.0350141838512,322.0350141838512,322.0350141838512
hydrogen_pipeline,power,DK-DE,0,gigawatt,0.4512027520303303,0.0,0.0,0.0,0.0,0.0
hydrogen_pipeline,power,DK-NL,0,gigawatt,0.016118933638011822,0.0,0.0,-2.842170943040401e-14,-2.842170943040401e-14,-2.842170943040401e-14
hydrogen_pipeline,power,DK-NO,0,gigawatt,0.0,0.0,0.0,261.95623715811814,261.95623715811814,261.95623715811814
hydrogen_pipeline,power,DK-SE,0,gigawatt,0.0,0.0,0.0,248.1843108872211,248.1843108872211,248.1843108872211
hydrogen_pipeline,power,DK-UK,0,gigawatt,0.0,0.0,0.0,325.14601950239,325.14601950239,325.14601950239
hydrogen_pipeline,power,EE-FI,0,gigawatt,0.0,0.0,0.0,132.08137962316965,132.08137962316965,132.08137962316965
hydrogen_pipeline,power,EE-LV,0,gigawatt,0.3072604420188065,0.0,0.0,1.4210854715202004e-14,1.4210854715202004e-14,1.4210854715202004e-14
hydrogen_pipeline,power,EL-BG,0,gigawatt,0.0,0.0,0.0,33.56112128672402,33.56112128672402,33.56112128672402
hydrogen_pipeline,power,EL-IT,0,gigawatt,0.0,0.0,0.0,381.36978452328015,381.36978452328015,381.36978452328015
hydrogen_pipeline,power,ES-FR,0,gigawatt,11.10690288289719,0.0,0.0,0.0,0.0,0.0
hydrogen_pipeline,power,ES-PT,0,gigawatt,0.0,0.0,0.0,27.99491523706706,27.99491523706706,27.99491523706706
hydrogen_pipeline,power,FI-EE,0,gigawatt,0.0,0.0,0.0,100.67286347157935,100.67286347157935,100.67286347157935
hydrogen_pipeline,power,FI-NO,0,gigawatt,0.0,0.0,0.0,169.2386770660228,169.2386770660228,169.2386770660228
hydrogen_pipeline,power,FI-SE,0,gigawatt,0.0,0.0,0.0,196.80565848771698,196.80565848771698,196.80565848771698
hydrogen_pipeline,power,FR-BE,0,gigawatt,19.96185314276558,0.0,0.0,0.0,0.0,0.0
hydrogen_pipeline,power,FR-CH,0,gigawatt,0.0,0.0,0.0,1.723327223109436,1.723327223109436,1.723327223109436
hydrogen_pipeline,power,FR-DE,0,gigawatt,0.0,0.0,0.0,107.09251824331162,107.09251824331162,107.09251824331162
hydrogen_pipeline,power,FR-ES,0,gigawatt,0.0,0.0,0.0,337.54673862006666,337.54673862006666,337.54673862006666
hydrogen_pipeline,power,FR-IT,0,gigawatt,0.0,0.0,0.0,367.23029838051104,367.23029838051104,367.23029838051104
hydrogen_pipeline,power,FR-LU,0,gigawatt,0.3283540473368978,0.0,0.0,0.0,0.0,0.0
hydrogen_pipeline,power,FR-NO,0,gigawatt,0.0,0.0,0.0,708.0438001067063,708.0438001067063,708.0438001067063
hydrogen_pipeline,power,FR-UK,0,gigawatt,0.0,0.0,0.0,300.09969719043846,300.09969719043846,300.09969719043846
hydrogen_pipeline,power,HR-HU,0,gigawatt,0.2786995694095625,0.0,0.0,0.0,0.0,0.0
hydrogen_pipeline,power,HR-SI,0,gigawatt,0.0,0.0,0.0,53.91178928528896,53.91178928528896,53.91178928528896
hydrogen_pipeline,power,HU-AT,0,gigawatt,0.0,0.0,0.0,169.56463058721286,169.56463058721286,169.56463058721286
hydrogen_pipeline,power,HU-HR,0,gigawatt,0.0,0.0,0.0,134.0893514071842,134.0893514071842,134.0893514071842
hydrogen_pipeline,power,HU-RO,0,gigawatt,0.0,0.0,0.0,96.84577780096532,96.84577780096532,96.84577780096532
hydrogen_pipeline,power,HU-SI,0,gigawatt,0.0,0.0,0.0,146.08310933731923,146.08310933731923,146.08310933731923
hydrogen_pipeline,power,HU-SK,0,gigawatt,1.240608057694676,0.0,0.0,0.0,0.0,0.0
hydrogen_pipeline,power,IE-UK,0,gigawatt,1.59840801394533,0.0,0.0,0.0,0.0,0.0
hydrogen_pipeline,power,IT-AT,0,gigawatt,24.136414411256666,0.0,0.0,0.0,0.0,0.0
hydrogen_pipeline,power,IT-CH,0,gigawatt,0.8924224834394885,0.0,0.0,0.0,0.0,0.0
hydrogen_pipeline,power,IT-EL,0,gigawatt,0.0,0.0,0.0,321.8677248042618,321.8677248042618,321.8677248042618
hydrogen_pipeline,power,IT-FR,0,gigawatt,3.484076734564845,0.0,0.0,0.0,0.0,0.0
hydrogen_pipeline,power,IT-SI,0,gigawatt,1.8640003884850025,0.0,0.0,-2.842170943040401e-14,-2.842170943040401e-14,-2.842170943040401e-14
hydrogen_pipeline,power,LT-LV,0,gigawatt,0.0,0.0,0.0,70.2609706008116,70.2609706008116,70.2609706008116
hydrogen_pipeline,power,LT-PL,0,gigawatt,0.0,0.0,0.0,86.0990287149911,86.0990287149911,86.0990287149911
hydrogen_pipeline,power,LT-SE,0,gigawatt,0.0,0.0,0.0,366.9667099058622,366.9667099058622,366.9667099058622
hydrogen_pipeline,power,LU-BE,0,gigawatt,0.0,0.0,0.0,24.91809515266165,24.91809515266165,24.91809515266165
hydrogen_pipeline,power,LU-DE,0,gigawatt,0.0,0.0,0.0,82.32030069349403,82.32030069349403,82.32030069349403
hydrogen_pipeline,power,LU-FR,0,gigawatt,0.0,0.0,0.0,181.62464767702988,181.62464767702988,181.62464767702988
hydrogen_pipeline,power,LV-EE,0,gigawatt,0.0,0.0,0.0,86.81197697042569,86.81197697042569,86.81197697042569
hydrogen_pipeline,power,LV-LT,0,gigawatt,0.25537306073832255,0.0,0.0,0.0,0.0,0.0
hydrogen_pipeline,power,NL-BE,0,gigawatt,0.0,0.0,0.0,71.88012018025493,71.88012018025493,71.88012018025493
hydrogen_pipeline,power,NL-DE,0,gigawatt,0.0,0.0,0.0,123.9768597891416,123.9768597891416,123.9768597891416
hydrogen_pipeline,power,NL-DK,0,gigawatt,0.0,0.0,0.0,199.2947860457583,199.2947860457583,199.2947860457583
hydrogen_pipeline,power,NL-NO,0,gigawatt,0.0,0.0,0.0,530.7379931211959,530.7379931211959,530.7379931211959
hydrogen_pipeline,power,NL-UK,0,gigawatt,0.0,0.0,0.0,239.66261316756868,239.66261316756868,239.66261316756868
hydrogen_pipeline,power,NO-BE,0,gigawatt,0.0,0.0,0.0,291.62912772382464,291.62912772382464,291.62912772382464
hydrogen_pipeline,power,NO-DE,0,gigawatt,0.0,0.0,0.0,99.12638905687152,99.12638905687152,99.12638905687152
hydrogen_pipeline,power,NO-DK,0,gigawatt,0.0,0.0,0.0,109.50458398047311,109.50458398047311,109.50458398047311
hydrogen_pipeline,power,NO-FI,0,gigawatt,0.8285652305162133,0.0,0.0,0.0,0.0,0.0
hydrogen_pipeline,power,NO-FR,0,gigawatt,0.0,0.0,0.0,777.8682951318364,777.8682951318364,777.8682951318364
hydrogen_pipeline,power,NO-NL,0,gigawatt,0.0,0.0,0.0,151.2610703226086,151.2610703226086,151.2610703226086
hydrogen_pipeline,power,NO-SE,0,gigawatt,2.4166074475651182,0.0,0.0,0.0,0.0,0.0
hydrogen_pipeline,power,NO-UK,0,gigawatt,0.0,0.0,0.0,515.3405032115819,515.3405032115819,515.3405032115819
hydrogen_pipeline,power,PL-CZ,0,gigawatt,0.0,0.0,0.0,153.8280584236952,153.8280584236952,153.8280584236952
hydrogen_pipeline,power,PL-DE,0,gigawatt,0.0,0.0,0.0,253.32604575120655,253.32604575120655,253.32604575120655
hydrogen_pipeline,power,PL-LT,0,gigawatt,0.38877388800373397,0.0,0.0,0.0,0.0,0.0
hydrogen_pipeline,power,PL-SE,0,gigawatt,0.0,0.0,0.0,397.9208924088464,397.9208924088464,397.9208924088464
hydrogen_pipeline,power,PL-SK,0,gigawatt,0.0,0.0,0.0,150.33742666166953,150.33742666166953,150.33742666166953
hydrogen_pipeline,power,PT-ES,0,gigawatt,0.0,0.0,0.0,149.39988956952084,149.39988956952084,149.39988956952084
hydrogen_pipeline,power,RO-BG,0,gigawatt,0.0,0.0,0.0,134.042904381044,134.042904381044,134.042904381044
hydrogen_pipeline,power,RO-HU,0,gigawatt,0.0,0.0,0.0,107.76309418831231,107.76309418831231,107.76309418831231
hydrogen_pipeline,power,SE-DE,0,gigawatt,0.0,0.0,0.0,105.31651447993858,105.31651447993858,105.31651447993858
hydrogen_pipeline,power,SE-DK,0,gigawatt,0.0,0.0,0.0,119.45561947905,119.45561947905,119.45561947905
hydrogen_pipeline,power,SE-FI,0,gigawatt,0.0,0.0,0.0,3.8095449332828366,3.8095449332828366,3.8095449332828366
hydrogen_pipeline,power,SE-LT,0,gigawatt,0.8193642880924505,0.0,0.0,0.0,0.0,0.0
hydrogen_pipeline,power,SE-NO,0,gigawatt,1.9675427536660535,0.0,0.0,0.0,0.0,0.0
hydrogen_pipeline,power,SE-PL,0,gigawatt,2.648886971539513,0.0,0.0,0.0,0.0,0.0
hydrogen_pipeline,power,SI-AT,0,gigawatt,0.04773551007644428,0.0,0.0,0.0,0.0,0.0
hydrogen_pipeline,power,SI-HR,0,gigawatt,0.009332975224069104,0.0,0.0,-1.4210854715202004e-14,-1.4210854715202004e-14,-1.4210854715202004e-14
hydrogen_pipeline,power,SI-HU,0,gigawatt,0.9983613598460898,0.0,0.0,2.842170943040401e-14,2.842170943040401e-14,2.842170943040401e-14
hydrogen_pipeline,power,SI-IT,0,gigawatt,0.0,0.0,0.0,156.07275200221352,156.07275200221352,156.07275200221352
hydrogen_pipeline,power,SK-AT,0,gigawatt,0.0,0.0,0.0,178.39245566699344,178.39245566699344,178.39245566699344
hydrogen_pipeline,power,SK-CZ,0,gigawatt,0.0,0.0,0.0,127.73858147038132,127.73858147038132,127.73858147038132
hydrogen_pipeline,power,SK-HU,0,gigawatt,0.0,0.0,0.0,65.90170989040833,65.90170989040833,65.90170989040833
hydrogen_pipeline,power,SK-PL,0,gigawatt,0.552788809726954,0.0,0.0,0.0,0.0,0.0
hydrogen_pipeline,power,UK-BE,0,gigawatt,0.0,0.0,0.0,55.78020258201144,55.78020258201144,55.78020258201144
hydrogen_pipeline,power,UK-DE,0,gigawatt,0.0,0.0,0.0,149.93834506105458,149.93834506105458,149.93834506105458
hydrogen_pipeline,power,UK-DK,0,gigawatt,0.0,0.0,0.0,325.14601950239,325.14601950239,325.14601950239
hydrogen_pipeline,power,UK-FR,0,gigawatt,0.0,0.0,0.0,321.58594908671796,321.58594908671796,321.58594908671796
hydrogen_pipeline,power,UK-IE,0,gigawatt,0.0,0.0,0.0,145.52203828476306,145.52203828476306,145.52203828476306
hydrogen_pipeline,power,UK-NL,0,gigawatt,2.072610222302407,0.0,0.0,0.0,0.0,0.0
hydrogen_pipeline,power,UK-NO,0,gigawatt,0.0,0.0,0.0,542.1792910671663,542.1792910671663,542.1792910671663
natural_gas_pipeline,power,AT-CH,0,gigawatt,0.0,0.0,0.0,113.4451717115745,113.4451717115745,113.4451717115745
natural_gas_pipeline,power,AT-CZ,0,gigawatt,0.15318888835088235,0.0,0.0,0.0,0.0,0.0
natural_gas_pipeline,power,AT-DE,0,gigawatt,0.0,6.366219288701557,-1.0,120.5080080959177,120.5080080959177,120.5080080959177
natural_gas_pipeline,power,AT-HU,0,gigawatt,0.0,5.928258323642386,-1.0,112.21771818763355,112.21771818763355,112.21771818763355
natural_gas_pipeline,power,AT-IT,0,gigawatt,0.0,7.326090146319674,-1.0,138.6776814664484,138.6776814664484,138.6776814664484
natural_gas_pipeline,power,AT-SI,0,gigawatt,0.0,2.6004275863093214,-1.0,49.2242466702284,49.2242466702284,49.2242466702284
natural_gas_pipeline,power,AT-SK,0,gigawatt,0.0,6.228029416508364,-1.0,117.89217199574033,117.89217199574033,117.89217199574033
natural_gas_pipeline,power,BE-DE,0,gigawatt,0.0,4.1582407582451415,-1.0,78.71254322776937,78.71254322776937,78.71254322776937
natural_gas_pipeline,power,BE-FR,0,gigawatt,0.0,6.693779446646166,-1.0,126.70848916252892,126.70848916252892,126.70848916252892
natural_gas_pipeline,power,BE-LU,0,gigawatt,0.0,1.935797070442428,-1.0,36.64326320818727,36.64326320818727,36.64326320818727
natural_gas_pipeline,power,BE-NL,0,gigawatt,0.0,2.5094755339903836,-1.0,47.502588938983905,47.502588938983905,47.502588938983905
natural_gas_pipeline,power,BE-NO,0,gigawatt,0.0,0.0,0.0,461.33381520011403,461.33381520011403,461.33381520011403
natural_gas_pipeline,power,BE-UK,0,gigawatt,0.0,8.864787789445366,-1.0,167.80413464471764,167.80413464471764,167.80413464471764
natural_gas_pipeline,power,BG-EL,0,gigawatt,0.0,5.8580819949891465,-1.0,110.8893301447499,110.8893301447499,110.8893301447499
natural_gas_pipeline,power,BG-RO,0,gigawatt,0.0,4.679699869806886,-1.0,88.58339372600747,88.58339372600747,88.58339372600747
natural_gas_pipeline,power,CH-AT,0,gigawatt,0.0,0.0,0.0,113.4451717115745,113.4451717115745,113.4451717115745
natural_gas_pipeline,power,CH-DE,0,gigawatt,0.0,7.110088014277422,-1.0,134.58891457098818,134.58891457098818,134.58891457098818
natural_gas_pipeline,power,CH-FR,0,gigawatt,0.0,6.5060306551185745,-1.0,123.1545379297211,123.1545379297211,123.1545379297211
natural_gas_pipeline,power,CH-IT,0,gigawatt,0.0,7.650072868265421,-1.0,144.81044421127973,144.81044421127973,144.81044421127973
natural_gas_pipeline,power,CZ-AT,0,gigawatt,0.0,0.0,0.0,69.59250034254922,69.59250034254922,69.59250034254922
natural_gas_pipeline,power,CZ-DE,0,gigawatt,0.0,5.336105620745413,-1.0,101.00868823144393,101.00868823144393,101.00868823144393
natural_gas_pipeline,power,CZ-PL,0,gigawatt,0.0,5.370438280952487,-1.0,101.65858109666948,101.65858109666948,101.65858109666948
natural_gas_pipeline,power,CZ-SK,0,gigawatt,0.0,4.569844177329557,-1.0,86.50390351712704,86.50390351712704,86.50390351712704
natural_gas_pipeline,power,DE-AT,0,gigawatt,0.0,6.366219288701557,-1.0,120.5080080959177,120.5080080959177,120.5080080959177
natural_gas_pipeline,power,DE-BE,0,gigawatt,0.0,5.696837812404451,-1.0,107.83709232837093,107.83709232837093,107.83709232837093
natural_gas_pipeline,power,DE-CH,0,gigawatt,0.0,7.110088014277422,-1.0,134.58891457098818,134.58891457098818,134.58891457098818
natural_gas_pipeline,power,DE-CZ,0,gigawatt,0.0,5.336105620745413,-1.0,101.00868823144393,101.00868823144393,101.00868823144393
natural_gas_pipeline,power,DE-DK,0,gigawatt,0.0,7.716755153656815,-1.0,146.07269249764678,146.07269249764678,146.07269249764678
natural_gas_pipeline,power,DE-FR,0,gigawatt,0.0,10.89088364766592,-1.0,206.15668975051992,206.15668975051992,206.15668975051992
natural_gas_pipeline,power,DE-LU,0,gigawatt,0.0,4.744692223974061,-1.0,89.81365281495383,89.81365281495383,89.81365281495383
natural_gas_pipeline,power,DE-NL,0,gigawatt,0.0,4.984871828771363,-1.0,94.36008209217887,94.36008209217887,94.36008209217887
natural_gas_pipeline,power,DE-NO,0,gigawatt,0.0,0.0,0.0,420.36979393287737,420.36979393287737,420.36979393287737
natural_gas_pipeline,power,DE-PL,0,gigawatt,0.0,8.844107554926,-1.0,167.4126724980542,167.4126724980542,167.4126724980542
natural_gas_pipeline,power,DE-SE,0,gigawatt,0.0,0.0,0.0,359.0840798337846,359.0840798337846,359.0840798337846
natural_gas_pipeline,power,DE-UK,0,gigawatt,0.0,0.0,0.0,252.40239656977602,252.40239656977602,252.40239656977602
natural_gas_pipeline,power,DK-DE,0,gigawatt,2.1680937285405437,0.0,0.0,0.0,0.0,0.0
natural_gas_pipeline,power,DK-NL,0,gigawatt,0.0,0.0,0.0,128.9156004877278,128.9156004877278,128.9156004877278
natural_gas_pipeline,power,DK-NO,0,gigawatt,0.0,0.0,0.0,284.4597099447003,284.4597099447003,284.4597099447003
natural_gas_pipeline,power,DK-SE,0,gigawatt,0.0,12.105631553025551,-1.0,229.15100455104485,229.15100455104485,229.15100455104485
natural_gas_pipeline,power,DK-UK,0,gigawatt,0.0,0.0,0.0,214.87551315769238,214.87551315769238,214.87551315769238
natural_gas_pipeline,power,EE-FI,0,gigawatt,0.0,9.914190102077233,-1.0,187.6685748488044,187.6685748488044,187.6685748488044
natural_gas_pipeline,power,EE-LV,0,gigawatt,0.0,3.0307758489872807,-1.0,57.37043353107042,57.37043353107042,57.37043353107042
natural_gas_pipeline,power,EL-BG,0,gigawatt,0.0,5.8580819949891465,-1.0,110.8893301447499,110.8893301447499,110.8893301447499
natural_gas_pipeline,power,EL-IT,0,gigawatt,0.0,13.314364823881432,-1.0,252.0314665936608,252.0314665936608,252.0314665936608
natural_gas_pipeline,power,ES-FR,0,gigawatt,0.0,11.784416609503504,-1.0,223.07063388533697,223.07063388533697,223.07063388533697
natural_gas_pipeline,power,ES-PT,0,gigawatt,0.0,5.215842248390742,-1.0,98.73218803688104,98.73218803688104,98.73218803688104
natural_gas_pipeline,power,FI-EE,0,gigawatt,0.0,9.914190102077233,-1.0,187.6685748488044,187.6685748488044,187.6685748488044
natural_gas_pipeline,power,FI-NO,0,gigawatt,0.0,0.0,0.0,111.84281953180525,111.84281953180525,111.84281953180525
natural_gas_pipeline,power,FI-SE,0,gigawatt,0.0,0.0,0.0,130.06069372955955,130.06069372955955,130.06069372955955
natural_gas_pipeline,power,FR-BE,0,gigawatt,0.0,6.693779446646166,-1.0,126.70848916252892,126.70848916252892,126.70848916252892
natural_gas_pipeline,power,FR-CH,0,gigawatt,0.0,6.5060306551185745,-1.0,123.1545379297211,123.1545379297211,123.1545379297211
natural_gas_pipeline,power,FR-DE,0,gigawatt,0.0,10.89088364766592,-1.0,206.15668975051992,206.15668975051992,206.15668975051992
natural_gas_pipeline,power,FR-ES,0,gigawatt,0.0,11.784416609503504,-1.0,223.07063388533697,223.07063388533697,223.07063388533697
natural_gas_pipeline,power,FR-IT,0,gigawatt,0.0,0.0,0.0,245.59701575732373,245.59701575732373,245.59701575732373
natural_gas_pipeline,power,FR-LU,0,gigawatt,0.0,0.0,0.0,120.02819358334482,120.02819358334482,120.02819358334482
natural_gas_pipeline,power,FR-NO,0,gigawatt,0.0,0.0,0.0,587.7551667319997,587.7551667319997,587.7551667319997
natural_gas_pipeline,power,FR-UK,0,gigawatt,0.0,0.0,0.0,235.96626742757877,235.96626742757877,235.96626742757877
natural_gas_pipeline,power,HR-HU,0,gigawatt,0.0,4.68132142630169,-1.0,88.61408863837886,88.61408863837886,88.61408863837886
natural_gas_pipeline,power,HR-SI,0,gigawatt,0.0,0.9197897191628128,-1.0,17.410965896215814,17.410965896215814,17.410965896215814
natural_gas_pipeline,power,HU-AT,0,gigawatt,0.0,0.0,0.0,112.21771818763355,112.21771818763355,112.21771818763355
natural_gas_pipeline,power,HU-HR,0,gigawatt,0.0,4.68132142630169,-1.0,88.61408863837886,88.61408863837886,88.61408863837886
natural_gas_pipeline,power,HU-RO,0,gigawatt,0.0,6.478760859957404,-1.0,122.63834008182594,122.63834008182594,122.63834008182594
natural_gas_pipeline,power,HU-SI,0,gigawatt,0.0,0.0,0.0,96.54026560302707,96.54026560302707,96.54026560302707
natural_gas_pipeline,power,HU-SK,0,gigawatt,2.907653208269771,0.0,0.0,0.0,0.0,0.0
natural_gas_pipeline,power,IE-UK,0,gigawatt,0.16444959185706035,0.0,0.0,0.0,0.0,0.0
natural_gas_pipeline,power,IT-AT,0,gigawatt,0.0,5.37892481010575,-1.0,101.81922506407454,101.81922506407454,101.81922506407454
natural_gas_pipeline,power,IT-CH,0,gigawatt,0.0,7.650072868265421,-1.0,144.81044421127973,144.81044421127973,144.81044421127973
natural_gas_pipeline,power,IT-EL,0,gigawatt,0.0,0.0,0.0,252.0314665936608,252.0314665936608,252.0314665936608
natural_gas_pipeline,power,IT-FR,0,gigawatt,0.0,0.0,0.0,245.59701575732373,245.59701575732373,245.59701575732373
natural_gas_pipeline,power,IT-SI,0,gigawatt,0.0,5.448804922556189,-1.0,103.14200594469335,103.14200594469335,103.14200594469335
natural_gas_pipeline,power,LT-LV,0,gigawatt,0.0,2.4529478564448475,-1.0,46.43256016454465,46.43256016454465,46.43256016454465
natural_gas_pipeline,power,LT-PL,0,gigawatt,0.0,6.517158061878769,-1.0,123.36517183394804,123.36517183394804,123.36517183394804
natural_gas_pipeline,power,LT-SE,0,gigawatt,0.0,0.0,0.0,242.5130721990357,242.5130721990357,242.5130721990357
natural_gas_pipeline,power,LU-BE,0,gigawatt,0.0,0.0,0.0,36.64326320818727,36.64326320818727,36.64326320818727
natural_gas_pipeline,power,LU-DE,0,gigawatt,0.0,0.0,0.0,78.0722493474253,78.0722493474253,78.0722493474253
natural_gas_pipeline,power,LU-FR,0,gigawatt,0.0,0.0,0.0,120.02819358334482,120.02819358334482,120.02819358334482
natural_gas_pipeline,power,LV-EE,0,gigawatt,0.0,3.0307758489872807,-1.0,57.37043353107042,57.37043353107042,57.37043353107042
natural_gas_pipeline,power,LV-LT,0,gigawatt,0.0,2.4529478564448475,-1.0,46.43256016454465,46.43256016454465,46.43256016454465
natural_gas_pipeline,power,NL-BE,0,gigawatt,0.0,2.5094755339903836,-1.0,47.502588938983905,47.502588938983905,47.502588938983905
natural_gas_pipeline,power,NL-DE,0,gigawatt,0.0,4.984871828771363,-1.0,94.36008209217887,94.36008209217887,94.36008209217887
natural_gas_pipeline,power,NL-DK,0,gigawatt,0.0,0.0,0.0,131.70565485246556,131.70565485246556,131.70565485246556
natural_gas_pipeline,power,NL-NO,0,gigawatt,0.0,0.0,0.0,413.8336403582619,413.8336403582619,413.8336403582619
natural_gas_pipeline,power,NL-UK,0,gigawatt,0.0,8.367090408975471,-1.0,158.383076833934,158.383076833934,158.383076833934
natural_gas_pipeline,power,NO-BE,0,gigawatt,0.0,24.37142791804835,-1.0,461.33381520011403,461.33381520011403,461.33381520011403
natural_gas_pipeline,power,NO-DE,0,gigawatt,0.0,22.207373043564893,-1.0,420.36979393287737,420.36979393287737,420.36979393287737
natural_gas_pipeline,power,NO-DK,0,gigawatt,0.0,15.027490047524466,-1.0,284.4597099447003,284.4597099447003,284.4597099447003
natural_gas_pipeline,power,NO-FI,0,gigawatt,1.385774484953748,0.0,0.0,0.0,0.0,0.0
natural_gas_pipeline,power,NO-FR,0,gigawatt,0.0,0.0,-1.0,587.7551667319997,587.7551667319997,587.7551667319997
natural_gas_pipeline,power,NO-NL,0,gigawatt,0.0,21.862079916426712,-1.0,413.8336403582619,413.8336403582619,413.8336403582619
natural_gas_pipeline,power,NO-SE,0,gigawatt,0.7125914870995063,0.0,0.0,0.0,0.0,0.0
natural_gas_pipeline,power,NO-UK,0,gigawatt,0.0,22.861781048203383,-1.0,432.7572725202028,432.7572725202028,432.7572725202028
natural_gas_pipeline,power,PL-CZ,0,gigawatt,0.0,0.0,0.0,101.65858109666948,101.65858109666948,101.65858109666948
natural_gas_pipeline,power,PL-DE,0,gigawatt,0.0,8.844107554926,-1.0,167.4126724980542,167.4126724980542,167.4126724980542
natural_gas_pipeline,power,PL-LT,0,gigawatt,0.0,6.517158061878769,-1.0,123.36517183394804,123.36517183394804,123.36517183394804
natural_gas_pipeline,power,PL-SE,0,gigawatt,0.0,0.0,0.0,316.4793241270748,316.4793241270748,316.4793241270748
natural_gas_pipeline,power,PL-SK,0,gigawatt,0.0,0.0,0.0,99.35176740029485,99.35176740029485,99.35176740029485
natural_gas_pipeline,power,PT-ES,0,gigawatt,0.0,5.215842248390742,-1.0,98.73218803688104,98.73218803688104,98.73218803688104
natural_gas_pipeline,power,RO-BG,0,gigawatt,0.0,4.679699869806886,-1.0,88.58339372600747,88.58339372600747,88.58339372600747
natural_gas_pipeline,power,RO-HU,0,gigawatt,0.0005007454012009305,0.0,0.0,0.0,0.0,0.0
natural_gas_pipeline,power,SE-DE,0,gigawatt,0.0,0.0,0.0,359.0840798337846,359.0840798337846,359.0840798337846
natural_gas_pipeline,power,SE-DK,0,gigawatt,0.0,12.105631553025551,-1.0,229.15100455104485,229.15100455104485,229.15100455104485
natural_gas_pipeline,power,SE-FI,0,gigawatt,0.0,0.0,0.0,103.35975160529445,103.35975160529445,103.35975160529445
natural_gas_pipeline,power,SE-LT,0,gigawatt,0.0,0.0,0.0,242.5130721990357,242.5130721990357,242.5130721990357
natural_gas_pipeline,power,SE-NO,0,gigawatt,0.0,0.0,0.0,66.30535279924398,66.30535279924398,66.30535279924398
natural_gas_pipeline,power,SE-PL,0,gigawatt,0.0,0.0,0.0,316.4793241270748,316.4793241270748,316.4793241270748
natural_gas_pipeline,power,SI-AT,0,gigawatt,0.27651112158216146,0.0,0.0,0.0,0.0,0.0
natural_gas_pipeline,power,SI-HR,0,gigawatt,0.0,2.687110187028338,-1.0,50.86508671602471,50.86508671602471,50.86508671602471
natural_gas_pipeline,power,SI-HU,0,gigawatt,0.0,0.0,0.0,96.54026560302707,96.54026560302707,96.54026560302707
natural_gas_pipeline,power,SI-IT,0,gigawatt,0.0,5.448804922556189,-1.0,103.14200594469335,103.14200594469335,103.14200594469335
natural_gas_pipeline,power,SK-AT,0,gigawatt,0.0,6.228029416508364,-1.0,117.89217199574033,117.89217199574033,117.89217199574033
natural_gas_pipeline,power,SK-CZ,0,gigawatt,0.0,4.569844177329557,-1.0,86.50390351712704,86.50390351712704,86.50390351712704
natural_gas_pipeline,power,SK-HU,0,gigawatt,0.0,2.3007575419099036,-1.0,43.551705637801206,43.551705637801206,43.551705637801206
natural_gas_pipeline,power,SK-PL,0,gigawatt,0.0,0.0,0.0,99.35176740029485,99.35176740029485,99.35176740029485
natural_gas_pipeline,power,UK-BE,0,gigawatt,0.0,4.645997820501077,-1.0,87.94543787710964,87.94543787710964,87.94543787710964
natural_gas_pipeline,power,UK-DE,0,gigawatt,0.0,0.0,0.0,99.61261998277513,99.61261998277513,99.61261998277513
natural_gas_pipeline,power,UK-DK,0,gigawatt,0.0,0.0,0.0,214.87551315769238,214.87551315769238,214.87551315769238
natural_gas_pipeline,power,UK-FR,0,gigawatt,0.0,0.0,0.0,235.96626742757877,235.96626742757877,235.96626742757877
natural_gas_pipeline,power,UK-IE,0,gigawatt,0.0,5.080458878146657,-1.0,96.16947702465099,96.16947702465099,96.16947702465099
natural_gas_pipeline,power,UK-NL,0,gigawatt,12.687042424046385,0.0,0.0,0.0,0.0,0.0
natural_gas_pipeline,power,UK-NO,0,gigawatt,0.0,0.0,0.0,432.7572725202028,432.7572725202028,432.7572725202028
oil_pipeline,power,AT-CH,0,gigawatt,0.0,0.0,0.0,113.4451717115745,113.4451717115745,113.4451717115745
oil_pipeline,power,AT-CZ,0,gigawatt,0.0,0.0,0.0,69.59250034254922,69.59250034254922,69.59250034254922
oil_pipeline,power,AT-DE,0,gigawatt,0.0,0.0,0.0,120.5080080959177,120.5080080959177,120.5080080959177
oil_pipeline,power,AT-HU,0,gigawatt,0.0,0.0,0.0,112.21771818763355,112.21771818763355,112.21771818763355
oil_pipeline,power,AT-IT,0,gigawatt,0.0,0.0,0.0,138.6776814664484,138.6776814664484,138.6776814664484
oil_pipeline,power,AT-SI,0,gigawatt,0.0,0.0,0.0,49.2242466702284,49.2242466702284,49.2242466702284
oil_pipeline,power,AT-SK,0,gigawatt,0.0,0.0,0.0,117.89217199574033,117.89217199574033,117.89217199574033
oil_pipeline,power,BE-DE,0,gigawatt,0.0,0.0,0.0,107.83709232837093,107.83709232837093,107.83709232837093
oil_pipeline,power,BE-FR,0,gigawatt,0.0,0.0,0.0,126.70848916252892,126.70848916252892,126.70848916252892
oil_pipeline,power,BE-LU,0,gigawatt,0.0,0.0,0.0,36.64326320818727,36.64326320818727,36.64326320818727
oil_pipeline,power,BE-NL,0,gigawatt,0.0,0.0,0.0,47.502588938983905,47.502588938983905,47.502588938983905
oil_pipeline,power,BE-NO,0,gigawatt,0.0,0.0,0.0,461.33381520011403,461.33381520011403,461.33381520011403
oil_pipeline,power,BE-UK,0,gigawatt,0.0,0.0,0.0,167.80413464471764,167.80413464471764,167.80413464471764
oil_pipeline,power,BG-EL,0,gigawatt,0.0,0.0,0.0,110.8893301447499,110.8893301447499,110.8893301447499
oil_pipeline,power,BG-RO,0,gigawatt,0.0,0.0,0.0,88.58339372600747,88.58339372600747,88.58339372600747
oil_pipeline,power,CH-AT,0,gigawatt,0.0,0.0,0.0,113.4451717115745,113.4451717115745,113.4451717115745
oil_pipeline,power,CH-DE,0,gigawatt,0.0,0.0,0.0,133.09238211234108,133.09238211234108,133.09238211234108
oil_pipeline,power,CH-FR,0,gigawatt,0.0,0.0,0.0,123.1545379297211,123.1545379297211,123.1545379297211
oil_pipeline,power,CH-IT,0,gigawatt,0.0,0.0,0.0,144.81044421127973,144.81044421127973,144.81044421127973
oil_pipeline,power,CZ-AT,0,gigawatt,0.0,0.0,0.0,69.59250034254922,69.59250034254922,69.59250034254922
oil_pipeline,power,CZ-DE,0,gigawatt,0.0,0.0,0.0,93.52471116382262,93.52471116382262,93.52471116382262
oil_pipeline,power,CZ-PL,0,gigawatt,0.0,0.0,0.0,101.65858109666948,101.65858109666948,101.65858109666948
oil_pipeline,power,CZ-SK,0,gigawatt,0.0,0.0,0.0,86.50390351712704,86.50390351712704,86.50390351712704
oil_pipeline,power,DE-AT,0,gigawatt,0.0,0.0,0.0,120.5080080959177,120.5080080959177,120.5080080959177
oil_pipeline,power,DE-BE,0,gigawatt,0.0,0.0,0.0,106.60714327824269,106.60714327824269,106.60714327824269
oil_pipeline,power,DE-CH,0,gigawatt,0.0,0.0,0.0,134.58891457098818,134.58891457098818,134.58891457098818
oil_pipeline,power,DE-CZ,0,gigawatt,0.0,0.0,0.0,82.77430038506492,82.77430038506492,82.77430038506492
oil_pipeline,power,DE-DK,0,gigawatt,0.0,0.0,0.0,146.07269249764678,146.07269249764678,146.07269249764678
oil_pipeline,power,DE-FR,0,gigawatt,0.0,0.0,0.0,206.15668975051992,206.15668975051992,206.15668975051992
oil_pipeline,power,DE-LU,0,gigawatt,0.0,0.0,0.0,89.81365281495383,89.81365281495383,89.81365281495383
oil_pipeline,power,DE-NL,0,gigawatt,0.0,0.0,0.0,92.33512101319745,92.33512101319745,92.33512101319745
oil_pipeline,power,DE-NO,0,gigawatt,0.0,0.0,0.0,420.36979393287737,420.36979393287737,420.36979393287737
oil_pipeline,power,DE-PL,0,gigawatt,0.0,0.0,0.0,167.4126724980542,167.4126724980542,167.4126724980542
oil_pipeline,power,DE-SE,0,gigawatt,0.0,0.0,0.0,359.0840798337846,359.0840798337846,359.0840798337846
oil_pipeline,power,DE-UK,0,gigawatt,0.0,0.0,0.0,252.40239656977602,252.40239656977602,252.40239656977602
oil_pipeline,power,DK-DE,0,gigawatt,0.0,0.0,0.0,144.09157764301688,144.09157764301688,144.09157764301688
oil_pipeline,power,DK-NL,0,gigawatt,0.0,0.0,0.0,131.70565485246556,131.70565485246556,131.70565485246556
oil_pipeline,power,DK-NO,0,gigawatt,0.0,0.0,0.0,284.4597099447003,284.4597099447003,284.4597099447003
oil_pipeline,power,DK-SE,0,gigawatt,0.0,0.0,0.0,229.15100455104485,229.15100455104485,229.15100455104485
oil_pipeline,power,DK-UK,0,gigawatt,0.0,0.0,0.0,214.87551315769238,214.87551315769238,214.87551315769238
oil_pipeline,power,EE-FI,0,gigawatt,0.0,0.0,0.0,187.6685748488044,187.6685748488044,187.6685748488044
oil_pipeline,power,EE-LV,0,gigawatt,0.0,0.0,0.0,57.37043353107042,57.37043353107042,57.37043353107042
oil_pipeline,power,EL-BG,0,gigawatt,0.0,0.0,0.0,110.8893301447499,110.8893301447499,110.8893301447499
oil_pipeline,power,EL-IT,0,gigawatt,0.0,0.0,0.0,252.0314665936608,252.0314665936608,252.0314665936608
oil_pipeline,power,ES-FR,0,gigawatt,0.0,0.0,0.0,223.07063388533697,223.07063388533697,223.07063388533697
oil_pipeline,power,ES-PT,0,gigawatt,0.0,0.0,0.0,55.389504679778554,55.389504679778554,55.389504679778554
oil_pipeline,power,FI-EE,0,gigawatt,0.0,0.0,0.0,187.6685748488044,187.6685748488044,187.6685748488044
oil_pipeline,power,FI-NO,0,gigawatt,0.0,0.0,0.0,111.84281953180525,111.84281953180525,111.84281953180525
oil_pipeline,power,FI-SE,0,gigawatt,0.0,0.0,0.0,130.06069372955955,130.06069372955955,130.06069372955955
oil_pipeline,power,FR-BE,0,gigawatt,0.0,0.0,0.0,123.21716481537268,123.21716481537268,123.21716481537268
oil_pipeline,power,FR-CH,0,gigawatt,0.0,0.0,0.0,123.1545379297211,123.1545379297211,123.1545379297211
oil_pipeline,power,FR-DE,0,gigawatt,0.0,0.0,0.0,206.15668975051992,206.15668975051992,206.15668975051992
oil_pipeline,power,FR-ES,0,gigawatt,0.0,0.0,0.0,223.07063388533697,223.07063388533697,223.07063388533697
oil_pipeline,power,FR-IT,0,gigawatt,0.0,0.0,0.0,245.59701575732373,245.59701575732373,245.59701575732373
oil_pipeline,power,FR-LU,0,gigawatt,0.0,0.0,0.0,120.02819358334482,120.02819358334482,120.02819358334482
oil_pipeline,power,FR-NO,0,gigawatt,0.0,0.0,0.0,587.7551667319997,587.7551667319997,587.7551667319997
oil_pipeline,power,FR-UK,0,gigawatt,0.0,0.0,0.0,235.96626742757877,235.96626742757877,235.96626742757877
oil_pipeline,power,HR-HU,0,gigawatt,0.0,0.0,0.0,88.61408863837886,88.61408863837886,88.61408863837886
oil_pipeline,power,HR-SI,0,gigawatt,0.0,0.0,0.0,50.86508671602471,50.86508671602471,50.86508671602471
oil_pipeline,power,HU-AT,0,gigawatt,0.0,0.0,0.0,112.21771818763355,112.21771818763355,112.21771818763355
oil_pipeline,power,HU-HR,0,gigawatt,0.0,0.0,0.0,88.61408863837886,88.61408863837886,88.61408863837886
oil_pipeline,power,HU-RO,0,gigawatt,0.0,0.0,0.0,122.63834008182594,122.63834008182594,122.63834008182594
oil_pipeline,power,HU-SI,0,gigawatt,0.0,0.0,0.0,96.54026560302707,96.54026560302707,96.54026560302707
oil_pipeline,power,HU-SK,0,gigawatt,0.0,0.0,0.0,43.551705637801206,43.551705637801206,43.551705637801206
oil_pipeline,power,IE-UK,0,gigawatt,0.0,0.0,0.0,78.23891518843305,78.23891518843305,78.23891518843305
oil_pipeline,power,IT-AT,0,gigawatt,0.0,0.0,0.0,138.6776814664484,138.6776814664484,138.6776814664484
oil_pipeline,power,IT-CH,0,gigawatt,0.0,0.0,0.0,144.81044421127973,144.81044421127973,144.81044421127973
oil_pipeline,power,IT-EL,0,gigawatt,0.0,0.0,0.0,252.0314665936608,252.0314665936608,252.0314665936608
oil_pipeline,power,IT-FR,0,gigawatt,0.0,0.0,0.0,245.59701575732373,245.59701575732373,245.59701575732373
oil_pipeline,power,IT-SI,0,gigawatt,0.0,0.0,0.0,103.14200594469335,103.14200594469335,103.14200594469335
oil_pipeline,power,LT-LV,0,gigawatt,0.0,0.0,0.0,46.43256016454465,46.43256016454465,46.43256016454465
oil_pipeline,power,LT-PL,0,gigawatt,0.0,0.0,0.0,123.36517183394804,123.36517183394804,123.36517183394804
oil_pipeline,power,LT-SE,0,gigawatt,0.0,0.0,0.0,242.5130721990357,242.5130721990357,242.5130721990357
oil_pipeline,power,LU-BE,0,gigawatt,0.0,0.0,0.0,36.64326320818727,36.64326320818727,36.64326320818727
oil_pipeline,power,LU-DE,0,gigawatt,0.0,0.0,0.0,89.81365281495383,89.81365281495383,89.81365281495383
oil_pipeline,power,LU-FR,0,gigawatt,0.0,0.0,0.0,120.02819358334482,120.02819358334482,120.02819358334482
oil_pipeline,power,LV-EE,0,gigawatt,0.0,0.0,0.0,57.37043353107042,57.37043353107042,57.37043353107042
oil_pipeline,power,LV-LT,0,gigawatt,0.0,0.0,0.0,46.43256016454465,46.43256016454465,46.43256016454465
oil_pipeline,power,NL-BE,0,gigawatt,0.0,0.0,0.0,47.502588938983905,47.502588938983905,47.502588938983905
oil_pipeline,power,NL-DE,0,gigawatt,0.0,0.0,0.0,88.18013253916492,88.18013253916492,88.18013253916492
oil_pipeline,power,NL-DK,0,gigawatt,0.0,0.0,0.0,131.70565485246556,131.70565485246556,131.70565485246556
oil_pipeline,power,NL-NO,0,gigawatt,0.0,0.0,0.0,413.8336403582619,413.8336403582619,413.8336403582619
oil_pipeline,power,NL-UK,0,gigawatt,0.0,0.0,0.0,147.5226128170041,147.5226128170041,147.5226128170041
oil_pipeline,power,NO-BE,0,gigawatt,0.0,0.0,0.0,461.33381520011403,461.33381520011403,461.33381520011403
oil_pipeline,power,NO-DE,0,gigawatt,0.0,0.0,0.0,420.36979393287737,420.36979393287737,420.36979393287737
oil_pipeline,power,NO-DK,0,gigawatt,0.0,0.0,0.0,284.4597099447003,284.4597099447003,284.4597099447003
oil_pipeline,power,NO-FI,0,gigawatt,0.0,0.0,0.0,111.84281953180525,111.84281953180525,111.84281953180525
oil_pipeline,power,NO-FR,0,gigawatt,0.0,0.0,0.0,587.7551667319997,587.7551667319997,587.7551667319997
oil_pipeline,power,NO-NL,0,gigawatt,0.0,0.0,0.0,413.8336403582619,413.8336403582619,413.8336403582619
oil_pipeline,power,NO-SE,0,gigawatt,0.0,0.0,0.0,54.359185043858375,54.359185043858375,54.359185043858375
oil_pipeline,power,NO-UK,0,gigawatt,0.0,0.0,0.0,432.7572725202028,432.7572725202028,432.7572725202028
oil_pipeline,power,PL-CZ,0,gigawatt,0.0,0.0,0.0,101.65858109666948,101.65858109666948,101.65858109666948
oil_pipeline,power,PL-DE,0,gigawatt,0.0,0.0,0.0,167.4126724980542,167.4126724980542,167.4126724980542
oil_pipeline,power,PL-LT,0,gigawatt,0.0,0.0,0.0,123.36517183394804,123.36517183394804,123.36517183394804
oil_pipeline,power,PL-SE,0,gigawatt,0.0,0.0,0.0,316.4793241270748,316.4793241270748,316.4793241270748
oil_pipeline,power,PL-SK,0,gigawatt,0.0,0.0,0.0,99.35176740029485,99.35176740029485,99.35176740029485
oil_pipeline,power,PT-ES,0,gigawatt,0.0,0.0,0.0,98.73218803688104,98.73218803688104,98.73218803688104
oil_pipeline,power,RO-BG,0,gigawatt,0.0,0.0,0.0,88.58339372600747,88.58339372600747,88.58339372600747
oil_pipeline,power,RO-HU,0,gigawatt,0.0,0.0,0.0,122.63834008182594,122.63834008182594,122.63834008182594
oil_pipeline,power,SE-DE,0,gigawatt,0.0,0.0,0.0,359.0840798337846,359.0840798337846,359.0840798337846
oil_pipeline,power,SE-DK,0,gigawatt,0.0,0.0,0.0,229.15100455104485,229.15100455104485,229.15100455104485
oil_pipeline,power,SE-FI,0,gigawatt,0.0,0.0,0.0,130.06069372955955,130.06069372955955,130.06069372955955
oil_pipeline,power,SE-LT,0,gigawatt,0.0,0.0,0.0,242.5130721990357,242.5130721990357,242.5130721990357
oil_pipeline,power,SE-NO,0,gigawatt,0.0,0.0,0.0,66.30535279924398,66.30535279924398,66.30535279924398
oil_pipeline,power,SE-PL,0,gigawatt,0.0,0.0,0.0,316.4793241270748,316.4793241270748,316.4793241270748
oil_pipeline,power,SI-AT,0,gigawatt,0.0,0.0,0.0,49.2242466702284,49.2242466702284,49.2242466702284
oil_pipeline,power,SI-HR,0,gigawatt,0.0,0.0,0.0,50.86508671602471,50.86508671602471,50.86508671602471
oil_pipeline,power,SI-HU,0,gigawatt,0.0,0.0,0.0,96.54026560302707,96.54026560302707,96.54026560302707
oil_pipeline,power,SI-IT,0,gigawatt,0.0,0.0,0.0,103.14200594469335,103.14200594469335,103.14200594469335
oil_pipeline,power,SK-AT,0,gigawatt,0.0,0.0,0.0,117.89217199574033,117.89217199574033,117.89217199574033
oil_pipeline,power,SK-CZ,0,gigawatt,0.0,0.0,0.0,86.50390351712704,86.50390351712704,86.50390351712704
oil_pipeline,power,SK-HU,0,gigawatt,0.0,0.0,0.0,43.551705637801206,43.551705637801206,43.551705637801206
oil_pipeline,power,SK-PL,0,gigawatt,0.0,0.0,0.0,99.35176740029485,99.35176740029485,99.35176740029485
oil_pipeline,power,UK-BE,0,gigawatt,0.0,0.0,0.0,167.80413464471764,167.80413464471764,167.80413464471764
oil_pipeline,power,UK-DE,0,gigawatt,0.0,0.0,0.0,252.40239656977602,252.40239656977602,252.40239656977602
oil_pipeline,power,UK-DK,0,gigawatt,0.0,0.0,0.0,214.87551315769238,214.87551315769238,214.87551315769238
oil_pipeline,power,UK-FR,0,gigawatt,0.0,0.0,0.0,235.96626742757877,235.96626742757877,235.96626742757877
oil_pipeline,power,UK-IE,0,gigawatt,0.0,0.0,0.0,80.64853500293694,80.64853500293694,80.64853500293694
oil_pipeline,power,UK-NL,0,gigawatt,0.0,0.0,0.0,158.14018446252885,158.14018446252885,158.14018446252885
oil_pipeline,power,UK-NO,0,gigawatt,0.0,0.0,0.0,432.7572725202028,432.7572725202028,432.7572725202028
power_line,power,AT-CH,0,gigawatt,1.1294238760529842,0.0,0.0,-2.842170943040401e-14,-2.842170943040401e-14,-2.842170943040401e-14
power_line,power,AT-CZ,0,gigawatt,1.5,0.0,0.0,0.0,0.0,0.0
power_line,power,AT-DE,0,gigawatt,0.0,3.5144829861104405,-1.0,66.5266659750175,66.5266659750175,66.5266659750175
power_line,power,AT-HU,0,gigawatt,1.6078538141261196,0.0,0.0,0.0,0.0,0.0
power_line,power,AT-IT,0,gigawatt,1.5,0.0,0.0,0.0,0.0,0.0
power_line,power,AT-SI,0,gigawatt,0.0,4.106031674272776,-1.0,77.72426236141776,77.72426236141776,77.72426236141776
power_line,power,AT-SK,0,gigawatt,0.0,0.0,0.0,-123.8532160662306,-123.8532160662306,-123.8532160662306
power_line,power,BE-DE,0,gigawatt,3.0,0.0,0.0,2.842170943040401e-14,2.842170943040401e-14,2.842170943040401e-14
power_line,power,BE-FR,0,gigawatt,0.0,12.751802374470456,-1.0,241.38255911282783,241.38255911282783,241.38255911282783
power_line,power,BE-LU,0,gigawatt,0.0,2.8973938950445617,-1.0,54.84560790746913,54.84560790746913,54.84560790746913
power_line,power,BE-NL,0,gigawatt,0.909592029868538,0.0,0.0,0.0,0.0,0.0
power_line,power,BE-NO,0,gigawatt,0.0,0.0,0.0,616.5781982031463,616.5781982031463,616.5781982031463
power_line,power,BE-UK,0,gigawatt,2.048624421143578,0.0,0.0,0.0,0.0,0.0
power_line,power,BG-EL,0,gigawatt,1.0,0.0,0.0,0.0,0.0,0.0
power_line,power,BG-RO,0,gigawatt,1.0,0.0,0.0,0.0,0.0,0.0
power_line,power,CH-AT,0,gigawatt,0.0,0.0,0.0,-109.56248078310702,-109.56248078310702,-109.56248078310702
power_line,power,CH-DE,0,gigawatt,4.2,0.0,0.0,0.0,0.0,0.0
power_line,power,CH-FR,0,gigawatt,0.0,12.363538821191792,-1.0,234.0330059007835,234.0330059007835,234.0330059007835
power_line,power,CH-IT,0,gigawatt,4.145162884910214,0.0,0.0,0.0,0.0,0.0
power_line,power,CZ-AT,0,gigawatt,0.0,0.0,0.0,-3219.1679483841385,-3219.1679483841385,-3219.1679483841385
power_line,power,CZ-DE,0,gigawatt,1.5000000000000002,0.0,0.0,-2.842170943040401e-14,-2.842170943040401e-14,-2.842170943040401e-14
power_line,power,CZ-PL,0,gigawatt,1.4999999999999998,0.0,0.0,0.0,0.0,0.0
power_line,power,CZ-SK,0,gigawatt,0.5184574036484089,0.0,0.0,0.0,0.0,0.0
power_line,power,DE-AT,0,gigawatt,0.0,0.0,0.0,-17.92245315024823,-17.92245315024823,-17.92245315024823
power_line,power,DE-BE,0,gigawatt,0.0,0.0,0.0,222.34227334215697,222.34227334215697,222.34227334215697
power_line,power,DE-CH,0,gigawatt,0.0,0.0,0.0,-290.74992830864096,-290.74992830864096,-290.74992830864096
power_line,power,DE-CZ,0,gigawatt,0.0,0.0,0.0,122.61597248838923,122.61597248838923,122.61597248838923
power_line,power,DE-DK,0,gigawatt,2.9999999999999996,0.0,0.0,0.0,0.0,0.0
power_line,power,DE-FR,0,gigawatt,0.0,21.421698115441583,-1.0,405.49752574584255,405.49752574584255,405.49752574584255
power_line,power,DE-LU,0,gigawatt,0.0,0.0,0.0,164.68115780225267,164.68115780225267,164.68115780225267
power_line,power,DE-NL,0,gigawatt,0.0,8.695279808341423,-1.0,164.595468993591,164.595468993591,164.595468993591
power_line,power,DE-NO,0,gigawatt,0.0,0.0,0.0,529.2716961303587,529.2716961303587,529.2716961303587
power_line,power,DE-PL,0,gigawatt,2.0000000000000004,0.0,0.0,0.0,0.0,0.0
power_line,power,DE-SE,0,gigawatt,0.0,0.0,0.0,394.3293157562029,394.3293157562029,394.3293157562029
power_line,power,DE-UK,0,gigawatt,0.0,0.0,0.0,233.83998539692908,233.83998539692908,233.83998539692908
power_line,power,DK-DE,0,gigawatt,0.0,0.0,0.0,-7810.3914566040985,-7810.3914566040985,-7810.3914566040985
power_line,power,DK-NL,0,gigawatt,2.0,0.0,0.0,0.0,0.0,0.0
power_line,power,DK-NO,0,gigawatt,2.0,0.0,0.0,0.0,0.0,0.0
power_line,power,DK-SE,0,gigawatt,0.0,23.158028951563143,-1.0,438.3650348540947,438.3650348540947,438.3650348540947
power_line,power,DK-UK,0,gigawatt,0.7766089032815898,0.0,0.0,0.0,0.0,0.0
power_line,power,EE-FI,0,gigawatt,1.7000000000000002,0.0,0.0,0.0,0.0,0.0
power_line,power,EE-LV,0,gigawatt,0.9999999999999999,0.0,0.0,0.0,0.0,0.0
power_line,power,EL-BG,0,gigawatt,0.0,0.0,0.0,-883.3685055872504,-883.3685055872504,-883.3685055872504
power_line,power,EL-IT,0,gigawatt,2.0,0.0,0.0,0.0,0.0,0.0
power_line,power,ES-FR,0,gigawatt,6.0,0.0,0.0,0.0,0.0,0.0
power_line,power,ES-PT,0,gigawatt,0.0,9.735951408283485,-1.0,184.29464300941223,184.29464300941223,184.29464300941223
power_line,power,FI-EE,0,gigawatt,0.0,0.0,0.0,386.94160483950685,386.94160483950685,386.94160483950685
power_line,power,FI-NO,0,gigawatt,0.0,5.413956299131716,-1.0,102.48234626234134,102.48234626234134,102.48234626234134
power_line,power,FI-SE,0,gigawatt,0.0,14.166599781214297,-1.0,268.1636688444004,268.1636688444004,268.1636688444004
power_line,power,FR-BE,0,gigawatt,0.0,0.0,0.0,-6230.526437457813,-6230.526437457813,-6230.526437457813
power_line,power,FR-CH,0,gigawatt,0.0,0.0,0.0,-6766.289374052046,-6766.289374052046,-6766.289374052046
power_line,power,FR-DE,0,gigawatt,0.0,0.0,0.0,-6447.750685417594,-6447.750685417594,-6447.750685417594
power_line,power,FR-ES,0,gigawatt,0.0,0.0,0.0,-3195.7348927767907,-3195.7348927767907,-3195.7348927767907
power_line,power,FR-IT,0,gigawatt,2.1000000000000005,0.0,0.0,0.0,0.0,0.0
power_line,power,FR-LU,0,gigawatt,0.0,0.0,0.0,-5555.746083355557,-5555.746083355557,-5555.746083355557
power_line,power,FR-NO,0,gigawatt,0.0,0.0,0.0,75.92346658626934,75.92346658626934,75.92346658626934
power_line,power,FR-UK,0,gigawatt,7.600000000000001,0.0,0.0,0.0,0.0,0.0
power_line,power,HR-HU,0,gigawatt,1.0,0.0,0.0,2.842170943040401e-14,2.842170943040401e-14,2.842170943040401e-14
power_line,power,HR-SI,0,gigawatt,0.7425618200278009,0.0,0.0,-1.4210854715202004e-14,-1.4210854715202004e-14,-1.4210854715202004e-14
power_line,power,HU-AT,0,gigawatt,0.0,0.0,0.0,-2792.4490042616694,-2792.4490042616694,-2792.4490042616694
power_line,power,HU-HR,0,gigawatt,0.0,0.0,0.0,-1423.1544446602165,-1423.1544446602165,-1423.1544446602165
power_line,power,HU-RO,0,gigawatt,2.529297589199394,0.0,0.0,0.0,0.0,0.0
power_line,power,HU-SI,0,gigawatt,1.0,0.0,0.0,0.0,0.0,0.0
power_line,power,HU-SK,0,gigawatt,1.0,0.0,0.0,1.4210854715202004e-14,1.4210854715202004e-14,1.4210854715202004e-14
power_line,power,IE-UK,0,gigawatt,1.254,0.0,0.0,2.842170943040401e-14,2.842170943040401e-14,2.842170943040401e-14
power_line,power,IT-AT,0,gigawatt,0.0,0.0,0.0,-2077.1773905831624,-2077.1773905831624,-2077.1773905831624
power_line,power,IT-CH,0,gigawatt,0.0,0.0,0.0,-1698.3522153931615,-1698.3522153931615,-1698.3522153931615
power_line,power,IT-EL,0,gigawatt,0.0,0.0,0.0,50.20234409627608,50.20234409627608,50.20234409627608
power_line,power,IT-FR,0,gigawatt,0.0,0.0,0.0,448.61230683112683,448.61230683112683,448.61230683112683
power_line,power,IT-SI,0,gigawatt,2.145,0.0,0.0,0.0,0.0,0.0
power_line,power,LT-LV,0,gigawatt,0.0,5.057573335999809,-1.0,95.73626997141511,95.73626997141511,95.73626997141511
power_line,power,LT-PL,0,gigawatt,0.7,0.0,0.0,0.0,0.0,0.0
power_line,power,LT-SE,0,gigawatt,0.0,26.41524919665751,-1.0,500.02189992040576,500.02189992040576,500.02189992040576
power_line,power,LU-BE,0,gigawatt,0.0,0.0,0.0,-566.0592684840368,-566.0592684840368,-566.0592684840368
power_line,power,LU-DE,0,gigawatt,0.0,0.0,0.0,-923.8830922128448,-923.8830922128448,-923.8830922128448
power_line,power,LU-FR,0,gigawatt,0.0,0.0,0.0,247.47831057247632,247.47831057247632,247.47831057247632
power_line,power,LV-EE,0,gigawatt,0.0,0.0,0.0,118.28835828659817,118.28835828659817,118.28835828659817
power_line,power,LV-LT,0,gigawatt,0.0,0.0,0.0,-459.6448607506129,-459.6448607506129,-459.6448607506129
power_line,power,NL-BE,0,gigawatt,0.0,0.0,0.0,-3488.2456798150133,-3488.2456798150133,-3488.2456798150133
power_line,power,NL-DE,0,gigawatt,0.0,0.0,0.0,-3746.9687014032297,-3746.9687014032297,-3746.9687014032297
power_line,power,NL-DK,0,gigawatt,0.0,0.0,0.0,-21.19080310730817,-21.19080310730817,-21.19080310730817
power_line,power,NL-NO,0,gigawatt,0.0,0.0,0.0,535.8204053095096,535.8204053095096,535.8204053095096
power_line,power,NL-UK,0,gigawatt,0.0,3.2086698235992053,-1.0,60.737840081265006,60.737840081265006,60.737840081265006
power_line,power,NO-BE,0,gigawatt,0.0,0.0,0.0,-4986.054528844164,-4986.054528844164,-4986.054528844164
power_line,power,NO-DE,0,gigawatt,0.0,0.0,0.0,-5677.649157255757,-5677.649157255757,-5677.649157255757
power_line,power,NO-DK,0,gigawatt,0.0,0.0,0.0,586.5089387866909,586.5089387866909,586.5089387866909
power_line,power,NO-FI,0,gigawatt,0.0,0.0,0.0,-2063.529331271957,-2063.529331271957,-2063.529331271957
power_line,power,NO-FR,0,gigawatt,0.0,0.0,0.0,15.050960236722403,15.050960236722403,15.050960236722403
power_line,power,NO-NL,0,gigawatt,0.0,0.0,0.0,-1923.088189540679,-1923.088189540679,-1923.088189540679
power_line,power,NO-SE,0,gigawatt,0.0,7.222177350616592,-1.0,136.7106860712253,136.7106860712253,136.7106860712253
power_line,power,NO-UK,0,gigawatt,0.0,0.0,0.0,650.5541460386507,650.5541460386507,650.5541460386507
power_line,power,PL-CZ,0,gigawatt,0.0,0.0,0.0,209.6032036633918,209.6032036633918,209.6032036633918
power_line,power,PL-DE,0,gigawatt,0.0,0.0,0.0,-594.0354792971386,-594.0354792971386,-594.0354792971386
power_line,power,PL-LT,0,gigawatt,0.0,0.0,0.0,-151.43129725643544,-151.43129725643544,-151.43129725643544
power_line,power,PL-SE,0,gigawatt,0.0,0.0,0.0,387.8284414486791,387.8284414486791,387.8284414486791
power_line,power,PL-SK,0,gigawatt,0.0,9.55710354563226,-1.0,180.9091800363472,180.9091800363472,180.9091800363472
power_line,power,PT-ES,0,gigawatt,0.0,0.0,0.0,-469.4723647362888,-469.4723647362888,-469.4723647362888
power_line,power,RO-BG,0,gigawatt,0.0,0.0,0.0,-1165.0723611334809,-1165.0723611334809,-1165.0723611334809
power_line,power,RO-HU,0,gigawatt,0.0,0.0,0.0,239.1852446714316,239.1852446714316,239.1852446714316
power_line,power,SE-DE,0,gigawatt,0.0,0.0,0.0,-8050.457928729518,-8050.457928729518,-8050.457928729518
power_line,power,SE-DK,0,gigawatt,0.0,0.0,0.0,-565.1564521643128,-565.1564521643128,-565.1564521643128
power_line,power,SE-FI,0,gigawatt,0.0,0.0,0.0,-3922.9312949957803,-3922.9312949957803,-3922.9312949957803
power_line,power,SE-LT,0,gigawatt,0.0,0.0,0.0,-1452.549954955307,-1452.549954955307,-1452.549954955307
power_line,power,SE-NO,0,gigawatt,0.0,0.0,0.0,-1982.644119118044,-1982.644119118044,-1982.644119118044
power_line,power,SE-PL,0,gigawatt,0.0,0.0,0.0,-7667.983643590262,-7667.983643590262,-7667.983643590262
power_line,power,SI-AT,0,gigawatt,0.0,0.0,0.0,-1740.979271588268,-1740.979271588268,-1740.979271588268
power_line,power,SI-HR,0,gigawatt,0.0,0.0,0.0,15.558647134667936,15.558647134667936,15.558647134667936
power_line,power,SI-HU,0,gigawatt,0.0,0.0,0.0,-648.8342774523187,-648.8342774523187,-648.8342774523187
power_line,power,SI-IT,0,gigawatt,0.0,0.0,0.0,-1210.091328529254,-1210.091328529254,-1210.091328529254
power_line,power,SK-AT,0,gigawatt,0.0,0.0,0.0,-3457.8324435726677,-3457.8324435726677,-3457.8324435726677
power_line,power,SK-CZ,0,gigawatt,0.0,0.0,0.0,-288.6845166698527,-288.6845166698527,-288.6845166698527
power_line,power,SK-HU,0,gigawatt,0.0,0.0,0.0,-606.4787408207843,-606.4787408207843,-606.4787408207843
power_line,power,SK-PL,0,gigawatt,0.0,0.0,0.0,-2483.378699228447,-2483.378699228447,-2483.378699228447
power_line,power,UK-BE,0,gigawatt,0.0,0.0,0.0,-6810.338782694423,-6810.338782694423,-6810.338782694423
power_line,power,UK-DE,0,gigawatt,0.0,0.0,0.0,-7007.833499058586,-7007.833499058586,-7007.833499058586
power_line,power,UK-DK,0,gigawatt,0.0,0.0,0.0,406.3522072680367,406.3522072680367,406.3522072680367
power_line,power,UK-FR,0,gigawatt,0.0,0.0,0.0,-603.7771986815319,-603.7771986815319,-603.7771986815319
power_line,power,UK-IE,0,gigawatt,0.0,0.0,0.0,-61.47214461400662,-61.47214461400662,-61.47214461400662
power_line,power,UK-NL,0,gigawatt,0.0,0.0,0.0,-3392.7063712912304,-3392.7063712912304,-3392.7063712912304
power_line,power,UK-NO,0,gigawatt,0.0,0.0,0.0,201.39549931497504,201.39549931497504,201.39549931497504
battery,energy,AT,0,gigawatt * hour,0.0,0.0,0.0,0.0,0.0,0.0
battery,energy,BE,0,gigawatt * hour,3.513264985265679,0.0,0.0,0.0,0.0,0.0
battery,energy,BG,0,gigawatt * hour,37.8047173412706,0.0,0.0,0.0,0.0,0.0
battery,energy,CH,0,gigawatt * hour,0.0,0.0,0.0,0.0,0.0,0.0
battery,energy,CZ,0,gigawatt * hour,4.1637559222432087e-13,0.0,0.0,0.0,0.0,0.0
battery,energy,DE,0,gigawatt * hour,314.2185078274276,0.0,0.0,0.0,0.0,0.0
battery,energy,DK,0,gigawatt * hour,0.0,0.0,0.0,52.08852375687646,52.08852375687646,52.08852375687646
battery,energy,EE,0,gigawatt * hour,0.0,0.0,0.0,60.474272519619376,60.474272519619376,60.474272519619376
battery,energy,EL,0,gigawatt * hour,65.62375304789893,0.0,0.0,0.0,0.0,0.0
battery,energy,ES,0,gigawatt * hour,17.393338818968697,0.0,0.0,0.0,0.0,0.0
battery,energy,FI,0,gigawatt * hour,0.0,0.0,0.0,0.0,0.0,0.0
battery,energy,FR,0,gigawatt * hour,0.0,0.0,0.0,17.21129482940536,17.21129482940536,17.21129482940536
battery,energy,HR,0,gigawatt * hour,16.768335489951607,0.0,0.0,0.0,0.0,0.0
battery,energy,HU,0,gigawatt * hour,0.0,0.0,0.0,0.0,0.0,0.0
battery,energy,IE,0,gigawatt * hour,0.0,0.0,0.0,56.227332418064016,56.227332418064016,56.227332418064016
battery,energy,IT,0,gigawatt * hour,175.49502800385372,0.0,0.0,0.0,0.0,0.0
battery,energy,LT,0,gigawatt * hour,0.0,0.0,0.0,39.74923254170107,39.74923254170107,39.74923254170107
battery,energy,LU,0,gigawatt * hour,0.0,0.0058670406785150675,-1.0,0.05511247483187276,0.05511247483187276,0.05511247483187276
battery,energy,LV,0,gigawatt * hour,0.0,0.0,0.0,57.59453866261808,57.59453866261808,57.59453866261808
battery,energy,NL,0,gigawatt * hour,5.173307264650852,0.0,0.0,0.0,0.0,0.0
battery,energy,NO,0,gigawatt * hour,0.0,0.0,0.0,41.642848625849396,41.642848625849396,41.642848625849396
battery,energy,PL,0,gigawatt * hour,66.55847726722007,0.0,0.0,0.0,0.0,0.0
battery,energy,PT,0,gigawatt * hour,0.0,0.0,0.0,0.0,0.0,0.0
battery,energy,RO,0,gigawatt * hour,46.445232145010806,0.0,0.0,0.0,0.0,0.0
battery,energy,SE,0,gigawatt * hour,0.0,0.0,0.0,78.22437224747074,78.22437224747074,78.22437224747074
battery,energy,SI,0,gigawatt * hour,0.0,0.0,0.0,0.0,0.0,0.0
battery,energy,SK,0,gigawatt * hour,0.0,0.0,0.0,0.0,0.0,0.0
battery,energy,UK,0,gigawatt * hour,0.0,0.0,0.0,44.64003651052008,44.64003651052008,44.64003651052008
battery,power,AT,0,gigawatt,0.0,0.0,0.0,0.0,0.0,0.0
battery,power,BE,0,gigawatt,0.21612780481526053,0.0,0.0,0.0,0.0,0.0
battery,power,BG,0,gigawatt,2.544999157928861,0.0,0.0,0.0,0.0,0.0
battery,power,CH,0,gigawatt,0.0,0.0,0.0,65.06407503896669,65.06407503896669,65.06407503896669
battery,power,CZ,0,gigawatt,0.0,0.0,0.0,83.42133952852924,83.42133952852924,83.42133952852924
battery,power,DE,0,gigawatt,17.28927034751915,0.0,0.0,0.0,0.0,0.0
battery,power,DK,0,gigawatt,0.0,0.0,0.0,76.59102221589873,76.59102221589873,76.59102221589873
battery,power,EE,0,gigawatt,0.0,0.0,0.0,76.59102221589873,76.59102221589873,76.59102221589873
battery,power,EL,0,gigawatt,4.27301497856527,0.0,0.0,0.0,0.0,0.0
battery,power,ES,0,gigawatt,1.0074542134792186,0.0,0.0,0.0,0.0,0.0
battery,power,FI,0,gigawatt,0.0,0.0,0.0,76.59102221589873,76.59102221589873,76.59102221589873
battery,power,FR,0,gigawatt,0.0,0.0,0.0,76.59102221589873,76.59102221589873,76.59102221589873
battery,power,HR,0,gigawatt,1.0578958733261041,0.0,0.0,0.0,0.0,0.0
battery,power,HU,0,gigawatt,0.0,0.0,0.0,0.0,0.0,0.0
battery,power,IE,0,gigawatt,0.0,0.0,0.0,76.59102221589873,76.59102221589873,76.59102221589873
battery,power,IT,0,gigawatt,11.273220863241985,0.0,0.0,0.0,0.0,0.0
battery,power,LT,0,gigawatt,0.0,0.0,0.0,76.59102221589873,76.59102221589873,76.59102221589873
battery,power,LU,0,gigawatt,0.0,0.0,0.0,0.0,0.0,0.0
battery,power,LV,0,gigawatt,0.0,0.0,0.0,76.59102221589873,76.59102221589873,76.59102221589873
battery,power,NL,0,gigawatt,0.3264898517458227,0.0,0.0,0.0,0.0,0.0
battery,power,NO,0,gigawatt,0.0,0.0,0.0,76.59102221589873,76.59102221589873,76.59102221589873
battery,power,PL,0,gigawatt,3.180704132566252,0.0,0.0,0.0,0.0,0.0
battery,power,PT,0,gigawatt,0.0,0.0,0.0,76.59102221589873,76.59102221589873,76.59102221589873
battery,power,RO,0,gigawatt,2.7646121594742237,0.0,0.0,0.0,0.0,0.0
battery,power,SE,0,gigawatt,0.0,0.0,0.0,76.59102221589873,76.59102221589873,76.59102221589873
battery,power,SI,0,gigawatt,0.0,0.0,0.0,0.0,0.0,0.0
battery,power,SK,0,gigawatt,0.0,0.0,0.0,0.0,0.0,0.0
battery,power,UK,0,gigawatt,0.0,0.0,0.0,76.59102221589873,76.59102221589873,76.59102221589873
natural_gas_storage,energy,AT,0,gigawatt * hour,0.0,0.0,0.0,0.0,0.0,0.0
natural_gas_storage,energy,BE,0,gigawatt * hour,0.0,0.0,0.0,-0.007576382920346088,-0.007576382920346088,-0.007576382920346088
natural_gas_storage,energy,BG,0,gigawatt * hour,0.0,0.0,0.0,0.0,0.0,0.0
natural_gas_storage,energy,CH,0,gigawatt * hour,0.0,0.0,0.0,0.0,0.0,0.0
natural_gas_storage,energy,CZ,0,gigawatt * hour,0.0,0.0,0.0,0.0,0.0,0.0
natural_gas_storage,energy,DE,0,gigawatt * hour,0.0,0.0,0.0,0.0,0.0,0.0
natural_gas_storage,energy,DK,0,gigawatt * hour,0.0,0.0,0.0,0.0,0.0,0.0
natural_gas_storage,energy,EE,0,gigawatt * hour,0.0,0.0,0.0,-0.3647187917442988,-0.3647187917442988,-0.3647187917442988
natural_gas_storage,energy,EL,0,gigawatt * hour,0.0,0.0,0.0,0.0,0.0,0.0
natural_gas_storage,energy,ES,0,gigawatt * hour,0.0,0.0,0.0,0.0,0.0,0.0
natural_gas_storage,energy,FI,0,gigawatt * hour,0.0,0.0,0.0,-1.7840503242804633,-1.7840503242804633,-1.7840503242804633
natural_gas_storage,energy,FR,0,gigawatt * hour,0.0,0.0,0.0,0.0,0.0,0.0
natural_gas_storage,energy,HR,0,gigawatt * hour,0.0,0.0,0.0,0.0,0.0,0.0
natural_gas_storage,energy,HU,0,gigawatt * hour,0.0,0.0,0.0,0.0,0.0,0.0
natural_gas_storage,energy,IE,0,gigawatt * hour,0.0,0.0,0.0,-7.023745431437657,-7.023745431437657,-7.023745431437657
natural_gas_storage,energy,IT,0,gigawatt * hour,0.0,0.0,0.0,0.0,0.0,0.0
natural_gas_storage,energy,LT,0,gigawatt * hour,0.0,0.0,0.0,0.0,0.0,0.0
natural_gas_storage,energy,LU,0,gigawatt * hour,0.0,0.0,0.0,-0.7089794896101151,-0.7089794896101151,-0.7089794896101151
natural_gas_storage,energy,LV,0,gigawatt * hour,0.0,0.0,0.0,0.0,0.0,0.0
natural_gas_storage,energy,NL,0,gigawatt * hour,0.0,0.0,0.0,0.0,0.0,0.0
natural_gas_storage,energy,NO,0,gigawatt * hour,0.0,0.0,0.0,-0.010570217557890699,-0.010570217557890699,-0.010570217557890699
natural_gas_storage,energy,PL,0,gigawatt * hour,0.0,0.0,0.0,0.0,0.0,0.0
natural_gas_storage,energy,PT,0,gigawatt * hour,0.0,0.0,0.0,0.0,0.0,0.0
natural_gas_storage,energy,RO,0,gigawatt * hour,0.0,0.0,0.0,0.0,0.0,0.0
natural_gas_storage,energy,SE,0,gigawatt * hour,0.0,0.0,0.0,0.0,0.0,0.0
natural_gas_storage,energy,SI,0,gigawatt * hour,0.0,0.0,0.0,-0.4450266546525138,-0.4450266546525138,-0.4450266546525138
natural_gas_storage,energy,SK,0,gigawatt * hour,0.0,0.0,0.0,0.0,0.0,0.0
natural_gas_storage,energy,UK,0,gigawatt * hour,0.0,0.0,0.0,0.0,0.0,0.0
natural_gas_storage,power,AT,0,gigawatt,0.0,0.0,0.0,0.0,0.0,0.0
natural_gas_storage,power,BE,0,gigawatt,0.0,0.0,0.0,-15.87779288689531,-15.87779288689531,-15.87779288689531
natural_gas_storage,power,BG,0,gigawatt,0.0,0.0,0.0,0.0,0.0,0.0
natural_gas_storage,power,CH,0,gigawatt,0.0,0.0,0.0,0.0,0.0,0.0
natural_gas_storage,power,CZ,0,gigawatt,0.0,0.0,0.0,0.0,0.0,0.0
natural_gas_storage,power,DE,0,gigawatt,0.0,0.0,0.0,0.0,0.0,0.0
natural_gas_storage,power,DK,0,gigawatt,0.0,0.0,0.0,0.0,0.0,0.0
natural_gas_storage,power,EE,0,gigawatt,0.0,0.0,0.0,0.0,0.0,0.0
natural_gas_storage,power,EL,0,gigawatt,0.0,0.0,0.0,0.0,0.0,0.0
natural_gas_storage,power,ES,0,gigawatt,0.0,0.0,0.0,0.0,0.0,0.0
natural_gas_storage,power,FI,0,gigawatt,0.0,0.0,0.0,0.0,0.0,0.0
natural_gas_storage,power,FR,0,gigawatt,0.0,0.0,0.0,0.0,0.0,0.0
natural_gas_storage,power,HR,0,gigawatt,0.0,0.0,0.0,0.0,0.0,0.0
natural_gas_storage,power,HU,0,gigawatt,0.0,0.0,0.0,0.0,0.0,0.0
natural_gas_storage,power,IE,0,gigawatt,0.0,0.0,0.0,0.0,0.0,0.0
natural_gas_storage,power,IT,0,gigawatt,0.0,0.0,0.0,0.0,0.0,0.0
natural_gas_storage,power,LT,0,gigawatt,0.0,0.0,0.0,0.0,0.0,0.0
natural_gas_storage,power,LU,0,gigawatt,0.0,0.0,0.0,0.0,0.0,0.0
natural_gas_storage,power,LV,0,gigawatt,0.0,0.0,0.0,0.0,0.0,0.0
natural_gas_storage,power,NL,0,gigawatt,0.0,0.0,0.0,0.0,0.0,0.0
natural_gas_storage,power,NO,0,gigawatt,0.0,0.0,0.0,0.0,0.0,0.0
natural_gas_storage,power,PL,0,gigawatt,0.0,0.0,0.0,0.0,0.0,0.0
natural_gas_storage,power,PT,0,gigawatt,0.0,0.0,0.0,0.0,0.0,0.0
natural_gas_storage,power,RO,0,gigawatt,0.0,0.0,0.0,0.0,0.0,0.0
natural_gas_storage,power,SE,0,gigawatt,0.0,0.0,0.0,0.0,0.0,0.0
natural_gas_storage,power,SI,0,gigawatt,0.0,0.0,0.0,0.0,0.0,0.0
natural_gas_storage,power,SK,0,gigawatt,0.0,0.0,0.0,0.0,0.0,0.0
natural_gas_storage,power,UK,0,gigawatt,0.0,0.0,0.0,0.0,0.0,0.0
oil_storage,energy,AT,0,gigawatt * hour,-5.213000424462133e-11,0.0,0.0,0.0,0.0,0.0
oil_storage,energy,BE,0,gigawatt * hour,3.890317088013644e-12,0.0,0.0,0.0,0.0,0.0
oil_storage,energy,BG,0,gigawatt * hour,0.0,0.0,0.0,0.0,0.0,0.0
oil_storage,energy,CH,0,gigawatt * hour,0.0,0.0,0.0,0.0,0.0,0.0
oil_storage,energy,CZ,0,gigawatt * hour,0.0,0.0,0.0,0.0,0.0,0.0
oil_storage,energy,DE,0,gigawatt * hour,8.186712742977747e-12,0.0,0.0,0.0,0.0,0.0
oil_storage,energy,DK,0,gigawatt * hour,0.0,0.0,0.0,0.0,0.0,0.0
oil_storage,energy,EE,0,gigawatt * hour,0.0,0.0,0.0,0.0,0.0,0.0
oil_storage,energy,EL,0,gigawatt * hour,0.0,0.0,0.0,0.0,0.0,0.0
oil_storage,energy,ES,0,gigawatt * hour,0.0,0.0,0.0,0.0,0.0,0.0
oil_storage,energy,FI,0,gigawatt * hour,0.0,0.0,0.0,0.0,0.0,0.0
oil_storage,energy,FR,0,gigawatt * hour,0.0,0.0,0.0,0.0,0.0,0.0
oil_storage,energy,HR,0,gigawatt * hour,0.0,0.0,0.0,0.0,0.0,0.0
oil_storage,energy,HU,0,gigawatt * hour,-2.680629630298944e-11,0.0,0.0,0.0,0.0,0.0
oil_storage,energy,IE,0,gigawatt * hour,0.0,0.0,0.0,0.0,0.0,0.0
oil_storage,energy,IT,0,gigawatt * hour,0.0,0.0,0.0,0.0,0.0,0.0
oil_storage,energy,LT,0,gigawatt * hour,0.0,0.0,0.0,0.0,0.0,0.0
oil_storage,energy,LU,0,gigawatt * hour,0.0,0.0,0.0,0.0,0.0,0.0
oil_storage,energy,LV,0,gigawatt * hour,0.0,0.0,0.0,0.0,0.0,0.0
oil_storage,energy,NL,0,gigawatt * hour,1.4890276776532907e-11,0.0,0.0,0.0,0.0,0.0
oil_storage,energy,NO,0,gigawatt * hour,0.0,0.0,0.0,0.0,0.0,0.0
oil_storage,energy,PL,0,gigawatt * hour,1.2789769243681803e-11,0.0,0.0,0.0,0.0,0.0
oil_storage,energy,PT,0,gigawatt * hour,0.0,0.0,0.0,0.0,0.0,0.0
oil_storage,energy,RO,0,gigawatt * hour,0.0,0.0,0.0,0.0,0.0,0.0
oil_storage,energy,SE,0,gigawatt * hour,0.0,0.0,0.0,0.0,0.0,0.0
oil_storage,energy,SI,0,gigawatt * hour,-1.2090235134633198e-11,0.0,0.0,0.0,0.0,0.0
oil_storage,energy,SK,0,gigawatt * hour,1.1625446120083578e-11,0.0,0.0,0.0,0.0,0.0
oil_storage,energy,UK,0,gigawatt * hour,0.0,0.0,0.0,0.0,0.0,0.0
oil_storage,power,AT,0,gigawatt,-4.5088529687717637e-13,0.0,0.0,0.0,0.0,0.0
oil_storage,power,BE,0,gigawatt,0.0,0.0,0.0,0.0,0.0,0.0
oil_storage,power,BG,0,gigawatt,0.0,0.0,0.0,0.0,0.0,0.0
oil_storage,power,CH,0,gigawatt,0.0,0.0,0.0,0.0,0.0,0.0
oil_storage,power,CZ,0,gigawatt,0.0,0.0,0.0,0.0,0.0,0.0
oil_storage,power,DE,0,gigawatt,0.0,0.0,0.0,0.0,0.0,0.0
oil_storage,power,DK,0,gigawatt,0.0,0.0,0.0,0.0,0.0,0.0
oil_storage,power,EE,0,gigawatt,0.0,0.0,0.0,0.0,0.0,0.0
oil_storage,power,EL,0,gigawatt,0.0,0.0,0.0,0.0,0.0,0.0
oil_storage,power,ES,0,gigawatt,0.0,0.0,0.0,0.0,0.0,0.0
oil_storage,power,FI,0,gigawatt,0.0,0.0,0.0,0.0,0.0,0.0
oil_storage,power,FR,0,gigawatt,0.0,0.0,0.0,0.0,0.0,0.0
oil_storage,power,HR,0,gigawatt,0.0,0.0,0.0,0.0,0.0,0.0
oil_storage,power,HU,0,gigawatt,0.0,0.0,0.0,0.0,0.0,0.0
oil_storage,power,IE,0,gigawatt,0.0,0.0,0.0,0.0,0.0,0.0
oil_storage,power,IT,0,gigawatt,0.0,0.0,0.0,0.0,0.0,0.0
oil_storage,power,LT,0,gigawatt,0.0,0.0,0.0,0.0,0.0,0.0
oil_storage,power,LU,0,gigawatt,0.0,0.0,0.0,0.0,0.0,0.0
oil_storage,power,LV,0,gigawatt,0.0,0.0,0.0,0.0,0.0,0.0
oil_storage,power,NL,0,gigawatt,0.0,0.0,0.0,0.0,0.0,0.0
oil_storage,power,NO,0,gigawatt,0.0,0.0,0.0,0.0,0.0,0.0
oil_storage,power,PL,0,gigawatt,0.0,0.0,0.0,0.0,0.0,0.0
oil_storage,power,PT,0,gigawatt,0.0,0.0,0.0,0.0,0.0,0.0
oil_storage,power,RO,0,gigawatt,0.0,0.0,0.0,0.0,0.0,0.0
oil_storage,power,SE,0,gigawatt,0.0,0.0,0.0,0.0,0.0,0.0
oil_storage,power,SI,0,gigawatt,4.950706982780326e-13,0.0,0.0,0.0,0.0,0.0
oil_storage,power,SK,0,gigawatt,-5.756575771620476e-13,0.0,0.0,0.0,0.0,0.0
oil_storage,power,UK,0,gigawatt,0.0,0.0,0.0,0.0,0.0,0.0
pumped_hydro,energy,AT,0,gigawatt * hour,71.86426462471651,0.0,0.0,0.0,0.0,0.0
pumped_hydro,energy,BE,0,gigawatt * hour,5.710000000000001,0.0,0.0,0.0,0.0,0.0
pumped_hydro,energy,BG,0,gigawatt * hour,25.344889132292632,0.0,0.0,0.0,0.0,0.0
pumped_hydro,energy,CH,0,gigawatt * hour,29.910215945066525,0.0,0.0,0.0,0.0,0.0
pumped_hydro,energy,CZ,0,gigawatt * hour,2.3000000000000003,0.0,0.0,0.0,0.0,0.0
pumped_hydro,energy,DE,0,gigawatt * hour,33.719687560553126,0.0,0.0,0.0,0.0,0.0
pumped_hydro,energy,DK,0,gigawatt * hour,0.0,0.0,0.0,11.0957355947413,11.0957355947413,11.0957355947413
pumped_hydro,energy,EE,0,gigawatt * hour,0.0,0.0,0.0,21.134243829664086,21.134243829664086,21.134243829664086
pumped_hydro,energy,EL,0,gigawatt * hour,5.14,0.0,0.0,0.0,0.0,0.0
pumped_hydro,energy,ES,0,gigawatt * hour,134.86365154441054,0.0,0.0,0.0,0.0,0.0
pumped_hydro,energy,FI,0,gigawatt * hour,0.0,0.0,0.0,-117.5256979040925,-117.5256979040925,-117.5256979040925
pumped_hydro,energy,FR,0,gigawatt * hour,2.5604794059286604,0.0,0.0,0.0,0.0,0.0
pumped_hydro,energy,HR,0,gigawatt * hour,9.39699356177283,0.0,0.0,0.0,0.0,0.0
pumped_hydro,energy,HU,0,gigawatt * hour,0.0,0.0,0.0,-121.85135041588431,-121.85135041588431,-121.85135041588431
pumped_hydro,energy,IE,0,gigawatt * hour,0.0,0.0,0.0,24.89900416911673,24.89900416911673,24.89900416911673
pumped_hydro,energy,IT,0,gigawatt * hour,144.25390579327612,0.0,0.0,0.0,0.0,0.0
pumped_hydro,energy,LT,0,gigawatt * hour,0.0,0.0,0.0,0.0,0.0,0.0
pumped_hydro,energy,LU,0,gigawatt * hour,1.0959999999999999,0.0,0.0,0.0,0.0,0.0
pumped_hydro,energy,LV,0,gigawatt * hour,0.0,0.0,0.0,13.458862191933804,13.458862191933804,13.458862191933804
pumped_hydro,energy,NL,0,gigawatt * hour,0.0,0.0,0.0,-128.07897596636576,-128.07897596636576,-128.07897596636576
pumped_hydro,energy,NO,0,gigawatt * hour,0.0,0.06532248780284888,-1.0,1.2171847449671418,1.2171847449671418,1.2171847449671418
pumped_hydro,energy,PL,0,gigawatt * hour,15.69,0.0,0.0,0.0,0.0,0.0
pumped_hydro,energy,PT,0,gigawatt * hour,29.875160407483918,0.0,0.0,0.0,0.0,0.0
pumped_hydro,energy,RO,0,gigawatt * hour,0.0,0.0,0.0,-131.4780691396233,-131.4780691396233,-131.4780691396233
pumped_hydro,energy,SE,0,gigawatt * hour,0.0,0.0,0.0,49.62421826242095,49.62421826242095,49.62421826242095
pumped_hydro,energy,SI,0,gigawatt * hour,0.0,0.0,0.0,-152.69680916378962,-152.69680916378962,-152.69680916378962
pumped_hydro,energy,SK,0,gigawatt * hour,0.0,0.0,0.0,-92.04964885840893,-92.04964885840893,-92.04964885840893
pumped_hydro,energy,UK,0,gigawatt * hour,0.0,0.0,0.0,0.0,0.0,0.0
pumped_hydro,power,AT,0,gigawatt,2.9890342714594027,0.0,0.0,0.0,0.0,0.0
pumped_hydro,power,BE,0,gigawatt,0.2642672761235368,0.0,0.0,0.0,0.0,0.0
pumped_hydro,power,BG,0,gigawatt,1.399,0.0,0.0,0.0,0.0,0.0
pumped_hydro,power,CH,0,gigawatt,1.2503780375708233,0.0,0.0,0.0,0.0,0.0
pumped_hydro,power,CZ,0,gigawatt,0.09178161990526555,0.0,0.0,0.0,0.0,0.0
pumped_hydro,power,DE,0,gigawatt,0.5723024667528409,0.0,0.0,0.0,0.0,0.0
pumped_hydro,power,DK,0,gigawatt,0.0,0.0,0.0,1092.323553285695,1092.323553285695,1092.323553285695
pumped_hydro,power,EE,0,gigawatt,0.0,0.0,0.0,1092.323553285695,1092.323553285695,1092.323553285695
pumped_hydro,power,EL,0,gigawatt,0.32734374648407266,0.0,0.0,0.0,0.0,0.0
pumped_hydro,power,ES,0,gigawatt,6.004246073102347,0.0,0.0,0.0,0.0,0.0
pumped_hydro,power,FI,0,gigawatt,0.0,0.0,0.0,1092.323553285695,1092.323553285695,1092.323553285695
pumped_hydro,power,FR,0,gigawatt,0.0,0.0,0.0,897.1405226624042,897.1405226624042,897.1405226624042
pumped_hydro,power,HR,0,gigawatt,0.4361436685346124,0.0,0.0,0.0,0.0,0.0
pumped_hydro,power,HU,0,gigawatt,0.0,0.0,0.0,1092.323553285695,1092.323553285695,1092.323553285695
pumped_hydro,power,IE,0,gigawatt,0.0,0.0,0.0,1092.323553285695,1092.323553285695,1092.323553285695
pumped_hydro,power,IT,0,gigawatt,7.962599999999999,0.0,0.0,0.0,0.0,0.0
pumped_hydro,power,LT,0,gigawatt,0.0,0.0,0.0,1041.4546772293606,1041.4546772293606,1041.4546772293606
pumped_hydro,power,LU,0,gigawatt,0.0,7.740113752245846,-1.0,1236.548745871411,1236.548745871411,1236.548745871411
pumped_hydro,power,LV,0,gigawatt,0.0,0.0,0.0,1092.323553285695,1092.323553285695,1092.323553285695
pumped_hydro,power,NL,0,gigawatt,0.0,0.0,0.0,1092.323553285695,1092.323553285695,1092.323553285695
pumped_hydro,power,NO,0,gigawatt,0.0,0.0,0.0,1236.548745871411,1236.548745871411,1236.548745871411
pumped_hydro,power,PL,0,gigawatt,0.6464144027089471,0.0,0.0,0.0,0.0,0.0
pumped_hydro,power,PT,0,gigawatt,0.9168916153861,0.0,0.0,0.0,0.0,0.0
pumped_hydro,power,RO,0,gigawatt,0.0,0.0,0.0,1092.323553285695,1092.323553285695,1092.323553285695
pumped_hydro,power,SE,0,gigawatt,0.0,0.0,0.0,1092.323553285695,1092.323553285695,1092.323553285695
pumped_hydro,power,SI,0,gigawatt,0.0,0.0,0.0,1236.548745871411,1236.548745871411,1236.548745871411
pumped_hydro,power,SK,0,gigawatt,0.0,0.0,0.0,1092.323553285695,1092.323553285695,1092.323553285695
pumped_hydro,power,UK,0,gigawatt,0.0,0.0,0.0,1013.631499945945,1013.631499945945,1013.631499945945
salt_cavern_storage,energy,AT,0,gigawatt * hour,301.508790005878,0.0,0.0,2.220446049250313e-16,2.220446049250313e-16,2.220446049250313e-16
salt_cavern_storage,energy,BE,0,gigawatt * hour,314.3670172308571,0.0,0.0,2.220446049250313e-16,2.220446049250313e-16,2.220446049250313e-16
salt_cavern_storage,energy,BG,0,gigawatt * hour,818.717098060594,0.0,0.0,2.220446049250313e-16,2.220446049250313e-16,2.220446049250313e-16
salt_cavern_storage,energy,CH,0,gigawatt * hour,10.490296761975312,0.0,0.0,2.220446049250313e-16,2.220446049250313e-16,2.220446049250313e-16
salt_cavern_storage,energy,CZ,0,gigawatt * hour,34.20599195217148,0.0,0.0,2.220446049250313e-16,2.220446049250313e-16,2.220446049250313e-16
salt_cavern_storage,energy,DE,0,gigawatt * hour,344.4630271367055,0.0,0.0,2.220446049250313e-16,2.220446049250313e-16,2.220446049250313e-16
salt_cavern_storage,energy,DK,0,gigawatt * hour,225.20300109695145,0.0,0.0,2.220446049250313e-16,2.220446049250313e-16,2.220446049250313e-16
salt_cavern_storage,energy,EE,0,gigawatt * hour,133.05293935709255,0.0,0.0,2.220446049250313e-16,2.220446049250313e-16,2.220446049250313e-16
salt_cavern_storage,energy,EL,0,gigawatt * hour,3087.6731916273175,0.0,0.0,2.220446049250313e-16,2.220446049250313e-16,2.220446049250313e-16
salt_cavern_storage,energy,ES,0,gigawatt * hour,6091.814651540206,0.0,0.0,2.220446049250313e-16,2.220446049250313e-16,2.220446049250313e-16
salt_cavern_storage,energy,FI,0,gigawatt * hour,0.0,0.0,0.0,2.220446049250313e-16,2.220446049250313e-16,2.220446049250313e-16
salt_cavern_storage,energy,FR,0,gigawatt * hour,2103.058517210776,0.0,0.0,2.220446049250313e-16,2.220446049250313e-16,2.220446049250313e-16
salt_cavern_storage,energy,HR,0,gigawatt * hour,432.28808227444205,0.0,0.0,2.220446049250313e-16,2.220446049250313e-16,2.220446049250313e-16
salt_cavern_storage,energy,HU,0,gigawatt * hour,85.2612175275903,0.0,0.0,2.220446049250313e-16,2.220446049250313e-16,2.220446049250313e-16
salt_cavern_storage,energy,IE,0,gigawatt * hour,120.59668659968557,0.0,0.0,2.220446049250313e-16,2.220446049250313e-16,2.220446049250313e-16
salt_cavern_storage,energy,IT,0,gigawatt * hour,11801.365578780296,0.0,0.0,2.220446049250313e-16,2.220446049250313e-16,2.220446049250313e-16
salt_cavern_storage,energy,LT,0,gigawatt * hour,73.59421039066838,0.0,0.0,2.220446049250313e-16,2.220446049250313e-16,2.220446049250313e-16
salt_cavern_storage,energy,LU,0,gigawatt * hour,6.019292907753277,0.0,0.0,2.220446049250313e-16,2.220446049250313e-16,2.220446049250313e-16
salt_cavern_storage,energy,LV,0,gigawatt * hour,122.81352727065462,0.0,0.0,2.220446049250313e-16,2.220446049250313e-16,2.220446049250313e-16
salt_cavern_storage,energy,NL,0,gigawatt * hour,230.42069396495106,0.0,0.0,2.220446049250313e-16,2.220446049250313e-16,2.220446049250313e-16
salt_cavern_storage,energy,NO,0,gigawatt * hour,76.89738607372391,0.0,0.0,2.220446049250313e-16,2.220446049250313e-16,2.220446049250313e-16
salt_cavern_storage,energy,PL,0,gigawatt * hour,482.87131632460336,0.0,0.0,2.220446049250313e-16,2.220446049250313e-16,2.220446049250313e-16
salt_cavern_storage,energy,PT,0,gigawatt * hour,465.21035258761856,0.0,0.0,2.220446049250313e-16,2.220446049250313e-16,2.220446049250313e-16
salt_cavern_storage,energy,RO,0,gigawatt * hour,848.390229249889,0.0,0.0,2.220446049250313e-16,2.220446049250313e-16,2.220446049250313e-16
salt_cavern_storage,energy,SE,0,gigawatt * hour,814.3920663741045,0.0,0.0,2.220446049250313e-16,2.220446049250313e-16,2.220446049250313e-16
salt_cavern_storage,energy,SI,0,gigawatt * hour,32.89804103343286,0.0,0.0,2.220446049250313e-16,2.220446049250313e-16,2.220446049250313e-16
salt_cavern_storage,energy,SK,0,gigawatt * hour,4.5675705463110505,0.0,0.0,2.220446049250313e-16,2.220446049250313e-16,2.220446049250313e-16
salt_cavern_storage,energy,UK,0,gigawatt * hour,401.71144666925306,0.0,0.0,2.220446049250313e-16,2.220446049250313e-16,2.220446049250313e-16
salt_cavern_storage,power,AT,0,gigawatt,5.722143356974379,0.0,0.0,0.0,0.0,0.0
salt_cavern_storage,power,BE,0,gigawatt,4.645731311383655,0.0,0.0,0.0,0.0,0.0
salt_cavern_storage,power,BG,0,gigawatt,3.9251853926568647,0.0,0.0,0.0,0.0,0.0
salt_cavern_storage,power,CH,0,gigawatt,0.21389473239591064,0.0,0.0,0.0,0.0,0.0
salt_cavern_storage,power,CZ,0,gigawatt,0.35656550787197094,0.0,0.0,0.0,0.0,0.0
salt_cavern_storage,power,DE,0,gigawatt,7.703551101871096,0.0,0.0,0.0,0.0,0.0
salt_cavern_storage,power,DK,0,gigawatt,1.2051711846447102,0.0,0.0,0.0,0.0,0.0
salt_cavern_storage,power,EE,0,gigawatt,0.5244449243849342,0.0,0.0,0.0,0.0,0.0
salt_cavern_storage,power,EL,0,gigawatt,8.087721573951027,0.0,0.0,0.0,0.0,0.0
salt_cavern_storage,power,ES,0,gigawatt,40.49924741426585,0.0,0.0,0.0,0.0,0.0
salt_cavern_storage,power,FI,0,gigawatt,0.0,0.0,0.0,0.0,0.0,0.0
salt_cavern_storage,power,FR,0,gigawatt,19.2244244647764,0.0,0.0,0.0,0.0,0.0
salt_cavern_storage,power,HR,0,gigawatt,2.948850714402384,0.0,0.0,0.0,0.0,0.0
salt_cavern_storage,power,HU,0,gigawatt,0.8342703909738878,0.0,0.0,0.0,0.0,0.0
salt_cavern_storage,power,IE,0,gigawatt,1.583662289868806,0.0,0.0,0.0,0.0,0.0
salt_cavern_storage,power,IT,0,gigawatt,72.88225926165754,0.0,0.0,0.0,0.0,0.0
salt_cavern_storage,power,LT,0,gigawatt,0.4816460714779886,0.0,0.0,0.0,0.0,0.0
salt_cavern_storage,power,LU,0,gigawatt,0.13075934405510464,0.0,0.0,0.0,0.0,0.0
salt_cavern_storage,power,LV,0,gigawatt,0.4079069724208652,0.0,0.0,0.0,0.0,0.0
salt_cavern_storage,power,NL,0,gigawatt,2.1370150675068182,0.0,0.0,0.0,0.0,0.0
salt_cavern_storage,power,NO,0,gigawatt,1.4120193019287146,0.0,0.0,0.0,0.0,0.0
salt_cavern_storage,power,PL,0,gigawatt,7.317053102188406,0.0,0.0,0.0,0.0,0.0
salt_cavern_storage,power,PT,0,gigawatt,2.0791100452701587,0.0,0.0,0.0,0.0,0.0
salt_cavern_storage,power,RO,0,gigawatt,5.777363268720474,0.0,0.0,0.0,0.0,0.0
salt_cavern_storage,power,SE,0,gigawatt,4.5664807377033965,0.0,0.0,0.0,0.0,0.0
salt_cavern_storage,power,SI,0,gigawatt,0.442039527994178,0.0,0.0,0.0,0.0,0.0
salt_cavern_storage,power,SK,0,gigawatt,0.1144567177182901,0.0,0.0,0.0,0.0,0.0
salt_cavern_storage,power,UK,0,gigawatt,6.909196980442374,0.0,0.0,0.0,0.0,0.0
