time,AT,CH,DE,FR,IT
0,0.0,0.0,0.0,0.0,0.0
1,0.0,0.0,0.0,0.0,0.0
2,0.0,0.0,0.0,0.0,0.0
3,0.0,0.0,0.0,0.0,0.0
4,0.0,0.0,0.0,0.0,0.0
5,0.0,0.0,0.0,0.0,0.0
6,0.0,0.0,0.0,0.0,0.0
7,0.00177565180664845,0.0,0.0,0.0,0.0589735291199013
8,0.0117672012919294,0.0242997414258046,0.0006641624517808,0.0429588502162511,0.12031757906643885
9,0.0411461098326848,0.08695869284032615,0.0084466743908916,0.08620696785056035,0.1912740319096016
10,0.07600374708089246,0.14689796728367865,0.0190967129049555,0.13776450160924064,0.2323729104354648
11,0.1023733871955716,0.18975841226638224,0.0295461353383512,0.16799638213984386,0.2484607364664288
12,0.1043039484300828,0.20334832186791324,0.033062338573337,0.17479992552376455,0.2401729048715491
13,0.08926736811581765,0.17778094232489955,0.02332574102315455,0.1605535165220102,0.20374511782290464
14,0.055768868542745,0.12845965252475536,0.0101732099527111,0.1231438399342063,0.14310781249357046
15,0.0281448149310612,0.0642304861304939,0.00247943645158785,0.0721665454277035,0.0699318487873119
16,0.0,0.0,0.0,0.0342584623311995,0.0035293913743742
17,0.0,0.0,0.0,0.0,0.0
18,0.0,0.0,0.0,0.0,0.0
19,0.0,0.0,0.0,0.0,0.0
20,0.0,0.0,0.0,0.0,0.0
21,0.0,0.0,0.0,0.0,0.0
22,0.0,0.0,0.0,0.0,0.0
23,0.0,0.0,0.0,0.0,0.0
24,0.0,0.0,0.0,0.0,0.0
25,0.0,0.0,0.0,0.0,0.0
26,0.0,0.0,0.0,0.0,0.0
27,0.0,0.0,0.0,0.0,0.0
28,0.0,0.0,0.0,0.0,0.0
29,0.0,0.0,0.0,0.0,0.0
30,0.0,0.0,0.0,0.0,0.0
31,0.0237166692380144,0.0,0.0,0.0,0.04214062650988985
32,0.0443911362722916,0.01383265214651,0.020262537629477,0.04111232123533445,0.09647605424410245
33,0.097049646495272,0.0604603021077355,0.07098926816287075,0.0921382944655611,0.15143238403382184
34,0.1539455662795257,0.10616535412690235,0.12021943590043785,0.1516493694057134,0.1927432028831429
35,0.1717862590388004,0.1445085691615458,0.14780763226221105,0.19141787789115666,0.2098435502712881
36,0.14373298175601615,0.15015585377886326,0.14297901084738845,0.2046101863443269,0.18997940777000624
37,0.09188550180496695,0.11825904462682295,0.11465083512118684,0.19919867877454706,0.1512747029121204
38,0.04091046139201125,0.0723408486891802,0.0770846060579105,0.1739313756823397,0.0992466596490337
39,0.0229812542430003,0.0244558627957474,0.03987906290878375,0.11841791504091626,0.04286297654734585
40,0.0,0.0,0.0,0.0639742341672319,0.00470010937581015
41,0.0,0.0,0.0,0.0,0.0
42,0.0,0.0,0.0,0.0,0.0
43,0.0,0.0,0.0,0.0,0.0
44,0.0,0.0,0.0,0.0,0.0
45,0.0,0.0,0.0,0.0,0.0
46,0.0,0.0,0.0,0.0,0.0
47,0.0,0.0,0.0,0.0,0.0
48,0.0,0.0,0.0,0.0,0.0
49,0.0,0.0,0.0,0.0,0.0
50,0.0,0.0,0.0,0.0,0.0
51,0.0,0.0,0.0,0.0,0.0
52,0.0,0.0,0.0,0.0,0.0
53,0.0,0.0,0.0,0.0,0.0
54,0.0,0.0,0.0,0.0,0.0
55,0.0348903007881692,0.0,0.0,0.0,0.0542715891988895
56,0.07720391408192386,0.06109067004131735,0.02495578429473375,0.09169392920565565,0.10997201704789605
57,0.13634055209442794,0.13841865720813284,0.070084959997696,0.15923621715936384,0.18358503814093535
58,0.15691744598969726,0.213930795551505,0.12035742863272345,0.2376346985111595,0.22830208794338164
59,0.1433435313041453,0.2573187654008122,0.14467887759230655,0.28665787155855493,0.25218706353523435
60,0.1101454632068299,0.2573902859384333,0.1257417521457809,0.30192014063852446,0.2540110559439957
61,0.06236038760187935,0.2234198103768053,0.08390048308684665,0.28386962995199155,0.2175305882688001
62,0.02324655837758875,0.1637404885755067,0.04107829966452145,0.2331773548716636,0.1493207208004559
63,0.0092911854414108,0.08412190405153824,0.0128298452841224,0.15313952552539914,0.07015662795817315
64,0.0,0.0,0.0,0.0813420072365344,0.0082985263605918
65,0.0,0.0,0.0,0.0,0.0
66,0.0,0.0,0.0,0.0,0.0
67,0.0,0.0,0.0,0.0,0.0
68,0.0,0.0,0.0,0.0,0.0
69,0.0,0.0,0.0,0.0,0.0
70,0.0,0.0,0.0,0.0,0.0
71,0.0,0.0,0.0,0.0,0.0
72,0.0,0.0,0.0,0.0,0.0
73,0.0,0.0,0.0,0.0,0.0
74,0.0,0.0,0.0,0.0,0.0
75,0.0,0.0,0.0,0.0,0.0
76,0.0,0.0,0.0,0.0,0.0
77,0.0,0.0,0.0,0.0,0.0
78,0.0,0.0,0.0,0.0,0.0
79,0.0341205470045459,0.0,0.0,0.0,0.05389459345059685
80,0.0648137473358155,0.05668316167101635,0.001741363057853,0.0855764799677022,0.11275334759795284
81,0.114385837237271,0.12954934090127185,0.0124020072357632,0.1521842510970144,0.18089339581153505
82,0.1465718315347585,0.2054045586089654,0.03248013341182525,0.2270284203425678,0.22482302991251285
83,0.14107345267890314,0.2551466724244747,0.041765555039088,0.2667405763663937,0.2421718047082409
84,0.098994309968786,0.2628156144137142,0.0342503315271516,0.2688697119899838,0.2292699151182408
85,0.04919695952645555,0.23155714740363814,0.0196459381204616,0.24206361442384206,0.1927812266406489
86,0.01304016344264565,0.1574153368252845,0.00608871969402625,0.19060110694147794,0.13263244333625795
87,0.001617536718327,0.06164262266237085,0.0,0.1188389256681404,0.0608801703983503
88,0.0,0.0,0.0,0.05703327593491385,0.00923260004645915
89,0.0,0.0,0.0,0.0,0.0
90,0.0,0.0,0.0,0.0,0.0
91,0.0,0.0,0.0,0.0,0.0
92,0.0,0.0,0.0,0.0,0.0
93,0.0,0.0,0.0,0.0,0.0
94,0.0,0.0,0.0,0.0,0.0
95,0.0,0.0,0.0,0.0,0.0
96,0.0,0.0,0.0,0.0,0.0
97,0.0,0.0,0.0,0.0,0.0
98,0.0,0.0,0.0,0.0,0.0
99,0.0,0.0,0.0,0.0,0.0
100,0.0,0.0,0.0,0.0,0.0
101,0.0,0.0,0.0,0.0,0.0
102,0.0,0.0,0.0,0.0,0.0
103,0.0,0.0,0.0,0.0,0.05914893196516245
104,0.0033031380903645,0.00788758359168365,0.0,0.07206355834020944,0.1164897405488066
105,0.0055804995138944,0.02389081951503985,0.0,0.12538614089262254,0.182467814203587
106,0.00675287410720585,0.04828981565936735,0.0,0.18939689954717415,0.2257991656045209
107,0.0099534495194218,0.05469076279304515,0.00105588966672045,0.23025903594756356,0.2460005831563187
108,0.01202775474071545,0.0407565314557399,0.00155549643175165,0.24203509204410806,0.2340091724194551
109,0.012612325583512,0.027823336169478,0.00128113430878315,0.2249435387002142,0.18985602062522136
110,0.0071884735798849,0.01328252143563225,0.00063163099886415,0.1799254307845721,0.1187950019588438
111,0.0008808439689295,0.00337150395453665,0.0,0.11497952748303995,0.0433214935922566
112,0.0,0.0,0.0,0.0619301303926258,0.00452615982677705
113,0.0,0.0,0.0,0.0,0.0
114,0.0,0.0,0.0,0.0,0.0
115,0.0,0.0,0.0,0.0,0.0
116,0.0,0.0,0.0,0.0,0.0
117,0.0,0.0,0.0,0.0,0.0
118,0.0,0.0,0.0,0.0,0.0
119,0.0,0.0,0.0,0.0,0.0
120,0.0,0.0,0.0,0.0,0.0
121,0.0,0.0,0.0,0.0,0.0
122,0.0,0.0,0.0,0.0,0.0
123,0.0,0.0,0.0,0.0,0.0
124,0.0,0.0,0.0,0.0,0.0
125,0.0,0.0,0.0,0.0,0.0
126,0.0,0.0,0.0,0.0,0.0
127,0.01884201492698765,0.0,0.0,0.0,0.05465625048359845
128,0.0317359151956028,0.0042489501386467,0.0,0.05302630206319565,0.1156270701697298
129,0.05765118257423625,0.0283239292746809,0.00301045424045675,0.10617788140809095,0.1841166632327723
130,0.0871887279070762,0.05387823575133165,0.0083272378073389,0.15929060038815776,0.22954322330840554
131,0.10698076625933045,0.0571976474201745,0.01035499206262415,0.1921683987507227,0.2449236435822615
132,0.1013216394847371,0.0520385994677878,0.0082506822425677,0.2020072889929239,0.2280977111211141
133,0.07698310334885974,0.04386432887290355,0.005500340550738,0.18242112604850125,0.1924068203010734
134,0.0387954916369469,0.02212035459383555,0.00136403065111505,0.14602271821061835,0.13554833586635415
135,0.018600487923086,0.00762829297997165,0.0,0.09398691645442675,0.0643552847027905
136,0.0,0.0,0.0,0.04767492352827785,0.010284251096596
137,0.0,0.0,0.0,0.0,0.0
138,0.0,0.0,0.0,0.0,0.0
139,0.0,0.0,0.0,0.0,0.0
140,0.0,0.0,0.0,0.0,0.0
141,0.0,0.0,0.0,0.0,0.0
142,0.0,0.0,0.0,0.0,0.0
143,0.0,0.0,0.0,0.0,0.0
144,0.0,0.0,0.0,0.0,0.0
145,0.0,0.0,0.0,0.0,0.0
146,0.0,0.0,0.0,0.0,0.0
147,0.0,0.0,0.0,0.0,0.0
148,0.0,0.0,0.0,0.0,0.0
149,0.0,0.0,0.0,0.0,0.0
150,0.0,0.0,0.0,0.0,0.0
151,0.0074659440277652,0.0,0.0,0.0,0.04450471048507415
152,0.01371820049618505,0.0157593097343313,0.0,0.04537893419606925,0.0981255315819202
153,0.0331261772964589,0.0609607680834085,0.0032574294148753,0.085957134296676,0.16965561172652224
154,0.04226374585205655,0.12050866562607525,0.01354509921309695,0.13329723109397504,0.22457691453318804
155,0.04369274883784015,0.15792769800246406,0.01665960229382615,0.1678982483704231,0.25139672990779566
156,0.0431405941965282,0.15324660350414465,0.01374579706585555,0.1739676103384758,0.24834575342072174
157,0.0313051811195624,0.12406076595606605,0.0129519498563758,0.15686242341975695,0.21657405187175424
158,0.01404677545528055,0.0771027813565827,0.00631163430428505,0.1240083394284841,0.1538577164599704
159,0.0050213079210945,0.0270819338187452,0.0,0.07381551034624015,0.07541879756707145
160,0.0,0.0,0.0,0.03556109611921255,0.01173195983310175
161,0.0,0.0,0.0,0.0,0.0
162,0.0,0.0,0.0,0.0,0.0
163,0.0,0.0,0.0,0.0,0.0
164,0.0,0.0,0.0,0.0,0.0
165,0.0,0.0,0.0,0.0,0.0
166,0.0,0.0,0.0,0.0,0.0
167,0.0,0.0,0.0,0.0,0.0
168,0.0,0.0,0.0,0.0,0.0
169,0.0,0.0,0.0,0.0,0.0
170,0.0,0.0,0.0,0.0,0.0
171,0.0,0.0,0.0,0.0,0.0
172,0.0,0.0,0.0,0.0,0.0
173,0.0,0.0,0.0,0.0,0.0
174,0.0,0.0,0.0,0.0,0.0
175,0.0,0.0,0.0,0.0,0.05129813218816235
176,0.0,0.0007477050519091,0.0009600260665068,0.01615465450896665,0.11015928319584735
177,0.00179109347895215,0.0023427147575468,0.01363048984954165,0.0364819348727291,0.17702627149168265
178,0.01599509933604325,0.00389586143162225,0.0407018452882584,0.0599313219384561,0.21383199339430226
179,0.04347639425548355,0.01211965422717445,0.07491301794352855,0.0696416622742547,0.2191959821628954
180,0.06804245729854025,0.02019762262385925,0.08936110617625515,0.06502623470636085,0.19582359343829944
181,0.07626419489290415,0.02104176137896185,0.0737590829431101,0.0537843641580879,0.1513575891850845
182,0.0526910135240462,0.02053929195762185,0.04026282405672075,0.03704857022324235,0.09171545955839334
183,0.02113345353896585,0.00990799670813465,0.00802621020137535,0.01877795759340755,0.0282952487353326
184,0.0,0.0,0.0,0.00720832471045045,0.00092917251564225
185,0.0,0.0,0.0,0.0,0.0
186,0.0,0.0,0.0,0.0,0.0
187,0.0,0.0,0.0,0.0,0.0
188,0.0,0.0,0.0,0.0,0.0
189,0.0,0.0,0.0,0.0,0.0
190,0.0,0.0,0.0,0.0,0.0
191,0.0,0.0,0.0,0.0,0.0
192,0.0,0.0,0.0,0.0,0.0
193,0.0,0.0,0.0,0.0,0.0
194,0.0,0.0,0.0,0.0,0.0
195,0.0,0.0,0.0,0.0,0.0
196,0.0,0.0,0.0,0.0,0.0
197,0.0,0.0,0.0,0.0,0.0
198,0.0,0.0,0.0,0.0,0.0
199,0.01161399223763905,0.0,0.0,0.0,0.01132126732056225
200,0.0348497418847456,0.0071052315647197,0.0015148205872182,0.03971985199760155,0.03456716047816255
201,0.0722054234348295,0.02374980898582615,0.02394913345907095,0.08160783064744945,0.0796327629020701
202,0.09839600593502695,0.03064522170749325,0.047853089518611,0.13403468716757694,0.1151850777725934
203,0.10393004141778844,0.05441496158597225,0.05956720812205495,0.1605770751403566,0.1356402764023319
204,0.0847737870015597,0.0739166088576037,0.05910445539796985,0.15030575802892224,0.1386165263439571
205,0.05102978254503415,0.06384756959065405,0.0408893957904618,0.1291793142845527,0.1131633113907784
206,0.0161193937806693,0.05107286937108535,0.02010367207266735,0.10941097582667506,0.07040307551832856
207,0.00165331651344245,0.02626278517026035,0.00650220096262895,0.0756641654526341,0.02641677289846295
208,0.0,0.0,0.0,0.0411731443687986,0.0005709768943318
209,0.0,0.0,0.0,0.0,0.0
210,0.0,0.0,0.0,0.0,0.0
211,0.0,0.0,0.0,0.0,0.0
212,0.0,0.0,0.0,0.0,0.0
213,0.0,0.0,0.0,0.0,0.0
214,0.0,0.0,0.0,0.0,0.0
215,0.0,0.0,0.0,0.0,0.0
216,0.0,0.0,0.0,0.0,0.0
217,0.0,0.0,0.0,0.0,0.0
218,0.0,0.0,0.0,0.0,0.0
219,0.0,0.0,0.0,0.0,0.0
220,0.0,0.0,0.0,0.0,0.0
221,0.0,0.0,0.0,0.0,0.0
222,0.0,0.0,0.0,0.0,0.0
223,0.0060102819086757,0.0,0.0,0.0,0.0250740992843
224,0.0194433378058989,0.01462825160178975,0.00242761998261965,0.04932717370550225,0.0719792364778215
225,0.0460538210178086,0.0573167779055973,0.01797111998678685,0.10284436617236276,0.133710296012832
226,0.0760576980936381,0.08715302655693714,0.0374834048285489,0.16168617630302926,0.1765541387703115
227,0.094543516547452,0.09643749897768715,0.0498058511446865,0.18607276700063724,0.1954103919875489
228,0.0899715178685237,0.08992958425285165,0.0560884943505971,0.1891615624299843,0.192152111537617
229,0.0742211987338053,0.06428111401953195,0.0541704262490577,0.1777917703524092,0.1669587401781272
230,0.0426073324713835,0.0357903761799971,0.03691405340319265,0.1386896044351993,0.1205451992450851
231,0.0144333881874722,0.01086292832452065,0.01246632984592975,0.08499469750531115,0.06138073804398765
232,0.0,0.0,0.0,0.04234256037475825,0.01217374486685055
233,0.0,0.0,0.0,0.0,0.0
234,0.0,0.0,0.0,0.0,0.0
235,0.0,0.0,0.0,0.0,0.0
236,0.0,0.0,0.0,0.0,0.0
237,0.0,0.0,0.0,0.0,0.0
238,0.0,0.0,0.0,0.0,0.0
239,0.0,0.0,0.0,0.0,0.0
240,0.0,0.0,0.0,0.0,0.0
241,0.0,0.0,0.0,0.0,0.0
242,0.0,0.0,0.0,0.0,0.0
243,0.0,0.0,0.0,0.0,0.0
244,0.0,0.0,0.0,0.0,0.0
245,0.0,0.0,0.0,0.0,0.0
246,0.0,0.0,0.0,0.0,0.0
247,0.0347423954979131,0.0,0.0,0.0,0.04986801964987275
248,0.0812118217706985,0.0209494162577812,0.0114088698896748,0.07757794640325875,0.1046958575577752
249,0.16207336337516565,0.08570902346298855,0.02706363132597395,0.1395423897385799,0.17882303257386645
250,0.21996916371433645,0.1626361452565832,0.0386112212914201,0.20199788528739884,0.2270717136423266
251,0.23190006209094705,0.18855324878555615,0.0434916029440241,0.2390352180871135,0.2475418615726899
252,0.20756293598493586,0.14455623186232075,0.03410685272512595,0.2467026685113904,0.2389069229306673
253,0.1645326719299649,0.0876026728100351,0.01790640334532475,0.21614733273810025,0.19565086272621754
254,0.10240141473446185,0.0437828150180122,0.00612467355983005,0.156522746490303,0.1321838287009505
255,0.0523598555826401,0.0099567427648174,0.0,0.09167873171750375,0.06321358085026095
256,0.0,0.0,0.0,0.0474620175680394,0.01263875752797945
257,0.0,0.0,0.0,0.0,0.0
258,0.0,0.0,0.0,0.0,0.0
259,0.0,0.0,0.0,0.0,0.0
260,0.0,0.0,0.0,0.0,0.0
261,0.0,0.0,0.0,0.0,0.0
262,0.0,0.0,0.0,0.0,0.0
263,0.0,0.0,0.0,0.0,0.0
264,0.0,0.0,0.0,0.0,0.0
265,0.0,0.0,0.0,0.0,0.0
266,0.0,0.0,0.0,0.0,0.0
267,0.0,0.0,0.0,0.0,0.0
268,0.0,0.0,0.0,0.0,0.0
269,0.0,0.0,0.0,0.0,0.0
270,0.0,0.0,0.0,0.0,0.0
271,0.00546488302616505,0.0,0.0,0.0,0.0633577421951009
272,0.0164141680339131,0.0065832070427795,0.0,0.0232010000695393,0.12519951296367066
273,0.0460530218644517,0.02813303917931785,0.00142831993132295,0.05210259936233635,0.2016059590862441
274,0.07822086424425595,0.05725783517456965,0.00615359885437415,0.0889136591974897,0.25434945511920726
275,0.1008571866879117,0.0771723789498683,0.0146333131255628,0.11584783928604725,0.26714897636563256
276,0.09984372303183996,0.0869681525983464,0.01910669964151735,0.1265790929882796,0.24915355442295845
277,0.0718119110196401,0.08547625258068355,0.0132716018087058,0.1204105241287034,0.21810737479006714
278,0.0353636177997457,0.0587963058814841,0.0030528431709503,0.0960452574847087,0.1589417101402909
279,0.01357949548052965,0.0244506146670425,0.0,0.05783481220671835,0.07903462399575395
280,0.0,0.0,0.0,0.0252271047087965,0.01251358296489775
281,0.0,0.0,0.0,0.0,0.0
282,0.0,0.0,0.0,0.0,0.0
283,0.0,0.0,0.0,0.0,0.0
284,0.0,0.0,0.0,0.0,0.0
285,0.0,0.0,0.0,0.0,0.0
286,0.0,0.0,0.0,0.0,0.0
287,0.0,0.0,0.0,0.0,0.0
288,0.0,0.0,0.0,0.0,0.0
289,0.0,0.0,0.0,0.0,0.0
290,0.0,0.0,0.0,0.0,0.0
291,0.0,0.0,0.0,0.0,0.0
292,0.0,0.0,0.0,0.0,0.0
293,0.0,0.0,0.0,0.0,0.0
294,0.0,0.0,0.0,0.0,0.0
295,0.03368182357669805,0.0,0.0,0.0,0.02718306066621745
296,0.0617806244732953,0.0013032709202556,0.0,0.0054619217719914,0.0700667355791844
297,0.11038223879164084,0.0037853347719392,0.0,0.01776265866765455,0.1288414244477577
298,0.1351405979027989,0.0070686327380693,0.0,0.03695803234787065,0.1670939545203947
299,0.1246888693644912,0.00784612678598405,0.0,0.0508674009174885,0.1720915578618254
300,0.0884331899205586,0.00656045948906595,0.0,0.0516382248572558,0.1515195126932478
301,0.05436830761487665,0.00455792147787115,0.0,0.04417959143514985,0.12550562275432994
302,0.0246170605765802,0.001748758619744,0.0,0.03386805142937465,0.09221508218006255
303,0.00274454019117285,0.0,0.0,0.017982523844244,0.0415921864742393
304,0.0,0.0,0.0,0.00661526809377905,0.00367642416909925
305,0.0,0.0,0.0,0.0,0.0
306,0.0,0.0,0.0,0.0,0.0
307,0.0,0.0,0.0,0.0,0.0
308,0.0,0.0,0.0,0.0,0.0
309,0.0,0.0,0.0,0.0,0.0
310,0.0,0.0,0.0,0.0,0.0
311,0.0,0.0,0.0,0.0,0.0
312,0.0,0.0,0.0,0.0,0.0
313,0.0,0.0,0.0,0.0,0.0
314,0.0,0.0,0.0,0.0,0.0
315,0.0,0.0,0.0,0.0,0.0
316,0.0,0.0,0.0,0.0,0.0
317,0.0,0.0,0.0,0.0,0.0
318,0.0,0.0,0.0,0.0,0.0
319,0.0387348635803145,0.0,0.0,0.0,0.00977360534900155
320,0.07473809931719146,0.01050112957946165,0.01170439527990875,0.0145309916461096,0.0337857253815884
321,0.13710348173344294,0.0551860078464549,0.0286350161615503,0.03614760833670305,0.0726931205908218
322,0.1749534928967301,0.101850939644203,0.0497469614798487,0.0683034074078122,0.098340228310621
323,0.18278183374543025,0.1171141743490491,0.06833305196996176,0.111439316372556,0.1179613658914181
324,0.16494934244107565,0.1298897049989539,0.0792565474788729,0.12996040453038166,0.12111242296526745
325,0.12558959114274754,0.11895214577033345,0.08344233519943516,0.1122719212716138,0.1022083032268413
326,0.0703457824172226,0.07503613323113005,0.0638241376415703,0.0904303240255129,0.0784980765120211
327,0.02869038713301625,0.03801986072946105,0.0274101562345967,0.0601667639924072,0.0453078844187753
328,0.0,0.0030817712504349,0.0,0.0286093858990113,0.0105143328872571
329,0.0,0.0,0.0,0.0,0.0
330,0.0,0.0,0.0,0.0,0.0
331,0.0,0.0,0.0,0.0,0.0
332,0.0,0.0,0.0,0.0,0.0
333,0.0,0.0,0.0,0.0,0.0
334,0.0,0.0,0.0,0.0,0.0
335,0.0,0.0,0.0,0.0,0.0
336,0.0,0.0,0.0,0.0,0.0
337,0.0,0.0,0.0,0.0,0.0
338,0.0,0.0,0.0,0.0,0.0
339,0.0,0.0,0.0,0.0,0.0
340,0.0,0.0,0.0,0.0,0.0
341,0.0,0.0,0.0,0.0,0.0
342,0.0,0.0,0.0,0.0,0.0
343,0.02511674607186635,0.0,0.0,0.00061363275994545,0.06391626976559055
344,0.0442342933345613,0.05893539396685025,0.0065901951523496,0.0707327456919755,0.13515051676322784
345,0.09198748466185615,0.13142379688895425,0.0362523887702349,0.1345845061957139,0.22050993810535294
346,0.12937691065272064,0.1942041495844531,0.061697692263297,0.2027870131324381,0.27460375501228335
347,0.1530664059931899,0.23064421115025746,0.07827258079520165,0.24978075252526774,0.2965203410060243
348,0.1524558913562086,0.23728068748293216,0.084118246687398,0.27048748554131047,0.2880200035607769
349,0.12674713702257434,0.20168233628602605,0.0707343959930446,0.26162928933715723,0.2498729619854534
350,0.08775800845935515,0.1423941288437463,0.0452981907033222,0.2234912451132963,0.1853267114949759
351,0.0433889376868405,0.07684649034599544,0.01610326001909385,0.15481601182106314,0.10011088921581095
352,0.0,0.0076724860065348,0.0,0.08446222831040015,0.0158685534038857
353,0.0,0.0,0.0,0.0,0.0
354,0.0,0.0,0.0,0.0,0.0
355,0.0,0.0,0.0,0.0,0.0
356,0.0,0.0,0.0,0.0,0.0
357,0.0,0.0,0.0,0.0,0.0
358,0.0,0.0,0.0,0.0,0.0
359,0.0,0.0,0.0,0.0,0.0
360,0.0,0.0,0.0,0.0,0.0
361,0.0,0.0,0.0,0.0,0.0
362,0.0,0.0,0.0,0.0,0.0
363,0.0,0.0,0.0,0.0,0.0
364,0.0,0.0,0.0,0.0,0.0
365,0.0,0.0,0.0,0.0,0.0
366,0.0,0.0,0.0,0.0,0.0
367,0.03256513713570105,0.0,0.0,0.00065344116670155,0.06260454927998035
368,0.07978595298307195,0.0429711271462932,0.01960533838810435,0.0783071069519458,0.1257111334334101
369,0.1383943458335806,0.1127194005689939,0.06730043742724795,0.1461271652332387,0.1959161452852823
370,0.18175673054255015,0.18920121198377385,0.12027226141817475,0.21132342597888126,0.2398397619388868
371,0.20043727102790035,0.25201254973272513,0.1487276718914421,0.2432400965577143,0.2565493066128546
372,0.1878555315491547,0.2693385373441974,0.1473868470344292,0.24612472920086606,0.2394533627040824
373,0.15148875983335064,0.23716833004683144,0.12247466564602305,0.22103101710339534,0.19450693416973006
374,0.0942142324341672,0.17461124981926454,0.0774549654388644,0.172235630800726,0.1369337138446602
375,0.0336800264646286,0.0932653788146237,0.02667581641134485,0.1060100932178631,0.0685835019834469
376,0.0,0.02223376568841475,0.0,0.0489368314667817,0.00593257920374295
377,0.0,0.0,0.0,0.0,0.0
378,0.0,0.0,0.0,0.0,0.0
379,0.0,0.0,0.0,0.0,0.0
380,0.0,0.0,0.0,0.0,0.0
381,0.0,0.0,0.0,0.0,0.0
382,0.0,0.0,0.0,0.0,0.0
383,0.0,0.0,0.0,0.0,0.0
384,0.0,0.0,0.0,0.0,0.0
385,0.0,0.0,0.0,0.0,0.0
386,0.0,0.0,0.0,0.0,0.0
387,0.0,0.0,0.0,0.0,0.0
388,0.0,0.0,0.0,0.0,0.0
389,0.0,0.0,0.0,0.0,0.0
390,0.0,0.0,0.0,0.0,0.0
391,0.01031985279545025,0.0,0.0,0.0,0.03971728083832125
392,0.06151350043296735,0.0246014311366251,0.01816050234853155,0.0329551227756223,0.09324295523523585
393,0.1289009240415089,0.06057534639041315,0.0464844360648512,0.07268409233676565,0.15378706967420674
394,0.17314948894247786,0.0799009900437348,0.0711369276339101,0.13344583728750176,0.19811596339031684
395,0.18880980177020265,0.0794955995470666,0.0891545135023295,0.18401589647637676,0.21911575304949815
396,0.1837334682286784,0.05475603894176345,0.09327063306234964,0.20903728348575354,0.20511454112634614
397,0.1564107379080801,0.02928730355438725,0.0816927229682266,0.20270325124553665,0.16595587689005184
398,0.09951296634563085,0.02526383651083495,0.05449397946139825,0.16737530781149304,0.11354510810250724
399,0.03840745043454025,0.01756380834748565,0.0189271608282866,0.1124448026088875,0.0521616789632721
400,0.0,0.01205967654571835,0.0,0.05903211049585535,0.0086765214124021
401,0.0,0.0,0.0,0.0,0.0
402,0.0,0.0,0.0,0.0,0.0
403,0.0,0.0,0.0,0.0,0.0
404,0.0,0.0,0.0,0.0,0.0
405,0.0,0.0,0.0,0.0,0.0
406,0.0,0.0,0.0,0.0,0.0
407,0.0,0.0,0.0,0.0,0.0
408,0.0,0.0,0.0,0.0,0.0
409,0.0,0.0,0.0,0.0,0.0
410,0.0,0.0,0.0,0.0,0.0
411,0.0,0.0,0.0,0.0,0.0
412,0.0,0.0,0.0,0.0,0.0
413,0.0,0.0,0.0,0.0,0.0
414,0.0,0.0,0.0,0.0,0.0
415,0.0040835366364254,0.0,0.0,0.00073168129493905,0.02784427304445375
416,0.02312878960402405,0.04136922625274945,0.0247690072576361,0.02908288707254245,0.07457583879224175
417,0.06990646367653156,0.124777230669499,0.0791101434968496,0.07257300828095554,0.134497166718299
418,0.11673277851758306,0.204116621120987,0.13849489877834745,0.1180779105163507,0.18408432925692214
419,0.14064578983189166,0.247261222422105,0.16822325108506886,0.1498650100756121,0.2110374905595502
420,0.1513726262305514,0.2468355366628015,0.16246587851917,0.1557530466355801,0.21467120310216725
421,0.14321898800840205,0.21040819416850995,0.1375247450415048,0.13960662899641274,0.1889181230733726
422,0.10016957940366705,0.14597266412654394,0.0962070934558843,0.1068512005318959,0.1347713411505403
423,0.0459630423730965,0.06464557545388575,0.0448806155090018,0.06183682474028755,0.06868044103152575
424,0.0,0.0051190598528747,0.0,0.0229600663408774,0.01798777716500955
425,0.0,0.0,0.0,0.0,0.0
426,0.0,0.0,0.0,0.0,0.0
427,0.0,0.0,0.0,0.0,0.0
428,0.0,0.0,0.0,0.0,0.0
429,0.0,0.0,0.0,0.0,0.0
430,0.0,0.0,0.0,0.0,0.0
431,0.0,0.0,0.0,0.0,0.0
432,0.0,0.0,0.0,0.0,0.0
433,0.0,0.0,0.0,0.0,0.0
434,0.0,0.0,0.0,0.0,0.0
435,0.0,0.0,0.0,0.0,0.0
436,0.0,0.0,0.0,0.0,0.0
437,0.0,0.0,0.0,0.0,0.0
438,0.0,0.0,0.0,0.0,0.0
439,0.0083030583570727,0.0,0.0,0.0,0.0381385439634715
440,0.0427554249318474,0.0732032928787789,0.0580732501792572,0.0505797189591976,0.09681271749403365
441,0.0973883363098645,0.1580538296909859,0.13763551036436056,0.1110005066877576,0.1614055626874078
442,0.13975537795571694,0.23293381662283366,0.20373139762276,0.1767665663645859,0.20122364432965095
443,0.1553870392020706,0.2808059244394089,0.24055080741293056,0.21359207093344534,0.2170421513914939
444,0.1438106910245078,0.29287734519759356,0.24333806698180874,0.226545614003278,0.20500420742816305
445,0.1129483998418678,0.261623004866414,0.21126978752083575,0.2094054071000816,0.1621187409869564
446,0.06429153198513625,0.1989804641410515,0.1476187240715284,0.15645875478799434,0.10694906673281315
447,0.01456575441337785,0.11530186004325135,0.06722765723377715,0.09298224727295434,0.04903068809623465
448,0.0,0.0480571921115973,0.0,0.0404747717367951,0.00789527846503055
449,0.0,0.0,0.0,0.0,0.0
450,0.0,0.0,0.0,0.0,0.0
451,0.0,0.0,0.0,0.0,0.0
452,0.0,0.0,0.0,0.0,0.0
453,0.0,0.0,0.0,0.0,0.0
454,0.0,0.0,0.0,0.0,0.0
455,0.0,0.0,0.0,0.0,0.0
456,0.0,0.0,0.0,0.0,0.0
457,0.0,0.0,0.0,0.0,0.0
458,0.0,0.0,0.0,0.0,0.0
459,0.0,0.0,0.0,0.0,0.0
460,0.0,0.0,0.0,0.0,0.0
461,0.0,0.0,0.0,0.0,0.0
462,0.0,0.0,0.0,0.0,0.0
463,0.01779363725084115,0.0,0.0,0.0006555651265058,0.0245719644120144
464,0.0555927966714466,0.0320328111913535,0.05623653805879305,0.02833224834973265,0.075281812794963
465,0.12095099175284445,0.09468124255257344,0.1272291516253506,0.06402520214857665,0.13713984694041645
466,0.1679705276420934,0.15156207917079956,0.18923317961284625,0.1092934306070528,0.17904455021938234
467,0.187150738841624,0.18331756016919454,0.2243373760954462,0.14204141164503425,0.19418014043867174
468,0.18378421267041775,0.18805904206542715,0.2268510007300219,0.14784845709573585,0.18929886781893465
469,0.1443541356374945,0.1585631528497047,0.1952775811902582,0.13131124086162854,0.1606585562971996
470,0.0849299190570719,0.10337651356259185,0.13339361399576086,0.0975448806177849,0.10401124192193285
471,0.03601924287921485,0.04281680145515515,0.0596733390810107,0.0579324752984792,0.04183673837896175
472,0.0,0.00910640979327965,0.0,0.02559764675989415,0.00958747680608565
473,0.0,0.0,0.0,0.0,0.0
474,0.0,0.0,0.0,0.0,0.0
475,0.0,0.0,0.0,0.0,0.0
476,0.0,0.0,0.0,0.0,0.0
477,0.0,0.0,0.0,0.0,0.0
478,0.0,0.0,0.0,0.0,0.0
479,0.0,0.0,0.0,0.0,0.0
480,0.0,0.0,0.0,0.0,0.0
481,0.0,0.0,0.0,0.0,0.0
482,0.0,0.0,0.0,0.0,0.0
483,0.0,0.0,0.0,0.0,0.0
484,0.0,0.0,0.0,0.0,0.0
485,0.0,0.0,0.0,0.0,0.0
486,0.0,0.0,0.0,0.0,0.0
487,0.0388376508310764,0.0,0.0,0.0,0.00990600050584955
488,0.07994517049641285,0.06003807883936065,0.04332391619959975,0.0347588334418865,0.0442370227003916
489,0.1416496751273818,0.13139855554933336,0.10393657814123115,0.0852043904380082,0.0813479519263776
490,0.19796275640630134,0.20838070149755064,0.1620988628287039,0.13271616025994246,0.10441164139515666
491,0.2337904818923319,0.26416678395238774,0.19844017860959354,0.16257812451571554,0.10525025729420084
492,0.22975608834054795,0.27110298551475087,0.19696792914928046,0.1736703256374817,0.0893697294633038
493,0.18980557500738424,0.22381322671528894,0.16344654834626396,0.1622195717338786,0.0700798680668979
494,0.1204248595037937,0.14885854594159664,0.1087440468514331,0.1379339222239126,0.0436085876927944
495,0.04950098912262735,0.07552514053074184,0.0469204290576255,0.09427826589697445,0.0124267233731107
496,0.0,0.0263791813187604,0.0,0.04333286200953275,0.00132134029302615
497,0.0,0.0,0.0,0.0,0.0
498,0.0,0.0,0.0,0.0,0.0
499,0.0,0.0,0.0,0.0,0.0
500,0.0,0.0,0.0,0.0,0.0
501,0.0,0.0,0.0,0.0,0.0
502,0.0,0.0,0.0,0.0,0.0
503,0.0,0.0,0.0,0.0,0.0
504,0.0,0.0,0.0,0.0,0.0
505,0.0,0.0,0.0,0.0,0.0
506,0.0,0.0,0.0,0.0,0.0
507,0.0,0.0,0.0,0.0,0.0
508,0.0,0.0,0.0,0.0,0.0
509,0.0,0.0,0.0,0.0,0.0
510,0.0,0.0,0.0,0.0,0.0
511,0.01948839497501385,0.0,0.0,0.0,0.01448520703671705
512,0.05377492876946075,0.04605833263761505,0.03922833947378695,0.02893607420178835,0.0494313997867257
513,0.1167678909965896,0.11597066167021275,0.09821770579187525,0.0679900838995954,0.0954719121863246
514,0.15374520920984244,0.20187293988672264,0.15522374350604545,0.106861464972612,0.1299696351395438
515,0.16854003802594364,0.26358987983298665,0.1978514948799951,0.12903034062518975,0.14336497929800396
516,0.16753309363795735,0.2829094780672527,0.2132579328055643,0.1330640335498137,0.13972561226624985
517,0.131501646865449,0.266494575661923,0.19202476235172236,0.1187179432858726,0.1213370318663246
518,0.0793665583353785,0.2127306722099188,0.1376335589337062,0.08935860245068215,0.0846092402503475
519,0.0326752983003804,0.12687744167330356,0.06526946759574916,0.0537894068803672,0.0383782426044135
520,0.0,0.06817593986782955,0.00097684114072105,0.021570668463493,0.00919096393541445
521,0.0,0.0,0.0,0.0,0.0
522,0.0,0.0,0.0,0.0,0.0
523,0.0,0.0,0.0,0.0,0.0
524,0.0,0.0,0.0,0.0,0.0
525,0.0,0.0,0.0,0.0,0.0
526,0.0,0.0,0.0,0.0,0.0
527,0.0,0.0,0.0,0.0,0.0
528,0.0,0.0,0.0,0.0,0.0
529,0.0,0.0,0.0,0.0,0.0
530,0.0,0.0,0.0,0.0,0.0
531,0.0,0.0,0.0,0.0,0.0
532,0.0,0.0,0.0,0.0,0.0
533,0.0,0.0,0.0,0.0,0.0
534,0.0,0.0,0.0,0.0,0.0
535,0.0,0.0,0.0,0.0,0.0396019764353508
536,0.004872183742634,0.03962891619000475,0.0196526771197044,0.01143737768713705,0.1094041670448913
537,0.02748539124192175,0.09473882274683865,0.06277567343990995,0.04300902407472915,0.1749863167835015
538,0.059694850266228,0.1544760632310481,0.1118592786770639,0.0924726376460104,0.2171205522564429
539,0.0877294396869159,0.1885432028170652,0.1425431611385098,0.13137230390934204,0.2324955951519915
540,0.08675376042808265,0.1770504267275019,0.1436132586602907,0.15362921998114684,0.22156389958677555
541,0.0691960010285984,0.1317297154644638,0.11984193361352105,0.16588118853628664,0.1863969558718212
542,0.0391583102994748,0.07245313413626504,0.0723431439575442,0.15082429486812485,0.1218483634264719
543,0.00678767237390865,0.02395509837980895,0.02185963247961545,0.10290962586707485,0.050153563606542
544,0.0,0.00287683227588165,0.0,0.04806400806953065,0.00514586367633615
545,0.0,0.0,0.0,0.0,0.0
546,0.0,0.0,0.0,0.0,0.0
547,0.0,0.0,0.0,0.0,0.0
548,0.0,0.0,0.0,0.0,0.0
549,0.0,0.0,0.0,0.0,0.0
550,0.0,0.0,0.0,0.0,0.0
551,0.0,0.0,0.0,0.0,0.0
552,0.0,0.0,0.0,0.0,0.0
553,0.0,0.0,0.0,0.0,0.0
554,0.0,0.0,0.0,0.0,0.0
555,0.0,0.0,0.0,0.0,0.0
556,0.0,0.0,0.0,0.0,0.0
557,0.0,0.0,0.0,0.0,0.0
558,0.0,0.0,0.0,0.0,0.0
559,0.0033589273457216,0.0,0.0,0.0,0.0135193037499937
560,0.0382251180034225,0.02361983748725305,0.014597971023332,0.04064115023961625,0.05081864668084305
561,0.10015199698914015,0.07893977195987775,0.053772257396016,0.10159015622978675,0.0972205547406059
562,0.1533888407239229,0.12245765167311234,0.08693029655702444,0.1585475860403738,0.1239193547777682
563,0.18096004927840276,0.1467327450892465,0.1022407410919364,0.19006141047674555,0.12294008334864645
564,0.1796077856604128,0.14964792017860504,0.0937344643378072,0.201708227094366,0.10213394557838396
565,0.1500815938698054,0.12790494222569776,0.0627518470948739,0.1942235295976388,0.0755521410496481
566,0.09202387135638265,0.09611875857921305,0.0257778033461525,0.16247547347225286,0.04666236740092965
567,0.03310717631267365,0.05021002165978745,0.00288464134115135,0.1083576187767729,0.0161842793643818
568,0.0,0.02068037985561995,0.0,0.0529760004218966,0.00496798765642575
569,0.0,0.0,0.0,0.0,0.0
570,0.0,0.0,0.0,0.0,0.0
571,0.0,0.0,0.0,0.0,0.0
572,0.0,0.0,0.0,0.0,0.0
573,0.0,0.0,0.0,0.0,0.0
574,0.0,0.0,0.0,0.0,0.0
575,0.0,0.0,0.0,0.0,0.0
576,0.0,0.0,0.0,0.0,0.0
577,0.0,0.0,0.0,0.0,0.0
578,0.0,0.0,0.0,0.0,0.0
579,0.0,0.0,0.0,0.0,0.0
580,0.0,0.0,0.0,0.0,0.0
581,0.0,0.0,0.0,0.0,0.0
582,0.0,0.0,0.0,0.0,0.0
583,0.0264525818777384,0.0,0.0,0.00080477625378415,0.0286442324892915
584,0.07536862957302395,0.0616068475855775,0.01975071333200685,0.02163482401203745,0.07375955632889175
585,0.14465503786600994,0.1361257609076034,0.0558027553717004,0.0474267932697667,0.12790045541301046
586,0.18381144944648845,0.2147622064223676,0.0812432675917465,0.07584676850639285,0.16335745543642774
587,0.1806044418008149,0.2774798449203233,0.08338533861694755,0.10241483410951985,0.17926870765895245
588,0.15964088064205695,0.29703462254580487,0.06750672898400575,0.1203612182282907,0.1757545673246574
589,0.13232890175564746,0.26723058560625923,0.04958333468514235,0.12393849854115885,0.15368910613707604
590,0.0861260643472129,0.20438685768639306,0.0295895244380902,0.10401746842174026,0.1126040720667114
591,0.0326948078644614,0.12282947712379005,0.0091427538071154,0.0657015265313787,0.0581894894717947
592,0.0,0.079458545966908,0.00270712032727265,0.0281737036500699,0.02354488683504175
593,0.0,0.0,0.0,0.0,0.0
594,0.0,0.0,0.0,0.0,0.0
595,0.0,0.0,0.0,0.0,0.0
596,0.0,0.0,0.0,0.0,0.0
597,0.0,0.0,0.0,0.0,0.0
598,0.0,0.0,0.0,0.0,0.0
599,0.0,0.0,0.0,0.0,0.0
600,0.0,0.0,0.0,0.0,0.0
601,0.0,0.0,0.0,0.0,0.0
602,0.0,0.0,0.0,0.0,0.0
603,0.0,0.0,0.0,0.0,0.0
604,0.0,0.0,0.0,0.0,0.0
605,0.0,0.0,0.0,0.0,0.0
606,0.0,0.0,0.0,0.0,0.0
607,0.0017875297340026,0.0,0.0,0.0007685598043203,0.0378638642536327
608,0.01501836605636365,0.00756311797721105,0.0,0.01788901235438735,0.0911040735570277
609,0.0344350859599261,0.0367055535061061,0.0030300438318373,0.04812153703396955,0.1591024127889753
610,0.05246236860480655,0.0822056132148451,0.0160698872344679,0.08625483540866015,0.20594826768238164
611,0.0687765467449531,0.1095362841836354,0.03377890268221535,0.1144146616198169,0.2261354642916145
612,0.0743101109046945,0.1214001410744144,0.0388982315683716,0.1297267171473954,0.22920458243543335
613,0.0613710684069437,0.10912007912439935,0.0280425149925041,0.12397454318302235,0.19928150483878934
614,0.0393599137025801,0.06769181726508534,0.0153572529177136,0.09629951811451935,0.14131578719483556
615,0.01492357954736485,0.03465452114300235,0.00497863076811885,0.06158011335497915,0.07323342298516125
616,0.0007173008959586,0.01903940502573535,0.0,0.0266022818507966,0.02563147262919085
617,0.0,0.0,0.0,0.0,0.0
618,0.0,0.0,0.0,0.0,0.0
619,0.0,0.0,0.0,0.0,0.0
620,0.0,0.0,0.0,0.0,0.0
621,0.0,0.0,0.0,0.0,0.0
622,0.0,0.0,0.0,0.0,0.0
623,0.0,0.0,0.0,0.0,0.0
624,0.0,0.0,0.0,0.0,0.0
625,0.0,0.0,0.0,0.0,0.0
626,0.0,0.0,0.0,0.0,0.0
627,0.0,0.0,0.0,0.0,0.0
628,0.0,0.0,0.0,0.0,0.0
629,0.0,0.0,0.0,0.0,0.0
630,0.0,0.0,0.0,0.0,0.0
631,0.0232135265805541,0.0,0.0,0.0,0.0434204303993292
632,0.07121726565373095,0.0206914173730834,0.01833748492872405,0.024591823229605,0.1129760471551876
633,0.12712656206794354,0.0831286575594278,0.0493063216518964,0.0644823892259263,0.1822905067770294
634,0.16216981382922965,0.15219047202632704,0.08327682809988535,0.11731993989342175,0.2254768449130515
635,0.171348904314765,0.1891107293789712,0.10775605462555275,0.1572959927938667,0.23905016792739164
636,0.1550994406132391,0.1868226424894152,0.1210146496105521,0.17107476531474064,0.2205367695074931
637,0.12246866407956095,0.1506987501422232,0.11370315317498535,0.1640240797522022,0.17536731968047445
638,0.07430754394325885,0.09918866173712615,0.0770611679172771,0.13985553192527655,0.1170952684322845
639,0.0228069640814651,0.04438196761265075,0.02797410869410945,0.0996145030965015,0.0528816052393744
640,0.0,0.014222242285978,0.00188695088954335,0.0499363709281745,0.0114295012741232
641,0.0,0.0,0.0,0.0,0.0
642,0.0,0.0,0.0,0.0,0.0
643,0.0,0.0,0.0,0.0,0.0
644,0.0,0.0,0.0,0.0,0.0
645,0.0,0.0,0.0,0.0,0.0
646,0.0,0.0,0.0,0.0,0.0
647,0.0,0.0,0.0,0.0,0.0
648,0.0,0.0,0.0,0.0,0.0
649,0.0,0.0,0.0,0.0,0.0
650,0.0,0.0,0.0,0.0,0.0
651,0.0,0.0,0.0,0.0,0.0
652,0.0,0.0,0.0,0.0,0.0
653,0.0,0.0,0.0,0.0,0.0
654,0.0,0.0,0.0,0.0,0.0
655,0.0,0.0,0.0,0.0,0.03097337025098935
656,0.0084223722850721,0.03490600465645745,0.0072550678791462,0.0245752344966445,0.09582199471766015
657,0.0426451294550586,0.11522041904256435,0.04285710177849375,0.0561192415905936,0.16360031484556176
658,0.0707195091846616,0.18311177546728186,0.0839829357968366,0.09911729879320635,0.21370730556234174
659,0.0832423837842826,0.21456643532812264,0.09708607215993915,0.14155362345892206,0.23807347899075065
660,0.08749706007877835,0.2066250625978046,0.08333855732458086,0.1652703588765069,0.2295043732547916
661,0.073824619493021,0.14671772889714305,0.05630132015543365,0.1684223948117704,0.1979209302130229
662,0.046025532534464,0.0708915566829119,0.0260597568707721,0.1437484703544986,0.14422560923485755
663,0.0188928163949183,0.0183969186803646,0.0065088580717428,0.09782119234469724,0.07117752536477805
664,0.0,0.00488539073130235,0.0,0.04955778488557205,0.01736985919909185
665,0.0,0.0,0.0,0.0,0.0
666,0.0,0.0,0.0,0.0,0.0
667,0.0,0.0,0.0,0.0,0.0
668,0.0,0.0,0.0,0.0,0.0
669,0.0,0.0,0.0,0.0,0.0
670,0.0,0.0,0.0,0.0,0.0
671,0.0,0.0,0.0,0.0,0.0
672,0.0,0.0,0.0,0.0,0.0
673,0.0,0.0,0.0,0.0,0.0
674,0.0,0.0,0.0,0.0,0.0
675,0.0,0.0,0.0,0.0,0.0
676,0.0,0.0,0.0,0.0,0.0
677,0.0,0.0,0.0,0.0,0.0
678,0.0,0.0,0.0,0.0,0.0
679,0.02548016040632295,0.0,0.0059655588536819,0.0007250444893788,0.0387533335762243
680,0.0910990885151964,0.05158946741274515,0.0292362173954553,0.0337678390567018,0.1070467558374893
681,0.1696108390480926,0.13825722217838854,0.07655537272883495,0.07488191956284325,0.1791804882825851
682,0.2191098836721099,0.22285113721501645,0.11247861832892875,0.1100552326969749,0.22428372162946186
683,0.2297285434228844,0.27044898684404384,0.12290509474992145,0.12372838342948485,0.2389208253879834
684,0.20693536556827025,0.27863834785369773,0.1136079777253873,0.11670561849563375,0.23008415620323755
685,0.17045822894055365,0.24470233976724756,0.09216339188495555,0.0922916315216609,0.19310291420464734
686,0.12229232954971456,0.1905853145795366,0.062871741952886,0.05585668711373845,0.1342291145580963
687,0.06008060274048345,0.11878100534001584,0.02933009639393185,0.02348648802434165,0.07045691297229505
688,0.0033042122323439,0.04921661333188465,0.0142107265983126,0.00571994950626785,0.02704728405373055
689,0.0,0.0,0.0,0.0009034269994543,0.0
690,0.0,0.0,0.0,0.0,0.0
691,0.0,0.0,0.0,0.0,0.0
692,0.0,0.0,0.0,0.0,0.0
693,0.0,0.0,0.0,0.0,0.0
694,0.0,0.0,0.0,0.0,0.0
695,0.0,0.0,0.0,0.0,0.0
696,0.0,0.0,0.0,0.0,0.0
697,0.0,0.0,0.0,0.0,0.0
698,0.0,0.0,0.0,0.0,0.0
699,0.0,0.0,0.0,0.0,0.0
700,0.0,0.0,0.0,0.0,0.0
701,0.0,0.0,0.0,0.0,0.0
702,0.0,0.0,0.0,0.0,0.0
703,0.03360890292584745,0.0,0.00617668132184825,0.0,0.01733158779525195
704,0.08491653899414014,0.0162147361809256,0.02110324231050345,0.04452232505177155,0.063422436233467
705,0.1423578156184493,0.04875001266664735,0.05201907812278995,0.105226818740728,0.1139876633382787
706,0.17248481218036135,0.09658847904195825,0.08749264944316874,0.1454500756182009,0.14290670315617415
707,0.17995068609708795,0.13524861532523885,0.11970394944080785,0.1580004643695049,0.1512800838205312
708,0.1562003841584293,0.1671715237860062,0.12713958560124164,0.1592885219230133,0.149843784356209
709,0.10465466938167114,0.18655324918915714,0.1057186946748988,0.13724631069897625,0.12787639411062585
710,0.05498676608997255,0.1600580252891101,0.06525750201583405,0.097675646845183,0.0863732715379092
711,0.01392779218526415,0.09697891771262175,0.0179485123547747,0.05414231464616075,0.04075189441174265
712,0.0007024489702677,0.04442525880451675,0.0028179880337305,0.0172638793589593,0.0127395913680424
713,0.0,0.0,0.0,0.0,0.0
714,0.0,0.0,0.0,0.0,0.0
715,0.0,0.0,0.0,0.0,0.0
716,0.0,0.0,0.0,0.0,0.0
717,0.0,0.0,0.0,0.0,0.0
718,0.0,0.0,0.0,0.0,0.0
719,0.0,0.0,0.0,0.0,0.0
720,0.0,0.0,0.0,0.0,0.0
721,0.0,0.0,0.0,0.0,0.0
722,0.0,0.0,0.0,0.0,0.0
723,0.0,0.0,0.0,0.0,0.0
724,0.0,0.0,0.0,0.0,0.0
725,0.0,0.0,0.0,0.0,0.0
726,0.0,0.0,0.0,0.0,0.0
727,0.026441379718748,0.00132699198371505,0.0214783260086867,0.0,0.0472344814608289
728,0.0796002681038758,0.0388346606812538,0.06118559310619125,0.01484004175125945,0.11876542816576274
729,0.1436138235664402,0.1003666045390715,0.130139574107157,0.0380268681675084,0.18196032455680625
730,0.19141435860340214,0.16517056579682074,0.1916819940963955,0.05712744854183345,0.21545363332999706
731,0.2125040968514381,0.22058265772918195,0.22399714669308604,0.06499119520461395,0.2189390574892322
732,0.19580979876330615,0.2317673337650624,0.22708398649855435,0.06187503882486695,0.2030813571448732
733,0.1604855716911978,0.186641659422559,0.20158249625265184,0.0526923177893484,0.1666184962531278
734,0.1124365314215198,0.1199545841556889,0.14836325692869454,0.0414593542537338,0.11375456408059255
735,0.04816035286456995,0.0474149245161327,0.07842783821121095,0.02605309501665815,0.0556113777547517
736,0.00289771403616995,0.00214211858553285,0.02078201021004805,0.00763414263605775,0.01755506265487665
737,0.0,0.0,0.0,0.0007196994714138,0.0
738,0.0,0.0,0.0,0.0,0.0
739,0.0,0.0,0.0,0.0,0.0
740,0.0,0.0,0.0,0.0,0.0
741,0.0,0.0,0.0,0.0,0.0
742,0.0,0.0,0.0,0.0,0.0
743,0.0,0.0,0.0,0.0,0.0
744,0.0,0.0,0.0,0.0,0.0
745,0.0,0.0,0.0,0.0,0.0
746,0.0,0.0,0.0,0.0,0.0
747,0.0,0.0,0.0,0.0,0.0
748,0.0,0.0,0.0,0.0,0.0
749,0.0,0.0,0.0,0.0,0.0
750,0.0,0.0,0.0,0.0,0.0
751,0.03306825066932335,0.0,0.0042487002513867,0.0,0.0128704586541078
752,0.0876797288933824,0.0,0.01068231408033355,0.01784993414860965,0.0523000967045946
753,0.1449886209063731,0.00361017090824775,0.02684048191368685,0.05751724168852015,0.10157603679627634
754,0.1655441210644996,0.01229253045068105,0.0394365297175762,0.10052356260352766,0.14040076439823165
755,0.1550525909801077,0.0210205386078587,0.04213880078796725,0.12188820075004785,0.1574459080511007
756,0.12064603908738054,0.0387573063890201,0.0389350662129886,0.13391482372196434,0.1482813820247611
757,0.0733865809340844,0.04749779889975665,0.03287360476974575,0.133398361410074,0.12264853241735345
758,0.0370980617087725,0.02906613639950915,0.01915637159650175,0.10785476328229675,0.0820735055606337
759,0.0095359137915848,0.00303562147122115,0.00146422827129165,0.07370521840692715,0.03511263849402825
760,0.0,0.0,0.0,0.03888611804113625,0.011271671521821
761,0.0,0.0,0.0,0.0030475884494325,0.0
762,0.0,0.0,0.0,0.0,0.0
763,0.0,0.0,0.0,0.0,0.0
764,0.0,0.0,0.0,0.0,0.0
765,0.0,0.0,0.0,0.0,0.0
766,0.0,0.0,0.0,0.0,0.0
767,0.0,0.0,0.0,0.0,0.0
768,0.0,0.0,0.0,0.0,0.0
769,0.0,0.0,0.0,0.0,0.0
770,0.0,0.0,0.0,0.0,0.0
771,0.0,0.0,0.0,0.0,0.0
772,0.0,0.0,0.0,0.0,0.0
773,0.0,0.0,0.0,0.0,0.0
774,0.0,0.0,0.0,0.0,0.0
775,0.0010496866718862,0.00074936796802965,0.0,0.0,0.027678926064743
776,0.01781378962888975,0.00743105873883475,0.00202016019373035,0.01008692106590885,0.07303268947085255
777,0.07333037487771835,0.0432507341843171,0.0196184060010368,0.0267027664547102,0.11893143536453385
778,0.12549565264549895,0.08661871916058055,0.04954322802975795,0.04857647524802865,0.15571619277426674
779,0.147251049872059,0.15475622003580855,0.07715000995815025,0.07136587846991575,0.1660986505860337
780,0.136766670935805,0.22519928602439665,0.09631731611396455,0.08632085609827544,0.1550744252209308
781,0.09869980234863104,0.2088896749422998,0.0918430611736149,0.08853497611206045,0.13805019203314026
782,0.059193871882062,0.1282629680488562,0.05870835401456975,0.08534448165088365,0.1030692699416151
783,0.0202599867513832,0.05257033374705265,0.0198469646057314,0.0699712259184268,0.04828927218911435
784,0.0,0.00509487009337255,0.00561672735807235,0.037280543341631,0.0105215710243375
785,0.0,0.0,0.0,0.0085088666245625,0.0
786,0.0,0.0,0.0,0.0,0.0
787,0.0,0.0,0.0,0.0,0.0
788,0.0,0.0,0.0,0.0,0.0
789,0.0,0.0,0.0,0.0,0.0
790,0.0,0.0,0.0,0.0,0.0
791,0.0,0.0,0.0,0.0,0.0
792,0.0,0.0,0.0,0.0,0.0
793,0.0,0.0,0.0,0.0,0.0
794,0.0,0.0,0.0,0.0,0.0
795,0.0,0.0,0.0,0.0,0.0
796,0.0,0.0,0.0,0.0,0.0
797,0.0,0.0,0.0,0.0,0.0
798,0.0,0.0,0.0,0.0,0.0
799,0.0031617501804336,0.0,0.0,0.0008557288951119,0.0263949849744175
800,0.0228607578993724,0.0005396722850226,0.00076220526139285,0.0504874026492674,0.0919792802415558
801,0.06728743565088564,0.0051625081395022,0.00347776293265505,0.1096470144348182,0.1534903820325478
802,0.1027593215759004,0.0144172225506549,0.01239452452913685,0.1689429316019048,0.2000365380634647
803,0.0927312257923079,0.02654633038023185,0.0251218081499331,0.2048408938846611,0.2265550256824724
804,0.06053699133471225,0.0379301319056352,0.0336133451244689,0.2130839627711653,0.2215698503623191
805,0.03777215354475505,0.04027273183452465,0.028907933894545,0.20181255529913214,0.18575365634468805
806,0.0195454782233983,0.02764999250983995,0.01774767849358255,0.17641021945230645,0.1310123036492685
807,0.0033340606735453,0.0088429265583797,0.0082533886994787,0.1338963705583616,0.06982539025346965
808,0.0,0.0,0.00268402069215095,0.07252814790617665,0.0223521273484969
809,0.0,0.0,0.0,0.01813679593746865,0.0
810,0.0,0.0,0.0,0.0,0.0
811,0.0,0.0,0.0,0.0,0.0
812,0.0,0.0,0.0,0.0,0.0
813,0.0,0.0,0.0,0.0,0.0
814,0.0,0.0,0.0,0.0,0.0
815,0.0,0.0,0.0,0.0,0.0
816,0.0,0.0,0.0,0.0,0.0
817,0.0,0.0,0.0,0.0,0.0
818,0.0,0.0,0.0,0.0,0.0
819,0.0,0.0,0.0,0.0,0.0
820,0.0,0.0,0.0,0.0,0.0
821,0.0,0.0,0.0,0.0,0.0
822,0.0,0.0,0.0,0.0,0.0
823,0.0334152240413284,0.00956669060153695,0.01868245503644965,0.0018387420695481,0.02047854798069335
824,0.0906719464443503,0.07215804210107275,0.0717417802444356,0.06741310789269,0.0732418406815613
825,0.14571142815636334,0.1520666486245047,0.15470176433817714,0.1367773129803991,0.13030843268257264
826,0.18867094534919546,0.22515714240492654,0.2181099190967491,0.1900346268065966,0.16069788201623816
827,0.20024117099868086,0.2812805333344055,0.24725995354009764,0.210093021650957,0.16982359849521875
828,0.1839459716954496,0.3053247301693198,0.2426347419926217,0.2003206023995445,0.16640508182041805
829,0.1547930953017897,0.2912663126092308,0.21228635712443145,0.17178161611626555,0.13548523036290186
830,0.1108472241512129,0.2406586275472272,0.15978129410316455,0.125307956509237,0.09086657204591465
831,0.0593386979449299,0.1586526995644432,0.0870580628817412,0.0694498495713798,0.04926906477276575
832,0.01154672880337115,0.0719232753284108,0.037531684171713,0.0244261894612399,0.0170697175545506
833,0.0,0.0,0.0,0.0,0.0
834,0.0,0.0,0.0,0.0,0.0
835,0.0,0.0,0.0,0.0,0.0
836,0.0,0.0,0.0,0.0,0.0
837,0.0,0.0,0.0,0.0,0.0
838,0.0,0.0,0.0,0.0,0.0
839,0.0,0.0,0.0,0.0,0.0
840,0.0,0.0,0.0,0.0,0.0
841,0.0,0.0,0.0,0.0,0.0
842,0.0,0.0,0.0,0.0,0.0
843,0.0,0.0,0.0,0.0,0.0
844,0.0,0.0,0.0,0.0,0.0
845,0.0,0.0,0.0,0.0,0.0
846,0.0,0.0,0.0,0.0,0.0
847,0.03834793693094615,0.03385613800877415,0.02520948276339455,0.0020533766487106,0.02519702536406865
848,0.0994085081660599,0.0865214441769661,0.0602350948322008,0.03521422993679325,0.08352530898650234
849,0.17284055662660755,0.18225604933573775,0.12006475202632765,0.0721690590788611,0.1501404743298515
850,0.24647111427066706,0.2755374744930749,0.1677112086530847,0.1056549216218779,0.1941486035793737
851,0.2945738678408495,0.3284604779658412,0.19628359933754816,0.12776557349681664,0.209305931830706
852,0.29473156466889056,0.3365146869873898,0.2025563660421493,0.13721580222360316,0.1982205144800485
853,0.253569451726774,0.3110953828958175,0.18086502403760285,0.1293498053955339,0.16572836892788165
854,0.18370834019757865,0.25397609123067144,0.1316097579089719,0.1044841638090121,0.12198246715463736
855,0.09486311176146335,0.1646949120125435,0.06618009959836775,0.06933200993218135,0.0678487234439296
856,0.01918688465683015,0.072273261124726,0.02484826346749275,0.03237637399107425,0.02438370451684175
857,0.0,0.0,0.0,0.0,0.0
858,0.0,0.0,0.0,0.0,0.0
859,0.0,0.0,0.0,0.0,0.0
860,0.0,0.0,0.0,0.0,0.0
861,0.0,0.0,0.0,0.0,0.0
862,0.0,0.0,0.0,0.0,0.0
863,0.0,0.0,0.0,0.0,0.0
864,0.0,0.0,0.0,0.0,0.0
865,0.0,0.0,0.0,0.0,0.0
866,0.0,0.0,0.0,0.0,0.0
867,0.0,0.0,0.0,0.0,0.0
868,0.0,0.0,0.0,0.0,0.0
869,0.0,0.0,0.0,0.0,0.0
870,0.0,0.0,0.0,0.0,0.0
871,0.0479753550676893,0.04255311229646895,0.01941268459493875,0.0037988131817276,0.0453993242335385
872,0.12542311092037786,0.09414287973266475,0.06220861804618365,0.0343822519225796,0.1199061895194825
873,0.20816016928660686,0.18769370118483414,0.1355072293840834,0.07412908616793615,0.1894839230489638
874,0.26328137135031365,0.27312613916338235,0.1968064084864117,0.11574076437863055,0.2394087207379735
875,0.294574244010731,0.3285711494137829,0.2444984447583298,0.14902233199027204,0.2619442860132989
876,0.29805351256367363,0.3418910661713743,0.26517142966381635,0.16873857383158164,0.2528580736831858
877,0.263076091062271,0.31689243885614693,0.2428953728274867,0.17047942115172315,0.22438344086195555
878,0.1946643750508757,0.25946173645188386,0.1859148316365352,0.1493559998677166,0.173411197157908
879,0.1029023104864763,0.16910118791348686,0.10457948935118555,0.1098428319653695,0.09736849239117815
880,0.0247953116330181,0.07595802918485454,0.0485053967567125,0.0597462569330447,0.0336854704414573
881,0.0,0.0,0.0,0.00940298304405055,0.0
882,0.0,0.0,0.0,0.0,0.0
883,0.0,0.0,0.0,0.0,0.0
884,0.0,0.0,0.0,0.0,0.0
885,0.0,0.0,0.0,0.0,0.0
886,0.0,0.0,0.0,0.0,0.0
887,0.0,0.0,0.0,0.0,0.0
888,0.0,0.0,0.0,0.0,0.0
889,0.0,0.0,0.0,0.0,0.0
890,0.0,0.0,0.0,0.0,0.0
891,0.0,0.0,0.0,0.0,0.0
892,0.0,0.0,0.0,0.0,0.0
893,0.0,0.0,0.0,0.0,0.0
894,0.0,0.0,0.0,0.0,0.0
895,0.051842323261,0.00257717898088735,0.00632936709931545,0.00192525625673965,0.0603890217259167
896,0.13070631032845476,0.0063333008281696,0.0269567372886243,0.02007055605379535,0.1482544197633872
897,0.21298485213022955,0.03087198809200695,0.0573743656437111,0.0509355036245382,0.2278874432167152
898,0.27337928039924303,0.0484686952093605,0.07590598200697594,0.08752924068952475,0.2785324481374594
899,0.29653332085545886,0.04837869987460855,0.0766066212822436,0.12316760737088625,0.296063345104841
900,0.28136201769870106,0.0395734731610528,0.0630041437192751,0.1473553067361637,0.28641131362385636
901,0.23360473773683996,0.02390573677976035,0.0483647826270847,0.15358508716461244,0.2519517196939265
902,0.156188594569502,0.0104734864524437,0.02850527153713715,0.1470888635536302,0.1941636594061674
903,0.0685570856091107,0.00752325719801265,0.0100527425650135,0.1106817449196881,0.1147675691969513
904,0.00524294282185665,0.0008389223489816,0.0021578174018703,0.05012324888087145,0.0424982490143533
905,0.0,0.0,0.0,0.01090334881690495,0.0
906,0.0,0.0,0.0,0.0,0.0
907,0.0,0.0,0.0,0.0,0.0
908,0.0,0.0,0.0,0.0,0.0
909,0.0,0.0,0.0,0.0,0.0
910,0.0,0.0,0.0,0.0,0.0
911,0.0,0.0,0.0,0.0,0.0
912,0.0,0.0,0.0,0.0,0.0
913,0.0,0.0,0.0,0.0,0.0
914,0.0,0.0,0.0,0.0,0.0
915,0.0,0.0,0.0,0.0,0.0
916,0.0,0.0,0.0,0.0,0.0
917,0.0,0.0,0.0,0.0,0.0
918,0.0,0.0,0.0,0.0,0.0013153192730685
919,0.01463408719310885,0.04994658290725205,0.03004590805497975,0.0022070227524779,0.03655184343069955
920,0.0735010229077132,0.0909835261910531,0.07460644019404615,0.04682522833281085,0.10740134571402865
921,0.1655653624944251,0.1702320668191889,0.1457362883368454,0.117352187486776,0.18031154464256186
922,0.24698905527809706,0.24774058036885646,0.1983534065501588,0.1831811158677159,0.22925468507155364
923,0.2784431913893693,0.2894444826663639,0.2215129169815177,0.2226081342908747,0.2504395504077782
924,0.26001655050225536,0.27588869216222156,0.21583894494480535,0.24246444935041436,0.24086282286934074
925,0.2075936020143423,0.22459258347484784,0.18079072432452675,0.2398567905488965,0.200136657321813
926,0.1471905841080148,0.1664584879289349,0.12592314193956974,0.20651727559458535,0.1500936888946456
927,0.0813898135595843,0.10854080966162925,0.059649675404938,0.14842273275603324,0.0879458961231562
928,0.0329429820791824,0.0402631991832815,0.0115737995178041,0.07872453278027645,0.02714762422888855
929,0.0,0.0,0.0,0.033053378466082,0.0
930,0.0,0.0,0.0,0.0,0.0
931,0.0,0.0,0.0,0.0,0.0
932,0.0,0.0,0.0,0.0,0.0
933,0.0,0.0,0.0,0.0,0.0
934,0.0,0.0,0.0,0.0,0.0
935,0.0,0.0,0.0,0.0,0.0
936,0.0,0.0,0.0,0.0,0.0
937,0.0,0.0,0.0,0.0,0.0
938,0.0,0.0,0.0,0.0,0.0
939,0.0,0.0,0.0,0.0,0.0
940,0.0,0.0,0.0,0.0,0.0
941,0.0,0.0,0.0,0.0,0.0
942,0.0,0.0,0.0,0.0,0.00197397994403835
943,0.02168066306691605,0.00452086845086095,0.00684364128628185,0.00353524959825185,0.055212871158252
944,0.0832029210595969,0.02996508739064305,0.03382018644867005,0.0520265031221894,0.14241373448537725
945,0.1490781365529012,0.08851002971647046,0.08724714327273005,0.11605773115173715,0.22380275424200424
946,0.2126224242172837,0.1514408533089231,0.1334773618141196,0.16946400262582875,0.2716382926003857
947,0.2452461507152041,0.21628318939271104,0.1605182257165532,0.19908945917890855,0.2839993183725989
948,0.24264253929633295,0.24116788975133374,0.1654871325983715,0.204183421535934,0.2691653282540715
949,0.2146208815097568,0.2134264275254263,0.15544412004588284,0.1949946437666205,0.2342621117866011
950,0.1581640454516353,0.1550438929071817,0.11904125010750576,0.16853593868688374,0.17882676356916755
951,0.0827108341172515,0.07953159088030386,0.06009845849946035,0.11754550675808455,0.1037305106039877
952,0.01884586305158225,0.0180212209346519,0.01762912124705935,0.0579740982207932,0.03653770733892645
953,0.0,0.0,0.0,0.0209096454973213,0.0
954,0.0,0.0,0.0,0.0,0.0
955,0.0,0.0,0.0,0.0,0.0
956,0.0,0.0,0.0,0.0,0.0
957,0.0,0.0,0.0,0.0,0.0
958,0.0,0.0,0.0,0.0,0.0
959,0.0,0.0,0.0,0.0,0.0
960,0.0,0.0,0.0,0.0,0.0
961,0.0,0.0,0.0,0.0,0.0
962,0.0,0.0,0.0,0.0,0.0
963,0.0,0.0,0.0,0.0,0.0
964,0.0,0.0,0.0,0.0,0.0
965,0.0,0.0,0.0,0.0,0.0
966,0.0,0.0,0.0,0.0,0.0029547984026371
967,0.02188566397363,0.0,0.002765259839363,0.0005769259108039,0.0467068430079956
968,0.0992142086179068,0.0177717052062958,0.0144121677266434,0.01465739020912755,0.1203783226755268
969,0.17191064421360824,0.0786655827200178,0.03275070119899375,0.03594479669238545,0.1935876990196271
970,0.21092886959734164,0.1340879354821846,0.0587949150845255,0.05543974211128485,0.24635227976684246
971,0.21746108634365094,0.14454614377220976,0.0857834287667981,0.0787196000540147,0.262202712224547
972,0.20118092807112745,0.10500613281790405,0.0927982022494166,0.0984666330843457,0.2539087359874158
973,0.16605712686432145,0.04909743066754495,0.0723228565677789,0.1047633224371434,0.2241757752812367
974,0.1115962272800126,0.0142746315980864,0.03570417398484715,0.10659864679269315,0.1674166895993447
975,0.05259733992481775,0.00114175682368535,0.0086571054115342,0.1006329906202058,0.0943733002749223
976,0.0172877029773733,0.0,0.0,0.06799775482162675,0.028148120048183
977,0.0,0.0,0.0,0.0299730573590655,0.0
978,0.0,0.0,0.0,0.0,0.0
979,0.0,0.0,0.0,0.0,0.0
980,0.0,0.0,0.0,0.0,0.0
981,0.0,0.0,0.0,0.0,0.0
982,0.0,0.0,0.0,0.0,0.0
983,0.0,0.0,0.0,0.0,0.0
984,0.0,0.0,0.0,0.0,0.0
985,0.0,0.0,0.0,0.0,0.0
986,0.0,0.0,0.0,0.0,0.0
987,0.0,0.0,0.0,0.0,0.0
988,0.0,0.0,0.0,0.0,0.0
989,0.0,0.0,0.0,0.0,0.0
990,0.0,0.0,0.0,0.0,0.0023252763196787
991,0.0,0.0190327329085756,0.00216750760880685,0.0087912166612414,0.03310139303679825
992,0.02737268664851565,0.0576891108753215,0.0083655532262984,0.0567876366553068,0.10423716035633995
993,0.07058588946978266,0.1173480557406516,0.0463355327554917,0.1244905362060824,0.1681011840600194
994,0.1204742944588214,0.1400057055294307,0.09440586519051546,0.1857678019730929,0.2118630672626425
995,0.16094896964270625,0.16386181202236014,0.1296913307657968,0.2080444375211726,0.2420900769484072
996,0.16929585684602735,0.18954447963738635,0.1419875999181415,0.2078484945887562,0.24247643288611914
997,0.1374683177393506,0.1787440825580444,0.1357266831063471,0.19184435742745,0.215400769916306
998,0.08779139166141495,0.14398483290067415,0.11814881614800875,0.14882345038042974,0.16791139491098034
999,0.0388310585004402,0.09034309265678095,0.0717330580837934,0.10485826867766725,0.0956675662606846
1000,0.0068162542961614,0.03401621321984295,0.0201509553299202,0.0621195581609072,0.02852600277845245
1001,0.0,0.0,0.0,0.02466289600409485,0.0
1002,0.0,0.0,0.0,0.0,0.0
1003,0.0,0.0,0.0,0.0,0.0
1004,0.0,0.0,0.0,0.0,0.0
1005,0.0,0.0,0.0,0.0,0.0
1006,0.0,0.0,0.0,0.0,0.0
1007,0.0,0.0,0.0,0.0,0.0
1008,0.0,0.0,0.0,0.0,0.0
1009,0.0,0.0,0.0,0.0,0.0
1010,0.0,0.0,0.0,0.0,0.0
1011,0.0,0.0,0.0,0.0,0.0
1012,0.0,0.0,0.0,0.0,0.0
1013,0.0,0.0,0.0,0.0,0.0
1014,0.0,0.0,0.0,0.0,0.00304009454063545
1015,0.0267963826658955,0.02582661941567395,0.00223677493719245,0.01338563781014585,0.064730420810649
1016,0.1010162522867246,0.07062472923277535,0.02494181230875385,0.0587642361135972,0.15395381947782194
1017,0.16425299970026344,0.14713330178613654,0.0730984286897844,0.12712039638310066,0.2310044374875529
1018,0.19673594735293826,0.21665784977853286,0.119670299341732,0.2000128187681076,0.2851945106875918
1019,0.21218303928165755,0.256045807020096,0.1357375559968475,0.2633087975716855,0.3090093011648337
1020,0.20926122262229924,0.2619900928300111,0.1272477319961527,0.30098957901385776,0.30193407972292713
1021,0.17904071691923676,0.2467496158812583,0.11253902341330435,0.3051984009472327,0.27207596150565916
1022,0.1216658174197214,0.20668611128300365,0.08049386184087995,0.2760690289955158,0.2125557494531821
1023,0.05973870799845275,0.13590877569718135,0.0386714537100022,0.21422342451841475,0.12665809999332076
1024,0.0201784962264093,0.0577068200690836,0.00598541409446815,0.1244684627178947,0.0459865860668549
1025,0.0,0.0,0.0,0.0482688291123808,0.0
1026,0.0,0.0,0.0,0.0,0.0
1027,0.0,0.0,0.0,0.0,0.0
1028,0.0,0.0,0.0,0.0,0.0
1029,0.0,0.0,0.0,0.0,0.0
1030,0.0,0.0,0.0,0.0,0.0
1031,0.0,0.0,0.0,0.0,0.0
1032,0.0,0.0,0.0,0.0,0.0
1033,0.0,0.0,0.0,0.0,0.0
1034,0.0,0.0,0.0,0.0,0.0
1035,0.0,0.0,0.0,0.0,0.0
1036,0.0,0.0,0.0,0.0,0.0
1037,0.0,0.0,0.0,0.0,0.0
1038,0.0,0.0,0.0,0.0,0.00625054329758375
1039,0.01599811369255115,0.04978040875496855,0.03509399932938535,0.021955509049247,0.0728057812030414
1040,0.07990751100964374,0.12120412823501255,0.09672325419943865,0.11555836800434915,0.1651764581358779
1041,0.14154181821585424,0.22101107192269084,0.1713643658904494,0.21520807382855064,0.2420064670065863
1042,0.17116583062444216,0.2935988586582015,0.2239629453707542,0.2920777516730825,0.2933432580887383
1043,0.1989287821457268,0.3303476667557946,0.2543307396824363,0.3375338291169595,0.3173602576708107
1044,0.22322305814655086,0.33532803982459564,0.25841754742492756,0.35249441957736355,0.31110083313132764
1045,0.20409907664454605,0.3097417465463815,0.23380051645855335,0.33880000466585464,0.2747633255937222
1046,0.143830006684857,0.2538546750171421,0.18155480946740904,0.2961352483320425,0.2101677446340675
1047,0.07135425776281515,0.16915801642239636,0.10431028533309485,0.2245674983779915,0.1241645971286892
1048,0.02656787620450965,0.0739374801069689,0.03298955084692625,0.1299847896229256,0.0429071282030689
1049,0.0,0.0,0.0,0.05114812935492895,0.0
1050,0.0,0.0,0.0,0.0,0.0
1051,0.0,0.0,0.0,0.0,0.0
1052,0.0,0.0,0.0,0.0,0.0
1053,0.0,0.0,0.0,0.0,0.0
1054,0.0,0.0,0.0,0.0,0.0
1055,0.0,0.0,0.0,0.0,0.0
1056,0.0,0.0,0.0,0.0,0.0
1057,0.0,0.0,0.0,0.0,0.0
1058,0.0,0.0,0.0,0.0,0.0
1059,0.0,0.0,0.0,0.0,0.0
1060,0.0,0.0,0.0,0.0,0.0
1061,0.0,0.0,0.0,0.0,0.0
1062,0.0,0.0,0.0,0.0,0.01082330136802645
1063,0.02692760495739395,0.05124266412363665,0.02067161339428205,0.021567245117202,0.07551584431771476
1064,0.0796884749774833,0.1311889150761218,0.0751315781016952,0.10503978105844156,0.17035088511682425
1065,0.13700745668971595,0.2304627204440781,0.14327212591102145,0.19612240232191616,0.2500591550263
1066,0.17349696002249415,0.29830884209988623,0.1966665531595943,0.2716157678563405,0.29979293886034597
1067,0.1807719984813381,0.33169659168249843,0.23679504675963975,0.32167089406978067,0.3219527045743444
1068,0.18515334318657456,0.33547277112398916,0.2552242785179493,0.34153643883888857,0.31620463927327364
1069,0.1818136251654021,0.3081785036393996,0.23949854385278366,0.3302248003629081,0.28228536852015673
1070,0.1463446629167956,0.250994137837631,0.1882363500915991,0.28901670177459626,0.2186757605616581
1071,0.0822329772912312,0.16421815890169705,0.110583009097967,0.2206415533134676,0.13205295752302326
1072,0.03525008893553455,0.06609390436782345,0.0392181057006738,0.1286488293815546,0.048750273285828
1073,0.0,0.0,0.0,0.05018876506507825,0.0
1074,0.0,0.0,0.0,0.0,0.0
1075,0.0,0.0,0.0,0.0,0.0
1076,0.0,0.0,0.0,0.0,0.0
1077,0.0,0.0,0.0,0.0,0.0
1078,0.0,0.0,0.0,0.0,0.0
1079,0.0,0.0,0.0,0.0,0.0
1080,0.0,0.0,0.0,0.0,0.0
1081,0.0,0.0,0.0,0.0,0.0
1082,0.0,0.0,0.0,0.0,0.0
1083,0.0,0.0,0.0,0.0,0.0
1084,0.0,0.0,0.0,0.0,0.0
1085,0.0,0.0,0.0,0.0,0.0
1086,0.0,0.0,0.0,0.0,0.009741875648246
1087,0.061351178762638,0.05533591846338715,0.0503046820919353,0.02381508426851125,0.0674248460753167
1088,0.15467013245232875,0.1366222797337169,0.129983691399428,0.1079641018682404,0.1569284561512172
1089,0.24231128910411284,0.23640401557156224,0.21950259882987744,0.20156893375168985,0.22734570870340404
1090,0.2965558643352143,0.30505307161941186,0.2803482607151046,0.27846523443063365,0.2663029304678833
1091,0.3133561373335812,0.3385214151413989,0.30939812777090137,0.3271115164487668,0.2831716747635778
1092,0.3027825222356269,0.34147170465147814,0.3077742068007797,0.34454805997617405,0.2697712644006738
1093,0.26296397632805646,0.31596255989795813,0.2770681992995056,0.33248880316237667,0.22929463412576664
1094,0.19308584674966225,0.26096319593770423,0.21774334239680235,0.2913033655405519,0.17577998992336125
1095,0.1062635084318095,0.17701747556290715,0.1325841179465227,0.2220115189519314,0.10709926295117365
1096,0.04768398719848135,0.0801102803189505,0.05100126931138275,0.13010910013558175,0.03789285974110315
1097,0.0,0.0,0.0,0.0514919675776833,0.0
1098,0.0,0.0,0.0,0.0,0.0
1099,0.0,0.0,0.0,0.0,0.0
1100,0.0,0.0,0.0,0.0,0.0
1101,0.0,0.0,0.0,0.0,0.0
1102,0.0,0.0,0.0,0.0,0.0
1103,0.0,0.0,0.0,0.0,0.0
1104,0.0,0.0,0.0,0.0,0.0
1105,0.0,0.0,0.0,0.0,0.0
1106,0.0,0.0,0.0,0.0,0.0
1107,0.0,0.0,0.0,0.0,0.0
1108,0.0,0.0,0.0,0.0,0.0
1109,0.0,0.0,0.0,0.0,0.0
1110,0.0,0.0,0.0,0.0,0.01204685561219585
1111,0.051666559045394,0.0598571570906688,0.052731882171339,0.0275301921688153,0.07287131053320325
1112,0.1334393131444511,0.1434909457016949,0.13608512902516495,0.1144962577121431,0.16455768607037344
1113,0.2130355849801831,0.2412603664554651,0.2249672206705649,0.2106794019542948,0.23843554707247294
1114,0.2721573737701954,0.30910649270886703,0.2846733457615027,0.2834266164674283,0.2826117183931706
1115,0.303233748946552,0.34142408422751364,0.3129365655082044,0.32800676382617844,0.3008774482065904
1116,0.29989209770217196,0.3419541923358978,0.3104479411788037,0.3459070170111192,0.29319833407430657
1117,0.26302777563270896,0.3151111509344817,0.27938657284434876,0.3345199091215178,0.26287996911517647
1118,0.1982972418145442,0.2623623477353043,0.22034798696185154,0.29406402408746607,0.20929957934556515
1119,0.1106775434046122,0.17934558276522775,0.13509524018546426,0.2250184843262463,0.12961983388241566
1120,0.04250740718427865,0.0817942100728585,0.05154585467305765,0.132708962563642,0.0470454117448002
1121,0.0,0.0,0.0,0.054030023546486,0.0
1122,0.0,0.0,0.0,0.0,0.0
1123,0.0,0.0,0.0,0.0,0.0
1124,0.0,0.0,0.0,0.0,0.0
1125,0.0,0.0,0.0,0.0,0.0
1126,0.0,0.0,0.0,0.0,0.0
1127,0.0,0.0,0.0,0.0,0.0
1128,0.0,0.0,0.0,0.0,0.0
1129,0.0,0.0,0.0,0.0,0.0
1130,0.0,0.0,0.0,0.0,0.0
1131,0.0,0.0,0.0,0.0,0.0
1132,0.0,0.0,0.0,0.0,0.0
1133,0.0,0.0,0.0,0.0,0.0
1134,0.0,0.0,0.0,0.0,0.0151447516249357
1135,0.07648436740569135,0.06086521252226545,0.05131411369768005,0.0273559787030972,0.07739476103185285
1136,0.1720323098759893,0.14872713030085455,0.13543957953444055,0.10964709851421185,0.17076863089255406
1137,0.25681196402094164,0.2459306620401894,0.22348832693364595,0.1992236353178335,0.251835569910747
1138,0.31133261327505934,0.3123930319183948,0.2830236490615811,0.27361469195945776,0.30581267884994884
1139,0.33055907363021936,0.3446893583341182,0.3108664799296992,0.3204320218400439,0.329983545903606
1140,0.3198524629172217,0.34714070296231697,0.3088919971969662,0.33711990117548973,0.32093511773742134
1141,0.28019806400602787,0.32107606631776203,0.27827642070541614,0.3267529874418313,0.28597339438664804
1142,0.21198001293813365,0.26588465890175783,0.2193621790127699,0.28804977570580637,0.2276646472007586
1143,0.1201345530135535,0.18165004933584394,0.1350358318815839,0.22152436600294095,0.14186039573071205
1144,0.0483223726672934,0.0832250465023253,0.05077253258673235,0.12994409939977494,0.05256504093076675
1145,0.0,0.0,0.0,0.05357067237657635,0.0
1146,0.0,0.0,0.0,0.0,0.0
1147,0.0,0.0,0.0,0.0,0.0
1148,0.0,0.0,0.0,0.0,0.0
1149,0.0,0.0,0.0,0.0,0.0
1150,0.0,0.0,0.0,0.0,0.0
1151,0.0,0.0,0.0,0.0,0.0
1152,0.0,0.0,0.0,0.0,0.0
1153,0.0,0.0,0.0,0.0,0.0
1154,0.0,0.0,0.0,0.0,0.0
1155,0.0,0.0,0.0,0.0,0.0
1156,0.0,0.0,0.0,0.0,0.0
1157,0.0,0.0,0.0,0.0,0.0
1158,0.0,0.0,0.0,0.0,0.01229669686831315
1159,0.06250484469346085,0.0558045998013434,0.0534780639630776,0.02441065465016915,0.064111007029312
1160,0.15147213168740495,0.1447399676510053,0.14088277816329275,0.09925998476574585,0.1528985361915812
1161,0.23508498415425785,0.2413509630652475,0.2294748251213928,0.1861631076128551,0.2375806550445723
1162,0.3006425932518847,0.30808175181404845,0.2887972488121888,0.2603708050264003,0.2964745202470601
1163,0.3310105337878336,0.3405479832200979,0.31647781116489765,0.307503723222874,0.3230581442468404
1164,0.3214280471637209,0.3438016309197382,0.31419684614417337,0.32272161543245687,0.3194518810271802
1165,0.28125243991522714,0.31823083518464806,0.28319060747670816,0.3076872192659933,0.28675269339005227
1166,0.21431320313293836,0.2632460024114905,0.22284779534016425,0.26557594015341324,0.225967270752698
1167,0.1216780038427164,0.1798175238417203,0.1365490751870056,0.1969676454639193,0.1401697356332001
1168,0.0459411439697817,0.0818686883719904,0.0504188471430362,0.11034708970276175,0.05162114218559895
1169,0.0,0.0,0.0,0.04219970595063285,0.0
1170,0.0,0.0,0.0,0.0,0.0
1171,0.0,0.0,0.0,0.0,0.0
1172,0.0,0.0,0.0,0.0,0.0
1173,0.0,0.0,0.0,0.0,0.0
1174,0.0,0.0,0.0,0.0,0.0
1175,0.0,0.0,0.0,0.0,0.0
1176,0.0,0.0,0.0,0.0,0.0
1177,0.0,0.0,0.0,0.0,0.0
1178,0.0,0.0,0.0,0.0,0.0
1179,0.0,0.0,0.0,0.0,0.0
1180,0.0,0.0,0.0,0.0,0.0
1181,0.0,0.0,0.0,0.0,0.0
1182,0.0,0.0,0.0,0.0,0.01303816798862345
1183,0.07892338424235505,0.0431190476982616,0.029883117336988,0.02385333153334795,0.0621269874627546
1184,0.1758820524972463,0.122917891534438,0.0919021169825817,0.07021445955221385,0.1466109393371689
1185,0.2549906940284662,0.21203895766798156,0.14649993486922405,0.13977579665733875,0.2245358070244207
1186,0.3052634584135923,0.2760104020531431,0.18436699535816076,0.20144795673014396,0.27655322100447394
1187,0.3251419372731472,0.3068180074188493,0.2019597918256074,0.242159628391967,0.30011000469967475
1188,0.31394265225102264,0.31209857648819994,0.1982742590106831,0.26314870756272074,0.29600249117889454
1189,0.2737443434783516,0.29871330308354793,0.17119310439849855,0.25506743560568784,0.26476622772266983
1190,0.2041059104609797,0.2534657078478471,0.12918513198969345,0.21633624762025636,0.20946792072137374
1191,0.1132843518219982,0.17073783080197624,0.0751107364852178,0.15746228338762835,0.13063578646330146
1192,0.03939185999403785,0.0747463987201175,0.01904290974136335,0.0873884618828974,0.0473011156498274
1193,0.0,0.0,0.0,0.03512087384809075,0.0
1194,0.0,0.0,0.0,0.0,0.0
1195,0.0,0.0,0.0,0.0,0.0
1196,0.0,0.0,0.0,0.0,0.0
1197,0.0,0.0,0.0,0.0,0.0
1198,0.0,0.0,0.0,0.0,0.0
1199,0.0,0.0,0.0,0.0,0.0
1200,0.0,0.0,0.0,0.0,0.0
1201,0.0,0.0,0.0,0.0,0.0
1202,0.0,0.0,0.0,0.0,0.0
1203,0.0,0.0,0.0,0.0,0.0
1204,0.0,0.0,0.0,0.0,0.0
1205,0.0,0.0,0.0,0.0,0.0
1206,0.0,0.0,0.0,0.0,0.0102844747580036
1207,0.0312213387358676,0.0278212935105152,0.01500594564419925,0.02956578309523545,0.0604793362603714
1208,0.09539720116621775,0.1077981901734207,0.07303375527345116,0.10117072614117245,0.15148059923318385
1209,0.16372135444419045,0.2029459260315273,0.13881455447532065,0.19121186096594664,0.23531592079446664
1210,0.21783382776621885,0.27988483620876436,0.18985614213857654,0.2669501429620988,0.2897400825884828
1211,0.2356377904240205,0.3243230596835633,0.1985513358125339,0.3178872809671231,0.3105487430576367
1212,0.20183118304247444,0.33427891108249624,0.17056646624998625,0.33590099516356453,0.2991507778748458
1213,0.1512337699926865,0.3094079447616053,0.1412075751018223,0.3210094249519817,0.2609112834632055
1214,0.1039072380360994,0.252097067354923,0.1077538828841091,0.28097915498373294,0.202555813945631
1215,0.05214227324934295,0.16580828350714436,0.05552080982262345,0.2165629966058586,0.12503343733208824
1216,0.0113580159424824,0.06871399072838875,0.0068209355728125,0.12890845521619484,0.04310579929917695
1217,0.0,0.0,0.0,0.0559120902844489,0.0
1218,0.0,0.0,0.0,0.0,0.0
1219,0.0,0.0,0.0,0.0,0.0
1220,0.0,0.0,0.0,0.0,0.0
1221,0.0,0.0,0.0,0.0,0.0
1222,0.0,0.0,0.0,0.0,0.0
1223,0.0,0.0,0.0,0.0,0.0
1224,0.0,0.0,0.0,0.0,0.0
1225,0.0,0.0,0.0,0.0,0.0
1226,0.0,0.0,0.0,0.0,0.0
1227,0.0,0.0,0.0,0.0,0.0
1228,0.0,0.0,0.0,0.0,0.0
1229,0.0,0.0,0.0,0.0,0.0
1230,0.0,0.0,0.0,0.0,0.00631356809385975
1231,0.02207554579928775,0.05132481403548515,0.01360120995718215,0.04151183259835565,0.0573370828472579
1232,0.071856321613933,0.14112200847150225,0.06771583530652785,0.11386361297398005,0.14361552797466545
1233,0.125072982986354,0.23227887278989234,0.12558642105936355,0.2063428884519976,0.2258548953129237
1234,0.18305373574877395,0.29636928235095983,0.17513203597137164,0.27691336037379954,0.27882722038725494
1235,0.22536642941949944,0.33101622812114523,0.20689850804261214,0.32445543656472065,0.30072596349398584
1236,0.2273728227165989,0.33609748895869335,0.20976436965894885,0.34532554998035414,0.29332333402952293
1237,0.1849657020958037,0.3118252547360344,0.17511307284292135,0.33535243158543254,0.2610329220693992
1238,0.1134224225315701,0.25891884438935386,0.1100880060278151,0.29641114554442705,0.20540133999420485
1239,0.0482581604925084,0.17839521838824865,0.05253088888259285,0.2291172908531276,0.12944912519976096
1240,0.0114758143116775,0.0819792070205438,0.0140698486131797,0.1374554290763965,0.04977759156386515
1241,0.0,0.0,0.0,0.059996817773907,0.0
1242,0.0,0.0,0.0,0.0,0.0
1243,0.0,0.0,0.0,0.0,0.0
1244,0.0,0.0,0.0,0.0,0.0
1245,0.0,0.0,0.0,0.0,0.0
1246,0.0,0.0,0.0,0.0,0.0
1247,0.0,0.0,0.0,0.0,0.0
1248,0.0,0.0,0.0,0.0,0.0
1249,0.0,0.0,0.0,0.0,0.0
1250,0.0,0.0,0.0,0.0,0.0
1251,0.0,0.0,0.0,0.0,0.0
1252,0.0,0.0,0.0,0.0,0.0
1253,0.0,0.0,0.0,0.0,0.0
1254,0.0,0.0,0.0,0.0,0.00582346777018635
1255,0.00176635372055765,0.0147612461724961,0.0,0.04589015599723095,0.05363423193889945
1256,0.02153989671556765,0.04695939208076105,0.00206290978736725,0.12338487787000894,0.1332809493618739
1257,0.05017341902486525,0.1067005659305185,0.0188376494930689,0.217495331822404,0.2098409820075984
1258,0.08837276689082264,0.1612274729097974,0.0546620427832283,0.2874049453249897,0.2555708747455617
1259,0.11245836229219745,0.19853756191864735,0.0731161618318524,0.33151490236798703,0.27248738165803826
1260,0.1246162434444897,0.2128473998236787,0.0678725369435194,0.3483083432961561,0.2677219635830269
1261,0.13005803682144604,0.18563095758537085,0.05779247469349595,0.3365160885599685,0.233676169802879
1262,0.1116565283764006,0.14533056731418004,0.0447017379543906,0.29676930522319755,0.1747949380867843
1263,0.06837720376558215,0.09692985696367765,0.0245153823254887,0.2289802509477648,0.10305601855767675
1264,0.0184045174835397,0.03918841047014045,0.00211157748695405,0.13764669292626724,0.03384623205414625
1265,0.0,0.00068188409803525,0.0,0.05888263046326515,0.0
1266,0.0,0.0,0.0,0.0,0.0
1267,0.0,0.0,0.0,0.0,0.0
1268,0.0,0.0,0.0,0.0,0.0
1269,0.0,0.0,0.0,0.0,0.0
1270,0.0,0.0,0.0,0.0,0.0
1271,0.0,0.0,0.0,0.0,0.0
1272,0.0,0.0,0.0,0.0,0.0
1273,0.0,0.0,0.0,0.0,0.0
1274,0.0,0.0,0.0,0.0,0.0
1275,0.0,0.0,0.0,0.0,0.0
1276,0.0,0.0,0.0,0.0,0.0
1277,0.0,0.0,0.0,0.0,0.0
1278,0.02209710879697845,0.0,0.0,0.0,0.013839391602387
1279,0.09020340589145184,0.02529792116178775,0.0480950697396094,0.04978900892899985,0.0766901324014553
1280,0.1920779323293844,0.0978245234155558,0.1402338812160435,0.1271911600397129,0.15761244324141324
1281,0.27463543538067753,0.1939382038154807,0.23118079815628595,0.2245686101427063,0.22270465935738826
1282,0.32569422929046227,0.28424277773513756,0.29587972306418975,0.2965195861996891,0.2594407524666937
1283,0.34461292424385026,0.33300747072430403,0.32754900290363187,0.3385205793264453,0.2660255006209782
1284,0.3329523845088557,0.3423249883049788,0.3251524858056148,0.3525264188381706,0.2524958344165982
1285,0.29177216514217824,0.319978374059822,0.2920977550081201,0.3394116172645539,0.2194714110226722
1286,0.2190988058361298,0.26345474489408965,0.23048026517605974,0.2985008585962396,0.1689595690579308
1287,0.1261244981504141,0.1781250535995392,0.14161807915569344,0.23031023055001035,0.10446057382680225
1288,0.0433640006792362,0.0775585538151975,0.0479379585691276,0.13853122535101994,0.039013833140654
1289,0.0,0.00346779106267745,0.0,0.05807403634409885,0.0027506443796599
1290,0.0,0.0,0.0,0.0,0.0
1291,0.0,0.0,0.0,0.0,0.0
1292,0.0,0.0,0.0,0.0,0.0
1293,0.0,0.0,0.0,0.0,0.0
1294,0.0,0.0,0.0,0.0,0.0
1295,0.0,0.0,0.0,0.0,0.0
1296,0.0,0.0,0.0,0.0,0.0
1297,0.0,0.0,0.0,0.0,0.0
1298,0.0,0.0,0.0,0.0,0.0
1299,0.0,0.0,0.0,0.0,0.0
1300,0.0,0.0,0.0,0.0,0.0
1301,0.0,0.0,0.0,0.0,0.0
1302,0.00350298734532225,0.0,0.0,0.0,0.0115281528203117
1303,0.05112204919165425,0.05459909951060315,0.05449518135523155,0.03826059910478515,0.0701895109944017
1304,0.12468175433760695,0.15491491873561886,0.14640654621426194,0.10468723656204075,0.14874909838480566
1305,0.19092109522096395,0.2514345731555361,0.2309802997190378,0.19171712206289696,0.21402701876734215
1306,0.2297825796021868,0.31664826052852624,0.2892109748295904,0.2622978654178396,0.2584621207178027
1307,0.21740431017827336,0.35035906504666237,0.31882830606110873,0.3065711211947031,0.27695593138761115
1308,0.1755199717173332,0.35387020565361216,0.316294223837781,0.3277427325140215,0.27201595157927566
1309,0.1511257046093181,0.32834497819092706,0.2847434489781697,0.32628169533128065,0.24460070078731355
1310,0.12168660488160295,0.2738043719436454,0.22724923594616264,0.29322330517118717,0.1966202430312565
1311,0.0644925552571479,0.1905538395313525,0.143910226132455,0.228881374557707,0.1257744911040011
1312,0.01375066647761455,0.0896376751779973,0.05386249881381685,0.1393819322439796,0.0459648832036383
1313,0.0,0.0103600625620144,0.0,0.05795539753572085,0.00426066734202025
1314,0.0,0.0,0.0,0.0,0.0
1315,0.0,0.0,0.0,0.0,0.0
1316,0.0,0.0,0.0,0.0,0.0
1317,0.0,0.0,0.0,0.0,0.0
1318,0.0,0.0,0.0,0.0,0.0
1319,0.0,0.0,0.0,0.0,0.0
1320,0.0,0.0,0.0,0.0,0.0
1321,0.0,0.0,0.0,0.0,0.0
1322,0.0,0.0,0.0,0.0,0.0
1323,0.0,0.0,0.0,0.0,0.0
1324,0.0,0.0,0.0,0.0,0.0
1325,0.0,0.0,0.0,0.0,0.0
1326,0.01580888798519825,0.0,0.0,0.0,0.0194968371004828
1327,0.0622470533724025,0.0499517969355427,0.0519972822675698,0.0533590972438981,0.0893667139433523
1328,0.13788252813491986,0.14808120267770675,0.14483006868438034,0.12874489502814984,0.17842412976183564
1329,0.20004183625379784,0.24551759582303614,0.230387054468721,0.2252645172777353,0.24233147173781536
1330,0.24370639956458456,0.3124067833252748,0.2855573865600733,0.29665124146749294,0.2713293538031464
1331,0.26489982051276306,0.3463361661214115,0.3121253660717326,0.3390056222538828,0.2622256878581615
1332,0.26031391589695213,0.3503107381491039,0.3107118923708744,0.35268940920972663,0.24174552115215875
1333,0.2356422436000208,0.32566126846495685,0.28094626877938617,0.3391426376080564,0.22282086885535074
1334,0.1870538699180051,0.2719314609958483,0.22356369927786454,0.2992368780031216,0.18258441758877875
1335,0.10857196017083726,0.1902183987927761,0.14066160726269505,0.23223286157059306,0.1160677986328854
1336,0.0297978531995546,0.0902781357060906,0.0515114715164059,0.1410199230331581,0.041012642706249
1337,0.0,0.01664999545215775,0.0,0.05722378624318455,0.00446702401696725
1338,0.0,0.0,0.0,0.0,0.0
1339,0.0,0.0,0.0,0.0,0.0
1340,0.0,0.0,0.0,0.0,0.0
1341,0.0,0.0,0.0,0.0,0.0
1342,0.0,0.0,0.0,0.0,0.0
1343,0.0,0.0,0.0,0.0,0.0
1344,0.0,0.0,0.0,0.0,0.0
1345,0.0,0.0,0.0,0.0,0.0
1346,0.0,0.0,0.0,0.0,0.0
1347,0.0,0.0,0.0,0.0,0.0
1348,0.0,0.0,0.0,0.0,0.0
1349,0.0,0.0,0.0,0.0,0.0
1350,0.0120342767508928,0.0,0.0,0.0,0.02163617736379285
1351,0.0659174978423511,0.04345699578447515,0.04895382354226605,0.0554044782262409,0.09841459794457205
1352,0.15479338369263065,0.13335431327745526,0.1389906344247149,0.13344348180583934,0.1986053260448395
1353,0.2303762943411701,0.2343887182087419,0.2246308723882203,0.2303579261110445,0.27632630867414437
1354,0.2751505326333678,0.30755776002050184,0.2817526777368279,0.3006744260197264,0.3228567924087577
1355,0.29530599449018363,0.3433783173516335,0.3090099888515396,0.3412454820383138,0.33582298995071586
1356,0.28794512195295574,0.34935037084156534,0.31004740398542324,0.35356060287507163,0.3151753715416082
1357,0.2543875389979138,0.3241188109720342,0.28149048649370656,0.3394497617989387,0.26963949473963217
1358,0.1971320572545503,0.2694020598542409,0.22440464066198115,0.29934343465339475,0.2028401248102798
1359,0.11590689285567705,0.1882424033345317,0.1428320187205428,0.23273920608099,0.1214765733839381
1360,0.0364540509423565,0.0909169834975391,0.0537982598814535,0.14240845356857784,0.0428763841522832
1361,0.0,0.02191759393138615,0.0,0.0576211369532966,0.00472856312381955
1362,0.0,0.0,0.0,0.0,0.0
1363,0.0,0.0,0.0,0.0,0.0
1364,0.0,0.0,0.0,0.0,0.0
1365,0.0,0.0,0.0,0.0,0.0
1366,0.0,0.0,0.0,0.0,0.0
1367,0.0,0.0,0.0,0.0,0.0
1368,0.0,0.0,0.0,0.0,0.0
1369,0.0,0.0,0.0,0.0,0.0
1370,0.0,0.0,0.0,0.0,0.0
1371,0.0,0.0,0.0,0.0,0.0
1372,0.0,0.0,0.0,0.0,0.0
1373,0.0,0.0,0.0,0.0,0.0
1374,0.0232327172525338,0.0,0.0,0.0,0.0217715559084433
1375,0.09211701135904235,0.0554337217219787,0.05725155918861575,0.05642988393349465,0.0940522162412443
1376,0.1892892768842438,0.1521241981307426,0.1518236507275103,0.13811238889068286,0.19056586448893575
1377,0.2661038603234485,0.24560225729902385,0.2359487667780207,0.23483064526847894,0.2676961679236212
1378,0.31331877101572675,0.30977616351870635,0.29095077508223677,0.3042333486083196,0.3167801572565212
1379,0.3311870996179352,0.34036243313054504,0.3167474354558691,0.34408430587001887,0.3349828023275105
1380,0.32140310794091814,0.34319448610157544,0.3148582090852049,0.3561669452492822,0.32672383956866524
1381,0.2840756194593024,0.3181803062140887,0.2856699379193557,0.3421538463036845,0.29563594711492586
1382,0.2188459214215896,0.26568573236921705,0.2293461904666813,0.3018615028687302,0.2349506334587094
1383,0.12991775859918855,0.1863968696330002,0.14808803091926245,0.23542735576306584,0.1485521984696943
1384,0.04271820620861295,0.0893324495258097,0.05735665916546975,0.14499008301592406,0.05650535648959535
1385,0.0,0.02210606303052325,0.00081664172839875,0.05857149849190805,0.0054146216085803
1386,0.0,0.0,0.0,0.0,0.0
1387,0.0,0.0,0.0,0.0,0.0
1388,0.0,0.0,0.0,0.0,0.0
1389,0.0,0.0,0.0,0.0,0.0
1390,0.0,0.0,0.0,0.0,0.0
1391,0.0,0.0,0.0,0.0,0.0
1392,0.0,0.0,0.0,0.0,0.0
1393,0.0,0.0,0.0,0.0,0.0
1394,0.0,0.0,0.0,0.0,0.0
1395,0.0,0.0,0.0,0.0,0.0
1396,0.0,0.0,0.0,0.0,0.0
1397,0.0,0.0,0.0,0.0,0.0
1398,0.025478492583705,0.0,0.0,0.0,0.0238619229857727
1399,0.09560333316946475,0.0612793772741398,0.05963006209387545,0.0414873476634677,0.10161874142185275
1400,0.1926890466904109,0.1608158806738076,0.1535017219936456,0.11038695502374644,0.20031354439202095
1401,0.26754459682095066,0.24992515546794986,0.2346889287129632,0.18318600882596425,0.2777480221760593
1402,0.3124074483696761,0.3080281062669279,0.2848798852232371,0.2250177426948122,0.32488248145359666
1403,0.3289546531832164,0.3362740343646925,0.30628240957512537,0.2456465516071341,0.3421802880526909
1404,0.3165185095133904,0.3380489856589145,0.3014986169225902,0.25853268291764575,0.3341190273788647
1405,0.2778883714394167,0.31432343703621707,0.2658578378263346,0.24874631996110794,0.30111576817354785
1406,0.2143700583106875,0.2646270832180793,0.20198161522996405,0.2075950881575608,0.2395117600884088
1407,0.12727471691363265,0.1866542092744715,0.11931216503276035,0.15133947779147494,0.1531655659180005
1408,0.04094687644350735,0.08917303432387765,0.03707973761285055,0.0862629949805844,0.05856978439013305
1409,0.0,0.02382223547258545,0.0,0.02887427269494505,0.0042069765608694
1410,0.0,0.0,0.0,0.0,0.0
1411,0.0,0.0,0.0,0.0,0.0
1412,0.0,0.0,0.0,0.0,0.0
1413,0.0,0.0,0.0,0.0,0.0
1414,0.0,0.0,0.0,0.0,0.0
1415,0.0,0.0,0.0,0.0,0.0
1416,0.0,0.0,0.0,0.0,0.0
1417,0.0,0.0,0.0,0.0,0.0
1418,0.0,0.0,0.0,0.0,0.0
1419,0.0,0.0,0.0,0.0,0.0
1420,0.0,0.0,0.0,0.0,0.0
1421,0.0,0.0,0.0,0.0,0.0
1422,0.0075052477214404,0.0,0.0,0.0,0.01647639687070295
1423,0.0519207728234626,0.0039455127983183,0.0,0.0209960511437668,0.07998462844856555
1424,0.11612796586407155,0.0221023264162123,0.0096935072090629,0.07115990719423515,0.16306872281969664
1425,0.14314332262823914,0.02677323597515205,0.02628078178591785,0.13484984372154826,0.2328194872796393
1426,0.1355913433644862,0.0274353093677968,0.04968163802072055,0.16287877017013005,0.27762840101485436
1427,0.1212117013968764,0.03504284974904475,0.07143052846377705,0.16144373298655265,0.29909603966106285
1428,0.1095476373569208,0.0339710047666911,0.0810850238950171,0.1615053268298534,0.2892369530601112
1429,0.09664848345889895,0.03019435090762385,0.07440748695294035,0.1623288578191597,0.24827257105173856
1430,0.07645542401905535,0.017958442132139,0.06110777634755685,0.14949289877607905,0.18579555354775495
1431,0.04563803210345695,0.00893792588227305,0.04132274024190585,0.11313096402445975,0.1122541276797168
1432,0.00993137565501775,0.00250722587800005,0.00984396449406045,0.06459988611322015,0.040169774998594
1433,0.0,0.0,0.0,0.0208878925686407,0.00467715476359835
1434,0.0,0.0,0.0,0.0,0.0
1435,0.0,0.0,0.0,0.0,0.0
1436,0.0,0.0,0.0,0.0,0.0
1437,0.0,0.0,0.0,0.0,0.0
1438,0.0,0.0,0.0,0.0,0.0
1439,0.0,0.0,0.0,0.0,0.0
1440,0.0,0.0,0.0,0.0,0.0
1441,0.0,0.0,0.0,0.0,0.0
1442,0.0,0.0,0.0,0.0,0.0
1443,0.0,0.0,0.0,0.0,0.0
1444,0.0,0.0,0.0,0.0,0.0
1445,0.0,0.0,0.0,0.0,0.0
1446,0.0,0.0,0.0,0.0,0.00755963934611235
1447,0.00637513915655515,0.01833705867740145,0.0,0.0119284963239556,0.05803257485358285
1448,0.0263189596982689,0.06172694764821785,0.017958725280604,0.0500413680574856,0.13477180610160125
1449,0.06560958924374195,0.1138302999116428,0.0535481567839589,0.1090520520304042,0.2088224494989514
1450,0.10005630426546715,0.1493329249245108,0.0777719846651261,0.1608138143304031,0.2609724479050109
1451,0.1210870521152878,0.15747224772301716,0.09211818453995065,0.19692227232860735,0.28455463090706107
1452,0.1269853978825496,0.1378160112365527,0.10083568638048886,0.2155884210265213,0.2892114331931211
1453,0.12218056745703845,0.10204132400917085,0.0846006183433118,0.2067148400569471,0.2629057065692299
1454,0.1034709964029702,0.07488500255115604,0.05641628010470795,0.1824477422963056,0.20719497468685266
1455,0.0592880602951568,0.04415480811793435,0.03395249221469385,0.15054732169973706,0.1332770640147594
1456,0.01505410326458895,0.01183124767778785,0.0084709560938281,0.09760426759341136,0.04899698437048125
1457,0.0,0.0,0.0,0.03721056585813685,0.00377081214626895
1458,0.0,0.0,0.0,0.0,0.0
1459,0.0,0.0,0.0,0.0,0.0
1460,0.0,0.0,0.0,0.0,0.0
1461,0.0,0.0,0.0,0.0,0.0
1462,0.0,0.0,0.0,0.0,0.0
1463,0.0,0.0,0.0,0.0,0.0
1464,0.0,0.0,0.0,0.0,0.0
1465,0.0,0.0,0.0,0.0,0.0
1466,0.0,0.0,0.0,0.0,0.0
1467,0.0,0.0,0.0,0.0,0.0
1468,0.0,0.0,0.0,0.0,0.0
1469,0.0,0.0,0.0,0.0,0.0
1470,0.00185961408292755,0.0,0.0,0.0,0.01909984979134285
1471,0.0248937665311019,0.03907033977605275,0.0193074001866252,0.0295762008472339,0.0958127306036847
1472,0.10223539625046245,0.12815398996013055,0.06290564273857545,0.09362623370073755,0.18767240944295374
1473,0.2028299107087004,0.2232224631272699,0.1031276303674638,0.16732093582794605,0.26255122169857986
1474,0.27450021934430213,0.29558430131281127,0.12328899380208075,0.232251701703112,0.3117464144551619
1475,0.2778546016463208,0.3186006643700844,0.12450314952293015,0.28300014226000614,0.329076716533079
1476,0.24935104258950125,0.29286399866387125,0.118492855445073,0.3089750034675838,0.3177054998151683
1477,0.2133871664933405,0.2545438565998637,0.10082335824460326,0.30538093688186674,0.28327685504989075
1478,0.1496975567675799,0.2158108971642936,0.0747428162898402,0.2708363170856804,0.22584112571084725
1479,0.0763381234147055,0.1401054188673069,0.0408267467924392,0.2104958033506161,0.1451987571957034
1480,0.0161252885736145,0.04861348094868,0.0075181875660885,0.130351454733595,0.0562442214106168
1481,0.0,0.00420542841251575,0.0,0.0492924283035594,0.00378014916459685
1482,0.0,0.0,0.0,0.0,0.0
1483,0.0,0.0,0.0,0.0,0.0
1484,0.0,0.0,0.0,0.0,0.0
1485,0.0,0.0,0.0,0.0,0.0
1486,0.0,0.0,0.0,0.0,0.0
1487,0.0,0.0,0.0,0.0,0.0
1488,0.0,0.0,0.0,0.0,0.0
1489,0.0,0.0,0.0,0.0,0.0
1490,0.0,0.0,0.0,0.0,0.0
1491,0.0,0.0,0.0,0.0,0.0
1492,0.0,0.0,0.0,0.0,0.0
1493,0.0,0.0,0.0,0.0,0.0
1494,0.0188704980487871,0.0,0.00330283895560385,0.0,0.017639518429221
1495,0.09100800953600495,0.0193485620364507,0.0271272291656331,0.01052289240196045,0.09127799217047634
1496,0.1810200900265157,0.0473118622966901,0.08971834492407245,0.03882464257881605,0.18341375174847735
1497,0.23796088076991045,0.0731014400591754,0.1530025413133441,0.0852308026354932,0.25912125664905694
1498,0.26068131519190274,0.07039702849923606,0.1949847824877985,0.13784753678069034,0.30752109826120394
1499,0.2695001975487217,0.05328874176410135,0.1905353745978497,0.1859301220417683,0.3277617588232851
1500,0.2626256593396366,0.05739701934105605,0.15469531876126344,0.21376488905796134,0.3232493173294934
1501,0.2239442249818126,0.0896212289146092,0.12120325751362415,0.21476884320468595,0.2945315142916601
1502,0.15764828607580714,0.12509026595693876,0.07935207666294695,0.1937963103429587,0.2369151688063516
1503,0.0791915817355607,0.10834710757060174,0.03647653955901685,0.15212577514220996,0.1519410351128586
1504,0.01561403215257695,0.0447692232362588,0.0074778285700016,0.0933685412032424,0.05729681848771715
1505,0.0,0.0056418845507346,0.0,0.0328817166835683,0.0033954996978541
1506,0.0,0.0,0.0,0.0,0.0
1507,0.0,0.0,0.0,0.0,0.0
1508,0.0,0.0,0.0,0.0,0.0
1509,0.0,0.0,0.0,0.0,0.0
1510,0.0,0.0,0.0,0.0,0.0
1511,0.0,0.0,0.0,0.0,0.0
1512,0.0,0.0,0.0,0.0,0.0
1513,0.0,0.0,0.0,0.0,0.0
1514,0.0,0.0,0.0,0.0,0.0
1515,0.0,0.0,0.0,0.0,0.0
1516,0.0,0.0,0.0,0.0,0.0
1517,0.0,0.0,0.0,0.0,0.0
1518,0.01650192782330115,0.0,0.0,0.0,0.01053886796536955
1519,0.07901542701948334,0.03680870235300415,0.02141511040287055,0.03828630573223075,0.0621897347478949
1520,0.1656361745124702,0.12147083830231376,0.084352511294229,0.11978667809437805,0.1361085163302859
1521,0.2428973351860911,0.203978969894101,0.13583617324569894,0.2044731649870117,0.20468629243363776
1522,0.28793827654115506,0.25167820369910315,0.15519344732381146,0.25945887938576934,0.24656835443824396
1523,0.2981015506271093,0.2750755892828038,0.162281341854093,0.2910145095411129,0.2652179053575971
1524,0.28900465188133717,0.27015896422233143,0.14970965449767404,0.2949187097306349,0.2647466110877123
1525,0.2554355132594768,0.2399507190454227,0.1085636521588097,0.27012507489410126,0.2341176843883988
1526,0.1869275610173379,0.1914366202229443,0.0657163936467698,0.22471041762984276,0.1767803920758036
1527,0.09850997904073874,0.12623633966736494,0.0343676693066947,0.1735218841864952,0.10616271667346355
1528,0.02007385457961645,0.05888851374786685,0.0088864882528293,0.11626111783779215,0.03445938996600285
1529,0.0,0.0104398093595676,0.00084735790654195,0.04701063999363905,0.0005951439839454
1530,0.0,0.0,0.0,0.0,0.0
1531,0.0,0.0,0.0,0.0,0.0
1532,0.0,0.0,0.0,0.0,0.0
1533,0.0,0.0,0.0,0.0,0.0
1534,0.0,0.0,0.0,0.0,0.0
1535,0.0,0.0,0.0,0.0,0.0
1536,0.0,0.0,0.0,0.0,0.0
1537,0.0,0.0,0.0,0.0,0.0
1538,0.0,0.0,0.0,0.0,0.0
1539,0.0,0.0,0.0,0.0,0.0
1540,0.0,0.0,0.0,0.0,0.0
1541,0.0,0.0,0.0,0.0,0.0
1542,0.0113784976093808,0.0,0.0032377256737559,0.0,0.01829835405782315
1543,0.08759221803198185,0.0532915639968538,0.0395397731244014,0.0132299617509608,0.09544751646264805
1544,0.18891765577230885,0.13812668224662455,0.1131521803057202,0.053072059582051,0.19265572396736244
1545,0.2700752231674219,0.20142095587251135,0.17476596466126945,0.1059774884286458,0.26905169913378923
1546,0.3149711544301358,0.2359338274008842,0.20965269349437515,0.15367381341553854,0.31477079542988745
1547,0.3201798286111279,0.26062899802905176,0.22630685395387454,0.1849866416400631,0.33465680503821293
1548,0.28413895724675076,0.27735911743365266,0.21926152699685256,0.1868040894079846,0.32719430756745643
1549,0.22268609409231055,0.2679086383816581,0.1886070245538967,0.1639860298855383,0.29254882321252995
1550,0.15411411359301325,0.2244360805598242,0.14372961370837856,0.12814968370761434,0.23184740551034436
1551,0.08370129402040095,0.14400200807464145,0.0864292811674963,0.087828538682623,0.14876984054437706
1552,0.02069247143490285,0.0519043780011925,0.02576900724774815,0.05105946811777195,0.05640141204251715
1553,0.0,0.00281787930516855,0.00104307286328265,0.01532249587680155,0.001732584870112
1554,0.0,0.0,0.0,0.0,0.0
1555,0.0,0.0,0.0,0.0,0.0
1556,0.0,0.0,0.0,0.0,0.0
1557,0.0,0.0,0.0,0.0,0.0
1558,0.0,0.0,0.0,0.0,0.0
1559,0.0,0.0,0.0,0.0,0.0
1560,0.0,0.0,0.0,0.0,0.0
1561,0.0,0.0,0.0,0.0,0.0
1562,0.0,0.0,0.0,0.0,0.0
1563,0.0,0.0,0.0,0.0,0.0
1564,0.0,0.0,0.0,0.0,0.0
1565,0.0,0.0,0.0,0.0,0.0
1566,0.0075662939677382,0.0,0.0005526594812339,0.0,0.0147678843330108
1567,0.0592759782955544,0.0,0.01381760836660385,0.0292878379310029,0.08910111075817215
1568,0.1177783748190093,0.00798020459163875,0.05252415093124315,0.0976887343455145,0.1796167335484411
1569,0.1581485437731906,0.04119208819669435,0.0997991834566092,0.17957928868610015,0.2548346886467275
1570,0.20492108811376,0.09469677163747214,0.1277353240252567,0.2467107271042761,0.30537511489164004
1571,0.24195031726397595,0.1523397753301873,0.1371988090065364,0.28036969883908325,0.3263461515678361
1572,0.24513357857178655,0.1965411024287503,0.1405529326559813,0.2786275090592546,0.3176037444336346
1573,0.2100039069967263,0.22215827408736724,0.1401671634911831,0.26328980508886235,0.279384084341995
1574,0.1442839661460062,0.2083009087511307,0.1312006219531772,0.24084587325656745,0.21405742393018934
1575,0.07265665714674605,0.15630264811075384,0.0939887747130309,0.19236932467750945,0.1298826798559302
1576,0.01410666728475715,0.0805399635404183,0.03692490520026925,0.11995369042118605,0.0448701128451546
1577,0.0,0.0153001453630642,0.0044937696733719,0.0448360249750537,0.00057098196277645
1578,0.0,0.0,0.0,0.0,0.0
1579,0.0,0.0,0.0,0.0,0.0
1580,0.0,0.0,0.0,0.0,0.0
1581,0.0,0.0,0.0,0.0,0.0
1582,0.0,0.0,0.0,0.0,0.0
1583,0.0,0.0,0.0,0.0,0.0
1584,0.0,0.0,0.0,0.0,0.0
1585,0.0,0.0,0.0,0.0,0.0
1586,0.0,0.0,0.0,0.0,0.0
1587,0.0,0.0,0.0,0.0,0.0
1588,0.0,0.0,0.0,0.0,0.0
1589,0.0,0.0,0.0,0.0,0.0
1590,0.00119881020298015,0.0,0.00237790458689115,0.0,0.01125367053929735
1591,0.0327446862881508,0.02248327665502585,0.0332367712014874,0.02040407970201955,0.0761215997505352
1592,0.0829538968696035,0.065835711356472,0.0925139663585309,0.06888465949066724,0.1546590680782673
1593,0.13057157401847225,0.08170602259799975,0.1493739454169403,0.1174933592140187,0.21922004122505154
1594,0.1704306352450062,0.11107817495976205,0.180424395131633,0.15867550587637386,0.25968923992655596
1595,0.19333731811695765,0.14035698503507246,0.190995039517699,0.20103711509961095,0.27274086190305724
1596,0.20289976363389545,0.1513776360416831,0.19493698199322146,0.22859677124079605,0.2613727864872556
1597,0.20574592996198826,0.1691076841850598,0.1911142751549068,0.2297860396589402,0.2293717033534564
1598,0.17336792954689076,0.17379103856461325,0.1662500584392691,0.20709711089453206,0.1857638601791226
1599,0.10109209353806065,0.12677153222276305,0.1093824213435458,0.1579129208228452,0.124476247760366
1600,0.02719376889817235,0.053001209418959,0.0422857438042597,0.0904507155508955,0.0461386837580755
1601,0.0,0.00587896995015775,0.00282836403466805,0.02878679002534805,0.003411171395942
1602,0.0,0.0,0.0,0.0,0.0
1603,0.0,0.0,0.0,0.0,0.0
1604,0.0,0.0,0.0,0.0,0.0
1605,0.0,0.0,0.0,0.0,0.0
1606,0.0,0.0,0.0,0.0,0.0
1607,0.0,0.0,0.0,0.0,0.0
1608,0.0,0.0,0.0,0.0,0.0
1609,0.0,0.0,0.0,0.0,0.0
1610,0.0,0.0,0.0,0.0,0.0
1611,0.0,0.0,0.0,0.0,0.0
1612,0.0,0.0,0.0,0.0,0.0
1613,0.0,0.0,0.0,0.0,0.0
1614,0.00130507049024665,0.0,0.0,0.0,0.0170376054026442
1615,0.05327067602815425,0.003011529784495,0.00128214367804185,0.0055756532702839,0.088347436417414
1616,0.10307113909211,0.0177580851922766,0.00636869801279675,0.0154258993887888,0.1780304930226202
1617,0.11862518551561516,0.0376497455051726,0.0254861962940482,0.03232967803578685,0.26317974307570746
1618,0.12391478532632655,0.06462652271635455,0.0563851356784612,0.0561945692796638,0.32201154010111993
1619,0.1201349269009171,0.07125168238619355,0.0786704270879011,0.075276209753305,0.34262378424962914
1620,0.13157817817328835,0.05674385823333405,0.0831214779034521,0.08279397746696525,0.33346440898374935
1621,0.1409787652365106,0.0515223599634326,0.065128646813453,0.0787836346342956,0.2993493069435083
1622,0.11593806618480015,0.04659857671429255,0.0367968167213004,0.0628631954986887,0.240675168510235
1623,0.07008904442039475,0.0214108660930309,0.0165528294122577,0.03841769633112085,0.1576584403305391
1624,0.01497903465817885,0.00398884376531945,0.00227909391130415,0.01695907277084635,0.0627776781937318
1625,0.0,0.0,0.0,0.00420630687664115,0.00473249850356155
1626,0.0,0.0,0.0,0.0,0.0
1627,0.0,0.0,0.0,0.0,0.0
1628,0.0,0.0,0.0,0.0,0.0
1629,0.0,0.0,0.0,0.0,0.0
1630,0.0,0.0,0.0,0.0,0.0
1631,0.0,0.0,0.0,0.0,0.0
1632,0.0,0.0,0.0,0.0,0.0
1633,0.0,0.0,0.0,0.0,0.0
1634,0.0,0.0,0.0,0.0,0.0
1635,0.0,0.0,0.0,0.0,0.0
1636,0.0,0.0,0.0,0.0,0.0
1637,0.0,0.0,0.0,0.0,0.0
1638,0.00842690155853795,0.0,0.0,0.0,0.01657937468416085
1639,0.0363827329761254,0.0035951701661792,0.00117715068003405,0.00747643713549535,0.08363196201171524
1640,0.0473338734966013,0.01290694437292685,0.0035169124791854,0.0308247923504483,0.1643872964052726
1641,0.0411284402135234,0.03064564126514295,0.00535485531241775,0.06338842628785014,0.231493473377653
1642,0.0493877264009283,0.0582112166241344,0.01102048352187005,0.09355573309229676,0.2711339822289227
1643,0.0619166508768211,0.0875905776692606,0.0346659698467692,0.1206747155401071,0.2863023221085465
1644,0.06763775436426885,0.1181116768902384,0.073254620304997,0.14544891956226774,0.278581512123001
1645,0.06221939498486605,0.15572689666833026,0.10352613597265925,0.1542648112219563,0.24644935694755424
1646,0.0499426087696414,0.1678696914144511,0.1153134699192965,0.1444364905982662,0.1953933828168184
1647,0.04558807077976825,0.1297362649804954,0.09295757885828655,0.11841024059872625,0.1250214064687121
1648,0.01866620386242495,0.0611634026449849,0.03723328669579715,0.0725604335730848,0.04693821603557885
1649,0.0,0.00313534030143055,0.00054610642881735,0.0229397821929515,0.00306903895306725
1650,0.0,0.0,0.0,0.0,0.0
1651,0.0,0.0,0.0,0.0,0.0
1652,0.0,0.0,0.0,0.0,0.0
1653,0.0,0.0,0.0,0.0,0.0
1654,0.0,0.0,0.0,0.0,0.0
1655,0.0,0.0,0.0,0.0,0.0
1656,0.0,0.0,0.0,0.0,0.0
1657,0.0,0.0,0.0,0.0,0.0
1658,0.0,0.0,0.0,0.0,0.0
1659,0.0,0.0,0.0,0.0,0.0
1660,0.0,0.0,0.0,0.0,0.0
1661,0.0,0.0,0.0,0.0,0.0
1662,0.0254736344952616,0.0015074544391888,0.0,0.0,0.01366468010082295
1663,0.10900936441611506,0.02225383907414785,0.01569852413757375,0.0401148265585251,0.06950318825241356
1664,0.18514418298663746,0.05139441381042365,0.0599671118296371,0.1167114880631963,0.147048966376726
1665,0.22432328391654954,0.08305872871481985,0.1159731336051862,0.1933035584605947,0.2124359263281527
1666,0.23857605715381244,0.13060003170264495,0.16894789723417594,0.2499429482991556,0.2441910915438609
1667,0.23348046307463705,0.1640017355734593,0.20104780824447846,0.27268227532132416,0.25201456281621176
1668,0.20000516566335055,0.16495252436227806,0.1997467300326181,0.2706364408068701,0.24094468513040945
1669,0.1470587424408861,0.16391763015700114,0.1736403042436632,0.25829597445993696,0.21441718588827124
1670,0.1021814741501485,0.1656420502229872,0.1339507492444961,0.22982724814554695,0.17499073495395656
1671,0.05683651425121525,0.12074222723863845,0.08172785846783955,0.1855898990158411,0.11669048318725835
1672,0.0108167156848766,0.05064546670645495,0.027936141202285,0.12317105866754464,0.04547881493031085
1673,0.0,0.0037792202863098,0.0,0.04998233534254055,0.00347889332144635
1674,0.0,0.0,0.0,0.0,0.0
1675,0.0,0.0,0.0,0.0,0.0
1676,0.0,0.0,0.0,0.0,0.0
1677,0.0,0.0,0.0,0.0,0.0
1678,0.0,0.0,0.0,0.0,0.0
1679,0.0,0.0,0.0,0.0,0.0
1680,0.0,0.0,0.0,0.0,0.0
1681,0.0,0.0,0.0,0.0,0.0
1682,0.0,0.0,0.0,0.0,0.0
1683,0.0,0.0,0.0,0.0,0.0
1684,0.0,0.0,0.0,0.0,0.0
1685,0.0,0.0,0.0,0.0,0.0
1686,0.01223708745929265,0.00730581578066375,0.00181244382204595,0.0,0.0166611830610223
1687,0.0769484376012728,0.0758803472609927,0.0482283886654175,0.0489971644294978,0.0878900960270881
1688,0.1589173684629558,0.185693072708291,0.13636468444184,0.1393756169858124,0.17300287675952425
1689,0.2225046676529501,0.26700172898339664,0.21020809133047644,0.22764337578303556,0.24100551006563814
1690,0.2614720668824969,0.2924638325529185,0.24549888372901846,0.2910648363331867,0.2898488928811441
1691,0.28860737706051964,0.3044154126227992,0.2564993020850647,0.32758126015833944,0.3203215243135681
1692,0.2988826753601462,0.30555780301562185,0.2574773307875043,0.33835148640197754,0.32100989462996987
1693,0.2748567816487911,0.2572335141915301,0.24257329250849224,0.3197623599840847,0.2929149026064921
1694,0.21456632850470594,0.1884831560985022,0.19806272525495505,0.27070094672840744,0.23867305532261224
1695,0.132138103664001,0.1260062682313085,0.1210077439912687,0.19832672917306615,0.1589504193078662
1696,0.0473003328118361,0.05887578776895685,0.03915847243937415,0.11131814072009505,0.0665636692392067
1697,0.0,0.00408651906265555,0.0006510273184531,0.03529489536137355,0.0063226427869223
1698,0.0,0.0,0.0,0.0,0.0
1699,0.0,0.0,0.0,0.0,0.0
1700,0.0,0.0,0.0,0.0,0.0
1701,0.0,0.0,0.0,0.0,0.0
1702,0.0,0.0,0.0,0.0,0.0
1703,0.0,0.0,0.0,0.0,0.0
1704,0.0,0.0,0.0,0.0,0.0
1705,0.0,0.0,0.0,0.0,0.0
1706,0.0,0.0,0.0,0.0,0.0
1707,0.0,0.0,0.0,0.0,0.0
1708,0.0,0.0,0.0,0.0,0.0
1709,0.0,0.0,0.0,0.0,0.0
1710,0.0,0.0,0.0,0.0,0.029716697164312
1711,0.02081984916151755,0.04619228513255785,0.0349181460945058,0.03784427745853695,0.1192039954235345
1712,0.06699759603093895,0.140545367480811,0.1120643419681396,0.1082544296944048,0.2107681817418419
1713,0.10753851971977625,0.2202411387972175,0.17370159206319474,0.167789008207301,0.2775384698234382
1714,0.14247759250637165,0.2710867760204818,0.2296743822127184,0.21896170210306576,0.31320989954561507
1715,0.1612457669044113,0.28504791029785004,0.273033537505587,0.24725286748471095,0.32389270707506274
1716,0.1530500659633788,0.2701665376213866,0.276097939126152,0.24597869169283895,0.3071564468368216
1717,0.13112930990929955,0.23488233059138086,0.24114056762413916,0.2467241629641285,0.2618569645611189
1718,0.09920382604878505,0.1897370154947488,0.18458205962943536,0.23012178025436425,0.1973106921961112
1719,0.0579942422896561,0.141909585098072,0.11578988124394335,0.1819863392099557,0.11957527909276244
1720,0.0150610729760751,0.07211072433907666,0.0387460638105553,0.11527258100256765,0.04084890619204815
1721,0.0,0.0083546080013328,0.0,0.04269805493844855,0.00077930750132215
1722,0.0,0.0,0.0,0.0,0.0
1723,0.0,0.0,0.0,0.0,0.0
1724,0.0,0.0,0.0,0.0,0.0
1725,0.0,0.0,0.0,0.0,0.0
1726,0.0,0.0,0.0,0.0,0.0
1727,0.0,0.0,0.0,0.0,0.0
1728,0.0,0.0,0.0,0.0,0.0
1729,0.0,0.0,0.0,0.0,0.0
1730,0.0,0.0,0.0,0.0,0.0
1731,0.0,0.0,0.0,0.0,0.0
1732,0.0,0.0,0.0,0.0,0.0
1733,0.0,0.0,0.0,0.0,0.0
1734,0.0115670864249027,0.0,0.0,0.00050308392361635,0.0107477394345747
1735,0.07369335659342535,0.0104424411547521,0.0131587525953798,0.0209102656786036,0.0719290087568935
1736,0.1366367064451125,0.04990012841695905,0.0530198354649117,0.0688750376814461,0.1469101658727175
1737,0.1800280216067907,0.07552446599296345,0.0803946459891134,0.11506108939361875,0.21409757985277225
1738,0.21830352410629314,0.0748976451587265,0.08217994866496645,0.1402864568445848,0.2529138380194863
1739,0.2588434766563024,0.06430747140664815,0.07021048382393365,0.1389709369460354,0.26989110113854814
1740,0.26232532180450285,0.06347241838655435,0.04959192715043995,0.1357157486777338,0.2690903621998301
1741,0.2010187802794366,0.0494932986534927,0.0250919703625215,0.1278297598733438,0.2410242539542907
1742,0.1067029535238656,0.01601768312897495,0.0087020721456865,0.09824285132794,0.1937875659545051
1743,0.0319503076627483,0.0026891804819614,0.00068020411444705,0.06555053886169175,0.12572033433498506
1744,0.0,0.0,0.0,0.03363028316102295,0.0485199540706136
1745,0.0,0.0,0.0,0.00817884344581105,0.00175425491439615
1746,0.0,0.0,0.0,0.0,0.0
1747,0.0,0.0,0.0,0.0,0.0
1748,0.0,0.0,0.0,0.0,0.0
1749,0.0,0.0,0.0,0.0,0.0
1750,0.0,0.0,0.0,0.0,0.0
1751,0.0,0.0,0.0,0.0,0.0
1752,0.0,0.0,0.0,0.0,0.0
1753,0.0,0.0,0.0,0.0,0.0
1754,0.0,0.0,0.0,0.0,0.0
1755,0.0,0.0,0.0,0.0,0.0
1756,0.0,0.0,0.0,0.0,0.0
1757,0.0,0.0,0.0,0.0,0.0
1758,0.0205174394037716,0.0,0.0,0.00050862648515265,0.02315395728756425
1759,0.0850259196250842,0.0023128989249564,0.0052325562887429,0.0086878933320192,0.10082555876224635
1760,0.14795218961983536,0.006056987774524,0.01755930259492455,0.0345272816468351,0.1877065728234721
1761,0.1912838310856121,0.0093531611747093,0.02061426909500565,0.0741602052650017,0.25661997750517535
1762,0.2093163731810721,0.01199292719506805,0.01581969342594635,0.117076805242021,0.2979746761898502
1763,0.17983172441912446,0.0177311105062355,0.01203073070984385,0.139929204271158,0.31507148248669625
1764,0.11443572490996586,0.0218064377956667,0.00812858991773295,0.1407727401746185,0.3099059853590079
1765,0.0588168290240868,0.02553128082735745,0.00400155957853815,0.1384789409271953,0.2806889501727355
1766,0.02868562964418025,0.02531251472406765,0.0022315987940881,0.1244385979008172,0.2287086281243347
1767,0.008458065459322,0.01559563318415735,0.001520180337566,0.0923956782602822,0.1549253484988646
1768,0.0006292757171076,0.0064272686750676,0.0007423006706482,0.05411005636192775,0.06443904996970495
1769,0.0,0.0,0.0,0.0181637211480657,0.00294418140011005
1770,0.0,0.0,0.0,0.0,0.0
1771,0.0,0.0,0.0,0.0,0.0
1772,0.0,0.0,0.0,0.0,0.0
1773,0.0,0.0,0.0,0.0,0.0
1774,0.0,0.0,0.0,0.0,0.0
1775,0.0,0.0,0.0,0.0,0.0
1776,0.0,0.0,0.0,0.0,0.0
1777,0.0,0.0,0.0,0.0,0.0
1778,0.0,0.0,0.0,0.0,0.0
1779,0.0,0.0,0.0,0.0,0.0
1780,0.0,0.0,0.0,0.0,0.0
1781,0.0,0.0,0.0,0.0,0.0
1782,0.0036473697866313,0.0,0.0,0.00082462211870135,0.0222572310811925
1783,0.02260555715423295,0.0224720966398183,0.00091081934674835,0.0452217173453475,0.098579773377436
1784,0.0489229614769044,0.09657404922424125,0.0080581850199235,0.1265518908378335,0.17737423228754945
1785,0.07743464198422845,0.16510322888776105,0.02598876994405055,0.2034033483080066,0.23621438636978526
1786,0.09204908482948465,0.2262097680802922,0.0515316389410901,0.2706854586616039,0.28434519884884696
1787,0.1097575618370886,0.297975099449002,0.0763315229868424,0.32365526407243683,0.3114882372697644
1788,0.1209816502747427,0.3440323245065731,0.0927922215552002,0.3517517637311609,0.30247826712220827
1789,0.1087013373280364,0.33562635468793595,0.10115054151715555,0.35277469287658136,0.27081610751311275
1790,0.09917645819621206,0.28648069887994615,0.0972801511179427,0.31942188729087023,0.2200187235118793
1791,0.07742246174009294,0.21112818329551475,0.0743934641519075,0.2550356275596562,0.14513253744307364
1792,0.0311262785345964,0.1129586366889042,0.0332840811598317,0.16595296465657125,0.0583492112753653
1793,0.0007493974132239,0.02208414929079415,0.00112342239001955,0.06696569370097386,0.00300005828988965
1794,0.0,0.0,0.0,0.00152836157239015,0.0
1795,0.0,0.0,0.0,0.0,0.0
1796,0.0,0.0,0.0,0.0,0.0
1797,0.0,0.0,0.0,0.0,0.0
1798,0.0,0.0,0.0,0.0,0.0
1799,0.0,0.0,0.0,0.0,0.0
1800,0.0,0.0,0.0,0.0,0.0
1801,0.0,0.0,0.0,0.0,0.0
1802,0.0,0.0,0.0,0.0,0.0
1803,0.0,0.0,0.0,0.0,0.0
1804,0.0,0.0,0.0,0.0,0.0
1805,0.0,0.0,0.0,0.0,0.0
1806,0.03183123199312475,0.00587190974992835,0.0063906969257715,0.0018668892132034,0.0172187430147249
1807,0.11932159933382674,0.0858967051864115,0.0722960870957141,0.03278248468623455,0.0920930401510502
1808,0.20658213891540195,0.18970124043428385,0.1483712897226457,0.080949594525409,0.18161803388454745
1809,0.2752498933028396,0.2717948713033512,0.20111984252049764,0.1240333119872366,0.24869154046707964
1810,0.31486770878154097,0.3120003014854468,0.22346027497452675,0.1642393425421081,0.2891949454865582
1811,0.32825459052739403,0.32439955179900465,0.22840603080088515,0.19509424135311,0.31098199956974265
1812,0.321970206358072,0.3114498269424267,0.2129278536223783,0.21262957918621445,0.30891026086693135
1813,0.28620688659117455,0.2403536291555116,0.1707455095805843,0.21924996787501744,0.28214608399900626
1814,0.2224712972262983,0.13396969416342294,0.113966912079537,0.21068233918185794,0.22961498034388395
1815,0.1392212067522327,0.04647717252842955,0.05841121979141075,0.1800934631733765,0.15215236482173214
1816,0.04840015773215775,0.0045303426613603,0.0177656878328445,0.1243497395047313,0.06203026558378505
1817,0.0,0.0,0.0,0.0528621045798897,0.00352859709940275
1818,0.0,0.0,0.0,0.00209914357305245,0.0
1819,0.0,0.0,0.0,0.0,0.0
1820,0.0,0.0,0.0,0.0,0.0
1821,0.0,0.0,0.0,0.0,0.0
1822,0.0,0.0,0.0,0.0,0.0
1823,0.0,0.0,0.0,0.0,0.0
1824,0.0,0.0,0.0,0.0,0.0
1825,0.0,0.0,0.0,0.0,0.0
1826,0.0,0.0,0.0,0.0,0.0
1827,0.0,0.0,0.0,0.0,0.0
1828,0.0,0.0,0.0,0.0,0.0
1829,0.0,0.0,0.0,0.0,0.0
1830,0.0,0.000565083991728,0.0014535893955531,0.00117677794873555,0.02132717181367945
1831,0.01303147652091655,0.0504546537751912,0.04427273405177895,0.04251807897224485,0.10290627115454384
1832,0.04525588624787035,0.12342387796139885,0.1057855264396744,0.12241524400346795,0.1860160924876685
1833,0.0776835244630684,0.20091363976660684,0.1674161146871751,0.1997162126786638,0.25102911478921736
1834,0.10170510811626665,0.26388791631627995,0.2269181026143163,0.24806092151066575,0.2965488216255545
1835,0.11806498957652165,0.2802748907305122,0.2668917122012388,0.26537344157360077,0.3104291249901097
1836,0.1310639710439979,0.2988392357052088,0.28419048168302496,0.26911857196424954,0.29989504515270693
1837,0.1221794937949528,0.29128370483586014,0.26337965415340436,0.2590200188659198,0.2720873368392573
1838,0.09366258809939745,0.2386608925425122,0.2045902468823323,0.229943131014835,0.2211744378123793
1839,0.06020947949222535,0.17599513996650334,0.1282484454487963,0.1798870607988286,0.14708360980189564
1840,0.01872343970765755,0.0908915106058417,0.0520103422148433,0.10888532913239865,0.0599959047952816
1841,0.0,0.01358499896235405,0.00096738087981595,0.0388483860713503,0.002570742558928
1842,0.0,0.0,0.0,0.00069526129844025,0.0
1843,0.0,0.0,0.0,0.0,0.0
1844,0.0,0.0,0.0,0.0,0.0
1845,0.0,0.0,0.0,0.0,0.0
1846,0.0,0.0,0.0,0.0,0.0
1847,0.0,0.0,0.0,0.0,0.0
1848,0.0,0.0,0.0,0.0,0.0
1849,0.0,0.0,0.0,0.0,0.0
1850,0.0,0.0,0.0,0.0,0.0
1851,0.0,0.0,0.0,0.0,0.0
1852,0.0,0.0,0.0,0.0,0.0
1853,0.0,0.0,0.0,0.0,0.0
1854,0.010254087280238,0.00391450523363615,0.006411746211004,0.0031179705884039,0.01847244971434435
1855,0.0617686553262347,0.08291353182584014,0.08353907915871744,0.0456737605443032,0.0932654930391755
1856,0.1262847388177791,0.193150248726106,0.17130718094459355,0.1256008119908265,0.17448123047933276
1857,0.1759329889887124,0.2797159234030845,0.2311918007630446,0.20023661739796844,0.23349556559310006
1858,0.2091671367071436,0.3253664597433997,0.261743030128208,0.2335954211616555,0.26549796923265967
1859,0.22834561605816345,0.3436583685783534,0.268608484555335,0.24073862218594536,0.2731649908293006
1860,0.22524730644190635,0.3183341180151613,0.2513496707734947,0.24290469217508315,0.25434697328392686
1861,0.196626200955232,0.26357572810602276,0.22480912880443066,0.22476311749611916,0.2212953717187832
1862,0.14891830013117274,0.2074454589112527,0.1821979809700278,0.1856667040025588,0.1774181578855418
1863,0.0935261686202784,0.15027974001505814,0.11941850291313465,0.14327943593420364,0.1118909184778982
1864,0.03377739377309445,0.08442074281877085,0.05329896199052205,0.09447791210767326,0.04079680478770145
1865,0.0,0.0130871177269041,0.00242550614257125,0.0364078562733941,0.00074685597913725
1866,0.0,0.0,0.0,0.0007219280245187,0.0
1867,0.0,0.0,0.0,0.0,0.0
1868,0.0,0.0,0.0,0.0,0.0
1869,0.0,0.0,0.0,0.0,0.0
1870,0.0,0.0,0.0,0.0,0.0
1871,0.0,0.0,0.0,0.0,0.0
1872,0.0,0.0,0.0,0.0,0.0
1873,0.0,0.0,0.0,0.0,0.0
1874,0.0,0.0,0.0,0.0,0.0
1875,0.0,0.0,0.0,0.0,0.0
1876,0.0,0.0,0.0,0.0,0.0
1877,0.0,0.0,0.0,0.0,0.0
1878,0.03624747477457935,0.00909982977377475,0.011065453222763,0.0041102883721935,0.00564191210100755
1879,0.13080341196596335,0.09999037682293525,0.09756331453066475,0.07075522912984315,0.0542676468272838
1880,0.22582863331315925,0.21080623506976776,0.19484689997686594,0.1718841530029542,0.11794410780258835
1881,0.28917770666742576,0.29960619164731095,0.2721437176344059,0.26212015340927736,0.1768299718431971
1882,0.29346235653624164,0.3562845934442946,0.31675935241642716,0.3268764356918642,0.206637214702046
1883,0.25798546438060205,0.38535889577667,0.32736535590190774,0.36797137760362947,0.2127998353283449
1884,0.2246952762909049,0.38638033831583046,0.3160399416964511,0.37988751894971867,0.2004950407774735
1885,0.19156171110732234,0.36090013358900325,0.2863817155539957,0.3609409705397852,0.17356079290822185
1886,0.15645326400301585,0.30749558843293473,0.2355520267219308,0.3175891755038634,0.14129450236835864
1887,0.1086550146154377,0.2261840681023355,0.16673972434894316,0.24571363800933416,0.0908188510755972
1888,0.04175193241578855,0.1227803021346606,0.07901240008951915,0.1537683190742071,0.03246551265680895
1889,0.0007491968788412,0.02436632862962535,0.00379245875226955,0.06136738069886235,0.00070734530353525
1890,0.0,0.0,0.0,0.0020671577024831,0.0
1891,0.0,0.0,0.0,0.0,0.0
1892,0.0,0.0,0.0,0.0,0.0
1893,0.0,0.0,0.0,0.0,0.0
1894,0.0,0.0,0.0,0.0,0.0
1895,0.0,0.0,0.0,0.0,0.0
1896,0.0,0.0,0.0,0.0,0.0
1897,0.0,0.0,0.0,0.0,0.0
1898,0.0,0.0,0.0,0.0,0.0
1899,0.0,0.0,0.0,0.0,0.0
1900,0.0,0.0,0.0,0.0,0.0
1901,0.0,0.0,0.0,0.0,0.0
1902,0.04367970718799495,0.0101221677154148,0.0108075379722228,0.004444941132991,0.02851345304212875
1903,0.14603628607631944,0.1032227778101474,0.0953205390427321,0.0766327537018494,0.11397297827207024
1904,0.24258721049581675,0.21379347828263676,0.19071264448252775,0.1824679387614247,0.2030433547368764
1905,0.3129386123685057,0.30157782667421523,0.2672598894126601,0.2748115614618546,0.2704345561447941
1906,0.35379629702732146,0.3574963979266514,0.3178585225081533,0.3400723357801174,0.30759993510292744
1907,0.3669254899198738,0.38590587391863623,0.3432611624099436,0.37822244556487106,0.32158729693780186
1908,0.3545747540401978,0.38547362944882646,0.3420144299700455,0.389147100664728,0.3131667887907933
1909,0.3160397030498251,0.35846683333249435,0.31297740740290053,0.37353387032582575,0.28052566916009397
1910,0.25047412916764844,0.3042399549770763,0.2571328106072366,0.3311898629825481,0.22299757695075256
1911,0.1613987200118478,0.22337021370436586,0.17686081214067875,0.26255118970853314,0.14450507736595486
1912,0.0622599975152367,0.12128025471761116,0.0816170628612783,0.1708736474714786,0.056908279270675
1913,0.0006626513479772,0.02391690812247825,0.00423205748373165,0.06992766164020495,0.00150745779418
1914,0.0,0.0,0.0,0.00307067039669855,0.0
1915,0.0,0.0,0.0,0.0,0.0
1916,0.0,0.0,0.0,0.0,0.0
1917,0.0,0.0,0.0,0.0,0.0
1918,0.0,0.0,0.0,0.0,0.0
1919,0.0,0.0,0.0,0.0,0.0
1920,0.0,0.0,0.0,0.0,0.0
1921,0.0,0.0,0.0,0.0,0.0
1922,0.0,0.0,0.0,0.0,0.0
1923,0.0,0.0,0.0,0.0,0.0
1924,0.0,0.0,0.0,0.0,0.0
1925,0.0,0.0,0.0,0.0,0.0
1926,0.04292449318371195,0.0094259685351113,0.0115954306831681,0.0045182649233879,0.03047872818318295
1927,0.1420812748849975,0.1016418872913141,0.09725848123018005,0.07816492607520145,0.1151331170819141
1928,0.23483165153925045,0.21035697012350404,0.18971562795434296,0.1835927820134986,0.19505495282937865
1929,0.30070880815808687,0.29636662538979985,0.26387905154927127,0.27439652366844525,0.2561075408742544
1930,0.33701032212263604,0.35015453715098827,0.3120070121929764,0.33715912060046654,0.2965743716700118
1931,0.3484163929768713,0.3778974281132705,0.3322197681380639,0.37306794299401524,0.31215275723402536
1932,0.33567162775431697,0.37721915477112866,0.32758461345055845,0.38268491857047804,0.30359928376244916
1933,0.2945228180386479,0.35076665952980884,0.2987153566640528,0.3669746737492358,0.26985230294606943
1934,0.2242757204276287,0.29769637194970267,0.24343264952427884,0.326218499067625,0.21706482552892614
1935,0.13706508629929814,0.21891949564344,0.166079543203294,0.25996971414735814,0.1468405941927772
1936,0.0502027719833656,0.1190076574201445,0.07612499682873895,0.17015289248788454,0.06154949133222565
1937,0.0,0.0230955093831933,0.0031674526465253,0.07007097553266285,0.0022086098057605
1938,0.0,0.0,0.0,0.0033076258094708,0.0
1939,0.0,0.0,0.0,0.0,0.0
1940,0.0,0.0,0.0,0.0,0.0
1941,0.0,0.0,0.0,0.0,0.0
1942,0.0,0.0,0.0,0.0,0.0
1943,0.0,0.0,0.0,0.0,0.0
1944,0.0,0.0,0.0,0.0,0.0
1945,0.0,0.0,0.0,0.0,0.0
1946,0.0,0.0,0.0,0.0,0.0
1947,0.0,0.0,0.0,0.0,0.0
1948,0.0,0.0,0.0,0.0,0.0
1949,0.0,0.0,0.0,0.0,0.0
1950,0.0423385253821406,0.0113115313016384,0.0145970376673278,0.00435674956589675,0.0387126452696159
1951,0.1416741463555202,0.1034482653152124,0.10502996560333525,0.0771274721555701,0.1380623547415842
1952,0.23426594946650944,0.20784620791057035,0.19978820234570305,0.17983666276101085,0.2335317296451578
1953,0.30231785699252545,0.29286244688462054,0.27303683891881103,0.2691676260830102,0.30373585185323015
1954,0.3420139761731065,0.34698265108500004,0.31970049206858286,0.33153070272381346,0.34646432594298004
1955,0.35528863158588614,0.373944677177319,0.34064579298183695,0.3668420538699901,0.36056323405491775
1956,0.34303030490594394,0.3736980231036655,0.3367998493883797,0.37728054649489123,0.3485352485321938
1957,0.3052756798702041,0.3476910153541811,0.30675093106049467,0.36300893996677225,0.3112302188293308
1958,0.24237183901033485,0.29572612957000466,0.24909090687948174,0.3226497189451138,0.2504775327957534
1959,0.15670240123029675,0.2179022244314546,0.16958208606610534,0.2573195627223967,0.16926089437723116
1960,0.0609844742347513,0.1190728644757765,0.07671065811104895,0.1685774126566154,0.0732000758271515
1961,0.00061790170312685,0.02342236155853005,0.00238118631015645,0.06959704197059215,0.0030978561478807
1962,0.0,0.0,0.0,0.00288507501371335,0.0
1963,0.0,0.0,0.0,0.0,0.0
1964,0.0,0.0,0.0,0.0,0.0
1965,0.0,0.0,0.0,0.0,0.0
1966,0.0,0.0,0.0,0.0,0.0
1967,0.0,0.0,0.0,0.0,0.0
1968,0.0,0.0,0.0,0.0,0.0
1969,0.0,0.0,0.0,0.0,0.0
1970,0.0,0.0,0.0,0.0,0.0
1971,0.0,0.0,0.0,0.0,0.0
1972,0.0,0.0,0.0,0.0,0.0
1973,0.0,0.0,0.0,0.0,0.0
1974,0.04259267370037075,0.01107585298027755,0.0102281481136839,0.0045781129515418,0.0423216157608359
1975,0.1355876589300126,0.103025988988078,0.07877214464064225,0.07906850112951475,0.1421677388081529
1976,0.22387647746308226,0.20704754054364455,0.15192494782948596,0.18229737396959414,0.23489663174101594
1977,0.2943906082689898,0.2899949899123734,0.21040665351712196,0.2712681451870425,0.3045651876168103
1978,0.33786432502369124,0.3425106918387025,0.246661601891088,0.3337905655840129,0.34732673256671187
1979,0.3492394871808265,0.36932591015814725,0.2597138701773592,0.36977965470276253,0.36350142601121205
1980,0.3333545043428036,0.368765064106997,0.2446440959183763,0.3794397278916889,0.3542011581206154
1981,0.29427552727706763,0.34330627117568435,0.20524551521503495,0.36308634543857693,0.318288440831526
1982,0.2320378149767341,0.2914459627796919,0.1539724312793909,0.32027607205559955,0.25463692524511333
1983,0.1501301913209447,0.2142379518613932,0.09515364476922505,0.25182939740166155,0.1705297717149026
1984,0.0580605245985211,0.11654705653183245,0.0362442423478986,0.1632251241183286,0.0747459032131637
1985,0.0,0.02194051066939835,0.0,0.0672959833725727,0.00330440673141995
1986,0.0,0.0,0.0,0.00234112969709915,0.0
1987,0.0,0.0,0.0,0.0,0.0
1988,0.0,0.0,0.0,0.0,0.0
1989,0.0,0.0,0.0,0.0,0.0
1990,0.0,0.0,0.0,0.0,0.0
1991,0.0,0.0,0.0,0.0,0.0
1992,0.0,0.0,0.0,0.0,0.0
1993,0.0,0.0,0.0,0.0,0.0
1994,0.0,0.0,0.0,0.0,0.0
1995,0.0,0.0,0.0,0.0,0.0
1996,0.0,0.0,0.0,0.0,0.0
1997,0.0,0.0,0.0,0.0,0.0
1998,0.01878950451650685,0.00054475772900585,0.00685524285197225,0.0025103734330464,0.04169333805837035
1999,0.08644677787375735,0.04987412485685305,0.073334194486352,0.05906488360706175,0.1401136973079073
2000,0.1638333890174449,0.1277972932091347,0.1531674075478166,0.14404800367022186,0.2319859107217868
2001,0.2212250174709001,0.21322230115842736,0.2139957526857062,0.22278625372563646,0.3023726764568934
2002,0.25310945112390204,0.2803251786679628,0.2427045093714464,0.28207589846832937,0.34538527432459853
2003,0.25279172279193873,0.30863993893816344,0.2571132678797147,0.3087054618728522,0.3623483673173049
2004,0.23199028947471534,0.3079627123120731,0.2605800793885889,0.3048983405432312,0.35385492128186885
2005,0.19529249297694784,0.2782691428869604,0.22838597194410354,0.2809663914644805,0.3186035927577386
2006,0.13007703210097765,0.22980131928212594,0.175277745457112,0.2363886234115282,0.2559624870818603
2007,0.070362884587324,0.16543634706389346,0.1154989115034436,0.174423424994641,0.17032414525667275
2008,0.0265040970261593,0.0863203025044028,0.0482009067027753,0.1060885106049649,0.07364911828124936
2009,0.0,0.01436155680044245,0.00100704058739865,0.04205416838883105,0.0033350693026634
2010,0.0,0.0,0.0,0.0010922518810218,0.0
2011,0.0,0.0,0.0,0.0,0.0
2012,0.0,0.0,0.0,0.0,0.0
2013,0.0,0.0,0.0,0.0,0.0
2014,0.0,0.0,0.0,0.0,0.0
2015,0.0,0.0,0.0,0.0,0.0
2016,0.0,0.0,0.0,0.0,0.0
2017,0.0,0.0,0.0,0.0,0.0
2018,0.0,0.0,0.0,0.0,0.0
2019,0.0,0.0,0.0,0.0,0.0
2020,0.0,0.0,0.0,0.0,0.0
2021,0.0,0.0,0.0,0.0,0.0
2022,0.0286168167929136,0.0009115249373927,0.0,0.0032119008174295,0.0242114352514803
2023,0.10772807868693746,0.0578591585227839,0.03880746623269145,0.0746052528071691,0.09306350185944375
2024,0.17641798242569576,0.14290079174066975,0.10575814226543324,0.17415338171000985,0.1619302709786473
2025,0.230198725412097,0.2181523862255926,0.1547261496242413,0.2647431586320246,0.2119130430324957
2026,0.26704463522332783,0.2727648244468703,0.1665186893694507,0.33046284856603547,0.242397393887483
2027,0.27442061196284623,0.31554655094737183,0.17124387328681345,0.3725930986935045,0.2544272304581715
2028,0.26549621805209195,0.338128874530329,0.1683650322319883,0.38899087363421053,0.24466442032356195
2029,0.22818772911076374,0.3257953424329085,0.1364958987838714,0.376171291980894,0.2187798019707523
2030,0.16442936973637404,0.28297717194312205,0.10447831883579255,0.3376413037714543,0.17486554786378156
2031,0.10330655251638655,0.2110421243154603,0.0705756759563156,0.27070895844456727,0.1071882058243426
2032,0.0413407699162418,0.1173369722404771,0.02397751632588165,0.1788019882772921,0.0379470305402216
2033,0.0,0.02255758615938425,0.0,0.07592207649451885,0.0
2034,0.0,0.0,0.0,0.00295158199428675,0.0
2035,0.0,0.0,0.0,0.0,0.0
2036,0.0,0.0,0.0,0.0,0.0
2037,0.0,0.0,0.0,0.0,0.0
2038,0.0,0.0,0.0,0.0,0.0
2039,0.0,0.0,0.0,0.0,0.0
2040,0.0,0.0,0.0,0.0,0.0
2041,0.0,0.0,0.0,0.0,0.0
2042,0.0,0.0,0.0,0.0,0.0
2043,0.0,0.0,0.0,0.0,0.0
2044,0.0,0.0,0.0,0.0,0.0
2045,0.0,0.0,0.0,0.0,0.0
2046,0.0084814851794313,0.01444345163743745,0.00162785143082145,0.00552006418145665,0.01783838406709035
2047,0.04839627585381595,0.1109746079837877,0.04317413022886505,0.08728011597119305,0.0795960109183209
2048,0.1013345291075284,0.21454767811826184,0.09636915967379825,0.19402062009325535,0.1389048239126977
2049,0.1480745287447035,0.29537296068751473,0.14626080102210195,0.284006207732659,0.1759901101763118
2050,0.1720223714133972,0.3348165755307556,0.16745364195620124,0.34718470837330956,0.19613257174062645
2051,0.1628476707288913,0.33919413377649865,0.1577818497467971,0.3815385788342782,0.2018200623947061
2052,0.16085671085653805,0.3208090690778892,0.14908341912012396,0.38858654160435696,0.20247225237595665
2053,0.15694271060516105,0.2852383020551907,0.13159414729196994,0.37233127838773034,0.18957637175697295
2054,0.1213477445879353,0.2346436403368685,0.0932402711789793,0.3317173362577089,0.14727402244908555
2055,0.0750085309995664,0.1683351701088944,0.0543508769238176,0.2656621302418038,0.0922475464345183
2056,0.0246660630673208,0.09400956991343265,0.01950717149145105,0.1750578902750427,0.0375839284053548
2057,0.0,0.0191580290126988,0.0,0.0732097709545669,0.0018098746150935
2058,0.0,0.0,0.0,0.00265026159361245,0.0
2059,0.0,0.0,0.0,0.0,0.0
2060,0.0,0.0,0.0,0.0,0.0
2061,0.0,0.0,0.0,0.0,0.0
2062,0.0,0.0,0.0,0.0,0.0
2063,0.0,0.0,0.0,0.0,0.0
2064,0.0,0.0,0.0,0.0,0.0
2065,0.0,0.0,0.0,0.0,0.0
2066,0.0,0.0,0.0,0.0,0.0
2067,0.0,0.0,0.0,0.0,0.0
2068,0.0,0.0,0.0,0.0,0.0
2069,0.0,0.0,0.0,0.0,0.0
2070,0.0335174502704875,0.015993044008633,0.01027451606858515,0.0056618493999917,0.0224046302229894
2071,0.11593055044564145,0.1148113810700067,0.07747351148206255,0.0865726085951706,0.0943955654070741
2072,0.1804673344717904,0.21979816175392544,0.1501445024417719,0.1914875988107782,0.1689075307932301
2073,0.2159176886136912,0.30317699273030463,0.20680113847580556,0.28087356984252543,0.22916160056561155
2074,0.22659015249236225,0.35816415629664927,0.23331380690266554,0.34352918894319645,0.26620652159602515
2075,0.2082681080320093,0.3803085673293801,0.2211587232963338,0.378952035923811,0.2809563310071385
2076,0.18579257508906696,0.371984641103573,0.1740208758940122,0.3866700336005692,0.2723097312820776
2077,0.15117604580261346,0.338617367206593,0.11912845978579575,0.36752644093228504,0.24125646891234434
2078,0.10056372483753225,0.2893301362097284,0.0766386081458146,0.3234467632503004,0.19303897215702964
2079,0.05582444154560125,0.2178674573348423,0.04032959561450465,0.2550507929791642,0.12959836954235315
2080,0.01762520985954615,0.12017619539220085,0.0115773609808758,0.16598445646091825,0.05666460661417615
2081,0.00059787555704165,0.0242232425539091,0.0,0.0701590034616249,0.00287767095375695
2082,0.0,0.0,0.0,0.0025525697822392,0.0
2083,0.0,0.0,0.0,0.0,0.0
2084,0.0,0.0,0.0,0.0,0.0
2085,0.0,0.0,0.0,0.0,0.0
2086,0.0,0.0,0.0,0.0,0.0
2087,0.0,0.0,0.0,0.0,0.0
2088,0.0,0.0,0.0,0.0,0.0
2089,0.0,0.0,0.0,0.0,0.0
2090,0.0,0.0,0.0,0.0,0.0
2091,0.0,0.0,0.0,0.0,0.0
2092,0.0,0.0,0.0,0.0,0.0
2093,0.0,0.0,0.0,0.0,0.0
2094,0.04151530045105575,0.01658956748230665,0.0125568916933528,0.00603858474450575,0.04869884808992235
2095,0.13364451254749965,0.11454901680375895,0.0922077535188637,0.0875261744550195,0.1523565426168528
2096,0.2170839992382179,0.2179307634704862,0.17603348897733956,0.191221602112847,0.2458464913560205
2097,0.26915659394264385,0.30006991859390647,0.2418425484015026,0.2788374267291126,0.31285466704404086
2098,0.2971755645689074,0.3534607942840543,0.27791060783230975,0.34020251184615286,0.353024845521851
2099,0.3185141501846044,0.37930122776237996,0.28223967735371636,0.37405650407715774,0.3654405386474356
2100,0.33155238529374464,0.3779765351254474,0.2765020147701592,0.3769512635280581,0.35281048600661424
2101,0.30827563510741757,0.3488713618262967,0.2651690943895215,0.35144311205397205,0.3173382126223914
2102,0.2440893821877885,0.29116443171140666,0.22832187195122014,0.3010680159942834,0.2569598112635198
2103,0.1575382754862203,0.21237248512086154,0.1640035191516581,0.22861165100049274,0.17440725271316285
2104,0.0622632529957439,0.119488179582855,0.08172542016570855,0.14646235393010376,0.0773423496841607
2105,0.00072178905262685,0.02535228906004135,0.0048907535739856,0.0625060219729177,0.0029950448668363
2106,0.0,0.0,0.0,0.0020646521990509,0.0
2107,0.0,0.0,0.0,0.0,0.0
2108,0.0,0.0,0.0,0.0,0.0
2109,0.0,0.0,0.0,0.0,0.0
2110,0.0,0.0,0.0,0.0,0.0
2111,0.0,0.0,0.0,0.0,0.0
2112,0.0,0.0,0.0,0.0,0.0
2113,0.0,0.0,0.0,0.0,0.0
2114,0.0,0.0,0.0,0.0,0.0
2115,0.0,0.0,0.0,0.0,0.0
2116,0.0,0.0,0.0,0.0,0.0
2117,0.0,0.0,0.0,0.0,0.0
2118,0.0564460587691554,0.0177984670958479,0.0238785558336201,0.00634529648392515,0.05174633340554815
2119,0.1578635285012879,0.11728381680607805,0.1203925983067066,0.0868580696812757,0.15514177151710865
2120,0.24769915961442615,0.22138968561751995,0.2154596460532157,0.18872546156463865,0.24872348605772246
2121,0.31195821966259457,0.3023115257225837,0.2880433938517529,0.2773817377056536,0.31739492570509986
2122,0.3489851529410133,0.3552044484927896,0.3336675038604122,0.3401009166913005,0.35867627682778475
2123,0.3607492575398717,0.38012449667867587,0.35193883622213257,0.37498126004055216,0.373449058556927
2124,0.34684612017056365,0.3785725050187444,0.3447348733922804,0.38413560300453065,0.3608229039324901
2125,0.30900721542486004,0.3511195026144226,0.308102249334041,0.3668384983207471,0.3250031405986799
2126,0.247462820281077,0.296480899431346,0.24408285347881625,0.32444615343994826,0.26578872275686927
2127,0.16266669492381636,0.2182107300876201,0.16656959422959744,0.25932155118966427,0.18226719618101395
2128,0.06638825535159346,0.1223470020191107,0.0799166006355705,0.1723512008776671,0.08192520505690255
2129,0.00069709012002545,0.0257624934471785,0.00358943772894195,0.07360838814316945,0.0040534021872619
2130,0.0,0.0,0.0,0.0024685609067006,0.0
2131,0.0,0.0,0.0,0.0,0.0
2132,0.0,0.0,0.0,0.0,0.0
2133,0.0,0.0,0.0,0.0,0.0
2134,0.0,0.0,0.0,0.0,0.0
2135,0.0,0.0,0.0,0.0,0.0
2136,0.0,0.0,0.0,0.0,0.0
2137,0.0,0.0,0.0,0.0,0.0
2138,0.0,0.0,0.0,0.0,0.0
2139,0.0,0.0,0.0,0.0,0.0
2140,0.0,0.0,0.0,0.0,0.0
2141,0.0,0.0,0.0,0.0,0.0
2142,0.05777560752286595,0.01960439295541515,0.02088423422776895,0.00657435850702025,0.0525725760712078
2143,0.1590582963663,0.1192491380906717,0.1051159962401339,0.08873742643101555,0.15593400632206625
2144,0.24875210033101516,0.2203385106019279,0.18781099889835365,0.1894093189468862,0.24834962966604934
2145,0.3125975765923084,0.300422271139975,0.25254075677571863,0.2733981489059841,0.3162258427829255
2146,0.3498114958685747,0.35262263752155115,0.2969798769723748,0.3304338572135474,0.35710463045665075
2147,0.3617235494326395,0.37564396782039366,0.31455759384880233,0.3597064644241936,0.37237754761512565
2148,0.3472146981858959,0.3731288056398511,0.295397786418608,0.3648304510790821,0.3617268222067911
2149,0.30359378721955976,0.34673320765957616,0.2562553645948773,0.34298298511336095,0.32458080025933805
2150,0.2338117846367016,0.29153661777128476,0.20524576969807354,0.2976453179109474,0.2608098753897331
2151,0.1479523870627916,0.214177288269467,0.1391714696496813,0.231209646598233,0.17566057530834076
2152,0.05910804645991825,0.11996707326669895,0.06747827711397494,0.1436604481686557,0.0778624606529005
2153,0.0006600613761816,0.0242933494389433,0.00343977517382155,0.0566559355754039,0.0029687934658846
2154,0.0,0.0,0.0,0.0020766533746212,0.0
2155,0.0,0.0,0.0,0.0,0.0
2156,0.0,0.0,0.0,0.0,0.0
2157,0.0,0.0,0.0,0.0,0.0
2158,0.0,0.0,0.0,0.0,0.0
2159,0.0,0.0,0.0,0.0,0.0
2160,0.0,0.0,0.0,0.0,0.0
2161,0.0,0.0,0.0,0.0,0.0
2162,0.0,0.0,0.0,0.0,0.0
2163,0.0,0.0,0.0,0.0,0.0
2164,0.0,0.0,0.0,0.0,0.0
2165,0.0,0.0,0.0,0.0,0.0
2166,0.05085987318034535,0.0200411686055456,0.02296653125114185,0.00526552734292165,0.0476060790718919
2167,0.143949666301603,0.11761687999770765,0.1159026487645421,0.05819776686105295,0.14079477516944655
2168,0.23503280500140436,0.2152866365502794,0.2112334257079768,0.1327774206248198,0.22428501707910445
2169,0.3015145200576434,0.2903320694727814,0.28572200899444145,0.2012782688300222,0.2843160399928194
2170,0.3386866345944423,0.3342117855189638,0.33321623071711887,0.25370621794900855,0.3180048278378779
2171,0.3481615089372329,0.3492461120879839,0.3537107526682054,0.28568289739351294,0.32646954483265955
2172,0.3272859419517799,0.33283673354867954,0.34703921936153365,0.2946646138905328,0.30676677714298506
2173,0.28626100084646644,0.2883367885570889,0.3055642378335356,0.28075026575659884,0.26409957122934796
2174,0.2296933690639161,0.2330235746129772,0.234574802876411,0.2433430787840126,0.2040263128968645
2175,0.1532224637814713,0.16437315022421725,0.1522606377657454,0.1871492006350514,0.13116313219577136
2176,0.063361494636599,0.0831490896323926,0.07026206216401185,0.1136582353109933,0.0535279414831173
2177,0.0005862741792947,0.01306819502905085,0.00370736044532935,0.0419956612595036,0.0
2178,0.0,0.0,0.0,0.0008440636041898,0.0
2179,0.0,0.0,0.0,0.0,0.0
2180,0.0,0.0,0.0,0.0,0.0
2181,0.0,0.0,0.0,0.0,0.0
2182,0.0,0.0,0.0,0.0,0.0
2183,0.0,0.0,0.0,0.0,0.0
2184,0.0,0.0,0.0,0.0,0.0
2185,0.0,0.0,0.0,0.0,0.0
2186,0.0,0.0,0.0,0.0,0.0
2187,0.0,0.0,0.0,0.0,0.0
2188,0.0,0.0,0.0,0.0,0.0
2189,0.0,0.0,0.0,0.0,0.0
2190,0.05577313030939355,0.01425452724270155,0.0233887269811453,0.00561434149605145,0.0285839567062222
2191,0.15009935436294794,0.09912029000439256,0.11141073562930935,0.05458285673191255,0.0991921824458108
2192,0.23423416420449156,0.19618302051895245,0.19769959520443395,0.1174495768530045,0.1712634409354162
2193,0.29169704000668706,0.2767985810821125,0.2645123771624279,0.1753318348825416,0.22791635015599565
2194,0.32453032697732026,0.33098925517943323,0.30889826174398216,0.22976461558954464,0.26078142024773515
2195,0.33367271276408983,0.3501792777357434,0.3259330530142052,0.2653154109149905,0.27258028634553844
2196,0.3191342763469192,0.32954433113548315,0.3140400866867695,0.2792719608898109,0.25994444114832577
2197,0.27345035786147687,0.27848377292167553,0.27816846140586066,0.26494273115047473,0.2155028498282771
2198,0.1995307596333519,0.2177214008943846,0.2201878236263049,0.22271581603581755,0.156105439167486
2199,0.11539985727454255,0.1366560078688183,0.14066310485472894,0.1715815259906272,0.09296864681902335
2200,0.03953768346440175,0.0574034346587932,0.05876532940732955,0.1132783156958102,0.0326161040088118
2201,0.0,0.007038861346061,0.0009851309294971,0.05096145136570015,0.00054083048452655
2202,0.0,0.0,0.0,0.0014881191651095,0.0
2203,0.0,0.0,0.0,0.0,0.0
2204,0.0,0.0,0.0,0.0,0.0
2205,0.0,0.0,0.0,0.0,0.0
2206,0.0,0.0,0.0,0.0,0.0
2207,0.0,0.0,0.0,0.0,0.0
2208,0.0,0.0,0.0,0.0,0.0
2209,0.0,0.0,0.0,0.0,0.0
2210,0.0,0.0,0.0,0.0,0.0
2211,0.0,0.0,0.0,0.0,0.0
2212,0.0,0.0,0.0,0.0,0.0
2213,0.0,0.0,0.0,0.0,0.0
2214,0.02934574539204265,0.00539623158677475,0.0085934146270029,0.00088282581311805,0.0248088100727713
2215,0.0967035398211609,0.06005673310235305,0.0593941046495444,0.0229628887045402,0.0942378019872393
2216,0.18335182668159206,0.11170572867383664,0.1169214220585994,0.06444350511182564,0.16194892059458996
2217,0.25186528528639657,0.13903384101988905,0.17409641053811095,0.1076351712823929,0.2218738296404489
2218,0.29657118656381526,0.14014779054440984,0.2180363354507926,0.1492432860075533,0.25596401117530515
2219,0.3197097898050976,0.14744517691355424,0.2404054047326374,0.1881307847177548,0.25993558580834025
2220,0.3097744869317619,0.1534300035155169,0.23875911409165285,0.2105319191082743,0.2507528047925068
2221,0.27022272529346614,0.1282745466586521,0.21761896200330494,0.21087763048443015,0.22595510665809654
2222,0.21189977846748664,0.08591881468388406,0.17880141398981625,0.1834268836119569,0.1750474004345981
2223,0.13692935777532855,0.0483991784408535,0.11965241024332104,0.13984664777845485,0.11497477118753265
2224,0.05576977154475975,0.0178122337180032,0.0514538889897101,0.0904959694420419,0.0526557658241474
2225,0.0,0.0,0.0,0.03726424364023735,0.0026525976562132
2226,0.0,0.0,0.0,0.00159874016473905,0.0
2227,0.0,0.0,0.0,0.0,0.0
2228,0.0,0.0,0.0,0.0,0.0
2229,0.0,0.0,0.0,0.0,0.0
2230,0.0,0.0,0.0,0.0,0.0
2231,0.0,0.0,0.0,0.0,0.0
2232,0.0,0.0,0.0,0.0,0.0
2233,0.0,0.0,0.0,0.0,0.0
2234,0.0,0.0,0.0,0.0,0.0
2235,0.0,0.0,0.0,0.0,0.0
2236,0.0,0.0,0.0,0.0,0.0
2237,0.0,0.0,0.0,0.0,0.0
2238,0.05041629618299585,0.0,0.0109277266883191,0.00458784138899385,0.03497467275815815
2239,0.13269787360572755,0.0005919794579837,0.04883042451611525,0.0642033501314426,0.1048352734092784
2240,0.2019416840346216,0.0072977657406608,0.09196951720902725,0.14387016629847474,0.16546103127890574
2241,0.24066166214166984,0.01741392741157525,0.13210976089051335,0.21485941494749974,0.20639465190154355
2242,0.24807460552340915,0.0319743016633478,0.1552794029265143,0.28261706182214363,0.22915152776203546
2243,0.24645216028529535,0.0506284831279073,0.1645268696616129,0.3312863407351682,0.22335517491345705
2244,0.2527821631226876,0.07725376167006776,0.1581642233614379,0.3483834031079217,0.1904412219505468
2245,0.2366210423066757,0.08883931465891565,0.1355952575749028,0.3347596992173313,0.14014138221796854
2246,0.186185197429742,0.0711043227607635,0.1053765437419335,0.2926033537817561,0.0854363066509716
2247,0.11847208010727894,0.04781027415446145,0.06501833866375215,0.22832398524911746,0.0456149678342651
2248,0.04450860244820895,0.0239138689943305,0.0235000454490951,0.1466100908920918,0.0169781451699778
2249,0.0,0.0057313405888241,0.0,0.0633416288256671,0.00064094435610535
2250,0.0,0.0,0.0,0.00219101115841565,0.0
2251,0.0,0.0,0.0,0.0,0.0
2252,0.0,0.0,0.0,0.0,0.0
2253,0.0,0.0,0.0,0.0,0.0
2254,0.0,0.0,0.0,0.0,0.0
2255,0.0,0.0,0.0,0.0,0.0
2256,0.0,0.0,0.0,0.0,0.0
2257,0.0,0.0,0.0,0.0,0.0
2258,0.0,0.0,0.0,0.0,0.0
2259,0.0,0.0,0.0,0.0,0.0
2260,0.0,0.0,0.0,0.0,0.0
2261,0.0,0.0,0.0,0.0,0.0
2262,0.0187719547374612,0.01295559863694735,0.00147614639249385,0.00941741614384,0.0331581174175987
2263,0.058181233138394,0.08290038354461625,0.0253416109457799,0.06548338738969235,0.11128503022347434
2264,0.09208767583654115,0.1713602200577917,0.0563946892649585,0.1426691721917304,0.18919896792521615
2265,0.11918079280784186,0.2626333678164207,0.0817710360469162,0.2156777077101802,0.24070040922194935
2266,0.1315205071030355,0.3212626087984365,0.09450387883913874,0.2631390582449296,0.26864256060630654
2267,0.12338948705998674,0.3480473996107934,0.0963195432057764,0.29025586501430045,0.2793875846492452
2268,0.1079133343439428,0.35112261278734463,0.0955906058319429,0.3010768444696927,0.2633089648802195
2269,0.08120776245206295,0.3317748354367371,0.0882923033682443,0.29055750817393605,0.22708375135511855
2270,0.0508736057551772,0.28673024033469036,0.06953720295059165,0.2535027735642156,0.17785769257211415
2271,0.0298476756546231,0.21549862646880005,0.04339007842639635,0.1888464651901307,0.12109350262027604
2272,0.0128492951672759,0.12685233949680455,0.0154882794796408,0.11370796016829444,0.05574087981760775
2273,0.00064175169988475,0.03050451246776645,0.0,0.04354141159578315,0.0039883012505815
2274,0.0,0.0,0.0,0.00057101636856425,0.0
2275,0.0,0.0,0.0,0.0,0.0
2276,0.0,0.0,0.0,0.0,0.0
2277,0.0,0.0,0.0,0.0,0.0
2278,0.0,0.0,0.0,0.0,0.0
2279,0.0,0.0,0.0,0.0,0.0
2280,0.0,0.0,0.0,0.0,0.0
2281,0.0,0.0,0.0,0.0,0.0
2282,0.0,0.0,0.0,0.0,0.0
2283,0.0,0.0,0.0,0.0,0.0
2284,0.0,0.0,0.0,0.0,0.0
2285,0.0,0.0,0.0,0.0,0.0
2286,0.0240454607244422,0.0085388414325106,0.01664469610638475,0.00353369529246095,0.0409945041013832
2287,0.0808121843590857,0.07024304527168584,0.08653562910659345,0.0237632789894787,0.1247410572905764
2288,0.14104727392896285,0.1499891024120382,0.1681447823591166,0.0546181484972249,0.20192806834803675
2289,0.16418614557242586,0.22028006406038794,0.2335402541308377,0.08770842655825345,0.2607659957140291
2290,0.1697473306153963,0.27429396784566173,0.2520860346151589,0.12203509621594714,0.29529314480804875
2291,0.17481385613364364,0.309003254692716,0.23080004653090036,0.14456698209987934,0.30216004323847256
2292,0.16649803896304305,0.3119490879553147,0.20096070771688485,0.1476277569057182,0.2819342314976127
2293,0.1439779112286389,0.2878904359743663,0.177812456910252,0.1416362875269702,0.23573169515528805
2294,0.11532681114354346,0.24607463451883496,0.14370115339237055,0.1277592660501583,0.1736400812345917
2295,0.0883840532244726,0.1829300270428476,0.1006495641688782,0.10254207897085316,0.10362466885117246
2296,0.0402840355164844,0.10462520674994395,0.05214383062416635,0.0699439408467678,0.0373753286980344
2297,0.00056623089276215,0.0229900263521805,0.00161174091192665,0.03451028342066285,0.0
2298,0.0,0.0,0.0,0.001596560637251,0.0
2299,0.0,0.0,0.0,0.0,0.0
2300,0.0,0.0,0.0,0.0,0.0
2301,0.0,0.0,0.0,0.0,0.0
2302,0.0,0.0,0.0,0.0,0.0
2303,0.0,0.0,0.0,0.0,0.0
2304,0.0,0.0,0.0,0.0,0.0
2305,0.0,0.0,0.0,0.0,0.0
2306,0.0,0.0,0.0,0.0,0.0
2307,0.0,0.0,0.0,0.0,0.0
2308,0.0,0.0,0.0,0.0,0.0
2309,0.0,0.0,0.0,0.0,0.0
2310,0.0452633278765646,0.00311350426771695,0.0244718725253772,0.0047034748998446,0.02703612794263545
2311,0.11035470275830735,0.032470824541177,0.09660244752999955,0.0560163395597218,0.0867581732467916
2312,0.17069881439576526,0.06656457298134665,0.17215972693556955,0.1241281982759253,0.14723954158528094
2313,0.22242847760905385,0.09894209640395076,0.24087170587800935,0.1874045126638616,0.206387309143381
2314,0.25486633708851014,0.1336966090514567,0.28162197249028753,0.237314525473242,0.23930603979058254
2315,0.25510035982746937,0.15484025056011794,0.27488769399926355,0.26310842640675375,0.24064307379644845
2316,0.2307462129774372,0.1629375786010419,0.23642599698383035,0.2762088236907702,0.22553598015520684
2317,0.19465637743684064,0.14856804028734136,0.1807526843212567,0.2722644218417616,0.2005131703974396
2318,0.1505462594358816,0.12369976307746446,0.12143351511165655,0.2367438200284498,0.16098060962651745
2319,0.10148595616647055,0.09508762494692236,0.0723209665927216,0.1850900089091846,0.1028781976875044
2320,0.04373590693878985,0.05194955018935985,0.0319557100521692,0.1209506852863648,0.04113558280221585
2321,0.0,0.00700935376519985,0.0006106650357804,0.0509642528512881,0.0005448589922264
2322,0.0,0.0,0.0,0.00188500433085775,0.0
2323,0.0,0.0,0.0,0.0,0.0
2324,0.0,0.0,0.0,0.0,0.0
2325,0.0,0.0,0.0,0.0,0.0
2326,0.0,0.0,0.0,0.0,0.0
2327,0.0,0.0,0.0,0.0,0.0
2328,0.0,0.0,0.0,0.0,0.0
2329,0.0,0.0,0.0,0.0,0.0
2330,0.0,0.0,0.0,0.0,0.0
2331,0.0,0.0,0.0,0.0,0.0
2332,0.0,0.0,0.0,0.0,0.0
2333,0.0,0.0,0.0,0.0,0.0
2334,0.0262698073130003,0.0083809478279756,0.0096650715763715,0.01110974242667835,0.04149330257432015
2335,0.0758124059004483,0.07813237585077056,0.0587215622194808,0.07881640942990766,0.12588452910705664
2336,0.13180466061722335,0.16459516727572066,0.10639891906317495,0.15782275620965144,0.19906671687433544
2337,0.18370376727134816,0.22436249036484726,0.138127621575311,0.22076632877958624,0.2426151808021708
2338,0.22710815629725664,0.24564551149833094,0.15290782647258974,0.2563868090696963,0.272657866768262
2339,0.22909185887489075,0.2402755363827398,0.1493929628469179,0.26172749866925393,0.2849315014955455
2340,0.20785400318199834,0.2241651456760864,0.1401176186036611,0.24726846573880595,0.27315302101509525
2341,0.1779524394523083,0.205918173353167,0.1208216108942192,0.23550449831316286,0.2381266464362373
2342,0.13345736676303824,0.1725450415227412,0.0909917972158647,0.2075684305047213,0.18370409307880184
2343,0.0867186927310314,0.1250873232111801,0.0579302745266093,0.16214908942385226,0.12172374456794455
2344,0.0311090607923867,0.06733649091017195,0.0231748348447503,0.11003367634433085,0.0547705953653443
2345,0.0,0.01159533248715395,0.0,0.0482280906080689,0.00380656280676785
2346,0.0,0.0,0.0,0.0019346265216137,0.0
2347,0.0,0.0,0.0,0.0,0.0
2348,0.0,0.0,0.0,0.0,0.0
2349,0.0,0.0,0.0,0.0,0.0
2350,0.0,0.0,0.0,0.0,0.0
2351,0.0,0.0,0.0,0.0,0.0
2352,0.0,0.0,0.0,0.0,0.0
2353,0.0,0.0,0.0,0.0,0.0
2354,0.0,0.0,0.0,0.0,0.0
2355,0.0,0.0,0.0,0.0,0.0
2356,0.0,0.0,0.0,0.0,0.0
2357,0.0,0.0,0.0,0.0,0.0
2358,0.04620028954951735,0.0121635119036018,0.01372203966545475,0.01134812973363905,0.03540727906644125
2359,0.11837721859296575,0.0693999000797135,0.0662290726033765,0.0776242425100062,0.10508125825620335
2360,0.1872547238356442,0.13349763713898055,0.12004999443132525,0.1585494071764271,0.17293630943235525
2361,0.24074288171543054,0.18112899443392916,0.17266346866278445,0.231356023332705,0.22642886155885614
2362,0.2541211367218952,0.2191563543874653,0.195468360924454,0.2845345604072244,0.2446050316956409
2363,0.24020005213094214,0.25255044266883275,0.1922224070401871,0.3165491152706328,0.2365483951122817
2364,0.21479664366439705,0.2637404882444972,0.18845831472833305,0.3295662271580253,0.22659743720715084
2365,0.188007250745696,0.2471765689938882,0.1689807888297836,0.32031607040878707,0.20710575193499445
2366,0.16046969642632725,0.2080260185066876,0.1376226586768546,0.2846631279005993,0.16582678266382564
2367,0.1026531093260945,0.1570375244927078,0.09214868170574865,0.22309320379084724,0.1097768641305178
2368,0.0353470952067825,0.0923750673310716,0.03678168883218455,0.14232915265492915,0.04856430005390075
2369,0.0,0.02122364495157495,0.0,0.060880035314197,0.0011404662259249
2370,0.0,0.0,0.0,0.0028665005574435,0.0
2371,0.0,0.0,0.0,0.0,0.0
2372,0.0,0.0,0.0,0.0,0.0
2373,0.0,0.0,0.0,0.0,0.0
2374,0.0,0.0,0.0,0.0,0.0
2375,0.0,0.0,0.0,0.0,0.0
2376,0.0,0.0,0.0,0.0,0.0
2377,0.0,0.0,0.0,0.0,0.0
2378,0.0,0.0,0.0,0.0,0.0
2379,0.0,0.0,0.0,0.0,0.0
2380,0.0,0.0,0.0,0.0,0.0
2381,0.0,0.0,0.0,0.0,0.0
2382,0.02476112993796075,0.01090789895207665,0.0118877378378491,0.0097572721163908,0.03877157092248985
2383,0.0701345867549969,0.0645489263424391,0.0598280324426412,0.0804585877861878,0.117427208197777
2384,0.1110416038023158,0.11661649098581235,0.1176710303971025,0.1629766946290989,0.20153747738312475
2385,0.1507478121962167,0.16155138270266234,0.1677726637632857,0.2376228471829054,0.2627066751037478
2386,0.1750341198649151,0.1832996137731279,0.19411611666354964,0.2940464209098588,0.2862555874862001
2387,0.15483877274209384,0.17668889876474014,0.19371665755160306,0.31823274102285454,0.28626454541603374
2388,0.12011239341692335,0.16594208664653956,0.18249137066076485,0.3091613067991118,0.27488466847735776
2389,0.0899975956767572,0.1402042963594305,0.16280293261831616,0.28247637534566533,0.24414151531033715
2390,0.06026171623903165,0.11253548357467545,0.12975252888005365,0.23875228665351755,0.19220989488620716
2391,0.03578834888233675,0.076241278687209,0.088485822460189,0.18215245882999534,0.12825067838927026
2392,0.011921521940295,0.0284137775978034,0.04205188205799315,0.1180766537814663,0.05407212377237
2393,0.0,0.00203515650479035,0.00267664157007355,0.0497187586034262,0.0008538714800411
2394,0.0,0.0,0.0,0.00221778872633145,0.0
2395,0.0,0.0,0.0,0.0,0.0
2396,0.0,0.0,0.0,0.0,0.0
2397,0.0,0.0,0.0,0.0,0.0
2398,0.0,0.0,0.0,0.0,0.0
2399,0.0,0.0,0.0,0.0,0.0
2400,0.0,0.0,0.0,0.0,0.0
2401,0.0,0.0,0.0,0.0,0.0
2402,0.0,0.0,0.0,0.0,0.0
2403,0.0,0.0,0.0,0.0,0.0
2404,0.0,0.0,0.0,0.0,0.0
2405,0.0,0.0,0.0,0.0,0.0
2406,0.01063665290327935,0.0005518827582665,0.0238937207870322,0.0061806082093653,0.04442419004499595
2407,0.03821289592311545,0.01248736138984255,0.09182592957558725,0.0563983859215651,0.12389824319559255
2408,0.06121918612045105,0.045572439284652,0.1654703468581255,0.12020854967704495,0.1975843679936752
2409,0.07409065141263765,0.08085271672586655,0.2279477494285066,0.17684028506820085,0.24630078189191415
2410,0.0843828167970097,0.093855397488503,0.25609066410532344,0.22441630790429246,0.27992809285422654
2411,0.09414666391073635,0.09422259982007325,0.25195266623005924,0.2577208195296856,0.28502500609870984
2412,0.0847517937726736,0.0925043225694375,0.2310983826259606,0.26114573356049475,0.26668701851650883
2413,0.06272491244658145,0.08042812655585554,0.20114332624350845,0.2363571060479514,0.23467030907551395
2414,0.04415784576825935,0.06632086647527745,0.16403507653136126,0.20598189721027585,0.1741382268445879
2415,0.02521340961022495,0.04991669566251445,0.1129963157442408,0.1743578330192801,0.1057143274549822
2416,0.00557623110763505,0.02666901562134135,0.053347897579726,0.11946841441884015,0.0437597408225241
2417,0.0,0.00382570921403505,0.00580530879887405,0.0537895548328156,0.00163372119010425
2418,0.0,0.0,0.0,0.0030059366497015,0.0
2419,0.0,0.0,0.0,0.0,0.0
2420,0.0,0.0,0.0,0.0,0.0
2421,0.0,0.0,0.0,0.0,0.0
2422,0.0,0.0,0.0,0.0,0.0
2423,0.0,0.0,0.0,0.0,0.0
2424,0.0,0.0,0.0,0.0,0.0
2425,0.0,0.0,0.0,0.0,0.0
2426,0.0,0.0,0.0,0.0,0.0
2427,0.0,0.0,0.0,0.0,0.0
2428,0.0,0.0,0.0,0.0,0.0
2429,0.0,0.0,0.0,0.0,0.0
2430,0.04309698077537565,0.01395096430173465,0.02711553026883025,0.0138755141176862,0.04560547977928675
2431,0.11010644133635755,0.07732641641679586,0.10046958373045385,0.1024524439099912,0.12632950877997814
2432,0.1708220673079211,0.1424168126589934,0.1730089509664652,0.2016437342894605,0.2044445999831289
2433,0.2076866172523237,0.1904729105830614,0.2324927580718461,0.2846103155336076,0.2607408998876088
2434,0.20588623150208224,0.21593105797776144,0.2518339484624561,0.34268017504506354,0.2836396413141932
2435,0.2096439570094511,0.2271673007804807,0.2251663067752716,0.3734216177477675,0.2884506515386428
2436,0.201931322743276,0.21665898994115196,0.18768825870133754,0.3794644033895664,0.2656055739926038
2437,0.1574090073135918,0.19872014600945825,0.1463774079344661,0.3663685251043931,0.21758764739233985
2438,0.10897971410054985,0.18374811968228386,0.10234593106335395,0.33046736059763476,0.1627036796328769
2439,0.06631721489340435,0.1325403403156837,0.0663638158773681,0.2660821917702152,0.101596775246365
2440,0.0232937566626606,0.07081577769571815,0.026257066540683,0.1793743920464555,0.0407305645048439
2441,0.0,0.01854228498825765,0.0,0.0826485700706847,0.00068698725037015
2442,0.0,0.0,0.0,0.00389462393567265,0.0
2443,0.0,0.0,0.0,0.0,0.0
2444,0.0,0.0,0.0,0.0,0.0
2445,0.0,0.0,0.0,0.0,0.0
2446,0.0,0.0,0.0,0.0,0.0
2447,0.0,0.0,0.0,0.0,0.0
2448,0.0,0.0,0.0,0.0,0.0
2449,0.0,0.0,0.0,0.0,0.0
2450,0.0,0.0,0.0,0.0,0.0
2451,0.0,0.0,0.0,0.0,0.0
2452,0.0,0.0,0.0,0.0,0.0
2453,0.0,0.0,0.0,0.0,0.0
2454,0.04433461199075525,0.0205133426226102,0.0232321373521844,0.0160009509420638,0.0341960709892903
2455,0.1211713074189862,0.07979517085437325,0.08759878316871875,0.1105546741951,0.10467609940356715
2456,0.18081314807552984,0.12329956703746625,0.1490790780483132,0.2111388636982703,0.16945689476503165
2457,0.21756969350023295,0.16213564581402154,0.2011573990730505,0.29162705366029457,0.22048196671042014
2458,0.2323857002688205,0.1864769303119685,0.22294781436388286,0.34470965071939674,0.2506648796990814
2459,0.22018496068171975,0.19128313228981916,0.2184563946123769,0.3726787737955328,0.25107907258093076
2460,0.1885062616941943,0.1937893703766027,0.1972048540676779,0.37819556432064594,0.23609893708956806
2461,0.14996346381385744,0.17798298888662664,0.1642136428835492,0.36420950687233483,0.21173333155658086
2462,0.11263177727504466,0.14705126765314006,0.1354192330957025,0.3264565334674737,0.16166205045576035
2463,0.0751056867712457,0.1054415789421293,0.0962585508939989,0.2622693545994173,0.09905937803966705
2464,0.03129956459011625,0.049426634848893,0.04458219852306805,0.17684693314186495,0.04147625953153335
2465,0.0,0.0044360842912524,0.00321843619877885,0.0799044938079099,0.0018009821925353
2466,0.0,0.0,0.0,0.00418464269404505,0.0
2467,0.0,0.0,0.0,0.0,0.0
2468,0.0,0.0,0.0,0.0,0.0
2469,0.0,0.0,0.0,0.0,0.0
2470,0.0,0.0,0.0,0.0,0.0
2471,0.0,0.0,0.0,0.0,0.0
2472,0.0,0.0,0.0,0.0,0.0
2473,0.0,0.0,0.0,0.0,0.0
2474,0.0,0.0,0.0,0.0,0.0
2475,0.0,0.0,0.0,0.0,0.0
2476,0.0,0.0,0.0,0.0,0.0
2477,0.0,0.0,0.0,0.0,0.0
2478,0.01122715780497245,0.00855495199326265,0.0226186232469857,0.012772029696707,0.05041862193244635
2479,0.0360465839660563,0.05493469656034105,0.0866965017113253,0.0633940788240335,0.13602487726803775
2480,0.0644978978893933,0.1014388113770636,0.1482155101189319,0.12388907152115665,0.20869433430358794
2481,0.08919199061243045,0.1389355811294945,0.19564844373330234,0.16912155737314566,0.26246863196545983
2482,0.10981783797162176,0.16662723143460464,0.2129038937260015,0.20521219924133904,0.28871348214627796
2483,0.116746088719219,0.1888995552246666,0.2063282731596697,0.24819570638202934,0.2891971057607031
2484,0.1013098497301958,0.2035208723071272,0.18950310191459324,0.27449566525372415,0.2726454913927566
2485,0.0939942099030218,0.2020331815843978,0.1611499719901236,0.2760894772844303,0.23736816364715516
2486,0.08022532709790615,0.17916345154844415,0.11417829322243744,0.2642905354156807,0.1861591084432687
2487,0.0470134523983685,0.13287878419154175,0.0646948719319858,0.22390838498539115,0.121756823672967
2488,0.01333686174200655,0.07174912801708,0.02587674651207905,0.1537125784715201,0.0539637882565613
2489,0.0,0.0155251014744092,0.00244624758791735,0.0714595984781522,0.00337158474011315
2490,0.0,0.0,0.0,0.0032449316881244,0.0
2491,0.0,0.0,0.0,0.0,0.0
2492,0.0,0.0,0.0,0.0,0.0
2493,0.0,0.0,0.0,0.0,0.0
2494,0.0,0.0,0.0,0.0,0.0
2495,0.0,0.0,0.0,0.0,0.0
2496,0.0,0.0,0.0,0.0,0.0
2497,0.0,0.0,0.0,0.0,0.0
2498,0.0,0.0,0.0,0.0,0.0
2499,0.0,0.0,0.0,0.0,0.0
2500,0.0,0.0,0.0,0.0,0.0
2501,0.0,0.0,0.0,0.0,0.0
2502,0.04864591411245255,0.0333223413873612,0.0370148690288601,0.0194479256829637,0.03998778263651085
2503,0.1287611818537388,0.1303776085768044,0.1292260804486532,0.10530645903397495,0.1118753253927078
2504,0.21124597892483954,0.2236003637009115,0.21341907008614044,0.1965276027897322,0.18045301729766486
2505,0.2722733338610852,0.2883772049086605,0.2695660121391818,0.2677956961940316,0.2251729090343153
2506,0.3109973906075772,0.3440811144600723,0.30010183088286047,0.30833460326370965,0.24954358007507504
2507,0.31736503339346744,0.38658696076880983,0.31294954089432114,0.31816918705107783,0.2655336819433023
2508,0.3061227439061657,0.39243636806466825,0.31130509958253744,0.30118530267364096,0.26227441726822526
2509,0.2826381595075596,0.3647043336917646,0.282389015619148,0.266512266735651,0.2364697850612116
2510,0.22995133778726234,0.31004765211626323,0.22974106621124224,0.2203248329304536,0.19258219108722405
2511,0.16292843240282015,0.231943688044947,0.17057047040320206,0.1623997348782382,0.1340002586781162
2512,0.07802132931937945,0.1352319327783482,0.092394153515881,0.09675901543303345,0.0641002826431121
2513,0.0017087240524447,0.03480197917733425,0.00997726584645765,0.0375535825641935,0.0041464113198946
2514,0.0,0.0,0.0,0.00147856182060365,0.0
2515,0.0,0.0,0.0,0.0,0.0
2516,0.0,0.0,0.0,0.0,0.0
2517,0.0,0.0,0.0,0.0,0.0
2518,0.0,0.0,0.0,0.0,0.0
2519,0.0,0.0,0.0,0.0,0.0
2520,0.0,0.0,0.0,0.0,0.0
2521,0.0,0.0,0.0,0.0,0.0
2522,0.0,0.0,0.0,0.0,0.0
2523,0.0,0.0,0.0,0.0,0.0
2524,0.0,0.0,0.0,0.0,0.0
2525,0.00123357390229625,0.0,0.0,0.0,0.0
2526,0.0832624601484997,0.0243403206068877,0.0498685589295295,0.0027920955675851,0.06188132052538235
2527,0.181831774558974,0.09231768306182225,0.1473526597594118,0.03351638761097745,0.14862313289447246
2528,0.26708693867305294,0.1602913927863797,0.23570541937904635,0.08406361661383965,0.2228955576867316
2529,0.3257888515757572,0.213141921804853,0.30244095190253356,0.1338228684533652,0.2749292245417821
2530,0.35677221822534594,0.24843973490325055,0.3413892841437202,0.17004409067568996,0.30109629496546303
2531,0.36145333741859687,0.23628783339877835,0.3519254558420386,0.1863794109517283,0.29489332282677994
2532,0.34150901361753383,0.20522101683885574,0.33466439427595346,0.19330852465404094,0.267528742110768
2533,0.2994246993487035,0.17110973178265396,0.2899717425929735,0.19741261357777834,0.23386796212013075
2534,0.2350709553827596,0.11618765922039875,0.2265727144813112,0.1895599530550776,0.18603851251219114
2535,0.15680267765266775,0.07699386444804204,0.15225131456692495,0.1625846100655352,0.12383239642458305
2536,0.07054248683991544,0.0420418376012124,0.07061170260693465,0.1188416466543655,0.0543489063490433
2537,0.0009946936566687,0.00754962252937075,0.00395231142542905,0.06212284574961495,0.00211944326791035
2538,0.0,0.0,0.0,0.00432599434935325,0.0
2539,0.0,0.0,0.0,0.0,0.0
2540,0.0,0.0,0.0,0.0,0.0
2541,0.0,0.0,0.0,0.0,0.0
2542,0.0,0.0,0.0,0.0,0.0
2543,0.0,0.0,0.0,0.0,0.0
2544,0.0,0.0,0.0,0.0,0.0
2545,0.0,0.0,0.0,0.0,0.0
2546,0.0,0.0,0.0,0.0,0.0
2547,0.0,0.0,0.0,0.0,0.0
2548,0.0,0.0,0.0,0.0,0.0
2549,0.00161467141626865,0.0,0.0,0.0,0.0006800709603309
2550,0.08568732625146375,0.01485251779238625,0.0281778928230176,0.01848461851314085,0.0652633804503503
2551,0.1845891965119748,0.08501600228277865,0.09129243087582585,0.091502554296176,0.16255629875834
2552,0.2682502914156201,0.17549778765072646,0.1669387674723268,0.18498302862763694,0.24831099706246734
2553,0.32660042359133934,0.2588226950734204,0.23551408475508426,0.2660233463450904,0.3037787473929014
2554,0.35390705467985456,0.30787370143583387,0.28641647267688736,0.31938331448179824,0.3266905724295975
2555,0.34688464693296633,0.3276351512747546,0.31172626517668706,0.34774043624642165,0.3250303965392894
2556,0.3158558208861588,0.30535577538544445,0.30683962541655385,0.3484986723552401,0.3039173331758761
2557,0.2603672236221479,0.2784651131940987,0.28280416037384043,0.32716078112305397,0.2688660004719295
2558,0.1824598457385286,0.24902925384034175,0.23959687832985874,0.2811327307771462,0.2125388904073409
2559,0.11413959059902665,0.1864783150938033,0.17214180868393325,0.21616544855449235,0.1421063113987885
2560,0.0523570134895174,0.1114722307423412,0.0905413480736492,0.1435881613685086,0.06763457629869835
2561,0.0016960648569811,0.02774390925306425,0.01038832319846185,0.0641091484218657,0.00398619135584395
2562,0.0,0.0,0.0,0.00663884157787275,0.0
2563,0.0,0.0,0.0,0.0,0.0
2564,0.0,0.0,0.0,0.0,0.0
2565,0.0,0.0,0.0,0.0,0.0
2566,0.0,0.0,0.0,0.0,0.0
2567,0.0,0.0,0.0,0.0,0.0
2568,0.0,0.0,0.0,0.0,0.0
2569,0.0,0.0,0.0,0.0,0.0
2570,0.0,0.0,0.0,0.0,0.0
2571,0.0,0.0,0.0,0.0,0.0
2572,0.0,0.0,0.0,0.0,0.0
2573,0.0011090578138258,0.0,0.0,0.0,0.0009176704017439
2574,0.07940906994359635,0.0366664354962701,0.04955001929351755,0.019680483225196,0.07135496797507225
2575,0.1752052224638691,0.1308641661457489,0.14403240140027174,0.09219438628241874,0.16714205563400106
2576,0.2536623102935721,0.2248182332976159,0.22872444446006615,0.17552564044379124,0.2515667662056327
2577,0.2990039591249191,0.29543203701867066,0.29710626811496565,0.2525698776293544,0.3137272372083581
2578,0.30311424365999257,0.33671986709842516,0.3407955536286223,0.30293768792605474,0.3445429846764555
2579,0.27222880421610257,0.355420747237683,0.35642278947626,0.3244253702116347,0.34986916683715547
2580,0.25047548330064656,0.34618658500685734,0.34954185564034723,0.3218640863565644,0.32641316070749504
2581,0.23147104144217626,0.29924031410794644,0.31875406607194473,0.29603613118023137,0.2791429039465345
2582,0.18684164232801265,0.23942517524441195,0.2645672383459682,0.2549669476480508,0.221131704909305
2583,0.1278731165369867,0.17452775613495455,0.18948286123293076,0.1991429131453866,0.1526071748725056
2584,0.062390126480334,0.09679336213093545,0.1001126436120926,0.13075626500204926,0.07386577932720885
2585,0.00148971660091645,0.0220951850854621,0.0126940349505723,0.06009429364293405,0.0046894660870154
2586,0.0,0.0,0.0,0.00596968410579705,0.0
2587,0.0,0.0,0.0,0.0,0.0
2588,0.0,0.0,0.0,0.0,0.0
2589,0.0,0.0,0.0,0.0,0.0
2590,0.0,0.0,0.0,0.0,0.0
2591,0.0,0.0,0.0,0.0,0.0
2592,0.0,0.0,0.0,0.0,0.0
2593,0.0,0.0,0.0,0.0,0.0
2594,0.0,0.0,0.0,0.0,0.0
2595,0.0,0.0,0.0,0.0,0.0
2596,0.0,0.0,0.0,0.0,0.0
2597,0.00171147647456835,0.0,0.0,0.0,0.001047496520429
2598,0.0841690410534067,0.03588130759261695,0.0527353361247348,0.01905253947925455,0.06992462122692936
2599,0.1816942850605349,0.12946063272383604,0.15013909173966014,0.0967963504627823,0.1635960434451552
2600,0.2638970795159223,0.21731281146716405,0.23678165286173955,0.1830355775035809,0.24948727350174604
2601,0.32095271093500305,0.2880130793873712,0.3019081948368942,0.2581132452057368,0.31080361499603754
2602,0.34910766265238724,0.34004015858775727,0.34180621272606926,0.3099423948307953,0.3417655675252325
2603,0.35339952116974754,0.35879505238590614,0.3572958634208939,0.33887610610143365,0.3451862156766434
2604,0.3385432680700952,0.3374217248167528,0.3465884627066755,0.3421684814416134,0.316551289581055
2605,0.305084757759454,0.29092817570915874,0.312912690938019,0.3143641308070876,0.26857545406190647
2606,0.251121750048346,0.23469840156185576,0.26011103139960795,0.2754931824514888,0.21736381881888095
2607,0.17279040632070886,0.16472775153121935,0.18755862010303764,0.22464414614506575,0.1548153812665521
2608,0.0793703732258659,0.08590974505085595,0.0994463325457432,0.1501087006896735,0.07654913727780785
2609,0.00184159832060595,0.01872045844440655,0.01270307968428455,0.0698925851991089,0.00504246829871215
2610,0.0,0.0,0.0,0.0043194433882339,0.0
2611,0.0,0.0,0.0,0.0,0.0
2612,0.0,0.0,0.0,0.0,0.0
2613,0.0,0.0,0.0,0.0,0.0
2614,0.0,0.0,0.0,0.0,0.0
2615,0.0,0.0,0.0,0.0,0.0
2616,0.0,0.0,0.0,0.0,0.0
2617,0.0,0.0,0.0,0.0,0.0
2618,0.0,0.0,0.0,0.0,0.0
2619,0.0,0.0,0.0,0.0,0.0
2620,0.0,0.0,0.0,0.0,0.0
2621,0.00304412252670625,0.0,0.0,0.0,0.00128215274765615
2622,0.0898872417056416,0.0418771012447566,0.05388224895587595,0.0200084773375267,0.0708881153171148
2623,0.18832054179393776,0.14279007894835846,0.15068229431815025,0.1043205479558907,0.1616473541873453
2624,0.2702978558575107,0.23655954762479464,0.23746741386417264,0.1945474039648501,0.23831809714949345
2625,0.3284416490320601,0.3090335496992293,0.3023381616280679,0.27166709270873285,0.2947383125794116
2626,0.36211485484558054,0.3541923275253146,0.3425418890740163,0.32296354859935006,0.3263972217896273
2627,0.37186846036377963,0.37477564432445926,0.3591484710930978,0.3524544185238533,0.33258604769871764
2628,0.3578905789786265,0.37156667330250426,0.35263848469504494,0.36032995839189513,0.3123743875285312
2629,0.32027764173184364,0.3412178022471837,0.3226363399726611,0.3350373271733616,0.2735893822791179
2630,0.2591892486284576,0.28905167273468124,0.2693842783024308,0.2849014926260622,0.22061717635924974
2631,0.17697985249429266,0.22038788092511766,0.1947134672849882,0.22254336407287434,0.15003441439522494
2632,0.0819733362048584,0.1302033989937854,0.1041001444028597,0.1447801604865304,0.06837354843355245
2633,0.00218608848300865,0.0346030166551576,0.01465097624477395,0.06371756885204025,0.0023301069781436
2634,0.0,0.0,0.0,0.00467559124713445,0.0
2635,0.0,0.0,0.0,0.0,0.0
2636,0.0,0.0,0.0,0.0,0.0
2637,0.0,0.0,0.0,0.0,0.0
2638,0.0,0.0,0.0,0.0,0.0
2639,0.0,0.0,0.0,0.0,0.0
2640,0.0,0.0,0.0,0.0,0.0
2641,0.0,0.0,0.0,0.0,0.0
2642,0.0,0.0,0.0,0.0,0.0
2643,0.0,0.0,0.0,0.0,0.0
2644,0.0,0.0,0.0,0.0,0.0
2645,0.00330095779800795,0.0,0.0,0.0,0.0
2646,0.08987445778319715,0.0449683772949312,0.0565789196962112,0.01310299985209245,0.0427496493454522
2647,0.1872066252728401,0.14567577253836755,0.15457817647191185,0.06443173228381975,0.1143925959322858
2648,0.2683495294371,0.24082559260874764,0.2412233754998344,0.133872920283288,0.1790583179570537
2649,0.3262090594190186,0.30962507590113963,0.3054200485360808,0.1997182000242173,0.21951611912120475
2650,0.3593790802301787,0.35139976856892186,0.34510152235195035,0.23895314633415746,0.24129778393281204
2651,0.36868475643482984,0.3685954309939693,0.3612716103450163,0.24885344446469135,0.2527391046828788
2652,0.3545353021691021,0.3587877628715345,0.35440858280720355,0.24396029162991875,0.2553058904962635
2653,0.312579861331268,0.31685994318439525,0.3246161059184817,0.2264495210262624,0.23842222308421654
2654,0.2463857764510857,0.2489541835301081,0.27174566564980035,0.19038556945439175,0.19123818128211356
2655,0.16598705757437995,0.176964686403944,0.19682522733956484,0.14544694051534454,0.12587488532843624
2656,0.0780917814815195,0.10253148934601004,0.10557807377227744,0.0918622930479546,0.05578074964443105
2657,0.00226676198932215,0.028251615504326,0.01530137335823425,0.0424553532529385,0.00384207969031265
2658,0.0,0.0,0.0,0.00396959137022145,0.0
2659,0.0,0.0,0.0,0.0,0.0
2660,0.0,0.0,0.0,0.0,0.0
2661,0.0,0.0,0.0,0.0,0.0
2662,0.0,0.0,0.0,0.0,0.0
2663,0.0,0.0,0.0,0.0,0.0
2664,0.0,0.0,0.0,0.0,0.0
2665,0.0,0.0,0.0,0.0,0.0
2666,0.0,0.0,0.0,0.0,0.0
2667,0.0,0.0,0.0,0.0,0.0
2668,0.0,0.0,0.0,0.0,0.0
2669,0.00364353979212835,0.0,0.0,0.0,0.0
2670,0.08865659330036375,0.0383048715124802,0.05698940812357075,0.0170130579688553,0.04698839555005585
2671,0.1840906445516456,0.1317978779879784,0.1540132654077314,0.07489676735922955,0.11590867184542625
2672,0.26465738681450296,0.2254257050609959,0.23901746223168074,0.14163041570992094,0.18462409642543526
2673,0.32268401011754627,0.29691768281172687,0.301556947618963,0.20711363521988796,0.23531329924227185
2674,0.35510903678818356,0.34099799260646174,0.34013328955017125,0.264387757652641,0.2489788974844048
2675,0.36163697039404735,0.3534785614021124,0.35421116761255755,0.2957767980298995,0.2263510604104201
2676,0.339140232278511,0.3369244865508988,0.34399132099274343,0.2875646608057522,0.19262414832104496
2677,0.28195104842195623,0.2995117277167837,0.31308272404230975,0.26251979347653925,0.16273447604418534
2678,0.2086092351891893,0.242095568747558,0.26108426658889927,0.22478437197720236,0.125696547770908
2679,0.1413906428439041,0.18046328431806624,0.18740595172725405,0.17015941694785675,0.0789643077732597
2680,0.06666462123093125,0.11262928397245955,0.0995864674937198,0.1103969859891911,0.0330013588161417
2681,0.00207863121163375,0.0311169456446831,0.014521899597828,0.04892835006566175,0.0030452139069463
2682,0.0,0.0,0.0,0.0035807508228516,0.0
2683,0.0,0.0,0.0,0.0,0.0
2684,0.0,0.0,0.0,0.0,0.0
2685,0.0,0.0,0.0,0.0,0.0
2686,0.0,0.0,0.0,0.0,0.0
2687,0.0,0.0,0.0,0.0,0.0
2688,0.0,0.0,0.0,0.0,0.0
2689,0.0,0.0,0.0,0.0,0.0
2690,0.0,0.0,0.0,0.0,0.0
2691,0.0,0.0,0.0,0.0,0.0
2692,0.0,0.0,0.0,0.0,0.0
2693,0.00189656970673915,0.0,0.0,0.0,0.0007793350980209
2694,0.04915712661485395,0.02375510975577025,0.04944859626189,0.0108712309304732,0.05024201092690505
2695,0.0915403122908065,0.07521410383934865,0.13117706154688205,0.05597114305987325,0.1194559020364587
2696,0.1220821191184428,0.12557991320795395,0.20703146866399624,0.11589308567177385,0.1768878281374082
2697,0.13432785104674694,0.197029971175541,0.2642910517456175,0.17712070390664045,0.219346385955591
2698,0.13027533939623964,0.25635648504605757,0.29171405108528214,0.2176287046294076,0.25113856774613275
2699,0.12437706475609896,0.2812254606463117,0.29725813069325796,0.2324030708507717,0.2703401849623933
2700,0.11392150809620635,0.2739045428306056,0.27600730480881436,0.2376686272922093,0.2748677504809043
2701,0.10042289951153685,0.2533006321931383,0.22283479657297575,0.22446826726482416,0.24300589185104446
2702,0.0863354528727758,0.21676269024325354,0.1629951611001797,0.18452780874418856,0.18877407776181254
2703,0.0587285991385345,0.1549023972923854,0.1036832682139122,0.13889712972512686,0.1295043378132115
2704,0.0271506982385585,0.0887430978056992,0.0480559840190482,0.08829644147055025,0.0588850559245594
2705,0.0019469089766363,0.0238539436096709,0.00481479460296,0.0382389427164105,0.00233781795259575
2706,0.0,0.0,0.0,0.00346834792183885,0.0
2707,0.0,0.0,0.0,0.0,0.0
2708,0.0,0.0,0.0,0.0,0.0
2709,0.0,0.0,0.0,0.0,0.0
2710,0.0,0.0,0.0,0.0,0.0
2711,0.0,0.0,0.0,0.0,0.0
2712,0.0,0.0,0.0,0.0,0.0
2713,0.0,0.0,0.0,0.0,0.0
2714,0.0,0.0,0.0,0.0,0.0
2715,0.0,0.0,0.0,0.0,0.0
2716,0.0,0.0,0.0,0.0,0.0
2717,0.0,0.0,0.0,0.0,0.001429791374764
2718,0.0501094410904823,0.0399695544805622,0.0517689139766151,0.01057406740301115,0.069860000547949
2719,0.12100212379666064,0.1239025154405319,0.14241108978205325,0.05057647840644495,0.158449903304191
2720,0.1842311334609996,0.2026573128471574,0.2234307211794021,0.10427473034123005,0.2354564214504545
2721,0.22358702364914704,0.25107102114887053,0.28624513705652854,0.16127738249357176,0.29073186747913876
2722,0.2573865181176318,0.27295462597483694,0.3268401806627394,0.21659637869859755,0.3210780617682023
2723,0.27510788148658355,0.26110544426526905,0.3413785345909329,0.2552866764678073,0.32446739568923183
2724,0.2591930542560863,0.2339119075027985,0.32508690690340486,0.27344144409085813,0.30075446449469123
2725,0.22147685266458544,0.20260691532894184,0.28249052886897213,0.2802214800932904,0.26388616103814044
2726,0.17530856835497904,0.1399082975849958,0.2204823824312724,0.253880617829961,0.21371095916198654
2727,0.12712093417602416,0.09166849461663375,0.14418405481388394,0.20046379430958264,0.1475094403377629
2728,0.0615363305156492,0.0627370008302593,0.06509008104373334,0.13521872166014465,0.0707719391231665
2729,0.00200478724867095,0.01985674795638285,0.005075403108695,0.06218000152046765,0.00454181888999025
2730,0.0,0.0,0.0,0.00579648298886455,0.0
2731,0.0,0.0,0.0,0.0,0.0
2732,0.0,0.0,0.0,0.0,0.0
2733,0.0,0.0,0.0,0.0,0.0
2734,0.0,0.0,0.0,0.0,0.0
2735,0.0,0.0,0.0,0.0,0.0
2736,0.0,0.0,0.0,0.0,0.0
2737,0.0,0.0,0.0,0.0,0.0
2738,0.0,0.0,0.0,0.0,0.0
2739,0.0,0.0,0.0,0.0,0.0
2740,0.0,0.0,0.0,0.0,0.0
2741,0.00416816499765985,0.0,0.0,0.0,0.0016626733225197
2742,0.0792042572599316,0.04479674169007915,0.0536807925065457,0.01299577123335095,0.06913281652786694
2743,0.1693835093714964,0.13741226363364314,0.14082021069673045,0.056765891344003,0.15856215858650946
2744,0.24870857283097,0.2254121306686819,0.21961772763083345,0.11649923622271775,0.2384001994334407
2745,0.3042493987875322,0.29362290414921344,0.28035600972080504,0.1723059855565199,0.2974234768199724
2746,0.3375131185480447,0.3341171465808019,0.3210191374224142,0.21455723556159625,0.33187508153631606
2747,0.34841914385301853,0.34250333221260515,0.3335283800542408,0.24710489717415865,0.34329826709788824
2748,0.3354952119283691,0.3181765045303829,0.31771599251784893,0.24802000390743656,0.3327455742743777
2749,0.29746877557388457,0.24201738946855264,0.28399744087278184,0.226984397944032,0.29821166518755965
2750,0.23442791760897794,0.1577003505653267,0.22908988911201905,0.2101469574885362,0.2406398171255861
2751,0.15658226458572985,0.11451150872790555,0.1562560895164886,0.1716460772923721,0.1646657895488367
2752,0.0718603348293325,0.0700647536420908,0.0763412965365844,0.108566322581519,0.0774179800384594
2753,0.0016927752364173,0.017935536062477,0.0075956403927987,0.05106941704899385,0.0056028227128573
2754,0.0,0.0,0.0,0.00585349421665655,0.0
2755,0.0,0.0,0.0,0.0,0.0
2756,0.0,0.0,0.0,0.0,0.0
2757,0.0,0.0,0.0,0.0,0.0
2758,0.0,0.0,0.0,0.0,0.0
2759,0.0,0.0,0.0,0.0,0.0
2760,0.0,0.0,0.0,0.0,0.0
2761,0.0,0.0,0.0,0.0,0.0
2762,0.0,0.0,0.0,0.0,0.0
2763,0.0,0.0,0.0,0.0,0.0
2764,0.0,0.0,0.0,0.0,0.0
2765,0.0045702229056342,0.0,0.0,0.0,0.0023715349263811
2766,0.0621543492642857,0.0020055677496794,0.0335999847196421,0.01946264867456735,0.0627937449508379
2767,0.13034327928927156,0.01856145826688215,0.0793483996682837,0.08601174353558914,0.14071333596410615
2768,0.1860909544092601,0.0447627456698155,0.10163390111318135,0.1548073760886728,0.20659605450560894
2769,0.2232015450796229,0.0888212750794366,0.1117310589460499,0.2089514036227782,0.24901805740432034
2770,0.2545319450278203,0.1290350656136542,0.113441414296589,0.2438243528810219,0.27331226235958167
2771,0.2572566557865946,0.1572627254143854,0.1120209694338273,0.2566527195322102,0.28336041676346696
2772,0.22506765885049465,0.17534644556758824,0.105041554139409,0.2543499390261428,0.27409588315392597
2773,0.18298410071274746,0.1724524132920475,0.0869546356537475,0.24131277544418975,0.2429747253588103
2774,0.125359464005984,0.15130976012363115,0.06432234125187546,0.2131172216961061,0.19508906385649874
2775,0.06719308934897265,0.11644072172965945,0.04261101736360375,0.17125402663286166,0.13750269489920144
2776,0.02944335105968635,0.06976304686551545,0.0233838428885924,0.11813145283427864,0.0677132727115267
2777,0.0,0.0192035068858032,0.00508491789637695,0.05582450640868305,0.0053899472642383
2778,0.0,0.0,0.0,0.00456969327582265,0.0
2779,0.0,0.0,0.0,0.0,0.0
2780,0.0,0.0,0.0,0.0,0.0
2781,0.0,0.0,0.0,0.0,0.0
2782,0.0,0.0,0.0,0.0,0.0
2783,0.0,0.0,0.0,0.0,0.0
2784,0.0,0.0,0.0,0.0,0.0
2785,0.0,0.0,0.0,0.0,0.0
2786,0.0,0.0,0.0,0.0,0.0
2787,0.0,0.0,0.0,0.0,0.0
2788,0.0,0.0,0.0,0.0,0.0
2789,0.0,0.0,0.0,0.0,0.0017985310848335
2790,0.03163141539751625,0.0095592028835541,0.0316553732758692,0.0075847493931062,0.06622330685074805
2791,0.09081387128332785,0.03623250183402375,0.0872759556861912,0.0337242438861271,0.1522163068771528
2792,0.13650005010007965,0.0833116609335578,0.1369940206193825,0.06818617924051575,0.2323981345363253
2793,0.1691069136820022,0.11608839979234425,0.17669305038936686,0.10202399825478455,0.29148476199463397
2794,0.2019815199297488,0.11696805661273295,0.20216867191953525,0.14236287538713985,0.3308702053137001
2795,0.21484351565073495,0.1160061444091924,0.20832695059860984,0.16429207437582466,0.3467941716802644
2796,0.2222765588457594,0.10636644156862705,0.19784306117328684,0.1683926214646349,0.3308683125683713
2797,0.2227869645184124,0.09392589555695145,0.16607423517511474,0.1799299614096291,0.29790912558650057
2798,0.18525489070506965,0.09211059888514705,0.1384321074789129,0.16457613215144434,0.2442017073634668
2799,0.1272720441147872,0.0832766285417897,0.10605533488936775,0.13162380278219474,0.166918699837382
2800,0.06202103357883835,0.0602629445663391,0.0534635005350767,0.09369269781869374,0.08027496712698515
2801,0.00256331058091975,0.01860944018073175,0.0074630462495249,0.04589898261539795,0.0063880265601481
2802,0.0,0.0,0.0,0.00465102993630965,0.0
2803,0.0,0.0,0.0,0.0,0.0
2804,0.0,0.0,0.0,0.0,0.0
2805,0.0,0.0,0.0,0.0,0.0
2806,0.0,0.0,0.0,0.0,0.0
2807,0.0,0.0,0.0,0.0,0.0
2808,0.0,0.0,0.0,0.0,0.0
2809,0.0,0.0,0.0,0.0,0.0
2810,0.0,0.0,0.0,0.0,0.0
2811,0.0,0.0,0.0,0.0,0.0
2812,0.0,0.0,0.0,0.0,0.0
2813,0.0052868988196365,0.0,0.0,0.0,0.002734033631134
2814,0.0609017720356686,0.02010180822731615,0.0291343099998176,0.0184773445759844,0.0700330020785688
2815,0.13120286921117744,0.0804751091000973,0.08386776690368375,0.07931708042405225,0.1525717392406084
2816,0.18510265781782864,0.1579540589369782,0.14933854688317055,0.1460309322877467,0.2267550027805891
2817,0.218077068328488,0.2171673486381407,0.2039847728661997,0.1930822362538426,0.27990454811562465
2818,0.22734155134016115,0.2747599684710736,0.23801006326077775,0.22236452575737145,0.3059121321997883
2819,0.217856951083863,0.320254497478964,0.2563555771367008,0.2368381411870645,0.3101438214094007
2820,0.207422311203959,0.3132030533222096,0.25466740199358057,0.22786165768231065,0.28632247794258375
2821,0.19088140040853036,0.2823880307719795,0.23272115650234154,0.2137543917450916,0.25467504108946815
2822,0.15696575621986805,0.2241016333236599,0.19161491626376026,0.18989684786190275,0.21400148786237524
2823,0.10190532139397955,0.14100052909723976,0.13556995825954066,0.14790791546754245,0.14506516558900565
2824,0.04653643795170925,0.07664317113190836,0.0725102212920803,0.0960504737391944,0.0690642476075944
2825,0.0010605567833369,0.0242070641392347,0.01196339559603165,0.04304904168943925,0.00594476995341485
2826,0.0,0.0,0.0,0.00421369178091985,0.0
2827,0.0,0.0,0.0,0.0,0.0
2828,0.0,0.0,0.0,0.0,0.0
2829,0.0,0.0,0.0,0.0,0.0
2830,0.0,0.0,0.0,0.0,0.0
2831,0.0,0.0,0.0,0.0,0.0
2832,0.0,0.0,0.0,0.0,0.0
2833,0.0,0.0,0.0,0.0,0.0
2834,0.0,0.0,0.0,0.0,0.0
2835,0.0,0.0,0.0,0.0,0.0
2836,0.0,0.0,0.0,0.0,0.0
2837,0.00279603324802635,0.0,0.0,0.0,0.00274701175138285
2838,0.034294361490703,0.02636286781896555,0.0329092954447294,0.02567045167696135,0.0667311202604224
2839,0.0732054386563966,0.0831767706825348,0.07954747968611565,0.10209320910743785,0.1420926615541667
2840,0.1008904996289929,0.1569035698293997,0.1273666444968846,0.1805140795493606,0.20704409017628736
2841,0.10448835167893886,0.21599717829775425,0.16285288467367004,0.24474847170079525,0.25359521610928976
2842,0.1039383108737622,0.2476119517362153,0.16202912345621104,0.2821537751410561,0.268844509468911
2843,0.1076821910867875,0.263561629061063,0.13888427832553435,0.29826747454516095,0.2637361477618513
2844,0.09895953310672685,0.2601914480966979,0.11265570325498155,0.3075913716919421,0.25790448049470704
2845,0.08241287158852605,0.24158331415170284,0.0862469153848524,0.30284663703029946,0.23295594727665686
2846,0.0705632656825278,0.1979769856720304,0.06309239690104305,0.2773092762265354,0.18840800361022614
2847,0.0431718540441184,0.13033241977981966,0.03682683698531865,0.2307327367569434,0.1335909332495562
2848,0.01218031905708595,0.06764064699936526,0.0128864843847886,0.1634557795829863,0.06289538040895865
2849,0.0,0.0193464209655682,0.00069623111363675,0.0814903159885194,0.0052206990859905
2850,0.0,0.0,0.0,0.0075517993561039,0.0
2851,0.0,0.0,0.0,0.0,0.0
2852,0.0,0.0,0.0,0.0,0.0
2853,0.0,0.0,0.0,0.0,0.0
2854,0.0,0.0,0.0,0.0,0.0
2855,0.0,0.0,0.0,0.0,0.0
2856,0.0,0.0,0.0,0.0,0.0
2857,0.0,0.0,0.0,0.0,0.0
2858,0.0,0.0,0.0,0.0,0.0
2859,0.0,0.0,0.0,0.0,0.0
2860,0.0,0.0,0.0,0.0,0.0
2861,0.0,0.0,0.0,0.0,0.00356842615684205
2862,0.0117852776446854,0.01848748992691725,0.01967106722713865,0.03088834229107485,0.07311399589387076
2863,0.031172071544951,0.0660842961151313,0.06217915740578325,0.1257130764975378,0.1587889753195265
2864,0.04656073824817345,0.11695760087438785,0.1157536101843339,0.2199681681631269,0.23055690486418876
2865,0.05592084041990145,0.1410753076488504,0.1723253276618285,0.2903397876455589,0.27539379875084863
2866,0.0605899317680303,0.15041008194594735,0.22401403750938725,0.32636801444883784,0.2973590836577021
2867,0.07501249489808595,0.1625163621248438,0.2564167432884778,0.33386636784006274,0.30477545031622
2868,0.0845174955517184,0.1702535408921305,0.2662849959777463,0.321462375353405,0.2971116190054851
2869,0.07981103132508514,0.1506840845729837,0.2471488057279971,0.2844891192985845,0.2679937205284625
2870,0.0824521376830532,0.13108388168298105,0.2076530940219111,0.2333747860244625,0.21596526866209434
2871,0.07100002118417245,0.1087573128269137,0.15379057609864474,0.1868486363533161,0.14964021495676155
2872,0.0335548556899718,0.06571906350921565,0.08183571225964215,0.1328051711506163,0.07179571052053875
2873,0.00088855964445905,0.019686918707988,0.01335687800872955,0.0663670887045151,0.00582284350204575
2874,0.0,0.0,0.0,0.00799911904268505,0.0
2875,0.0,0.0,0.0,0.0,0.0
2876,0.0,0.0,0.0,0.0,0.0
2877,0.0,0.0,0.0,0.0,0.0
2878,0.0,0.0,0.0,0.0,0.0
2879,0.0,0.0,0.0,0.0,0.0
2880,0.0,0.0,0.0,0.0,0.0
2881,0.0,0.0,0.0,0.0,0.0
2882,0.0,0.0,0.0,0.0,0.0
2883,0.0,0.0,0.0,0.0,0.0
2884,0.0,0.0,0.0,0.0,0.0
2885,0.00765935152502825,0.0,0.0,0.0,0.0029878077832532
2886,0.08795953281992105,0.04353157834730765,0.05872331862395205,0.03171231402394575,0.0671161463807487
2887,0.18095859847789195,0.12797000388947424,0.149378484678459,0.11221204385130525,0.15404863101274535
2888,0.26457635256139816,0.2311577364626608,0.22904111701195085,0.20016226010152466,0.2324556665324931
2889,0.32322170468664246,0.31523015229160645,0.2854021285788876,0.2762876148899947,0.28643918109655986
2890,0.3491886737121412,0.36527521037147903,0.30211036576984157,0.3304722980015209,0.3112277938715696
2891,0.3475152205441747,0.3843598577404705,0.2967158921188028,0.3597746749662224,0.3042499852940783
2892,0.32003434558626404,0.3818776429628738,0.26571171987244413,0.3594457757856761,0.28068111385101385
2893,0.25534578631625643,0.3546978455197495,0.2143351475790724,0.3318911689719331,0.2525302310427313
2894,0.17947888136701204,0.30306568329728245,0.1694077037057207,0.28637878687642065,0.20138908479524065
2895,0.1216881472984296,0.2274976170616434,0.12033673363552,0.22518069535643065,0.1346395032836605
2896,0.06162406926449305,0.13446638583269704,0.0657507293301639,0.14976507730873276,0.0653573599785484
2897,0.00354452745321805,0.03957630031169865,0.0100321288286946,0.06981891488424555,0.006000999014427
2898,0.0,0.0,0.0,0.00735251008278,0.0
2899,0.0,0.0,0.0,0.0,0.0
2900,0.0,0.0,0.0,0.0,0.0
2901,0.0,0.0,0.0,0.0,0.0
2902,0.0,0.0,0.0,0.0,0.0
2903,0.0,0.0,0.0,0.0,0.0
2904,0.0,0.0,0.0,0.0,0.0
2905,0.0,0.0,0.0,0.0,0.0
2906,0.0,0.0,0.0,0.0,0.0
2907,0.0,0.0,0.0,0.0,0.0
2908,0.0,0.0,0.0,0.0,0.0
2909,0.0095083344543867,0.0,0.0,0.0,0.0039775639541841
2910,0.09103694067052336,0.04978933997686505,0.0548054164465335,0.01925459951042165,0.0770022087986127
2911,0.17763271253151836,0.1329084978514252,0.1361676646693914,0.0721788961923894,0.1679334325821364
2912,0.25641778774865787,0.2036912892906092,0.21456287376446614,0.13483988665102345,0.25026750396343656
2913,0.3061471318951844,0.24413951474590276,0.2697701628697445,0.19900912816598035,0.30611248268547053
2914,0.33010248397203973,0.2524818762944771,0.2861391009557205,0.24302485116618244,0.3307752833455924
2915,0.34091361440879947,0.2481333569620894,0.2699340094541057,0.265992478041294,0.33434581382723133
2916,0.3180738528339854,0.2306391986308357,0.24016773760218416,0.25997079013223107,0.31375662040260793
2917,0.27630224760312055,0.20008185390891395,0.2189301371371326,0.23391923263043554,0.2753475294443242
2918,0.2117750413881933,0.15258197843289165,0.1827156685393051,0.2033650081948856,0.22590971769606766
2919,0.13892161595847136,0.10056712670527475,0.12015108969436185,0.16399215411397286,0.1579435395689705
2920,0.0713265037580688,0.05561380924219055,0.05977891588775165,0.11303497656721125,0.07731905651075036
2921,0.0031854840209443,0.0128347836292908,0.0079859923321503,0.0559366689574672,0.0066813321604371
2922,0.0,0.0,0.0,0.0084342362455823,0.0
2923,0.0,0.0,0.0,0.0,0.0
2924,0.0,0.0,0.0,0.0,0.0
2925,0.0,0.0,0.0,0.0,0.0
2926,0.0,0.0,0.0,0.0,0.0
2927,0.0,0.0,0.0,0.0,0.0
2928,0.0,0.0,0.0,0.0,0.0
2929,0.0,0.0,0.0,0.0,0.0
2930,0.0,0.0,0.0,0.0,0.0
2931,0.0,0.0,0.0,0.0,0.0
2932,0.0,0.0,0.0,0.0,0.0
2933,0.00095412905823305,0.0,0.0,0.0,0.00459275016305135
2934,0.02128431374194075,0.0087237996730864,0.01150904046745995,0.0180969101396526,0.0611153998750665
2935,0.0672233533524833,0.0398143490917238,0.0527100776636532,0.0638865958068827,0.1289950067245021
2936,0.11120019887285645,0.1001906233458322,0.0995635416579887,0.12171655622447565,0.192600372446967
2937,0.1329673438716969,0.17681039633176535,0.13863705327794765,0.1877782556751537,0.2390799128826176
2938,0.14656080554630016,0.19637582868224784,0.17324846413681516,0.2323550507542005,0.2667028348068468
2939,0.16817852871681724,0.2115431939987747,0.19992799754935955,0.2486000833031059,0.28119017285673004
2940,0.1717818333675985,0.236853374144242,0.20261993469470274,0.25691424308936955,0.28021032919376815
2941,0.1588454720640683,0.24354214000360486,0.1897430220424789,0.24692458975754905,0.2494607150732102
2942,0.1342911681128798,0.21888358807238906,0.1666448599682613,0.21429414659271104,0.19126818628026845
2943,0.08895683928740525,0.1613533960790891,0.1277738281369402,0.16875773271043334,0.12688829428634865
2944,0.04428929452567075,0.09926861221039605,0.0726052841907208,0.11446477460948346,0.05949656349915975
2945,0.0031154173634964,0.0297933536710248,0.01236808397425695,0.05562720689058285,0.00525949572495465
2946,0.0,0.0,0.0,0.00721329678808485,0.0
2947,0.0,0.0,0.0,0.0,0.0
2948,0.0,0.0,0.0,0.0,0.0
2949,0.0,0.0,0.0,0.0,0.0
2950,0.0,0.0,0.0,0.0,0.0
2951,0.0,0.0,0.0,0.0,0.0
2952,0.0,0.0,0.0,0.0,0.0
2953,0.0,0.0,0.0,0.0,0.0
2954,0.0,0.0,0.0,0.0,0.0
2955,0.0,0.0,0.0,0.0,0.0
2956,0.0,0.0,0.0,0.0,0.0
2957,0.00292599072843295,0.0,0.0,0.0,0.0
2958,0.0287104239027127,0.0420075769310006,0.0265031867920064,0.0258644541758613,0.02816761109371995
2959,0.0629415662608831,0.1170956755436501,0.05836199068438625,0.08498637658534736,0.0703502134822257
2960,0.09577754610586794,0.197681309841012,0.0907726987990239,0.14630463218517564,0.1167048545509818
2961,0.13366004772290635,0.2450437384759198,0.12295380259298284,0.19817573990297416,0.147545998414212
2962,0.1666932515718966,0.27832059120068037,0.14273840393939716,0.236253664108112,0.16535788114736785
2963,0.17684657299233186,0.29968817410031595,0.15099187002841974,0.2529113131853556,0.17312368395516875
2964,0.1680575867580933,0.28327834072147,0.14516361118261156,0.250171464861031,0.17323075956274056
2965,0.1492785274416185,0.2535609878747022,0.12963110177008666,0.23219847208102995,0.1602928326605314
2966,0.1186041656497219,0.1994510130747476,0.1097856024502424,0.2049883533406724,0.1310753631315971
2967,0.078329326167955,0.1164047191802947,0.07993181494348475,0.15885993186041955,0.087385102790222
2968,0.03367249646326295,0.0402528844938582,0.0440228562157557,0.10019175095437655,0.03839265074394445
2969,0.0,0.0028546893003378,0.008740945548744,0.0495816630092569,0.00428794760912725
2970,0.0,0.0,0.0,0.00607534722806695,0.0
2971,0.0,0.0,0.0,0.0,0.0
2972,0.0,0.0,0.0,0.0,0.0
2973,0.0,0.0,0.0,0.0,0.0
2974,0.0,0.0,0.0,0.0,0.0
2975,0.0,0.0,0.0,0.0,0.0
2976,0.0,0.0,0.0,0.0,0.0
2977,0.0,0.0,0.0,0.0,0.0
2978,0.0,0.0,0.0,0.0,0.0
2979,0.0,0.0,0.0,0.0,0.0
2980,0.0,0.0,0.0,0.0,0.0
2981,0.0,0.0,0.0,0.0,0.0030363340161882
2982,0.00601662524167585,0.01387918286966825,0.03570298328879065,0.0316531809964241,0.05702545054387715
2983,0.026401792343568,0.05691862420850155,0.09082580312605815,0.1162548197238852,0.12880458808199666
2984,0.0485911439539194,0.1167442460648726,0.15060752703233204,0.20109161825087096,0.1962839625762367
2985,0.08217004124902184,0.17236764328218016,0.203163014063736,0.26326789094412606,0.2445300137614073
2986,0.1128400794671007,0.23205272686091374,0.23742691361811344,0.2946459891943928,0.27870394494254536
2987,0.12909978050920595,0.27232786489354954,0.24823921289020165,0.3106643231213421,0.28013219596786226
2988,0.1273317935938344,0.2778658080272709,0.23805309654989895,0.3101634140211993,0.25901981894597725
2989,0.10335004578486275,0.26929230539627236,0.2108405937149746,0.28546856292753625,0.23270144486574434
2990,0.07421146226508996,0.23036093279038924,0.16921201524486745,0.25146505785095186,0.18746686012880295
2991,0.0463535840467042,0.1756522058841656,0.11941790398537575,0.19909289171823424,0.1317664903697357
2992,0.01999303288061835,0.11020499776173864,0.0678974155803974,0.134201344261031,0.0665926884580839
2993,0.00105296050437325,0.03826344430847055,0.0161919518435704,0.0703119392409659,0.00552151523997935
2994,0.0,0.0,0.0,0.01111621440353535,0.0
2995,0.0,0.0,0.0,0.0,0.0
2996,0.0,0.0,0.0,0.0,0.0
2997,0.0,0.0,0.0,0.0,0.0
2998,0.0,0.0,0.0,0.0,0.0
2999,0.0,0.0,0.0,0.0,0.0
3000,0.0,0.0,0.0,0.0,0.0
3001,0.0,0.0,0.0,0.0,0.0
3002,0.0,0.0,0.0,0.0,0.0
3003,0.0,0.0,0.0,0.0,0.0
3004,0.0,0.0,0.0,0.0,0.0
3005,0.0005714588785045,0.0,0.0,0.0,0.0034868040882446
3006,0.03772260607690755,0.05348911665314895,0.06244140073019205,0.03734861901275235,0.0593315392455136
3007,0.09884346910512334,0.1312219716181882,0.14397481692886385,0.13158389354025166,0.1291123898840141
3008,0.1722528863024058,0.2082089913833019,0.21621289388021814,0.2262721353714217,0.18778482719394754
3009,0.22243696168791785,0.2669530095094763,0.2598138931371869,0.30105881485369973,0.2344541262178038
3010,0.2180011923992515,0.289294466674351,0.27605985144491196,0.34861613028211386,0.2717388411449187
3011,0.1957899130922869,0.2916962746157249,0.26782374322786845,0.3712268118242038,0.2820726836238178
3012,0.16999263288755326,0.2833220451187164,0.24970129240874206,0.3749838432736249,0.27293496450099075
3013,0.1436136242500668,0.25522745449869094,0.2192129649976727,0.36252146965496135,0.24779657996363755
3014,0.1196445061650005,0.2238214592367462,0.168213324348656,0.3264763766760629,0.19668512981224384
3015,0.0877176556543209,0.1740065801109578,0.1199329759897678,0.26692329345029225,0.1371873667278118
3016,0.0464399695336111,0.10046247410499835,0.06622326023174645,0.18682952256724564,0.0695740035211229
3017,0.0067136554836738,0.0343806882744811,0.01359470894189545,0.0922042242001923,0.0078535675078483
3018,0.0,0.0,0.0,0.01092783232253355,0.0
3019,0.0,0.0,0.0,0.0,0.0
3020,0.0,0.0,0.0,0.0,0.0
3021,0.0,0.0,0.0,0.0,0.0
3022,0.0,0.0,0.0,0.0,0.0
3023,0.0,0.0,0.0,0.0,0.0
3024,0.0,0.0,0.0,0.0,0.0
3025,0.0,0.0,0.0,0.0,0.0
3026,0.0,0.0,0.0,0.0,0.0
3027,0.0,0.0,0.0,0.0,0.0
3028,0.0,0.0,0.0,0.0,0.0
3029,0.01456731671265415,0.0,0.0,0.00148505360105955,0.0051869929574188
3030,0.0979386473355624,0.060938753967815,0.05925153664418185,0.03759797989745795,0.0825665937684971
3031,0.18191135509134254,0.15132223629348246,0.13913402753147844,0.11517702016009275,0.17243187746173394
3032,0.2236750972372903,0.2320863734311985,0.20537291145120096,0.1967549834796542,0.2440181525663465
3033,0.2277246818072995,0.28284972882310244,0.23365635937854695,0.2648905422078761,0.2921074636301049
3034,0.2362660226962809,0.32030041401178394,0.23802921776772296,0.3096571523873929,0.3201363747329344
3035,0.236415774812087,0.35867599280423695,0.2290571856661366,0.330136472591236,0.321298448910437
3036,0.21831440542699004,0.3714640683966206,0.2149246900262832,0.3256012775009608,0.3055510780666936
3037,0.20048621344060955,0.34276535697949073,0.1984150146349302,0.3003705733369457,0.27861973625803
3038,0.16573518939860896,0.27571178607438124,0.1712205247992502,0.2507450763599045,0.23235274039851914
3039,0.11298205861642555,0.19059151966677876,0.12968688071271134,0.18535112608102605,0.165236159138385
3040,0.06012386948550875,0.1090638670439044,0.07346376110423446,0.1167056161817505,0.08215151403730275
3041,0.0088164395083646,0.03598145840525695,0.01787898616746985,0.05181304298814335,0.00939178464780815
3042,0.0,0.0,0.0,0.00914370447883565,0.0
3043,0.0,0.0,0.0,0.0,0.0
3044,0.0,0.0,0.0,0.0,0.0
3045,0.0,0.0,0.0,0.0,0.0
3046,0.0,0.0,0.0,0.0,0.0
3047,0.0,0.0,0.0,0.0,0.0
3048,0.0,0.0,0.0,0.0,0.0
3049,0.0,0.0,0.0,0.0,0.0
3050,0.0,0.0,0.0,0.0,0.0
3051,0.0,0.0,0.0,0.0,0.0
3052,0.0,0.0,0.0,0.0,0.0
3053,0.01544152637739365,0.0,0.00165773830292255,0.0,0.00784863095624945
3054,0.0894166080398689,0.00620643991481505,0.0309505283181712,0.0089615073313873,0.0799791418033022
3055,0.15993220480841394,0.02043794736624835,0.0660194757108258,0.0309317115937873,0.16452793963385365
3056,0.2184459330313885,0.0463893179417206,0.10615853876329046,0.0687729328608241,0.2381963313298951
3057,0.2599957718176041,0.07273348252017175,0.15372399878085294,0.1033614034759265,0.2926061338726494
3058,0.28858364099994605,0.081001194400891,0.17589551049884974,0.1220264791147423,0.3257973622247332
3059,0.2974156573547135,0.081835553402227,0.15012412244369305,0.12719674804245276,0.33665454676940537
3060,0.27694314543438114,0.07389515746551865,0.1076865061765633,0.12544954300537686,0.3246930081918056
3061,0.2362502225514719,0.05331381321815055,0.06805254483296115,0.1281987446326185,0.29157052514661164
3062,0.17428382659511374,0.03666065306530925,0.0339890160750277,0.130516425553598,0.2334260768000891
3063,0.10258853176705116,0.02006981279137805,0.01462003137599995,0.1164869964934528,0.1556612673266665
3064,0.04241437051534965,0.00372121113531045,0.002826356760397,0.0889545162490631,0.07187710692560435
3065,0.0024551102072575,0.0,0.0,0.0497262379776563,0.00616296320122905
3066,0.0,0.0,0.0,0.0071736149376014,0.0
3067,0.0,0.0,0.0,0.0,0.0
3068,0.0,0.0,0.0,0.0,0.0
3069,0.0,0.0,0.0,0.0,0.0
3070,0.0,0.0,0.0,0.0,0.0
3071,0.0,0.0,0.0,0.0,0.0
3072,0.0,0.0,0.0,0.0,0.0
3073,0.0,0.0,0.0,0.0,0.0
3074,0.0,0.0,0.0,0.0,0.0
3075,0.0,0.0,0.0,0.0,0.0
3076,0.0,0.0,0.0,0.0,0.0
3077,0.0,0.0,0.0,0.0,0.00314526852988255
3078,0.00593418755164285,0.05050643804810665,0.0402327311270116,0.02023388562927455,0.0408027149768025
3079,0.01847986162419985,0.10478828195352816,0.10492666516065795,0.0723137146909247,0.092654841011755
3080,0.0470045776299681,0.1649515692876939,0.15750288374393645,0.12193374663207544,0.1371608991977907
3081,0.0922039495814911,0.18570948903242135,0.19508288372735705,0.16534789079574344,0.1728579881439434
3082,0.1340516710561731,0.1963051504710317,0.21431663074546914,0.2048508715846579,0.20430397848235085
3083,0.1654882645520839,0.24209158999555774,0.20788869670278934,0.23137313555275696,0.2360789213023047
3084,0.1828476044742828,0.24664742337516024,0.18815913177296476,0.24078246876357576,0.2544872330292288
3085,0.1846128044183431,0.2365813585328252,0.160949864632423,0.23044064588206434,0.24175837155557814
3086,0.1686842617453341,0.2027926283561749,0.1255377385172581,0.1969948702351035,0.20562985728161265
3087,0.11832296235629955,0.14539281304904464,0.08760906499444585,0.14993323262989175,0.15083245058104364
3088,0.0539724036452894,0.08537554813001555,0.0480996958407893,0.0901625904789464,0.07780127561315205
3089,0.00577302273284705,0.02233027852404405,0.00814039037539945,0.0354660263510913,0.0085228232762082
3090,0.0,0.0,0.0,0.0051276586777215,0.0
3091,0.0,0.0,0.0,0.0,0.0
3092,0.0,0.0,0.0,0.0,0.0
3093,0.0,0.0,0.0,0.0,0.0
3094,0.0,0.0,0.0,0.0,0.0
3095,0.0,0.0,0.0,0.0,0.0
3096,0.0,0.0,0.0,0.0,0.0
3097,0.0,0.0,0.0,0.0,0.0
3098,0.0,0.0,0.0,0.0,0.0
3099,0.0,0.0,0.0,0.0,0.0
3100,0.0,0.0,0.0,0.0,0.0
3101,0.0125159534546727,0.0,0.0,0.0,0.00663109826958265
3102,0.08191196676141364,0.01444031415949675,0.04494841521630965,0.02260947866363625,0.06618494800472415
3103,0.15996756165512985,0.0606341402615533,0.1200708944692203,0.08110036415376475,0.14294801003990065
3104,0.2208701413404777,0.1055704527730778,0.1832066880897366,0.15179567669222446,0.2145791529764145
3105,0.2603498172088124,0.1616960539339039,0.23211401504594326,0.21039803164662876,0.27078866690041875
3106,0.28641826971234796,0.2047156880755114,0.27212700881212687,0.23027782096118196,0.2981234313190467
3107,0.2897251206390643,0.22811329740391634,0.2805131911926495,0.2175261772083644,0.2927685364275401
3108,0.2715317871687523,0.2328929826786236,0.26879281940444344,0.21722594400952555,0.27712855343767206
3109,0.24794073731899566,0.2091538007618733,0.24365934226833724,0.218055006624729,0.24082186763800795
3110,0.20382959872196946,0.17632602599044175,0.19662654366834295,0.19257608629964015,0.19115941423970345
3111,0.13088172112216045,0.13861620736197325,0.13941055925803975,0.1485680191113427,0.137224103446841
3112,0.05755483395626335,0.086386139975612,0.07772755219253995,0.0953085208013056,0.07106742935736365
3113,0.0044592401703831,0.02647033255321485,0.0156670060619658,0.0476140729599305,0.0077946311166238
3114,0.0,0.0,0.0,0.0076558786991025,0.0
3115,0.0,0.0,0.0,0.0,0.0
3116,0.0,0.0,0.0,0.0,0.0
3117,0.0,0.0,0.0,0.0,0.0
3118,0.0,0.0,0.0,0.0,0.0
3119,0.0,0.0,0.0,0.0,0.0
3120,0.0,0.0,0.0,0.0,0.0
3121,0.0,0.0,0.0,0.0,0.0
3122,0.0,0.0,0.0,0.0,0.0
3123,0.0,0.0,0.0,0.0,0.0
3124,0.0,0.0,0.0,0.0,0.0
3125,0.0107386725148682,0.0,0.0,0.00058124476188075,0.0070630851683406
3126,0.0730186576435406,0.02492098254472695,0.017618571528121,0.0208633157783499,0.0769783483488737
3127,0.14928276102463084,0.0638544115329253,0.04062423012594135,0.07282477944757924,0.1571532068272106
3128,0.2048611078087331,0.11122128901875145,0.07736403956880665,0.13000863688529354,0.224530223268495
3129,0.23787743637845904,0.16099820468868786,0.1219163908873498,0.1857063909077514,0.27647577668642187
3130,0.25065052401227106,0.17902929069496135,0.15765774764753296,0.24354795025717704,0.3095598162871186
3131,0.2336384687850156,0.19859036731602234,0.1667191337063925,0.27318983455267204,0.31126811011809385
3132,0.19147272657698405,0.23180026103507884,0.151426740096662,0.2769903865979753,0.2874381070098533
3133,0.1459075699634126,0.21224176061821184,0.12571862886149804,0.26631543125257545,0.2504044100180772
3134,0.0957548789672753,0.1596056043793468,0.0928551824407503,0.23182214739593454,0.20192693761520605
3135,0.05318741797470865,0.10395361298170196,0.06108903726721475,0.1786258002645854,0.1407336045953305
3136,0.01704150027236625,0.0484674542200982,0.02730540570352575,0.11970263388063156,0.06885868052467185
3137,0.00069393571605405,0.00721958899503895,0.0035591413535326,0.06113107441661815,0.00763989136108875
3138,0.0,0.0,0.0,0.0094240583670299,0.0
3139,0.0,0.0,0.0,0.0,0.0
3140,0.0,0.0,0.0,0.0,0.0
3141,0.0,0.0,0.0,0.0,0.0
3142,0.0,0.0,0.0,0.0,0.0
3143,0.0,0.0,0.0,0.0,0.0
3144,0.0,0.0,0.0,0.0,0.0
3145,0.0,0.0,0.0,0.0,0.0
3146,0.0,0.0,0.0,0.0,0.0
3147,0.0,0.0,0.0,0.0,0.0
3148,0.0,0.0,0.0,0.0,0.0
3149,0.0,0.0,0.0,0.0005868431631891,0.0018306058336326
3150,0.00795012124408185,0.03351473045190525,0.03020748201549595,0.03171564349401285,0.03496006652192885
3151,0.0226853319241529,0.11010167351607494,0.0695918656801536,0.1073100146336112,0.08155157288376624
3152,0.0373528658161888,0.1806069692484299,0.10527803544907854,0.1888663850630587,0.129370203631575
3153,0.0529849310651324,0.2352803438097663,0.1437676247292343,0.26281311367464794,0.1664123236041662
3154,0.0733933766314195,0.2798247336096639,0.19056637898879605,0.32088193956834143,0.19986547306073196
3155,0.07640996616449496,0.30303418060789855,0.22487909680621715,0.35607728072961137,0.2263253215918253
3156,0.07251051195801166,0.2992010020311171,0.2255964150020343,0.3629299580109429,0.2253436768203796
3157,0.07182304993060645,0.26767095852618417,0.20992287369764645,0.34749028901644513,0.19581086704084144
3158,0.0593943199071497,0.21991518185471784,0.1782704820855224,0.31355835703736323,0.15634393948305525
3159,0.0381838909623814,0.16203415083914666,0.1237301095754456,0.2563464638915523,0.11168485798276385
3160,0.01241465518149685,0.09569532764709965,0.066730477821492,0.18016309859952706,0.0556846168701812
3161,0.00052048082239835,0.0316873291999112,0.0174173609661559,0.0918987879059518,0.0067351987938653
3162,0.0,0.0,0.0,0.0123436954607756,0.0
3163,0.0,0.0,0.0,0.0,0.0
3164,0.0,0.0,0.0,0.0,0.0
3165,0.0,0.0,0.0,0.0,0.0
3166,0.0,0.0,0.0,0.0,0.0
3167,0.0,0.0,0.0,0.0,0.0
3168,0.0,0.0,0.0,0.0,0.0
3169,0.0,0.0,0.0,0.0,0.0
3170,0.0,0.0,0.0,0.0,0.0
3171,0.0,0.0,0.0,0.0,0.0
3172,0.0,0.0,0.0,0.0,0.0
3173,0.0010536920722102,0.0,0.0008655075057991,0.0006897608932791,0.0041520791578576
3174,0.0244586930034706,0.04864972518114775,0.0652811751241009,0.0397975473567898,0.04984876077347435
3175,0.05484223130356415,0.11997107734761395,0.15290331408849536,0.13432163517024845,0.11012993007707975
3176,0.0801674992445543,0.17413903153781424,0.23245122548843894,0.226631369053488,0.16939061014793286
3177,0.11222795534101496,0.19851583976361295,0.2853630501072882,0.30110631447205477,0.2032907031708697
3178,0.1555136523969508,0.23677117972832434,0.31007581770767184,0.352521004673487,0.2237968882478249
3179,0.18712734831357875,0.27259371003250976,0.3127372417765699,0.37968108916822907,0.24269350025466135
3180,0.1978615369378347,0.26749664795340194,0.295246473217096,0.3826318426716851,0.22544376819728396
3181,0.17617237259444574,0.2645895332247149,0.25835935363377116,0.36423586456921925,0.18780856119662084
3182,0.1339924598746285,0.243039476352241,0.21809120822164066,0.3229505478644343,0.1491411333180866
3183,0.09108029533230536,0.1937877239801795,0.1631475381797543,0.2616278597615583,0.09919069134885475
3184,0.04579759910380335,0.12780263117319784,0.0931209562730311,0.18343004710953684,0.0457704241092375
3185,0.0037219839759865,0.04549979585193895,0.0252031610530707,0.0926815559207353,0.0035029543854516
3186,0.0,0.0,0.0,0.01229049849600045,0.0
3187,0.0,0.0,0.0,0.0,0.0
3188,0.0,0.0,0.0,0.0,0.0
3189,0.0,0.0,0.0,0.0,0.0
3190,0.0,0.0,0.0,0.0,0.0
3191,0.0,0.0,0.0,0.0,0.0
3192,0.0,0.0,0.0,0.0,0.0
3193,0.0,0.0,0.0,0.0,0.0
3194,0.0,0.0,0.0,0.0,0.0
3195,0.0,0.0,0.0,0.0,0.0
3196,0.0,0.0,0.0,0.0,0.0
3197,0.00847485142823745,0.0,0.00105912119645585,0.0006874797065913,0.00306381247836695
3198,0.06990696355014765,0.06516515350463105,0.0714702330648834,0.0401841455292824,0.0479626969218706
3199,0.134679004424701,0.1637671291138485,0.15978033411595155,0.13478970825100625,0.1096973386045681
3200,0.1817928783351517,0.25136812644570816,0.2303702871178281,0.227051934616795,0.1723897462787458
3201,0.2177101155131162,0.31794566211403974,0.2681243588026777,0.3013755218093137,0.21711974651013394
3202,0.23360231116480595,0.3594832207947037,0.2793388836762402,0.3514304907119621,0.23816757035954436
3203,0.23448154777141456,0.37700564563976796,0.27927297314639565,0.3773247163138243,0.24031094982271964
3204,0.22927177998508516,0.36636558241351846,0.2711055580818766,0.3803466076205002,0.224057862334161
3205,0.2052363357945832,0.3288544997216127,0.2437929584884037,0.36244346218461265,0.1989639696006259
3206,0.1605308063816709,0.27162594852729244,0.2079915911351025,0.32197198673991456,0.16261405192441464
3207,0.10955250125369564,0.2049592694355967,0.15580039628362966,0.25991142950321167,0.11305888900944265
3208,0.05589795292039155,0.1310291120899129,0.0888292904946225,0.1810610156624858,0.05446503470094515
3209,0.00820775064781275,0.04697592165519205,0.0233594353109223,0.09187942352788925,0.0069441193411897
3210,0.0,0.0,0.0,0.01271279656469655,0.0
3211,0.0,0.0,0.0,0.0,0.0
3212,0.0,0.0,0.0,0.0,0.0
3213,0.0,0.0,0.0,0.0,0.0
3214,0.0,0.0,0.0,0.0,0.0
3215,0.0,0.0,0.0,0.0,0.0
3216,0.0,0.0,0.0,0.0,0.0
3217,0.0,0.0,0.0,0.0,0.0
3218,0.0,0.0,0.0,0.0,0.0
3219,0.0,0.0,0.0,0.0,0.0
3220,0.0,0.0,0.0,0.0,0.0
3221,0.0,0.0,0.00070420420132615,0.0006702804022461,0.0030007541082197
3222,0.0091009060450833,0.0562692013778989,0.06161911603007965,0.03928569843032285,0.053652384806902
3223,0.02410427269816915,0.1322552077349125,0.1312976976050772,0.13153311009163385,0.117618062694667
3224,0.03297733949191955,0.1901143898226344,0.1837052227036148,0.22135268878331946,0.16214817308032384
3225,0.0499260266648169,0.21422423939924776,0.22361484919429436,0.2947006911884415,0.1851116941070853
3226,0.05713441835417665,0.2385160494197575,0.2401899900660671,0.34611973728849704,0.1926613790528936
3227,0.0471866614521234,0.2677025518170831,0.2294627077915101,0.3754241215240765,0.1909688197156962
3228,0.04260640063315725,0.2686910718085153,0.2007439474506562,0.38144705019455827,0.1829885604737567
3229,0.03529208017319805,0.24877713890433364,0.15886700543121235,0.362009503628969,0.15498494122912504
3230,0.02567103393866235,0.2144924564108141,0.11705237107896305,0.32079642068003456,0.11474260014631404
3231,0.01898509428798715,0.1641035414619508,0.0777530957235377,0.2593892341493147,0.0766257491409946
3232,0.00814142473848775,0.10152987734076314,0.03742524869055415,0.17931561298027654,0.0388008703379634
3233,0.0010181219221131,0.0371324360591268,0.00818085372745985,0.0912622698424971,0.00545718512746455
3234,0.0,0.0,0.0,0.0142874070738175,0.0
3235,0.0,0.0,0.0,0.0,0.0
3236,0.0,0.0,0.0,0.0,0.0
3237,0.0,0.0,0.0,0.0,0.0
3238,0.0,0.0,0.0,0.0,0.0
3239,0.0,0.0,0.0,0.0,0.0
3240,0.0,0.0,0.0,0.0,0.0
3241,0.0,0.0,0.0,0.0,0.0
3242,0.0,0.0,0.0,0.0,0.0
3243,0.0,0.0,0.0,0.0,0.0
3244,0.0,0.0,0.0,0.0,0.0
3245,0.00056232356615675,0.0,0.0,0.0019265146277466,0.0028006682076787
3246,0.01191565457260285,0.0614368590700337,0.03637457915216225,0.0444404750555879,0.04857204459915925
3247,0.0286716738643435,0.1489330470773137,0.086860079069926,0.12501034207066195,0.1152468227710963
3248,0.057461495610659,0.2279775412570751,0.11950767813491504,0.20928726636972286,0.1816084433579379
3249,0.08937549755758185,0.2791907008218522,0.1369664955492619,0.27520434604881305,0.2265742578089568
3250,0.1032603676470065,0.2881402147418959,0.1384469345321011,0.3162156649825301,0.2486833103992701
3251,0.10156720371906006,0.26791827205475977,0.1242049062827207,0.3293478765157861,0.24747898655018344
3252,0.09528333370116444,0.2245693841617089,0.1036141502311034,0.314333829331851,0.23316975120042194
3253,0.0853016579642195,0.1889559339614233,0.086430232448382,0.28083025694777003,0.2213574887082557
3254,0.0677145733785348,0.1609832872794572,0.06473969533951375,0.23923296090482946,0.18400128737853444
3255,0.04387625521955015,0.1181836128827172,0.03516844897009305,0.19539032624569555,0.125702225219875
3256,0.0192019451462966,0.076043989441364,0.01226569335428215,0.14194406367757634,0.0654717598101077
3257,0.00121564197940325,0.0285066860028876,0.0,0.0755579407047883,0.0094090829353272
3258,0.0,0.0,0.0,0.01476979778090965,0.0
3259,0.0,0.0,0.0,0.0,0.0
3260,0.0,0.0,0.0,0.0,0.0
3261,0.0,0.0,0.0,0.0,0.0
3262,0.0,0.0,0.0,0.0,0.0
3263,0.0,0.0,0.0,0.0,0.0
3264,0.0,0.0,0.0,0.0,0.0
3265,0.0,0.0,0.0,0.0,0.0
3266,0.0,0.0,0.0,0.0,0.0
3267,0.0,0.0,0.0,0.0,0.0
3268,0.0,0.0,0.0,0.0,0.0
3269,0.01091079887894025,0.0,0.0,0.00153106384517085,0.0091036343575009
3270,0.0673521877320504,0.0513349609780962,0.05076126600382775,0.01657842865398625,0.07927322698679964
3271,0.1292606885856937,0.1201235383898225,0.1133009153918286,0.0433225919955993,0.1613186462861232
3272,0.16689852914119865,0.1848390164794844,0.17071069315059606,0.07391302165367095,0.2313894448496071
3273,0.1838612044333394,0.2290079940951913,0.21349605523891674,0.10115468940504944,0.27418455205345316
3274,0.19456417625153136,0.2393704053904131,0.23496418079266,0.12082566153446456,0.28932313195224707
3275,0.1966605093826553,0.2247420523109417,0.23644958344107445,0.12676571162529204,0.28208515507294757
3276,0.1917222653669308,0.21133241668643166,0.2304424771183151,0.11987809433533615,0.26833612749030217
3277,0.16358399105866014,0.1876245829518185,0.20578828009386824,0.105917186151516,0.24330768044570794
3278,0.1291049243051846,0.1409936418008491,0.16120686240135884,0.08295074153135945,0.1965610503937803
3279,0.09675434582309855,0.09366916541206,0.11994080408676355,0.06445963859047685,0.13936247158705514
3280,0.05313047229623445,0.05011000438244775,0.07070685337550205,0.0450033228491834,0.0723854190068385
3281,0.00775313785073795,0.01328365703645685,0.01768717863881685,0.0213766565653647,0.0091724897402342
3282,0.0,0.0,0.0,0.00504406841214335,0.0
3283,0.0,0.0,0.0,0.0,0.0
3284,0.0,0.0,0.0,0.0,0.0
3285,0.0,0.0,0.0,0.0,0.0
3286,0.0,0.0,0.0,0.0,0.0
3287,0.0,0.0,0.0,0.0,0.0
3288,0.0,0.0,0.0,0.0,0.0
3289,0.0,0.0,0.0,0.0,0.0
3290,0.0,0.0,0.0,0.0,0.0
3291,0.0,0.0,0.0,0.0,0.0
3292,0.0,0.0,0.0,0.0,0.0
3293,0.01574050806852975,0.0,0.00106692626468505,0.0015250671043368,0.00174360309457875
3294,0.0769492353204215,0.02525382055404965,0.06529324227370036,0.02328976472609175,0.0314120266035561
3295,0.12980889919478064,0.0691839759527456,0.1434120957599348,0.0663973155219261,0.07771297317879965
3296,0.1779452955757958,0.1319983487112542,0.21960864188962376,0.11663893379847395,0.12340466104643645
3297,0.20948377242541824,0.16236496961563954,0.275607195482205,0.16397826827828396,0.16322172331777074
3298,0.2227504476964667,0.1619386833289412,0.30303444951010716,0.20683065224066416,0.1959106025691519
3299,0.2157305462147755,0.1561237168903419,0.30720452157537964,0.23153302202988155,0.21535025791233114
3300,0.1899135334442398,0.1665610003120178,0.284183939492382,0.24724783776392614,0.2297352725932514
3301,0.1670350353134015,0.17456719354849304,0.24320241446585614,0.2415999118289389,0.21441918832609955
3302,0.1456780174190103,0.1505649857658247,0.1932619696609138,0.2069731305093735,0.17626665645825554
3303,0.1062261482159158,0.1160104951132842,0.1333512436281829,0.1644072482101008,0.13107501881016195
3304,0.05770615006930145,0.07175063086107415,0.0731265765721767,0.11272305272187196,0.06726272775369015
3305,0.00918364974922465,0.02589204961030575,0.01835723144370785,0.0592517927301607,0.0079303501456064
3306,0.0,0.0,0.0,0.0113818434956001,0.0
3307,0.0,0.0,0.0,0.0,0.0
3308,0.0,0.0,0.0,0.0,0.0
3309,0.0,0.0,0.0,0.0,0.0
3310,0.0,0.0,0.0,0.0,0.0
3311,0.0,0.0,0.0,0.0,0.0
3312,0.0,0.0,0.0,0.0,0.0
3313,0.0,0.0,0.0,0.0,0.0
3314,0.0,0.0,0.0,0.0,0.0
3315,0.0,0.0,0.0,0.0,0.0
3316,0.0,0.0,0.0,0.0,0.0
3317,0.01737500393639845,0.0,0.00187239094245615,0.00099283755193955,0.00702090474088655
3318,0.07799838893972885,0.0136396798307913,0.05950836978526285,0.02390530976486675,0.0614677246926588
3319,0.14575620595654384,0.0588370667379326,0.1313833446706501,0.0704052914160075,0.1243137428844945
3320,0.2085369816732238,0.09709056679890425,0.19434498226019026,0.11873820954669195,0.18342600454678934
3321,0.2487388698309897,0.1364107378791162,0.2425873427168433,0.161497831228392,0.22441494176141874
3322,0.27319401161868123,0.17094888515669185,0.2758902301336782,0.19453263455470846,0.24584541588556905
3323,0.29051869823676846,0.20709663374352985,0.28887237063797283,0.22469367571820675,0.262034515637443
3324,0.2756966814248379,0.2260048824132851,0.27474112860072275,0.23306253002298594,0.2537507465456334
3325,0.2179196320443457,0.2062195470265111,0.24105115647389674,0.21497814416506694,0.22661337969009124
3326,0.1528871113501534,0.16562907293229784,0.1874922163085586,0.1940968742280442,0.18757619272819104
3327,0.0969538070421135,0.1142359397155703,0.1286633446423121,0.1612343859503503,0.12950056778984625
3328,0.04471698504952,0.0674669135552578,0.06553032205438665,0.1104525798393949,0.0654676140908342
3329,0.0054442055636332,0.02166009294188085,0.01136443982716525,0.05791823402116415,0.00866910199965755
3330,0.0,0.0,0.0,0.0129936847591046,0.0
3331,0.0,0.0,0.0,0.0,0.0
3332,0.0,0.0,0.0,0.0,0.0
3333,0.0,0.0,0.0,0.0,0.0
3334,0.0,0.0,0.0,0.0,0.0
3335,0.0,0.0,0.0,0.0,0.0
3336,0.0,0.0,0.0,0.0,0.0
3337,0.0,0.0,0.0,0.0,0.0
3338,0.0,0.0,0.0,0.0,0.0
3339,0.0,0.0,0.0,0.0,0.0
3340,0.0,0.0,0.0,0.0,0.0
3341,0.00275775937958335,0.0,0.00110074336068815,0.00054231959330185,0.0073705390747523
3342,0.02000656785579505,0.0018408568179463,0.03124189641899235,0.019742075117819,0.06365739892801794
3343,0.0430967592745814,0.0165565882208151,0.06687891521191094,0.06192095956987645,0.1317775284526831
3344,0.0801211196858157,0.0332568806737037,0.0952909073593861,0.1185078429199711,0.1943203586301561
3345,0.125541637603631,0.0453465965093581,0.1163360965325047,0.17252103112343956,0.2430952211309682
3346,0.1545998292785184,0.04705822348101895,0.12148095613530616,0.2126386038207816,0.26729270295781243
3347,0.16533081941519084,0.0464863213756537,0.1128364085944556,0.23409657615672025,0.2714113442363816
3348,0.16361279767897824,0.0431649042248258,0.103025071299509,0.243245544796288,0.26219347094646545
3349,0.1464611960634428,0.0373342460540394,0.08312461967141695,0.2362439814676455,0.23425891261652776
3350,0.1144062181690188,0.03376295430325985,0.06209407252332005,0.2048894513164385,0.19552584700582734
3351,0.07717650115400825,0.02244655251486935,0.0387769319946768,0.16714310861831175,0.1410981747357813
3352,0.04154600138681585,0.00808973778981755,0.0141470348100821,0.1198597061925666,0.07407968847200465
3353,0.0040852900456225,0.00106547661801655,0.0024420303362948,0.0639227481903526,0.00978104315918335
3354,0.0,0.0,0.0,0.01229603387701005,0.0
3355,0.0,0.0,0.0,0.0,0.0
3356,0.0,0.0,0.0,0.0,0.0
3357,0.0,0.0,0.0,0.0,0.0
3358,0.0,0.0,0.0,0.0,0.0
3359,0.0,0.0,0.0,0.0,0.0
3360,0.0,0.0,0.0,0.0,0.0
3361,0.0,0.0,0.0,0.0,0.0
3362,0.0,0.0,0.0,0.0,0.0
3363,0.0,0.0,0.0,0.0,0.0
3364,0.0,0.0,0.0,0.0,0.0
3365,0.00895400956336465,0.0,0.0007256393357095,0.00093706561128315,0.00709703811055925
3366,0.0317820936313541,0.00336977845983475,0.00796238157086565,0.03127225062048625,0.06353563858856034
3367,0.05306893179350075,0.0341630425348224,0.01775234189289175,0.08455808073078735,0.13798600980682765
3368,0.07202952030672455,0.0772741920744385,0.030389058669748,0.14552404124181514,0.2068110499083231
3369,0.0804611144214036,0.1188398080472024,0.0428159135753172,0.20716823452559474,0.2580212107735943
3370,0.08228988781973624,0.1485212357951339,0.05446087152467725,0.2532499887908313,0.2819751006892133
3371,0.09525185821417645,0.1686705182079913,0.06047251192110295,0.28083963650340515,0.29277004829603565
3372,0.09239571321097345,0.15679954605156884,0.05951747637173625,0.29028949802237347,0.2831813351038353
3373,0.0728975776705703,0.1190061424195114,0.0569984250535268,0.2766584693386772,0.2476815134981962
3374,0.0651354834258666,0.0944532314100718,0.0466028967634595,0.24381813971198685,0.20906365206782904
3375,0.04889350281553135,0.0635513370937355,0.03023002646545385,0.1951032588607047,0.1543349794727083
3376,0.02482326656168255,0.0307480436069545,0.01385285428255695,0.1370964247690555,0.08027546391724445
3377,0.00215410411379645,0.0090774085620476,0.00184641235146535,0.0733628379956964,0.01222384952115805
3378,0.0,0.0,0.0,0.0141999047539861,0.0
3379,0.0,0.0,0.0,0.0,0.0
3380,0.0,0.0,0.0,0.0,0.0
3381,0.0,0.0,0.0,0.0,0.0
3382,0.0,0.0,0.0,0.0,0.0
3383,0.0,0.0,0.0,0.0,0.0
3384,0.0,0.0,0.0,0.0,0.0
3385,0.0,0.0,0.0,0.0,0.0
3386,0.0,0.0,0.0,0.0,0.0
3387,0.0,0.0,0.0,0.0,0.0
3388,0.0,0.0,0.0,0.0,0.0
3389,0.00797067389856015,0.0,0.0,0.0018491123911482,0.00992071340712545
3390,0.0352312213957948,0.03526676793957285,0.00608498818473265,0.0403205628863525,0.07654934597286775
3391,0.05648594508033305,0.10007217912451455,0.0300423551596791,0.1242756401006792,0.1561588053366468
3392,0.06885773853339715,0.1596376711744864,0.06469490005308395,0.20904948718223515,0.2246626993058544
3393,0.08361011257500875,0.221687882488887,0.09999771797850035,0.278261524565054,0.2753563670776023
3394,0.09427886295794055,0.27298617222188376,0.12919269979181425,0.31699027212817177,0.3030436299879339
3395,0.09747759882692365,0.3008795634175396,0.141036624018959,0.32790538307703887,0.3043267301334035
3396,0.09985789297344805,0.30677756958555663,0.13977275706061584,0.3222548747496166,0.29318378371337195
3397,0.10249734120299454,0.29762134014063935,0.1353275215921004,0.3045747920228862,0.26771688983174224
3398,0.09510727586901435,0.259512529135054,0.1231416287824529,0.2625781596382074,0.21594886594540105
3399,0.06883627872322386,0.19090717523276335,0.09150293655337335,0.20553982656715986,0.1488726809196401
3400,0.0348851075572295,0.11363548203625255,0.0546478015522616,0.1489814327089056,0.07644012576433265
3401,0.0063201146549129,0.04214783382898705,0.0180818841461286,0.08234686000803615,0.01075979523605605
3402,0.0,0.0,0.0,0.016084703640323,0.0
3403,0.0,0.0,0.0,0.0,0.0
3404,0.0,0.0,0.0,0.0,0.0
3405,0.0,0.0,0.0,0.0,0.0
3406,0.0,0.0,0.0,0.0,0.0
3407,0.0,0.0,0.0,0.0,0.0
3408,0.0,0.0,0.0,0.0,0.0
3409,0.0,0.0,0.0,0.0,0.0
3410,0.0,0.0,0.0,0.0,0.0
3411,0.0,0.0,0.0,0.0,0.0
3412,0.0,0.0,0.0,0.0,0.0
3413,0.00547358165902425,0.00077569004453455,0.0011951107157484,0.001916946413623,0.01000059296162295
3414,0.0504078851081496,0.06286059691914245,0.06678989412013465,0.04277008846455025,0.07752517485848424
3415,0.0987243939907763,0.1522623992914115,0.14352506738394405,0.129288492945107,0.15922964892265665
3416,0.1415900257822328,0.2390868311539425,0.2175845097253969,0.21061553420164855,0.2340777600962832
3417,0.181983652047142,0.3051460584490064,0.2700104064438633,0.2749626502302677,0.28807911653706264
3418,0.1899776043325052,0.3456858326873591,0.28835311069140496,0.3179970319479933,0.3145791204407922
3419,0.19013268108201284,0.3613765331594036,0.2841769948397517,0.3399957620415848,0.3159605530420309
3420,0.1962057424594722,0.34900356227701623,0.2706043428430239,0.33429172350719183,0.2920338671614297
3421,0.17468844798435784,0.3233361713294805,0.2442193365167078,0.3066553687376806,0.2521426187497138
3422,0.148332146076584,0.28080612294335555,0.20262205924242024,0.2612520951520908,0.20102069899342004
3423,0.12185550235625454,0.21005557402707806,0.15068569516701166,0.20309547168433925,0.1405947138241024
3424,0.07349059823438865,0.1292943405936353,0.08821897720678265,0.13619475401974254,0.0750096264737021
3425,0.01279647625411085,0.04646619672072785,0.0238763365020219,0.0675536525328567,0.0117934819790667
3426,0.0,0.0,0.0,0.01671639021795225,0.0
3427,0.0,0.0,0.0,0.0,0.0
3428,0.0,0.0,0.0,0.0,0.0
3429,0.0,0.0,0.0,0.0,0.0
3430,0.0,0.0,0.0,0.0,0.0
3431,0.0,0.0,0.0,0.0,0.0
3432,0.0,0.0,0.0,0.0,0.0
3433,0.0,0.0,0.0,0.0,0.0
3434,0.0,0.0,0.0,0.0,0.0
3435,0.0,0.0,0.0,0.0,0.0
3436,0.0,0.0,0.0,0.0,0.0
3437,0.02080486570854545,0.0,0.0021172197107908,0.0029573684042581,0.01065830638384595
3438,0.1028382306586331,0.05948024224425205,0.06697100075515565,0.02503857371687675,0.08038448997583705
3439,0.18608114390938674,0.1387657002213677,0.1460566414839646,0.0617809390838553,0.1593026077814543
3440,0.25740261927145536,0.2119299990083752,0.21555558755220364,0.1041554000374539,0.22794974921277886
3441,0.3075782743291075,0.2623114591519357,0.2743709791861225,0.14683284187952744,0.277298134127263
3442,0.3236540995450973,0.30099078006403324,0.30609842153294287,0.1805053874008133,0.3073286399005772
3443,0.31057760543841983,0.3165735703431353,0.296841334528081,0.20163768245282784,0.3125925025686977
3444,0.27768500397012186,0.28863994476160815,0.2588339476075521,0.20650127541363936,0.2961770162815742
3445,0.2332187587711398,0.2467556979726777,0.2169723239608834,0.1909076026365364,0.2639848364868979
3446,0.18371548741432134,0.20761482737850545,0.17247876377967966,0.1545633424877044,0.2114660011293465
3447,0.12783396429256744,0.15267286870830074,0.11739222543695214,0.12088852413574495,0.1445082223293925
3448,0.07130894435410555,0.0882686299071529,0.0641075036218538,0.08989672473659295,0.07486896460377394
3449,0.0109638411494431,0.0297216441369867,0.0170101515640592,0.0492498005574841,0.011729402547162
3450,0.0,0.0,0.0,0.0110557876261755,0.0
3451,0.0,0.0,0.0,0.0,0.0
3452,0.0,0.0,0.0,0.0,0.0
3453,0.0,0.0,0.0,0.0,0.0
3454,0.0,0.0,0.0,0.0,0.0
3455,0.0,0.0,0.0,0.0,0.0
3456,0.0,0.0,0.0,0.0,0.0
3457,0.0,0.0,0.0,0.0,0.0
3458,0.0,0.0,0.0,0.0,0.0
3459,0.0,0.0,0.0,0.0,0.0
3460,0.0,0.0,0.0,0.0,0.0
3461,0.02105372899648985,0.0016616363609298,0.00301426644722915,0.0024494553168559,0.00976807145970745
3462,0.09438705469881604,0.0394895770961208,0.0612510325828813,0.02822581027982675,0.06750155502885954
3463,0.17337991521894314,0.10044559908017675,0.13541642443948884,0.0794806007365335,0.12846587214614014
3464,0.2437496919278626,0.1819051301198495,0.2004879830984368,0.13655287287854956,0.1836828326026013
3465,0.2747461807173174,0.24233234112786525,0.25155932098930334,0.1828342761985728,0.2242306457997609
3466,0.2732087712386301,0.2420208399683077,0.2822542708231531,0.22095905572073515,0.24033888640672904
3467,0.2729318994839419,0.2355616571653203,0.28867556238517156,0.2509455417841798,0.24043985120600156
3468,0.259895051188327,0.24157134920901144,0.2764715510260752,0.254198848946706,0.2237357772048815
3469,0.22343356272002474,0.23559803033987875,0.2465851334544969,0.23293544099836974,0.1873737307902252
3470,0.17717021468552305,0.2060994849936712,0.19821421210968376,0.2004205091743317,0.138115589629082
3471,0.11562114624015625,0.1349781207900528,0.1386585778393973,0.16391035671705065,0.0901721374608434
3472,0.05079098025448395,0.0750003699237414,0.0767886117921327,0.1167357440711173,0.0477269343377842
3473,0.00650816985265325,0.0274474623696942,0.019704799808585,0.0618000926670149,0.0064168186643905
3474,0.0,0.0,0.0,0.0131869010644285,0.0
3475,0.0,0.0,0.0,0.0,0.0
3476,0.0,0.0,0.0,0.0,0.0
3477,0.0,0.0,0.0,0.0,0.0
3478,0.0,0.0,0.0,0.0,0.0
3479,0.0,0.0,0.0,0.0,0.0
3480,0.0,0.0,0.0,0.0,0.0
3481,0.0,0.0,0.0,0.0,0.0
3482,0.0,0.0,0.0,0.0,0.0
3483,0.0,0.0,0.0,0.0,0.0
3484,0.0,0.0,0.0,0.0,0.0
3485,0.0159784120108039,0.0,0.0013066048339397,0.00170154503975095,0.00123194862433375
3486,0.07821042188851755,0.04575039956030955,0.0614741226140315,0.02812813227619935,0.0143085902500061
3487,0.1514296976597683,0.1195758887246848,0.1425283357595167,0.0735055331018224,0.03408116856976475
3488,0.21687936386184944,0.1826321640372323,0.2104919506750651,0.12576520329724666,0.0536329738246533
3489,0.2652212287890631,0.22334541678259104,0.25035264579146826,0.17337642851846025,0.0719257380387976
3490,0.2936125206149744,0.23621289835990766,0.26283570702989123,0.2061530833890067,0.10113738974699175
3491,0.3021432046637432,0.22675580569090234,0.26196413711744665,0.2294616822840559,0.1240951948438911
3492,0.2885187500796908,0.2089272043722136,0.2348984483337384,0.22975417758927655,0.1119843969447306
3493,0.24864205007856624,0.1805393287310943,0.18909092823713894,0.2101779286866461,0.0862275545167711
3494,0.1877826990368307,0.15876112277965065,0.15018133950859866,0.1827402202730564,0.0645106000605101
3495,0.12434184012900194,0.13545766181994784,0.1168659265097776,0.14704425111894334,0.0408419504517103
3496,0.0621703675737929,0.09477919347275685,0.0689040085723739,0.10666000585925045,0.01707948525477855
3497,0.00947097164393875,0.03806492520764825,0.01864011135973025,0.0588845823336755,0.0
3498,0.0,0.0,0.0,0.01255443093303415,0.0
3499,0.0,0.0,0.0,0.0,0.0
3500,0.0,0.0,0.0,0.0,0.0
3501,0.0,0.0,0.0,0.0,0.0
3502,0.0,0.0,0.0,0.0,0.0
3503,0.0,0.0,0.0,0.0,0.0
3504,0.0,0.0,0.0,0.0,0.0
3505,0.0,0.0,0.0,0.0,0.0
3506,0.0,0.0,0.0,0.0,0.0
3507,0.0,0.0,0.0,0.0,0.0
3508,0.0,0.0,0.0,0.0,0.0
3509,0.0163668711941598,0.0,0.00185806659491485,0.00108556908082775,0.001931603884949
3510,0.06349337259318125,0.0359906445787686,0.0481424527363722,0.0189485394041021,0.03350923091695815
3511,0.0911754712108944,0.0826380465814698,0.09525723381281655,0.05250246218128595,0.08840051095859415
3512,0.09961920417658275,0.1451643728447555,0.1468194093734836,0.08517982120552114,0.14586989789745225
3513,0.1096395800360326,0.1851158094974706,0.1801713731550717,0.10608539155972545,0.1871618970799768
3514,0.11886838256958085,0.20544538473723806,0.18468804346049575,0.11847294077255535,0.2076521410753209
3515,0.128841982759261,0.2174706588442186,0.1759473287925606,0.1295623199826456,0.2184404608162411
3516,0.1237425081031241,0.2118799742481111,0.148285076956402,0.13208163426911376,0.205147358037706
3517,0.0951471104816611,0.1726803179985574,0.11812358214798385,0.12665897541381804,0.1780832559232803
3518,0.05474138196454845,0.11829252460823154,0.09150001791162335,0.11477607441794525,0.1413689606666908
3519,0.02584594673693055,0.08538258031100175,0.05876646505837935,0.09708680944673465,0.0917223658621375
3520,0.00766149123922655,0.0559193829725174,0.0300712600095289,0.0729177576041829,0.04482772876675495
3521,0.0,0.01648810445267975,0.00544508049562735,0.04247143462954715,0.0051683899362346
3522,0.0,0.0,0.0,0.00987656520059195,0.0
3523,0.0,0.0,0.0,0.0,0.0
3524,0.0,0.0,0.0,0.0,0.0
3525,0.0,0.0,0.0,0.0,0.0
3526,0.0,0.0,0.0,0.0,0.0
3527,0.0,0.0,0.0,0.0,0.0
3528,0.0,0.0,0.0,0.0,0.0
3529,0.0,0.0,0.0,0.0,0.0
3530,0.0,0.0,0.0,0.0,0.0
3531,0.0,0.0,0.0,0.0,0.0
3532,0.0,0.0,0.0,0.0,0.0
3533,0.00574583936592435,0.0,0.00056613478462695,0.0008966413571072,0.00373158772244195
3534,0.01646811151618535,0.00153644659413065,0.0162190684345888,0.0223318587939491,0.0542105017562247
3535,0.02607806897034675,0.01186284614132365,0.04410027024298545,0.07218544987422584,0.12759991763811115
3536,0.03787714755588615,0.02221432504474505,0.0671116742459101,0.1366335699064356,0.1831878494803964
3537,0.04771844455106515,0.0317098586916006,0.0902776669770836,0.19233776716504564,0.2157399867196683
3538,0.0646192077300096,0.05710098777898315,0.1145630533364863,0.22812819315057506,0.24080438517082425
3539,0.07462900667426675,0.0965991143544067,0.13100203604885705,0.24952198913030554,0.25421095644885217
3540,0.0807365337941346,0.1121624350008298,0.1296235378855207,0.25548986298067594,0.2508384221731153
3541,0.0923548584152395,0.1179457503833013,0.11971169668277636,0.25059660458814603,0.22687243447370825
3542,0.07936054435772814,0.10657487877054775,0.10382986404455245,0.23388287561470605,0.1843868034071224
3543,0.05401831102737055,0.08640437010879135,0.0787442279976885,0.1930000540081019,0.13188874148111315
3544,0.02618436175876315,0.06154237228135455,0.0486946273622566,0.1348460025772311,0.0708745350129045
3545,0.0011296131552237,0.02403140232324955,0.0161848291634601,0.07231844732975885,0.01101944240598575
3546,0.0,0.0,0.0,0.0144817912406898,0.0
3547,0.0,0.0,0.0,0.0,0.0
3548,0.0,0.0,0.0,0.0,0.0
3549,0.0,0.0,0.0,0.0,0.0
3550,0.0,0.0,0.0,0.0,0.0
3551,0.0,0.0,0.0,0.0,0.0
3552,0.0,0.0,0.0,0.0,0.0
3553,0.0,0.0,0.0,0.0,0.0
3554,0.0,0.0,0.0,0.0,0.0
3555,0.0,0.0,0.0,0.0,0.0
3556,0.0,0.0,0.0,0.0,0.0
3557,0.0,0.0,0.000557157918678,0.00189585648849825,0.00650245824199355
3558,0.001227559793903,0.03242171853219795,0.0336992074250979,0.0354186949620661,0.0593959560750976
3559,0.00955622287146695,0.089479995639696,0.08602318107657456,0.1001474880857492,0.1258948591226565
3560,0.02018937218492685,0.16318471137306245,0.13205082377755245,0.16238944308010206,0.19079079288373665
3561,0.0339580914007107,0.2360617593795808,0.17095528118642944,0.2154402633293289,0.24047893519673305
3562,0.04235119931253765,0.2853408328424088,0.19197038959586166,0.24502706183826586,0.2707121715289816
3563,0.04424528481339515,0.3008726163585831,0.1986950478758398,0.2636391248742448,0.2782120492597945
3564,0.05249897772600365,0.2971611272188322,0.2034835531993841,0.2653076000188649,0.27359605894637096
3565,0.04747830030615175,0.28423532989621236,0.1987493975695855,0.23460203730718984,0.2455526974442324
3566,0.0310465644482229,0.2410121581773401,0.174504105274337,0.1966184122645027,0.1990668438015575
3567,0.0200992724577672,0.1663577093118604,0.1248165848682854,0.1599258917434095,0.1390898510617882
3568,0.0063944858143134,0.09522850341073626,0.0671047034208803,0.1147252916634516,0.06915305835521254
3569,0.00104421668775255,0.0347096132462804,0.0198239175381984,0.06347850465693824,0.01123813644393455
3570,0.0,0.0,0.0,0.0157455836521438,0.0
3571,0.0,0.0,0.0,0.0,0.0
3572,0.0,0.0,0.0,0.0,0.0
3573,0.0,0.0,0.0,0.0,0.0
3574,0.0,0.0,0.0,0.0,0.0
3575,0.0,0.0,0.0,0.0,0.0
3576,0.0,0.0,0.0,0.0,0.0
3577,0.0,0.0,0.0,0.0,0.0
3578,0.0,0.0,0.0,0.0,0.0
3579,0.0,0.0,0.0,0.0,0.0
3580,0.0,0.0,0.0,0.0,0.0
3581,0.00410308178769395,0.0009344571092584,0.0021972533430948,0.00226959223120475,0.0096621257091473
3582,0.02808244769792825,0.05770148566237685,0.06950482152723735,0.0374683582413085,0.0738260475285634
3583,0.06327259186858655,0.13464865883030894,0.1455671350090444,0.1004630456718837,0.15211401018610474
3584,0.0933134972303542,0.2098633621196471,0.20909123256496945,0.1617763269531439,0.21723214060333754
3585,0.11722956315901716,0.2742817730208218,0.24811106331733415,0.2074719893957214,0.2618396709295714
3586,0.12455931983417225,0.30386987875591004,0.25689483159866044,0.2348121404602913,0.2852113798053836
3587,0.11410082470394005,0.3038281974641402,0.24822534112582195,0.24418221715335164,0.28574775408962166
3588,0.1047672835281534,0.3007248819119541,0.2184260204351606,0.2387636504770851,0.2738125825348282
3589,0.0942733807078596,0.2929315623598622,0.1714574399439285,0.2196687101968484,0.24478494246491805
3590,0.08685869833794185,0.2616357530475149,0.13919820400221136,0.1972259652633041,0.1921382648841015
3591,0.0645913099222896,0.20294985616909594,0.1012000024041894,0.1627002362998009,0.1290360544012452
3592,0.03563225903845695,0.12886170688261914,0.05252908383592065,0.11807907759397915,0.0666884139982166
3593,0.00833468595701525,0.0487210926071018,0.01209565595134115,0.06989288197460725,0.01064112651232145
3594,0.0,0.0,0.0,0.01788643474776395,0.0
3595,0.0,0.0,0.0,0.0,0.0
3596,0.0,0.0,0.0,0.0,0.0
3597,0.0,0.0,0.0,0.0,0.0
3598,0.0,0.0,0.0,0.0,0.0
3599,0.0,0.0,0.0,0.0,0.0
3600,0.0,0.0,0.0,0.0,0.0
3601,0.0,0.0,0.0,0.0,0.0
3602,0.0,0.0,0.0,0.0,0.0
3603,0.0,0.0,0.0,0.0,0.0
3604,0.0,0.0,0.0,0.0,0.0
3605,0.01061186468439165,0.00058457455004235,0.0,0.0022746023202043,0.01002427877534435
3606,0.0505917255653764,0.0640729629048477,0.03644365724547455,0.04232626601783975,0.0792266211576206
3607,0.1016324562671131,0.15243999052356985,0.0921601857419846,0.1281198352485488,0.1594031976813075
3608,0.159621754891283,0.2338945842190826,0.1543778316257842,0.21218506816285854,0.2294686643955605
3609,0.20729934819653045,0.29677801109794116,0.1961535302227103,0.2795300755376844,0.26977341010394784
3610,0.24082463356322106,0.3352681543595233,0.2150980130092196,0.32578280749245964,0.2883926232908373
3611,0.2502711340477294,0.34577640009938565,0.22087224875939185,0.35093410823004034,0.2913718052527878
3612,0.24497956338059235,0.33159607280525316,0.20912781773141384,0.35656275540994065,0.2740938957331948
3613,0.22627046570082124,0.2980423188757967,0.1796245860958861,0.34295949975734535,0.2452240556303336
3614,0.18552795896489735,0.2486325166664849,0.1470807480621574,0.3056706364945473,0.2006573121900861
3615,0.12714811333371384,0.188116224014921,0.10927393507207114,0.2486416000589922,0.14104792215677944
3616,0.0636161428451054,0.1167599255917512,0.06294738250899655,0.1751218948599517,0.0752611208884052
3617,0.00966658059820105,0.04524330499919915,0.01763369382825945,0.0926018669048638,0.01257232169345265
3618,0.0,0.0,0.0,0.0181459185373345,0.0
3619,0.0,0.0,0.0,0.0,0.0
3620,0.0,0.0,0.0,0.0,0.0
3621,0.0,0.0,0.0,0.0,0.0
3622,0.0,0.0,0.0,0.0,0.0
3623,0.0,0.0,0.0,0.0,0.0
3624,0.0,0.0,0.0,0.0,0.0
3625,0.0,0.0,0.0,0.0,0.0
3626,0.0,0.0,0.0,0.0,0.0
3627,0.0,0.0,0.0,0.0,0.0
3628,0.0,0.0,0.0,0.0,0.0
3629,0.0184891106644037,0.0,0.00199642279980135,0.00209238549839865,0.0097066595305478
3630,0.0919860152380043,0.0640722752417284,0.06838512248897295,0.0416766410024891,0.0787536138474045
3631,0.16728844083128924,0.1533987738736931,0.14755082886176715,0.1273136667013769,0.15881890414273256
3632,0.22039871818473875,0.2337968632591288,0.2182730073643301,0.21141218303318254,0.22669767541605065
3633,0.2423594012110758,0.2960925578625656,0.26543790535684814,0.2795771542838776,0.27303437177975054
3634,0.24615605764696846,0.336179292920913,0.2883469479769365,0.32641989724168147,0.29596844833904323
3635,0.2536170475573785,0.35338756072549143,0.2914736968083651,0.35098874401891866,0.2885465822732534
3636,0.23214615186112736,0.35027550314589534,0.27207354997792255,0.3550059272675132,0.26035843767046524
3637,0.1934240655865731,0.3249310750328627,0.2384142546241691,0.3381245833123587,0.22902313060263466
3638,0.16564242367716395,0.27589829109083985,0.20006552536217045,0.2998124347912137,0.18253147463465846
3639,0.12154834667418025,0.2058140656845981,0.1529039160910736,0.2428586725185795,0.120838029959043
3640,0.0617753468260152,0.1246862963623596,0.09248575979027775,0.17162255652569985,0.0617720989941963
3641,0.0083604704995347,0.0472319909656871,0.0285202504779694,0.09183600833608485,0.01163892734340995
3642,0.0,0.0,0.0,0.01778255826913825,0.0
3643,0.0,0.0,0.0,0.0,0.0
3644,0.0,0.0,0.0,0.0,0.0
3645,0.0,0.0,0.0,0.0,0.0
3646,0.0,0.0,0.0,0.0,0.0
3647,0.0,0.0,0.0,0.0,0.0
3648,0.0,0.0,0.0,0.0,0.0
3649,0.0,0.0,0.0,0.0,0.0
3650,0.0,0.0,0.0,0.0,0.0
3651,0.0,0.0,0.0,0.0,0.0
3652,0.0,0.0,0.0,0.0,0.0
3653,0.01952346543652825,0.0006670051297123,0.00174330786891125,0.0021373001035929,0.0071759748765265
3654,0.09622735232686434,0.06375677456680705,0.0706398041174884,0.04127566325779935,0.07404622842330295
3655,0.1776061075222499,0.1525550689245617,0.1528163538910479,0.1253758141766581,0.15336816600861045
3656,0.24317271878389726,0.23198132437394894,0.22553146014290154,0.2077438493094167,0.2194189722881593
3657,0.2840204237178945,0.29300675263155795,0.2809045419658727,0.2747280535206828,0.27005959235314947
3658,0.29909532688451995,0.33278576421961176,0.3144991179227867,0.31935012446009964,0.29101968737654754
3659,0.2905199741797803,0.3494305341346812,0.32792475881200644,0.34341041266205463,0.2873998093647247
3660,0.2781318164322679,0.339012204084172,0.31930594485469616,0.34694374434532105,0.26698881147377057
3661,0.25607120315727155,0.30774394347312095,0.29060050963423806,0.3295905258025411,0.2354973239709327
3662,0.2081402073812214,0.2636338228936708,0.2431298355116063,0.2942283495848483,0.19254164013571215
3663,0.15085314693551524,0.20459974311244186,0.1803879342508488,0.2397913067018175,0.1379549343079928
3664,0.08168058285605015,0.1275073147457326,0.1072880152904304,0.16589545513393894,0.07579254787140614
3665,0.0128329764690949,0.04622515313742855,0.0303985775474595,0.08566158568727335,0.01371060604215765
3666,0.0,0.0,0.0,0.01904620466723765,0.0
3667,0.0,0.0,0.0,0.0010528339093718,0.0
3668,0.0,0.0,0.0,0.0,0.0
3669,0.0,0.0,0.0,0.0,0.0
3670,0.0,0.0,0.0,0.0,0.0
3671,0.0,0.0,0.0,0.0,0.0
3672,0.0,0.0,0.0,0.0,0.0
3673,0.0,0.0,0.0,0.0,0.0
3674,0.0,0.0,0.0,0.0,0.0
3675,0.0,0.0,0.0,0.0,0.0
3676,0.0,0.0,0.0,0.0,0.0
3677,0.0205923913286436,0.0,0.00171452220781245,0.00320759362451015,0.01062897908864315
3678,0.0997477391161955,0.0610972593211448,0.0688314865636702,0.03713498481520375,0.07951692942710065
3679,0.1811838901667863,0.1467606826396858,0.14829305917448554,0.09345451497181476,0.16034427682822855
3680,0.2485638910002924,0.22401173204748945,0.2187554174089021,0.15111084092284024,0.22892937523061854
3681,0.29016716923048114,0.2831635523161413,0.27348204291851297,0.2030664424950224,0.27488496628298154
3682,0.3063974107690656,0.322666222837173,0.3056142377517737,0.244492503292664,0.30074565588687474
3683,0.30674018972839984,0.33093977539742014,0.3069609924538509,0.2760151553394351,0.30666881457389067
3684,0.286121920893242,0.31340953078426975,0.28849868823644853,0.2852408217498594,0.2902443200577267
3685,0.2553911645337398,0.27443138565500363,0.2577800084974007,0.26649077422277756,0.25418413471422097
3686,0.21364308483247685,0.21663140564031494,0.21168842468294824,0.2369943174321221,0.20414866582664484
3687,0.1518066851641172,0.14247279669713134,0.15295775079706875,0.19966013615471684,0.1443956530284452
3688,0.0813339169264019,0.0787215129614251,0.0881926574554947,0.1445183995676538,0.07884708677709365
3689,0.0138631566133515,0.0339068489754131,0.02576753275835655,0.0801999935130355,0.0140059901857384
3690,0.0,0.0,0.0,0.01935012200262615,0.0
3691,0.0,0.0,0.0,0.0,0.0
3692,0.0,0.0,0.0,0.0,0.0
3693,0.0,0.0,0.0,0.0,0.0
3694,0.0,0.0,0.0,0.0,0.0
3695,0.0,0.0,0.0,0.0,0.0
3696,0.0,0.0,0.0,0.0,0.0
3697,0.0,0.0,0.0,0.0,0.0
3698,0.0,0.0,0.0,0.0,0.0
3699,0.0,0.0,0.0,0.0,0.0
3700,0.0,0.0,0.0,0.0,0.0
3701,0.0188943917745587,0.0,0.0023141508469872,0.002519581155237,0.00860129270288155
3702,0.0923461538249899,0.061252760264975,0.0661273543980839,0.0400970090358355,0.07800974930678645
3703,0.1684636951001591,0.14760866911013634,0.14630298640218325,0.11755640166747335,0.1608529620289268
3704,0.23949801778694704,0.22637432402170646,0.2176927765269203,0.19838738600352815,0.23332401883158765
3705,0.29044043616734655,0.2870495702984167,0.2722778687873586,0.26412446783038246,0.2842902958389774
3706,0.31448553328079965,0.32626254442028213,0.30583282953996854,0.30844279387706625,0.31195865553432056
3707,0.3211432057887728,0.34044885338378816,0.32090794542073936,0.3289851317640971,0.31747869566495396
3708,0.3048987123768381,0.3249831752300904,0.3146238630861343,0.329433252145348,0.29851638144882103
3709,0.2580974244561552,0.2973686634927702,0.2838676902812082,0.3180117918799258,0.26589871553221833
3710,0.2006558459232339,0.2606760068743105,0.2337810732833903,0.2818628226368426,0.21896375131685916
3711,0.1393555598897556,0.20093550931620505,0.1718387227824215,0.2235295328164133,0.1545164197208373
3712,0.07432234510016435,0.1240213587913568,0.10057424512916355,0.15371309982414794,0.083572067736366
3713,0.0134897600852978,0.04502175947028625,0.0289272013687286,0.07798900473772505,0.0156314951721134
3714,0.0,0.0,0.0,0.0161350492809562,0.0
3715,0.0,0.0,0.0,0.0,0.0
3716,0.0,0.0,0.0,0.0,0.0
3717,0.0,0.0,0.0,0.0,0.0
3718,0.0,0.0,0.0,0.0,0.0
3719,0.0,0.0,0.0,0.0,0.0
3720,0.0,0.0,0.0,0.0,0.0
3721,0.0,0.0,0.0,0.0,0.0
3722,0.0,0.0,0.0,0.0,0.0
3723,0.0,0.0,0.0,0.0,0.0
3724,0.0,0.0,0.0,0.0,0.0
3725,0.02016327451869225,0.00079237235921385,0.00163915500753655,0.0018158755046213,0.01065606002074505
3726,0.09596093616557845,0.0556787346853494,0.0684495496066223,0.0224881428006692,0.0802135641119002
3727,0.17664005728261284,0.1373883644328707,0.14810113795695326,0.06225361640484305,0.1621524538381835
3728,0.2418596892445725,0.22010727273748404,0.2187284513103056,0.104562742722321,0.23554434035906285
3729,0.2835120495412408,0.2830024634176643,0.27234880199056705,0.13945491854495884,0.2893532241192949
3730,0.30738540301033784,0.32046145348926675,0.3068486802858444,0.16216836571683335,0.3230454876503147
3731,0.3064747065952703,0.329492425198164,0.32006070928592656,0.17554982613305575,0.33407533332164446
3732,0.27698874092063536,0.3261771027896181,0.3137016993934965,0.1778903226301604,0.3206871421453079
3733,0.23189910643575384,0.30444369975920316,0.28538279157017477,0.16771229775195726,0.2840530621924361
3734,0.1808158086815957,0.24696400997641904,0.2366015862025752,0.15375348632381716,0.228287993633981
3735,0.1254910710033369,0.1738788154451035,0.17377000684654,0.12696562627591415,0.1607104541698933
3736,0.0665137023406195,0.1049432901225737,0.0992440983664314,0.0885290363930136,0.085207042481031
3737,0.0144287868037467,0.04147868018280595,0.02734448574229165,0.0497385213059303,0.01592389797465005
3738,0.0,0.0,0.0,0.0133374558107367,0.0
3739,0.0,0.0,0.0,0.0,0.0
3740,0.0,0.0,0.0,0.0,0.0
3741,0.0,0.0,0.0,0.0,0.0
3742,0.0,0.0,0.0,0.0,0.0
3743,0.0,0.0,0.0,0.0,0.0
3744,0.0,0.0,0.0,0.0,0.0
3745,0.0,0.0,0.0,0.0,0.0
3746,0.0,0.0,0.0,0.0,0.0
3747,0.0,0.0,0.0,0.0,0.0
3748,0.0,0.0,0.0,0.0,0.0
3749,0.01117774008237395,0.0,0.00170142923094685,0.0029469992848282,0.0103703193637541
3750,0.05471105930275355,0.0038412286683123,0.0421385398286924,0.03448129546970605,0.0806263825356033
3751,0.09876365642704894,0.0214652045000016,0.08482106094734665,0.09889899243966335,0.16195629438918044
3752,0.12523771641173376,0.03461514997389605,0.12225069046955965,0.1600213270382144,0.22998765002624574
3753,0.14930978002199805,0.05336449469670685,0.1417470669675486,0.21057083467810706,0.27711759324879126
3754,0.1615239325541131,0.06013172888220165,0.153177604928075,0.2571131240341957,0.30331612988829665
3755,0.16636493097925115,0.075083363163744,0.16018312838245916,0.2902955664955051,0.31128426622556915
3756,0.17162112741048935,0.1101655694758992,0.14302976149036614,0.2978152634790455,0.2994691175073946
3757,0.15360687319449945,0.11733609975381144,0.12740551489343466,0.2760439988092911,0.26732721919136637
3758,0.12522257067739695,0.1051267914377223,0.10831521506639165,0.24104515644572105,0.2203897364605179
3759,0.0905499697483463,0.09311390460564535,0.07227621351325304,0.20029619831497356,0.1588653613498488
3760,0.0515329366325432,0.06468712940330044,0.0415357623400647,0.14582652266202464,0.0863268330703287
3761,0.0090415232673286,0.02790823833723665,0.0129055603596438,0.08418522864021805,0.0169012227329828
3762,0.0,0.0,0.0,0.02002644613447215,0.0
3763,0.0,0.0,0.0,0.0,0.0
3764,0.0,0.0,0.0,0.0,0.0
3765,0.0,0.0,0.0,0.0,0.0
3766,0.0,0.0,0.0,0.0,0.0
3767,0.0,0.0,0.0,0.0,0.0
3768,0.0,0.0,0.0,0.0,0.0
3769,0.0,0.0,0.0,0.0,0.0
3770,0.0,0.0,0.0,0.0,0.0
3771,0.0,0.0,0.0,0.0,0.0
3772,0.0,0.0,0.0,0.0,0.0
3773,0.01053115319413135,0.00089117331920525,0.0021155309656355,0.00253625239663265,0.0107644930401994
3774,0.06189984971930595,0.05266600454971485,0.06186958391575795,0.0310112567597973,0.08293628998043005
3775,0.12622582598723656,0.12863036123601984,0.12683846633088836,0.0897899187896782,0.1643879800559682
3776,0.1939895913016223,0.2149864907088129,0.1992629094520006,0.1512222092948732,0.23410062017836106
3777,0.23263265568741195,0.28487076128324934,0.256748640500957,0.2013725732675177,0.28551616968855487
3778,0.24832021856629294,0.327329474720717,0.2947158510039905,0.23863521629401366,0.31720450134102096
3779,0.26560470603573033,0.3458068849714356,0.3127881120166136,0.2651294725748234,0.3290102442836595
3780,0.2583306428676853,0.33711690053134225,0.30592180432302646,0.2783526693604732,0.3188468473072906
3781,0.22917525987616735,0.296190003524785,0.2771417901411987,0.26771818345400944,0.2868873067504472
3782,0.2010038532232801,0.23374443795711355,0.2312275872762605,0.23308843029935564,0.23592853803161384
3783,0.16007893545584614,0.16060718493331586,0.1711116633603248,0.188426141997459,0.16834414875719864
3784,0.0893576133588017,0.088946752199771,0.09811390494672785,0.1332874783846664,0.0896376962998285
3785,0.0164996962345882,0.03167778160852985,0.02746097625797055,0.06985757066631175,0.01608823974920385
3786,0.0,0.0,0.0,0.0162281725760815,0.0
3787,0.0,0.0,0.0,0.0,0.0
3788,0.0,0.0,0.0,0.0,0.0
3789,0.0,0.0,0.0,0.0,0.0
3790,0.0,0.0,0.0,0.0,0.0
3791,0.0,0.0,0.0,0.0,0.0
3792,0.0,0.0,0.0,0.0,0.0
3793,0.0,0.0,0.0,0.0,0.0
3794,0.0,0.0,0.0,0.0,0.0
3795,0.0,0.0,0.0,0.0,0.0
3796,0.0,0.0,0.0,0.0,0.0
3797,0.0142150314937073,0.0,0.0,0.00304325373443155,0.0100414278682121
3798,0.0715036494610013,0.04048986792127165,0.02531255187752615,0.04289473980961305,0.08256590824593725
3799,0.13693409098149925,0.11444008903323195,0.06782570524847455,0.1234971858796327,0.16198043126632905
3800,0.1915888124540309,0.19168957637657355,0.11599107207467095,0.199447057480815,0.2297581234978047
3801,0.22945352039603825,0.25369280566972024,0.16227028632046214,0.2575508533939449,0.28074693203754525
3802,0.25531632377169744,0.29977485204117893,0.2027373549834466,0.29529795473652154,0.3118159911745324
3803,0.257897267539411,0.3246209230433499,0.23461755530676634,0.31814016032474074,0.3231363961050289
3804,0.24566783476732995,0.3301581542737493,0.2417805603539975,0.31937577240715576,0.3127516020275545
3805,0.21756208164004784,0.315750086785902,0.2349406326126263,0.30493937934852555,0.2795509401800452
3806,0.1815140234768092,0.2780921225568851,0.21651857678271075,0.2775503246752303,0.22981110815109296
3807,0.1411555095295704,0.2154955821935332,0.1737385080309788,0.23037393796313455,0.16554971570192334
3808,0.07859220575613154,0.13626290301682856,0.10938345808444865,0.1682789300730172,0.08863209491267444
3809,0.0151200097833607,0.05381601521608755,0.03550412131474345,0.0926643018242402,0.01676158066865485
3810,0.0,0.0,0.0,0.0242558915071997,0.0
3811,0.0,0.0,0.0,0.001813527339952,0.0
3812,0.0,0.0,0.0,0.0,0.0
3813,0.0,0.0,0.0,0.0,0.0
3814,0.0,0.0,0.0,0.0,0.0
3815,0.0,0.0,0.0,0.0,0.0
3816,0.0,0.0,0.0,0.0,0.0
3817,0.0,0.0,0.0,0.0,0.0
3818,0.0,0.0,0.0,0.0,0.0
3819,0.0,0.0,0.0,0.0,0.0
3820,0.0,0.0,0.0,0.0,0.0
3821,0.01737682776289985,0.0038265405230857,0.00145633026220265,0.00492352303686205,0.00954047360183335
3822,0.0858708398893032,0.0569410792018681,0.06974309796497435,0.0332506244938115,0.08221473578031115
3823,0.16405305118204444,0.10995413258752935,0.14996656033023845,0.08241374474979965,0.1610963675371921
3824,0.236111707214387,0.13825398356028135,0.22213359490833876,0.1406615589364937,0.2304100731689614
3825,0.28821589352154153,0.141327767837055,0.273969079060631,0.1872297421122785,0.2827005190576239
3826,0.3130591652382231,0.13498447829075294,0.2915455648146977,0.21280945342936944,0.31442434268328145
3827,0.3129632120482419,0.1406327628359328,0.2773774971881766,0.23464436863069385,0.325520558465549
3828,0.2926175317594717,0.1439451076010076,0.2502622575358333,0.2508880761628603,0.31596792043156763
3829,0.26106096788195154,0.13051616669267554,0.20674300109094965,0.2432317261022265,0.2838410124214569
3830,0.21762907835649675,0.1124408713552474,0.1537196572197587,0.21403946032671065,0.231275274917021
3831,0.15183715653949004,0.0866003772729409,0.1028202659305575,0.17454574647960924,0.16387831458276905
3832,0.0791304274256454,0.05087671205934875,0.0566452990125002,0.12135228972445485,0.0868595772051262
3833,0.0173376934073928,0.01982966297532485,0.0190632731820668,0.06178885360584355,0.01611212790675705
3834,0.0,0.0,0.0,0.0160784637809273,0.0
3835,0.0,0.0,0.0,0.0,0.0
3836,0.0,0.0,0.0,0.0,0.0
3837,0.0,0.0,0.0,0.0,0.0
3838,0.0,0.0,0.0,0.0,0.0
3839,0.0,0.0,0.0,0.0,0.0
3840,0.0,0.0,0.0,0.0,0.0
3841,0.0,0.0,0.0,0.0,0.0
3842,0.0,0.0,0.0,0.0,0.0
3843,0.0,0.0,0.0,0.0,0.0
3844,0.0,0.0,0.0,0.0,0.0
3845,0.0207316772588026,0.00072122893504685,0.0048351679909112,0.002539958135433,0.0102644214016004
3846,0.0841634318518781,0.01741917590522215,0.0417761502047038,0.0276663777797921,0.0786036196079629
3847,0.14940833869345585,0.03445694125068515,0.07847940793332595,0.07012247882568386,0.1519776679323857
3848,0.20539537026569374,0.07682704263158795,0.12177127463156075,0.1151366096236192,0.21743799090824625
3849,0.24605245371964385,0.13652949229342534,0.16077554858115875,0.1610998209277304,0.26651013081505776
3850,0.2793995089800325,0.1632033656153856,0.19546299783050775,0.1919326579979118,0.2934930226627214
3851,0.2976039750189185,0.13798718524203124,0.21770195878271584,0.20809956617444794,0.301875994802066
3852,0.2902712288029232,0.0990607817330564,0.21298300799382455,0.2089450390690517,0.29220209755186644
3853,0.2556638268718543,0.0835725127218336,0.18056903827225235,0.19888757069189836,0.2607057922707814
3854,0.20376990285836916,0.0769105327286935,0.13000923649893226,0.17934977418773515,0.21022373501869465
3855,0.1395012199963516,0.05166308082031555,0.0778698377452839,0.1479708330199579,0.1495090419550599
3856,0.07128182076144625,0.0209059248750023,0.037685988674842,0.105036441103653,0.0808067653299516
3857,0.01485642955552785,0.0008358708645625,0.01179484601062015,0.0575293957187984,0.01677620728880545
3858,0.0,0.0,0.0,0.01666761109704015,0.0
3859,0.0,0.0,0.0,0.0,0.0
3860,0.0,0.0,0.0,0.0,0.0
3861,0.0,0.0,0.0,0.0,0.0
3862,0.0,0.0,0.0,0.0,0.0
3863,0.0,0.0,0.0,0.0,0.0
3864,0.0,0.0,0.0,0.0,0.0
3865,0.0,0.0,0.0,0.0,0.0
3866,0.0,0.0,0.0,0.0,0.0
3867,0.0,0.0,0.0,0.0,0.0
3868,0.0,0.0,0.0,0.0,0.0
3869,0.0171183669828598,0.0,0.00061634180034145,0.0030888843147489,0.0099237690760797
3870,0.0799011074986995,0.01829929818418645,0.02037528421812155,0.02663931373083315,0.08238887698402085
3871,0.14672048039272906,0.03537962847207145,0.0691181183678676,0.0683027081187854,0.162795244848641
3872,0.2032308130181019,0.03955794828200045,0.11450929086801155,0.116852184625449,0.2320045980996527
3873,0.24792299898169534,0.0527719798130012,0.14508751459365,0.1565829531977794,0.2842987968635764
3874,0.2751867961791157,0.07415831498012515,0.16091252153990315,0.1898456098215877,0.31503947448571284
3875,0.2682328212787812,0.10667151860889484,0.15793734672055804,0.2207516340805462,0.3255329646928036
3876,0.2375512139553109,0.10850161375134265,0.13738496233867245,0.2367400435383607,0.31450625139505
3877,0.2013458436623189,0.0810271844309662,0.1230953421398305,0.23103060431343875,0.2819450488830922
3878,0.163766924199752,0.05946154951937045,0.10680052352030595,0.2000176954845288,0.2314704734818738
3879,0.1146213748874085,0.0336802408737063,0.0841197708570034,0.1613738507825172,0.1640927350603653
3880,0.0597124956442682,0.01869206411350555,0.0534457265293545,0.11346711999030774,0.08712925191178675
3881,0.01296646091613295,0.0090307654810003,0.01637404182647695,0.06105477333592125,0.01740087547977545
3882,0.0,0.0,0.0,0.01843084676653015,0.0
3883,0.0,0.0,0.0,0.0,0.0
3884,0.0,0.0,0.0,0.0,0.0
3885,0.0,0.0,0.0,0.0,0.0
3886,0.0,0.0,0.0,0.0,0.0
3887,0.0,0.0,0.0,0.0,0.0
3888,0.0,0.0,0.0,0.0,0.0
3889,0.0,0.0,0.0,0.0,0.0
3890,0.0,0.0,0.0,0.0,0.0
3891,0.0,0.0,0.0,0.0,0.0
3892,0.0,0.0,0.0,0.0,0.0
3893,0.019069985642286,0.0,0.00178645654774565,0.0026692258630693,0.0096481299471772
3894,0.0897220101297934,0.00575230697778115,0.03694114727391205,0.0325109198060683,0.0805391344247302
3895,0.16523996143394204,0.03805618826176515,0.07340817224406525,0.091571894722897,0.16026256623965815
3896,0.2257441905054045,0.08485982546584975,0.09977231006091235,0.15139485347942466,0.2291302543374468
3897,0.2628529364606732,0.14992532804975184,0.1140848087327898,0.19684525237662595,0.28136179114789156
3898,0.28021207645180946,0.20375226016023515,0.1253656251927521,0.2342616876365282,0.3129618604816274
3899,0.2812806221534714,0.22343768755826066,0.1464033107868195,0.2697347333595586,0.32352323374058495
3900,0.2585459931630413,0.2265280814436241,0.1738244382631327,0.28633907754817084,0.3144659744347721
3901,0.2242915929772345,0.22821968599812245,0.193241326580043,0.28447713870953045,0.28635094678950057
3902,0.1770751859739551,0.1882518057088356,0.1764138902194169,0.2634461755526014,0.2373781054865135
3903,0.12275769865803875,0.13185463273779036,0.1400270829684267,0.2230654354602785,0.1708755422765854
3904,0.0704977790352852,0.08384388146662575,0.0909155722115367,0.1618191582875295,0.0936423080445983
3905,0.01840314045952125,0.03114005245410885,0.0318431677552952,0.0876399089101483,0.01802848102224415
3906,0.0,0.0,0.0,0.0216788462466382,0.0
3907,0.0,0.0,0.0,0.0007065121731294,0.0
3908,0.0,0.0,0.0,0.0,0.0
3909,0.0,0.0,0.0,0.0,0.0
3910,0.0,0.0,0.0,0.0,0.0
3911,0.0,0.0,0.0,0.0,0.0
3912,0.0,0.0,0.0,0.0,0.0
3913,0.0,0.0,0.0,0.0,0.0
3914,0.0,0.0,0.0,0.0,0.0
3915,0.0,0.0,0.0,0.0,0.0
3916,0.0,0.0,0.0,0.0,0.0
3917,0.01515562992124285,0.0,0.0,0.0033159392227926,0.00960454291377065
3918,0.07866616150646225,0.04345767515344705,0.0437526750433125,0.04157653903892735,0.08309163561568304
3919,0.15256629240368025,0.1105197134422951,0.10534773842848735,0.1206265721677467,0.165822274321042
3920,0.21016257774073635,0.1865763462244578,0.1660653121400417,0.2019227519369885,0.23701140157887354
3921,0.24200486005643515,0.23990416026220854,0.21715464831246956,0.2675793708437005,0.2898261501041046
3922,0.24913295711747796,0.2791433089399492,0.2491803241048645,0.3119612253776581,0.3219287326150636
3923,0.258385480543821,0.3067357877699533,0.2702794737156537,0.3312609228162657,0.33306699270772305
3924,0.2572634644469773,0.306325099012517,0.27149086496045427,0.3325347215837443,0.3228550671706181
3925,0.2219410044925542,0.29712600140340995,0.2464707261823217,0.31584287964407737,0.2928020978922145
3926,0.18368083004522515,0.2690985457225992,0.2072790000275411,0.2774593354164286,0.24325012707618904
3927,0.13987248318317685,0.2087127048526585,0.1560209920215944,0.22770973408442546,0.1751863838921585
3928,0.0804091563670967,0.1331594994406451,0.09818787005477594,0.1607937907165578,0.09508537020563475
3929,0.0163454864383532,0.0546877410233607,0.0324517444976031,0.0858420134531176,0.01841567624957605
3930,0.0,0.0,0.0,0.0214074662118707,0.0
3931,0.0,0.0,0.0,0.0,0.0
3932,0.0,0.0,0.0,0.0,0.0
3933,0.0,0.0,0.0,0.0,0.0
3934,0.0,0.0,0.0,0.0,0.0
3935,0.0,0.0,0.0,0.0,0.0
3936,0.0,0.0,0.0,0.0,0.0
3937,0.0,0.0,0.0,0.0,0.0
3938,0.0,0.0,0.0,0.0,0.0
3939,0.0,0.0,0.0,0.0,0.0
3940,0.0,0.0,0.0,0.0,0.0
3941,0.0186233773207685,0.00415999563678045,0.0016642874234279,0.00434466766949475,0.00935452594398125
3942,0.09059729920204634,0.0454588181389542,0.06900071814243015,0.02796566039472385,0.08345530116664684
3943,0.1665527336671409,0.09842830626406596,0.1485650914177226,0.07531525298582285,0.1650174351535254
3944,0.23712529845620126,0.1402187426593978,0.21337487642129305,0.1311629397550391,0.23407188098581555
3945,0.28831489821323814,0.171465665096421,0.25528139876244843,0.17683797858498684,0.28245603300977445
3946,0.3152710758794683,0.1858828688155986,0.2720311658354858,0.2123991552913616,0.3060654204876724
3947,0.3214317515499754,0.1777118563673433,0.2616906882292383,0.2326568786370504,0.3094840441926872
3948,0.30994892511969124,0.1685111777085493,0.23091426411353386,0.23457778474368696,0.29791468288981876
3949,0.278499384737215,0.17552364668215514,0.19332975215300455,0.22242918124189484,0.27289980752805293
3950,0.22696783333362006,0.17919861789078284,0.1517091303099366,0.18500691354344326,0.22668758969630576
3951,0.16192897373945445,0.153556122688093,0.1048119289342615,0.133369734168033,0.16010635666616374
3952,0.0876309574924753,0.1033444348343232,0.0579811559801277,0.0920475254132922,0.0847059609416657
3953,0.0179043449214783,0.04759344738127805,0.01938266805364895,0.05399348709426935,0.0161668374073707
3954,0.0,0.0,0.0,0.01611757305355845,0.0
3955,0.0,0.0,0.0,0.0,0.0
3956,0.0,0.0,0.0,0.0,0.0
3957,0.0,0.0,0.0,0.0,0.0
3958,0.0,0.0,0.0,0.0,0.0
3959,0.0,0.0,0.0,0.0,0.0
3960,0.0,0.0,0.0,0.0,0.0
3961,0.0,0.0,0.0,0.0,0.0
3962,0.0,0.0,0.0,0.0,0.0
3963,0.0,0.0,0.0,0.0,0.0
3964,0.0,0.0,0.0,0.0,0.0
3965,0.01816762446078575,0.0,0.0018666620749727,0.00178191834613275,0.0094436805863132
3966,0.0736477431076505,0.0280311929259016,0.0589407906648944,0.02193507019714215,0.07183387229986755
3967,0.1357523928971432,0.0735730892351007,0.13134767125422395,0.06085445454588445,0.14338863049130604
3968,0.19379987491606435,0.11232879530009655,0.1920050048234688,0.1043067804462093,0.21336596180319384
3969,0.23925975206247485,0.1475752707644275,0.2291979204384643,0.1398351042346883,0.2689782821920193
3970,0.2633629211456758,0.17152229277977585,0.2430170939932686,0.1718921748441862,0.30253560691055464
3971,0.269233961753564,0.17842069641034075,0.2472135585721007,0.19399690320724974,0.3145108424354406
3972,0.25514679537508184,0.16788861450039444,0.23679903849849046,0.2003997887877215,0.3062348729297955
3973,0.2110350506495845,0.14088836758730905,0.21093184622638794,0.19392128304244474,0.2750290668106611
3974,0.1554407970297901,0.1179687053342741,0.16834113270983894,0.179573720433383,0.22314447442569266
3975,0.11093638105709265,0.1001931603163877,0.11547958502507885,0.14718238357754446,0.15968470631633555
3976,0.06333647749946165,0.0703855181596917,0.06565206459280384,0.10261845299615314,0.08838562801958096
3977,0.01504194573413225,0.0281004826042533,0.02249019937697825,0.06147576879361155,0.0190849767357098
3978,0.0,0.0,0.0,0.01888631510797765,0.0
3979,0.0,0.0,0.0,0.0,0.0
3980,0.0,0.0,0.0,0.0,0.0
3981,0.0,0.0,0.0,0.0,0.0
3982,0.0,0.0,0.0,0.0,0.0
3983,0.0,0.0,0.0,0.0,0.0
3984,0.0,0.0,0.0,0.0,0.0
3985,0.0,0.0,0.0,0.0,0.0
3986,0.0,0.0,0.0,0.0,0.0
3987,0.0,0.0,0.0,0.0,0.0
3988,0.0,0.0,0.0,0.0,0.0
3989,0.0152594772503871,0.0,0.00215793801446045,0.00335775535426565,0.00981292932286735
3990,0.0611563582341135,0.0128539372377806,0.0136379340223094,0.04049743584939155,0.0785381051114556
3991,0.09630647125278916,0.0448623837907117,0.04216075659343055,0.11845021038646884,0.1563727124918368
3992,0.1207424620677723,0.0829980230673886,0.0703848721682,0.19653920651349086,0.22808901596746775
3993,0.1218375483767746,0.13879943316889115,0.09524370829349245,0.25909393385370066,0.28407483133259537
3994,0.13982238940703265,0.1979566840555186,0.12167628821216075,0.30302314532380004,0.3172268614252865
3995,0.18001358635318315,0.20556258460648874,0.14489377978890414,0.3291476748678346,0.3287417297065451
3996,0.19283264554415835,0.19929734254325995,0.1587750160202466,0.3416358717093046,0.3199856329820834
3997,0.17541723590150204,0.19821090596024224,0.1576721045656955,0.33373799765882944,0.28872464377546175
3998,0.1385595505559838,0.1743347690457221,0.1456550942151909,0.3021504866669626,0.2386418005414397
3999,0.09088556193102185,0.1370976421534366,0.1124473499152506,0.2508052089693614,0.1702050460789672
4000,0.04275001923352095,0.09841286435428,0.0670256794829878,0.18091841264494915,0.0911558095090705
4001,0.0079533269776352,0.04495093304720265,0.0200979312747883,0.10044771965313275,0.019482428352771
4002,0.0,0.0,0.0,0.02351334603127625,0.0
4003,0.0,0.0,0.0,0.0005550127081273,0.0
4004,0.0,0.0,0.0,0.0,0.0
4005,0.0,0.0,0.0,0.0,0.0
4006,0.0,0.0,0.0,0.0,0.0
4007,0.0,0.0,0.0,0.0,0.0
4008,0.0,0.0,0.0,0.0,0.0
4009,0.0,0.0,0.0,0.0,0.0
4010,0.0,0.0,0.0,0.0,0.0
4011,0.0,0.0,0.0,0.0,0.0
4012,0.0,0.0,0.0,0.0,0.0
4013,0.01670913443322305,0.0,0.00192432635908145,0.0031426808833892,0.00962291701333815
4014,0.07816362051500045,0.05953317401198135,0.06679570714538795,0.0411866745871792,0.0801352623543943
4015,0.14657627847604054,0.14205249924340985,0.1439980084206774,0.12541241884224644,0.1586717601982194
4016,0.19768635561773304,0.2144138287684682,0.2074002318253102,0.2086358617688169,0.22636821436086135
4017,0.21599607990203865,0.2679283421708174,0.24630450041228624,0.2766959910278244,0.2755255238217368
4018,0.2136801905052857,0.30634662562875964,0.2642117351391529,0.3237720832027746,0.3048595275569957
4019,0.218057871870414,0.3290530101068446,0.2557091252618795,0.34970890532358917,0.310412201174488
4020,0.2087764975869048,0.33297261471747386,0.2308053331218716,0.35553865384338645,0.29873147923845444
4021,0.17423275295407575,0.3089699811170146,0.20227288764624765,0.3401125664926578,0.271905604393599
4022,0.128295407518409,0.25951498659502376,0.168677921046853,0.30471384242914157,0.219080776301934
4023,0.0881539656687045,0.18905259405941,0.1288450613115885,0.25034603262722654,0.15108603066648796
4024,0.0519535893471595,0.1113455970810506,0.08325658044866485,0.17867771394715354,0.0827017646627183
4025,0.01400406727076965,0.04532717109478565,0.0313365081146018,0.0975255602204332,0.0189150731748133
4026,0.0,0.0,0.0,0.0232232934508113,0.0
4027,0.0,0.0,0.0,0.00080522767424725,0.0
4028,0.0,0.0,0.0,0.0,0.0
4029,0.0,0.0,0.0,0.0,0.0
4030,0.0,0.0,0.0,0.0,0.0
4031,0.0,0.0,0.0,0.0,0.0
4032,0.0,0.0,0.0,0.0,0.0
4033,0.0,0.0,0.0,0.0,0.0
4034,0.0,0.0,0.0,0.0,0.0
4035,0.0,0.0,0.0,0.0,0.0
4036,0.0,0.0,0.0,0.0,0.0
4037,0.01703200003029825,0.0,0.00142145597958125,0.00625492685103705,0.00876766994708485
4038,0.08051350718847344,0.05492888897362795,0.06548142975311246,0.03855680575616665,0.0800825001425603
4039,0.14520386586914535,0.1330355996335851,0.1429130947766484,0.1024143555918472,0.16048876795470715
4040,0.20184055033538584,0.20288880589648395,0.21352682137006865,0.17754147536389475,0.2296877976723296
4041,0.2469064006845248,0.25854118038325086,0.2621104607352722,0.2471508206616542,0.2807830066646776
4042,0.27588685982927436,0.2947188926992716,0.28421106981383104,0.29582769507766965,0.3070343472662128
4043,0.28297093515943655,0.30234581961507045,0.2877671992811556,0.32477683413897146,0.30853168744487736
4044,0.2689558935701357,0.28059393662210447,0.2746067004664355,0.3332972182776056,0.2929296242726857
4045,0.2347051657683908,0.2371919713067018,0.24579829273105885,0.31985926801366665,0.26277294060187145
4046,0.1853086509171795,0.18336136736935296,0.2106695140008806,0.28798025454724896,0.21244753330425864
4047,0.12962741888668236,0.12655224850865646,0.160337060185746,0.23678900682240694,0.1478962235385615
4048,0.0686590391359703,0.0727152471197518,0.0928012451521716,0.1651494424603796,0.08124788133887816
4049,0.01579872284553025,0.0326151551249774,0.02868703264592565,0.08880535396568495,0.01854786291419695
4050,0.0,0.0,0.0,0.021944170744346,0.0
4051,0.0,0.0,0.0,0.0,0.0
4052,0.0,0.0,0.0,0.0,0.0
4053,0.0,0.0,0.0,0.0,0.0
4054,0.0,0.0,0.0,0.0,0.0
4055,0.0,0.0,0.0,0.0,0.0
4056,0.0,0.0,0.0,0.0,0.0
4057,0.0,0.0,0.0,0.0,0.0
4058,0.0,0.0,0.0,0.0,0.0
4059,0.0,0.0,0.0,0.0,0.0
4060,0.0,0.0,0.0,0.0,0.0
4061,0.0195632914620124,0.00053566533722305,0.0063638967340664,0.00281671422115345,0.0087082505357982
4062,0.0823663510178545,0.0572644655494506,0.0602547302316781,0.03706627463583395,0.07968432575622715
4063,0.14608540832705766,0.1408505895994884,0.1347140298836648,0.1061203276243901,0.16021554991640674
4064,0.2044517444033545,0.21881522933439915,0.20249865566504416,0.1756187174090254,0.22913085228660665
4065,0.25325034884059433,0.27765781602556033,0.25659387616353374,0.2377864650180539,0.2773903071130377
4066,0.27675309134260123,0.3147449022133371,0.2920365541352334,0.28445523579630483,0.2982403251990952
4067,0.2801013313777154,0.3214691442915187,0.30208001907644655,0.30044144835663816,0.3060495313516624
4068,0.2610223291913049,0.30512054429553853,0.2875272106066087,0.30210193495264603,0.29525606456072373
4069,0.2264291190864268,0.27387542351097377,0.25540083047778606,0.29119785636068807,0.2651602798616776
4070,0.17358570320716266,0.2259201231078229,0.2119389777842727,0.2459187159627002,0.22112201656729166
4071,0.10094318633435245,0.17063581895516106,0.15439062081795804,0.1897362410636374,0.15785680001814076
4072,0.0471919798247373,0.10801289593753476,0.0898839593729704,0.13333204434890944,0.08719002505506865
4073,0.0134134418058231,0.04674108428191965,0.0288106261806561,0.07600601354981434,0.0195373758924227
4074,0.0,0.00164311843945845,0.0,0.0251138474624568,0.0
4075,0.0,0.0,0.0,0.001155939467916,0.0
4076,0.0,0.0,0.0,0.0,0.0
4077,0.0,0.0,0.0,0.0,0.0
4078,0.0,0.0,0.0,0.0,0.0
4079,0.0,0.0,0.0,0.0,0.0
4080,0.0,0.0,0.0,0.0,0.0
4081,0.0,0.0,0.0,0.0,0.0
4082,0.0,0.0,0.0,0.0,0.0
4083,0.0,0.0,0.0,0.0,0.0
4084,0.0,0.0,0.0,0.0,0.0
4085,0.01864094733436015,0.00097306795708775,0.0044014069294777,0.0031854149623039,0.0086541851116188
4086,0.08526974264738126,0.0424546183408353,0.05298349353090295,0.0285079684810375,0.08096022046674704
4087,0.1531288966007442,0.08677227375037365,0.1067147892251835,0.0784312205144274,0.16185826303887285
4088,0.21640338893910024,0.12565614097926106,0.1678761119386177,0.13750264471964355,0.231174229476398
4089,0.26110112259431845,0.16720024394237404,0.2174629325976401,0.1796606420864983,0.28082889666020705
4090,0.2790426353879535,0.18730334668334214,0.2421798124364557,0.2036665198483772,0.3070840175690345
4091,0.28475442328349887,0.2147190401571002,0.24545977558656154,0.22330009344809096,0.3143153041034252
4092,0.27414568346075985,0.24807738256030976,0.23600037645755775,0.227639513168654,0.30583390472973754
4093,0.2359916238751314,0.25187031948537675,0.2043745661126185,0.209518028134233,0.27443402551493307
4094,0.17658586915722324,0.22221619109592505,0.1517215640117149,0.1866401296175303,0.2272321421536403
4095,0.11117247986942165,0.1591450296538785,0.1011911091732674,0.1541453161662949,0.1667574924983177
4096,0.0558672859132376,0.09257271565570885,0.0590937895706745,0.1080958166096138,0.09236579553382035
4097,0.014131790096058,0.03980477429264995,0.0208740433293778,0.061483525753308,0.01991025814610005
4098,0.0,0.0012638933232179,0.0,0.022074180718258,0.0
4099,0.0,0.0,0.0,0.001721946006565,0.0
4100,0.0,0.0,0.0,0.0,0.0
4101,0.0,0.0,0.0,0.0,0.0
4102,0.0,0.0,0.0,0.0,0.0
4103,0.0,0.0,0.0,0.0,0.0
4104,0.0,0.0,0.0,0.0,0.0
4105,0.0,0.0,0.0,0.0,0.0
4106,0.0,0.0,0.0,0.0,0.0
4107,0.0,0.0,0.0,0.0,0.0
4108,0.0,0.0,0.0,0.0,0.0
4109,0.01237452519855235,0.00137614642575985,0.00175793695406085,0.00415048552754115,0.0083200176480112
4110,0.06800900814289365,0.0413984523980342,0.04703862153835125,0.02635470395679185,0.0797465105985966
4111,0.14585779227377355,0.0898746550140565,0.09823989300398145,0.05816870833868835,0.160468312995804
4112,0.20933162164208444,0.1256519561256932,0.1520860112515328,0.0914651595266942,0.23026859561148524
4113,0.2470848472164824,0.1507244438526933,0.2025995529148637,0.12549452892601906,0.2818981467635699
4114,0.26606129212387736,0.1774730403479784,0.2470016926537504,0.1473899114896554,0.3109126960828883
4115,0.26541792299590494,0.21836838352802035,0.2649881993690709,0.15961255316304546,0.3203874655684789
4116,0.2424094788391291,0.24638300367159516,0.26038001793400073,0.17335088859935865,0.31001660014972215
4117,0.1943677373950741,0.22061214983853955,0.23219349020507704,0.1676062486446469,0.27914628907397826
4118,0.14462470805134614,0.1598412456638711,0.1864515765947764,0.1449476474660619,0.23126859387802104
4119,0.09659954517601645,0.09871986665545016,0.13655382430139784,0.119173127648917,0.16750877189904864
4120,0.04779197768876005,0.05006505758983875,0.08093352589424505,0.08817831985575884,0.0909652319894656
4121,0.0125440012096984,0.0162480422917208,0.02760595563051445,0.04879278667662995,0.0187842927707994
4122,0.0,0.0,0.0,0.0159353444902128,0.0
4123,0.0,0.0,0.0,0.000665855648576,0.0
4124,0.0,0.0,0.0,0.0,0.0
4125,0.0,0.0,0.0,0.0,0.0
4126,0.0,0.0,0.0,0.0,0.0
4127,0.0,0.0,0.0,0.0,0.0
4128,0.0,0.0,0.0,0.0,0.0
4129,0.0,0.0,0.0,0.0,0.0
4130,0.0,0.0,0.0,0.0,0.0
4131,0.0,0.0,0.0,0.0,0.0
4132,0.0,0.0,0.0,0.0,0.0
4133,0.01771732203574475,0.0008971251303458,0.0018436448062828,0.0021657701558398,0.0073187674986563
4134,0.06114110233902675,0.0250975168448115,0.0515798737284248,0.02931410042904155,0.05694666046101535
4135,0.1004094357245055,0.06281453505790435,0.11168883948896904,0.0918277025821962,0.1134024910380363
4136,0.128843249258893,0.0932488113906949,0.16087613548357496,0.16654807056380855,0.1687627255198026
4137,0.1611172313222209,0.12036286067362455,0.1968847344350002,0.2338329946125173,0.2082642948298013
4138,0.19066286805545465,0.14541856088454455,0.2201233842676958,0.27095923289913837,0.23325553857872874
4139,0.1971772255936832,0.1492247756111783,0.21335250117494145,0.28011697216309117,0.24814678171952384
4140,0.18550685267712455,0.13577139014794345,0.1890203939925139,0.27667773523501477,0.24045022938254565
4141,0.150539386935179,0.13337476719619254,0.16421476018123435,0.2609323480564619,0.22538428984957426
4142,0.1015972492876057,0.12120527457270015,0.1290863198290691,0.2312715107718436,0.19946694229773765
4143,0.0621880073019737,0.09324970441916375,0.0833287926874101,0.19331654964592204,0.1514170399008939
4144,0.03009665039969935,0.06133984440671695,0.04258493348783585,0.145658739320011,0.08691703879417124
4145,0.00539755286601115,0.0249339136619897,0.01191028125049315,0.086741071447811,0.02005003339533865
4146,0.0,0.0,0.0,0.02513536411025765,0.0
4147,0.0,0.0,0.0,0.00137376854215665,0.0
4148,0.0,0.0,0.0,0.0,0.0
4149,0.0,0.0,0.0,0.0,0.0
4150,0.0,0.0,0.0,0.0,0.0
4151,0.0,0.0,0.0,0.0,0.0
4152,0.0,0.0,0.0,0.0,0.0
4153,0.0,0.0,0.0,0.0,0.0
4154,0.0,0.0,0.0,0.0,0.0
4155,0.0,0.0,0.0,0.0,0.0
4156,0.0,0.0,0.0,0.0,0.0
4157,0.0017073330884446,0.0,0.00164150598622105,0.0047660581486702,0.00699858561887
4158,0.01187967413663955,0.0431212350182698,0.03370173671772515,0.04100497423782545,0.0669449007261557
4159,0.02598826095227575,0.1110122968421019,0.0870815123881219,0.11478506631118116,0.1411340052648359
4160,0.0502766862465025,0.1783527026664728,0.13886069948353996,0.1919292774765245,0.2112114909088851
4161,0.0889248241506937,0.24056731814866364,0.18418083475146185,0.2563640980615237,0.2684941613271948
4162,0.1091809943193601,0.2846904100586218,0.20854592904266755,0.30158761507008447,0.30295671747670977
4163,0.1105742923374986,0.29528484628808216,0.21444473002646805,0.32458910633125265,0.3111168899819052
4164,0.12528267981920155,0.2840151927046072,0.2262170787231366,0.32885720460451034,0.30241065328828326
4165,0.12637284061584075,0.27980146286864827,0.2160083662405266,0.31550319633743673,0.2759254985306195
4166,0.10927370145213725,0.25166687219734585,0.1712301725519143,0.2790298050984583,0.22948325301913644
4167,0.0836586675521461,0.19288459577592154,0.1246979931194808,0.2263819689544809,0.16840078342965795
4168,0.0488661418216984,0.1245243709953222,0.07950813342246335,0.1636218894456263,0.0932877957530041
4169,0.01517503223573375,0.05287452475530005,0.0274940500849137,0.0909116878489687,0.0204351953011336
4170,0.0,0.0,0.0,0.0253803508955979,0.0
4171,0.0,0.0,0.0,0.00150965326012455,0.0
4172,0.0,0.0,0.0,0.0,0.0
4173,0.0,0.0,0.0,0.0,0.0
4174,0.0,0.0,0.0,0.0,0.0
4175,0.0,0.0,0.0,0.0,0.0
4176,0.0,0.0,0.0,0.0,0.0
4177,0.0,0.0,0.0,0.0,0.0
4178,0.0,0.0,0.0,0.0,0.0
4179,0.0,0.0,0.0,0.0,0.0
4180,0.0,0.0,0.0,0.0,0.0
4181,0.01622798842885225,0.0,0.00109801103096045,0.00337102803956105,0.0070949529912177
4182,0.0840835547251296,0.0560833506934509,0.06417282102596705,0.03791074845334675,0.0762402937792816
4183,0.16236262737762974,0.13728551860181254,0.14411137709597904,0.10609043689249464,0.1563856620034384
4184,0.22990106529498705,0.21726186286096985,0.21645786407037804,0.17857153797274114,0.22615009890755364
4185,0.27700669258502925,0.27996013461074143,0.2724191992781463,0.23810103609765434,0.2753692088859061
4186,0.2995979543929813,0.32018156570942036,0.3089532530818696,0.27998124836636434,0.3030911182138285
4187,0.30039814762329103,0.33835764453974976,0.324940626908171,0.3075910808549038,0.31073753007378263
4188,0.28076991979750415,0.334840322139605,0.31911585230029965,0.3149651381081344,0.29512933218326604
4189,0.24376909567380764,0.30946977049113916,0.29406336145487944,0.3006685033034678,0.2665531178779395
4190,0.2018763622471175,0.26556739295922394,0.2509615976232922,0.2681752119572585,0.22713391980806705
4191,0.14858392787434205,0.20635292934862304,0.18992332091244216,0.2139981597248405,0.1677635625298027
4192,0.08176290619659435,0.1321883121381018,0.11538227574685125,0.1487446461015415,0.0940447640416523
4193,0.01870610514537845,0.0554747294604884,0.0380184663768161,0.08323491605430125,0.02069651885055475
4194,0.0,0.0008910541672681,0.0,0.02609970994512415,0.0
4195,0.0,0.0,0.0,0.00198662683173135,0.0
4196,0.0,0.0,0.0,0.0,0.0
4197,0.0,0.0,0.0,0.0,0.0
4198,0.0,0.0,0.0,0.0,0.0
4199,0.0,0.0,0.0,0.0,0.0
4200,0.0,0.0,0.0,0.0,0.0
4201,0.0,0.0,0.0,0.0,0.0
4202,0.0,0.0,0.0,0.0,0.0
4203,0.0,0.0,0.0,0.0,0.0
4204,0.0,0.0,0.0,0.0,0.0
4205,0.0158642973302245,0.0,0.0008246358374607,0.00369423837753175,0.00691832472059325
4206,0.08823058742681905,0.052803431830355,0.0646914539654432,0.0355497880723855,0.0759951843811621
4207,0.16567757542430994,0.135845647081322,0.1449034820942236,0.1046733858440192,0.15566396771392224
4208,0.2268324911218131,0.2136809489420683,0.21623711381287944,0.17917648593411864,0.2237038992056455
4209,0.2587905556862146,0.27361638743135086,0.270394376146296,0.24131560078443134,0.27269745766439624
4210,0.2722069760171647,0.3126231895215026,0.3046399959041706,0.2893643469283886,0.3025437510901734
4211,0.28212599290870516,0.3315304518268625,0.31885872986612773,0.31948617066788115,0.31404422011541333
4212,0.2786648620219393,0.3291006497187038,0.3137502572141562,0.32748494465632705,0.30483240262772127
4213,0.2541146007954603,0.30559914186662357,0.28986114213245884,0.3194131488440076,0.2793704450170658
4214,0.2129325127234464,0.26293376348414377,0.2470904503781691,0.28710068976390674,0.2361787449320551
4215,0.1561224224218121,0.2031412946014279,0.1864526502845053,0.23316475938494605,0.1709051718607319
4216,0.08751903622976605,0.1314416358780064,0.11283963281483615,0.16752127943545195,0.0948644085675595
4217,0.01960527026951855,0.05400399858602395,0.03688673000175615,0.09361706509808955,0.0207003493133629
4218,0.0,0.0,0.0,0.0231599583848516,0.0
4219,0.0,0.0,0.0,0.0,0.0
4220,0.0,0.0,0.0,0.0,0.0
4221,0.0,0.0,0.0,0.0,0.0
4222,0.0,0.0,0.0,0.0,0.0
4223,0.0,0.0,0.0,0.0,0.0
4224,0.0,0.0,0.0,0.0,0.0
4225,0.0,0.0,0.0,0.0,0.0
4226,0.0,0.0,0.0,0.0,0.0
4227,0.0,0.0,0.0,0.0,0.0
4228,0.0,0.0,0.0,0.0,0.0
4229,0.0164063741484555,0.0,0.00054076489505945,0.00183801370500525,0.0066674311643812
4230,0.0902303971298592,0.0527953617112457,0.0619105170165568,0.0360576026975393,0.07647359265285045
4231,0.16894480719070096,0.135465767194699,0.1399540838269607,0.1163894857252232,0.15672969130356035
4232,0.2360309517785121,0.21123581436808175,0.2097919232001242,0.19622790101442056,0.22630605724451486
4233,0.28471260731872744,0.2706457888080378,0.2629093263426869,0.2627683063094832,0.27617902012643913
4234,0.31323847103815206,0.3093480015888071,0.29687758522165825,0.3097927587339759,0.30578454243665043
4235,0.32149343473048736,0.3273469827112609,0.3116340780236471,0.33652609207003326,0.3098522222312748
4236,0.31017523833637656,0.3235647141436275,0.3068527787446802,0.34296693197703826,0.2935937018915474
4237,0.27837046465991205,0.2988407837348466,0.2823913546145347,0.32925970223239354,0.2623886350693148
4238,0.22981703468733675,0.25693329533595355,0.2401383888317396,0.2963036901145264,0.21333104734185765
4239,0.1668075196391878,0.1939823864029339,0.18159193283912364,0.24494928412209005,0.151551230887059
4240,0.09210464572818945,0.12161613051580875,0.10943763854897665,0.17651408568325924,0.08384493594027324
4241,0.0199534890185777,0.05091596596632285,0.035370389268872,0.09769687155231994,0.0192938960492696
4242,0.0,0.0,0.0,0.02294961225010415,0.0
4243,0.0,0.0,0.0,0.0,0.0
4244,0.0,0.0,0.0,0.0,0.0
4245,0.0,0.0,0.0,0.0,0.0
4246,0.0,0.0,0.0,0.0,0.0
4247,0.0,0.0,0.0,0.0,0.0
4248,0.0,0.0,0.0,0.0,0.0
4249,0.0,0.0,0.0,0.0,0.0
4250,0.0,0.0,0.0,0.0,0.0
4251,0.0,0.0,0.0,0.0,0.0
4252,0.0,0.0,0.0,0.0,0.0
4253,0.01486174531102295,0.0,0.00050526953307055,0.00173258092095525,0.0063583299514658
4254,0.08749226072354695,0.05399890295053885,0.05970320060473065,0.0358035144627699,0.0755292645537273
4255,0.16481767376341225,0.13681676219220784,0.13614208090456806,0.1169118759260476,0.15563394982156534
4256,0.2295780484952725,0.2126046952852164,0.20623995219453226,0.19796443977618944,0.22453692090717295
4257,0.2721066939042358,0.2720200199420006,0.2614221553422822,0.2644115586387221,0.2727650413617292
4258,0.2741511013971981,0.3101698299888876,0.2970272763647337,0.3105062057249268,0.29788234210618236
4259,0.2558402610308706,0.3272058555889775,0.3081770924781478,0.3361733188959441,0.3061417294113498
4260,0.24045107906004884,0.3238150585953102,0.30193261373285435,0.3417647603655434,0.2967830012169645
4261,0.21355690503519195,0.30160789649080855,0.281596898968046,0.32727029230468474,0.26826531375854856
4262,0.1835382406404607,0.2621138772573588,0.24078789653435226,0.2940309852548022,0.22366712374803074
4263,0.13434695079786516,0.20409440728549474,0.1832141151400844,0.24232873750352796,0.1631104808602076
4264,0.0683980305032802,0.1324441088788813,0.11233848170415946,0.1746322945086607,0.0913284968348676
4265,0.01438893198441365,0.05415731568915355,0.0372287095496497,0.0970197445839897,0.01990343627597495
4266,0.0,0.0,0.0,0.02366563747000235,0.0
4267,0.0,0.0,0.0,0.0010433439621142,0.0
4268,0.0,0.0,0.0,0.0,0.0
4269,0.0,0.0,0.0,0.0,0.0
4270,0.0,0.0,0.0,0.0,0.0
4271,0.0,0.0,0.0,0.0,0.0
4272,0.0,0.0,0.0,0.0,0.0
4273,0.0,0.0,0.0,0.0,0.0
4274,0.0,0.0,0.0,0.0,0.0
4275,0.0,0.0,0.0,0.0,0.0
4276,0.0,0.0,0.0,0.0,0.0
4277,0.0160526403726654,0.0,0.0008278236255505,0.002662594398094,0.00650066807131235
4278,0.09229779007290954,0.052672026279583,0.06212464798294585,0.03634947633478935,0.07644570834562114
4279,0.17314244567945544,0.13815791409375805,0.13933882587057325,0.11281919580195185,0.15662144868104236
4280,0.2426053777354316,0.2158137152968263,0.211917954542623,0.1922041340378018,0.2241445548275224
4281,0.29416038414887674,0.27679610580371994,0.2702521293319179,0.2586883600370689,0.2725782534415096
4282,0.3217202357133466,0.31771137560253065,0.3112676135248313,0.30771963685222925,0.3013315158790242
4283,0.33017117599151485,0.3371388002765296,0.3319079402297125,0.3363281290827655,0.3120924659592179
4284,0.3178298165950786,0.3353508873240407,0.33051653011117965,0.34334805259735585,0.30121179516301816
4285,0.2858281318385714,0.3136075237036486,0.30708135846510537,0.3300321902124903,0.2672896853233984
4286,0.24102027307827134,0.27318048525330574,0.2626658202061951,0.2952797182067559,0.21471546212668274
4287,0.17710842671855775,0.2143374677436579,0.19949361825876705,0.2429792103075862,0.1494259406058332
4288,0.09871612285903306,0.14012829802470245,0.12220309183282756,0.17642416042265605,0.08312920268050285
4289,0.02262700064421555,0.0583154659933518,0.04121583593147695,0.0983753769295212,0.0198416042231505
4290,0.0,0.0,0.0,0.0242637969380158,0.0
4291,0.0,0.0,0.0,0.0005827940868525,0.0
4292,0.0,0.0,0.0,0.0,0.0
4293,0.0,0.0,0.0,0.0,0.0
4294,0.0,0.0,0.0,0.0,0.0
4295,0.0,0.0,0.0,0.0,0.0
4296,0.0,0.0,0.0,0.0,0.0
4297,0.0,0.0,0.0,0.0,0.0
4298,0.0,0.0,0.0,0.0,0.0
4299,0.0,0.0,0.0,0.0,0.0
4300,0.0,0.0,0.0,0.0,0.0
4301,0.0163500101978476,0.0,0.0005971440858391,0.00174712206161345,0.0065713294565514
4302,0.09469999441055264,0.05500886359538575,0.0669570567114971,0.03575887469003865,0.07709127776360986
4303,0.17673244383131456,0.14090531730013944,0.15053253114423895,0.1107000601722523,0.1579492741205288
4304,0.24647317444609354,0.2183290429941767,0.2247209978956012,0.1903141130226796,0.2278283844991692
4305,0.297337909882847,0.27809752066962573,0.2810160622737275,0.2577074987989529,0.2784483781104378
4306,0.328670869525401,0.3181562638823248,0.31692947966742274,0.304629262415731,0.3095798278017424
4307,0.33817346041429536,0.3366248300846056,0.33243802129161676,0.33127459234343,0.3223111264912071
4308,0.3274062654885033,0.334369329427152,0.32766445624921886,0.3375919267452802,0.3141894056155233
4309,0.29726596792346455,0.3112770354091001,0.3028779506281802,0.3227041360138493,0.2868085862386025
4310,0.2470008963974524,0.2685298135315785,0.2587581392658867,0.28757861262799306,0.2402125102337152
4311,0.1792426486524099,0.2100162611257917,0.19656142154864895,0.23571047971284145,0.17543051758655984
4312,0.0998336760035053,0.13478320418745085,0.1203437851943006,0.16843084392172755,0.09737134432292205
4313,0.02253788926393,0.0548360103839522,0.0403779537618629,0.09284507846976454,0.02124404311723705
4314,0.0,0.0,0.0,0.0241668790003319,0.0
4315,0.0,0.0,0.0,0.00060026096351125,0.0
4316,0.0,0.0,0.0,0.0,0.0
4317,0.0,0.0,0.0,0.0,0.0
4318,0.0,0.0,0.0,0.0,0.0
4319,0.0,0.0,0.0,0.0,0.0
4320,0.0,0.0,0.0,0.0,0.0
4321,0.0,0.0,0.0,0.0,0.0
4322,0.0,0.0,0.0,0.0,0.0
4323,0.0,0.0,0.0,0.0,0.0
4324,0.0,0.0,0.0,0.0,0.0
4325,0.01579566704791735,0.0,0.0,0.0018112422911596,0.0067315229111551
4326,0.09317381963714175,0.051583177282567,0.06551551196381125,0.03217488153719155,0.079321389062366
4327,0.1740248170134931,0.13478407277177964,0.1476652801771722,0.09072923206182415,0.1621642702223983
4328,0.2423868790282263,0.21136574189580035,0.2196805162071814,0.1581985438543362,0.23310889044066366
4329,0.29173236948012915,0.27118670791788513,0.2738671386796202,0.2240505940348074,0.285949301233674
4330,0.32046254523448153,0.30980208824372873,0.30776366895326845,0.2775609675722224,0.3176211193138649
4331,0.3288954466444393,0.32737581666704124,0.32222720775300423,0.3126338697098933,0.3302546744232297
4332,0.31727055514705194,0.32419619223652535,0.3167097443055389,0.32596348699600014,0.3216986595750383
4333,0.28603982808519096,0.2964378837243137,0.29229894037417153,0.3202442082373427,0.29195832328260035
4334,0.2353952132574923,0.2439354292160331,0.24780271925558714,0.2890695500055794,0.2414020578162424
4335,0.1671872872664091,0.1789091090099059,0.1823209555702132,0.2328972267745234,0.17390850549672665
4336,0.09067198714329525,0.10314069793725884,0.10533357090846975,0.16388972258010764,0.0974135403443759
4337,0.020508246385189,0.03879401653968555,0.03373715608920695,0.09064571849617495,0.0216100095628276
4338,0.0,0.0017107660625062,0.0,0.02367111710742865,0.0
4339,0.0,0.0,0.0,0.00069101955940885,0.0
4340,0.0,0.0,0.0,0.0,0.0
4341,0.0,0.0,0.0,0.0,0.0
4342,0.0,0.0,0.0,0.0,0.0
4343,0.0,0.0,0.0,0.0,0.0
4344,0.0,0.0,0.0,0.0,0.0
4345,0.0,0.0,0.0,0.0,0.0
4346,0.0,0.0,0.0,0.0,0.0
4347,0.0,0.0,0.0,0.0,0.0
4348,0.0,0.0,0.0,0.0,0.0
4349,0.0164259837264772,0.0,0.001537322384385,0.00197843394339135,0.0063166844291088
4350,0.0871695854658439,0.0506367081157823,0.0518018405939397,0.0312125764715434,0.078280278728479
4351,0.1601033128355798,0.12886367961927644,0.10952067976491595,0.0841557036795731,0.1608205883194959
4352,0.2241068379208182,0.2010330711817771,0.17099581003750736,0.1398601682109692,0.2318220353653338
4353,0.2687476562834702,0.2627908963362711,0.2200084054418728,0.1877372220534403,0.2850159359021713
4354,0.2907686597483317,0.30493895949235644,0.25016503162720916,0.2266321132139462,0.3172971014467363
4355,0.2762489538751357,0.31836534342941586,0.2710200824206142,0.2510026563516782,0.32848255905708634
4356,0.23294398418230414,0.3015731920129201,0.2707711729446833,0.2538855898143244,0.3185634824559516
4357,0.19299337931790864,0.25329541712372455,0.2472955869731088,0.23985353272491886,0.2876797009111731
4358,0.1546691602716312,0.19166705630075986,0.20354749233841066,0.2148022035841959,0.238355234758635
4359,0.1053273397598929,0.14844845794881914,0.1456857697981648,0.1733215426666259,0.17478969563983104
4360,0.05715175724338565,0.09797709397037145,0.0867587342293837,0.11716045951949595,0.0977966545428167
4361,0.0179811548996583,0.03669679493073935,0.03035252457896535,0.06505401365564785,0.02177595068076875
4362,0.0,0.0,0.0,0.0179018149361466,0.0
4363,0.0,0.0,0.0,0.0,0.0
4364,0.0,0.0,0.0,0.0,0.0
4365,0.0,0.0,0.0,0.0,0.0
4366,0.0,0.0,0.0,0.0,0.0
4367,0.0,0.0,0.0,0.0,0.0
4368,0.0,0.0,0.0,0.0,0.0
4369,0.0,0.0,0.0,0.0,0.0
4370,0.0,0.0,0.0,0.0,0.0
4371,0.0,0.0,0.0,0.0,0.0
4372,0.0,0.0,0.0,0.0,0.0
4373,0.01237829446318585,0.0,0.0,0.00168983960165535,0.00586933435845675
4374,0.06796323716232475,0.038563511744312,0.05365967936076215,0.0281571647408235,0.0770456288649884
4375,0.13038062634285455,0.09996913539672515,0.12710574251995946,0.0807888518631667,0.1593331345486088
4376,0.1707133474533703,0.1560106662065012,0.1937814682391632,0.13843733593534874,0.23017271089605315
4377,0.2020873242382805,0.2064182282861344,0.24532259332488715,0.19048304771502586,0.28331664431519965
4378,0.2237242785491833,0.24476559027221115,0.27400417753313905,0.22783097708364594,0.3152422261607649
4379,0.23584955365538215,0.26737348668163047,0.28685140282438054,0.25509859449530187,0.3259960486558145
4380,0.23118021378382236,0.2588569053718207,0.2837584386684932,0.2641228460657559,0.31577146336316075
4381,0.21014463191818475,0.2255007184460157,0.2641500280739649,0.247436855409911,0.28094110856341753
4382,0.16502871820609566,0.18885101415820746,0.22843991134510264,0.21320019166773635,0.2290184437200272
4383,0.108765959798955,0.1355626996103046,0.17373693026712006,0.16927229272667865,0.16394714201374044
4384,0.0579794035023864,0.07495428838119494,0.10830074035224405,0.1187716644711555,0.0895857522610573
4385,0.0154218084652034,0.031502013568924,0.0384769745372393,0.0669706562137026,0.0209794721690077
4386,0.0,0.0,0.0,0.0230046726824586,0.0
4387,0.0,0.0,0.0,0.00157634407991795,0.0
4388,0.0,0.0,0.0,0.0,0.0
4389,0.0,0.0,0.0,0.0,0.0
4390,0.0,0.0,0.0,0.0,0.0
4391,0.0,0.0,0.0,0.0,0.0
4392,0.0,0.0,0.0,0.0,0.0
4393,0.0,0.0,0.0,0.0,0.0
4394,0.0,0.0,0.0,0.0,0.0
4395,0.0,0.0,0.0,0.0,0.0
4396,0.0,0.0,0.0,0.0,0.0
4397,0.0131895139305841,0.0,0.0,0.00248999054992925,0.0054963668452276
4398,0.07898463892612805,0.04547558536054985,0.0630684102292328,0.0327055500567496,0.07540800137493055
4399,0.14411818704114585,0.08823337192880135,0.1399256438348191,0.10293755427538814,0.15613495039945824
4400,0.19939202808049805,0.1302897301085525,0.2110775105231211,0.1768184690952039,0.22675970506719956
4401,0.2410198711417118,0.17381641108271045,0.2634891852543604,0.24297220412337114,0.2774561682705907
4402,0.26449132831540406,0.20378052551896875,0.2949385399920108,0.2938966356261539,0.3049258593345168
4403,0.2675844005411426,0.22773385509412145,0.3119195449551341,0.32128016528488024,0.3160326166463195
4404,0.24967706233570744,0.2341029811587852,0.31272711003681775,0.3285095077767177,0.3039909726585781
4405,0.21785980160459556,0.22189297321144075,0.29403847091249014,0.31425757968617,0.2683726158685868
4406,0.17220706199933444,0.2028510540602634,0.2528998992609962,0.2761484805801509,0.2161376284056209
4407,0.1173070803300612,0.1630136452777343,0.19280891388106414,0.22435500390713284,0.15251535908172745
4408,0.0616300676913841,0.102113747345804,0.1189566471730803,0.15974551795692354,0.08539117672218875
4409,0.01724218204015005,0.043109384148131,0.04163107832261685,0.0871080176650015,0.0202470057681842
4410,0.0,0.0,0.0,0.02483818622175615,0.0
4411,0.0,0.0,0.0,0.0011520658552316,0.0
4412,0.0,0.0,0.0,0.0,0.0
4413,0.0,0.0,0.0,0.0,0.0
4414,0.0,0.0,0.0,0.0,0.0
4415,0.0,0.0,0.0,0.0,0.0
4416,0.0,0.0,0.0,0.0,0.0
4417,0.0,0.0,0.0,0.0,0.0
4418,0.0,0.0,0.0,0.0,0.0
4419,0.0,0.0,0.0,0.0,0.0
4420,0.0,0.0,0.0,0.0,0.0
4421,0.01289625044178335,0.0010813598998654,0.0,0.00188775152593135,0.00533292624820955
4422,0.0712557582134618,0.0490075406506426,0.0651171800687863,0.03343703221336615,0.07470822062489195
4423,0.1366072230889533,0.13018556354068875,0.14872036330653596,0.1128116972015966,0.1562090775246189
4424,0.2011119361449663,0.20735388045784864,0.2237831333765436,0.1937808631824025,0.22690055379298754
4425,0.2545975327166438,0.26925579721466014,0.2814428011384669,0.26094175327540176,0.27948283854277584
4426,0.2920720368154901,0.31203567652418523,0.31880246375626947,0.3068319803470227,0.3038134713735436
4427,0.3085338501555806,0.33089744825137574,0.3357970117869306,0.3293506293723997,0.30726254109575535
4428,0.29848637168276837,0.3234281380369089,0.332011493543396,0.3295894869483896,0.2989784991293741
4429,0.26980638958204817,0.29394971039018314,0.3083098215584688,0.3111485617825869,0.26493680843798284
4430,0.2289089740843962,0.24989680876147816,0.26393212493819096,0.2765591930416309,0.21253660473662714
4431,0.16741726739443655,0.19444132765991715,0.20037607656566536,0.2250362672902817,0.1536975582887463
4432,0.09386735250997325,0.12452460766751836,0.1229695776531929,0.16037565841957355,0.08533072643025615
4433,0.02238968908208805,0.0482971236827728,0.04197181973194695,0.09042233092132115,0.019774570631381
4434,0.0,0.0,0.0,0.02508168358667295,0.0
4435,0.0,0.0,0.0,0.001678597816589,0.0
4436,0.0,0.0,0.0,0.0,0.0
4437,0.0,0.0,0.0,0.0,0.0
4438,0.0,0.0,0.0,0.0,0.0
4439,0.0,0.0,0.0,0.0,0.0
4440,0.0,0.0,0.0,0.0,0.0
4441,0.0,0.0,0.0,0.0,0.0
4442,0.0,0.0,0.0,0.0,0.0
4443,0.0,0.0,0.0,0.0,0.0
4444,0.0,0.0,0.0,0.0,0.0
4445,0.01790211592074375,0.0,0.0030244600018999,0.0012617589677284,0.0051486372281162
4446,0.0815621916746012,0.04685583011926025,0.05534233347876915,0.0321548898801926,0.0747155010739418
4447,0.15021674146776975,0.11957389130038384,0.1256483838141052,0.10814923258812935,0.156150010115898
4448,0.22181637432453086,0.1947709335421747,0.1875814077156164,0.1864375184765029,0.22648059763602946
4449,0.27436651182747845,0.26098082013372115,0.2330714595645172,0.25324098146084384,0.27727333505999924
4450,0.3041192485620486,0.3032794371798489,0.2750890130312514,0.30124694767525306,0.30572169191660037
4451,0.31282569840685986,0.32149106111042436,0.3086705502029151,0.3290906696786793,0.31338072043106874
4452,0.30125096457707845,0.32322046882129685,0.3121614894438021,0.3355605453900746,0.30314827830639124
4453,0.2675703882577595,0.3079654430448946,0.28617600516490127,0.3198231532563027,0.2777037023266046
4454,0.2181520597717544,0.2688153763053606,0.24030900691316626,0.2842752007707037,0.2265447735654179
4455,0.15674468007266246,0.2099016666450769,0.1806174406600626,0.2300307981305022,0.1589699322746422
4456,0.08513041649892325,0.139815383003129,0.1111307859403662,0.16105476880725655,0.089035154849679
4457,0.0202924393483089,0.0592114893924917,0.0382881305377307,0.08749257096659735,0.02049259006975725
4458,0.0,0.0,0.0,0.0228852753560063,0.0
4459,0.0,0.0,0.0,0.0005276884203078,0.0
4460,0.0,0.0,0.0,0.0,0.0
4461,0.0,0.0,0.0,0.0,0.0
4462,0.0,0.0,0.0,0.0,0.0
4463,0.0,0.0,0.0,0.0,0.0
4464,0.0,0.0,0.0,0.0,0.0
4465,0.0,0.0,0.0,0.0,0.0
4466,0.0,0.0,0.0,0.0,0.0
4467,0.0,0.0,0.0,0.0,0.0
4468,0.0,0.0,0.0,0.0,0.0
4469,0.0135443984226561,0.0,0.0,0.00109707307193305,0.00497000563412665
4470,0.0875414940370398,0.0513460673869173,0.06028839432538005,0.02987978341011975,0.0745441862060084
4471,0.1603248494022001,0.1248768626981877,0.13986388896684115,0.09786598051388505,0.15610396833264864
4472,0.22708493646489775,0.171799298517188,0.21166783744757,0.17509859286464566,0.22595233992867034
4473,0.2763503068278183,0.20845121632387165,0.26589321882194955,0.2412776634797881,0.27836131096180977
4474,0.3058218688341373,0.24561090277292694,0.2975364757058976,0.2853728722995431,0.30770253526167135
4475,0.3164512002959942,0.25615102729964395,0.30979599830187865,0.31230440549801797,0.31741128367480115
4476,0.3024461532433696,0.2409392602714105,0.30428206921475454,0.32160033337373123,0.3110796302012127
4477,0.27303512405537483,0.2442036062049111,0.2709858782872442,0.3079318604684556,0.2786672520161927
4478,0.2240593435644044,0.2415241632569057,0.2141517174023729,0.27380720435474476,0.22905704783289146
4479,0.14789008875062684,0.1776605331682557,0.15282188854316875,0.22220318244547405,0.16821536694226505
4480,0.07178698804745365,0.0876939253644591,0.0892884663452998,0.14947590145468526,0.0933273994478952
4481,0.01726690853984175,0.029935837856237,0.02986006299828345,0.07840425345077275,0.02098044987709235
4482,0.0,0.0,0.0,0.02214135274572815,0.0
4483,0.0,0.0,0.0,0.0,0.0
4484,0.0,0.0,0.0,0.0,0.0
4485,0.0,0.0,0.0,0.0,0.0
4486,0.0,0.0,0.0,0.0,0.0
4487,0.0,0.0,0.0,0.0,0.0
4488,0.0,0.0,0.0,0.0,0.0
4489,0.0,0.0,0.0,0.0,0.0
4490,0.0,0.0,0.0,0.0,0.0
4491,0.0,0.0,0.0,0.0,0.0
4492,0.0,0.0,0.0,0.0,0.0
4493,0.0109045900459889,0.0,0.0,0.0013382438255583,0.0047752925330179
4494,0.07434810149990705,0.03939883528285125,0.0392115558247257,0.0280632411331482,0.0720645476771416
4495,0.1375584368955381,0.10366415536499175,0.07523074677347315,0.0942911548845347,0.1476855596249135
4496,0.18440473072153155,0.16526026270557384,0.1008489978924317,0.1651318672692051,0.2171794913752835
4497,0.2041969572491101,0.2149021082027001,0.14157516277183885,0.2281528277915837,0.27113630585531207
4498,0.1930853575465438,0.245479043817406,0.175139143585451,0.27458826713450435,0.3039516023294422
4499,0.15877178930681474,0.25855536191542094,0.1868895457662172,0.30391830921457913,0.3165379517776261
4500,0.13013995723156654,0.2504279301523407,0.1989037175400329,0.3113764367124617,0.30782246125927615
4501,0.113227541335719,0.2301325067054654,0.2095059141929831,0.29091946048754624,0.27933403934900364
4502,0.09722948361681515,0.1950601850638086,0.19257591063015636,0.2561356535484657,0.2275243556075684
4503,0.0755732604078947,0.1526114117089881,0.1482891061862644,0.2125034254037306,0.16150280121158214
4504,0.05062192445326425,0.1011038635622673,0.08924688884406724,0.1537804090615558,0.09017016527977495
4505,0.0173878075551618,0.04057627491435705,0.0307154476294872,0.08713497116589335,0.01975615882432755
4506,0.0,0.0,0.0,0.02382481066062425,0.0
4507,0.0,0.0,0.0,0.0,0.0
4508,0.0,0.0,0.0,0.0,0.0
4509,0.0,0.0,0.0,0.0,0.0
4510,0.0,0.0,0.0,0.0,0.0
4511,0.0,0.0,0.0,0.0,0.0
4512,0.0,0.0,0.0,0.0,0.0
4513,0.0,0.0,0.0,0.0,0.0
4514,0.0,0.0,0.0,0.0,0.0
4515,0.0,0.0,0.0,0.0,0.0
4516,0.0,0.0,0.0,0.0,0.0
4517,0.00966551712375245,0.0,0.0,0.00154941240121095,0.0046797019064525
4518,0.05586647729072425,0.0412727294684997,0.04254550733085735,0.03209206575761255,0.06750136303755255
4519,0.11378732631607795,0.112505106098806,0.10388276877446295,0.1036284532638997,0.1443720669535327
4520,0.16982115728814084,0.1716499473553369,0.1492323827808696,0.1757046996677804,0.21421007572519504
4521,0.19790693605786736,0.2067219567189685,0.1830594471665208,0.2402555871147324,0.2631424197525757
4522,0.19057338577917515,0.22655251255125805,0.20038926424144435,0.28904567785278346,0.29083925347021883
4523,0.1822345307249569,0.2460865304476843,0.1929255769946861,0.30859822582294133,0.3034066909956601
4524,0.1737307899344443,0.24558742362412714,0.1806266682563202,0.30494480336870955,0.2945193154182631
4525,0.13528298228946464,0.21343065798017766,0.1569837312729522,0.28092498089694207,0.262815730232265
4526,0.09549577132143625,0.1779756471810212,0.1278790653347318,0.23588312140815704,0.21668048520689476
4527,0.06211033108081125,0.137733904620169,0.09918955381259545,0.1802752035556553,0.1540040808469098
4528,0.0276117203308009,0.0843018891529994,0.0648456441249363,0.12239983618428435,0.08399327221441455
4529,0.0038212951700838,0.03475767948337395,0.02764899602774615,0.0692146605794539,0.0207146426439489
4530,0.0,0.0,0.0,0.0237224775147131,0.0
4531,0.0,0.0,0.0,0.0010406452245028,0.0
4532,0.0,0.0,0.0,0.0,0.0
4533,0.0,0.0,0.0,0.0,0.0
4534,0.0,0.0,0.0,0.0,0.0
4535,0.0,0.0,0.0,0.0,0.0
4536,0.0,0.0,0.0,0.0,0.0
4537,0.0,0.0,0.0,0.0,0.0
4538,0.0,0.0,0.0,0.0,0.0
4539,0.0,0.0,0.0,0.0,0.0
4540,0.0,0.0,0.0,0.0,0.0
4541,0.0108435036614288,0.0,0.0,0.0014690467715104,0.00404199075672225
4542,0.051494752774227,0.0396574512560869,0.0500857531845113,0.0272871926572457,0.06477061101609065
4543,0.0904100611017937,0.09039605847783415,0.1164160830834528,0.09320857478691524,0.13326672486797575
4544,0.1347865926380887,0.14410090109400436,0.1766848141052203,0.1591416788565787,0.18933496368175465
4545,0.16153076786859705,0.19126394965463614,0.2096474136846362,0.214906867895402,0.2299082680726281
4546,0.1691903189198984,0.22461300940128695,0.21000497122984885,0.26519057049335104,0.26432084991167487
4547,0.17550656444992674,0.25502720287757497,0.2195316693148891,0.300613528811165,0.27262677480882913
4548,0.1777388863334251,0.27533676142551056,0.226444596693019,0.3096128496192042,0.2520319955884441
4549,0.16077718629371984,0.27310545332174074,0.2141403430353356,0.29732075215054493,0.22755608253968215
4550,0.13768609963226144,0.24820299021117234,0.19409927443074915,0.26961785317095494,0.19869148673550205
4551,0.1017413796008098,0.20205525678062455,0.1528466912849472,0.2236683530967951,0.1522474340539848
4552,0.0557920677342304,0.13379331301912464,0.09793211827327936,0.15648969623718986,0.0864920016223057
4553,0.0132756535188259,0.0555200071535164,0.03570252742524135,0.08504243676936675,0.01961638159342125
4554,0.0,0.0,0.0,0.02080992238675775,0.0
4555,0.0,0.0,0.0,0.0,0.0
4556,0.0,0.0,0.0,0.0,0.0
4557,0.0,0.0,0.0,0.0,0.0
4558,0.0,0.0,0.0,0.0,0.0
4559,0.0,0.0,0.0,0.0,0.0
4560,0.0,0.0,0.0,0.0,0.0
4561,0.0,0.0,0.0,0.0,0.0
4562,0.0,0.0,0.0,0.0,0.0
4563,0.0,0.0,0.0,0.0,0.0
4564,0.0,0.0,0.0,0.0,0.0
4565,0.0104667814630117,0.0,0.0,0.00112050422927375,0.00426778187170925
4566,0.07999654869048516,0.05107014826533135,0.06212667296827585,0.0314646597831815,0.05833097509462045
4567,0.15687239072384604,0.13691599692717424,0.14542119054509206,0.1113664174098939,0.12737359435546985
4568,0.203936149361935,0.2192614475781972,0.21679443940949364,0.19541630494498924,0.1842683111403134
4569,0.22225806825552044,0.2879887432098903,0.2674830101529206,0.2680126345785472,0.2218455715029823
4570,0.21720416881372845,0.3344623602369607,0.29643777918515707,0.3203302716878341,0.2523855249404076
4571,0.2188672939166707,0.35610600430156253,0.3137734011573977,0.3498960963508988,0.26407498211810854
4572,0.2232875311118551,0.3553267398873012,0.31402163153129675,0.35602642689033914,0.2519297089721704
4573,0.20788217800977124,0.33418090519403887,0.2906043382159286,0.3420743675379367,0.22640042377299896
4574,0.1856050720530695,0.292029693041052,0.2525939689090549,0.30942052166681727,0.1872683709266079
4575,0.1445618928614775,0.2295467696121627,0.19455342760292774,0.25678925442521355,0.13774504849738425
4576,0.08676937994902136,0.15037227835215966,0.1189233249245643,0.1855585264059736,0.076349938121056
4577,0.0242437880863662,0.0629215507297031,0.0409484323438957,0.10289449785785584,0.0176962630012226
4578,0.0,0.0,0.0,0.02527561025720515,0.0
4579,0.0,0.0,0.0,0.00121024802938915,0.0
4580,0.0,0.0,0.0,0.0,0.0
4581,0.0,0.0,0.0,0.0,0.0
4582,0.0,0.0,0.0,0.0,0.0
4583,0.0,0.0,0.0,0.0,0.0
4584,0.0,0.0,0.0,0.0,0.0
4585,0.0,0.0,0.0,0.0,0.0
4586,0.0,0.0,0.0,0.0,0.0
4587,0.0,0.0,0.0,0.0,0.0
4588,0.0,0.0,0.0,0.0,0.0
4589,0.0145149527739613,0.00306029363904275,0.0010469354655143,0.0036158897444691,0.0042974585722631
4590,0.0850813225107962,0.0376857736515391,0.033393162492977,0.03010986292413785,0.0719439465830119
4591,0.1672084949549988,0.077424849191427,0.07403021659963835,0.08649944967133914,0.1527334138280211
4592,0.2218392160171002,0.1243181750503833,0.1017820206845598,0.147295249153208,0.22474564316561024
4593,0.24494046164114666,0.16309157969207574,0.1209607240314784,0.204030251957106,0.2791839070627321
4594,0.2568088544060591,0.1840126534733736,0.1264389123652016,0.2517401448657662,0.30955234115114794
4595,0.2517004607291397,0.1962018280167788,0.1267182100357338,0.2916334221221328,0.3208586960832893
4596,0.2143716701476209,0.19908519827459875,0.1140285315098629,0.3128004390831778,0.3135541864078128
4597,0.1690505803272566,0.18134258359978214,0.08969693128210986,0.3110082193581271,0.278906379834583
4598,0.11603863540378295,0.140859851046032,0.0661567459109737,0.2850562705937809,0.22536165733568755
4599,0.06630964260437125,0.084567346733824,0.0380147180279487,0.23595819532919635,0.15918776024567954
4600,0.03544144175346245,0.0378923105772692,0.0202905740994728,0.16940499245223545,0.08717167883426635
4601,0.0075326883242903,0.01240533050237845,0.00769238307023215,0.0926865348808581,0.02234215200506435
4602,0.0,0.0,0.0,0.0236807734803958,0.0
4603,0.0,0.0,0.0,0.0,0.0
4604,0.0,0.0,0.0,0.0,0.0
4605,0.0,0.0,0.0,0.0,0.0
4606,0.0,0.0,0.0,0.0,0.0
4607,0.0,0.0,0.0,0.0,0.0
4608,0.0,0.0,0.0,0.0,0.0
4609,0.0,0.0,0.0,0.0,0.0
4610,0.0,0.0,0.0,0.0,0.0
4611,0.0,0.0,0.0,0.0,0.0
4612,0.0,0.0,0.0,0.0,0.0
4613,0.0012344832285624,0.0,0.0,0.00065750157846605,0.003863339786242
4614,0.0318604758243091,0.0299190964110791,0.03357781015001575,0.02684472292256365,0.06668667020959515
4615,0.0756201308967941,0.08776762054918555,0.07746982018330124,0.09835095622603525,0.14469993973079595
4616,0.1255000774869382,0.1454999620347369,0.12582370083940544,0.17278287359441405,0.2105729007783101
4617,0.17881352309818824,0.1992638668008171,0.16772335552896514,0.23455460051944926,0.26053280337227147
4618,0.21730686683037684,0.2296614713203403,0.20077937071091895,0.2740362559442342,0.2937119885306307
4619,0.1956475043698315,0.2529913588987018,0.2186864423526882,0.2921827044114639,0.29873137428854907
4620,0.17189856556457006,0.2592321308170131,0.22469664471391104,0.2943269376377495,0.2790343151445739
4621,0.1713652648886595,0.22747999446280015,0.2078912468699717,0.2732777281194375,0.24458314504556125
4622,0.13499411524131574,0.186653310136052,0.163566228131517,0.23049293663215656,0.19438784493673025
4623,0.09168036582551405,0.1423712045158574,0.120690469395971,0.18118819299156225,0.1389400316018545
4624,0.0516970710533871,0.08579169541636945,0.0723086771222232,0.13064306391725464,0.0788733696123267
4625,0.013560518148208,0.0307103874368689,0.02083417480848525,0.0777215888989979,0.0176790675526983
4626,0.0,0.0,0.0,0.0223919362955197,0.0
4627,0.0,0.0,0.0,0.0,0.0
4628,0.0,0.0,0.0,0.0,0.0
4629,0.0,0.0,0.0,0.0,0.0
4630,0.0,0.0,0.0,0.0,0.0
4631,0.0,0.0,0.0,0.0,0.0
4632,0.0,0.0,0.0,0.0,0.0
4633,0.0,0.0,0.0,0.0,0.0
4634,0.0,0.0,0.0,0.0,0.0
4635,0.0,0.0,0.0,0.0,0.0
4636,0.0,0.0,0.0,0.0,0.0
4637,0.0065915417548401,0.0,0.0,0.0008857547409159,0.00329829411466345
4638,0.03405270055703275,0.03020828596599815,0.02162986239424005,0.0276507331116933,0.06338098722864
4639,0.07121936604216185,0.09670714731529535,0.0694973304022215,0.09527663896929935,0.1380635115008783
4640,0.1070537777640248,0.16541607181155285,0.107486323910805,0.1689252534757999,0.20426433664040164
4641,0.13259409236825476,0.23443191408761885,0.1516520546618065,0.2338366105604145,0.2543405448184853
4642,0.14700551961693964,0.27241066651452434,0.19195320104767044,0.2828688344589783,0.27562677466504243
4643,0.15157101326829164,0.28027648074322964,0.214485813864202,0.3127535943631925,0.2764240793936667
4644,0.1638877944746763,0.26738322895608374,0.2065286204063164,0.3248909301209542,0.26820550848671204
4645,0.17392584836724556,0.2291475275664488,0.17974622655497194,0.3217701203595501,0.2413344211145219
4646,0.1475278487379211,0.19162066290342164,0.1532883942510961,0.2984551562937949,0.2026044913570928
4647,0.10269708192259655,0.13989306266050025,0.11193107478946375,0.2509278525754116,0.1487455215997816
4648,0.06198998156678805,0.08649684866491394,0.06872666214446745,0.1820917921981203,0.08162678852754095
4649,0.01681603125751765,0.0390906656964931,0.0215182307766475,0.1013829427833905,0.0185380006135326
4650,0.0,0.0,0.0,0.02528318717295495,0.0
4651,0.0,0.0,0.0,0.0,0.0
4652,0.0,0.0,0.0,0.0,0.0
4653,0.0,0.0,0.0,0.0,0.0
4654,0.0,0.0,0.0,0.0,0.0
4655,0.0,0.0,0.0,0.0,0.0
4656,0.0,0.0,0.0,0.0,0.0
4657,0.0,0.0,0.0,0.0,0.0
4658,0.0,0.0,0.0,0.0,0.0
4659,0.0,0.0,0.0,0.0,0.0
4660,0.0,0.0,0.0,0.0,0.0
4661,0.00637744278628885,0.0,0.0,0.0008108495922805,0.0035020771296633
4662,0.05546807486972535,0.0478719346970276,0.0282612686307566,0.02978109295035485,0.0681291674811295
4663,0.1182030649198506,0.13308946082953416,0.07711610429291385,0.11081533301822474,0.14827413177101165
4664,0.16962845498523935,0.20467003494018546,0.1255746302534992,0.1923711568199344,0.21446382622078225
4665,0.20727950466716544,0.25673420013846865,0.15999481571543625,0.25867435351814727,0.26601186006025795
4666,0.22502005851052476,0.27744946508814955,0.1765866113927343,0.3020201742196005,0.30018182163089163
4667,0.23218942481210925,0.2774278310715704,0.1915212334562178,0.32425868991048123,0.30564096859490414
4668,0.22760221943762965,0.27304022019477275,0.20524809867502666,0.3267223580304704,0.29415969715483953
4669,0.20930475096911175,0.25445482564015376,0.1981076084806731,0.3124923161846782,0.2718737506226338
4670,0.179576744709312,0.2203392562798028,0.1739765036856491,0.28270410285149566,0.2303443452018627
4671,0.12977592102747545,0.16262751250912866,0.1271070197721244,0.2312143166021046,0.16915272393429956
4672,0.07234244860323735,0.093022007666417,0.06728127626744294,0.16501039542989165,0.0937838823255281
4673,0.0171482048828689,0.0323181159404192,0.02203246589041205,0.0927490062613429,0.0211364519738334
4674,0.0,0.0,0.0,0.02380140323204885,0.0
4675,0.0,0.0,0.0,0.0,0.0
4676,0.0,0.0,0.0,0.0,0.0
4677,0.0,0.0,0.0,0.0,0.0
4678,0.0,0.0,0.0,0.0,0.0
4679,0.0,0.0,0.0,0.0,0.0
4680,0.0,0.0,0.0,0.0,0.0
4681,0.0,0.0,0.0,0.0,0.0
4682,0.0,0.0,0.0,0.0,0.0
4683,0.0,0.0,0.0,0.0,0.0
4684,0.0,0.0,0.0,0.0,0.0
4685,0.01110421742307255,0.0,0.0,0.00071559617180145,0.0019731884834569
4686,0.07612050101534765,0.00575340929640415,0.04132224687727825,0.0287759353938759,0.0461920738685183
4687,0.14899919202570974,0.02644721866034,0.09401280030899155,0.10877773877519825,0.104570483524707
4688,0.21133751270245096,0.0542709601164777,0.1400682941364743,0.1911114483986014,0.16249548622117935
4689,0.24942794828200154,0.0941040783562698,0.1686694787849013,0.25781130939000824,0.2064320710781318
4690,0.26132654477990797,0.147572035331441,0.19107411445625624,0.29871993461634355,0.230992731645295
4691,0.2711268507938615,0.19854294522666194,0.21407363720547415,0.31815852752074175,0.24202976928435616
4692,0.2631768666983986,0.21826521806831284,0.21477567675820985,0.3220591929740029,0.23596097316078896
4693,0.22641484924826324,0.2102411629071762,0.20363095792314215,0.3106643596554358,0.2163099155393516
4694,0.18212259372892586,0.16178717921587385,0.18469433514740835,0.280875927596448,0.16998140591052294
4695,0.13079456395920025,0.11676047432612895,0.1460653134291638,0.23714211831766005,0.1139896748787504
4696,0.0710976558436944,0.0863623737386449,0.0891528577659796,0.17791633354410055,0.05910585528092965
4697,0.0149135215944153,0.03503579707851935,0.02994124974554455,0.10212109821431466,0.0096800360386927
4698,0.0,0.0,0.0,0.0253918432619114,0.0
4699,0.0,0.0,0.0,0.0,0.0
4700,0.0,0.0,0.0,0.0,0.0
4701,0.0,0.0,0.0,0.0,0.0
4702,0.0,0.0,0.0,0.0,0.0
4703,0.0,0.0,0.0,0.0,0.0
4704,0.0,0.0,0.0,0.0,0.0
4705,0.0,0.0,0.0,0.0,0.0
4706,0.0,0.0,0.0,0.0,0.0
4707,0.0,0.0,0.0,0.0,0.0
4708,0.0,0.0,0.0,0.0,0.0
4709,0.0092999251828902,0.0,0.0,0.00090205079489535,0.0
4710,0.080181235723238,0.04619128710459385,0.0471734122163688,0.0321006513496206,0.0413584594662459
4711,0.15353848751814925,0.12973312593591926,0.1117306802479619,0.1117688187940921,0.1061063996542985
4712,0.21557170391632136,0.2013669058577015,0.17785862891051615,0.1926663693082226,0.16327424166639526
4713,0.25861454089784364,0.2540630486276103,0.23457243204982814,0.26091810098714313,0.20425315183465634
4714,0.2695290185537682,0.28564425056664206,0.27452562750426757,0.31164119585467415,0.23309402382336275
4715,0.26641280273954443,0.2933433114705467,0.28504308208750034,0.3409412049610113,0.2542453065616606
4716,0.2523455918846622,0.2952874753349936,0.28184211997043,0.34827866815697894,0.25519950442657696
4717,0.22052694441728155,0.2985923013801791,0.2700560333629341,0.3340233120935355,0.2370935907972537
4718,0.18503136781576016,0.2701802070894148,0.2369463730852467,0.3000078907060418,0.202077293881849
4719,0.13516273413923624,0.20904806234655016,0.18618993500926456,0.2493514820456135,0.1474271006929011
4720,0.0779220329528257,0.13834095428318205,0.1168794539898599,0.18171549632965564,0.08438883416297935
4721,0.01873831675090935,0.0576617128596945,0.03897240245210895,0.1024550623763676,0.02029511207132355
4722,0.0,0.0,0.0,0.0263775852311256,0.0
4723,0.0,0.0,0.0,0.0,0.0
4724,0.0,0.0,0.0,0.0,0.0
4725,0.0,0.0,0.0,0.0,0.0
4726,0.0,0.0,0.0,0.0,0.0
4727,0.0,0.0,0.0,0.0,0.0
4728,0.0,0.0,0.0,0.0,0.0
4729,0.0,0.0,0.0,0.0,0.0
4730,0.0,0.0,0.0,0.0,0.0
4731,0.0,0.0,0.0,0.0,0.0
4732,0.0,0.0,0.0,0.0,0.0
4733,0.0101265867431848,0.0,0.0,0.0019396347972144,0.0033187399418428
4734,0.0863093482487086,0.04784360633898,0.0509613572714532,0.0321462955206872,0.07309875311007835
4735,0.1690198786056829,0.13295955175303906,0.1273338250245339,0.10125576466900975,0.1580442148374481
4736,0.2404199760225444,0.21364050869621964,0.19688007948324765,0.17535766375232634,0.23015981141582234
4737,0.28675430448730616,0.27511538659733137,0.243561939125087,0.2403110987148642,0.28262494566750085
4738,0.2945812658864824,0.31223879188869214,0.2682910330388635,0.28983751545609054,0.31574935196679005
4739,0.2809415073516764,0.32708849617488356,0.26707896340547105,0.32147428004195955,0.32510686449487075
4740,0.26334558135738256,0.31843534852405253,0.2525298290469227,0.3238629656786899,0.31145349783288345
4741,0.22582720919653704,0.2870006552446975,0.23310815091634,0.2994723499835722,0.2799275041740532
4742,0.1765941658045325,0.24388305813033115,0.2019500078515131,0.2627223408051303,0.23290163263101804
4743,0.1224169336788199,0.1887550986724442,0.15266592785756344,0.21510651363002314,0.16908998910693626
4744,0.06359104688342135,0.1217390089159964,0.0917345814820917,0.1559814347389652,0.0952537753389757
4745,0.0126979679872814,0.0499703113769985,0.03157496455119225,0.0889650658238426,0.0218704213744441
4746,0.0,0.0,0.0,0.02351120486808745,0.0
4747,0.0,0.0,0.0,0.0,0.0
4748,0.0,0.0,0.0,0.0,0.0
4749,0.0,0.0,0.0,0.0,0.0
4750,0.0,0.0,0.0,0.0,0.0
4751,0.0,0.0,0.0,0.0,0.0
4752,0.0,0.0,0.0,0.0,0.0
4753,0.0,0.0,0.0,0.0,0.0
4754,0.0,0.0,0.0,0.0,0.0
4755,0.0,0.0,0.0,0.0,0.0
4756,0.0,0.0,0.0,0.0,0.0
4757,0.00779217686252235,0.0007514362527584,0.0,0.00115217854644745,0.0035362307824767
4758,0.07519941691861665,0.04084328905933655,0.05387485452849565,0.0265211184800149,0.07155015982115685
4759,0.1466922859436446,0.1099182409521246,0.12063232201210584,0.08856234642649854,0.15390716151950884
4760,0.2087205495208231,0.18696542367180094,0.18687892467962886,0.1515828996487718,0.2264829075735606
4761,0.25851134009994187,0.2587885035248826,0.23952824373664625,0.19900076539824904,0.27883346684532
4762,0.2885982967835224,0.2976137083418597,0.2605395858593064,0.2386859805198322,0.30591035965122304
4763,0.282652781236186,0.30538112094106173,0.2529477168704389,0.26663258949732405,0.3128934881007251
4764,0.2608437835211394,0.28686418498016925,0.2507412080658342,0.28498857302938735,0.29487054794770357
4765,0.22526661090696576,0.2505772450337701,0.22977025209761914,0.2885319453505254,0.26159033876644633
4766,0.1774355417997266,0.21916566505107646,0.191095797570471,0.2608136693632454,0.2175175242448615
4767,0.12973653520214715,0.16824609440097404,0.14974118857062105,0.2126799880093083,0.1543026670289447
4768,0.0708436373312418,0.10459167956858426,0.0873970219544322,0.1566691138226369,0.08607522629105095
4769,0.01590960874391935,0.04059099710914355,0.0262070115709007,0.0914554238972797,0.0195417823785125
4770,0.0,0.0,0.0,0.02230189559350955,0.0
4771,0.0,0.0,0.0,0.0,0.0
4772,0.0,0.0,0.0,0.0,0.0
4773,0.0,0.0,0.0,0.0,0.0
4774,0.0,0.0,0.0,0.0,0.0
4775,0.0,0.0,0.0,0.0,0.0
4776,0.0,0.0,0.0,0.0,0.0
4777,0.0,0.0,0.0,0.0,0.0
4778,0.0,0.0,0.0,0.0,0.0
4779,0.0,0.0,0.0,0.0,0.0
4780,0.0,0.0,0.0,0.0,0.0
4781,0.0100018982960213,0.0,0.0,0.0,0.0029386026726818
4782,0.08047465530614514,0.0405196824078401,0.034014984839916,0.026948814778929,0.0697319245990225
4783,0.1553151240524658,0.10974341302983215,0.07836421689547525,0.0971846641626195,0.1532567099165072
4784,0.21615725054186716,0.1855001438620113,0.1319542343491433,0.172426569923759,0.22603420657312165
4785,0.2618125833687407,0.2506254108928345,0.18008616575379174,0.2320095835314876,0.27951671088211083
4786,0.29388449548259415,0.2736788949277366,0.20696057552983915,0.27222552206439804,0.3032481639291818
4787,0.2994224324470445,0.2733620415268334,0.21461089234291306,0.29970160680010216,0.30812393922791576
4788,0.26796524772992164,0.275211354014299,0.21196175875211734,0.31908689599539564,0.3034244279801612
4789,0.23174520906105475,0.26213204049150945,0.2045724578108536,0.3225397382427818,0.27184793878090335
4790,0.19294624399699475,0.2268015710277901,0.17558236628307736,0.2987766877894386,0.21824262177628115
4791,0.12994203789604244,0.17271640874031444,0.1239110461182979,0.24899391180353814,0.1561202817886814
4792,0.0647253384817465,0.11413177775665345,0.07072860273450594,0.1795015693888935,0.08751648245148386
4793,0.01265870170603985,0.0508419012938395,0.0220103573440722,0.09906093650182884,0.01857967328405005
4794,0.0,0.0,0.0,0.02226104661027565,0.0
4795,0.0,0.0,0.0,0.0,0.0
4796,0.0,0.0,0.0,0.0,0.0
4797,0.0,0.0,0.0,0.0,0.0
4798,0.0,0.0,0.0,0.0,0.0
4799,0.0,0.0,0.0,0.0,0.0
4800,0.0,0.0,0.0,0.0,0.0
4801,0.0,0.0,0.0,0.0,0.0
4802,0.0,0.0,0.0,0.0,0.0
4803,0.0,0.0,0.0,0.0,0.0
4804,0.0,0.0,0.0,0.0,0.0
4805,0.0079047195085988,0.0,0.0,0.0006448242485797,0.00277941275505525
4806,0.07769482089315315,0.0442225996032407,0.05355878658059965,0.02373790494532935,0.0697466994190956
4807,0.1573827876678237,0.12649532587714435,0.1330575315921486,0.0750386125063141,0.15335285326804945
4808,0.2284032887295485,0.202587505311289,0.2052563537107355,0.13410652597126765,0.2273056473313349
4809,0.27875121912786766,0.25177164182644873,0.2597988314597641,0.19526565941345256,0.28058320012841664
4810,0.3102195793136582,0.2777404842472119,0.2859888399681645,0.24713264664910564,0.3107108415298693
4811,0.31736397262765265,0.29275201508561244,0.28440372384810453,0.2783131280040068,0.3158093504129136
4812,0.2998336075358622,0.27900223718704475,0.26008734679569023,0.28900448157060693,0.30116473038905306
4813,0.26262434133233487,0.2453284550396239,0.2263924090458194,0.2739101777080289,0.2741795942495235
4814,0.20856528925050574,0.21673920374329775,0.1881265276603157,0.2349186875445356,0.22595068121109355
4815,0.1386827134571566,0.17839688846037305,0.1377194281596981,0.19085575185685244,0.1631926391782563
4816,0.06757660392848665,0.10901430592454245,0.0806478524182223,0.1371936634950552,0.09178983046592955
4817,0.01580521969687395,0.03926788232397545,0.02415881438073415,0.07551692063598744,0.0187525227939074
4818,0.0,0.0,0.0,0.0199943852442665,0.0
4819,0.0,0.0,0.0,0.0,0.0
4820,0.0,0.0,0.0,0.0,0.0
4821,0.0,0.0,0.0,0.0,0.0
4822,0.0,0.0,0.0,0.0,0.0
4823,0.0,0.0,0.0,0.0,0.0
4824,0.0,0.0,0.0,0.0,0.0
4825,0.0,0.0,0.0,0.0,0.0
4826,0.0,0.0,0.0,0.0,0.0
4827,0.0,0.0,0.0,0.0,0.0
4828,0.0,0.0,0.0,0.0,0.0
4829,0.0106897143596996,0.0,0.0,0.0,0.002571804737082
4830,0.06827500734215755,0.0121042476192428,0.0180555844285966,0.0193280121225637,0.06995062751961564
4831,0.1238747146258034,0.05906992610767795,0.06607692850598035,0.07495722839484616,0.15409815537685295
4832,0.1624048176461414,0.1187740652299177,0.1304698103857202,0.1362817729499485,0.22765864111097786
4833,0.18464458690886604,0.1696023042465465,0.18529108671171154,0.1888280174338279,0.2823008081876392
4834,0.18193304391504106,0.21552854435564364,0.230903840407701,0.23168146034698595,0.3154054059578207
4835,0.17231389075668255,0.25869928659032454,0.2602580449748756,0.26072202766419283,0.32714696596077164
4836,0.1749388965376573,0.26267483895542926,0.2577954016271047,0.2733623683736672,0.3156812324966995
4837,0.1713797939753252,0.2389426865326487,0.2384789318231744,0.2732739880109741,0.28513058373251393
4838,0.15904689415691914,0.2072552984595823,0.19891168958555885,0.25105167155705865,0.23788842802073215
4839,0.1288703269150717,0.15878466937336636,0.1465357929337859,0.20881385625735605,0.1739003145114991
4840,0.07486873396079295,0.10555256674967435,0.09058145243654885,0.15354176533363875,0.0966659555954795
4841,0.0144968496042311,0.0463426645250118,0.02882791954787015,0.08600973714982975,0.01978759993009995
4842,0.0,0.0,0.0,0.0213758414375149,0.0
4843,0.0,0.0,0.0,0.0,0.0
4844,0.0,0.0,0.0,0.0,0.0
4845,0.0,0.0,0.0,0.0,0.0
4846,0.0,0.0,0.0,0.0,0.0
4847,0.0,0.0,0.0,0.0,0.0
4848,0.0,0.0,0.0,0.0,0.0
4849,0.0,0.0,0.0,0.0,0.0
4850,0.0,0.0,0.0,0.0,0.0
4851,0.0,0.0,0.0,0.0,0.0
4852,0.0,0.0,0.0,0.0,0.0
4853,0.00796244554372005,0.0,0.0,0.00054801984927455,0.0023157814304716
4854,0.07693512438162295,0.0422334528832042,0.0483556873220454,0.02489047165723505,0.0688769894912804
4855,0.1442895189386958,0.1232945513368173,0.1161656682142214,0.1010891736244831,0.15250738800980135
4856,0.201952626236929,0.2042732180890972,0.18901760140242604,0.1804020994009824,0.2255211889733628
4857,0.2386634399557239,0.26736125690482193,0.24318112665676514,0.25028136959858505,0.2800648252814971
4858,0.24811737165366465,0.2973477074278963,0.26479651725166126,0.30126682292360896,0.3125655039234636
4859,0.25574595996133526,0.30340005918292634,0.2691299353705751,0.3278599526041158,0.323219289456323
4860,0.2562023340754978,0.29243954257847316,0.2643418496413261,0.3337095110609931,0.31251464839966353
4861,0.2296814879795562,0.2635760761523709,0.24245916756445596,0.3227320616441192,0.2820081269769671
4862,0.18045622673371484,0.2232107074790241,0.19924015082695695,0.2912025961990585,0.2325045547350077
4863,0.1305623902161177,0.1728510531201691,0.1476429937763909,0.23884742782236876,0.1661123482150435
4864,0.07600020804111145,0.11157411479299754,0.09109347592805205,0.1689514257820876,0.08989458975646385
4865,0.0192152419135921,0.0475193299149349,0.0319933729897916,0.09186302659892225,0.0189306873953895
4866,0.0,0.0012055261643343,0.0,0.0218343120136792,0.0
4867,0.0,0.0,0.0,0.0,0.0
4868,0.0,0.0,0.0,0.0,0.0
4869,0.0,0.0,0.0,0.0,0.0
4870,0.0,0.0,0.0,0.0,0.0
4871,0.0,0.0,0.0,0.0,0.0
4872,0.0,0.0,0.0,0.0,0.0
4873,0.0,0.0,0.0,0.0,0.0
4874,0.0,0.0,0.0,0.0,0.0
4875,0.0,0.0,0.0,0.0,0.0
4876,0.0,0.0,0.0,0.0,0.0
4877,0.0060203418459911,0.0,0.0,0.0,0.0019341919460252
4878,0.0759130140065938,0.0432342727351174,0.05199318693616285,0.0247524717805976,0.0668170724702355
4879,0.1503938176021292,0.12629017006261575,0.1339494052057684,0.1044095633838769,0.14958346486927634
4880,0.22069207933535864,0.20812651245533534,0.20852435541176484,0.1865466069048855,0.2214025223968223
4881,0.27840616005010244,0.26817096283725006,0.2664574972568828,0.2542444997497299,0.2742133322029001
4882,0.3111300090992136,0.307056121285744,0.30404034369445876,0.3019285652303379,0.306263937818264
4883,0.3157282410736749,0.32742657499338707,0.32075768085165673,0.3275230250193994,0.3184494924562228
4884,0.287909054425814,0.32522475207076995,0.31707971847239463,0.3318060925613385,0.3087219413863009
4885,0.2389931537293875,0.2999869781365706,0.29416547679724836,0.3152217460204381,0.27651157262976866
4886,0.1921353813605114,0.25586537012040456,0.25141130849462995,0.2788005385013368,0.2260505140302796
4887,0.14270727892592086,0.1913784464016806,0.1901304707431613,0.2276180500575018,0.1647632842598089
4888,0.08172583257447424,0.11688769928693545,0.11446752581677025,0.1598595586592774,0.09317957132183576
4889,0.0170259898474041,0.04597946719288395,0.03542078154444375,0.0842312472999083,0.0189455591650369
4890,0.0,0.0,0.0,0.01983833116731375,0.0
4891,0.0,0.0,0.0,0.0,0.0
4892,0.0,0.0,0.0,0.0,0.0
4893,0.0,0.0,0.0,0.0,0.0
4894,0.0,0.0,0.0,0.0,0.0
4895,0.0,0.0,0.0,0.0,0.0
4896,0.0,0.0,0.0,0.0,0.0
4897,0.0,0.0,0.0,0.0,0.0
4898,0.0,0.0,0.0,0.0,0.0
4899,0.0,0.0,0.0,0.0,0.0
4900,0.0,0.0,0.0,0.0,0.0
4901,0.0059005872000123,0.0,0.0,0.0,0.00182383860247385
4902,0.07940839598303864,0.04053710907357255,0.05192356714003,0.02498586987421325,0.0665127633433572
4903,0.16100100291331654,0.11836931717282975,0.13382808948686614,0.10169660320362145,0.1492182744230005
4904,0.2312966184453523,0.1969289827448301,0.2079393696166794,0.18341388759304164,0.22194703918891834
4905,0.28249784388091537,0.25511443112299675,0.2647663317868061,0.25289846149396034,0.27704110489603023
4906,0.3121710682231732,0.2888035826813024,0.301352932190655,0.3011526152358614,0.3111368061284637
4907,0.3167756873904887,0.30933495825159746,0.318108462736542,0.32806574455172993,0.3235309494559584
4908,0.30437714020984474,0.30168445950535516,0.3148166516173634,0.33368325679693345,0.3132572280867311
4909,0.27693412841024895,0.27377358426722886,0.2914588488685699,0.3177398976379767,0.2837782254594717
4910,0.2292459742340659,0.2320430901980461,0.248097860336215,0.28192680634847955,0.23777214074957484
4911,0.1623956878584175,0.16859300570989424,0.18691230512559576,0.2285014322539551,0.17360956195723895
4912,0.08614738620569135,0.1071737374712992,0.11167568419386105,0.1612014936999212,0.0954960534887005
4913,0.0167756737012929,0.0468704919733478,0.03401802408385435,0.08486508173725164,0.0187545188064942
4914,0.0,0.0,0.0,0.01895711255630125,0.0
4915,0.0,0.0,0.0,0.0,0.0
4916,0.0,0.0,0.0,0.0,0.0
4917,0.0,0.0,0.0,0.0,0.0
4918,0.0,0.0,0.0,0.0,0.0
4919,0.0,0.0,0.0,0.0,0.0
4920,0.0,0.0,0.0,0.0,0.0
4921,0.0,0.0,0.0,0.0,0.0
4922,0.0,0.0,0.0,0.0,0.0
4923,0.0,0.0,0.0,0.0,0.0
4924,0.0,0.0,0.0,0.0,0.0
4925,0.0055227936612946,0.0,0.0,0.0,0.00176827485247665
4926,0.0788416726796459,0.0425863860285417,0.05093441250234315,0.0235416977749741,0.06636694787867806
4927,0.1594727184510631,0.1250928337920867,0.1304841134499857,0.09897886122752796,0.1492961974003082
4928,0.22838436937897125,0.20142566237614984,0.2029920391621206,0.17890442004950635,0.22208805659763636
4929,0.2738065201213084,0.26108319626530735,0.2598607197493921,0.24704037884920266,0.276581146593742
4930,0.29844156061941074,0.29683161194166263,0.29534433953874667,0.29740975752462406,0.310573659919683
4931,0.3082857783453096,0.31458639458427406,0.3059361500438112,0.3271504956445329,0.32226799060620087
4932,0.29614784482530976,0.3069537793346161,0.29720752169791526,0.33271475636672526,0.3107293883372774
4933,0.25997765824780467,0.2676656612500664,0.27614247082597004,0.31426111658616074,0.2769409833224999
4934,0.20414463321286874,0.2097428392570414,0.23693252974589685,0.2750842340262469,0.22467007624178695
4935,0.13911585027597015,0.14414573071144174,0.1773252961755042,0.21821063343411606,0.160152749902035
4936,0.0748518130614991,0.0799887906647738,0.10316450191066424,0.1469416867496466,0.08725498990228354
4937,0.01333590697715905,0.02661747373635215,0.0294216436209939,0.0768938657691148,0.01687341816637475
4938,0.0,0.0,0.0,0.0196196321792962,0.0
4939,0.0,0.0,0.0,0.0,0.0
4940,0.0,0.0,0.0,0.0,0.0
4941,0.0,0.0,0.0,0.0,0.0
4942,0.0,0.0,0.0,0.0,0.0
4943,0.0,0.0,0.0,0.0,0.0
4944,0.0,0.0,0.0,0.0,0.0
4945,0.0,0.0,0.0,0.0,0.0
4946,0.0,0.0,0.0,0.0,0.0
4947,0.0,0.0,0.0,0.0,0.0
4948,0.0,0.0,0.0,0.0,0.0
4949,0.00493408209058365,0.0,0.0,0.0,0.001737102015811
4950,0.076475679991841,0.03938820594683865,0.05001516679192355,0.02021506759877405,0.06608657448293265
4951,0.15319036678184406,0.11384428166754165,0.1280258148231359,0.07014953035554515,0.1490208915815378
4952,0.21623918367548076,0.1881053390853053,0.19698374982781894,0.1206350983666177,0.22121231932064175
4953,0.26384246380102355,0.24307053169715834,0.25182450336195156,0.1558701521355045,0.2764325330911355
4954,0.29464449553614774,0.2803990786238353,0.28316180730935775,0.17725107367790305,0.30898145649930564
4955,0.2957465438275718,0.2984106339065908,0.2936661405746339,0.19308205268221354,0.3182964582556697
4956,0.27062433193826946,0.28435409450302596,0.28294426580454385,0.19757787217270395,0.3077848384642149
4957,0.2249940039379578,0.2506757936584293,0.24689321662437924,0.1833205030643369,0.2768424095734791
4958,0.17385208916358885,0.19956607247038166,0.1979287765320061,0.15895110751080765,0.2274849245200411
4959,0.1187127613503894,0.1272917704186362,0.1401444379106945,0.12907129336473114,0.1616834046091046
4960,0.05979983411691705,0.0671564924962201,0.0760562843283584,0.0870075287196759,0.0869416757739171
4961,0.01125337244371495,0.0286245492855132,0.0187666589322849,0.04303809998748825,0.0175223764704431
4962,0.0,0.0,0.0,0.0109002283854569,0.0
4963,0.0,0.0,0.0,0.0,0.0
4964,0.0,0.0,0.0,0.0,0.0
4965,0.0,0.0,0.0,0.0,0.0
4966,0.0,0.0,0.0,0.0,0.0
4967,0.0,0.0,0.0,0.0,0.0
4968,0.0,0.0,0.0,0.0,0.0
4969,0.0,0.0,0.0,0.0,0.0
4970,0.0,0.0,0.0,0.0,0.0
4971,0.0,0.0,0.0,0.0,0.0
4972,0.0,0.0,0.0,0.0,0.0
4973,0.00441549446063645,0.0,0.0,0.0,0.0015292047015095
4974,0.0576382818157445,0.0226245078936768,0.03678305656181155,0.0105554755436551,0.0636479657098126
4975,0.1046918328945028,0.0809995918468131,0.08585108346884875,0.03682846895343985,0.14319558846010935
4976,0.1513638649174705,0.14406719755707115,0.1271391640162474,0.0668717086565665,0.21291224067744555
4977,0.19298809202868386,0.1865344767349569,0.16126400907513005,0.09587268817495115,0.2666023455702882
4978,0.1999285601473756,0.2198864648995649,0.1919448659884959,0.11562683210203065,0.30239574613800285
4979,0.18182038164357664,0.2217015968748014,0.20869927152882706,0.1301975597347145,0.31076256437625666
4980,0.1661027549779035,0.19827118230269364,0.20240522928710095,0.1359937111070338,0.29744407346464347
4981,0.139863841988699,0.16913627044177684,0.1790524149883273,0.1312653677345584,0.2648834548812609
4982,0.10760842194289046,0.1269227169702547,0.1475309217611256,0.1198610142812379,0.2146349337225407
4983,0.08819718710623164,0.08621456302769435,0.10739996992181935,0.0956209057256518,0.14917835373944416
4984,0.0521085616863946,0.04937165751931455,0.05984343567325235,0.0630740799389804,0.0758839569212024
4985,0.01030438176596995,0.01409666010536645,0.0152123029428485,0.03238476505332405,0.01292653150962465
4986,0.0,0.0,0.0,0.00794403314851565,0.0
4987,0.0,0.0,0.0,0.0,0.0
4988,0.0,0.0,0.0,0.0,0.0
4989,0.0,0.0,0.0,0.0,0.0
4990,0.0,0.0,0.0,0.0,0.0
4991,0.0,0.0,0.0,0.0,0.0
4992,0.0,0.0,0.0,0.0,0.0
4993,0.0,0.0,0.0,0.0,0.0
4994,0.0,0.0,0.0,0.0,0.0
4995,0.0,0.0,0.0,0.0,0.0
4996,0.0,0.0,0.0,0.0,0.0
4997,0.00232358585538245,0.0,0.0,0.0,0.001142392033793
4998,0.03339090284730495,0.0008684122601098,0.01923876895006425,0.0137972199228701,0.0407625546099863
4999,0.0618277257730028,0.00252334596264215,0.0575130353924415,0.0728699536874468,0.1034170877113205
5000,0.09063889893986585,0.00563116167225845,0.089401305700412,0.1481407457520671,0.1672391878670314
5001,0.11180218899523164,0.0130350338504668,0.11862676139375256,0.2158413398460555,0.219520823776129
5002,0.1193646361568758,0.01986281022141635,0.1397970059208541,0.25877526166477627,0.2499715918813289
5003,0.10963988304076876,0.01916575560506035,0.1481134205227703,0.2829195593412257,0.2580590581526592
5004,0.10188939262937785,0.0120203324985741,0.14898130332516726,0.28442038851552925,0.2522648899176463
5005,0.10111872201723295,0.0123760011076217,0.13362843747308584,0.2638177296939932,0.23959961555883794
5006,0.0868487318767278,0.01495284058079565,0.1008759217574973,0.23268848223276284,0.20291397941980086
5007,0.05347208990843285,0.0075343240800115,0.0630686985134356,0.1885206823205176,0.14144549727131425
5008,0.0249578412313538,0.0046319185382192,0.03110561312059585,0.136027501091361,0.07211679860974955
5009,0.0029973638755,0.00155033952275235,0.0057913004341933,0.0800505018719278,0.0109400117431999
5010,0.0,0.0,0.0,0.02050411634006835,0.0
5011,0.0,0.0,0.0,0.0,0.0
5012,0.0,0.0,0.0,0.0,0.0
5013,0.0,0.0,0.0,0.0,0.0
5014,0.0,0.0,0.0,0.0,0.0
5015,0.0,0.0,0.0,0.0,0.0
5016,0.0,0.0,0.0,0.0,0.0
5017,0.0,0.0,0.0,0.0,0.0
5018,0.0,0.0,0.0,0.0,0.0
5019,0.0,0.0,0.0,0.0,0.0
5020,0.0,0.0,0.0,0.0,0.0
5021,0.0,0.0,0.0,0.0,0.0010721555935812
5022,0.01633338439971395,0.0132146675368358,0.01134570948185665,0.024194124427672,0.05915896773041335
5023,0.0533728176863226,0.0631239009498063,0.03629587657310685,0.10919839412290505,0.13690244706326776
5024,0.08839028470904875,0.1245062957348316,0.0737715574793837,0.1960172169651647,0.2074798105887879
5025,0.1230305599080275,0.174715409054153,0.11347094579863495,0.26696735856772547,0.25468448272066607
5026,0.15234538213720855,0.1896360748340853,0.14690377336713456,0.3138508088384494,0.2712909618971924
5027,0.1606705199819362,0.17471892466545044,0.1680276382874375,0.3395877442117709,0.27236451921691673
5028,0.15508513057051715,0.173509447191714,0.1667844746512496,0.34768444644161756,0.2642285548906572
5029,0.13954106930382595,0.17617007501719165,0.1460355872839348,0.3347678042973456,0.2380453294065991
5030,0.1067532669952057,0.1550458322803398,0.1103108873959873,0.3008359924828358,0.1943691681719487
5031,0.0732429266297279,0.11366570958537996,0.07288698640165835,0.24576728824649474,0.1427168979502482
5032,0.0404361194835549,0.06932332834228475,0.03974483422318725,0.17409323620648176,0.0803418290245195
5033,0.0055265720232724,0.02441052815023895,0.008581260452112,0.09365280795288665,0.015158878455759
5034,0.0,0.0,0.0,0.0183241407436594,0.0
5035,0.0,0.0,0.0,0.0,0.0
5036,0.0,0.0,0.0,0.0,0.0
5037,0.0,0.0,0.0,0.0,0.0
5038,0.0,0.0,0.0,0.0,0.0
5039,0.0,0.0,0.0,0.0,0.0
5040,0.0,0.0,0.0,0.0,0.0
5041,0.0,0.0,0.0,0.0,0.0
5042,0.0,0.0,0.0,0.0,0.0
5043,0.0,0.0,0.0,0.0,0.0
5044,0.0,0.0,0.0,0.0,0.0
5045,0.0032382419983519,0.0,0.0,0.0,0.0011497143816493
5046,0.0469374250788938,0.03063456594732575,0.02715422529695605,0.0170506255367347,0.06194493039139835
5047,0.09544317449247135,0.10299867647717165,0.0826925664734066,0.0714193902793827,0.1437728899627576
5048,0.14006119057551195,0.18744696831830465,0.1398354042707303,0.13060591424418014,0.2174567509926979
5049,0.18955585397248345,0.2551937872709132,0.19725440828231525,0.1868963442910059,0.264210453860777
5050,0.2222671541950594,0.2953298412668375,0.2341857036377396,0.2316354813600564,0.2937920805289456
5051,0.23711413912756035,0.31024280828351236,0.24447171718609134,0.253956810197397,0.30659875767043504
5052,0.2502784399444944,0.30744140576953366,0.2409528411316777,0.2652788056487729,0.29729723858422274
5053,0.2206540062399978,0.28708770227165714,0.22196403988334484,0.2589243303227105,0.27139761506339904
5054,0.1667483929320644,0.2404361242259343,0.17993783215580014,0.22714026470257365,0.2239875695449852
5055,0.1106828022723191,0.17928563533712324,0.12837096662960615,0.18604647840128666,0.1614956465102709
5056,0.0552147701370312,0.1041779405373616,0.07546722066908895,0.1357008208901602,0.0877101909251803
5057,0.0090351474158268,0.03190813347188925,0.0192060378584217,0.0773039250762224,0.0157313480304442
5058,0.0,0.0,0.0,0.0170875925657407,0.0
5059,0.0,0.0,0.0,0.0,0.0
5060,0.0,0.0,0.0,0.0,0.0
5061,0.0,0.0,0.0,0.0,0.0
5062,0.0,0.0,0.0,0.0,0.0
5063,0.0,0.0,0.0,0.0,0.0
5064,0.0,0.0,0.0,0.0,0.0
5065,0.0,0.0,0.0,0.0,0.0
5066,0.0,0.0,0.0,0.0,0.0
5067,0.0,0.0,0.0,0.0,0.0
5068,0.0,0.0,0.0,0.0,0.0
5069,0.00307747009417755,0.0,0.0,0.0,0.00113477230215085
5070,0.0590210225817277,0.0024158268496541,0.01845533378134,0.02182469790015935,0.0617473883391417
5071,0.1231795145481591,0.02149935110749785,0.0578910268588849,0.09201699867028185,0.14456523653366804
5072,0.17501793136502455,0.0594714191101137,0.0980170273018451,0.1639640991638663,0.22005974419704186
5073,0.20563678260872384,0.08762855438380775,0.1351332937208823,0.2217451977807918,0.2778325675284605
5074,0.2170769166755703,0.10787391239294936,0.1587946945154744,0.2597792623023195,0.3110929933066681
5075,0.2137451052812813,0.13851969729181865,0.16472049508662134,0.2870229419296289,0.3230701918676642
5076,0.19236676890170054,0.152111131947721,0.17002198218861156,0.3115510765270066,0.3142313729678681
5077,0.16427568179860524,0.15183017801836196,0.1676590011334695,0.31835223469180035,0.28463794847971924
5078,0.1208918151216308,0.15885300834150926,0.15020836504225574,0.29579779478867235,0.236044184057184
5079,0.0676505173552603,0.14239483125325764,0.11601898108512405,0.24620981346835286,0.17074869285883965
5080,0.03114298662741045,0.0905354284916064,0.06947922570110235,0.17557372842252594,0.09188808893122755
5081,0.00455885229152595,0.03609866680327985,0.01913324858169915,0.0934270192545026,0.0159747438967021
5082,0.0,0.0,0.0,0.0211154929951983,0.0
5083,0.0,0.0,0.0,0.0,0.0
5084,0.0,0.0,0.0,0.0,0.0
5085,0.0,0.0,0.0,0.0,0.0
5086,0.0,0.0,0.0,0.0,0.0
5087,0.0,0.0,0.0,0.0,0.0
5088,0.0,0.0,0.0,0.0,0.0
5089,0.0,0.0,0.0,0.0,0.0
5090,0.0,0.0,0.0,0.0,0.0
5091,0.0,0.0,0.0,0.0,0.0
5092,0.0,0.0,0.0,0.0,0.0
5093,0.00271384432113305,0.0,0.0,0.0,0.00111984218038625
5094,0.06691935119413885,0.03366485244615195,0.04065244764537035,0.02495408627617965,0.0620555017591678
5095,0.14692181425747575,0.1079050969781306,0.11641923386541395,0.0803750430103037,0.1451791209117242
5096,0.2152898998133661,0.185153533458322,0.19049939218810866,0.13581508596645314,0.22236982643013875
5097,0.25552126918356516,0.2554152051132861,0.24050453249355375,0.1734827609650355,0.28011402689803655
5098,0.2631135374996736,0.3095966243206871,0.2554789246507652,0.2017152684821906,0.3143214265693908
5099,0.26593390952572926,0.32670529965679834,0.24966990474093134,0.22715362640410106,0.3282665779898423
5100,0.25363707296026583,0.3242714149910244,0.2341316426636096,0.2356744411022147,0.32193739606548855
5101,0.2201311264868228,0.3042174623288718,0.20044671421664456,0.23302582455155035,0.29405751876076325
5102,0.17494108749790524,0.26131910214328663,0.1625012857463841,0.22494711267097744,0.2449411577739828
5103,0.1198385907012976,0.2021555683041447,0.1244252830032339,0.1842693998072836,0.17715354713137
5104,0.06281827094257385,0.12470288674506155,0.0783969359839465,0.1228109184328126,0.0953512834229911
5105,0.0084687749228414,0.04694702867348765,0.02379455810220075,0.0643580070885456,0.0163051150983317
5106,0.0,0.0,0.0,0.01373912901967155,0.0
5107,0.0,0.0,0.0,0.0,0.0
5108,0.0,0.0,0.0,0.0,0.0
5109,0.0,0.0,0.0,0.0,0.0
5110,0.0,0.0,0.0,0.0,0.0
5111,0.0,0.0,0.0,0.0,0.0
5112,0.0,0.0,0.0,0.0,0.0
5113,0.0,0.0,0.0,0.0,0.0
5114,0.0,0.0,0.0,0.0,0.0
5115,0.0,0.0,0.0,0.0,0.0
5116,0.0,0.0,0.0,0.0,0.0
5117,0.0027630368900197,0.0,0.0,0.0,0.00093873514803485
5118,0.038052346987606,0.01415552815343305,0.0373486749882625,0.0185176946839595,0.0570871638273606
5119,0.0810662050782771,0.0510185977398355,0.10241763386042516,0.08873999408679666,0.1336136423506661
5120,0.1268248312631197,0.09277270239114835,0.16246170956029216,0.1706523304937116,0.2054352788784586
5121,0.1594628552464629,0.15477287271220266,0.20668632331410516,0.2416719593901466,0.2621210835998002
5122,0.1545606890651049,0.21745018254575135,0.23283829609232226,0.2948120585034634,0.2962924757254721
5123,0.13350195889544225,0.2501934667223116,0.2420474375522762,0.32745166492526295,0.3020666916803657
5124,0.13156520299856814,0.2636632648798448,0.2281822025419941,0.33146484130170245,0.2907583629477878
5125,0.12782466859863764,0.2528103771837378,0.2005292657661018,0.30780623756876546,0.26753767832195613
5126,0.10059228769430545,0.2037180438618404,0.1656628712379381,0.27129177625661716,0.2256759239989683
5127,0.06734513195404156,0.13924178469523105,0.1208415260169363,0.2249875339907801,0.1646007664904035
5128,0.0333239399208289,0.09106756126046164,0.0701276676726634,0.1629856307763739,0.0883305251869288
5129,0.00361775794630555,0.03114676174603455,0.01694109432437595,0.08980150378949545,0.01455985043419705
5130,0.0,0.0,0.0,0.01757298174711865,0.0
5131,0.0,0.0,0.0,0.0,0.0
5132,0.0,0.0,0.0,0.0,0.0
5133,0.0,0.0,0.0,0.0,0.0
5134,0.0,0.0,0.0,0.0,0.0
5135,0.0,0.0,0.0,0.0,0.0
5136,0.0,0.0,0.0,0.0,0.0
5137,0.0,0.0,0.0,0.0,0.0
5138,0.0,0.0,0.0,0.0,0.0
5139,0.0,0.0,0.0,0.0,0.0
5140,0.0,0.0,0.0,0.0,0.0
5141,0.00283622182156965,0.0,0.0,0.0,0.0006144490773574
5142,0.0652725853439936,0.0347780889252054,0.0319113529862181,0.0221143518571014,0.0603461176123525
5143,0.1335697738313797,0.104767228125533,0.0873141727909339,0.1051869013489427,0.14441799426293034
5144,0.1882160345849653,0.18052508680774715,0.1451451401080085,0.19222456454587625,0.2205732200886664
5145,0.227224677917432,0.24469115552686765,0.1931223934583749,0.264891679429406,0.27800621827270977
5146,0.2604562488551874,0.28489000927731334,0.2101397950281256,0.3143485165947207,0.3111732081070645
5147,0.26766107284824575,0.3083399785117331,0.21976330927641136,0.34347423875490773,0.3186720377928638
5148,0.23968595136138784,0.2985731787911966,0.2097143414706456,0.35311930558807714,0.30772298257572955
5149,0.20447531724028614,0.26981862726830935,0.18762612308575444,0.340023526975734,0.2789153024660677
5150,0.15880196738063015,0.2313033715597685,0.1650709125489732,0.3053133047537123,0.2302787947885267
5151,0.10201657514735304,0.1784294496272357,0.12244504307489285,0.25133847382512087,0.16552152225381794
5152,0.0495836962843148,0.1134950724875622,0.0744236297182911,0.17815089436858114,0.0888778249678304
5153,0.0064121562792418,0.04230825627669015,0.018346355326184,0.0934967881070351,0.0154403649945711
5154,0.0,0.0,0.0,0.017337801214565,0.0
5155,0.0,0.0,0.0,0.0,0.0
5156,0.0,0.0,0.0,0.0,0.0
5157,0.0,0.0,0.0,0.0,0.0
5158,0.0,0.0,0.0,0.0,0.0
5159,0.0,0.0,0.0,0.0,0.0
5160,0.0,0.0,0.0,0.0,0.0
5161,0.0,0.0,0.0,0.0,0.0
5162,0.0,0.0,0.0,0.0,0.0
5163,0.0,0.0,0.0,0.0,0.0
5164,0.0,0.0,0.0,0.0,0.0
5165,0.00312548516061875,0.0,0.0,0.0,0.00084293734059465
5166,0.06836582061027,0.0370851598322801,0.04260798957447015,0.0218695366538299,0.06455353421767925
5167,0.14728379293153754,0.1264227405985047,0.12095930663456125,0.10224790322719556,0.15048466955405485
5168,0.21708955706108835,0.2143196606936882,0.19403737756320785,0.1876138884400462,0.225795638017813
5169,0.2600200986584169,0.28170491793674424,0.24753668296565395,0.25911494641560984,0.2814443643920029
5170,0.27115878580599556,0.32504850836789506,0.2672139446252662,0.3092768322953744,0.3164283137259217
5171,0.2606820135251239,0.34641619214767644,0.2619919786907407,0.3360742317424886,0.32930135796015503
5172,0.2545145929565829,0.3422316478508444,0.25124603298594217,0.3390458141685271,0.3198708665993345
5173,0.24423989502089966,0.31967246650950343,0.23755216263930415,0.32151502445284424,0.29047604404136224
5174,0.20246906799459286,0.27793204029699137,0.2065616478908554,0.28324433833098417,0.2395361536608907
5175,0.1416572304973329,0.2150393838584354,0.15146913869080975,0.2282068724573414,0.1688739352262845
5176,0.07394913371612805,0.1379540344648706,0.0885396205191251,0.1572204647309565,0.08929666718981046
5177,0.00923627596681185,0.0514744389085331,0.02428315979752785,0.08123442429455476,0.0145433055178073
5178,0.0,0.0,0.0,0.01704025000484785,0.0
5179,0.0,0.0,0.0,0.0,0.0
5180,0.0,0.0,0.0,0.0,0.0
5181,0.0,0.0,0.0,0.0,0.0
5182,0.0,0.0,0.0,0.0,0.0
5183,0.0,0.0,0.0,0.0,0.0
5184,0.0,0.0,0.0,0.0,0.0
5185,0.0,0.0,0.0,0.0,0.0
5186,0.0,0.0,0.0,0.0,0.0
5187,0.0,0.0,0.0,0.0,0.0
5188,0.0,0.0,0.0,0.0,0.0
5189,0.00485842976120485,0.0,0.0,0.0,0.00081106364945945
5190,0.07061512182612865,0.03081090072948045,0.0302922692784423,0.01935217161872165,0.06418694492102435
5191,0.1458345469662132,0.1061672607788756,0.08945924359634605,0.0883280034992646,0.1504783384289938
5192,0.21517219383725825,0.1828432687505215,0.1580888756137868,0.1600139432067689,0.2262904063503961
5193,0.2623655023655275,0.2425876404472013,0.2160620850085726,0.22216831247481614,0.28320519642858644
5194,0.2769419676415907,0.2837728976283889,0.25251613505106113,0.26770568813667556,0.3165161564699643
5195,0.27878689207447105,0.29699788820886264,0.2686761037986025,0.29157431177986115,0.328568041425642
5196,0.27397287250748836,0.2877730707752804,0.2600104003616371,0.30124635119401516,0.3206213038316039
5197,0.2385889820521701,0.2685281022841767,0.23635572064804575,0.29141513080963644,0.29016961436416727
5198,0.1896004983733593,0.229822340717659,0.19364253127557016,0.2552030157898497,0.24012176589307666
5199,0.1325087092570325,0.1745684662269523,0.1323545906093232,0.20418783953120784,0.17216585884971314
5200,0.06801112364839555,0.107484944038067,0.07303915191161806,0.1428790702614046,0.09118054822390745
5201,0.00887761170948755,0.03915257617422075,0.01693836326419595,0.07526946277317925,0.01424537279258155
5202,0.0,0.0,0.0,0.01417988669277755,0.0
5203,0.0,0.0,0.0,0.0,0.0
5204,0.0,0.0,0.0,0.0,0.0
5205,0.0,0.0,0.0,0.0,0.0
5206,0.0,0.0,0.0,0.0,0.0
5207,0.0,0.0,0.0,0.0,0.0
5208,0.0,0.0,0.0,0.0,0.0
5209,0.0,0.0,0.0,0.0,0.0
5210,0.0,0.0,0.0,0.0,0.0
5211,0.0,0.0,0.0,0.0,0.0
5212,0.0,0.0,0.0,0.0,0.0
5213,0.0022583893231978,0.0,0.0,0.0,0.0007423247103291
5214,0.04259196367098845,0.0170078552793635,0.0283759480954,0.01840563583361605,0.0641911684402488
5215,0.0786076522122406,0.0735395476033391,0.08074414897110906,0.08456326386613855,0.1498985885497676
5216,0.11752980288813775,0.1412906390959318,0.13121495140026804,0.15353064185967694,0.22475421565936765
5217,0.15156910733853804,0.2096534412440902,0.1760471866990287,0.2115581743412277,0.2812201077317127
5218,0.18580678395327385,0.24862654198953604,0.2020069154314452,0.2594392622770296,0.31547478374229904
5219,0.2139316044349421,0.27696805613819636,0.21756213303467006,0.28809787417666544,0.3294325872587678
5220,0.21722022846283995,0.29072396987315424,0.21202549276066535,0.2860803904561738,0.3197883368613142
5221,0.20515691553658125,0.24584346180071964,0.1924217968212259,0.2577322315439419,0.28675883708939026
5222,0.18375527599225036,0.186493379064096,0.16460189235040756,0.22368086591595324,0.2370979155238287
5223,0.13149770964303134,0.1185504577979461,0.11620708214129286,0.1842141957508076,0.17007557197978754
5224,0.06646390721172575,0.0519531437497593,0.06422808188962364,0.12631114632061166,0.08943555036191915
5225,0.00791406746873025,0.0145925728199158,0.01333512822547825,0.0661578232420909,0.0132978005583568
5226,0.0,0.0,0.0,0.01433846914250125,0.0
5227,0.0,0.0,0.0,0.0,0.0
5228,0.0,0.0,0.0,0.0,0.0
5229,0.0,0.0,0.0,0.0,0.0
5230,0.0,0.0,0.0,0.0,0.0
5231,0.0,0.0,0.0,0.0,0.0
5232,0.0,0.0,0.0,0.0,0.0
5233,0.0,0.0,0.0,0.0,0.0
5234,0.0,0.0,0.0,0.0,0.0
5235,0.0,0.0,0.0,0.0,0.0
5236,0.0,0.0,0.0,0.0,0.0
5237,0.00193709352616925,0.0,0.0,0.0,0.0006597510414611
5238,0.0630612619185054,0.00842962034844875,0.01503734775225995,0.0071450508046887,0.06381249464142855
5239,0.14099853476796134,0.023343711672953,0.043279405415988,0.04414054996646315,0.1492137549887379
5240,0.19787343718200764,0.02855886254965155,0.0792153979169703,0.08972395577823775,0.22410260813439434
5241,0.23526342517682244,0.02332178421280185,0.11161253593496065,0.1473796659359415,0.2803951012904746
5242,0.26575489321255225,0.0297019602829707,0.12324359896639725,0.20614708745505594,0.3136080485604166
5243,0.283939166486568,0.05923446541325685,0.1149079096929358,0.24375181937371446,0.3264445279776871
5244,0.2641582705703474,0.07663568661133495,0.09367067548007275,0.2657515409419442,0.31860297685474115
5245,0.20214186382908214,0.1152083221118794,0.07073853942370364,0.2653679418302707,0.28871181603631746
5246,0.12600289329554615,0.1376532924211466,0.04971824171424465,0.2414941790430375,0.2380524823884945
5247,0.06568859000839875,0.1020342369787952,0.03299737302693755,0.20255801663213566,0.16903147329426085
5248,0.0246037179171487,0.06238885312241015,0.0219527639726509,0.1445232067154368,0.088381380965029
5249,0.0015948803159843,0.01809039176697945,0.00693497239090405,0.07308184049004066,0.01309704943652315
5250,0.0,0.0,0.0,0.01255852297653275,0.0
5251,0.0,0.0,0.0,0.0,0.0
5252,0.0,0.0,0.0,0.0,0.0
5253,0.0,0.0,0.0,0.0,0.0
5254,0.0,0.0,0.0,0.0,0.0
5255,0.0,0.0,0.0,0.0,0.0
5256,0.0,0.0,0.0,0.0,0.0
5257,0.0,0.0,0.0,0.0,0.0
5258,0.0,0.0,0.0,0.0,0.0
5259,0.0,0.0,0.0,0.0,0.0
5260,0.0,0.0,0.0,0.0,0.0
5261,0.0,0.0,0.0,0.0,0.00055042283081105
5262,0.04439755759531725,0.03229018217418435,0.02618201783990885,0.0178484510428761,0.0557365399617481
5263,0.105517058569657,0.1119532364277376,0.0789594858384618,0.0925093791634667,0.1327714792908994
5264,0.15559486176933335,0.19125157246357005,0.1378641331360865,0.1742811122895331,0.20119588420244405
5265,0.20992926947967655,0.2565459138519973,0.1972834090221562,0.2448006243291626,0.24779303827949664
5266,0.23617935439262644,0.306897664065875,0.2390621175415052,0.2932402326977585,0.27586275531200094
5267,0.23013905979066446,0.3313706702077311,0.25995384042571007,0.31883514831404003,0.2838241229869845
5268,0.21906802160511166,0.32934895593424535,0.2596942629217648,0.3218248332219541,0.2758245252184419
5269,0.20280759470446175,0.3019889445272407,0.2449253627364245,0.30222844985450104,0.25614103464175614
5270,0.1685023560383305,0.25392650508030873,0.2179868305953267,0.26428478508953746,0.2115712693294264
5271,0.11318236878982185,0.19434640432126885,0.15919103709677396,0.21569331736693215,0.1473063041475021
5272,0.05426076045706885,0.1169237442936875,0.0883944460974331,0.1498798648147607,0.07644723218061325
5273,0.0044898587730354,0.03900132111728485,0.02026295180134105,0.07537381105309025,0.01012062415874745
5274,0.0,0.0,0.0,0.012257451156838,0.0
5275,0.0,0.0,0.0,0.0,0.0
5276,0.0,0.0,0.0,0.0,0.0
5277,0.0,0.0,0.0,0.0,0.0
5278,0.0,0.0,0.0,0.0,0.0
5279,0.0,0.0,0.0,0.0,0.0
5280,0.0,0.0,0.0,0.0,0.0
5281,0.0,0.0,0.0,0.0,0.0
5282,0.0,0.0,0.0,0.0,0.0
5283,0.0,0.0,0.0,0.0,0.0
5284,0.0,0.0,0.0,0.0,0.0
5285,0.00230343690169495,0.0,0.0,0.0,0.0
5286,0.0707832798617833,0.0246632640887193,0.04002362610375915,0.0161869493351046,0.0576548694475412
5287,0.1534096801443435,0.0906820835103969,0.1056419908266047,0.08679075536622795,0.1408907197712494
5288,0.22974727773540515,0.1748058286464665,0.16916886076290175,0.16429390837725594,0.21751823394210015
5289,0.2873614745012991,0.24526196585739465,0.2157615363955992,0.22872822752376135,0.27473952610420127
5290,0.3190551927862232,0.2907688235932493,0.24344926142939255,0.26970285456745646,0.308211862420387
5291,0.3259468878896267,0.3081551916611087,0.2544811391351717,0.2839439889238258,0.32061711352214356
5292,0.31027460935063594,0.3007872761453265,0.250133745906313,0.27895685971392464,0.31054203148919907
5293,0.27015103397965373,0.27481716788987753,0.22810877699459586,0.2576109329213833,0.27690420111412445
5294,0.21122017912574464,0.2287319650879344,0.19050214578896,0.22157028188834185,0.22796598083881844
5295,0.15132639791665844,0.15878635167663566,0.13882418701691696,0.17886012508744806,0.1643332360363009
5296,0.07984353591494785,0.08458847773325885,0.07252692265005425,0.12562159310142704,0.0852718908202932
5297,0.00902759292652995,0.02528871619550795,0.014068690219086,0.06206652445338185,0.0113482998584995
5298,0.0,0.0,0.0,0.00989230760332275,0.0
5299,0.0,0.0,0.0,0.0,0.0
5300,0.0,0.0,0.0,0.0,0.0
5301,0.0,0.0,0.0,0.0,0.0
5302,0.0,0.0,0.0,0.0,0.0
5303,0.0,0.0,0.0,0.0,0.0
5304,0.0,0.0,0.0,0.0,0.0
5305,0.0,0.0,0.0,0.0,0.0
5306,0.0,0.0,0.0,0.0,0.0
5307,0.0,0.0,0.0,0.0,0.0
5308,0.0,0.0,0.0,0.0,0.0
5309,0.0024400006717811,0.0,0.0,0.0,0.0
5310,0.0526503046873853,0.0,0.01079319551297335,0.0081265076583863,0.0608923299635303
5311,0.10445458393320875,0.0019722847272646,0.03417215658036855,0.04599215335119075,0.14600551787963464
5312,0.1699688880847424,0.0140917529968316,0.06447696833781966,0.09998614625225835,0.22100431240542204
5313,0.21987125710103056,0.03255335581037525,0.093016580867878,0.14961213566015474,0.27747863231862613
5314,0.23565510932673725,0.09582667429711544,0.11791491134601174,0.1814133049111164,0.3112999714705614
5315,0.2312334874919758,0.16970444247770936,0.14669336531991836,0.21171130216923364,0.3234177645672945
5316,0.21355346515842105,0.204746065766222,0.1707519513588053,0.2244689478920834,0.31195726689578024
5317,0.17373046207014,0.2250632686210582,0.1748964186372937,0.21463579056163976,0.28212075647485896
5318,0.1135679832518508,0.20797317557421555,0.1639828244747225,0.1943069353106281,0.2349010814837931
5319,0.06020509898439975,0.1613184952780267,0.1312653196659212,0.157609027714215,0.166738703900268
5320,0.02394665556866045,0.10034495923296605,0.07794288141798675,0.1124681872271226,0.0870664983872328
5321,0.0,0.02988613995330195,0.0195995464127348,0.0609173161949843,0.0116129299728691
5322,0.0,0.0,0.0,0.00993918167245215,0.0
5323,0.0,0.0,0.0,0.0,0.0
5324,0.0,0.0,0.0,0.0,0.0
5325,0.0,0.0,0.0,0.0,0.0
5326,0.0,0.0,0.0,0.0,0.0
5327,0.0,0.0,0.0,0.0,0.0
5328,0.0,0.0,0.0,0.0,0.0
5329,0.0,0.0,0.0,0.0,0.0
5330,0.0,0.0,0.0,0.0,0.0
5331,0.0,0.0,0.0,0.0,0.0
5332,0.0,0.0,0.0,0.0,0.0
5333,0.0,0.0,0.0,0.0,0.0
5334,0.02701689946168325,0.0293562287886464,0.03938642326423555,0.0122303596311003,0.0607492463877418
5335,0.0840839793914414,0.1069242554370764,0.12087792620469914,0.0498312636690059,0.14592643520294574
5336,0.13290476564321216,0.1839677398044466,0.19968307392355916,0.08590908259116906,0.2212596492002734
5337,0.165911682184529,0.2470476919007685,0.26084560550078567,0.11400500377529126,0.27795367531302045
5338,0.18731555852321494,0.2792852061369731,0.29295333499124165,0.1424660313428857,0.3120347110673661
5339,0.20665180063531824,0.2967993777126239,0.303794074771278,0.1664431435779152,0.32433440587703843
5340,0.21486957675382304,0.30441705100276334,0.2934464300685914,0.174882374410085,0.3158422657252591
5341,0.19808539614523885,0.2739816764787991,0.2610691679374208,0.17841985045868,0.28761266713798744
5342,0.1748129718357313,0.20354035214419774,0.20544464707834395,0.17303442904446675,0.2373316742589422
5343,0.131410530931165,0.11927247026718925,0.13481792054007,0.15013728494237355,0.16834563138332234
5344,0.0661596170567155,0.0441440058830749,0.0652534656679204,0.113944975857271,0.08724775518556635
5345,0.00520879804509945,0.0031642067272107,0.0089493050772766,0.06220672121464785,0.01081301789402565
5346,0.0,0.0,0.0,0.01033070758239445,0.0
5347,0.0,0.0,0.0,0.0,0.0
5348,0.0,0.0,0.0,0.0,0.0
5349,0.0,0.0,0.0,0.0,0.0
5350,0.0,0.0,0.0,0.0,0.0
5351,0.0,0.0,0.0,0.0,0.0
5352,0.0,0.0,0.0,0.0,0.0
5353,0.0,0.0,0.0,0.0,0.0
5354,0.0,0.0,0.0,0.0,0.0
5355,0.0,0.0,0.0,0.0,0.0
5356,0.0,0.0,0.0,0.0,0.0
5357,0.00057950257291995,0.0,0.0,0.0,0.0
5358,0.051501292254301,0.0007042015135912,0.01504426234952745,0.0105327356757558,0.06051872550715645
5359,0.1198638644769548,0.00643138495384105,0.0567918846221019,0.05257822584807765,0.1451372243378785
5360,0.17410938925955075,0.0162962525687848,0.0956263920735958,0.1064041399098478,0.21917310577999566
5361,0.2201634805045083,0.02753086264162815,0.11391401144479965,0.1653394954926096,0.27511164374942826
5362,0.25003494460163017,0.05701522164440265,0.11206626806830665,0.21504327232183484,0.30720566858821924
5363,0.2567292973764381,0.09817851520595805,0.1038290820269034,0.24499628147821104,0.317778257562143
5364,0.2403400135172935,0.1262410474746878,0.0972022812778507,0.2560736981377183,0.31075938113492135
5365,0.201417266005789,0.12342872815419705,0.08741610753923265,0.244428336513827,0.28192477198348825
5366,0.1494309514509147,0.1016393943806405,0.07505015493382584,0.2255097523545353,0.2306792417292785
5367,0.0939608325833184,0.07309816926637595,0.05822174755824525,0.19521688670257026,0.1622036470634844
5368,0.0450177847892348,0.04047758392852205,0.0334825513056183,0.1396479569079234,0.0831534316426123
5369,0.0013668359478134,0.0108518612535225,0.0068497802169529,0.07174996787671975,0.0099610610075011
5370,0.0,0.0,0.0,0.0106963869690487,0.0
5371,0.0,0.0,0.0,0.0,0.0
5372,0.0,0.0,0.0,0.0,0.0
5373,0.0,0.0,0.0,0.0,0.0
5374,0.0,0.0,0.0,0.0,0.0
5375,0.0,0.0,0.0,0.0,0.0
5376,0.0,0.0,0.0,0.0,0.0
5377,0.0,0.0,0.0,0.0,0.0
5378,0.0,0.0,0.0,0.0,0.0
5379,0.0,0.0,0.0,0.0,0.0
5380,0.0,0.0,0.0,0.0,0.0
5381,0.0,0.0,0.0,0.0,0.0
5382,0.02312822740728525,0.0132573039537019,0.0285845486276541,0.01891078166226705,0.05794071414994035
5383,0.0647374738454027,0.0516066478327357,0.09495679187575425,0.07565711668763575,0.14165620361756154
5384,0.0837853481918544,0.1066097978002861,0.1536492608206895,0.1429118671009818,0.21762464106286605
5385,0.102276969891947,0.16518681641892935,0.198349903562772,0.20438641755808426,0.27480724713061494
5386,0.12513830875838935,0.2023997540751371,0.237712486321351,0.2535449467482089,0.30879228620086635
5387,0.1398534823247389,0.21136465784617176,0.2534739213591021,0.27217396657529247,0.31979321802690513
5388,0.139590209997845,0.1860891843904653,0.23979318266913566,0.26265759289769314,0.3074879243102842
5389,0.1279347089150478,0.1593448167414258,0.20772920681664706,0.24102059141911714,0.27447997919900413
5390,0.10810455138916535,0.13936081090765606,0.15481767757900805,0.21759495671435725,0.22316496058049284
5391,0.06369191368665185,0.1033332708874444,0.104396288676242,0.18542228830110855,0.15809601010901936
5392,0.02229019652876975,0.0624696258726814,0.0558739700237489,0.13218856328771966,0.0822274610637141
5393,0.0,0.02082205851174775,0.01163013432417475,0.0703941404981541,0.0094849423799365
5394,0.0,0.0,0.0,0.01060148661497955,0.0
5395,0.0,0.0,0.0,0.0,0.0
5396,0.0,0.0,0.0,0.0,0.0
5397,0.0,0.0,0.0,0.0,0.0
5398,0.0,0.0,0.0,0.0,0.0
5399,0.0,0.0,0.0,0.0,0.0
5400,0.0,0.0,0.0,0.0,0.0
5401,0.0,0.0,0.0,0.0,0.0
5402,0.0,0.0,0.0,0.0,0.0
5403,0.0,0.0,0.0,0.0,0.0
5404,0.0,0.0,0.0,0.0,0.0
5405,0.0,0.0,0.0,0.0,0.0
5406,0.0215304517195386,0.03009396284283795,0.039625641076736,0.01824992212069645,0.04834809187176505
5407,0.0771712013684517,0.10786859822035284,0.11957606740808785,0.10270275029510086,0.12497544602887935
5408,0.13811562726610244,0.18804999965113944,0.19320774973088325,0.19279211895934806,0.19891063991302946
5409,0.18408623416218264,0.25846161449706107,0.2384850707821556,0.26597734960877245,0.25632957633988707
5410,0.2085389355502591,0.301052139413775,0.26153762508335093,0.31593201348421746,0.29307036625711724
5411,0.2229757019892228,0.32679242573194156,0.27505978802017717,0.34506211694665173,0.31022300963759203
5412,0.2349686098611789,0.3349263832447417,0.26930802967127954,0.3517215240564815,0.30210079544288443
5413,0.22184728940390736,0.31112116442829274,0.23401435362656414,0.3342090033087962,0.27291275023058115
5414,0.1852066930733176,0.26675224006615256,0.1807198856599726,0.2957171356572528,0.2240377804934982
5415,0.12531756490502,0.2018866370585275,0.1266112705987821,0.23656099567862796,0.152987133162963
5416,0.0570819683495191,0.12502316815559575,0.0687829331083119,0.15719119265545084,0.07562078990855566
5417,0.0040970759161116,0.04500800391487595,0.0130353218809523,0.07239183309095194,0.00899502930183235
5418,0.0,0.0,0.0,0.00744467582443475,0.0
5419,0.0,0.0,0.0,0.0,0.0
5420,0.0,0.0,0.0,0.0,0.0
5421,0.0,0.0,0.0,0.0,0.0
5422,0.0,0.0,0.0,0.0,0.0
5423,0.0,0.0,0.0,0.0,0.0
5424,0.0,0.0,0.0,0.0,0.0
5425,0.0,0.0,0.0,0.0,0.0
5426,0.0,0.0,0.0,0.0,0.0
5427,0.0,0.0,0.0,0.0,0.0
5428,0.0,0.0,0.0,0.0,0.0
5429,0.0013677011017957,0.0,0.0,0.0,0.0
5430,0.076174296678277,0.0103856166968413,0.026313593537447,0.008986349025276,0.05590181974695675
5431,0.16436152355120545,0.04719961635642875,0.06786120601446614,0.05148122978754595,0.14155235036999306
5432,0.238089025240968,0.0857220825875774,0.10415934010123645,0.107854577757601,0.21677320568439085
5433,0.2837028000160833,0.1256680108017741,0.12926693130955005,0.16167442162431175,0.2736816236314052
5434,0.29438309462221035,0.18045385401500344,0.14915601768110925,0.2028277131492021,0.3093301945478052
5435,0.2709469824610971,0.2184105323842836,0.1551400076608004,0.22447942476793764,0.32159179118243786
5436,0.234229845186345,0.22010197326126324,0.1568853871659978,0.23147011025511666,0.3120313290505181
5437,0.2018242073333531,0.2138233526900932,0.1606041921241544,0.2216059372006231,0.28117459756912805
5438,0.15988621582341364,0.19278926785847164,0.14089871825322084,0.19802428770669114,0.2324855566276465
5439,0.10234004775971114,0.14070953188424104,0.1019021476879792,0.16203364653274616,0.1643450797282561
5440,0.04953313008238865,0.076645090121735,0.05836686093721665,0.1162386368350591,0.0832870283201643
5441,0.0033583165248815,0.01801708998669025,0.0096242763051467,0.06383239122252625,0.00956312969589155
5442,0.0,0.0,0.0,0.0092319368947809,0.0
5443,0.0,0.0,0.0,0.0,0.0
5444,0.0,0.0,0.0,0.0,0.0
5445,0.0,0.0,0.0,0.0,0.0
5446,0.0,0.0,0.0,0.0,0.0
5447,0.0,0.0,0.0,0.0,0.0
5448,0.0,0.0,0.0,0.0,0.0
5449,0.0,0.0,0.0,0.0,0.0
5450,0.0,0.0,0.0,0.0,0.0
5451,0.0,0.0,0.0,0.0,0.0
5452,0.0,0.0,0.0,0.0,0.0
5453,0.0,0.0,0.0,0.0,0.0
5454,0.0326947796500341,0.0259674608503395,0.0249103566042088,0.0183376083781057,0.06001993833928425
5455,0.087052219980571,0.10356835578348915,0.09334210590080334,0.0962353428041657,0.14698952907357785
5456,0.14779518077887274,0.1854960052708259,0.1626190870500287,0.1806567785427267,0.2230724932367816
5457,0.20626260488072426,0.2449619601129085,0.2143259820069633,0.24936356612631885,0.2793411256956111
5458,0.23953069020848175,0.28668602851252084,0.24251279530849926,0.29584096758306727,0.3126102509538049
5459,0.23664534606387844,0.2966830660710438,0.2438841234375437,0.3259449581819071,0.3182075387338078
5460,0.2296123197662787,0.2799791533449664,0.23202196886304555,0.3404272711697893,0.30043879080681113
5461,0.22135758749750475,0.2670397965490305,0.2104214155456755,0.33415818283790466,0.26729688104443744
5462,0.18752513815051844,0.24856209413216235,0.1722672136555311,0.30113803766708264,0.21498085734001385
5463,0.13306106077747895,0.204301047518684,0.1263998460743651,0.24392149855819376,0.1479655416541796
5464,0.06639989972003454,0.1292068208463787,0.0775324446480034,0.1677165036319499,0.07399663892391845
5465,0.0038008382452533,0.0426283962284298,0.0189506393288544,0.08161598161169105,0.00798484204308975
5466,0.0,0.0,0.0,0.010963947869791,0.0
5467,0.0,0.0,0.0,0.0,0.0
5468,0.0,0.0,0.0,0.0,0.0
5469,0.0,0.0,0.0,0.0,0.0
5470,0.0,0.0,0.0,0.0,0.0
5471,0.0,0.0,0.0,0.0,0.0
5472,0.0,0.0,0.0,0.0,0.0
5473,0.0,0.0,0.0,0.0,0.0
5474,0.0,0.0,0.0,0.0,0.0
5475,0.0,0.0,0.0,0.0,0.0
5476,0.0,0.0,0.0,0.0,0.0
5477,0.00131579238536415,0.0,0.0,0.0,0.0
5478,0.05720069510273345,0.02711522743004725,0.0172162059057825,0.0162405523336478,0.0595747330432044
5479,0.1245446667846388,0.10005108353750265,0.05144815573232495,0.0792629251996519,0.1458928876922278
5480,0.18028489321092586,0.1766382924711252,0.0860827307060357,0.15345987932905544,0.22318668162235725
5481,0.2205321117964117,0.2349241098091765,0.12286002477178895,0.2216262650173729,0.27891659236449123
5482,0.2731787953368326,0.28154350342691004,0.14986316513677975,0.2684402085266641,0.31249394507051687
5483,0.3099972343488898,0.296278813628346,0.15734003636577745,0.28787625047391063,0.32374781778484335
5484,0.30310725661907595,0.251706431386541,0.1423107345791152,0.28818072244699583,0.31129347522771367
5485,0.2565035863645735,0.19877984522793174,0.1127370854005332,0.276288700727273,0.27848464083326024
5486,0.1830780848440772,0.14555296408033275,0.081460926499051,0.24727518009132204,0.22825266812082576
5487,0.10553492781481345,0.09044378890564575,0.0439236447261651,0.20021729447873834,0.16123983177365706
5488,0.0422211342334203,0.0580478530707813,0.0096445305797438,0.14005033467129466,0.0817370844921223
5489,0.00056720030809575,0.01919693759918255,0.0,0.0697572415471017,0.00878702606000105
5490,0.0,0.0,0.0,0.00715070772252495,0.0
5491,0.0,0.0,0.0,0.0,0.0
5492,0.0,0.0,0.0,0.0,0.0
5493,0.0,0.0,0.0,0.0,0.0
5494,0.0,0.0,0.0,0.0,0.0
5495,0.0,0.0,0.0,0.0,0.0
5496,0.0,0.0,0.0,0.0,0.0
5497,0.0,0.0,0.0,0.0,0.0
5498,0.0,0.0,0.0,0.0,0.0
5499,0.0,0.0,0.0,0.0,0.0
5500,0.0,0.0,0.0,0.0,0.0
5501,0.0,0.0,0.0,0.0,0.0
5502,0.04262119745697915,0.03136022973834495,0.0224268292373756,0.0133811600997269,0.05963753794638475
5503,0.12823928718656125,0.1206498745800685,0.0854319079346171,0.07597496649298124,0.1474718323789594
5504,0.1998918055087302,0.2074494049592448,0.1635137746764869,0.14439834281761685,0.22580669115042756
5505,0.25798781404307314,0.27510639228333283,0.2256900850067776,0.2006587853824142,0.2835233067868109
5506,0.30638109324436125,0.3163649621434399,0.2616849121280738,0.23685608043122505,0.31775897386150914
5507,0.3248901888613043,0.3330069869477758,0.2814381925045523,0.25605809868769813,0.32862400745378384
5508,0.30446394367505064,0.31945554725443703,0.28266776575877245,0.2527589022429364,0.31811439474485864
5509,0.26209755695275466,0.2826770466861056,0.2569256632775248,0.22879270455588124,0.2888655087620971
5510,0.20998899233543514,0.23572577550786056,0.2004119548654898,0.1943393939612277,0.23790893315076175
5511,0.1455005220041254,0.1804692532684495,0.1341614170340486,0.14758947217108384,0.1672171428826125
5512,0.0672479037701543,0.10174636192917055,0.0663094864695533,0.0933353038837354,0.08362432234690526
5513,0.0022028821296565,0.0250189993865451,0.00653158071453515,0.0442182882193133,0.00809403141135665
5514,0.0,0.0,0.0,0.0048374682946125,0.0
5515,0.0,0.0,0.0,0.0,0.0
5516,0.0,0.0,0.0,0.0,0.0
5517,0.0,0.0,0.0,0.0,0.0
5518,0.0,0.0,0.0,0.0,0.0
5519,0.0,0.0,0.0,0.0,0.0
5520,0.0,0.0,0.0,0.0,0.0
5521,0.0,0.0,0.0,0.0,0.0
5522,0.0,0.0,0.0,0.0,0.0
5523,0.0,0.0,0.0,0.0,0.0
5524,0.0,0.0,0.0,0.0,0.0
5525,0.0,0.0,0.0,0.0,0.0
5526,0.0521027256097535,0.0024015863918828,0.0058886306769211,0.00734717088239035,0.0599878761116798
5527,0.1134365560410191,0.04549304425183045,0.0362724334685428,0.0477704987767328,0.1474883838252131
5528,0.1785097140524028,0.10346011429128675,0.08032277599494625,0.10105746283690185,0.2244600927034694
5529,0.22170398478283865,0.16132971172718086,0.13390711965510535,0.1518795113803585,0.28158401353284873
5530,0.24148032436474556,0.18621851164439615,0.1863124599421505,0.1973564491524408,0.31539483599842155
5531,0.23967972976921295,0.1958545122223967,0.215574661688163,0.2323360113392214,0.32602348012340227
5532,0.21010118608718414,0.1680542198251615,0.20888532786949596,0.2505835826344228,0.31297679339626744
5533,0.173920279297064,0.11347394417067475,0.18420937287530645,0.2482874652082548,0.2820940008584867
5534,0.1502758889738351,0.0866995414539731,0.1468114297357953,0.2188350641668153,0.23256711584789144
5535,0.10024221234981455,0.0567451838772328,0.0935469431905949,0.1739585475211951,0.16316538461352514
5536,0.0368871726480121,0.0277870183329851,0.047662231954357,0.11839313228033445,0.0806088624455179
5537,0.0,0.00171146113136545,0.0062854946083782,0.05386701423854425,0.0072078729323793
5538,0.0,0.0,0.0,0.00636747465404875,0.0
5539,0.0,0.0,0.0,0.0,0.0
5540,0.0,0.0,0.0,0.0,0.0
5541,0.0,0.0,0.0,0.0,0.0
5542,0.0,0.0,0.0,0.0,0.0
5543,0.0,0.0,0.0,0.0,0.0
5544,0.0,0.0,0.0,0.0,0.0
5545,0.0,0.0,0.0,0.0,0.0
5546,0.0,0.0,0.0,0.0,0.0
5547,0.0,0.0,0.0,0.0,0.0
5548,0.0,0.0,0.0,0.0,0.0
5549,0.0,0.0,0.0,0.0,0.0
5550,0.0430597735538964,0.0,0.01331511872497365,0.00316254748695505,0.05954396865057845
5551,0.105932111700922,0.0,0.0498707222845094,0.02823248284058915,0.1473965401267859
5552,0.17335059700035174,0.0009261402115801,0.0805173992516188,0.06724021078996205,0.2249455974178452
5553,0.21942150797745205,0.0033403199170758,0.09643231225931845,0.10957244619662775,0.28262556583903664
5554,0.2458063930687767,0.006356389163331,0.09648809509476855,0.1547387968561346,0.31738589526501143
5555,0.2630343502610625,0.00852327446363005,0.0881379577548121,0.18574416302605976,0.33013704424499507
5556,0.2563073940698312,0.01337685214493835,0.07042071589454205,0.18332440553805834,0.32018320717565874
5557,0.22234325717403575,0.01426452281087145,0.0510799610703684,0.172854179359339,0.2883605093276202
5558,0.16458169117747484,0.00970516866402965,0.0332331200729718,0.1621384977559163,0.23548588332768375
5559,0.1010018060313656,0.0042878446892027,0.0154981066314224,0.13145014806381455,0.1631227563628301
5560,0.03749805909791035,0.00091873520234665,0.0076969310582251,0.09159694914859234,0.0792318711926137
5561,0.0,0.0,0.0012198865676455,0.0500018169747942,0.0065601293218173
5562,0.0,0.0,0.0,0.00675211751792055,0.0
5563,0.0,0.0,0.0,0.0,0.0
5564,0.0,0.0,0.0,0.0,0.0
5565,0.0,0.0,0.0,0.0,0.0
5566,0.0,0.0,0.0,0.0,0.0
5567,0.0,0.0,0.0,0.0,0.0
5568,0.0,0.0,0.0,0.0,0.0
5569,0.0,0.0,0.0,0.0,0.0
5570,0.0,0.0,0.0,0.0,0.0
5571,0.0,0.0,0.0,0.0,0.0
5572,0.0,0.0,0.0,0.0,0.0
5573,0.0,0.0,0.0,0.0,0.0
5574,0.02024566020936485,0.0208275586729895,0.02779096239586875,0.0177645308999117,0.05739123433865465
5575,0.05756228467877155,0.08541307630047575,0.09624053512713834,0.0982078834731071,0.1429755966879518
5576,0.10154646103073126,0.1587137389887987,0.17318607272584965,0.1802133945091937,0.2184756020525856
5577,0.1397210789274202,0.1976957763101806,0.2337800219821704,0.2448996339206756,0.27378777654468284
5578,0.1455160904608523,0.2231423853729392,0.25875552130020335,0.29460213194780627,0.30721490984615846
5579,0.13527390747426915,0.2543569006942002,0.2564057689987623,0.3217796181479297,0.31797533302108494
5580,0.13447687560861954,0.2636231901390451,0.23959440618904956,0.3253745847380406,0.30633417895980963
5581,0.12689646696061094,0.2550340663135465,0.2106434833493043,0.31255088523375896,0.2725299042739696
5582,0.10688860485943855,0.2159334369283662,0.1717146191243598,0.2787366564125252,0.21769858986101215
5583,0.0741584149204917,0.1567057637177393,0.1250343521219196,0.2259551571612121,0.1491144040083754
5584,0.036479763535663,0.08594829644263935,0.07164313007326875,0.1570220302514273,0.07165887365521485
5585,0.0006643953479145,0.02209928267497105,0.0130678156832533,0.078077906042665,0.0054809899352929
5586,0.0,0.0,0.0,0.0094948820604463,0.0
5587,0.0,0.0,0.0,0.0,0.0
5588,0.0,0.0,0.0,0.0,0.0
5589,0.0,0.0,0.0,0.0,0.0
5590,0.0,0.0,0.0,0.0,0.0
5591,0.0,0.0,0.0,0.0,0.0
5592,0.0,0.0,0.0,0.0,0.0
5593,0.0,0.0,0.0,0.0,0.0
5594,0.0,0.0,0.0,0.0,0.0
5595,0.0,0.0,0.0,0.0,0.0
5596,0.0,0.0,0.0,0.0,0.0
5597,0.0,0.0,0.0,0.0,0.0
5598,0.03855634186040985,0.02667881678716945,0.0400814987125929,0.01504958125608115,0.0544269399758243
5599,0.09095526119024434,0.1073066915680154,0.12363350986861035,0.0974806633472429,0.13675500404744104
5600,0.13512933577943256,0.1906969034859212,0.20015390732608596,0.18747555369462995,0.21304289201883755
5601,0.1756763978750008,0.25164926686215766,0.26097094275646204,0.2649475195341037,0.2695243940377887
5602,0.19802394279688035,0.29148989612573845,0.29631328937517704,0.31998901687616055,0.2958306584147006
5603,0.18571052712382524,0.3199381727181133,0.301135009494136,0.35096829977136496,0.29962450168555615
5604,0.1634544400618504,0.3211373820402514,0.2871494280692946,0.3577461020015084,0.2819007920787409
5605,0.12730127289294724,0.29358591960923325,0.2622061420456978,0.34211246515658533,0.24100560812279084
5606,0.0825135137860171,0.24426358428933534,0.2220181544305215,0.3036646544460183,0.18646236304599764
5607,0.05079253685029205,0.17633233855266955,0.16231233986972834,0.2447652892071373,0.1239135264536386
5608,0.0205609049640886,0.09942152106281235,0.08738781749729654,0.168788295993156,0.05683421701409
5609,0.0,0.02615328154516615,0.01490560778465485,0.0812532751210727,0.00224876539148595
5610,0.0,0.0,0.0,0.00702780805628245,0.0
5611,0.0,0.0,0.0,0.0,0.0
5612,0.0,0.0,0.0,0.0,0.0
5613,0.0,0.0,0.0,0.0,0.0
5614,0.0,0.0,0.0,0.0,0.0
5615,0.0,0.0,0.0,0.0,0.0
5616,0.0,0.0,0.0,0.0,0.0
5617,0.0,0.0,0.0,0.0,0.0
5618,0.0,0.0,0.0,0.0,0.0
5619,0.0,0.0,0.0,0.0,0.0
5620,0.0,0.0,0.0,0.0,0.0
5621,0.0,0.0,0.0,0.0,0.0
5622,0.0366440312931922,0.01968242252272205,0.03391443582713145,0.01569366863607585,0.0429913413236632
5623,0.09904642382295854,0.0856136742562255,0.11318779474216654,0.1014455645815003,0.11574068027504475
5624,0.1479052550787543,0.1604650802046135,0.19194354954076595,0.19381457859967435,0.18509914466308816
5625,0.16989863159598315,0.2306586352624703,0.2478226886623636,0.2702298254002675,0.24005054031756695
5626,0.175449544499962,0.2895214013974605,0.27024911401925933,0.3227464967313709,0.272497409790229
5627,0.1756670636750524,0.3277417402819125,0.27757856481090676,0.35141362806221776,0.2754012752984512
5628,0.1546596191049357,0.33424949337592635,0.27623474280569266,0.35682867575624694,0.2531524620084853
5629,0.1220412602953786,0.3117531101685054,0.25618597764181916,0.3402582367977172,0.2170203794735699
5630,0.09171381908307125,0.2579176694829355,0.21574159744875054,0.3027839332107873,0.1703272574153951
5631,0.0555894935702007,0.18789194553791985,0.15807485296534246,0.24505913109626296,0.1100532920351221
5632,0.02322932059324515,0.11194517829624186,0.0851257929247879,0.16889981209697244,0.04924495891848215
5633,0.0,0.03185803628059905,0.01310134469790125,0.08090614379159665,0.00273663913140495
5634,0.0,0.0,0.0,0.0061216800418381,0.0
5635,0.0,0.0,0.0,0.0,0.0
5636,0.0,0.0,0.0,0.0,0.0
5637,0.0,0.0,0.0,0.0,0.0
5638,0.0,0.0,0.0,0.0,0.0
5639,0.0,0.0,0.0,0.0,0.0
5640,0.0,0.0,0.0,0.0,0.0
5641,0.0,0.0,0.0,0.0,0.0
5642,0.0,0.0,0.0,0.0,0.0
5643,0.0,0.0,0.0,0.0,0.0
5644,0.0,0.0,0.0,0.0,0.0
5645,0.0,0.0,0.0,0.0,0.0
5646,0.04870952644327,0.01862062151111545,0.03558963037361225,0.01563654018526265,0.0462093941737774
5647,0.12311525492453605,0.07665498083232285,0.11696185770443715,0.0991592056703155,0.12145825971312164
5648,0.1938717532943521,0.15583457395342595,0.1953894347371497,0.18930361695892,0.19803859683859826
5649,0.2385057655180711,0.23602803424780694,0.25258133678904016,0.264600975121757,0.2561834037087898
5650,0.25235805206932665,0.29464661876900367,0.2840742773085165,0.31708583341869906,0.2924634584415152
5651,0.24175671932794535,0.3283491367956841,0.29266000235755785,0.34501841835394376,0.2968826816907109
5652,0.2194297989041033,0.32821502877461883,0.27885989098500813,0.34995591371750945,0.2776683885763617
5653,0.18805359988383405,0.2985149458503926,0.2463347471844027,0.3334074703767363,0.24447778593949365
5654,0.14501575986395016,0.2473172788013581,0.1997795655659089,0.29524833961231567,0.1895636893402153
5655,0.08968797718776725,0.179964885628599,0.13686889648940784,0.23778459149479536,0.12128523947664975
5656,0.0358583739820342,0.10409820161544875,0.0651758694818473,0.16287554451256325,0.0525105054764813
5657,0.0006160798294899,0.0281449569254486,0.0062896622386844,0.0768521452605097,0.0029311755883077
5658,0.0,0.0,0.0,0.0054233472352195,0.0
5659,0.0,0.0,0.0,0.0,0.0
5660,0.0,0.0,0.0,0.0,0.0
5661,0.0,0.0,0.0,0.0,0.0
5662,0.0,0.0,0.0,0.0,0.0
5663,0.0,0.0,0.0,0.0,0.0
5664,0.0,0.0,0.0,0.0,0.0
5665,0.0,0.0,0.0,0.0,0.0
5666,0.0,0.0,0.0,0.0,0.0
5667,0.0,0.0,0.0,0.0,0.0
5668,0.0,0.0,0.0,0.0,0.0
5669,0.0,0.0,0.0,0.0,0.0
5670,0.04231630971851715,0.02003937766682675,0.0335091227927696,0.0140556493211479,0.05062534844515685
5671,0.0999167853596001,0.09431952757221325,0.1132643261975025,0.0878216027475907,0.1334956032788711
5672,0.1526855269736608,0.18145770911812004,0.1804599828145313,0.1745670397128453,0.21039838647352674
5673,0.17937707814940546,0.2670344124455573,0.2302443670092604,0.25405416337243003,0.26724814186951884
5674,0.18322180186415424,0.3245448076053467,0.26539058453304093,0.31001646602933763,0.2999452711132295
5675,0.18955815681998314,0.3468216338680923,0.27709306768351966,0.3381227114795654,0.30383658513888817
5676,0.1799189590810232,0.34305507474118213,0.2649712080330342,0.33860757128025143,0.2811084274389732
5677,0.1576030118843934,0.31654859255373413,0.24092328999189924,0.32056163026546053,0.24434452713074686
5678,0.12416096981633175,0.2685776284139461,0.1982801389971146,0.2835100653847514,0.1906111676505791
5679,0.07895651142609025,0.20125880360018894,0.13247277685812764,0.2203961702078676,0.1215987079921973
5680,0.0330500251028664,0.1182270093184857,0.05875065021313555,0.1453108256397965,0.05286642611505555
5681,0.0,0.03176818509879075,0.00547433858536875,0.0682354309887248,0.0024823218098344
5682,0.0,0.0,0.0,0.004732388325769,0.0
5683,0.0,0.0,0.0,0.0,0.0
5684,0.0,0.0,0.0,0.0,0.0
5685,0.0,0.0,0.0,0.0,0.0
5686,0.0,0.0,0.0,0.0,0.0
5687,0.0,0.0,0.0,0.0,0.0
5688,0.0,0.0,0.0,0.0,0.0
5689,0.0,0.0,0.0,0.0,0.0
5690,0.0,0.0,0.0,0.0,0.0
5691,0.0,0.0,0.0,0.0,0.0
5692,0.0,0.0,0.0,0.0,0.0
5693,0.0,0.0,0.0,0.0,0.0
5694,0.05102514904050015,0.0307649406694791,0.0331766522229377,0.0144802869061971,0.05225673331824045
5695,0.1182904073122587,0.12207602859561426,0.11398421773985155,0.09232531566702105,0.1373675072420453
5696,0.18815922202849195,0.21154959959420164,0.1930895643735516,0.17770181958000345,0.2151378003565565
5697,0.23299883868168525,0.28158868113006297,0.25665707937504423,0.24928606004634385,0.2722653385858665
5698,0.2594499425136882,0.3252349215432695,0.29512112167540167,0.29800099500203053,0.2999736724322685
5699,0.27525929531702564,0.3456272423639752,0.30674525231907473,0.31759359971495504,0.30329849233201756
5700,0.2474908549507074,0.3388254912118309,0.2884033043898212,0.3160590218304027,0.2874984477982252
5701,0.20772977559089306,0.3114066210938942,0.2487642273202349,0.29943232278420295,0.2485833699488932
5702,0.1663893354047275,0.26286871304795717,0.2007966691963965,0.2582411753735303,0.1862337348184518
5703,0.09626133576951125,0.19527662497713594,0.13855166028356025,0.19764935090322275,0.1205812261754743
5704,0.03184778444848485,0.11186495389385676,0.06037461434677255,0.12398027845310475,0.056746424996983
5705,0.0,0.02709907792012925,0.002365244002981,0.05109070935471915,0.0032560439878857
5706,0.0,0.0,0.0,0.00380834383361165,0.0
5707,0.0,0.0,0.0,0.0,0.0
5708,0.0,0.0,0.0,0.0,0.0
5709,0.0,0.0,0.0,0.0,0.0
5710,0.0,0.0,0.0,0.0,0.0
5711,0.0,0.0,0.0,0.0,0.0
5712,0.0,0.0,0.0,0.0,0.0
5713,0.0,0.0,0.0,0.0,0.0
5714,0.0,0.0,0.0,0.0,0.0
5715,0.0,0.0,0.0,0.0,0.0
5716,0.0,0.0,0.0,0.0,0.0
5717,0.0,0.0,0.0,0.0,0.0
5718,0.05158802112796785,0.0239435300323235,0.03294068679654635,0.00986676657797105,0.0525537976555862
5719,0.12595110130820336,0.10175778222194574,0.1155975335114788,0.0544173835563573,0.13499409669864715
5720,0.19575740750253864,0.18663146169464195,0.1929426776178473,0.10924667874189305,0.21100361997140885
5721,0.2521147679819775,0.26208990272668803,0.2508219255038742,0.16204074730350296,0.2677402050580832
5722,0.2763025385778363,0.30489730398671816,0.28775321233079526,0.20349059055645566,0.2948460661956937
5723,0.27903222056918553,0.31941562016127245,0.3007384941680248,0.2272004685450234,0.2999859529258016
5724,0.25737259401801543,0.30884554452757007,0.2905593888833847,0.22510479868922564,0.2826892669711988
5725,0.2108305307396385,0.27659889626908685,0.25677628059508933,0.2060504453111382,0.237846442653045
5726,0.1561702854409595,0.22882319699956316,0.2033021017833442,0.1822434891087434,0.1800126460347269
5727,0.0999666303849879,0.1516109900833394,0.14145430314267066,0.1429608650184507,0.1181050717339898
5728,0.0442623137965944,0.07016712160165366,0.0702317722733236,0.09047453668881004,0.0506722635104416
5729,0.0007653315565805,0.0127525732168822,0.00514698258998605,0.0401700471059053,0.00058341347756355
5730,0.0,0.0,0.0,0.0029079671030596,0.0
5731,0.0,0.0,0.0,0.0,0.0
5732,0.0,0.0,0.0,0.0,0.0
5733,0.0,0.0,0.0,0.0,0.0
5734,0.0,0.0,0.0,0.0,0.0
5735,0.0,0.0,0.0,0.0,0.0
5736,0.0,0.0,0.0,0.0,0.0
5737,0.0,0.0,0.0,0.0,0.0
5738,0.0,0.0,0.0,0.0,0.0
5739,0.0,0.0,0.0,0.0,0.0
5740,0.0,0.0,0.0,0.0,0.0
5741,0.0,0.0,0.0,0.0,0.0
5742,0.05167691088357495,0.0144547574956221,0.018256808911521,0.0112612132983345,0.0476305291474023
5743,0.1238063197385729,0.0836696836048271,0.0704740103306845,0.07202589551313884,0.12160210120396195
5744,0.19237500170674374,0.16251507547951735,0.12949196131250196,0.1475392475554492,0.18584442613573934
5745,0.24047732799931135,0.22740679685584556,0.19224783868722564,0.2222064211086734,0.22510474808147746
5746,0.26396986527155075,0.28479520749867726,0.23842097765931794,0.2799573079579969,0.2519867182247619
5747,0.27111576976579205,0.3201037982162662,0.2657996883324601,0.30884348508826803,0.26855074703019793
5748,0.2585032225350949,0.3178221261511883,0.2726650125870355,0.3095140986643607,0.2583421589557774
5749,0.2159891590226578,0.2825268623867654,0.25576078110585326,0.28695139461378916,0.2315836466375165
5750,0.1537074663313725,0.21827451040019044,0.21036132777818056,0.2430481361176188,0.18131770748174464
5751,0.0884608064551713,0.14811885219188184,0.14192879466277075,0.1891340672729276,0.11512782534148484
5752,0.03027194978965495,0.08146318829634284,0.0643512565807835,0.125698898359092,0.05007678746745195
5753,0.0,0.01475536881557745,0.00237574877436985,0.0568277182611074,0.00080725584201395
5754,0.0,0.0,0.0,0.00310417877010555,0.0
5755,0.0,0.0,0.0,0.0,0.0
5756,0.0,0.0,0.0,0.0,0.0
5757,0.0,0.0,0.0,0.0,0.0
5758,0.0,0.0,0.0,0.0,0.0
5759,0.0,0.0,0.0,0.0,0.0
5760,0.0,0.0,0.0,0.0,0.0
5761,0.0,0.0,0.0,0.0,0.0
5762,0.0,0.0,0.0,0.0,0.0
5763,0.0,0.0,0.0,0.0,0.0
5764,0.0,0.0,0.0,0.0,0.0
5765,0.0,0.0,0.0,0.0,0.0
5766,0.04198947630513385,0.0106189572518258,0.0133403637225478,0.0103433742261601,0.04675417321352255
5767,0.09731229249086275,0.07912003120699085,0.0657059877035846,0.0696470311153992,0.128730621071184
5768,0.15717542911218554,0.1583085499938453,0.1163916128447029,0.1450059104015207,0.2032004528583268
5769,0.2026969228081445,0.21547426082370655,0.15958615584835234,0.2181909821743625,0.2557584647617996
5770,0.22333465538210784,0.24695299030914805,0.19494449661206015,0.2697413706119383,0.28597279873713116
5771,0.21814977750603545,0.26401008369487344,0.2132571167051316,0.29479846787683894,0.2956634824007054
5772,0.1903085299825447,0.24735201167969906,0.206086865680795,0.3062474159242987,0.2735892816864823
5773,0.1612128366233601,0.2063350667463161,0.1889332208678073,0.29923852309256704,0.2232231174389135
5774,0.11286041230071385,0.1795601525202711,0.1580064143611074,0.26495486509758537,0.1616468313464069
5775,0.0495410555572119,0.1350483801337224,0.1054640760316872,0.21462765822256966,0.1047412999714748
5776,0.0102111018503206,0.0772359826669894,0.04631801769364205,0.1459714596602535,0.0488407726466384
5777,0.0,0.01722234742222385,0.0018022364407883,0.0642024743755877,0.00164572015160435
5778,0.0,0.0,0.0,0.0031542179016667,0.0
5779,0.0,0.0,0.0,0.0,0.0
5780,0.0,0.0,0.0,0.0,0.0
5781,0.0,0.0,0.0,0.0,0.0
5782,0.0,0.0,0.0,0.0,0.0
5783,0.0,0.0,0.0,0.0,0.0
5784,0.0,0.0,0.0,0.0,0.0
5785,0.0,0.0,0.0,0.0,0.0
5786,0.0,0.0,0.0,0.0,0.0
5787,0.0,0.0,0.0,0.0,0.0
5788,0.0,0.0,0.0,0.0,0.0
5789,0.0,0.0,0.0,0.0,0.0
5790,0.0392883688935992,0.0225296746451451,0.0275376415291225,0.0117926531085836,0.04676617439298775
5791,0.1104368012925888,0.1032049147571354,0.10488285524785865,0.08686729506328025,0.12911541192365794
5792,0.18335293025826924,0.19266097322412346,0.1841592838113576,0.1735023667473799,0.2048229479578391
5793,0.22789661303519645,0.26094590452912486,0.2486971887270321,0.24874180425283315,0.259696980207082
5794,0.2644435821400671,0.2974292161147767,0.28664099746686944,0.3019435709098669,0.2889953862263619
5795,0.28855698955886167,0.3200398577151478,0.2994601413648539,0.32887110552058973,0.2946678328670792
5796,0.2725014022700101,0.3216027383438934,0.28770406924111247,0.3290327228137776,0.27489140596972456
5797,0.23117050612497206,0.29238789493305944,0.2535712742959187,0.31064424541086616,0.23375273291207904
5798,0.1802366581096583,0.23490813180325865,0.20753040554339555,0.2729130257744485,0.17582087117111345
5799,0.1174741396631548,0.1637636216863951,0.1441590084694515,0.2145792566705573,0.1075510146835483
5800,0.04412060290838125,0.08370711562060125,0.0666078863158172,0.1395837910027004,0.04224461583502105
5801,0.0,0.0128801528262062,0.00450879016431305,0.06036336475128345,0.0011155957168631
5802,0.0,0.0,0.0,0.00298274762646215,0.0
5803,0.0,0.0,0.0,0.0,0.0
5804,0.0,0.0,0.0,0.0,0.0
5805,0.0,0.0,0.0,0.0,0.0
5806,0.0,0.0,0.0,0.0,0.0
5807,0.0,0.0,0.0,0.0,0.0
5808,0.0,0.0,0.0,0.0,0.0
5809,0.0,0.0,0.0,0.0,0.0
5810,0.0,0.0,0.0,0.0,0.0
5811,0.0,0.0,0.0,0.0,0.0
5812,0.0,0.0,0.0,0.0,0.0
5813,0.0,0.0,0.0,0.0,0.0
5814,0.06156935790599405,0.02107779459851135,0.0328450958783675,0.01217189220023875,0.04750865006592315
5815,0.1478524306647251,0.10081759990929146,0.1175282089295324,0.0869788644401856,0.12967297118487775
5816,0.2241216754991362,0.1887486533265755,0.1992676867573391,0.17103676583933666,0.20250836256988136
5817,0.2770351842403139,0.25910942197851494,0.26130643201162346,0.24204060899250984,0.256252035447368
5818,0.3011154583110354,0.3051499654898954,0.2974148555384284,0.2922946115793175,0.29233172395708296
5819,0.30374237270662535,0.31865777210733987,0.305942665165618,0.3183701446605105,0.2996108741273568
5820,0.28648881270711035,0.30877920560609046,0.29086727134937845,0.319224242386257,0.2722504707741647
5821,0.24209620878194585,0.27858407215439,0.25822576229719657,0.30017087398619724,0.22255721139141965
5822,0.18343159522132724,0.22406080005931525,0.20692106137391944,0.26172703272960496,0.16536015616521485
5823,0.11602394547642175,0.16257085973902954,0.1417651066986632,0.20703425910728795,0.1032265086094547
5824,0.0448462944190577,0.0924448163739476,0.06667908624025636,0.1350782930496716,0.03965580437156195
5825,0.0,0.0178912685022258,0.00209237355406785,0.05754360246283305,0.0
5826,0.0,0.0,0.0,0.00234237427721485,0.0
5827,0.0,0.0,0.0,0.0,0.0
5828,0.0,0.0,0.0,0.0,0.0
5829,0.0,0.0,0.0,0.0,0.0
5830,0.0,0.0,0.0,0.0,0.0
5831,0.0,0.0,0.0,0.0,0.0
5832,0.0,0.0,0.0,0.0,0.0
5833,0.0,0.0,0.0,0.0,0.0
5834,0.0,0.0,0.0,0.0,0.0
5835,0.0,0.0,0.0,0.0,0.0
5836,0.0,0.0,0.0,0.0,0.0
5837,0.0,0.0,0.0,0.0,0.0
5838,0.05633142795128575,0.0190532110383313,0.0293146869295699,0.0072377891217936,0.03618647251701385
5839,0.137045544372448,0.08787874068081765,0.1003259229466965,0.0500392039195867,0.10227895665370165
5840,0.21025037270605004,0.15124370570450715,0.1656841613266154,0.10407203291252215,0.16282938685501855
5841,0.2677699652709157,0.1998333734137999,0.2181676123942326,0.1482465998938902,0.21290045146254774
5842,0.2938064594618975,0.23287751675028845,0.24328342655260904,0.17747437241480585,0.2435960392882384
5843,0.29446309940097654,0.2388512024404503,0.2534287133186984,0.19446502108888644,0.24037386886871875
5844,0.27345303835550716,0.20975165700809426,0.24380769452107234,0.19656166452045334,0.2177874704110372
5845,0.22705597232855515,0.17129777842459795,0.21499943237136254,0.17946266092605645,0.1815169890190101
5846,0.1663131796518901,0.1156879186994162,0.16645192019175326,0.15414909674422775,0.12492190656652
5847,0.0957199137489037,0.06146784059419455,0.1013192950284376,0.1215159545520179,0.0759394051790602
5848,0.0309502436015113,0.02612972463095715,0.0406878173831288,0.07505950580129435,0.0313704663590721
5849,0.0,0.0,0.0005890535231095,0.03012793201559015,0.0
5850,0.0,0.0,0.0,0.00082024205191485,0.0
5851,0.0,0.0,0.0,0.0,0.0
5852,0.0,0.0,0.0,0.0,0.0
5853,0.0,0.0,0.0,0.0,0.0
5854,0.0,0.0,0.0,0.0,0.0
5855,0.0,0.0,0.0,0.0,0.0
5856,0.0,0.0,0.0,0.0,0.0
5857,0.0,0.0,0.0,0.0,0.0
5858,0.0,0.0,0.0,0.0,0.0
5859,0.0,0.0,0.0,0.0,0.0
5860,0.0,0.0,0.0,0.0,0.0
5861,0.0,0.0,0.0,0.0,0.0
5862,0.0159420028706225,0.0,0.0139790411259768,0.0068155891301484,0.027995843828957
5863,0.03432185825125555,0.0044670443060891,0.06293896052692415,0.068162505728322,0.0921666321969856
5864,0.0622613334506602,0.01895461404149005,0.1169552690592725,0.1492394114390753,0.1595116801536612
5865,0.0792676793871128,0.0480547484829426,0.1654994993613087,0.2267860626905095,0.21570268497783224
5866,0.07531451384249935,0.07246221651685765,0.19480735612099195,0.2792826012306918,0.24489630166092205
5867,0.07997604324800894,0.0841662815237035,0.19945780446709,0.309244950116638,0.2403749590701231
5868,0.0843565915882792,0.076497040609111,0.182440063789045,0.31700935272466246,0.21873163592219785
5869,0.0742040946662845,0.0650810070025137,0.14982165129115885,0.3076016660864296,0.18495934220314195
5870,0.0556976980795305,0.06433316739649285,0.11101215400121765,0.28202803825970735,0.13513669422670044
5871,0.02979511300691965,0.04694275954854265,0.07553219123359385,0.23223921214126944,0.0804531372447597
5872,0.00325027666185665,0.0194138177873338,0.0373164384791002,0.1580943248630927,0.0295873919925079
5873,0.0,0.0016763506371901,0.00277169444299615,0.0690485790010415,0.0015821780859361
5874,0.0,0.0,0.0,0.00214585934509,0.0
5875,0.0,0.0,0.0,0.0,0.0
5876,0.0,0.0,0.0,0.0,0.0
5877,0.0,0.0,0.0,0.0,0.0
5878,0.0,0.0,0.0,0.0,0.0
5879,0.0,0.0,0.0,0.0,0.0
5880,0.0,0.0,0.0,0.0,0.0
5881,0.0,0.0,0.0,0.0,0.0
5882,0.0,0.0,0.0,0.0,0.0
5883,0.0,0.0,0.0,0.0,0.0
5884,0.0,0.0,0.0,0.0,0.0
5885,0.0,0.0,0.0,0.0,0.0
5886,0.0489810109237721,0.02095600109022175,0.0345624706573435,0.0133176691408333,0.03474106001475695
5887,0.13670826752698975,0.10598568702914235,0.12196123170605655,0.09829594207364994,0.1008191468840258
5888,0.2140759589592056,0.19561646034558836,0.2035722646165126,0.1927548664328137,0.1615250639600647
5889,0.2655568313995394,0.26191745839620917,0.2659561048382271,0.2716938621137464,0.2029087504997983
5890,0.2845050773323779,0.3081223954383847,0.30522894690530705,0.3268958800981265,0.2312839821239619
5891,0.28574664319471776,0.341069938833373,0.3198067183695341,0.3567281936805037,0.2387151108027072
5892,0.2835733584929388,0.3494498030366122,0.3101800267270237,0.36322613920103414,0.22825386293150285
5893,0.26288987113449624,0.32544159239180087,0.27829492243100895,0.3469368900581193,0.19855945283467416
5894,0.21882464213251074,0.2765640504567887,0.2250821998351068,0.30739259111194284,0.1454610884118805
5895,0.1498964550912196,0.2042638876793916,0.15164463041114865,0.24533323765413634,0.0922564602123895
5896,0.06305724670486115,0.1136367026052088,0.0698744902532098,0.16278484287285594,0.0386596503832312
5897,0.0,0.0228396133506315,0.0033769305533945,0.069974006177167,0.0017764930336856
5898,0.0,0.0,0.0,0.00177901461644285,0.0
5899,0.0,0.0,0.0,0.0,0.0
5900,0.0,0.0,0.0,0.0,0.0
5901,0.0,0.0,0.0,0.0,0.0
5902,0.0,0.0,0.0,0.0,0.0
5903,0.0,0.0,0.0,0.0,0.0
5904,0.0,0.0,0.0,0.0,0.0
5905,0.0,0.0,0.0,0.0,0.0
5906,0.0,0.0,0.0,0.0,0.0
5907,0.0,0.0,0.0,0.0,0.0
5908,0.0,0.0,0.0,0.0,0.0
5909,0.0,0.0,0.0,0.0,0.0
5910,0.06736757377408925,0.02737033942815425,0.0347172247661841,0.0132484047571291,0.0418632075077466
5911,0.16067713057772434,0.11855677157086725,0.12319084150252155,0.0971312042707255,0.12055965733178155
5912,0.24193835716198195,0.2097453234098371,0.20457990040513674,0.19056495614876415,0.19618815343551646
5913,0.3003640202242883,0.282366342897183,0.2663377453465127,0.2687940362796881,0.2531044375296277
5914,0.3340592266450838,0.3278428939047027,0.3056661537295685,0.32167697504106185,0.2801414581371827
5915,0.3437564340656109,0.34818013450545304,0.32147508895112414,0.34908929111202475,0.28578766671770195
5916,0.3300917483692676,0.34428277639314026,0.3131618377911391,0.35188026930001604,0.26508909368227257
5917,0.29296941266900073,0.31623963706615404,0.2809232773067743,0.3333677896004423,0.22216827688744875
5918,0.2326047073772756,0.26352310497146664,0.22464627825465866,0.2933072121547625,0.1711737773401982
5919,0.15199028135442655,0.1915177690582969,0.1518621103065681,0.23085750785270384,0.10991701643577775
5920,0.06182242943243245,0.1060108040859401,0.0706203559652726,0.15065070418415025,0.04622577486308035
5921,0.0,0.01944416818358465,0.00224046133834375,0.06283211448829555,0.00177613715673565
5922,0.0,0.0,0.0,0.0011330384660387,0.0
5923,0.0,0.0,0.0,0.0,0.0
5924,0.0,0.0,0.0,0.0,0.0
5925,0.0,0.0,0.0,0.0,0.0
5926,0.0,0.0,0.0,0.0,0.0
5927,0.0,0.0,0.0,0.0,0.0
5928,0.0,0.0,0.0,0.0,0.0
5929,0.0,0.0,0.0,0.0,0.0
5930,0.0,0.0,0.0,0.0,0.0
5931,0.0,0.0,0.0,0.0,0.0
5932,0.0,0.0,0.0,0.0,0.0
5933,0.0,0.0,0.0,0.0,0.0
5934,0.05536735922656245,0.0055810932429268,0.01266491898608905,0.0054762912539194,0.04862299535299605
5935,0.1331802676734293,0.0373067659105469,0.06193242767120025,0.05702067457762,0.1346980847735052
5936,0.19912977254254044,0.05978008382838245,0.1079370110269244,0.12789768388327466,0.2117793184556579
5937,0.24882652576539765,0.05927824751343265,0.14090925764329995,0.19775298929734625,0.26879052234331663
5938,0.27661898243509314,0.057580123170956,0.1598512400666683,0.2462681044697512,0.29885351897660095
5939,0.2593895492785619,0.06531944065833645,0.16541744315209925,0.26908543330577267,0.30392924911267755
5940,0.21941068933398494,0.06640577086840325,0.16332541939833994,0.2731616629408348,0.2887466491553662
5941,0.18085959516084535,0.07897988198701655,0.13839456048130575,0.25941365234739444,0.25058315080283444
5942,0.13655854357697875,0.0913376924509849,0.09440904315368034,0.23017114051558304,0.1958074304900418
5943,0.07852077009577076,0.0729814286677936,0.0541691110755686,0.1777184137268718,0.1263719408209725
5944,0.02177275527986555,0.0335488137249037,0.0212885010646008,0.10930005948111746,0.04961134315301105
5945,0.0,0.00086798596593325,0.00055849895917195,0.04372480657298285,0.0017443589746581
5946,0.0,0.0,0.0,0.0007388808929234,0.0
5947,0.0,0.0,0.0,0.0,0.0
5948,0.0,0.0,0.0,0.0,0.0
5949,0.0,0.0,0.0,0.0,0.0
5950,0.0,0.0,0.0,0.0,0.0
5951,0.0,0.0,0.0,0.0,0.0
5952,0.0,0.0,0.0,0.0,0.0
5953,0.0,0.0,0.0,0.0,0.0
5954,0.0,0.0,0.0,0.0,0.0
5955,0.0,0.0,0.0,0.0,0.0
5956,0.0,0.0,0.0,0.0,0.0
5957,0.0,0.0,0.0,0.0,0.0
5958,0.0069168559727384,0.0010030756324756,0.01662898337128385,0.01016060128571935,0.04396505136659265
5959,0.0329425940850855,0.0316959581373917,0.0777483189985545,0.0834703069633901,0.1259389630764542
5960,0.0637664140008742,0.05704710287514975,0.13315905546518264,0.1690324804935324,0.19937931531167605
5961,0.0818959517800839,0.06932348108448524,0.18502940572508894,0.23825541415238435,0.25484661324912555
5962,0.08415384860643065,0.07703028471919104,0.2199921255248888,0.2805598545072849,0.28576714595858776
5963,0.09772320703316754,0.08424870616441014,0.21717238855662885,0.2926839055542572,0.2874666495475218
5964,0.1024656434410583,0.07745009885976605,0.1778329195983789,0.29098129182728755,0.2647228354448945
5965,0.08036156187325445,0.05013987932130325,0.13122405714356886,0.28542543078515453,0.2211942893730299
5966,0.05935145171290245,0.03873601200186045,0.0985736716886875,0.26007785468812195,0.16946959831593295
5967,0.0383797537522866,0.0275859657754293,0.06381006212378025,0.2111762498569944,0.1123086362826871
5968,0.01016979201629025,0.0060122563323221,0.0260830500068048,0.14066787879434756,0.0458473104580271
5969,0.0,0.0,0.00166819097608635,0.0589676704138811,0.00086372879510795
5970,0.0,0.0,0.0,0.00106291944072835,0.0
5971,0.0,0.0,0.0,0.0,0.0
5972,0.0,0.0,0.0,0.0,0.0
5973,0.0,0.0,0.0,0.0,0.0
5974,0.0,0.0,0.0,0.0,0.0
5975,0.0,0.0,0.0,0.0,0.0
5976,0.0,0.0,0.0,0.0,0.0
5977,0.0,0.0,0.0,0.0,0.0
5978,0.0,0.0,0.0,0.0,0.0
5979,0.0,0.0,0.0,0.0,0.0
5980,0.0,0.0,0.0,0.0,0.0
5981,0.0,0.0,0.0,0.0,0.0
5982,0.00384524418672255,0.0013966037992524,0.0018316662111421,0.00967026528548465,0.04213449774701805
5983,0.0107415644496835,0.03728976916322275,0.0166445824346366,0.0754245546889236,0.1250314938523338
5984,0.01590573942406655,0.1036816560888946,0.03758244897404505,0.15659951621905774,0.1995344819255168
5985,0.02185223755230595,0.18030884501802374,0.06316777151076675,0.23340154134795846,0.2528827367860006
5986,0.02702592998046975,0.22891097513933956,0.09719979713503175,0.29226984728208305,0.2802358939174073
5987,0.0323600550589961,0.2450465065067909,0.10835204418413615,0.31925202341604547,0.2735605200051463
5988,0.0424633612484176,0.2564042469234405,0.10293064504749436,0.3102404488439709,0.25422306428587765
5989,0.0537656526852856,0.25064317957625576,0.1016325349198001,0.2711703964976732,0.2306243837880245
5990,0.0411182048607398,0.20349291330965275,0.08941781538164514,0.22029811385909145,0.1865571318252896
5991,0.0137277888673677,0.1308030774705691,0.0634485819919601,0.1679049804849989,0.1211490674192553
5992,0.00163810220365405,0.0679024589675516,0.02483616904546985,0.10723229504936005,0.04750382497031625
5993,0.0,0.00942202628892455,0.0,0.04159534274070675,0.0011192444702777
5994,0.0,0.0,0.0,0.00051376172992335,0.0
5995,0.0,0.0,0.0,0.0,0.0
5996,0.0,0.0,0.0,0.0,0.0
5997,0.0,0.0,0.0,0.0,0.0
5998,0.0,0.0,0.0,0.0,0.0
5999,0.0,0.0,0.0,0.0,0.0
6000,0.0,0.0,0.0,0.0,0.0
6001,0.0,0.0,0.0,0.0,0.0
6002,0.0,0.0,0.0,0.0,0.0
6003,0.0,0.0,0.0,0.0,0.0
6004,0.0,0.0,0.0,0.0,0.0
6005,0.0,0.0,0.0,0.0,0.0
6006,0.02184033076041885,0.0,0.007505372055231,0.0082148825605366,0.04861367898861105
6007,0.06741547541249734,0.0181530584910051,0.03683997635797425,0.0732178442596074,0.1331940861330055
6008,0.10410893165117666,0.0548380697542259,0.06056481094265855,0.15096421372939506,0.20971266379939296
6009,0.1269719988323573,0.08691938345455205,0.07513838190634756,0.22277997015411186,0.2646226976095429
6010,0.1166443695518983,0.11008094401551385,0.08253218681503115,0.27442899093164286,0.29182542973601516
6011,0.08294605023750724,0.1218804307739994,0.08007102737508505,0.2927369653116417,0.28520978827671234
6012,0.06008150917962165,0.13618839873752636,0.07523331512359065,0.290248779815919,0.26679626495824477
6013,0.0453025117216072,0.1318942079685938,0.0603388276589325,0.2780810561683084,0.24279819457344914
6014,0.0348976726042531,0.10720003513877595,0.03869633308338335,0.2493895150333729,0.19512579810466554
6015,0.0228510401445825,0.07740663568650814,0.02231952493983945,0.2013476068248062,0.1279309989885443
6016,0.00368297055464255,0.03783100634603625,0.0051730386161356,0.1337137613058287,0.05013632690468
6017,0.0,0.00312271060639845,0.0,0.0538857895430792,0.0
6018,0.0,0.0,0.0,0.00092037229807915,0.0
6019,0.0,0.0,0.0,0.0,0.0
6020,0.0,0.0,0.0,0.0,0.0
6021,0.0,0.0,0.0,0.0,0.0
6022,0.0,0.0,0.0,0.0,0.0
6023,0.0,0.0,0.0,0.0,0.0
6024,0.0,0.0,0.0,0.0,0.0
6025,0.0,0.0,0.0,0.0,0.0
6026,0.0,0.0,0.0,0.0,0.0
6027,0.0,0.0,0.0,0.0,0.0
6028,0.0,0.0,0.0,0.0,0.0
6029,0.0,0.0,0.0,0.0,0.0
6030,0.0006585308944632,0.00374495904547025,0.0015893090724726,0.01196433501721385,0.0377541471222674
6031,0.02058650872920615,0.0621889461455223,0.01804082444642965,0.0836914586239632,0.1205173921448016
6032,0.0649345545527808,0.13741240622956125,0.03807610159817965,0.16305047459317315,0.19960414439616925
6033,0.1065060209374113,0.2017472504206448,0.06331953878394445,0.23210880852232205,0.25579815587859395
6034,0.13974576964766156,0.2428493404254121,0.09330019248709626,0.2768878862904656,0.28735606522771817
6035,0.1584897520789732,0.253234511962948,0.11712319921102934,0.29574858980282637,0.2975419307641751
6036,0.1460176069033947,0.2566931176025245,0.124945063643829,0.2908204644666281,0.2836821338857331
6037,0.1305966211376035,0.24065709306829006,0.1294906553397428,0.2558176085154838,0.24892076472867206
6038,0.113092805681468,0.19838256187193395,0.12046358067626785,0.20363147398924314,0.1957526096560839
6039,0.08712488380644536,0.1422063428786728,0.08599149218091055,0.14653754623243115,0.12747569271546605
6040,0.0388653068009563,0.07024468252538366,0.0371528452456807,0.08356610928032235,0.0514190729446876
6041,0.0,0.0056792839294104,0.0,0.0288744543224818,0.00131190748720205
6042,0.0,0.0,0.0,0.0,0.0
6043,0.0,0.0,0.0,0.0,0.0
6044,0.0,0.0,0.0,0.0,0.0
6045,0.0,0.0,0.0,0.0,0.0
6046,0.0,0.0,0.0,0.0,0.0
6047,0.0,0.0,0.0,0.0,0.0
6048,0.0,0.0,0.0,0.0,0.0
6049,0.0,0.0,0.0,0.0,0.0
6050,0.0,0.0,0.0,0.0,0.0
6051,0.0,0.0,0.0,0.0,0.0
6052,0.0,0.0,0.0,0.0,0.0
6053,0.0,0.0,0.0,0.0,0.0
6054,0.0507570910602972,0.02053446301861735,0.01890083721943285,0.00401319422844815,0.0458768076291383
6055,0.13181544684709146,0.1005240228027038,0.08763880566695274,0.04594906082098465,0.1275057227400701
6056,0.2053656581347815,0.18537590582392105,0.16568853578876774,0.0999188254921405,0.2033672785096027
6057,0.25476224712808204,0.24279346995889825,0.23563717867436984,0.1523664127300462,0.2587842961582383
6058,0.2686220673011778,0.2613554027282887,0.2813795778346634,0.2076595595266736,0.28373334378800985
6059,0.24782997188613995,0.26004067441966394,0.2912272788696024,0.24712085163996494,0.2785036121865913
6060,0.2064736668880259,0.24240691496006295,0.2694380126683978,0.2484800700603899,0.25395501689133554
6061,0.16714666854178245,0.21711333999288415,0.2267999077139326,0.2198555444625974,0.21810748103167146
6062,0.1408401531907283,0.17289432464373666,0.17726266151722075,0.1728482750629669,0.17163265679318296
6063,0.10128429243514835,0.10998151183403905,0.11990951781899906,0.11919104036097054,0.11406885460286635
6064,0.03938536705919375,0.05231602276778025,0.05037321863144095,0.0702522066393062,0.0441860329605662
6065,0.0,0.00383768488724795,0.0,0.0261079117069535,0.0
6066,0.0,0.0,0.0,0.0,0.0
6067,0.0,0.0,0.0,0.0,0.0
6068,0.0,0.0,0.0,0.0,0.0
6069,0.0,0.0,0.0,0.0,0.0
6070,0.0,0.0,0.0,0.0,0.0
6071,0.0,0.0,0.0,0.0,0.0
6072,0.0,0.0,0.0,0.0,0.0
6073,0.0,0.0,0.0,0.0,0.0
6074,0.0,0.0,0.0,0.0,0.0
6075,0.0,0.0,0.0,0.0,0.0
6076,0.0,0.0,0.0,0.0,0.0
6077,0.0,0.0,0.0,0.0,0.0
6078,0.04510763653725105,0.01762943620726095,0.02324638393945905,0.0100300698038651,0.0408018038634585
6079,0.11753698416909025,0.0943929650176217,0.1043649011017486,0.0808584074451675,0.1230448387522105
6080,0.19513938971762554,0.18832967208967366,0.1872430483506633,0.16495794242046685,0.20383400382882025
6081,0.25255072927883215,0.267748591202871,0.2531292714949025,0.24031149040131455,0.2638740009772244
6082,0.28293253736428314,0.306059207861308,0.2953583041755377,0.2941428610179215,0.2971292119638967
6083,0.2851148959065095,0.30632136394194226,0.294811589673739,0.3254143040720858,0.3043868683435312
6084,0.26593480479343484,0.26914231027587326,0.2609186168653527,0.3358278271074553,0.2872936225241014
6085,0.23240940484770944,0.2045392760559377,0.21595200088965535,0.3215074652481181,0.2496342512794277
6086,0.1847959635590824,0.13695496575531774,0.15423386426443605,0.2807800644297648,0.19101571526285
6087,0.1176875785152649,0.08792714500850544,0.0880696082495293,0.2189472275377211,0.11769906518314395
6088,0.0396219081470546,0.0387153849128142,0.0290117320530874,0.14055015374096974,0.0426849628160394
6089,0.0,0.00075593051088505,0.0,0.0544486044112202,0.0
6090,0.0,0.0,0.0,0.0,0.0
6091,0.0,0.0,0.0,0.0,0.0
6092,0.0,0.0,0.0,0.0,0.0
6093,0.0,0.0,0.0,0.0,0.0
6094,0.0,0.0,0.0,0.0,0.0
6095,0.0,0.0,0.0,0.0,0.0
6096,0.0,0.0,0.0,0.0,0.0
6097,0.0,0.0,0.0,0.0,0.0
6098,0.0,0.0,0.0,0.0,0.0
6099,0.0,0.0,0.0,0.0,0.0
6100,0.0,0.0,0.0,0.0,0.0
6101,0.0,0.0,0.0,0.0,0.0
6102,0.04251237106364125,0.016533685098771,0.0014283498230751,0.0114009803480405,0.04980577901166065
6103,0.11263023948057604,0.1009916328807609,0.0207889186786624,0.08861420599652775,0.139794501770554
6104,0.17292741923053556,0.19178425965784904,0.06462023478230106,0.17967773353430194,0.2200058385853374
6105,0.21929270688860464,0.26251871336876353,0.11554115063815246,0.2579095733939362,0.2766858016051899
6106,0.24877742807002465,0.313593438524288,0.15341495332563895,0.3132075467576392,0.3090128937712521
6107,0.25478179820388036,0.3394077321084919,0.1745985286059442,0.34107453851379194,0.3215339930582178
6108,0.2375743838112387,0.33597057812808206,0.18095590354385,0.3423300957789364,0.3087402159315853
6109,0.1868448365426509,0.3083930849984321,0.1741006678299094,0.3232845090663398,0.2722424346856786
6110,0.13337219162775815,0.2579975192853531,0.1379448850409705,0.28447473972397125,0.21430397364295156
6111,0.08991405535844355,0.18579887448421195,0.0847471899465312,0.2237912051827059,0.1372804948187561
6112,0.03329888076683365,0.0955885111372594,0.0327555442232835,0.14254332331979655,0.0532027498385574
6113,0.0,0.01094882944,0.0,0.05364474546574365,0.00079571842790315
6114,0.0,0.0,0.0,0.0,0.0
6115,0.0,0.0,0.0,0.0,0.0
6116,0.0,0.0,0.0,0.0,0.0
6117,0.0,0.0,0.0,0.0,0.0
6118,0.0,0.0,0.0,0.0,0.0
6119,0.0,0.0,0.0,0.0,0.0
6120,0.0,0.0,0.0,0.0,0.0
6121,0.0,0.0,0.0,0.0,0.0
6122,0.0,0.0,0.0,0.0,0.0
6123,0.0,0.0,0.0,0.0,0.0
6124,0.0,0.0,0.0,0.0,0.0
6125,0.0,0.0,0.0,0.0,0.0
6126,0.0420488684965603,0.0165750693933973,0.01663141601063665,0.01122863533257435,0.05068821467476665
6127,0.11471193381059235,0.0922840062351871,0.08670199856391494,0.08987290427687505,0.14026909794960304
6128,0.19028370197109834,0.1853997923254635,0.1543722308869291,0.18272103172888185,0.2202258832104635
6129,0.2556123107208645,0.2705621431289359,0.201705569684725,0.2597259700913238,0.2781705828165927
6130,0.28479193077874315,0.3212777611887933,0.2089016229501171,0.3122237142861065,0.31465379594436405
6131,0.27078831623882016,0.34220480752201843,0.18406911324910336,0.34025535988309796,0.3266811033246187
6132,0.23117097943052645,0.3371230085341387,0.1576648308894141,0.3438167130930869,0.3153901869949212
6133,0.17985666283866594,0.3090034273004102,0.13574705501600245,0.32476165764070664,0.282174587359035
6134,0.13834325423609406,0.25807543284292905,0.1077439711938441,0.2808618619961265,0.22393404800941924
6135,0.08874096187383525,0.1835939349991543,0.06758922869096125,0.21275485818169815,0.14442488185538685
6136,0.02657921409039745,0.09280092454722805,0.0225702443931509,0.12959080064544276,0.05466878975400855
6137,0.0,0.00954299722406665,0.0,0.04692343003264015,0.000719564360884
6138,0.0,0.0,0.0,0.0,0.0
6139,0.0,0.0,0.0,0.0,0.0
6140,0.0,0.0,0.0,0.0,0.0
6141,0.0,0.0,0.0,0.0,0.0
6142,0.0,0.0,0.0,0.0,0.0
6143,0.0,0.0,0.0,0.0,0.0
6144,0.0,0.0,0.0,0.0,0.0
6145,0.0,0.0,0.0,0.0,0.0
6146,0.0,0.0,0.0,0.0,0.0
6147,0.0,0.0,0.0,0.0,0.0
6148,0.0,0.0,0.0,0.0,0.0
6149,0.0,0.0,0.0,0.0,0.0
6150,0.0126921859262135,0.01240271008392335,0.00945554171996985,0.0089535944823294,0.0531891083152351
6151,0.0576945041818624,0.0839497089990236,0.07570242220757326,0.07204547650914195,0.14588927441120314
6152,0.11253972113473786,0.15581335923491416,0.15105471376522256,0.15042739357123394,0.2273952260914893
6153,0.1596292497939541,0.2180820199863469,0.21375484359862296,0.2218076997122611,0.2864065938091149
6154,0.18225597297527835,0.2645758998997643,0.2451143558548056,0.2773421328427735,0.3199894006457907
6155,0.18004454594795286,0.28916505592185315,0.23960875213377375,0.3113021187140518,0.32890856455124273
6156,0.1640832363082803,0.2871193166493985,0.21747567189880984,0.3159284916525642,0.31708223326735707
6157,0.14472784022062626,0.2637887770131026,0.19234180016465155,0.2945265070849659,0.2826465068144217
6158,0.12177600469519555,0.21982358816402855,0.15958335074687746,0.25198370119910485,0.2219683114149939
6159,0.07790618605808915,0.14827489622561085,0.11241294776026965,0.1866430583688398,0.14092103745694565
6160,0.02157017147329005,0.0691411384653163,0.04818851379255775,0.1089541310231346,0.05220070805370315
6161,0.0,0.0029321395081199,0.0,0.03739720652237965,0.0
6162,0.0,0.0,0.0,0.0,0.0
6163,0.0,0.0,0.0,0.0,0.0
6164,0.0,0.0,0.0,0.0,0.0
6165,0.0,0.0,0.0,0.0,0.0
6166,0.0,0.0,0.0,0.0,0.0
6167,0.0,0.0,0.0,0.0,0.0
6168,0.0,0.0,0.0,0.0,0.0
6169,0.0,0.0,0.0,0.0,0.0
6170,0.0,0.0,0.0,0.0,0.0
6171,0.0,0.0,0.0,0.0,0.0
6172,0.0,0.0,0.0,0.0,0.0
6173,0.0,0.0,0.0,0.0,0.0
6174,0.0425188125688758,0.00729230840550395,0.0217660005448771,0.009392458438652,0.04961885817476985
6175,0.11755082733572535,0.0728175858787287,0.0996668838025697,0.0804726433595419,0.13904782206163666
6176,0.20005580998848754,0.16375007964375726,0.1863798999160657,0.1702983460829332,0.2180551499475723
6177,0.2652027308166268,0.2465442200817972,0.2598529616630044,0.24805144506556975,0.2741499910147545
6178,0.3034965470570283,0.30126156277644295,0.301770143723522,0.2979211485117137,0.3052191386275104
6179,0.31291530988000826,0.3240397074373493,0.3140589320087693,0.323113453955512,0.31006571920089643
6180,0.29782127788202395,0.315248377436931,0.3028531969745099,0.32636655829087863,0.29127808148324297
6181,0.262805755129557,0.2799244249413142,0.2721265650249913,0.30648275537898867,0.2508763565307818
6182,0.20270930586264496,0.22613686095221736,0.21907165407219664,0.26377941004388616,0.1926326873069664
6183,0.125080026927849,0.1585254151581436,0.14458768118080276,0.1992051394966459,0.11728800462084644
6184,0.04157653621695065,0.07680258145648396,0.0595336048605698,0.1196217515036474,0.03787132064337435
6185,0.0,0.00453202233500155,0.0,0.04133998507198835,0.0
6186,0.0,0.0,0.0,0.0,0.0
6187,0.0,0.0,0.0,0.0,0.0
6188,0.0,0.0,0.0,0.0,0.0
6189,0.0,0.0,0.0,0.0,0.0
6190,0.0,0.0,0.0,0.0,0.0
6191,0.0,0.0,0.0,0.0,0.0
6192,0.0,0.0,0.0,0.0,0.0
6193,0.0,0.0,0.0,0.0,0.0
6194,0.0,0.0,0.0,0.0,0.0
6195,0.0,0.0,0.0,0.0,0.0
6196,0.0,0.0,0.0,0.0,0.0
6197,0.0,0.0,0.0,0.0,0.0
6198,0.0505641083433851,0.01277464039674695,0.01403193999150655,0.01007321760199365,0.0445853603967613
6199,0.13685018042646485,0.0919512376858179,0.07545923946002266,0.08124074042547445,0.1325553634729679
6200,0.2159767896166585,0.18199151563952676,0.1454917655560759,0.1677860327607412,0.21343852429869845
6201,0.2701266120334569,0.25836964319383743,0.205082778827224,0.243824838156452,0.2714944336684246
6202,0.29636201468023693,0.3063527304937422,0.2323487424343737,0.2972488194589304,0.30314061031229556
6203,0.2908667051484424,0.3227771442283732,0.24235540956624185,0.3260468117560485,0.31017308017367196
6204,0.2634907964379987,0.3106454848758503,0.23137493514219415,0.32998558232950553,0.29769675494329084
6205,0.22243785518419604,0.2785560416558353,0.191592742417983,0.3083911680430204,0.26096431856382307
6206,0.16133456208061436,0.22229248452385436,0.1417667282875663,0.2641684998965456,0.2040339868184878
6207,0.0911088520442855,0.14943128494734964,0.08431090425755795,0.2004744418220217,0.13064322134072864
6208,0.0258345888651067,0.07444210153375205,0.0272028476755611,0.1213382604894988,0.04659353110019275
6209,0.0,0.00438732870255955,0.0,0.0419038091520223,0.0
6210,0.0,0.0,0.0,0.0,0.0
6211,0.0,0.0,0.0,0.0,0.0
6212,0.0,0.0,0.0,0.0,0.0
6213,0.0,0.0,0.0,0.0,0.0
6214,0.0,0.0,0.0,0.0,0.0
6215,0.0,0.0,0.0,0.0,0.0
6216,0.0,0.0,0.0,0.0,0.0
6217,0.0,0.0,0.0,0.0,0.0
6218,0.0,0.0,0.0,0.0,0.0
6219,0.0,0.0,0.0,0.0,0.0
6220,0.0,0.0,0.0,0.0,0.0
6221,0.0,0.0,0.0,0.0,0.0
6222,0.01992128254865855,0.0145646432774713,0.00600232925732595,0.01026985396829695,0.0462593907772594
6223,0.0695053763749423,0.09130451431289645,0.05623001057617555,0.0822660624886307,0.13357655517776984
6224,0.1220150846020049,0.1759956080571872,0.1162643449712078,0.17219791310732174,0.21623599035004815
6225,0.18225409746063945,0.2540995750706358,0.16764880169117055,0.24988947775611295,0.2753711386881627
6226,0.2087110402772946,0.3047784289357404,0.20429742402080994,0.30352338403097645,0.30848133939842043
6227,0.1866899073752763,0.3151265390629757,0.22038334179616115,0.3323534298216524,0.31796140471701684
6228,0.1653165136784103,0.30427895129794247,0.21328315326644925,0.33564419069275,0.30234963068113924
6229,0.1482759911427691,0.2685972466767435,0.19185967403946064,0.3131942153011664,0.26655883144529186
6230,0.1158907774957801,0.21766809164588974,0.15665061775547,0.2671926711187201,0.20874088760040005
6231,0.06957953411165065,0.1552276752854681,0.1062478508057666,0.2018206997581038,0.13046770521822634
6232,0.019877014379726,0.0692819939180008,0.04281560608500615,0.12130192155587766,0.04561456726373715
6233,0.0,0.0016280562390668,0.0,0.04096444155209525,0.0
6234,0.0,0.0,0.0,0.0,0.0
6235,0.0,0.0,0.0,0.0,0.0
6236,0.0,0.0,0.0,0.0,0.0
6237,0.0,0.0,0.0,0.0,0.0
6238,0.0,0.0,0.0,0.0,0.0
6239,0.0,0.0,0.0,0.0,0.0
6240,0.0,0.0,0.0,0.0,0.0
6241,0.0,0.0,0.0,0.0,0.0
6242,0.0,0.0,0.0,0.0,0.0
6243,0.0,0.0,0.0,0.0,0.0
6244,0.0,0.0,0.0,0.0,0.0
6245,0.0,0.0,0.0,0.0,0.0
6246,0.04265743627781505,0.0039932164539666,0.0245898688636233,0.0090392795127288,0.03953721603164605
6247,0.1144088477430085,0.0616416482532635,0.11015823024596196,0.0779570304135003,0.1215240752167782
6248,0.18322943403710204,0.14072725245261755,0.1886409392212013,0.16287823437034235,0.19940874088464944
6249,0.2328814997664062,0.202436862157967,0.2393144656102871,0.23268685404385506,0.25957643538099445
6250,0.2614992495376618,0.24969370333982846,0.27312462096176277,0.2714097071590851,0.29918111846309076
6251,0.27283520180372905,0.27495690457028693,0.29535171422781736,0.297192021020331,0.3112507892933056
6252,0.26354238637371014,0.25262454856814254,0.2900497519755393,0.30567216434040123,0.29392560135481194
6253,0.22879934886277584,0.23713980758529096,0.25835583149795216,0.28278498060739066,0.25142231520982233
6254,0.1781315450987163,0.20964007275085944,0.2083913033375839,0.23986998014608826,0.187553201401451
6255,0.1118076191728009,0.13506935953983745,0.13584684843271,0.1793035566727123,0.1096742515317726
6256,0.03378151815374135,0.0569872974719382,0.05252833608678825,0.1065155381987171,0.0326884731547837
6257,0.0,0.0007889159924943,0.0,0.0352001022748289,0.0
6258,0.0,0.0,0.0,0.0,0.0
6259,0.0,0.0,0.0,0.0,0.0
6260,0.0,0.0,0.0,0.0,0.0
6261,0.0,0.0,0.0,0.0,0.0
6262,0.0,0.0,0.0,0.0,0.0
6263,0.0,0.0,0.0,0.0,0.0
6264,0.0,0.0,0.0,0.0,0.0
6265,0.0,0.0,0.0,0.0,0.0
6266,0.0,0.0,0.0,0.0,0.0
6267,0.0,0.0,0.0,0.0,0.0
6268,0.0,0.0,0.0,0.0,0.0
6269,0.0,0.0,0.0,0.0,0.0
6270,0.03022130477658085,0.01532571211077715,0.0251036237523109,0.009132964568937,0.0264566421001622
6271,0.10356779802290945,0.098978285812634,0.11400126572240644,0.07872185135813485,0.0923865000847534
6272,0.1892090985979584,0.1902820466356753,0.2019411467300154,0.1672966856988577,0.1608688039490912
6273,0.24701537262072296,0.27091279397268225,0.2630114850755079,0.2458514735206528,0.2112583062871915
6274,0.254733336034233,0.3277747901586579,0.2921636184242322,0.30197259288319606,0.2355120424757289
6275,0.23690592907087235,0.3528676469972254,0.295487018902264,0.33154299384474983,0.236667863806111
6276,0.22797378015216924,0.3492741226302035,0.28333680609097517,0.33428018398245773,0.2203993773528878
6277,0.2053666596718563,0.316833119320776,0.25813282686494793,0.3167796177360737,0.1853675732282411
6278,0.1640896720036025,0.26069557825085293,0.2091537310464277,0.27744110134193767,0.13114520274734104
6279,0.10977751863041635,0.18396209738496144,0.1360374219813041,0.2123535258456597,0.07205519793212226
6280,0.03643676544661715,0.08937714712925865,0.0534105676775492,0.1289287418937101,0.021376627947852
6281,0.0,0.006517053851964,0.0,0.0430683340510134,0.0
6282,0.0,0.0,0.0,0.0,0.0
6283,0.0,0.0,0.0,0.0,0.0
6284,0.0,0.0,0.0,0.0,0.0
6285,0.0,0.0,0.0,0.0,0.0
6286,0.0,0.0,0.0,0.0,0.0
6287,0.0,0.0,0.0,0.0,0.0
6288,0.0,0.0,0.0,0.0,0.0
6289,0.0,0.0,0.0,0.0,0.0
6290,0.0,0.0,0.0,0.0,0.0
6291,0.0,0.0,0.0,0.0,0.0
6292,0.0,0.0,0.0,0.0,0.0
6293,0.0,0.0,0.0,0.0,0.0
6294,0.0532632248933472,0.0205669089697297,0.02341764317511685,0.01058156815621875,0.0359318119297689
6295,0.1478704503984962,0.1134664759760753,0.108846903764551,0.0844522764818012,0.12056401934244525
6296,0.2328711848809214,0.21070848610068926,0.19410814249500394,0.17520388783572655,0.20066802956685245
6297,0.2954476094763215,0.28471764272716776,0.2616841597196233,0.2513737692245486,0.2605816754097365
6298,0.3329174725316819,0.32926740222134004,0.3024034777312758,0.30215402920547546,0.2919087265565697
6299,0.34219853052425575,0.3482464245781001,0.31912186193310293,0.3261594861418617,0.30043503194219795
6300,0.3248454118318556,0.3412634432340466,0.31247079673033384,0.3276447539290564,0.28361008438562807
6301,0.2818888449304441,0.3088958299975267,0.2790334771878895,0.30602400108852285,0.24213765607095886
6302,0.21434095761021754,0.25325085569159256,0.2222144580082635,0.2588789565826554,0.1839040840084184
6303,0.12716580721048845,0.17544580014327524,0.14376178095489595,0.1895695062860933,0.11155142631245625
6304,0.0375503743009986,0.0828331379743692,0.05557588082852335,0.10968940266257605,0.0365929045052377
6305,0.0,0.00493890794228455,0.0,0.035501897652513,0.0
6306,0.0,0.0,0.0,0.0,0.0
6307,0.0,0.0,0.0,0.0,0.0
6308,0.0,0.0,0.0,0.0,0.0
6309,0.0,0.0,0.0,0.0,0.0
6310,0.0,0.0,0.0,0.0,0.0
6311,0.0,0.0,0.0,0.0,0.0
6312,0.0,0.0,0.0,0.0,0.0
6313,0.0,0.0,0.0,0.0,0.0
6314,0.0,0.0,0.0,0.0,0.0
6315,0.0,0.0,0.0,0.0,0.0
6316,0.0,0.0,0.0,0.0,0.0
6317,0.0,0.0,0.0,0.0,0.0
6318,0.05816593134971535,0.0127338304454667,0.02755685995438375,0.00655638378310015,0.04217669752322835
6319,0.1536977950364083,0.0930892042380864,0.11888489289346195,0.0562936448826399,0.12656327887661276
6320,0.2386810471169966,0.1899040842981131,0.2079481770077895,0.1273616322626359,0.2057236961026788
6321,0.29862494908569137,0.2710695346501649,0.2743910874147827,0.1963640454156148,0.26251974897531916
6322,0.3319721339263189,0.3223649888816828,0.31485106108972327,0.2453872100376835,0.291387130791527
6323,0.33957879850206546,0.34370851850673556,0.3300969852667055,0.26154207965549353,0.296310791459131
6324,0.32209511075899405,0.3366352270464121,0.32041546284768835,0.2518468800267625,0.27706799249289776
6325,0.2800264528024133,0.30643218678876705,0.2860923283001206,0.2230533323309216,0.2336167999129441
6326,0.2133283282249481,0.25118315417159703,0.2272699543427663,0.1722526855750042,0.1749275822205592
6327,0.1264627166316929,0.170440096168881,0.1466573491897903,0.11141233217694625,0.1032800095160443
6328,0.0366841628373693,0.0772094108295127,0.05573089811498685,0.05568665551632845,0.02858016498129545
6329,0.0,0.00224423012264715,0.0,0.01431393159443555,0.0
6330,0.0,0.0,0.0,0.0,0.0
6331,0.0,0.0,0.0,0.0,0.0
6332,0.0,0.0,0.0,0.0,0.0
6333,0.0,0.0,0.0,0.0,0.0
6334,0.0,0.0,0.0,0.0,0.0
6335,0.0,0.0,0.0,0.0,0.0
6336,0.0,0.0,0.0,0.0,0.0
6337,0.0,0.0,0.0,0.0,0.0
6338,0.0,0.0,0.0,0.0,0.0
6339,0.0,0.0,0.0,0.0,0.0
6340,0.0,0.0,0.0,0.0,0.0
6341,0.0,0.0,0.0,0.0,0.0
6342,0.0456246133894155,0.0,0.0200313438350727,0.0019475691911373,0.02536613293165555
6343,0.13133937807416404,0.03616883823705875,0.1002596984116479,0.0222965520640092,0.08018669327842234
6344,0.2112857377739848,0.1181718022268323,0.17825907176201405,0.05694168493489935,0.13617557179439255
6345,0.26663100135864404,0.20765209302653365,0.2337399866543074,0.0962641399192126,0.17518265592542476
6346,0.28420736947327524,0.25916135386642536,0.2580765890983517,0.1256453703241772,0.1880003006731645
6347,0.2721551508171043,0.27534516392326663,0.2603131357364258,0.138833969635962,0.1847430278480249
6348,0.2392700288771641,0.2706859570293283,0.2487200174497547,0.14945543739318334,0.17099577876979605
6349,0.1840409577021647,0.23390718065957414,0.2180501827645897,0.1395109462576072,0.1394477511530741
6350,0.1202600004822937,0.1742582955248622,0.1667628092135211,0.10973330728364765,0.0993798942597071
6351,0.0603736675794886,0.11436197765056895,0.10135015625994664,0.0808790845833523,0.05577514705611565
6352,0.00981975238795465,0.04713497832390505,0.0340207128215233,0.0463196881942347,0.0146327952763656
6353,0.0,0.0,0.0,0.01449528794647675,0.0
6354,0.0,0.0,0.0,0.0,0.0
6355,0.0,0.0,0.0,0.0,0.0
6356,0.0,0.0,0.0,0.0,0.0
6357,0.0,0.0,0.0,0.0,0.0
6358,0.0,0.0,0.0,0.0,0.0
6359,0.0,0.0,0.0,0.0,0.0
6360,0.0,0.0,0.0,0.0,0.0
6361,0.0,0.0,0.0,0.0,0.0
6362,0.0,0.0,0.0,0.0,0.0
6363,0.0,0.0,0.0,0.0,0.0
6364,0.0,0.0,0.0,0.0,0.0
6365,0.0,0.0,0.0,0.0,0.0
6366,0.03099993746404815,0.0,0.005858489249944,0.0052990330621805,0.01399188902087725
6367,0.08673456776270105,0.00209029286731785,0.0233147173425145,0.0480766622227908,0.0686439446144393
6368,0.13403437527978165,0.02233009974358705,0.04019324446286485,0.10991679942072125,0.1380271287967945
6369,0.14833527063825525,0.0556850797024471,0.05496047827163025,0.16879048152549994,0.2016431018867194
6370,0.1414042273573682,0.1093413185610422,0.06237846303177745,0.20903588237042614,0.23324858789370725
6371,0.12978375174409604,0.1752951967654303,0.07633181043814945,0.22332364163404414,0.24378754637932615
6372,0.1071416676247879,0.20662461828303444,0.0870411680407581,0.22733309077529376,0.2357975395428779
6373,0.0675696790150096,0.19909522618346034,0.0875252583016346,0.21341538582860625,0.19810774410344936
6374,0.02986759102602115,0.16578396213325236,0.0708278634484541,0.1757353276338657,0.1436794799934695
6375,0.0131619445300977,0.10260744527542905,0.04078409470231825,0.12808792825638035,0.07806110581886515
6376,0.0014305345700652,0.03609315427160175,0.0104058744726673,0.07161855526368295,0.0168234916322531
6377,0.0,0.0,0.0,0.01939084646684125,0.0
6378,0.0,0.0,0.0,0.0,0.0
6379,0.0,0.0,0.0,0.0,0.0
6380,0.0,0.0,0.0,0.0,0.0
6381,0.0,0.0,0.0,0.0,0.0
6382,0.0,0.0,0.0,0.0,0.0
6383,0.0,0.0,0.0,0.0,0.0
6384,0.0,0.0,0.0,0.0,0.0
6385,0.0,0.0,0.0,0.0,0.0
6386,0.0,0.0,0.0,0.0,0.0
6387,0.0,0.0,0.0,0.0,0.0
6388,0.0,0.0,0.0,0.0,0.0
6389,0.0,0.0,0.0,0.0,0.0
6390,0.0077275719369161,0.0077719958600172,0.00594144412065845,0.0029319504817313,0.0296371854429892
6391,0.04353281109287215,0.0361886697211858,0.05182700696016225,0.02542713072499175,0.1076992976273132
6392,0.0967579332953904,0.057490022221744,0.10733039893806155,0.0576922801677398,0.18882509906648465
6393,0.1545643382675464,0.08078287437799135,0.1524518459392041,0.09082503428248205,0.2504088814839942
6394,0.1802957486941128,0.10384928369631445,0.17513588776571096,0.1224525175526164,0.2877228498875799
6395,0.16043896560825735,0.13136831449652264,0.1657508036141241,0.15900148513767096,0.2930947003085382
6396,0.1377955119912415,0.12810951962944664,0.13858886094009115,0.18053874817683296,0.2710343402765655
6397,0.11620564938497305,0.08470673172120716,0.10908943091147,0.1690905317395703,0.23345401145282374
6398,0.07167939601215124,0.04925062216474595,0.06525664196007185,0.14062004930933455,0.1782493775071755
6399,0.03035226565701615,0.03730657867586125,0.0233447190325762,0.10508765875580885,0.10980077756836135
6400,0.00268930906684455,0.01644293821793565,0.00094883195806715,0.05853754627422265,0.03395584182817495
6401,0.0,0.0,0.0,0.0146035154710885,0.0
6402,0.0,0.0,0.0,0.0,0.0
6403,0.0,0.0,0.0,0.0,0.0
6404,0.0,0.0,0.0,0.0,0.0
6405,0.0,0.0,0.0,0.0,0.0
6406,0.0,0.0,0.0,0.0,0.0
6407,0.0,0.0,0.0,0.0,0.0
6408,0.0,0.0,0.0,0.0,0.0
6409,0.0,0.0,0.0,0.0,0.0
6410,0.0,0.0,0.0,0.0,0.0
6411,0.0,0.0,0.0,0.0,0.0
6412,0.0,0.0,0.0,0.0,0.0
6413,0.0,0.0,0.0,0.0,0.0
6414,0.0060649869720959,0.0,0.0,0.0013009312724507,0.0380177225987974
6415,0.0386117408394007,0.03982454677090855,0.02722436955347065,0.0261762442863678,0.1215564726221355
6416,0.07162838902448185,0.10528763095661985,0.0802802981263685,0.07349078979280735,0.19864545853162136
6417,0.1035797663389359,0.16143166899501574,0.129623260658907,0.12317215565859176,0.25398797701906156
6418,0.1217300229810622,0.2035493541751765,0.1620916813934482,0.15513877268219906,0.27947499609783366
6419,0.11464182443029895,0.2365980890658094,0.1794544319875667,0.17887034417100556,0.2776969176363613
6420,0.09305294207485405,0.2372738036316296,0.17997016885283884,0.177909594384282,0.25186539158663374
6421,0.0777868828527159,0.18877141872149036,0.16905306934850664,0.1516752188054814,0.2069333304794012
6422,0.05556615664752995,0.14142059429357776,0.13183413230233665,0.1181665760191624,0.15470503502317046
6423,0.0223775294829613,0.0998369638241881,0.07210274985316735,0.0732717593734643,0.0906580585044834
6424,0.00226607444111175,0.0358187162033928,0.0135689622697135,0.0320727382254759,0.02424818591372315
6425,0.0,0.0,0.0,0.00440126125872905,0.0
6426,0.0,0.0,0.0,0.0,0.0
6427,0.0,0.0,0.0,0.0,0.0
6428,0.0,0.0,0.0,0.0,0.0
6429,0.0,0.0,0.0,0.0,0.0
6430,0.0,0.0,0.0,0.0,0.0
6431,0.0,0.0,0.0,0.0,0.0
6432,0.0,0.0,0.0,0.0,0.0
6433,0.0,0.0,0.0,0.0,0.0
6434,0.0,0.0,0.0,0.0,0.0
6435,0.0,0.0,0.0,0.0,0.0
6436,0.0,0.0,0.0,0.0,0.0
6437,0.0,0.0,0.0,0.0,0.0
6438,0.0276784919682574,0.0,0.00293812278217265,0.0030815677676492,0.02901888706108815
6439,0.0898093578694178,0.00076834362424635,0.03235319727952285,0.0333537159673288,0.1007704576329599
6440,0.16047468033337095,0.0032271266767958,0.06868153811311145,0.0954010881047613,0.17712510626801364
6441,0.19825133218213284,0.0065744341021513,0.10448083929692065,0.1544771999221122,0.23710284065172765
6442,0.2118996444592268,0.0149861712712743,0.1249643237230189,0.1878149068998499,0.2660310405881133
6443,0.21017840495809784,0.031589350423037,0.115160033911119,0.19786272632660745,0.269489791974962
6444,0.19255256778083515,0.0617373031041221,0.08318968324186354,0.1970364102122441,0.2493009624727084
6445,0.16800621116467204,0.08088688854245744,0.05143873168498815,0.17934127770354044,0.21253511216779655
6446,0.11133226557272545,0.07542532197431415,0.024945053099614,0.15328904457570675,0.1585602767165564
6447,0.0539321245672328,0.06203230596406435,0.00681503419354815,0.1223273431480213,0.0884719594271189
6448,0.0087786511440258,0.0268773647688702,0.0,0.0703205051327503,0.0236568644651129
6449,0.0,0.0,0.0,0.02009858570386835,0.0
6450,0.0,0.0,0.0,0.0,0.0
6451,0.0,0.0,0.0,0.0,0.0
6452,0.0,0.0,0.0,0.0,0.0
6453,0.0,0.0,0.0,0.0,0.0
6454,0.0,0.0,0.0,0.0,0.0
6455,0.0,0.0,0.0,0.0,0.0
6456,0.0,0.0,0.0,0.0,0.0
6457,0.0,0.0,0.0,0.0,0.0
6458,0.0,0.0,0.0,0.0,0.0
6459,0.0,0.0,0.0,0.0,0.0
6460,0.0,0.0,0.0,0.0,0.0
6461,0.0,0.0,0.0,0.0,0.0
6462,0.01265456862643305,0.0025029620189901,0.0,0.0065054588475647,0.0363711305722191
6463,0.07109140350007115,0.0529727127236861,0.01851249796096625,0.04314739948468145,0.120065791560977
6464,0.1450558588416991,0.11367519271331335,0.0525753985616348,0.10132907307282425,0.20274752753861844
6465,0.2123677850392039,0.1945239665015814,0.08095458713682535,0.15166258169510816,0.26444230719836875
6466,0.2513895830932044,0.2607239206808712,0.0978613580613207,0.18250733883367146,0.2978153645175109
6467,0.2522225056996956,0.2773615116922744,0.1092406711719882,0.2005958270493186,0.30558356552659005
6468,0.22616337004012374,0.25667257534787896,0.1088079043014186,0.20258277766019775,0.29007999766013975
6469,0.18516770480083705,0.21432012819406335,0.0923572928278089,0.1864774593059327,0.2505828723163135
6470,0.12419712831353355,0.1596597585817161,0.06124492984475275,0.15463986798340565,0.18904859154169995
6471,0.05675238988121645,0.0976740839445291,0.02977498135401565,0.10542741737684105,0.1128909130757117
6472,0.0038183689177655,0.03208637432517835,0.0053403926952355,0.0529975872452832,0.0331034547788673
6473,0.0,0.0,0.0,0.01253136887910895,0.0
6474,0.0,0.0,0.0,0.0,0.0
6475,0.0,0.0,0.0,0.0,0.0
6476,0.0,0.0,0.0,0.0,0.0
6477,0.0,0.0,0.0,0.0,0.0
6478,0.0,0.0,0.0,0.0,0.0
6479,0.0,0.0,0.0,0.0,0.0
6480,0.0,0.0,0.0,0.0,0.0
6481,0.0,0.0,0.0,0.0,0.0
6482,0.0,0.0,0.0,0.0,0.0
6483,0.0,0.0,0.0,0.0,0.0
6484,0.0,0.0,0.0,0.0,0.0
6485,0.0,0.0,0.0,0.0,0.0
6486,0.0,0.0047824002104215,0.0017697386559768,0.0051551486509873,0.03657060283834935
6487,0.02588339448211355,0.05448511479504785,0.04242073233055155,0.04833735258613905,0.118191023598174
6488,0.0526516284229428,0.1188135423041861,0.1004319973521273,0.11591783144943535,0.1985747938401165
6489,0.07103057393721365,0.1756360879265747,0.152167724545547,0.1827691100532067,0.25628402474468964
6490,0.08143033031584974,0.2189486937073234,0.17915845614942535,0.22997018464508115,0.285477942562715
6491,0.0764561298761432,0.24454026610189925,0.19102624794455145,0.25454258509808875,0.29034850906102805
6492,0.08591904157984855,0.23318116464626765,0.19466213985109446,0.2503081094943942,0.273049109446152
6493,0.09190034905578005,0.19865445287048905,0.169195924207473,0.2243708353648051,0.23426661101565616
6494,0.06711636274630535,0.1640789839717406,0.12385197392322395,0.19345831635689945,0.1761122769755305
6495,0.0329376357642207,0.1141763981938488,0.0706281380370872,0.1518502792324867,0.10242539580818386
6496,0.00457049902978145,0.04554877649152855,0.01388803607642555,0.09401362881048525,0.0265305230927245
6497,0.0,0.0015235073728394,0.0,0.0289631393460313,0.0
6498,0.0,0.0,0.0,0.0,0.0
6499,0.0,0.0,0.0,0.0,0.0
6500,0.0,0.0,0.0,0.0,0.0
6501,0.0,0.0,0.0,0.0,0.0
6502,0.0,0.0,0.0,0.0,0.0
6503,0.0,0.0,0.0,0.0,0.0
6504,0.0,0.0,0.0,0.0,0.0
6505,0.0,0.0,0.0,0.0,0.0
6506,0.0,0.0,0.0,0.0,0.0
6507,0.0,0.0,0.0,0.0,0.0
6508,0.0,0.0,0.0,0.0,0.0
6509,0.0,0.0,0.0,0.0,0.0
6510,0.00839905572930495,0.0169223496238688,0.011183559777356,0.0119482318405906,0.03057710581329525
6511,0.0710287717325686,0.09822802790845896,0.07884214710004045,0.0802806909455292,0.11019053058571245
6512,0.1579881685691913,0.19018370459366596,0.155014342995081,0.1689273161971974,0.1943492745990569
6513,0.2252531394327989,0.26445159527395784,0.21564373898748546,0.23975298740767545,0.2567848974611402
6514,0.2644165636403195,0.3108782713011104,0.25315172704637584,0.28307470400624446,0.29382406214479473
6515,0.2668096160348477,0.32890118228744497,0.2660015256194193,0.3005648365063323,0.30439091812870006
6516,0.2506509713070245,0.3229310845375796,0.2560652136870708,0.29736404947464923,0.28310980447028183
6517,0.2168006746317241,0.29185521749312066,0.21876862708691064,0.27470455635860414,0.2403723366395513
6518,0.15779475508736496,0.23231380011725675,0.15239476656969544,0.22756202306505044,0.1829426661479034
6519,0.0897089518389155,0.14398816685404564,0.0805979688486911,0.15827733905877034,0.10792278531128115
6520,0.02115184426488475,0.04854205814298825,0.01725024954618845,0.08118076219484414,0.02943474562258755
6521,0.0,0.0,0.0,0.01991676933011625,0.0
6522,0.0,0.0,0.0,0.0,0.0
6523,0.0,0.0,0.0,0.0,0.0
6524,0.0,0.0,0.0,0.0,0.0
6525,0.0,0.0,0.0,0.0,0.0
6526,0.0,0.0,0.0,0.0,0.0
6527,0.0,0.0,0.0,0.0,0.0
6528,0.0,0.0,0.0,0.0,0.0
6529,0.0,0.0,0.0,0.0,0.0
6530,0.0,0.0,0.0,0.0,0.0
6531,0.0,0.0,0.0,0.0,0.0
6532,0.0,0.0,0.0,0.0,0.0
6533,0.0,0.0,0.0,0.0,0.0
6534,0.0269764389982213,0.0,0.0007990737634056,0.0034862490042411,0.02974104519277215
6535,0.09365871067404395,0.00747500046968315,0.03733329303225065,0.0423027217560321,0.10767204618700625
6536,0.15368380440034535,0.03609520508775905,0.0936839807046427,0.1072930471144708,0.18634453440679216
6537,0.1919901925816482,0.0730442504149523,0.146138939161278,0.1664728683996499,0.2451341709249884
6538,0.21149086597986336,0.132506726338,0.1742582914548693,0.21238658758363516,0.28183015827306174
6539,0.2210141394794907,0.1791250098080581,0.17141657214250916,0.2443762633182307,0.29010611386947577
6540,0.2222294980415424,0.18364422951999446,0.157591263590819,0.2518452903090848,0.2732767833199777
6541,0.19351740180735535,0.17278394667720826,0.13935852295581244,0.24102716140749986,0.23821605512243385
6542,0.1338967446855321,0.16007118340881524,0.10685452727791506,0.21901135023294474,0.1802795164259542
6543,0.06978829679564665,0.1223442489743401,0.0586633630948586,0.16828629726756025,0.1048835624996057
6544,0.01163757054294695,0.0529996901089367,0.0086887845311414,0.0921967001779964,0.0281884418371888
6545,0.0,0.0039774009740913,0.0,0.0257965364293555,0.0
6546,0.0,0.0,0.0,0.0,0.0
6547,0.0,0.0,0.0,0.0,0.0
6548,0.0,0.0,0.0,0.0,0.0
6549,0.0,0.0,0.0,0.0,0.0
6550,0.0,0.0,0.0,0.0,0.0
6551,0.0,0.0,0.0,0.0,0.0
6552,0.0,0.0,0.0,0.0,0.0
6553,0.0,0.0,0.0,0.0,0.0
6554,0.0,0.0,0.0,0.0,0.0
6555,0.0,0.0,0.0,0.0,0.0
6556,0.0,0.0,0.0,0.0,0.0
6557,0.0,0.0,0.0,0.0,0.0
6558,0.027475145878997,0.01492299934000015,0.00922480764709325,0.00986234510337085,0.03028474231798595
6559,0.0921405307121059,0.0856229579565314,0.0593751539081865,0.0565396461105887,0.11011578926788865
6560,0.1691078930541926,0.1737558623477997,0.1193897702710381,0.12341787911563165,0.19420246170923636
6561,0.23220146277204606,0.24556244544719555,0.1639145309787702,0.17588622021695416,0.2574002138215202
6562,0.2707993840160637,0.29162335971457,0.18993059204684856,0.2120244529819242,0.287812390744506
6563,0.28126855274269696,0.3131084186814359,0.21357510024259335,0.2266337692418399,0.28954069429072155
6564,0.2644433333810386,0.29939649110541106,0.2151425334646797,0.209744746318293,0.2644543131014469
6565,0.2201515100567369,0.2612100242587347,0.1774422610551877,0.17844817049764064,0.22301650976075466
6566,0.1543058343710233,0.2007268970337424,0.1165005485602692,0.1424912442606962,0.1715292473176415
6567,0.0810513672606369,0.116653164839748,0.0569822754838064,0.0956332302922514,0.1010728093750783
6568,0.014266768313684,0.0344928305759741,0.01173285672636695,0.0453711312038246,0.02654158662180495
6569,0.0,0.0,0.0,0.00980988337517975,0.0
6570,0.0,0.0,0.0,0.0,0.0
6571,0.0,0.0,0.0,0.0,0.0
6572,0.0,0.0,0.0,0.0,0.0
6573,0.0,0.0,0.0,0.0,0.0
6574,0.0,0.0,0.0,0.0,0.0
6575,0.0,0.0,0.0,0.0,0.0
6576,0.0,0.0,0.0,0.0,0.0
6577,0.0,0.0,0.0,0.0,0.0
6578,0.0,0.0,0.0,0.0,0.0
6579,0.0,0.0,0.0,0.0,0.0
6580,0.0,0.0,0.0,0.0,0.0
6581,0.0,0.0,0.0,0.0,0.0
6582,0.00402422771122995,0.0,0.0,0.00314107568792645,0.03126903123682175
6583,0.0236214642833387,0.0290683095544999,0.00550943706559165,0.0326004142328525,0.1012631164293492
6584,0.0381776889452229,0.0929017953013292,0.0263664164383908,0.09268326275407625,0.1682157082118189
6585,0.04619178474454,0.1505882535974012,0.05295637099694775,0.1516455482598482,0.21890271217239854
6586,0.0469182672411431,0.15363255284158164,0.07831316410968316,0.1913298542449437,0.24794598187889905
6587,0.04687401966763415,0.14978855049704265,0.09637923603204775,0.21065967768607774,0.2489168399470667
6588,0.03978096387070605,0.1314831511781522,0.1019684902862273,0.2162198983827118,0.23109535773772824
6589,0.0253868217175936,0.0789889734417729,0.0990559727538927,0.19616976750003545,0.1973115497947382
6590,0.0129006479023863,0.06135751983965685,0.0786746867174385,0.1558582776092235,0.14569211350175715
6591,0.004344761518123,0.03924167451398645,0.04258844862744025,0.1143549954099833,0.081621739658697
6592,0.00065155516942835,0.00698315311046035,0.0107175328551393,0.0625330481620817,0.01885182620551
6593,0.0,0.0,0.0,0.0160332746607176,0.0
6594,0.0,0.0,0.0,0.0,0.0
6595,0.0,0.0,0.0,0.0,0.0
6596,0.0,0.0,0.0,0.0,0.0
6597,0.0,0.0,0.0,0.0,0.0
6598,0.0,0.0,0.0,0.0,0.0
6599,0.0,0.0,0.0,0.0,0.0
6600,0.0,0.0,0.0,0.0,0.0
6601,0.0,0.0,0.0,0.0,0.0
6602,0.0,0.0,0.0,0.0,0.0
6603,0.0,0.0,0.0,0.0,0.0
6604,0.0,0.0,0.0,0.0,0.0
6605,0.0,0.0,0.0,0.0,0.0
6606,0.01077198631101835,0.00747837802837475,0.0048487148616086,0.0085426712565081,0.0179957995001965
6607,0.06481716766772724,0.0726184766230262,0.04388882147325405,0.0555379408813967,0.07996463628723074
6608,0.11915031026741595,0.14004491908506664,0.0816877107723242,0.13289112046935475,0.14492736814135215
6609,0.14330523746242094,0.19798373918132295,0.1097441290585789,0.20648009943712756,0.2044001003828312
6610,0.1411928422545621,0.24625224362608295,0.113783820761917,0.2493701290269748,0.2373884660008958
6611,0.1266652371533142,0.2884357899338792,0.10964496357986195,0.27401529890052717,0.23402425789236925
6612,0.11592421587862395,0.3044686591362574,0.10227251159546075,0.28968049565365517,0.21018620406009214
6613,0.10301046822330315,0.2879115915912957,0.0821250292232905,0.28636835385499826,0.1798915552946515
6614,0.0742468411243376,0.2346136525741068,0.0605094668697255,0.2494877923140036,0.1414175841829985
6615,0.0385728061812252,0.13451312347889374,0.03206735801617225,0.17592095480194234,0.08178573785396134
6616,0.0048618102583488,0.04147468202533355,0.00426227646633145,0.0938549736684676,0.0191188831127908
6617,0.0,0.0,0.0,0.02814554517571845,0.0
6618,0.0,0.0,0.0,0.0,0.0
6619,0.0,0.0,0.0,0.0,0.0
6620,0.0,0.0,0.0,0.0,0.0
6621,0.0,0.0,0.0,0.0,0.0
6622,0.0,0.0,0.0,0.0,0.0
6623,0.0,0.0,0.0,0.0,0.0
6624,0.0,0.0,0.0,0.0,0.0
6625,0.0,0.0,0.0,0.0,0.0
6626,0.0,0.0,0.0,0.0,0.0
6627,0.0,0.0,0.0,0.0,0.0
6628,0.0,0.0,0.0,0.0,0.0
6629,0.0,0.0,0.0,0.0,0.0
6630,0.04128143419664905,0.0026703521934545,0.0005793503793677,0.00380547216195725,0.0370943361520145
6631,0.12422280191847505,0.0281882787686514,0.02558574947380135,0.01860055228884595,0.1236612903381794
6632,0.19054655136890936,0.05516371510196235,0.06305344437803305,0.04774702185819385,0.2055357346927538
6633,0.2357143256197498,0.0506614646323998,0.09208373010416365,0.07810886599553266,0.26163223479642345
6634,0.2490033443413088,0.0345549847590758,0.11486068735879015,0.1056895609000658,0.29746745414544284
6635,0.2334205069123995,0.02940457507191845,0.1054405629887095,0.1229602686632709,0.3106037852656916
6636,0.21969312535400826,0.02699023833422365,0.0728638521148353,0.13435958296049985,0.29286282429266575
6637,0.1814027318718735,0.02483175553940185,0.0469149306125885,0.13840106737852864,0.2502650597980557
6638,0.11078070025691256,0.0186631546914067,0.02434999302357325,0.12110867255056335,0.18726492510479534
6639,0.043550695482296,0.0073348054104289,0.0072674346810387,0.0863821621120723,0.1064449780394772
6640,0.0038427942350796,0.0,0.0,0.04476794229528745,0.02636038596321725
6641,0.0,0.0,0.0,0.0106714750589401,0.0
6642,0.0,0.0,0.0,0.0,0.0
6643,0.0,0.0,0.0,0.0,0.0
6644,0.0,0.0,0.0,0.0,0.0
6645,0.0,0.0,0.0,0.0,0.0
6646,0.0,0.0,0.0,0.0,0.0
6647,0.0,0.0,0.0,0.0,0.0
6648,0.0,0.0,0.0,0.0,0.0
6649,0.0,0.0,0.0,0.0,0.0
6650,0.0,0.0,0.0,0.0,0.0
6651,0.0,0.0,0.0,0.0,0.0
6652,0.0,0.0,0.0,0.0,0.0
6653,0.0,0.0,0.0,0.0,0.0
6654,0.00308797784121235,0.0,0.0,0.00275889831592305,0.02376328792152605
6655,0.0202053117948951,0.00195875849169735,0.0015536451954173,0.02951476807900135,0.0925190743989495
6656,0.0565718961139159,0.00705775284467735,0.0095555207352581,0.08043977641213275,0.15580019269444406
6657,0.09376024092143175,0.01804657680653015,0.0363192249284933,0.13502489696723205,0.20334068777264966
6658,0.11637043344693755,0.02018128443431995,0.070104038107648,0.16752603702955274,0.2320846721066763
6659,0.13167492632608835,0.0206915053008802,0.0941372235117859,0.1663345500958693,0.2334483826195679
6660,0.12925447057385994,0.02439994221547565,0.09965426732694105,0.15487843431749965,0.21594233105529426
6661,0.1236347020532738,0.02513749292202755,0.08558559566997374,0.14012772650776514,0.1845516663717603
6662,0.09939860722258595,0.03070696644434735,0.0702642675022265,0.1162925802200303,0.1363659338453977
6663,0.04502062788169275,0.03153839080083405,0.0443929706608035,0.0863560600321513,0.0748748930173698
6664,0.0020302286575172,0.0104173371471821,0.00408918876028275,0.04753305109756965,0.0160806928300371
6665,0.0,0.0,0.0,0.01240518854441925,0.0
6666,0.0,0.0,0.0,0.0,0.0
6667,0.0,0.0,0.0,0.0,0.0
6668,0.0,0.0,0.0,0.0,0.0
6669,0.0,0.0,0.0,0.0,0.0
6670,0.0,0.0,0.0,0.0,0.0
6671,0.0,0.0,0.0,0.0,0.0
6672,0.0,0.0,0.0,0.0,0.0
6673,0.0,0.0,0.0,0.0,0.0
6674,0.0,0.0,0.0,0.0,0.0
6675,0.0,0.0,0.0,0.0,0.0
6676,0.0,0.0,0.0,0.0,0.0
6677,0.0,0.0,0.0,0.0,0.0
6678,0.03239393189280025,0.0,0.0027960860684059,0.00327692793836835,0.0277717975838559
6679,0.10362496389921685,0.0066866366156401,0.0287593510947578,0.02568658649969935,0.09816503056936025
6680,0.16234739540505636,0.03265492418606105,0.06149243760701995,0.06948982095744285,0.1704646179738052
6681,0.19204811520501025,0.07148731089361166,0.07500932097306645,0.11215167822600235,0.221465926780929
6682,0.1893373976657566,0.1107535004401288,0.0726868142322395,0.1319319290587735,0.24164978565029596
6683,0.1565561237433746,0.145098741681426,0.0665515739646381,0.1386327722208644,0.2481276569401003
6684,0.1135725143110909,0.1467248702745241,0.0545599856937178,0.1434465061719165,0.230092971488506
6685,0.08102852669743715,0.1083406165184549,0.03684606607130035,0.13894926748751465,0.18721674641809355
6686,0.05469945530836535,0.0655632717516542,0.0167933843175081,0.12044181235982945,0.13513082085479955
6687,0.02068478755752425,0.02648464962957405,0.0019076585280211,0.0863757037317356,0.071859166366249
6688,0.0,0.0,0.0,0.04613388593461675,0.01471244459545735
6689,0.0,0.0,0.0,0.01201060760655595,0.0
6690,0.0,0.0,0.0,0.0,0.0
6691,0.0,0.0,0.0,0.0,0.0
6692,0.0,0.0,0.0,0.0,0.0
6693,0.0,0.0,0.0,0.0,0.0
6694,0.0,0.0,0.0,0.0,0.0
6695,0.0,0.0,0.0,0.0,0.0
6696,0.0,0.0,0.0,0.0,0.0
6697,0.0,0.0,0.0,0.0,0.0
6698,0.0,0.0,0.0,0.0,0.0
6699,0.0,0.0,0.0,0.0,0.0
6700,0.0,0.0,0.0,0.0,0.0
6701,0.0,0.0,0.0,0.0,0.0
6702,0.0057545476200777,0.0009774886498911,0.00418355721293775,0.00370942034374985,0.0014755369145472
6703,0.02826697429042565,0.03252849638541225,0.02872275390130975,0.0314134863866514,0.0216041272555116
6704,0.05383918348211405,0.0988845427374566,0.07199558693984075,0.0871112597132586,0.0610560877248494
6705,0.07371421261922426,0.1370540529326188,0.10662997548704214,0.13604372218587185,0.09812020311869775
6706,0.07904906408735435,0.15752366819444005,0.125277652566474,0.1677268371466206,0.12605349967983645
6707,0.07157949398497565,0.17397842781114364,0.1328157177121578,0.1843220720435612,0.13539922785553085
6708,0.07093834575709425,0.1568415927058813,0.12713091747835464,0.18750890683239724,0.1221146015350418
6709,0.06725009084128294,0.12439018700539925,0.10632891909432335,0.16972579245913366,0.10191268800118394
6710,0.04634421005134335,0.09108715907220005,0.06995908690809645,0.1266676021247715,0.0740564341453427
6711,0.0219991161345653,0.057530817060854,0.02881038657304375,0.07984694072261035,0.04075700632114105
6712,0.0035088625155384,0.0171253291878368,0.0032470357175153,0.04167656648471575,0.01104065828793825
6713,0.0,0.0,0.0,0.0134474024290749,0.0
6714,0.0,0.0,0.0,0.0,0.0
6715,0.0,0.0,0.0,0.0,0.0
6716,0.0,0.0,0.0,0.0,0.0
6717,0.0,0.0,0.0,0.0,0.0
6718,0.0,0.0,0.0,0.0,0.0
6719,0.0,0.0,0.0,0.0,0.0
6720,0.0,0.0,0.0,0.0,0.0
6721,0.0,0.0,0.0,0.0,0.0
6722,0.0,0.0,0.0,0.0,0.0
6723,0.0,0.0,0.0,0.0,0.0
6724,0.0,0.0,0.0,0.0,0.0
6725,0.0,0.0,0.0,0.0,0.0
6726,0.02239929789807905,0.0099949823647763,0.00280133488589615,0.00523070682365175,0.0362322386253097
6727,0.0811179380858429,0.04551481386656405,0.01449959134747765,0.0484982962351255,0.12535867623584004
6728,0.15296924479723165,0.0833200250259257,0.02267201460531315,0.11241217410558485,0.2082737803425779
6729,0.20942880285134155,0.1005846106784686,0.0250577421645803,0.17633736489723,0.2643340837469466
6730,0.2238661927683416,0.101092183714403,0.0286771394468908,0.2237708897133783,0.2958130342824623
6731,0.2136206088676141,0.0989609301091892,0.03454297112033535,0.24696068079085734,0.30439412233883845
6732,0.1829496371417044,0.09866221778559454,0.03445143874259415,0.24722695604247474,0.2888648942407596
6733,0.1287697400645787,0.09182993426127095,0.0265421514141159,0.2277292321259407,0.2506174319913629
6734,0.072740363316203,0.0671494858678031,0.0117581876532583,0.18408807465274785,0.186702105928394
6735,0.03001999492422305,0.0396099957650374,0.0020424818506544,0.121626751512374,0.10109555153434585
6736,0.0047187511665961,0.01121800426034215,0.0,0.0583455668020171,0.0255469066704372
6737,0.0,0.0,0.0,0.0150467254771278,0.0
6738,0.0,0.0,0.0,0.0,0.0
6739,0.0,0.0,0.0,0.0,0.0
6740,0.0,0.0,0.0,0.0,0.0
6741,0.0,0.0,0.0,0.0,0.0
6742,0.0,0.0,0.0,0.0,0.0
6743,0.0,0.0,0.0,0.0,0.0
6744,0.0,0.0,0.0,0.0,0.0
6745,0.0,0.0,0.0,0.0,0.0
6746,0.0,0.0,0.0,0.0,0.0
6747,0.0,0.0,0.0,0.0,0.0
6748,0.0,0.0,0.0,0.0,0.0
6749,0.0,0.0,0.0,0.0,0.0
6750,0.0133519515711591,0.0,0.00150220068552245,0.0011100674280079,0.0346690441986934
6751,0.0461071092753644,0.0,0.01499713655608425,0.01263125295332585,0.1158341492200392
6752,0.0789215137399347,0.0014295155291673,0.0477386778415857,0.04201248139705155,0.1933178161012744
6753,0.10629470653606715,0.00558712943949395,0.079320284956423,0.08350812115129745,0.24762071980870684
6754,0.1139986236962048,0.0118461120870882,0.09195273996858785,0.1314785020324172,0.2800662883959413
6755,0.1094854809038239,0.0136769968654097,0.09469380877424115,0.167271478805408,0.2910623895450552
6756,0.095186463711131,0.0184981412410592,0.07683722646316725,0.17909539828697765,0.276054966595562
6757,0.06142174871973555,0.0355437550863498,0.0405665910286625,0.1829543237527908,0.2380256802142829
6758,0.02765501252240625,0.04453037286564195,0.01690071036429185,0.1729445899444475,0.1782611677894654
6759,0.00689548030791545,0.03203361404617515,0.00854954749462195,0.12747724588838055,0.09892441475219305
6760,0.0,0.0083283979324406,0.0016131873082139,0.0648434901694778,0.02305941354962855
6761,0.0,0.0,0.0,0.0164157172147607,0.0
6762,0.0,0.0,0.0,0.0,0.0
6763,0.0,0.0,0.0,0.0,0.0
6764,0.0,0.0,0.0,0.0,0.0
6765,0.0,0.0,0.0,0.0,0.0
6766,0.0,0.0,0.0,0.0,0.0
6767,0.0,0.0,0.0,0.0,0.0
6768,0.0,0.0,0.0,0.0,0.0
6769,0.0,0.0,0.0,0.0,0.0
6770,0.0,0.0,0.0,0.0,0.0
6771,0.0,0.0,0.0,0.0,0.0
6772,0.0,0.0,0.0,0.0,0.0
6773,0.0,0.0,0.0,0.0,0.0
6774,0.02045124826234915,0.00821343160529305,0.0013869772417223,0.0047383636746951,0.02845249005269775
6775,0.0958410314082745,0.04238453030483705,0.0256488791871394,0.04234424728897475,0.1032130806876324
6776,0.16831595742787805,0.08949112925719935,0.0635454177716843,0.10836806344108575,0.18266158144435035
6777,0.2128529716034109,0.11735286320814355,0.09539886454492535,0.16987384450980444,0.2403184970018461
6778,0.2078641444728884,0.1308543683685706,0.11843811226649655,0.21189682090611794,0.26915370208034267
6779,0.17061519708982545,0.15948160152894225,0.1418371753329463,0.22110389013731915,0.2702331750084302
6780,0.14424498504061806,0.2007131681898911,0.15553182464675586,0.19866706347623694,0.2509173166329619
6781,0.11215574166883854,0.2031240805063659,0.15154215714923555,0.1754037922476043,0.2145368606854066
6782,0.07429227669051584,0.1542774819075794,0.12726350223594646,0.15383244455901066,0.1541365737835047
6783,0.0377131351526477,0.09005483524437614,0.07397903443768974,0.11501783693950544,0.08131202635359965
6784,0.00713151132772065,0.0242993692157728,0.0138199551298592,0.05996345926143105,0.0188692485759711
6785,0.0,0.0,0.0,0.01415725277409895,0.0
6786,0.0,0.0,0.0,0.0,0.0
6787,0.0,0.0,0.0,0.0,0.0
6788,0.0,0.0,0.0,0.0,0.0
6789,0.0,0.0,0.0,0.0,0.0
6790,0.0,0.0,0.0,0.0,0.0
6791,0.0,0.0,0.0,0.0,0.0
6792,0.0,0.0,0.0,0.0,0.0
6793,0.0,0.0,0.0,0.0,0.0
6794,0.0,0.0,0.0,0.0,0.0
6795,0.0,0.0,0.0,0.0,0.0
6796,0.0,0.0,0.0,0.0,0.0
6797,0.0,0.0,0.0,0.0,0.0
6798,0.0357622334114059,0.0184658093978674,0.00842180158605675,0.0040402125109903,0.028005512404354
6799,0.116311737935903,0.0827181192733876,0.0520969121116904,0.07334524940342105,0.1022807444077704
6800,0.20101240367135825,0.17352269119993055,0.10026942311976784,0.16573157417885845,0.1784732973846103
6801,0.26406213308126986,0.2564174766213275,0.1477973544308852,0.24780957930352165,0.23795259029919935
6802,0.2929606128187234,0.31541987989180825,0.1838335474192367,0.3046105645295696,0.2749870849791397
6803,0.2925618715827683,0.3372737599152911,0.19828702482725225,0.332142680868897,0.2835211184609134
6804,0.2687662154371151,0.3278518875796179,0.190115075578145,0.3312181508642023,0.26145345678261517
6805,0.2252135288182309,0.29247461350669807,0.15914154457024976,0.30674345862588914,0.2183204823944108
6806,0.1613782957156125,0.23062343829312795,0.1177339020305749,0.2579489607268707,0.1591649243107924
6807,0.0804398437452013,0.14441202596035654,0.0638150365082549,0.1849330134842125,0.0848034119319276
6808,0.0210845822765995,0.0521939027495066,0.01411954288996245,0.09562243542944054,0.0195728755813872
6809,0.0,0.0,0.0,0.02586503357942085,0.0
6810,0.0,0.0,0.0,0.0,0.0
6811,0.0,0.0,0.0,0.0,0.0
6812,0.0,0.0,0.0,0.0,0.0
6813,0.0,0.0,0.0,0.0,0.0
6814,0.0,0.0,0.0,0.0,0.0
6815,0.0,0.0,0.0,0.0,0.0
6816,0.0,0.0,0.0,0.0,0.0
6817,0.0,0.0,0.0,0.0,0.0
6818,0.0,0.0,0.0,0.0,0.0
6819,0.0,0.0,0.0,0.0,0.0
6820,0.0,0.0,0.0,0.0,0.0
6821,0.0,0.0,0.0,0.0,0.0
6822,0.0316539115161278,0.0285134199507733,0.02172498554072075,0.0013426454355587,0.02524901899907015
6823,0.10600365110278845,0.0885109608115903,0.09052006654323184,0.0219903606377148,0.10017100813972545
6824,0.18985361124112834,0.1692400357232123,0.1765436827861552,0.07020343688967336,0.1855749236221398
6825,0.26063683236253604,0.22057181081341196,0.24189323390698944,0.12920041416184214,0.2539786886001413
6826,0.3019398588483498,0.25261311322312485,0.2774160512668587,0.1810905463585415,0.2912586696182986
6827,0.3115031472421063,0.26510729705860253,0.2859602326817333,0.20769506939280966,0.3000276974555959
6828,0.29265631139823867,0.25957160600014,0.2640638055714968,0.20820845587757006,0.2803449445624684
6829,0.2456877800541182,0.22926284083084245,0.21004010255728364,0.20017680463256285,0.2325230159433515
6830,0.17010943893369074,0.1544600739412386,0.13703549254029634,0.17305673983026185,0.1656202515558615
6831,0.0782757158320258,0.07391314163419985,0.0632007669728665,0.122608967527136,0.0853141145971918
6832,0.01911642184976635,0.01928025650196415,0.0090736062889067,0.06375503331442285,0.01738720061602475
6833,0.0,0.0,0.0,0.0189512733657342,0.0
6834,0.0,0.0,0.0,0.0,0.0
6835,0.0,0.0,0.0,0.0,0.0
6836,0.0,0.0,0.0,0.0,0.0
6837,0.0,0.0,0.0,0.0,0.0
6838,0.0,0.0,0.0,0.0,0.0
6839,0.0,0.0,0.0,0.0,0.0
6840,0.0,0.0,0.0,0.0,0.0
6841,0.0,0.0,0.0,0.0,0.0
6842,0.0,0.0,0.0,0.0,0.0
6843,0.0,0.0,0.0,0.0,0.0
6844,0.0,0.0,0.0,0.0,0.0
6845,0.0,0.0,0.0,0.0,0.0
6846,0.0240347694708296,0.02283647373646115,0.01576137361155065,0.0017910826600602,0.02867099707101845
6847,0.08934250598451855,0.07416691106537475,0.0779199301804026,0.05652840062420615,0.1016454699121581
6848,0.1580740907942776,0.16121289993500304,0.1605708713278721,0.13469617913782625,0.18262406678328044
6849,0.2168243181128173,0.22442178227066634,0.22242516407315605,0.21278621780206275,0.2472036865646095
6850,0.2550449657449701,0.2522716550982812,0.2570569226561796,0.2698667725004129,0.27660124458788155
6851,0.2711919798897768,0.2735872823867777,0.26654812241834547,0.29746847533328014,0.2776851764546239
6852,0.2592735629528026,0.28067411314121815,0.25180643916051765,0.3007347065566777,0.25550398628601867
6853,0.21796816807464414,0.2562510734726706,0.21852805233436395,0.2754026431063088,0.21398836399533924
6854,0.15264039517591024,0.20628448294223226,0.1638461798170414,0.22407982757477896,0.15607847010480916
6855,0.0683503966304617,0.12803761847409065,0.0884791741962209,0.1553575742250399,0.07973733075602606
6856,0.01513207772299085,0.0438152457753543,0.02096236695117245,0.0757290911131962,0.0164853120108277
6857,0.0,0.0,0.0,0.019524010297797,0.0
6858,0.0,0.0,0.0,0.0,0.0
6859,0.0,0.0,0.0,0.0,0.0
6860,0.0,0.0,0.0,0.0,0.0
6861,0.0,0.0,0.0,0.0,0.0
6862,0.0,0.0,0.0,0.0,0.0
6863,0.0,0.0,0.0,0.0,0.0
6864,0.0,0.0,0.0,0.0,0.0
6865,0.0,0.0,0.0,0.0,0.0
6866,0.0,0.0,0.0,0.0,0.0
6867,0.0,0.0,0.0,0.0,0.0
6868,0.0,0.0,0.0,0.0,0.0
6869,0.0,0.0,0.0,0.0,0.0
6870,0.02552393076123975,0.02240826384742395,0.0208566985519366,0.0011102194712462,0.0263479127892017
6871,0.09520394294485054,0.07795805143562375,0.08389139187115575,0.05015148981973665,0.1003145061906345
6872,0.16793545108107635,0.17078206118563105,0.1696730153997962,0.11450318710750045,0.1806467145323543
6873,0.2250032506939846,0.2501723153195543,0.23696784519120556,0.17809199406537235,0.24209707118527965
6874,0.26393348546306644,0.3009141928775976,0.2767819424076473,0.2275871502640692,0.27888389380812184
6875,0.27877058603407956,0.3205565647510452,0.29020328320945976,0.2436889259375547,0.28637207775549745
6876,0.26250334092160965,0.31148600392733383,0.2770727720606494,0.2317224011873323,0.2608955381949539
6877,0.2182773379860723,0.2768072233480671,0.23839134554533925,0.19433689453462855,0.2158765385826535
6878,0.14877498597805056,0.21612921675736066,0.17383604504607425,0.13542813799599174,0.15383084859389926
6879,0.06381371917808465,0.13135756241608335,0.091406938431137,0.07841500640257745,0.07667617371032615
6880,0.00919894912902105,0.04519298089736785,0.02270959520126545,0.03029901641039925,0.0166462734337874
6881,0.0,0.0,0.0,0.0011936162054129,0.0
6882,0.0,0.0,0.0,0.0,0.0
6883,0.0,0.0,0.0,0.0,0.0
6884,0.0,0.0,0.0,0.0,0.0
6885,0.0,0.0,0.0,0.0,0.0
6886,0.0,0.0,0.0,0.0,0.0
6887,0.0,0.0,0.0,0.0,0.0
6888,0.0,0.0,0.0,0.0,0.0
6889,0.0,0.0,0.0,0.0,0.0
6890,0.0,0.0,0.0,0.0,0.0
6891,0.0,0.0,0.0,0.0,0.0
6892,0.0,0.0,0.0,0.0,0.0
6893,0.0,0.0,0.0,0.0,0.0
6894,0.0143870917520532,0.0005805107224777,0.0106012026697542,0.0,0.02347095479226225
6895,0.072935883634235,0.00688265625818375,0.0511097280197023,0.01664217685926155,0.0938902089154587
6896,0.14800765661608095,0.02948675041351315,0.11831683899291275,0.06231099779225585,0.17420347566703764
6897,0.2190051412443056,0.0440376001751028,0.1782463884155107,0.1132157246878965,0.2347833072089718
6898,0.2583459845347527,0.04728860080083545,0.22052850303574414,0.15018367394553014,0.26513903618695456
6899,0.2629988836439533,0.0406770447410252,0.2384075290964371,0.17219955135686274,0.27071241661936957
6900,0.2445039921379522,0.0294016683330345,0.22076612464666476,0.1834866645475013,0.2496734738415298
6901,0.1990426190484968,0.01635576318511285,0.17068766294708315,0.17885584611275404,0.19925298836614525
6902,0.1349130575454649,0.00277842373762765,0.1042210000455327,0.15666518468900945,0.13371689050893096
6903,0.06150300194549515,0.0,0.0423019229061992,0.1122524831688213,0.06281432210108435
6904,0.0103306710198085,0.0,0.00763127431359135,0.0529798502044385,0.0121366110749227
6905,0.0,0.0,0.0,0.0123177371565433,0.0
6906,0.0,0.0,0.0,0.0,0.0
6907,0.0,0.0,0.0,0.0,0.0
6908,0.0,0.0,0.0,0.0,0.0
6909,0.0,0.0,0.0,0.0,0.0
6910,0.0,0.0,0.0,0.0,0.0
6911,0.0,0.0,0.0,0.0,0.0
6912,0.0,0.0,0.0,0.0,0.0
6913,0.0,0.0,0.0,0.0,0.0
6914,0.0,0.0,0.0,0.0,0.0
6915,0.0,0.0,0.0,0.0,0.0
6916,0.0,0.0,0.0,0.0,0.0
6917,0.0,0.0,0.0,0.0,0.0
6918,0.0010182244682388,0.0219912619456889,0.00870646345823565,0.00089717558727105,0.02430784135412225
6919,0.0153984754691014,0.0744991083240875,0.04708035951983435,0.05247898851362435,0.09844093364856615
6920,0.06214601037907545,0.1606586198222809,0.1185176769179663,0.12429510184893475,0.1797997419450049
6921,0.106522710525405,0.2444709751127424,0.17613662593341556,0.19423065884800805,0.2377097022517359
6922,0.14684388169486265,0.30629448132747666,0.2011423370202553,0.23717953201636335,0.26700582565717795
6923,0.177241848927792,0.3312956001626257,0.2031391562957661,0.2476167119552857,0.2714099642032219
6924,0.1792195971392388,0.32300245656814036,0.18078538085078796,0.23163005983793494,0.2477989921128989
6925,0.15563219339861556,0.28615861634859674,0.14248305175058615,0.1960042412059598,0.2039214304065597
6926,0.10841462791853075,0.22207481717011554,0.1018641733868485,0.14540064021229884,0.14654822247910404
6927,0.05023043390908035,0.13399630740846116,0.05152733095607325,0.08862181537473145,0.0758450689264044
6928,0.0147487806754855,0.0461200029721871,0.0118206177690997,0.036860644193571,0.01886944242005885
6929,0.0,0.0,0.0,0.00704443903759755,0.0
6930,0.0,0.0,0.0,0.0,0.0
6931,0.0,0.0,0.0,0.0,0.0
6932,0.0,0.0,0.0,0.0,0.0
6933,0.0,0.0,0.0,0.0,0.0
6934,0.0,0.0,0.0,0.0,0.0
6935,0.0,0.0,0.0,0.0,0.0
6936,0.0,0.0,0.0,0.0,0.0
6937,0.0,0.0,0.0,0.0,0.0
6938,0.0,0.0,0.0,0.0,0.0
6939,0.0,0.0,0.0,0.0,0.0
6940,0.0,0.0,0.0,0.0,0.0
6941,0.0,0.0,0.0,0.0,0.0
6942,0.0181559251997827,0.00547175202530595,0.0082071736637052,0.0,0.0290113818448693
6943,0.0814411063015927,0.02206778253658415,0.04149367442914815,0.0154287755083758,0.1072294374424018
6944,0.1617488093797748,0.07613685179188436,0.0907162987854793,0.0440324428946021,0.194693226684415
6945,0.21972942356584624,0.15412590636649964,0.13907169319129595,0.0797802954827664,0.258144288908674
6946,0.24714521260042036,0.24058743810076405,0.17574194516646055,0.1131602724174966,0.28857034576963064
6947,0.2551575538746829,0.2814097847195757,0.1967393248101833,0.1358194212262647,0.29376496604279395
6948,0.2424350142217073,0.273293980020322,0.18876848678018865,0.14513260418421295,0.27300397811168536
6949,0.19903589752631726,0.2248260439777636,0.15069404625477226,0.1383934316109594,0.22612037131906595
6950,0.13406215155732065,0.13237662788906035,0.09560736125504984,0.11237656965517435,0.1616262285287776
6951,0.06241205757049225,0.04704302357243655,0.03939584630356195,0.07394031203410995,0.0842378910186252
6952,0.01549591099827715,0.00428139752054285,0.00944606512117325,0.03276999231759865,0.0228619301323919
6953,0.0,0.0,0.0,0.00663662966912235,0.0
6954,0.0,0.0,0.0,0.0,0.0
6955,0.0,0.0,0.0,0.0,0.0
6956,0.0,0.0,0.0,0.0,0.0
6957,0.0,0.0,0.0,0.0,0.0
6958,0.0,0.0,0.0,0.0,0.0
6959,0.0,0.0,0.0,0.0,0.0
6960,0.0,0.0,0.0,0.0,0.0
6961,0.0,0.0,0.0,0.0,0.0
6962,0.0,0.0,0.0,0.0,0.0
6963,0.0,0.0,0.0,0.0,0.0
6964,0.0,0.0,0.0,0.0,0.0
6965,0.0,0.0,0.0,0.0,0.0
6966,0.00928989507267665,0.00323087106322725,0.0051009514603178,0.0,0.0286157650673968
6967,0.05467182360593575,0.00643680349063395,0.03006194125955065,0.01418152944308845,0.1037396155275565
6968,0.1232890471319055,0.0415464480735348,0.0853674646057552,0.0489206660667928,0.1890814874792223
6969,0.18928617705560544,0.0726766984480598,0.13821035394391945,0.08762028624402035,0.25437482608471135
6970,0.2279438935372262,0.11182847780231565,0.168552763703851,0.1152990859721913,0.2904083956317399
6971,0.2328401188088774,0.1617376710607851,0.17799228130977596,0.12190856291286585,0.2954980529579899
6972,0.20850350346827054,0.1720782691220261,0.1642262509434622,0.1172981211599442,0.2709560253300546
6973,0.1624439566459902,0.13942758638929556,0.13374111646315975,0.10751960008002324,0.2244011737479944
6974,0.10374719707447225,0.09515787338771314,0.09363404766874026,0.0823271221151342,0.1608328440912012
6975,0.04164429657119895,0.0430294341686212,0.0428715139336639,0.04537729873143645,0.0822738760184869
6976,0.001484554621605,0.00088803793927645,0.00634155625824005,0.0130999760976913,0.0226578309193879
6977,0.0,0.0,0.0,0.0,0.0
6978,0.0,0.0,0.0,0.0,0.0
6979,0.0,0.0,0.0,0.0,0.0
6980,0.0,0.0,0.0,0.0,0.0
6981,0.0,0.0,0.0,0.0,0.0
6982,0.0,0.0,0.0,0.0,0.0
6983,0.0,0.0,0.0,0.0,0.0
6984,0.0,0.0,0.0,0.0,0.0
6985,0.0,0.0,0.0,0.0,0.0
6986,0.0,0.0,0.0,0.0,0.0
6987,0.0,0.0,0.0,0.0,0.0
6988,0.0,0.0,0.0,0.0,0.0
6989,0.0,0.0,0.0,0.0,0.0
6990,0.00679353436982835,0.0,0.0,0.0,0.0290618760282899
6991,0.04236282180870275,0.0,0.01328017596129935,0.01132859798817905,0.104632836753485
6992,0.09774250056742645,0.00112430427974825,0.04643861089507975,0.0418739442484479,0.1844726957593193
6993,0.1547914045953599,0.0135166494968946,0.07140786251118095,0.0842060019462763,0.2429637529632419
6994,0.18102305374975575,0.0468705747042397,0.0829643169277943,0.1201264771968026,0.27242138073935984
6995,0.1753861492832139,0.09603040098097075,0.0914063448292551,0.13603417437567214,0.27417986671080047
6996,0.1587555528237486,0.124806508293713,0.1024665577901887,0.14071110693962546,0.25558293603281323
6997,0.1276177890093476,0.1044737220146796,0.104528983774722,0.13209540989789575,0.21834015413071164
6998,0.07918666049522075,0.0624771195870423,0.07483109400323625,0.1057256056134352,0.1588246397052303
6999,0.0287226475058374,0.02340222595928475,0.02515731880064495,0.0675510958559923,0.0808537493070884
7000,0.00122155638115885,0.0,0.0019541532821809,0.02847754487709265,0.02249579850682695
7001,0.0,0.0,0.0,0.0023426350297263,0.0
7002,0.0,0.0,0.0,0.0,0.0
7003,0.0,0.0,0.0,0.0,0.0
7004,0.0,0.0,0.0,0.0,0.0
7005,0.0,0.0,0.0,0.0,0.0
7006,0.0,0.0,0.0,0.0,0.0
7007,0.0,0.0,0.0,0.0,0.0
7008,0.0,0.0,0.0,0.0,0.0
7009,0.0,0.0,0.0,0.0,0.0
7010,0.0,0.0,0.0,0.0,0.0
7011,0.0,0.0,0.0,0.0,0.0
7012,0.0,0.0,0.0,0.0,0.0
7013,0.0,0.0,0.0,0.0,0.0
7014,0.01808051391508125,0.0,0.00664881219166265,0.0,0.03078563448165825
7015,0.0698761460590298,0.0166860644920243,0.03041618239824485,0.01483938885539945,0.10635137319008404
7016,0.14097499656645565,0.07310557296617165,0.08144732042377145,0.04706700721878405,0.1836723336050152
7017,0.1917298463384664,0.1357198242845156,0.14855099442028086,0.08954177269997166,0.23449600326167724
7018,0.2184035953079227,0.18756453500325415,0.2083195569076038,0.11696676907086365,0.2635966701282499
7019,0.23907458159675754,0.21751980490979014,0.23943456810449884,0.12200979509565504,0.2738083497113562
7020,0.2328048937018716,0.2106429811886822,0.234953260865472,0.11712388115965075,0.257039049291722
7021,0.19093557095364155,0.17050099311478545,0.1921302903873592,0.094972523656836,0.2160975382599921
7022,0.12525479480157276,0.1123398588111611,0.12099632262151525,0.0620356499886854,0.1560019100883934
7023,0.0526403134134865,0.05257426936715935,0.04554458561533655,0.0349692926577073,0.07886283632988715
7024,0.0008570288065087,0.01099440359667635,0.00528419756930605,0.0140093672925747,0.01976916481923775
7025,0.0,0.0,0.0,0.00223140472938285,0.0
7026,0.0,0.0,0.0,0.0,0.0
7027,0.0,0.0,0.0,0.0,0.0
7028,0.0,0.0,0.0,0.0,0.0
7029,0.0,0.0,0.0,0.0,0.0
7030,0.0,0.0,0.0,0.0,0.0
7031,0.0,0.0,0.0,0.0,0.0
7032,0.0,0.0,0.0,0.0,0.0
7033,0.0,0.0,0.0,0.0,0.0
7034,0.0,0.0,0.0,0.0,0.0
7035,0.0,0.0,0.0,0.0,0.0
7036,0.0,0.0,0.0,0.0,0.0
7037,0.0,0.0,0.0,0.0,0.0
7038,0.01657091476637385,0.0,0.0,0.0,0.0310102890613574
7039,0.0672212871371698,0.0,0.00345450651709895,0.0182192058139151,0.1050567688899909
7040,0.1384884788263338,0.0202193883255225,0.02831278909595535,0.0581513280669406,0.1891916679538495
7041,0.19411357386634975,0.06177599909262425,0.05813843216652335,0.10745203934225855,0.2526320237576014
7042,0.2229881548823842,0.0784670269946397,0.08806883353003885,0.14423538894559415,0.2841870541701348
7043,0.23648682064517074,0.06617399917694175,0.1048838909243239,0.1517695128858144,0.289111692325532
7044,0.229052797258122,0.0528957256118318,0.09770933114881035,0.13736104744015395,0.268609385817032
7045,0.19390595490667825,0.03494691575510965,0.07493282751492425,0.11259129335493975,0.224472268691496
7046,0.13104382496011155,0.013269382492658,0.04525331206053365,0.0849909457657647,0.1581402268452914
7047,0.0543206699788144,0.001535235490359,0.0144876571670819,0.0553406286522834,0.0753524513631697
7048,0.00057229523678105,0.0,0.00141635058961885,0.02284319683011585,0.01690434695435645
7049,0.0,0.0,0.0,0.0018564442088313,0.0
7050,0.0,0.0,0.0,0.0,0.0
7051,0.0,0.0,0.0,0.0,0.0
7052,0.0,0.0,0.0,0.0,0.0
7053,0.0,0.0,0.0,0.0,0.0
7054,0.0,0.0,0.0,0.0,0.0
7055,0.0,0.0,0.0,0.0,0.0
7056,0.0,0.0,0.0,0.0,0.0
7057,0.0,0.0,0.0,0.0,0.0
7058,0.0,0.0,0.0,0.0,0.0
7059,0.0,0.0,0.0,0.0,0.0
7060,0.0,0.0,0.0,0.0,0.0
7061,0.0,0.0,0.0,0.0,0.0
7062,0.0182339320218104,0.0,0.0050068333849807,0.0,0.02752385759256415
7063,0.0708206942029578,0.0198555252714297,0.02237387643501225,0.01033309590880785,0.0986333390717095
7064,0.1425272944201542,0.0484769783081023,0.0671048448676503,0.04241223897852905,0.1835143606391188
7065,0.2044431543919424,0.09033111109977275,0.11353114906677275,0.07445547062143824,0.2532874030582241
7066,0.24257017092712835,0.131811213104276,0.1511702795266439,0.0929011577120949,0.29189050263968724
7067,0.24948085550274626,0.1454743364632792,0.17458202114784194,0.1009656332605567,0.29914538328054596
7068,0.2236140134043942,0.14746711940206905,0.1693350678084864,0.095588006929084,0.28010990440831446
7069,0.1746510019563854,0.1236697226687751,0.1391208893242397,0.07685522737207286,0.2343333410521452
7070,0.11244070632991185,0.0738432406917159,0.09341483888148665,0.0502924225872109,0.1635851395608366
7071,0.0449257017846426,0.03060352822405635,0.03641455567910675,0.02428475661684865,0.07851058227363
7072,0.00109179684397615,0.00268353443483055,0.0078436237810688,0.00693095339707375,0.01676114103193915
7073,0.0,0.0,0.0,0.00073491362678075,0.0
7074,0.0,0.0,0.0,0.0,0.0
7075,0.0,0.0,0.0,0.0,0.0
7076,0.0,0.0,0.0,0.0,0.0
7077,0.0,0.0,0.0,0.0,0.0
7078,0.0,0.0,0.0,0.0,0.0
7079,0.0,0.0,0.0,0.0,0.0
7080,0.0,0.0,0.0,0.0,0.0
7081,0.0,0.0,0.0,0.0,0.0
7082,0.0,0.0,0.0,0.0,0.0
7083,0.0,0.0,0.0,0.0,0.0
7084,0.0,0.0,0.0,0.0,0.0
7085,0.0,0.0,0.0,0.0,0.0
7086,0.01007175889627885,0.0,0.0031411165093509,0.0,0.0274053548743486
7087,0.05558059148764835,0.0482956673517861,0.01722998833928895,0.0087530213421974,0.0989988712192083
7088,0.1261296543350585,0.1272056408593759,0.06016381251680505,0.02968968239676425,0.18145983138884614
7089,0.2078359091658929,0.2093204468417896,0.11158323304525435,0.06099279430113375,0.24508236495559685
7090,0.26113700923333405,0.2632662258877388,0.1656966642132536,0.0912687648625693,0.28071137416314723
7091,0.28156469103746395,0.27720042197620515,0.21019191609928464,0.10632104017517174,0.2902125426961985
7092,0.2711399895976095,0.2616135913782757,0.2256283923551663,0.10500301023353165,0.27354240860373497
7093,0.22388076899754886,0.22615701856969275,0.2064733116257109,0.09643033700562954,0.2271475775709546
7094,0.1486851967029659,0.16732533650819365,0.1526404556336535,0.0818750962548807,0.1597151753506119
7095,0.0619123579798166,0.083050171967405,0.07347794528770644,0.0563659890855193,0.07802685662829854
7096,0.00232530653949225,0.01666216369474995,0.01946534134333145,0.02284538424051195,0.01687686114292145
7097,0.0,0.0,0.0,0.0,0.0
7098,0.0,0.0,0.0,0.0,0.0
7099,0.0,0.0,0.0,0.0,0.0
7100,0.0,0.0,0.0,0.0,0.0
7101,0.0,0.0,0.0,0.0,0.0
7102,0.0,0.0,0.0,0.0,0.0
7103,0.0,0.0,0.0,0.0,0.0
7104,0.0,0.0,0.0,0.0,0.0
7105,0.0,0.0,0.0,0.0,0.0
7106,0.0,0.0,0.0,0.0,0.0
7107,0.0,0.0,0.0,0.0,0.0
7108,0.0,0.0,0.0,0.0,0.0
7109,0.0,0.0,0.0,0.0,0.0
7110,0.0219701989105912,0.0,0.0007970207029002,0.0,0.01853980636941285
7111,0.08524929995009445,0.01480465091549845,0.0203926457355718,0.022604055073219,0.0728557994650358
7112,0.1725721205288852,0.0615699878547,0.0743720836032681,0.0670666800740065,0.13382752709855406
7113,0.24457827088610476,0.09945282431022745,0.13649178767064316,0.10955578598028225,0.18585338446683214
7114,0.2846892938598329,0.11124337557228865,0.18371257926443385,0.14051058832682395,0.2274875245887113
7115,0.29181165529939374,0.08759176329485545,0.21597021532623245,0.1549060611892727,0.24032379595882605
7116,0.26973219258363684,0.05315493353031685,0.21431632456627836,0.14849836195977464,0.21412284305112936
7117,0.21929770027571135,0.03726633615270445,0.1702608151512193,0.13199728554656914,0.1626281361543446
7118,0.1429890420404184,0.0238040336484472,0.10788512515012245,0.10326561176416865,0.097741860408971
7119,0.0584292812409478,0.0029540988990564,0.0403808225512301,0.05997822386323795,0.03403251397768655
7120,0.0,0.0,0.00090038939068705,0.0214037299359153,0.0025339038626557
7121,0.0,0.0,0.0,0.00088170700343525,0.0
7122,0.0,0.0,0.0,0.0,0.0
7123,0.0,0.0,0.0,0.0,0.0
7124,0.0,0.0,0.0,0.0,0.0
7125,0.0,0.0,0.0,0.0,0.0
7126,0.0,0.0,0.0,0.0,0.0
7127,0.0,0.0,0.0,0.0,0.0
7128,0.0,0.0,0.0,0.0,0.0
7129,0.0,0.0,0.0,0.0,0.0
7130,0.0,0.0,0.0,0.0,0.0
7131,0.0,0.0,0.0,0.0,0.0
7132,0.0,0.0,0.0,0.0,0.0
7133,0.0,0.0,0.0,0.0,0.0
7134,0.0273079664775647,0.0,0.00051261964581125,0.0,0.00790078260953095
7135,0.0855975986860947,0.0378668733327554,0.0344480411737843,0.03585646511216815,0.0586263817477907
7136,0.15893849998575524,0.1062886208054388,0.0933843190990571,0.09381587693407505,0.12183952144398395
7137,0.21282198158025384,0.16293635724664274,0.1383260595292649,0.1659240799037172,0.17135176306408925
7138,0.23877842362293006,0.17436867742260614,0.15847123335690344,0.23003159689623295,0.20439326675331135
7139,0.2417360688569588,0.1623094443474508,0.16673638871476915,0.26774828493622976,0.2088617379126596
7140,0.2067567859592358,0.1507909506222693,0.14568163615264795,0.27409153013530124,0.1852441570357861
7141,0.15033201888372624,0.1299961911743891,0.10898411229515795,0.25923310750433703,0.14418381313019024
7142,0.0946274014627738,0.0986033429794374,0.0736820327728224,0.2190115700686613,0.09056288898576224
7143,0.03391027525512255,0.05507248300991825,0.02874795388145865,0.14921162509263056,0.0352278072956723
7144,0.0,0.0192605672707533,0.0071711988766403,0.0710405180787289,0.0059110248431351
7145,0.0,0.0,0.0,0.0,0.0
7146,0.0,0.0,0.0,0.0,0.0
7147,0.0,0.0,0.0,0.0,0.0
7148,0.0,0.0,0.0,0.0,0.0
7149,0.0,0.0,0.0,0.0,0.0
7150,0.0,0.0,0.0,0.0,0.0
7151,0.0,0.0,0.0,0.0,0.0
7152,0.0,0.0,0.0,0.0,0.0
7153,0.0,0.0,0.0,0.0,0.0
7154,0.0,0.0,0.0,0.0,0.0
7155,0.0,0.0,0.0,0.0,0.0
7156,0.0,0.0,0.0,0.0,0.0
7157,0.0,0.0,0.0,0.0,0.0
7158,0.02636067968173445,0.0,0.00235045346255255,0.0,0.01954052668002245
7159,0.08578371739308426,0.0615592161106153,0.0497175112265287,0.06038454560513405,0.0763567212793237
7160,0.16689368147019845,0.1452312546511373,0.1216222243833363,0.13949913627187685,0.1492860895213793
7161,0.238940512429235,0.2250943501181216,0.19149506989569684,0.22403177363609755,0.214745517556312
7162,0.2843889485764317,0.28403210797988226,0.2415180309795435,0.2846148868442333,0.25793629766854526
7163,0.29538801986703833,0.3100879118028787,0.266684330767261,0.31365252710433894,0.27349491572763335
7164,0.27477306079223857,0.302095316607406,0.26278186345902244,0.31342362459888756,0.26357784584557237
7165,0.22423532573123495,0.2638133243185008,0.2253544985367346,0.28590734994526695,0.22239427740073994
7166,0.14823159519649454,0.1987254656691865,0.15642107092381094,0.23063795313241514,0.15109656935707114
7167,0.0628619162898126,0.1117730910717262,0.0718239269948054,0.15211771293647705,0.0675624278292027
7168,0.00151294590046255,0.047267368296693,0.01410281017658895,0.0683391689163013,0.01146619566149085
7169,0.0,0.0,0.0,0.0,0.0
7170,0.0,0.0,0.0,0.0,0.0
7171,0.0,0.0,0.0,0.0,0.0
7172,0.0,0.0,0.0,0.0,0.0
7173,0.0,0.0,0.0,0.0,0.0
7174,0.0,0.0,0.0,0.0,0.0
7175,0.0,0.0,0.0,0.0,0.0
7176,0.0,0.0,0.0,0.0,0.0
7177,0.0,0.0,0.0,0.0,0.0
7178,0.0,0.0,0.0,0.0,0.0
7179,0.0,0.0,0.0,0.0,0.0
7180,0.0,0.0,0.0,0.0,0.0
7181,0.0,0.0,0.0,0.0,0.0
7182,0.0360451037741004,0.0,0.00376280707264335,0.0,0.02970459506313405
7183,0.0957842757027597,0.04362590076001005,0.04066111875354995,0.04375399381997115,0.09441696951320115
7184,0.1761153222079738,0.1137101776674139,0.0967431141741379,0.10434770272967545,0.17614764731560495
7185,0.2381330716088241,0.18789499689436845,0.1371964860706657,0.1671812057150972,0.24265409451110165
7186,0.2810215401459303,0.2525107019279091,0.1550049764592378,0.2114580324002959,0.2806292033457545
7187,0.29309323927968123,0.28728262172546787,0.1525315344002938,0.2335648075114328,0.29187169467817825
7188,0.2697046027176501,0.27650213127364087,0.13200177045760014,0.2277562592036188,0.271731658582008
7189,0.21894803718867614,0.2247989648775931,0.0960171718791135,0.1914211522018412,0.22350715087308035
7190,0.142737596800284,0.14427575661883135,0.05198231444819885,0.1345729109292725,0.1552191139917298
7191,0.058573213808216,0.05510143795310375,0.0146024945834849,0.07251374740666375,0.07257957016983214
7192,0.0,0.00330315597409945,0.0,0.022310148311228,0.0130143304922588
7193,0.0,0.0,0.0,0.0,0.0
7194,0.0,0.0,0.0,0.0,0.0
7195,0.0,0.0,0.0,0.0,0.0
7196,0.0,0.0,0.0,0.0,0.0
7197,0.0,0.0,0.0,0.0,0.0
7198,0.0,0.0,0.0,0.0,0.0
7199,0.0,0.0,0.0,0.0,0.0
7200,0.0,0.0,0.0,0.0,0.0
7201,0.0,0.0,0.0,0.0,0.0
7202,0.0,0.0,0.0,0.0,0.0
7203,0.0,0.0,0.0,0.0,0.0
7204,0.0,0.0,0.0,0.0,0.0
7205,0.0,0.0,0.0,0.0,0.0
7206,0.0,0.0,0.0,0.0,0.03060083698345335
7207,0.00450212828769045,0.0,0.02469545772154765,0.0087224621504287,0.09907790705590315
7208,0.0107937114528498,0.00180788230592915,0.06421831861538405,0.0425339182690423,0.1819532421587191
7209,0.01290174920352695,0.0051495169723853,0.1008224292215361,0.0899137316267211,0.24943201956553715
7210,0.0144484816507826,0.01206145026900855,0.12003030788838386,0.1261068627733048,0.2869389119431928
7211,0.01501138497342095,0.0146430424637396,0.12449966394042375,0.1394740948365168,0.2919939619804072
7212,0.01234430673751955,0.0151667486820592,0.1183608565354663,0.1383323670086383,0.26941524075539236
7213,0.00948257261135395,0.008125985654986,0.0946524217375138,0.11988058104763274,0.2226785527177467
7214,0.0048939227325918,0.0030042226122568,0.05889031356502355,0.08374086781389915,0.1538067296124186
7215,0.00127318504431975,0.0,0.02192156345767675,0.04641606798444625,0.069176504321348
7216,0.0,0.0,0.00142700135051945,0.0150548534355732,0.00881063990841455
7217,0.0,0.0,0.0,0.0,0.0
7218,0.0,0.0,0.0,0.0,0.0
7219,0.0,0.0,0.0,0.0,0.0
7220,0.0,0.0,0.0,0.0,0.0
7221,0.0,0.0,0.0,0.0,0.0
7222,0.0,0.0,0.0,0.0,0.0
7223,0.0,0.0,0.0,0.0,0.0
7224,0.0,0.0,0.0,0.0,0.0
7225,0.0,0.0,0.0,0.0,0.0
7226,0.0,0.0,0.0,0.0,0.0
7227,0.0,0.0,0.0,0.0,0.0
7228,0.0,0.0,0.0,0.0,0.0
7229,0.0,0.0,0.0,0.0,0.0
7230,0.0,0.0,0.0,0.0,0.01992856572255005
7231,0.0,0.0,0.00131479426717155,0.0260436816020333,0.0745735586000294
7232,0.00169336038139475,0.0031798010576438,0.0170259558953899,0.0757543428242827,0.15165128951566134
7233,0.0076628769364557,0.0139663348177426,0.049376318495527,0.13769782076626824,0.21776223367552194
7234,0.01622245736583775,0.01953567509754715,0.0645430954685583,0.1888777884991687,0.250529178526138
7235,0.0162794946577888,0.02210112341644965,0.0583866080041716,0.22049158614812364,0.25694644374776837
7236,0.0083199004565491,0.02585628656375845,0.04870664006999035,0.22517907128293296,0.23784772201940144
7237,0.00666478965422425,0.0227196037004493,0.03810069936679055,0.19668794136467235,0.19125690902902615
7238,0.0046122354729541,0.01567422157118505,0.023028219380878,0.1461156022542574,0.1254015415818355
7239,0.0,0.005506342320216,0.0058644502793261,0.0885729993226959,0.0514504931520995
7240,0.0,0.0011454128850437,0.0,0.03568404326577265,0.0061207180583472
7241,0.0,0.0,0.0,0.0,0.0
7242,0.0,0.0,0.0,0.0,0.0
7243,0.0,0.0,0.0,0.0,0.0
7244,0.0,0.0,0.0,0.0,0.0
7245,0.0,0.0,0.0,0.0,0.0
7246,0.0,0.0,0.0,0.0,0.0
7247,0.0,0.0,0.0,0.0,0.0
7248,0.0,0.0,0.0,0.0,0.0
7249,0.0,0.0,0.0,0.0,0.0
7250,0.0,0.0,0.0,0.0,0.0
7251,0.0,0.0,0.0,0.0,0.0
7252,0.0,0.0,0.0,0.0,0.0
7253,0.0,0.0,0.0,0.0,0.0
7254,0.0,0.0,0.0,0.0,0.00773581565739245
7255,0.00438180346974235,0.00411476662810365,0.0204493814975734,0.01516351240480235,0.05230718826441055
7256,0.0138330329587819,0.0273186421641493,0.0680715176949369,0.0566779730009495,0.12213291460350315
7257,0.031820436109518,0.0576554740288576,0.1070343866960643,0.11297499619469835,0.18715160995092675
7258,0.051625434702199,0.08328378162234724,0.12896444863567255,0.161422680724861,0.2262460188478519
7259,0.0662326313427707,0.10297187329395155,0.13338324835087234,0.19789441960642776,0.23375078143309605
7260,0.06901397654538605,0.09444425302395225,0.1129967033049162,0.21255974371366104,0.20533768224427065
7261,0.0616458974847435,0.07094601512053485,0.0787889149021317,0.1977506818806472,0.155649711360523
7262,0.03532636520639315,0.04866958350213405,0.0380668691330038,0.15709630915457254,0.0979042550567005
7263,0.0018613103460409,0.0166513417226302,0.00679770566154005,0.0949447611444873,0.03656322943375215
7264,0.0,0.0039171946000497,0.0,0.03533069712853095,0.0050994870931817
7265,0.0,0.0,0.0,0.0,0.0
7266,0.0,0.0,0.0,0.0,0.0
7267,0.0,0.0,0.0,0.0,0.0
7268,0.0,0.0,0.0,0.0,0.0
7269,0.0,0.0,0.0,0.0,0.0
7270,0.0,0.0,0.0,0.0,0.0
7271,0.0,0.0,0.0,0.0,0.0
7272,0.0,0.0,0.0,0.0,0.0
7273,0.0,0.0,0.0,0.0,0.0
7274,0.0,0.0,0.0,0.0,0.0
7275,0.0,0.0,0.0,0.0,0.0
7276,0.0,0.0,0.0,0.0,0.0
7277,0.0,0.0,0.0,0.0,0.0
7278,0.0046592365993103,0.0,0.0,0.0,0.01040165958442895
7279,0.02154803140344215,0.00079700242468125,0.0542531689206129,0.0030063625805543,0.05491567332782925
7280,0.056315333444161,0.0101994970111685,0.128710880270394,0.01758122941916565,0.11604564209040555
7281,0.07495273333728765,0.0245653069752598,0.19608467624913456,0.05213179045745285,0.16271213557442554
7282,0.08744941302836445,0.0412842751974998,0.23953719165003726,0.0903804065193182,0.18479911822119044
7283,0.0873975160971681,0.06590933972317255,0.25541036330676165,0.1230320065065548,0.18535005876397126
7284,0.0735931837613616,0.0745219984433948,0.2424427191222339,0.13505633472455664,0.1637174293367532
7285,0.05561409651586495,0.05528776849123785,0.20433942662910384,0.1199672394604168,0.1241378576097714
7286,0.0265226120138319,0.0274730484389544,0.13804403919198335,0.0980186047658246,0.07415600668317765
7287,0.00736798581808045,0.0033137721089612,0.05937464736930215,0.06636374239117145,0.0236450615881872
7288,0.0,0.0,0.0010003170156975,0.0264152459098594,0.0013563202979446
7289,0.0,0.0,0.0,0.0,0.0
7290,0.0,0.0,0.0,0.0,0.0
7291,0.0,0.0,0.0,0.0,0.0
7292,0.0,0.0,0.0,0.0,0.0
7293,0.0,0.0,0.0,0.0,0.0
7294,0.0,0.0,0.0,0.0,0.0
7295,0.0,0.0,0.0,0.0,0.0
7296,0.0,0.0,0.0,0.0,0.0
7297,0.0,0.0,0.0,0.0,0.0
7298,0.0,0.0,0.0,0.0,0.0
7299,0.0,0.0,0.0,0.0,0.0
7300,0.0,0.0,0.0,0.0,0.0
7301,0.0,0.0,0.0,0.0,0.0
7302,0.00982952342202455,0.0,0.0,0.0,0.00452965135339055
7303,0.0460175449565807,0.0043506192665765,0.0118270998569236,0.00484541041557985,0.03635079050169455
7304,0.111905483277024,0.0404992951094734,0.0368905940684318,0.0204359128135711,0.08670271424821965
7305,0.1863714483916244,0.08540598375377854,0.07386411911879485,0.04138639074891195,0.12647113841202065
7306,0.22106118472890596,0.11935989645924396,0.10577500741601625,0.05489523120923465,0.14939228597661985
7307,0.21853369019577545,0.1171287529788535,0.11397277178327644,0.05954272349728105,0.14965094122632985
7308,0.19314071027491525,0.081690413342386,0.0927284090362457,0.05779570595932245,0.12892921935285165
7309,0.15096781333624115,0.03887137064816255,0.0523279998889686,0.0430701114038633,0.0940372665295809
7310,0.0916172225832446,0.0049635305137603,0.01559984995700315,0.0249003008009848,0.0538836865615232
7311,0.0238664772435793,0.0,0.0,0.0104729656105598,0.01752544210686005
7312,0.0,0.0,0.0,0.0012133989791279,0.0034017671557102
7313,0.0,0.0,0.0,0.0,0.0
7314,0.0,0.0,0.0,0.0,0.0
7315,0.0,0.0,0.0,0.0,0.0
7316,0.0,0.0,0.0,0.0,0.0
7317,0.0,0.0,0.0,0.0,0.0
7318,0.0,0.0,0.0,0.0,0.0
7319,0.0,0.0,0.0,0.0,0.0
7320,0.0,0.0,0.0,0.0,0.0
7321,0.0,0.0,0.0,0.0,0.0
7322,0.0,0.0,0.0,0.0,0.0
7323,0.0,0.0,0.0,0.0,0.0
7324,0.0,0.0,0.0,0.0,0.0
7325,0.0,0.0,0.0,0.0,0.0
7326,0.0017562225091479,0.0,0.0,0.0,0.0070973677692602
7327,0.01919393438544985,0.0013206990570641,0.0,0.0147795367728252,0.045415688675575
7328,0.046798350076482,0.01860216045318435,0.00914644717120985,0.0383637656427615,0.09807862129883195
7329,0.06828570032640655,0.03542882005643965,0.02552539704399775,0.06720314656136556,0.1389696887083576
7330,0.07942876399942705,0.0540663093686747,0.04491691488305315,0.0899239681133725,0.16066987053883305
7331,0.0784484378947128,0.09142674693827996,0.06117568753417355,0.09944412313956255,0.15803623430544814
7332,0.0631219375176049,0.11957106424086646,0.06256954889668136,0.0964467182036312,0.1339081084994744
7333,0.039395028817771,0.12673277859686385,0.0570918279849481,0.08367964793682875,0.09540202565731505
7334,0.01942183683950715,0.10795582162355265,0.0417810377694388,0.0572107916807744,0.0484572951216756
7335,0.00562659185895865,0.0555923167307486,0.01426052031571405,0.0263710887443909,0.010837378610333
7336,0.0,0.0089990704823069,0.0,0.0067798497736307,0.0005723077513328
7337,0.0,0.0,0.0,0.0,0.0
7338,0.0,0.0,0.0,0.0,0.0
7339,0.0,0.0,0.0,0.0,0.0
7340,0.0,0.0,0.0,0.0,0.0
7341,0.0,0.0,0.0,0.0,0.0
7342,0.0,0.0,0.0,0.0,0.0
7343,0.0,0.0,0.0,0.0,0.0
7344,0.0,0.0,0.0,0.0,0.0
7345,0.0,0.0,0.0,0.0,0.0
7346,0.0,0.0,0.0,0.0,0.0
7347,0.0,0.0,0.0,0.0,0.0
7348,0.0,0.0,0.0,0.0,0.0
7349,0.0,0.0,0.0,0.0,0.0
7350,0.00953302534573875,0.0,0.0,0.0,0.00546286529486015
7351,0.03252304678642175,0.0,0.00063065739602475,0.00594483003900485,0.02913969809652465
7352,0.07833644479401415,0.00300066540448565,0.01666333527762835,0.0216732421838116,0.0697997481271177
7353,0.11525371995139674,0.0124783377061104,0.04793594753188105,0.051633725655408,0.1175817166973619
7354,0.1478927415185858,0.02063205401445295,0.08080363344221085,0.09178904817919775,0.1411265229702438
7355,0.1598265062058806,0.0294016219855652,0.0955585114246662,0.1333428984188523,0.13695663383176715
7356,0.1340272648875381,0.0489564511119591,0.08495331755729055,0.158962975610906,0.11797347357403755
7357,0.09295984026257205,0.0647071510500709,0.062858341914891,0.1521511868846281,0.08402131334194494
7358,0.0441438436649204,0.0543419807892874,0.03174851176778735,0.10883308729349454,0.0463862573012564
7359,0.0044543295536846,0.0207977312311849,0.0038703636700491,0.05651842269271455,0.01241256013988085
7360,0.0,0.0011648173286293,0.0,0.0218279023369746,0.0
7361,0.0,0.0,0.0,0.0,0.0
7362,0.0,0.0,0.0,0.0,0.0
7363,0.0,0.0,0.0,0.0,0.0
7364,0.0,0.0,0.0,0.0,0.0
7365,0.0,0.0,0.0,0.0,0.0
7366,0.0,0.0,0.0,0.0,0.0
7367,0.0,0.0,0.0,0.0,0.0
7368,0.0,0.0,0.0,0.0,0.0
7369,0.0,0.0,0.0,0.0,0.0
7370,0.0,0.0,0.0,0.0,0.0
7371,0.0,0.0,0.0,0.0,0.0
7372,0.0,0.0,0.0,0.0,0.0
7373,0.0,0.0,0.0,0.0,0.0
7374,0.0,0.0,0.0,0.0,0.0167057713184789
7375,0.01852343170013305,0.0200393323409191,0.01855856550517675,0.0124573227460078,0.07474630698696935
7376,0.05662540948666145,0.060386003774424,0.0632881505625028,0.03668924239343475,0.15250084360543614
7377,0.10228285802434026,0.12714484328365144,0.1116877101735994,0.0771864976643357,0.21342830226952395
7378,0.14765649832996544,0.17818545977141695,0.13751995614510415,0.11291415114806334,0.24781723513980405
7379,0.17631939843800584,0.190404485206905,0.14150166851323,0.12695334530198304,0.25048070516756515
7380,0.183576702106878,0.1598533204837265,0.1279280824838285,0.1175761495379025,0.22429871957730035
7381,0.16135283936898806,0.10804666058411284,0.09323088602387185,0.0992269105270959,0.1805941369672207
7382,0.1057472828604575,0.0710536157802505,0.0514623390932826,0.07960023877011185,0.122931234463432
7383,0.0450285307737453,0.0364815695003865,0.01514721872970025,0.04740883158578445,0.0550898172803527
7384,0.0,0.0108794572022672,0.0,0.0176754944431111,0.0034780164770685
7385,0.0,0.0,0.0,0.0,0.0
7386,0.0,0.0,0.0,0.0,0.0
7387,0.0,0.0,0.0,0.0,0.0
7388,0.0,0.0,0.0,0.0,0.0
7389,0.0,0.0,0.0,0.0,0.0
7390,0.0,0.0,0.0,0.0,0.0
7391,0.0,0.0,0.0,0.0,0.0
7392,0.0,0.0,0.0,0.0,0.0
7393,0.0,0.0,0.0,0.0,0.0
7394,0.0,0.0,0.0,0.0,0.0
7395,0.0,0.0,0.0,0.0,0.0
7396,0.0,0.0,0.0,0.0,0.0
7397,0.0,0.0,0.0,0.0,0.0
7398,0.0,0.0,0.0,0.0,0.01609764181737905
7399,0.0,0.02940774541542855,0.01198858327884615,0.0224079122153303,0.0588467262963722
7400,0.0030162436773645,0.10438624550669655,0.0461393413048184,0.0644957747763952,0.1155559522278444
7401,0.0041870980575506,0.17307166643062954,0.0843594810711772,0.1159398532029444,0.16471247356733504
7402,0.0142076430599513,0.2224404602974089,0.10659840422854075,0.1519262774514917,0.2007489973358791
7403,0.0219849312053547,0.22919456283477024,0.1045609081865996,0.1733745872655715,0.203766461657995
7404,0.0143907746186675,0.1925742357956698,0.09083603432388085,0.17468841763636134,0.1785589972057971
7405,0.0118232049685249,0.1477635881147397,0.08009383018677475,0.1602973781455261,0.14581989980115845
7406,0.0085008442776663,0.0916825764818202,0.0538822912747047,0.1257969287145274,0.0958880642598375
7407,0.00125426004486795,0.03298960031767015,0.0158779046678703,0.06826394590968594,0.03476279548786555
7408,0.0,0.0010416999570417,0.0,0.02410713379659725,0.00140708246583235
7409,0.0,0.0,0.0,0.0,0.0
7410,0.0,0.0,0.0,0.0,0.0
7411,0.0,0.0,0.0,0.0,0.0
7412,0.0,0.0,0.0,0.0,0.0
7413,0.0,0.0,0.0,0.0,0.0
7414,0.0,0.0,0.0,0.0,0.0
7415,0.0,0.0,0.0,0.0,0.0
7416,0.0,0.0,0.0,0.0,0.0
7417,0.0,0.0,0.0,0.0,0.0
7418,0.0,0.0,0.0,0.0,0.0
7419,0.0,0.0,0.0,0.0,0.0
7420,0.0,0.0,0.0,0.0,0.0
7421,0.0,0.0,0.0,0.0,0.0
7422,0.00616230971225485,0.0,0.0,0.0,0.00841673936649075
7423,0.03521697842749995,0.00219909490045785,0.02247695870427705,0.0187119753431012,0.0511443035446476
7424,0.09108571208092725,0.03841712769734235,0.07014412984009315,0.0499493681116069,0.10242500167569185
7425,0.14828113964299244,0.09632803870811985,0.1148571894321559,0.09138829152871245,0.14263785670188045
7426,0.1877195178465317,0.12103864719186895,0.13605231704941326,0.11991948269063725,0.16023913863662134
7427,0.1796738934382326,0.11486089782220085,0.1392771666768802,0.14449286471757944,0.15419662972767034
7428,0.1309458142864832,0.1178389331548943,0.12212045485604656,0.1599233338495961,0.1356349936355757
7429,0.08053558093478055,0.11478809083105805,0.0878816246665692,0.15590220239533434,0.10386645083834754
7430,0.034790808280295,0.0888696444338006,0.0507762103248599,0.12908835150451706,0.0635962079524998
7431,0.00600836200076735,0.0467083761113582,0.0143115458939133,0.079852490981577,0.0240896912379193
7432,0.0,0.0064083314840012,0.0,0.03581476052395215,0.00581986488768685
7433,0.0,0.0,0.0,0.0,0.0
7434,0.0,0.0,0.0,0.0,0.0
7435,0.0,0.0,0.0,0.0,0.0
7436,0.0,0.0,0.0,0.0,0.0
7437,0.0,0.0,0.0,0.0,0.0
7438,0.0,0.0,0.0,0.0,0.0
7439,0.0,0.0,0.0,0.0,0.0
7440,0.0,0.0,0.0,0.0,0.0
7441,0.0,0.0,0.0,0.0,0.0
7442,0.0,0.0,0.0,0.0,0.0
7443,0.0,0.0,0.0,0.0,0.0
7444,0.0,0.0,0.0,0.0,0.0
7445,0.0,0.0,0.0,0.0,0.0
7446,0.0022368047014056,0.0,0.0,0.0,0.0076873358896071
7447,0.043339062033738,0.01159510040790695,0.0377625556748595,0.01375042102806445,0.0444211974489437
7448,0.1061607068674069,0.05918957367978665,0.10237635858281945,0.0406033296472526,0.1025969896270067
7449,0.1538289281246339,0.0784007613090218,0.15371135846824804,0.08215598697423546,0.151600890421259
7450,0.1895833043013975,0.0721191469521889,0.17508845284136115,0.1120016228605521,0.1740256262070855
7451,0.20078747861817936,0.05893486265423595,0.1672667704879611,0.1317172630208049,0.178872450438454
7452,0.17421464318027285,0.0558101775757652,0.129616769384192,0.14034088670455425,0.16800611259881115
7453,0.13024369324510415,0.05226293077630845,0.0848932882908725,0.1311660487120999,0.13429015310257084
7454,0.0755103414441478,0.0241450279543715,0.04376217701799595,0.10160782802623144,0.08819942057326165
7455,0.02355998437133275,0.0012175963618132,0.00931835226407375,0.05810563994825695,0.03764389270510965
7456,0.0,0.0,0.0,0.0224296598162601,0.0040492420240748
7457,0.0,0.0,0.0,0.0,0.0
7458,0.0,0.0,0.0,0.0,0.0
7459,0.0,0.0,0.0,0.0,0.0
7460,0.0,0.0,0.0,0.0,0.0
7461,0.0,0.0,0.0,0.0,0.0
7462,0.0,0.0,0.0,0.0,0.0
7463,0.0,0.0,0.0,0.0,0.0
7464,0.0,0.0,0.0,0.0,0.0
7465,0.0,0.0,0.0,0.0,0.0
7466,0.0,0.0,0.0,0.0,0.0
7467,0.0,0.0,0.0,0.0,0.0
7468,0.0,0.0,0.0,0.0,0.0
7469,0.0,0.0,0.0,0.0,0.0
7470,0.0,0.0,0.0,0.0,0.01664268931507975
7471,0.0062323595830017,0.0,0.00190051056446105,0.0217950198573974,0.0586794988980077
7472,0.03368002473657125,0.00392593993093815,0.0109898002032606,0.05922793564785805,0.11993204318999905
7473,0.05918034119064725,0.0121882711425642,0.0262558909617143,0.10676463634591354,0.1613724869849796
7474,0.0782495742376521,0.0272287971886392,0.0369829369383119,0.14335979975182006,0.176778112299922
7475,0.0808664459176464,0.04058515407825525,0.03693785044526525,0.16127107407236635,0.1764922020035026
7476,0.0708089654946707,0.03411681895557145,0.03005321229991005,0.16406592929353486,0.15727312808917965
7477,0.05908914351510765,0.0269285731372661,0.0245347181345854,0.1520867140952057,0.1227116619749069
7478,0.035091838663468,0.0204503213453031,0.01333734445488585,0.11847997216220225,0.07818990996448195
7479,0.0073734718009518,0.0048322188444592,0.002720582526503,0.07112275404292324,0.02731562894426485
7480,0.0,0.0,0.0,0.0330799448960994,0.0023273133616243
7481,0.0,0.0,0.0,0.0,0.0
7482,0.0,0.0,0.0,0.0,0.0
7483,0.0,0.0,0.0,0.0,0.0
7484,0.0,0.0,0.0,0.0,0.0
7485,0.0,0.0,0.0,0.0,0.0
7486,0.0,0.0,0.0,0.0,0.0
7487,0.0,0.0,0.0,0.0,0.0
7488,0.0,0.0,0.0,0.0,0.0
7489,0.0,0.0,0.0,0.0,0.0
7490,0.0,0.0,0.0,0.0,0.0
7491,0.0,0.0,0.0,0.0,0.0
7492,0.0,0.0,0.0,0.0,0.0
7493,0.0,0.0,0.0,0.0,0.0
7494,0.0,0.0,0.0,0.0,0.0116721720183405
7495,0.0,0.01951558373931805,0.0085122156248251,0.0319126833536919,0.05801316765908485
7496,0.0064406062095077,0.08330653858665675,0.0312037070809728,0.0800382635531967,0.11777701430483115
7497,0.02028051537504615,0.15156580243717754,0.06886634950545055,0.1425224082727092,0.17057805114100574
7498,0.03711802330237035,0.20680741342959644,0.1040940983416834,0.1883159895638931,0.2115364725419316
7499,0.0545017575719797,0.2347475551871327,0.12597920059040715,0.19714975803319276,0.21462592831374394
7500,0.0609760620402277,0.20189254348091146,0.12835138774205196,0.1714608268123814,0.1807804716237312
7501,0.05157557222130495,0.13879114273665025,0.10678968299598655,0.1432081027467714,0.1359080136320562
7502,0.02735158879878035,0.0904042128706724,0.06347891257266244,0.10910526594156135,0.07956891225961865
7503,0.0046773744237247,0.04503349929788775,0.0205592268197949,0.06110245404862345,0.02035272111733445
7504,0.0,0.0,0.0,0.02611352729308175,0.0022303443802246
7505,0.0,0.0,0.0,0.0,0.0
7506,0.0,0.0,0.0,0.0,0.0
7507,0.0,0.0,0.0,0.0,0.0
7508,0.0,0.0,0.0,0.0,0.0
7509,0.0,0.0,0.0,0.0,0.0
7510,0.0,0.0,0.0,0.0,0.0
7511,0.0,0.0,0.0,0.0,0.0
7512,0.0,0.0,0.0,0.0,0.0
7513,0.0,0.0,0.0,0.0,0.0
7514,0.0,0.0,0.0,0.0,0.0
7515,0.0,0.0,0.0,0.0,0.0
7516,0.0,0.0,0.0,0.0,0.0
7517,0.0,0.0,0.0,0.0,0.0
7518,0.0,0.0,0.0,0.0,0.01998164896822805
7519,0.03467075668788625,0.01810538511468775,0.0205534305118217,0.0170660705704923,0.0731520050668199
7520,0.09111460998715334,0.0558117392219223,0.0571996566797284,0.0572097296867419,0.14425594844691186
7521,0.1331568554287227,0.13322759841433804,0.1071793275434655,0.1192336663498996,0.1958389196747129
7522,0.1526812334811469,0.2173810960422517,0.157044283762937,0.1641992945009064,0.2179667450060791
7523,0.15413837497908164,0.25642151056417595,0.20339353861225484,0.18521675850977454,0.2004040971699804
7524,0.1258186602782869,0.2475629689696027,0.2216542862868913,0.1927696031224407,0.165795022143718
7525,0.0864609838696808,0.2148612435871137,0.1888102385134489,0.1805982524722801,0.13777474018832644
7526,0.04793533500477825,0.1604117121087222,0.1232363653922585,0.13798374348691195,0.0903296434688341
7527,0.01344130949621725,0.07971879453932845,0.0523428876004844,0.07902480291387685,0.03006790367984985
7528,0.0,0.0,0.0,0.035276028317804,0.0
7529,0.0,0.0,0.0,0.0,0.0
7530,0.0,0.0,0.0,0.0,0.0
7531,0.0,0.0,0.0,0.0,0.0
7532,0.0,0.0,0.0,0.0,0.0
7533,0.0,0.0,0.0,0.0,0.0
7534,0.0,0.0,0.0,0.0,0.0
7535,0.0,0.0,0.0,0.0,0.0
7536,0.0,0.0,0.0,0.0,0.0
7537,0.0,0.0,0.0,0.0,0.0
7538,0.0,0.0,0.0,0.0,0.0
7539,0.0,0.0,0.0,0.0,0.0
7540,0.0,0.0,0.0,0.0,0.0
7541,0.0,0.0,0.0,0.0,0.0
7542,0.0,0.0,0.0,0.0,0.0090349422357677
7543,0.0187449371259885,0.03436228991648415,0.00650117809437135,0.0095765161324278,0.0414498600450365
7544,0.0553920701715929,0.0981212077832867,0.0367581117515705,0.0315699824184796,0.09429630811633445
7545,0.08276093934843486,0.1637095300805208,0.0832186487546891,0.06961635784767756,0.135678325360284
7546,0.1014784904312773,0.2149467562216769,0.1365980573899521,0.1075238397427546,0.16619904034984614
7547,0.1220306594118464,0.23194790357464634,0.18024651199038974,0.1394779008776378,0.1710292547949869
7548,0.11486361014490284,0.2074205398416147,0.1958656270549863,0.14091284243133506,0.1422058033302222
7549,0.08112648379729345,0.16326162558705465,0.17476834269731575,0.1206375399461597,0.09848270819380905
7550,0.03679875049928595,0.0912755484406963,0.1099072726675783,0.0915340295991058,0.0500831583409296
7551,0.0031333886836249,0.01602092109023275,0.0357294395247137,0.04954413331951345,0.01031332792650235
7552,0.0,0.0,0.0,0.01892709348325705,0.00138832381511755
7553,0.0,0.0,0.0,0.0,0.0
7554,0.0,0.0,0.0,0.0,0.0
7555,0.0,0.0,0.0,0.0,0.0
7556,0.0,0.0,0.0,0.0,0.0
7557,0.0,0.0,0.0,0.0,0.0
7558,0.0,0.0,0.0,0.0,0.0
7559,0.0,0.0,0.0,0.0,0.0
7560,0.0,0.0,0.0,0.0,0.0
7561,0.0,0.0,0.0,0.0,0.0
7562,0.0,0.0,0.0,0.0,0.0
7563,0.0,0.0,0.0,0.0,0.0
7564,0.0,0.0,0.0,0.0,0.0
7565,0.0,0.0,0.0,0.0,0.0
7566,0.0,0.0,0.0,0.0,0.0
7567,0.0,0.0257018785168983,0.0054793489767048,0.02609125144634745,0.00922927621352845
7568,0.00321773441478505,0.09504929902364385,0.02768029361223965,0.07155336546546374,0.0311414464521209
7569,0.00967005608615385,0.1876639371262948,0.0705497955112308,0.1198829855609256,0.04637833305424385
7570,0.0181934674762248,0.2403305082171564,0.09937999091747575,0.16127466292034204,0.0577090856814353
7571,0.01944456357280475,0.2587430826383861,0.1019678211600445,0.189817210112986,0.0682792684335532
7572,0.01088385557046625,0.24098364383165624,0.08582067416020185,0.18770762549699604,0.078038961401381
7573,0.00361877370702005,0.1886877468330929,0.0522044076368228,0.17558786775674726,0.07464897914654516
7574,0.0016172521279075,0.1271759467436247,0.02359288872220975,0.14589559679132774,0.0465360005132198
7575,0.00063930593824565,0.05702013478574655,0.0064382094257373,0.08475150794706465,0.0153402561590925
7576,0.0,0.0,0.0,0.03834881275088545,0.0
7577,0.0,0.0,0.0,0.0,0.0
7578,0.0,0.0,0.0,0.0,0.0
7579,0.0,0.0,0.0,0.0,0.0
7580,0.0,0.0,0.0,0.0,0.0
7581,0.0,0.0,0.0,0.0,0.0
7582,0.0,0.0,0.0,0.0,0.0
7583,0.0,0.0,0.0,0.0,0.0
7584,0.0,0.0,0.0,0.0,0.0
7585,0.0,0.0,0.0,0.0,0.0
7586,0.0,0.0,0.0,0.0,0.0
7587,0.0,0.0,0.0,0.0,0.0
7588,0.0,0.0,0.0,0.0,0.0
7589,0.0,0.0,0.0,0.0,0.0
7590,0.0,0.0,0.0,0.0,0.00628995520349475
7591,0.0,0.0133514687567498,0.00427207203202085,0.0144894547490237,0.04085616472623855
7592,0.00230005830022,0.0582712984564606,0.0308262633403374,0.04828964520683625,0.0993214450742796
7593,0.0062972207702969,0.1286324741615841,0.0688749306367726,0.10361291793693304,0.15092426256524835
7594,0.00826528454704715,0.19432097406628054,0.08694567325188444,0.1562520970065382,0.1826783956583115
7595,0.00789189334261965,0.22316911606379494,0.0828457312637872,0.19846651995972545,0.18836603362450036
7596,0.0065939187068884,0.20904201669866865,0.0607060040725207,0.2089428473801988,0.17562290308076095
7597,0.0054210059431014,0.16464032490224326,0.03761860486323705,0.1827546188918853,0.1443366206071007
7598,0.00371549918800315,0.10876333149650334,0.02072810530006985,0.1341273184522138,0.09152226590962854
7599,0.00170316621546615,0.05274247669014715,0.0063022542008904,0.0759243947911339,0.0329449789860144
7600,0.0,0.0,0.0,0.03562197494739175,0.0
7601,0.0,0.0,0.0,0.0,0.0
7602,0.0,0.0,0.0,0.0,0.0
7603,0.0,0.0,0.0,0.0,0.0
7604,0.0,0.0,0.0,0.0,0.0
7605,0.0,0.0,0.0,0.0,0.0
7606,0.0,0.0,0.0,0.0,0.0
7607,0.0,0.0,0.0,0.0,0.0
7608,0.0,0.0,0.0,0.0,0.0
7609,0.0,0.0,0.0,0.0,0.0
7610,0.0,0.0,0.0,0.0,0.0
7611,0.0,0.0,0.0,0.0,0.0
7612,0.0,0.0,0.0,0.0,0.0
7613,0.0,0.0,0.0,0.0,0.0
7614,0.0,0.0,0.0,0.0,0.0036046784992494
7615,0.0463331534376108,0.0208280116045707,0.03325424266882245,0.0008132855754805,0.0367606617296375
7616,0.1150729920762366,0.05172295474955405,0.0875707502424554,0.01314685025007915,0.08849363141246705
7617,0.17647254107291374,0.1018486439597943,0.14930287436225864,0.03865777208741685,0.1327533649451327
7618,0.20195660873933394,0.132195387451762,0.1947203784262001,0.06803195238803555,0.1705311351317459
7619,0.1999174450760565,0.1226357668503265,0.21207832187764486,0.094487803023125,0.18497310668918335
7620,0.1833158026991441,0.10374192974099705,0.19745602868896045,0.10084513493983675,0.17086385179812724
7621,0.14288529085444404,0.0844076666458548,0.1562724549965201,0.09940934765937745,0.1414115361212122
7622,0.08091892890724454,0.04766887583035415,0.0936568576788474,0.0836537531603925,0.08877475310229414
7623,0.0386530002388412,0.01004192272228995,0.0343496626863635,0.0481858597953377,0.02922638762177885
7624,0.0,0.0,0.0,0.02158381380153595,0.0
7625,0.0,0.0,0.0,0.0,0.0
7626,0.0,0.0,0.0,0.0,0.0
7627,0.0,0.0,0.0,0.0,0.0
7628,0.0,0.0,0.0,0.0,0.0
7629,0.0,0.0,0.0,0.0,0.0
7630,0.0,0.0,0.0,0.0,0.0
7631,0.0,0.0,0.0,0.0,0.0
7632,0.0,0.0,0.0,0.0,0.0
7633,0.0,0.0,0.0,0.0,0.0
7634,0.0,0.0,0.0,0.0,0.0
7635,0.0,0.0,0.0,0.0,0.0
7636,0.0,0.0,0.0,0.0,0.0
7637,0.0,0.0,0.0,0.0,0.0
7638,0.0,0.0,0.0,0.0,0.0093974280348612
7639,0.0033739866884217,0.00073765304330645,0.0028168936507509,0.01518561727045815,0.0350138911455553
7640,0.0216918584258652,0.01916593816740395,0.02864892214592405,0.03885004030130515,0.0825342484357862
7641,0.04670610018004865,0.05751150977969335,0.0718819252949132,0.08313037880871595,0.1257300667514282
7642,0.06971671894025674,0.10673038200972125,0.09170310030484904,0.1225056923606378,0.155371378563304
7643,0.0778185852982401,0.13926212908402674,0.08171593526582414,0.1465463077764897,0.16842439100488724
7644,0.0547872952563123,0.13236733339738466,0.0566033492160603,0.1488448927078726,0.1584728050870211
7645,0.03184835548922455,0.11396411436583255,0.0348021143813855,0.1378624716408831,0.12870790626150214
7646,0.0149759099380834,0.07579837789037724,0.01520666853434785,0.10175744686610995,0.0832200797557217
7647,0.0023825845787578,0.0221943273896161,0.0021045815205844,0.0475913854520654,0.0317582596068848
7648,0.0,0.0,0.0,0.0142443158320617,0.0010041543949041
7649,0.0,0.0,0.0,0.0,0.0
7650,0.0,0.0,0.0,0.0,0.0
7651,0.0,0.0,0.0,0.0,0.0
7652,0.0,0.0,0.0,0.0,0.0
7653,0.0,0.0,0.0,0.0,0.0
7654,0.0,0.0,0.0,0.0,0.0
7655,0.0,0.0,0.0,0.0,0.0
7656,0.0,0.0,0.0,0.0,0.0
7657,0.0,0.0,0.0,0.0,0.0
7658,0.0,0.0,0.0,0.0,0.0
7659,0.0,0.0,0.0,0.0,0.0
7660,0.0,0.0,0.0,0.0,0.0
7661,0.0,0.0,0.0,0.0,0.0
7662,0.0,0.0,0.0,0.0,0.00102526558937545
7663,0.02128991040012805,0.013695770769863,0.0195194276658926,0.0176173335776869,0.0244524138036797
7664,0.0637376452865075,0.0377560618311622,0.0536967759798983,0.04142202402792,0.06896635457140846
7665,0.11523977832622954,0.1008129132357571,0.1016203649737607,0.0847211180507819,0.10390868141091035
7666,0.14234732704866795,0.173069196341156,0.13693191849951356,0.117928422323511,0.11410523591463705
7667,0.14867220385098284,0.2157116143085948,0.14831850985138426,0.1384310921191404,0.1059861243378237
7668,0.13395068398382434,0.22575433373748074,0.14017518534957835,0.1399414846221194,0.093210723073931
7669,0.09871670717527685,0.1824784295515647,0.1065669719042735,0.1191459624020757,0.0750730087157184
7670,0.05137692956362125,0.11450260044826745,0.06061656754359665,0.086892458475093,0.0499223795187259
7671,0.01807231033704825,0.0585466974124808,0.0252522655485624,0.04751993966670505,0.02101230860267195
7672,0.0,0.0,0.0,0.0149059618239223,0.0
7673,0.0,0.0,0.0,0.0,0.0
7674,0.0,0.0,0.0,0.0,0.0
7675,0.0,0.0,0.0,0.0,0.0
7676,0.0,0.0,0.0,0.0,0.0
7677,0.0,0.0,0.0,0.0,0.0
7678,0.0,0.0,0.0,0.0,0.0
7679,0.0,0.0,0.0,0.0,0.0
7680,0.0,0.0,0.0,0.0,0.0
7681,0.0,0.0,0.0,0.0,0.0
7682,0.0,0.0,0.0,0.0,0.0
7683,0.0,0.0,0.0,0.0,0.0
7684,0.0,0.0,0.0,0.0,0.0
7685,0.0,0.0,0.0,0.0,0.0
7686,0.0,0.0,0.0,0.0,0.0069138848023949
7687,0.0074790170577896,0.0,0.00093703929607785,0.013579384810159,0.02849285532500535
7688,0.0379680339767414,0.00106366969880485,0.00321164455138775,0.0391813966414251,0.07822459392575805
7689,0.0774455830963952,0.0068780576878878,0.0095507650096386,0.08756930182615065,0.1202074651153516
7690,0.1042985070544824,0.00727334341390705,0.0137188431724768,0.125589933605388,0.14460890229826104
7691,0.1167939969815786,0.0047588678353984,0.0141280261877265,0.13585692923018156,0.143495736315236
7692,0.1096924484347141,0.0029415139893707,0.0127405803379736,0.1282046692039402,0.1169593576856113
7693,0.07258291391680045,0.0031839765890461,0.00656305586588885,0.1071868757021736,0.08424804093253725
7694,0.0296228165313879,0.0013994066127661,0.0009286039737926,0.071097822642266,0.04838564161222265
7695,0.0176488481050907,0.0,0.0,0.0348561172617998,0.01640026473913035
7696,0.0,0.0,0.0,0.01222161248324645,0.0
7697,0.0,0.0,0.0,0.0,0.0
7698,0.0,0.0,0.0,0.0,0.0
7699,0.0,0.0,0.0,0.0,0.0
7700,0.0,0.0,0.0,0.0,0.0
7701,0.0,0.0,0.0,0.0,0.0
7702,0.0,0.0,0.0,0.0,0.0
7703,0.0,0.0,0.0,0.0,0.0
7704,0.0,0.0,0.0,0.0,0.0
7705,0.0,0.0,0.0,0.0,0.0
7706,0.0,0.0,0.0,0.0,0.0
7707,0.0,0.0,0.0,0.0,0.0
7708,0.0,0.0,0.0,0.0,0.0
7709,0.0,0.0,0.0,0.0,0.0
7710,0.0,0.0,0.0,0.0,0.0190562757599764
7711,0.00395498859930855,0.0057562366212204,0.00886508922601715,0.0096744357157572,0.060374379381023
7712,0.0229917728446452,0.03613147265350605,0.03013916115866925,0.04990684569487265,0.1297483489877303
7713,0.0682660193465353,0.10141611436506215,0.06462021979999576,0.1036850567164549,0.1888074345468408
7714,0.12893010024220555,0.1652642534200729,0.09088637753340825,0.1528668624424267,0.21256034185676956
7715,0.1867267235771913,0.1919390991701062,0.1025487425687582,0.1760089092010887,0.2135254718349752
7716,0.2108575225690262,0.17516476599230044,0.09227573927608484,0.16513678749520644,0.1903331930823422
7717,0.1829970248713807,0.13760339487364476,0.0695140697754227,0.1315020869918114,0.1364443921571108
7718,0.1105636114254738,0.1002156663018459,0.0452098164282047,0.09297480752468165,0.07393570941650394
7719,0.06080413294943305,0.0533628350562604,0.0194118410688187,0.05338961778599595,0.02099813076991965
7720,0.0,0.0,0.0,0.0239508216666003,0.0
7721,0.0,0.0,0.0,0.0,0.0
7722,0.0,0.0,0.0,0.0,0.0
7723,0.0,0.0,0.0,0.0,0.0
7724,0.0,0.0,0.0,0.0,0.0
7725,0.0,0.0,0.0,0.0,0.0
7726,0.0,0.0,0.0,0.0,0.0
7727,0.0,0.0,0.0,0.0,0.0
7728,0.0,0.0,0.0,0.0,0.0
7729,0.0,0.0,0.0,0.0,0.0
7730,0.0,0.0,0.0,0.0,0.0
7731,0.0,0.0,0.0,0.0,0.0
7732,0.0,0.0,0.0,0.0,0.0
7733,0.0,0.0,0.0,0.0,0.0
7734,0.0,0.0,0.0,0.0,0.0055837995819151
7735,0.01356613669096575,0.01494928884055545,0.00595257827960735,0.00546497995761545,0.0208883974766437
7736,0.05282608182761275,0.04189316842967405,0.0221630592166532,0.04260782919521365,0.0560336476600763
7737,0.09550589687642055,0.09147268794858456,0.04425571149561745,0.09514662742678966,0.08202033351305164
7738,0.12060037980875644,0.1330591446111109,0.0628310305274644,0.1410788532038513,0.09758668188762495
7739,0.1251455353423502,0.16104290747176844,0.0685327929401692,0.1683726920959279,0.10477199209111235
7740,0.11814257154247765,0.1728391539736726,0.06196728315749505,0.1779597434048662,0.0909425697566571
7741,0.09168496947732235,0.15899839937924304,0.04574252442449505,0.1560980965238528,0.0666105254064706
7742,0.0478956615214522,0.10716468448875545,0.02211145155951735,0.1113654297242356,0.03555973392283435
7743,0.0178364141424977,0.03955758567688385,0.00713488728549625,0.0635024643390276,0.00758482918008955
7744,0.0,0.0,0.0,0.02331437238269795,0.0
7745,0.0,0.0,0.0,0.0,0.0
7746,0.0,0.0,0.0,0.0,0.0
7747,0.0,0.0,0.0,0.0,0.0
7748,0.0,0.0,0.0,0.0,0.0
7749,0.0,0.0,0.0,0.0,0.0
7750,0.0,0.0,0.0,0.0,0.0
7751,0.0,0.0,0.0,0.0,0.0
7752,0.0,0.0,0.0,0.0,0.0
7753,0.0,0.0,0.0,0.0,0.0
7754,0.0,0.0,0.0,0.0,0.0
7755,0.0,0.0,0.0,0.0,0.0
7756,0.0,0.0,0.0,0.0,0.0
7757,0.0,0.0,0.0,0.0,0.0
7758,0.0,0.0,0.0,0.0,0.0108388109047758
7759,0.00708254423979855,0.0433315572581635,0.0119953880272557,0.01313374806059155,0.05206512819228115
7760,0.02625603806585625,0.0843809152754715,0.03409968207577615,0.0840450790994235,0.1226574270161488
7761,0.0498745201429697,0.1520809063171883,0.0633961132426445,0.16081592798875866,0.1821088221400314
7762,0.05681107392820445,0.21238306529809325,0.07549634771595964,0.2213385339135578,0.2198553261210493
7763,0.0537523142143764,0.2508364729697417,0.07071196824554635,0.2537660572413349,0.22657819614247834
7764,0.04606038540478255,0.2574790170376224,0.0565292560031321,0.2608480709367769,0.2034263378993188
7765,0.02928119096634235,0.2207202752817426,0.03595237616329025,0.23859691047523754,0.1617101692861914
7766,0.01350355535422185,0.14502690820031516,0.0124076187762193,0.1838040766354255,0.10094786803773455
7767,0.00304504862750305,0.06686772083185134,0.00170781192030365,0.11015740980958035,0.03919135167331205
7768,0.0,0.0,0.0,0.0511292094148079,0.0
7769,0.0,0.0,0.0,0.0,0.0
7770,0.0,0.0,0.0,0.0,0.0
7771,0.0,0.0,0.0,0.0,0.0
7772,0.0,0.0,0.0,0.0,0.0
7773,0.0,0.0,0.0,0.0,0.0
7774,0.0,0.0,0.0,0.0,0.0
7775,0.0,0.0,0.0,0.0,0.0
7776,0.0,0.0,0.0,0.0,0.0
7777,0.0,0.0,0.0,0.0,0.0
7778,0.0,0.0,0.0,0.0,0.0
7779,0.0,0.0,0.0,0.0,0.0
7780,0.0,0.0,0.0,0.0,0.0
7781,0.0,0.0,0.0,0.0,0.0
7782,0.0,0.0,0.0,0.0,0.01231854187334285
7783,0.00774920602368165,0.01341342957977545,0.0,0.01116804121822195,0.04693130190533885
7784,0.0289225275231319,0.0456347722095322,0.0048169406749791,0.0672711364595958,0.10949527299995525
7785,0.06611974933608485,0.12617943365103246,0.02564414379017085,0.13163207726276324,0.16401636954009624
7786,0.0968889425134782,0.1945118899388545,0.05095347150555005,0.1730065146222673,0.18974988782422206
7787,0.1141575580151798,0.22832157385136825,0.0762506671438174,0.1945331524964748,0.18159939002759776
7788,0.0993987613085439,0.24258015365507485,0.0859484207609798,0.20059264086801865,0.15521542545836606
7789,0.05941650240880765,0.2209781352979996,0.07392924600950675,0.17793233491247284,0.11936518751322285
7790,0.0317798180984679,0.15741999406549914,0.0483357988310597,0.1322254415211419,0.07067693179947325
7791,0.0170058540529648,0.07816796163397695,0.0202925154775572,0.0764904226208526,0.0223769713124138
7792,0.0,0.0,0.0,0.03437862358334345,0.0
7793,0.0,0.0,0.0,0.0,0.0
7794,0.0,0.0,0.0,0.0,0.0
7795,0.0,0.0,0.0,0.0,0.0
7796,0.0,0.0,0.0,0.0,0.0
7797,0.0,0.0,0.0,0.0,0.0
7798,0.0,0.0,0.0,0.0,0.0
7799,0.0,0.0,0.0,0.0,0.0
7800,0.0,0.0,0.0,0.0,0.0
7801,0.0,0.0,0.0,0.0,0.0
7802,0.0,0.0,0.0,0.0,0.0
7803,0.0,0.0,0.0,0.0,0.0
7804,0.0,0.0,0.0,0.0,0.0
7805,0.0,0.0,0.0,0.0,0.0
7806,0.0,0.0,0.0,0.0,0.0123704820155694
7807,0.0146686188220962,0.02016803316006575,0.00466459857742255,0.0094876665264845,0.05489611095812475
7808,0.06280225576988074,0.05615857979848305,0.0245096083037929,0.0726879439964198,0.12198387768201535
7809,0.12068547383949164,0.1313773411998964,0.06312703777283535,0.13445641627596125,0.17425327010683445
7810,0.15862644565050105,0.195340395546565,0.10712636551286715,0.1649505030516133,0.20423464657462184
7811,0.1688413796865718,0.2294464462551859,0.13765798578578795,0.16790399976809875,0.2081772758216528
7812,0.15486278149583754,0.22586399264430276,0.1463811180819486,0.1456622459629156,0.1827963771592005
7813,0.1162065724301778,0.19188520456929165,0.1296651834755877,0.1026199800837569,0.14296946260805454
7814,0.0605239258338873,0.1355542258852197,0.0793828402713325,0.06090284318211725,0.0910115755834435
7815,0.02631228223642935,0.0672994235103029,0.03222142213568315,0.02509173772144365,0.03383626087583095
7816,0.0,0.0,0.0,0.0008181418180641,0.0
7817,0.0,0.0,0.0,0.0,0.0
7818,0.0,0.0,0.0,0.0,0.0
7819,0.0,0.0,0.0,0.0,0.0
7820,0.0,0.0,0.0,0.0,0.0
7821,0.0,0.0,0.0,0.0,0.0
7822,0.0,0.0,0.0,0.0,0.0
7823,0.0,0.0,0.0,0.0,0.0
7824,0.0,0.0,0.0,0.0,0.0
7825,0.0,0.0,0.0,0.0,0.0
7826,0.0,0.0,0.0,0.0,0.0
7827,0.0,0.0,0.0,0.0,0.0
7828,0.0,0.0,0.0,0.0,0.0
7829,0.0,0.0,0.0,0.0,0.0
7830,0.0,0.0,0.0,0.0,0.01483583982034095
7831,0.02264296998955185,0.0201089732642955,0.0263155750358818,0.0005212914152961,0.0559681961613546
7832,0.0597566104874141,0.0400719421014774,0.0726194432697136,0.0357483855349785,0.1187657961746111
7833,0.0976496534768361,0.07176944898297714,0.1428558657307397,0.07758711102672156,0.1602923702948006
7834,0.12482979607567095,0.0770397179789098,0.18737072011726724,0.12291677888476354,0.17233773444520856
7835,0.14314385817510314,0.0775252528335878,0.20330110612305224,0.1418903150247851,0.1740582431660431
7836,0.14413995554854375,0.0743214467259146,0.18827719063617626,0.12837149636080974,0.15631128300032754
7837,0.11623740910217704,0.0616533353141997,0.1404318065233912,0.09163382411969415,0.11453798499077406
7838,0.06407914403545414,0.0381844639414516,0.07526055095475084,0.0537961294803262,0.06134533664435665
7839,0.02334797682486565,0.00729170462700995,0.0277980808801646,0.02714010555929945,0.0171091248996955
7840,0.0,0.0,0.0,0.00866917522419845,0.0
7841,0.0,0.0,0.0,0.0,0.0
7842,0.0,0.0,0.0,0.0,0.0
7843,0.0,0.0,0.0,0.0,0.0
7844,0.0,0.0,0.0,0.0,0.0
7845,0.0,0.0,0.0,0.0,0.0
7846,0.0,0.0,0.0,0.0,0.0
7847,0.0,0.0,0.0,0.0,0.0
7848,0.0,0.0,0.0,0.0,0.0
7849,0.0,0.0,0.0,0.0,0.0
7850,0.0,0.0,0.0,0.0,0.0
7851,0.0,0.0,0.0,0.0,0.0
7852,0.0,0.0,0.0,0.0,0.0
7853,0.0,0.0,0.0,0.0,0.0
7854,0.0,0.0,0.0,0.0,0.0
7855,0.0172124556220424,0.0168882015368033,0.02319147463425185,0.0006564826742449,0.0027950925390372
7856,0.0535345164901004,0.0566728143732186,0.06808142258516725,0.03313247709318525,0.0233398028700831
7857,0.09301458680606565,0.13132021719688644,0.13588607572872854,0.07345278686766225,0.040228612324781
7858,0.1277509029466236,0.17364003471120845,0.18742638869471834,0.10360071788898445,0.0448229584492334
7859,0.15025813925007245,0.17077273362063874,0.210033189191351,0.11585512830800725,0.0503575424670443
7860,0.1440201089073437,0.15817122245362955,0.1969538107658549,0.1178691334220364,0.0540081106532412
7861,0.1132785309437838,0.1312910798618485,0.15109959283761454,0.0994456400204287,0.0449498749319808
7862,0.0622084131685535,0.0835380128574763,0.0838376860135644,0.0683545323532021,0.028602770737138
7863,0.0136529019461692,0.03617624648461395,0.0275470806238652,0.0379237175497966,0.01242640942021455
7864,0.0,0.0,0.0,0.01214935226956925,0.0
7865,0.0,0.0,0.0,0.0,0.0
7866,0.0,0.0,0.0,0.0,0.0
7867,0.0,0.0,0.0,0.0,0.0
7868,0.0,0.0,0.0,0.0,0.0
7869,0.0,0.0,0.0,0.0,0.0
7870,0.0,0.0,0.0,0.0,0.0
7871,0.0,0.0,0.0,0.0,0.0
7872,0.0,0.0,0.0,0.0,0.0
7873,0.0,0.0,0.0,0.0,0.0
7874,0.0,0.0,0.0,0.0,0.0
7875,0.0,0.0,0.0,0.0,0.0
7876,0.0,0.0,0.0,0.0,0.0
7877,0.0,0.0,0.0,0.0,0.0
7878,0.0,0.0,0.0,0.0,0.00144894131069615
7879,0.0125260011502411,0.00603029354676035,0.002257638040866,0.0031254989398178,0.015100673303467
7880,0.04287754627054585,0.02270527082059555,0.00899579133027165,0.0452844921176273,0.0427011316107915
7881,0.08862002981908935,0.07404419567847345,0.0311380580015088,0.0846981396851001,0.0736816154866997
7882,0.11896340304351695,0.13715601520651205,0.05565599595400335,0.10933738671680725,0.09236246244584935
7883,0.1261213635779836,0.18446430898915395,0.06966896503972245,0.12558258824284224,0.1039108709514503
7884,0.12462499587690355,0.1945840449873127,0.06863490369264935,0.13367354256947445,0.1053379875980951
7885,0.09889147106655415,0.1679816250405747,0.04787498075301085,0.120243449497409,0.0843240082063329
7886,0.0512618416085976,0.1152712336804882,0.01954490989740715,0.0879677257907422,0.0500537091847326
7887,0.0305278464051138,0.0519482453668938,0.0037847141514024,0.0474444606794794,0.01604662680662815
7888,0.0,0.0,0.0,0.01297401791332965,0.0
7889,0.0,0.0,0.0,0.0,0.0
7890,0.0,0.0,0.0,0.0,0.0
7891,0.0,0.0,0.0,0.0,0.0
7892,0.0,0.0,0.0,0.0,0.0
7893,0.0,0.0,0.0,0.0,0.0
7894,0.0,0.0,0.0,0.0,0.0
7895,0.0,0.0,0.0,0.0,0.0
7896,0.0,0.0,0.0,0.0,0.0
7897,0.0,0.0,0.0,0.0,0.0
7898,0.0,0.0,0.0,0.0,0.0
7899,0.0,0.0,0.0,0.0,0.0
7900,0.0,0.0,0.0,0.0,0.0
7901,0.0,0.0,0.0,0.0,0.0
7902,0.0,0.0,0.0,0.0,0.0057181711564875
7903,0.0037862975007587,0.00645674989890995,0.0033237724944906,0.0021809920361108,0.05005853235626435
7904,0.0247866279393216,0.01082722997367935,0.0107133842396629,0.0363214417525175,0.1257182643380875
7905,0.06523626626896545,0.0437161513403906,0.0383239918510729,0.0906173988002618,0.19718230836097886
7906,0.0947179910442064,0.0730065314771718,0.0665667394349261,0.14918416726428216,0.2401177216028304
7907,0.10076946085825765,0.09190041057759556,0.08484455230422315,0.1881420782952618,0.2495065037138048
7908,0.0898836944220762,0.0979390856193822,0.08930361769545495,0.19501020892602244,0.2240344489335299
7909,0.06443734121922776,0.09424245543102275,0.07422946122733624,0.16835428201919114,0.17206403459237524
7910,0.029029477131083,0.08045573691680445,0.03860836856704135,0.1166792900135582,0.10453165917647975
7911,0.01202235181206375,0.04037097586095015,0.0085127977299139,0.05669620966186075,0.03999170850896915
7912,0.0,0.0,0.0,0.0094848643604406,0.0
7913,0.0,0.0,0.0,0.0,0.0
7914,0.0,0.0,0.0,0.0,0.0
7915,0.0,0.0,0.0,0.0,0.0
7916,0.0,0.0,0.0,0.0,0.0
7917,0.0,0.0,0.0,0.0,0.0
7918,0.0,0.0,0.0,0.0,0.0
7919,0.0,0.0,0.0,0.0,0.0
7920,0.0,0.0,0.0,0.0,0.0
7921,0.0,0.0,0.0,0.0,0.0
7922,0.0,0.0,0.0,0.0,0.0
7923,0.0,0.0,0.0,0.0,0.0
7924,0.0,0.0,0.0,0.0,0.0
7925,0.0,0.0,0.0,0.0,0.0
7926,0.0,0.0,0.0,0.0,0.00457320825101925
7927,0.0,0.0,0.0,0.0,0.03526141980113245
7928,0.00544670543784805,0.0011964181115507,0.0,0.04828955304364685,0.09192810853808535
7929,0.0275873197386449,0.01957872961202465,0.0016678101682253,0.10043845767228125,0.14953980034553355
7930,0.041429082611684,0.078024239933821,0.0095886626401209,0.13817495746632666,0.18497667904578075
7931,0.03658849822848005,0.149548116833566,0.02234776315472225,0.15886723781034365,0.19046597922544564
7932,0.0264010669367642,0.1681174668241054,0.03549561444867845,0.1593002169332663,0.1717884147741654
7933,0.0105364396651826,0.14148878873298534,0.04012562389576925,0.13305406321059304,0.13134809471941414
7934,0.0013170149088898,0.09630321434605955,0.02864867182552465,0.08794934377119425,0.07573327524105845
7935,0.00085238251458175,0.0364034632601212,0.01237307861295485,0.0375940319053145,0.02563642418663465
7936,0.0,0.0,0.0,0.0020397641174142,0.0
7937,0.0,0.0,0.0,0.0,0.0
7938,0.0,0.0,0.0,0.0,0.0
7939,0.0,0.0,0.0,0.0,0.0
7940,0.0,0.0,0.0,0.0,0.0
7941,0.0,0.0,0.0,0.0,0.0
7942,0.0,0.0,0.0,0.0,0.0
7943,0.0,0.0,0.0,0.0,0.0
7944,0.0,0.0,0.0,0.0,0.0
7945,0.0,0.0,0.0,0.0,0.0
7946,0.0,0.0,0.0,0.0,0.0
7947,0.0,0.0,0.0,0.0,0.0
7948,0.0,0.0,0.0,0.0,0.0
7949,0.0,0.0,0.0,0.0,0.0
7950,0.0,0.0,0.0,0.0,0.00304918281540645
7951,0.000855532419571,0.0043005134100595,0.0031402424876712,0.00274911198456315,0.03653170269134465
7952,0.00821754692264495,0.0086287621978433,0.01510557262575455,0.03997141678622025,0.0930500398558227
7953,0.02748906398056395,0.01566948607653905,0.04785498258897815,0.08346845408193605,0.1383271867648568
7954,0.05103556896180555,0.02381508644846195,0.0771574917059112,0.1277102452486014,0.16427344686257656
7955,0.0610577515140022,0.02620548286295755,0.09392464121534325,0.15429566988974625,0.17133688549984766
7956,0.0620359219677196,0.0272097152598981,0.0886407790916457,0.1474564078872884,0.15819792341542765
7957,0.0449579316631217,0.03714209102492815,0.06366317525384245,0.11761661502642655,0.12857381958735306
7958,0.0133448284949418,0.03620933173561565,0.0319709961107381,0.0809325132421817,0.0802876426429165
7959,0.00222112029946585,0.01573107317628895,0.00812727380090915,0.0376639721090592,0.0293059395693287
7960,0.0,0.0,0.0,0.00110157432013085,0.0
7961,0.0,0.0,0.0,0.0,0.0
7962,0.0,0.0,0.0,0.0,0.0
7963,0.0,0.0,0.0,0.0,0.0
7964,0.0,0.0,0.0,0.0,0.0
7965,0.0,0.0,0.0,0.0,0.0
7966,0.0,0.0,0.0,0.0,0.0
7967,0.0,0.0,0.0,0.0,0.0
7968,0.0,0.0,0.0,0.0,0.0
7969,0.0,0.0,0.0,0.0,0.0
7970,0.0,0.0,0.0,0.0,0.0
7971,0.0,0.0,0.0,0.0,0.0
7972,0.0,0.0,0.0,0.0,0.0
7973,0.0,0.0,0.0,0.0,0.0
7974,0.0,0.0,0.0,0.0,0.0008655357343857
7975,0.01626301131319225,0.0,0.0012154806805524,0.00179425100395435,0.04822991665309125
7976,0.0506114184209064,0.0009194196082351,0.01015576327090005,0.0369759303796954,0.11279211060355075
7977,0.08928810015025045,0.00447403713422355,0.02887183429860245,0.0827503082203024,0.1642177934718239
7978,0.1174747582323679,0.00872056972084655,0.0473887691069174,0.13448738631298496,0.1952493630530059
7979,0.12297373040383855,0.01731690549719155,0.0579245646857837,0.1712376145587786,0.1970129508356786
7980,0.09508674852941786,0.01561459647441585,0.0569425332694178,0.1809212898177133,0.1723429198779295
7981,0.05727990565898055,0.0104032931524585,0.04614529059328955,0.1694948885767283,0.13457098046945695
7982,0.02170600717243685,0.00670350618435985,0.02370385891896965,0.1373774038991243,0.08269580953860105
7983,0.0,0.00275990675661905,0.00664760898325935,0.08421893561126555,0.03197096767059885
7984,0.0,0.0,0.0,0.04413907131944435,0.0
7985,0.0,0.0,0.0,0.0,0.0
7986,0.0,0.0,0.0,0.0,0.0
7987,0.0,0.0,0.0,0.0,0.0
7988,0.0,0.0,0.0,0.0,0.0
7989,0.0,0.0,0.0,0.0,0.0
7990,0.0,0.0,0.0,0.0,0.0
7991,0.0,0.0,0.0,0.0,0.0
7992,0.0,0.0,0.0,0.0,0.0
7993,0.0,0.0,0.0,0.0,0.0
7994,0.0,0.0,0.0,0.0,0.0
7995,0.0,0.0,0.0,0.0,0.0
7996,0.0,0.0,0.0,0.0,0.0
7997,0.0,0.0,0.0,0.0,0.0
7998,0.0,0.0,0.0,0.0,0.00147428144533085
7999,0.04820121501160135,0.0027737885793409,0.01646394035024105,0.0024942611406288,0.0480039527625624
8000,0.10338281493754975,0.02013768513901065,0.0602048175220212,0.0310217206451715,0.11540609317928205
8001,0.1628661778467321,0.08496821700131615,0.1098535754207065,0.0749386614419688,0.1845029488030822
8002,0.1941656691407301,0.150801778977953,0.14173645987145034,0.10383423468048775,0.2263779779942801
8003,0.1922150644692692,0.20652927704097174,0.15199828284731035,0.1138150276050835,0.23939388565680356
8004,0.1659620742015467,0.2264576051524733,0.14399364355003036,0.1061341105981276,0.22291356387909375
8005,0.12161280247645954,0.2009402334894123,0.11380036115652516,0.0775536429610446,0.1751009464843767
8006,0.0684617345035307,0.1488487665093906,0.0665042226473664,0.0438412353232498,0.11144075999635385
8007,0.02755883662542135,0.07565821579395095,0.03714050944545165,0.01566774501178855,0.04898678962311275
8008,0.0,0.0,0.0,0.0024911509294749,0.0
8009,0.0,0.0,0.0,0.0,0.0
8010,0.0,0.0,0.0,0.0,0.0
8011,0.0,0.0,0.0,0.0,0.0
8012,0.0,0.0,0.0,0.0,0.0
8013,0.0,0.0,0.0,0.0,0.0
8014,0.0,0.0,0.0,0.0,0.0
8015,0.0,0.0,0.0,0.0,0.0
8016,0.0,0.0,0.0,0.0,0.0
8017,0.0,0.0,0.0,0.0,0.0
8018,0.0,0.0,0.0,0.0,0.0
8019,0.0,0.0,0.0,0.0,0.0
8020,0.0,0.0,0.0,0.0,0.0
8021,0.0,0.0,0.0,0.0,0.0
8022,0.0,0.0,0.0,0.0,0.0
8023,0.01276675409820075,0.0,0.00098897915487575,0.00063761822392385,0.0480286221315699
8024,0.0425348204646733,0.0045447193832542,0.0072116657899495,0.03534210983648785,0.12661105820717636
8025,0.06341555846860725,0.018080272401183,0.0199897290045332,0.07755106281669825,0.20216319105693045
8026,0.07846660326484725,0.0311632385322326,0.037551960174244,0.11937056834347305,0.2425497523504083
8027,0.0875958581291361,0.0344122491343627,0.0469606368877629,0.14662309697139836,0.2420432315993636
8028,0.07172775836292444,0.02296746510477945,0.03742593974795895,0.1475245602682648,0.20725151967817074
8029,0.0400237753176426,0.00917341304091575,0.0213277775713945,0.12261568538524625,0.1523743327026839
8030,0.0078258037295376,0.00104491993036025,0.00759614639828215,0.08634536646826485,0.0873141025306741
8031,0.0,0.0,0.0006155910028453,0.0486363810726387,0.03011867224289355
8032,0.0,0.0,0.0,0.02601825763185695,0.0
8033,0.0,0.0,0.0,0.0,0.0
8034,0.0,0.0,0.0,0.0,0.0
8035,0.0,0.0,0.0,0.0,0.0
8036,0.0,0.0,0.0,0.0,0.0
8037,0.0,0.0,0.0,0.0,0.0
8038,0.0,0.0,0.0,0.0,0.0
8039,0.0,0.0,0.0,0.0,0.0
8040,0.0,0.0,0.0,0.0,0.0
8041,0.0,0.0,0.0,0.0,0.0
8042,0.0,0.0,0.0,0.0,0.0
8043,0.0,0.0,0.0,0.0,0.0
8044,0.0,0.0,0.0,0.0,0.0
8045,0.0,0.0,0.0,0.0,0.0
8046,0.0,0.0,0.0,0.0,0.0
8047,0.0,0.00105843085432695,0.0039511498428344,0.0,0.0054565380713814
8048,0.00218593525101595,0.00874832918904375,0.04583000916313445,0.0308867850351103,0.03381636226012495
8049,0.02581614841239025,0.03055386624404015,0.09863225731244275,0.07136979178594925,0.0683131057318152
8050,0.0529110384006692,0.0704414071759757,0.1370716653261388,0.1205131931171134,0.10027978809041445
8051,0.0644642148026735,0.1119920890528634,0.14613791418928876,0.15383535716417265,0.1165218825586422
8052,0.06194256202009015,0.12770565581616825,0.1229366715863465,0.1640709035048529,0.11134168630807895
8053,0.04549104228771975,0.1202196411089515,0.0841079055287458,0.15328553385780744,0.0944220284447167
8054,0.0223921476079231,0.08284886373301376,0.04252364912471265,0.11913547027344874,0.06220448388124485
8055,0.0086173859557651,0.0262494433136864,0.0146702484196269,0.0712480898406405,0.02417903636408875
8056,0.0,0.0,0.0,0.03485940543962995,0.0
8057,0.0,0.0,0.0,0.0,0.0
8058,0.0,0.0,0.0,0.0,0.0
8059,0.0,0.0,0.0,0.0,0.0
8060,0.0,0.0,0.0,0.0,0.0
8061,0.0,0.0,0.0,0.0,0.0
8062,0.0,0.0,0.0,0.0,0.0
8063,0.0,0.0,0.0,0.0,0.0
8064,0.0,0.0,0.0,0.0,0.0
8065,0.0,0.0,0.0,0.0,0.0
8066,0.0,0.0,0.0,0.0,0.0
8067,0.0,0.0,0.0,0.0,0.0
8068,0.0,0.0,0.0,0.0,0.0
8069,0.0,0.0,0.0,0.0,0.0
8070,0.0,0.0,0.0,0.0,0.0
8071,0.0272373285348535,0.002083632050913,0.00187534697005715,0.00112215035813985,0.028698791481983
8072,0.0736821165379673,0.08668068376635026,0.01865201844028205,0.0780503804003503,0.0754846263855943
8073,0.1174950666879803,0.17250861862219774,0.04822970409765835,0.15247327197291224,0.11660906143931775
8074,0.1426239622076013,0.24157323262426084,0.0738842533637927,0.21696850839308016,0.1385708451146162
8075,0.1423423598782571,0.2734339591015632,0.09089185184432715,0.25333040467217355,0.13429504324312155
8076,0.1207911364028401,0.27542717448566056,0.09319141384797255,0.2622065343857235,0.1171269968035978
8077,0.0869375918842595,0.2426185172837171,0.07687223943877194,0.24256986164829694,0.093616134853498
8078,0.04404627647255405,0.17026362245590984,0.0471714233388539,0.1935581240745993,0.0577189091895611
8079,0.02392603658848935,0.088307874175395,0.02415201167310485,0.1204689007484889,0.021968451952207
8080,0.0,0.0,0.0,0.05713351677992,0.0
8081,0.0,0.0,0.0,0.0,0.0
8082,0.0,0.0,0.0,0.0,0.0
8083,0.0,0.0,0.0,0.0,0.0
8084,0.0,0.0,0.0,0.0,0.0
8085,0.0,0.0,0.0,0.0,0.0
8086,0.0,0.0,0.0,0.0,0.0
8087,0.0,0.0,0.0,0.0,0.0
8088,0.0,0.0,0.0,0.0,0.0
8089,0.0,0.0,0.0,0.0,0.0
8090,0.0,0.0,0.0,0.0,0.0
8091,0.0,0.0,0.0,0.0,0.0
8092,0.0,0.0,0.0,0.0,0.0
8093,0.0,0.0,0.0,0.0,0.0
8094,0.0,0.0,0.0,0.0,0.0
8095,0.06715348533349776,0.00185632176777515,0.01363533320599795,0.00074838458498015,0.05480529668324605
8096,0.12363810109724085,0.1051571582904923,0.0751943279701899,0.058059838127008,0.12479041623379045
8097,0.1970681357965092,0.1868867518282157,0.14672163479537484,0.1280123372785054,0.1878460535333929
8098,0.2455980345494761,0.24471173535897545,0.20723209633622586,0.19315139556048805,0.2221749884836066
8099,0.25901845125185974,0.2761574622222647,0.23592058918148984,0.2296307205352238,0.22911131044064265
8100,0.2385752651680412,0.2763308191663892,0.2270816795535899,0.230082927921814,0.2099922413719788
8101,0.18557294314002676,0.23858241030310484,0.18559680400072326,0.2013176255323732,0.16636168649436905
8102,0.1066785267851567,0.1664079285261943,0.11546576164479355,0.1535445935945701,0.10148866415688075
8103,0.02824280275605545,0.08498936686137495,0.06350595447845235,0.08845398983031455,0.038756124192962
8104,0.0,0.0,0.0,0.03655944143098545,0.0
8105,0.0,0.0,0.0,0.0,0.0
8106,0.0,0.0,0.0,0.0,0.0
8107,0.0,0.0,0.0,0.0,0.0
8108,0.0,0.0,0.0,0.0,0.0
8109,0.0,0.0,0.0,0.0,0.0
8110,0.0,0.0,0.0,0.0,0.0
8111,0.0,0.0,0.0,0.0,0.0
8112,0.0,0.0,0.0,0.0,0.0
8113,0.0,0.0,0.0,0.0,0.0
8114,0.0,0.0,0.0,0.0,0.0
8115,0.0,0.0,0.0,0.0,0.0
8116,0.0,0.0,0.0,0.0,0.0
8117,0.0,0.0,0.0,0.0,0.0
8118,0.0,0.0,0.0,0.0,0.0
8119,0.04459681708565285,0.0,0.00845306386002045,0.0,0.02106768232171015
8120,0.0923444606396134,0.09457701985439294,0.08298893189688805,0.05967435811957405,0.0629797782122067
8121,0.15027417866961154,0.17571695247319674,0.15519250107161006,0.1264851304638612,0.10982950689032145
8122,0.19112244640216264,0.2497712931458501,0.21002065159623004,0.18948645343450995,0.1480999128002192
8123,0.2063722051616332,0.28315498384797044,0.2312022507291385,0.22654518437176455,0.1603643365831167
8124,0.19193323566751755,0.27808064700401525,0.22109974612656424,0.2328747009648006,0.149518034947257
8125,0.15486522895061994,0.2401552377500733,0.17912956072406916,0.20746256496594295,0.11875657760040935
8126,0.09145132012438364,0.16708952775652644,0.1078342713329935,0.15391871069649254,0.0679962696239601
8127,0.02898132276902535,0.0889864694275432,0.05852409087234385,0.08555724066149875,0.0223775578731837
8128,0.0,0.0,0.0,0.0336051067821537,0.0
8129,0.0,0.0,0.0,0.0,0.0
8130,0.0,0.0,0.0,0.0,0.0
8131,0.0,0.0,0.0,0.0,0.0
8132,0.0,0.0,0.0,0.0,0.0
8133,0.0,0.0,0.0,0.0,0.0
8134,0.0,0.0,0.0,0.0,0.0
8135,0.0,0.0,0.0,0.0,0.0
8136,0.0,0.0,0.0,0.0,0.0
8137,0.0,0.0,0.0,0.0,0.0
8138,0.0,0.0,0.0,0.0,0.0
8139,0.0,0.0,0.0,0.0,0.0
8140,0.0,0.0,0.0,0.0,0.0
8141,0.0,0.0,0.0,0.0,0.0
8142,0.0,0.0,0.0,0.0,0.0
8143,0.0212301047070374,0.0,0.0063139311074731,0.0,0.01722072380236535
8144,0.0685144213948096,0.10975387424063855,0.063425120774216,0.05627063456345195,0.0700730188492214
8145,0.14223557788358435,0.19193192900231104,0.1190904035010243,0.1071561585228033,0.1223759897121751
8146,0.20437889840746576,0.2543939211684085,0.15783099033931106,0.15481085912240994,0.1486226635240173
8147,0.2297028791097858,0.2832742875679633,0.1725658344052935,0.18318209798594215,0.1590162123660062
8148,0.2076834418433801,0.27402255697829503,0.1607056910211829,0.18890874902339835,0.1506974623882171
8149,0.15420155953920986,0.2329564899172431,0.12106279314283135,0.17028061892643925,0.11766178887906875
8150,0.08489879682266566,0.16060173803230424,0.0648904692652463,0.12689108280389735,0.07002508668624866
8151,0.02328742095035915,0.08071021277727465,0.03391630773439615,0.06949961654539626,0.02603853886709055
8152,0.0,0.0,0.0,0.02049997628186565,0.0
8153,0.0,0.0,0.0,0.0,0.0
8154,0.0,0.0,0.0,0.0,0.0
8155,0.0,0.0,0.0,0.0,0.0
8156,0.0,0.0,0.0,0.0,0.0
8157,0.0,0.0,0.0,0.0,0.0
8158,0.0,0.0,0.0,0.0,0.0
8159,0.0,0.0,0.0,0.0,0.0
8160,0.0,0.0,0.0,0.0,0.0
8161,0.0,0.0,0.0,0.0,0.0
8162,0.0,0.0,0.0,0.0,0.0
8163,0.0,0.0,0.0,0.0,0.0
8164,0.0,0.0,0.0,0.0,0.0
8165,0.0,0.0,0.0,0.0,0.0
8166,0.0,0.0,0.0,0.0,0.0
8167,0.00444037215544855,0.0,0.0,0.0005546893316175,0.0359332863086477
8168,0.01509952984520845,0.00771287797199055,0.0009057603586408,0.0238143679368315,0.09580332779450695
8169,0.05609682373124655,0.0211145301478784,0.0082037928237345,0.04836010087386885,0.16314732122016165
8170,0.10695737149675005,0.0265942303402717,0.0154664181424917,0.0713764496395264,0.2054930392186356
8171,0.1441810980913521,0.0240765078119463,0.02333227685074495,0.08723544075077735,0.21678229318284434
8172,0.1359661704090554,0.02415521849510185,0.02835217282897035,0.0953443698686041,0.20178178602694194
8173,0.0818793614616445,0.01806149477246,0.02036430681770555,0.08937374959796725,0.16043864428499324
8174,0.02769597865813715,0.0080640968368222,0.00817207640512385,0.06660635273777744,0.10023844807788394
8175,0.0035389149954952,0.0025528262402669,0.00232398745716555,0.03696255141711625,0.04150503706988595
8176,0.0,0.0,0.0,0.0158103370962196,0.0
8177,0.0,0.0,0.0,0.0,0.0
8178,0.0,0.0,0.0,0.0,0.0
8179,0.0,0.0,0.0,0.0,0.0
8180,0.0,0.0,0.0,0.0,0.0
8181,0.0,0.0,0.0,0.0,0.0
8182,0.0,0.0,0.0,0.0,0.0
8183,0.0,0.0,0.0,0.0,0.0
8184,0.0,0.0,0.0,0.0,0.0
8185,0.0,0.0,0.0,0.0,0.0
8186,0.0,0.0,0.0,0.0,0.0
8187,0.0,0.0,0.0,0.0,0.0
8188,0.0,0.0,0.0,0.0,0.0
8189,0.0,0.0,0.0,0.0,0.0
8190,0.0,0.0,0.0,0.0,0.0
8191,0.05334853166104085,0.0,0.00318501081141615,0.00061011728455225,0.0377728082479452
8192,0.1094391290699084,0.0812487683798575,0.0332457623040829,0.0323333358459601,0.09876326681009315
8193,0.1831917111863781,0.14409619157978676,0.06688224853597804,0.06833654940685295,0.16019284466764935
8194,0.2266060936037597,0.18535406389889214,0.0901725271554604,0.0960285082104671,0.20543021519395396
8195,0.2360655574582421,0.203416188309922,0.09121896062835096,0.10523567991029045,0.2176856615253798
8196,0.2141919322733519,0.190444626163851,0.07353183916332805,0.0971342460504744,0.1931101535604328
8197,0.16193498410341134,0.1469333165066959,0.0477902014406318,0.07751973202946205,0.1477543970588544
8198,0.0867776613916233,0.0837658234874836,0.02114951352132635,0.0501332871799893,0.08919809662444796
8199,0.01528326614247105,0.0232758222147718,0.00510459804012055,0.0217286256659402,0.03582231065112685
8200,0.0,0.0,0.0,0.0040128642228494,0.0
8201,0.0,0.0,0.0,0.0,0.0
8202,0.0,0.0,0.0,0.0,0.0
8203,0.0,0.0,0.0,0.0,0.0
8204,0.0,0.0,0.0,0.0,0.0
8205,0.0,0.0,0.0,0.0,0.0
8206,0.0,0.0,0.0,0.0,0.0
8207,0.0,0.0,0.0,0.0,0.0
8208,0.0,0.0,0.0,0.0,0.0
8209,0.0,0.0,0.0,0.0,0.0
8210,0.0,0.0,0.0,0.0,0.0
8211,0.0,0.0,0.0,0.0,0.0
8212,0.0,0.0,0.0,0.0,0.0
8213,0.0,0.0,0.0,0.0,0.0
8214,0.0,0.0,0.0,0.0,0.0
8215,0.01956573178390705,0.0,0.0,0.0,0.0211038003209116
8216,0.03863216334354185,0.0353363110019809,0.0315480977461098,0.0320039959572124,0.06087572467495675
8217,0.04350745183335975,0.07770891800018966,0.07620173350958205,0.07295054147430155,0.1125925598854172
8218,0.03145666233032055,0.09479405278781004,0.11675942419800375,0.12064598049717006,0.16356121605608556
8219,0.025461325287645,0.08431298393995665,0.12594315255251845,0.1479757625793197,0.18220056697969875
8220,0.02189558789619365,0.0559567264155107,0.1038651670655278,0.1571076920867884,0.1632188939784266
8221,0.0126004588236602,0.02691730832090925,0.0669835831729442,0.1477853734245601,0.12769428455823265
8222,0.00335370375314835,0.0068897561267962,0.0251777126617452,0.11674391592606455,0.07678347965515155
8223,0.00064901229919155,0.00175782212838645,0.00324623065030225,0.0693521842707643,0.0237253589750994
8224,0.0,0.0,0.0,0.0268194893926979,0.0
8225,0.0,0.0,0.0,0.0,0.0
8226,0.0,0.0,0.0,0.0,0.0
8227,0.0,0.0,0.0,0.0,0.0
8228,0.0,0.0,0.0,0.0,0.0
8229,0.0,0.0,0.0,0.0,0.0
8230,0.0,0.0,0.0,0.0,0.0
8231,0.0,0.0,0.0,0.0,0.0
8232,0.0,0.0,0.0,0.0,0.0
8233,0.0,0.0,0.0,0.0,0.0
8234,0.0,0.0,0.0,0.0,0.0
8235,0.0,0.0,0.0,0.0,0.0
8236,0.0,0.0,0.0,0.0,0.0
8237,0.0,0.0,0.0,0.0,0.0
8238,0.0,0.0,0.0,0.0,0.0
8239,0.01923236525631795,0.0,0.0,0.00074625328409135,0.0329378970650372
8240,0.06237355684877075,0.05525786869288805,0.03985879068015755,0.06062403999913725,0.08676197797205755
8241,0.1328834768910177,0.14224867471935346,0.0979695687155515,0.12184307005391745,0.1455338593173695
8242,0.1871926554833555,0.20488689614025954,0.14915630614803255,0.18779515165698984,0.17554169070568926
8243,0.20873482751954645,0.2354836529303098,0.1579964904241664,0.23931413507473084,0.18562077787150105
8244,0.20057537821444316,0.25281800713070296,0.13177641614274055,0.2583465632076241,0.1772082281517106
8245,0.15838004746316095,0.22909802711758606,0.0940419445357575,0.23873087698866774,0.13766938142834906
8246,0.0894255570946791,0.1621073408700103,0.0502822568977339,0.18592187170643434,0.0820761181221291
8247,0.02043402552128215,0.08657291737662134,0.0244553400761127,0.1110120032196035,0.03173853440133385
8248,0.0,0.0,0.0,0.04529017115065245,0.0
8249,0.0,0.0,0.0,0.0,0.0
8250,0.0,0.0,0.0,0.0,0.0
8251,0.0,0.0,0.0,0.0,0.0
8252,0.0,0.0,0.0,0.0,0.0
8253,0.0,0.0,0.0,0.0,0.0
8254,0.0,0.0,0.0,0.0,0.0
8255,0.0,0.0,0.0,0.0,0.0
8256,0.0,0.0,0.0,0.0,0.0
8257,0.0,0.0,0.0,0.0,0.0
8258,0.0,0.0,0.0,0.0,0.0
8259,0.0,0.0,0.0,0.0,0.0
8260,0.0,0.0,0.0,0.0,0.0
8261,0.0,0.0,0.0,0.0,0.0
8262,0.0,0.0,0.0,0.0,0.0
8263,0.07852986143528025,0.0,0.0,0.00098128996170865,0.0375967464292548
8264,0.1334763026646198,0.00492531518187705,0.0277815588166869,0.0110123619531599,0.0866604069288396
8265,0.2129014630917634,0.0221461811353362,0.0571440795866923,0.02552079015366075,0.14172644395443576
8266,0.26009127422106243,0.04298038286164455,0.0764663990793871,0.0401694801915278,0.176797592496591
8267,0.2716980294259367,0.05364478864018585,0.078536341039395,0.048517258929327,0.1927397778011439
8268,0.2479133437919098,0.04197245446767885,0.06400795607993015,0.05469007480213735,0.18635829281745164
8269,0.19010777979131185,0.01615656171538445,0.03964069459570655,0.05929218932425995,0.15497901167361075
8270,0.1083944042179202,0.00280228999963535,0.01605564847108665,0.0531974591025281,0.10146309010606434
8271,0.0205066166596078,0.0,0.0053473972224369,0.0337466800567637,0.0444073501014221
8272,0.0,0.0,0.0,0.02030114713830925,0.0
8273,0.0,0.0,0.0,0.0,0.0
8274,0.0,0.0,0.0,0.0,0.0
8275,0.0,0.0,0.0,0.0,0.0
8276,0.0,0.0,0.0,0.0,0.0
8277,0.0,0.0,0.0,0.0,0.0
8278,0.0,0.0,0.0,0.0,0.0
8279,0.0,0.0,0.0,0.0,0.0
8280,0.0,0.0,0.0,0.0,0.0
8281,0.0,0.0,0.0,0.0,0.0
8282,0.0,0.0,0.0,0.0,0.0
8283,0.0,0.0,0.0,0.0,0.0
8284,0.0,0.0,0.0,0.0,0.0
8285,0.0,0.0,0.0,0.0,0.0
8286,0.0,0.0,0.0,0.0,0.0
8287,0.006262760520369,0.0,0.0,0.0,0.0212981333962386
8288,0.0070711443356464,0.0093680525051901,0.0,0.01799111318535825,0.05971373166895685
8289,0.0172387897928337,0.06842813221801465,0.0083969825842663,0.0491366211482855,0.11304313017960985
8290,0.0396287145021671,0.13436775635510376,0.0300604731017465,0.0807053033732322,0.1511323550427556
8291,0.05326898484586225,0.1737712729154647,0.0441532599330719,0.09546330230091984,0.1612420269613641
8292,0.0545964717071789,0.18735504237762934,0.0495648623842849,0.08628632979403145,0.1497371098083248
8293,0.0428877781043902,0.17332843667192704,0.05025155366947785,0.0679300244706017,0.11945456205225505
8294,0.01608046961217335,0.1318553534433918,0.03575570759331385,0.04830025082496335,0.07491562257169965
8295,0.001799459513558,0.07071158934917154,0.01791793639228545,0.02224073187789415,0.0289811636558252
8296,0.0,0.0,0.0,0.00253443743617285,0.0
8297,0.0,0.0,0.0,0.0,0.0
8298,0.0,0.0,0.0,0.0,0.0
8299,0.0,0.0,0.0,0.0,0.0
8300,0.0,0.0,0.0,0.0,0.0
8301,0.0,0.0,0.0,0.0,0.0
8302,0.0,0.0,0.0,0.0,0.0
8303,0.0,0.0,0.0,0.0,0.0
8304,0.0,0.0,0.0,0.0,0.0
8305,0.0,0.0,0.0,0.0,0.0
8306,0.0,0.0,0.0,0.0,0.0
8307,0.0,0.0,0.0,0.0,0.0
8308,0.0,0.0,0.0,0.0,0.0
8309,0.0,0.0,0.0,0.0,0.0
8310,0.0,0.0,0.0,0.0,0.0
8311,0.0138528400316085,0.0,0.0,0.0,0.0235816149269275
8312,0.0356546062249384,0.0,0.0057831274258586,0.01652740740153145,0.0571121671698566
8313,0.06984317807914305,0.00359315903485105,0.01786368795495105,0.04764706941187665,0.0839721781276734
8314,0.09892498373517955,0.0190412833801774,0.0244022651425011,0.08414580670464475,0.0907132400950939
8315,0.10178316325911475,0.0427648317446102,0.02278126217459205,0.09789940726671395,0.07829442651095045
8316,0.0739446728028334,0.08750432436987235,0.01807633993898045,0.10260141804627275,0.05593934469136475
8317,0.0424860320675061,0.0930280124919091,0.0138371862639493,0.0976369481482091,0.03351348560323895
8318,0.0180192926537008,0.0412013369937499,0.00763129335074175,0.07045757360847744,0.0157081329177928
8319,0.0,0.0058349870895086,0.0023953715187203,0.0349012418662805,0.00534130037505445
8320,0.0,0.0,0.0,0.0042703023687549,0.0
8321,0.0,0.0,0.0,0.0,0.0
8322,0.0,0.0,0.0,0.0,0.0
8323,0.0,0.0,0.0,0.0,0.0
8324,0.0,0.0,0.0,0.0,0.0
8325,0.0,0.0,0.0,0.0,0.0
8326,0.0,0.0,0.0,0.0,0.0
8327,0.0,0.0,0.0,0.0,0.0
8328,0.0,0.0,0.0,0.0,0.0
8329,0.0,0.0,0.0,0.0,0.0
8330,0.0,0.0,0.0,0.0,0.0
8331,0.0,0.0,0.0,0.0,0.0
8332,0.0,0.0,0.0,0.0,0.0
8333,0.0,0.0,0.0,0.0,0.0
8334,0.0,0.0,0.0,0.0,0.0
8335,0.03863953926407565,0.0,0.0,0.0,0.04379622449826855
8336,0.06596239419015275,0.0129887833544459,0.0063582841894495,0.0111451535613773,0.10251818768297274
8337,0.0936093448192582,0.04641120410680665,0.03445396854987385,0.02804656189191555,0.16776379770227284
8338,0.10269387114123235,0.08504121417722325,0.0712549709605076,0.04799763502836685,0.20638900194257115
8339,0.1041771446003458,0.11728618629625355,0.1010026388038353,0.06056720710303065,0.2165442832785918
8340,0.11126413063664635,0.1299093952937283,0.1108935532614459,0.0666261747791294,0.2081794959875885
8341,0.1119954988685964,0.11833374651646385,0.0963701435284276,0.0678188608728844,0.1758013061549085
8342,0.0723919376699119,0.07449871369231045,0.0579285277527827,0.05467482513262,0.1163686623143474
8343,0.01470455911424825,0.0249084759589104,0.02547683490281245,0.0315710461914936,0.05455711255797935
8344,0.0,0.0,0.0,0.02017852780989375,0.0
8345,0.0,0.0,0.0,0.0,0.0
8346,0.0,0.0,0.0,0.0,0.0
8347,0.0,0.0,0.0,0.0,0.0
8348,0.0,0.0,0.0,0.0,0.0
8349,0.0,0.0,0.0,0.0,0.0
8350,0.0,0.0,0.0,0.0,0.0
8351,0.0,0.0,0.0,0.0,0.0
8352,0.0,0.0,0.0,0.0,0.0
8353,0.0,0.0,0.0,0.0,0.0
8354,0.0,0.0,0.0,0.0,0.0
8355,0.0,0.0,0.0,0.0,0.0
8356,0.0,0.0,0.0,0.0,0.0
8357,0.0,0.0,0.0,0.0,0.0
8358,0.0,0.0,0.0,0.0,0.0
8359,0.01863536884839735,0.0,0.0,0.0,0.05334477142870925
8360,0.0597657595990538,0.03826063009254125,0.0253715647139324,0.0418757431034226,0.11483769957057165
8361,0.12742973334132274,0.0915449354111,0.0518739140313384,0.0815844009530702,0.1779275462001898
8362,0.1772729683076388,0.11977281738731,0.0675508788088476,0.1222895622499957,0.21848592516320006
8363,0.19355256870049195,0.11519614820936536,0.07258674494897975,0.14681343046886966,0.22736883824737975
8364,0.18010063607382176,0.10129697627451315,0.06277183509951036,0.1516699162235135,0.20259895644821735
8365,0.13432439378472605,0.0848940806454121,0.0401697433990649,0.13837685880371065,0.1576980860791179
8366,0.0680308997851549,0.0529545353348036,0.01607523104487975,0.1068253813895881,0.09733596292065895
8367,0.00985610560982,0.01428965882207975,0.00336163250787135,0.0636157190021886,0.03741109594624815
8368,0.0,0.0,0.0,0.03058105875326075,0.0
8369,0.0,0.0,0.0,0.0,0.0
8370,0.0,0.0,0.0,0.0,0.0
8371,0.0,0.0,0.0,0.0,0.0
8372,0.0,0.0,0.0,0.0,0.0
8373,0.0,0.0,0.0,0.0,0.0
8374,0.0,0.0,0.0,0.0,0.0
8375,0.0,0.0,0.0,0.0,0.0
8376,0.0,0.0,0.0,0.0,0.0
8377,0.0,0.0,0.0,0.0,0.0
8378,0.0,0.0,0.0,0.0,0.0
8379,0.0,0.0,0.0,0.0,0.0
8380,0.0,0.0,0.0,0.0,0.0
8381,0.0,0.0,0.0,0.0,0.0
8382,0.0,0.0,0.0,0.0,0.0
8383,0.01145951595636835,0.0,0.0,0.0006193685143599,0.0397797039439576
8384,0.03127550293416485,0.0164381442655725,0.01083996544916915,0.02493264994886815,0.09289353699938775
8385,0.07124720765368775,0.0747315057060695,0.052473695623499,0.06919164617197775,0.15822741224953055
8386,0.1020192519626651,0.14354195779977225,0.09322712746431285,0.122010691003552,0.20820141516774304
8387,0.1221750855484797,0.1932478228994321,0.11793539097333555,0.14945646798856504,0.2280655390546806
8388,0.1259277954345874,0.20990336152393355,0.12302572027573265,0.15430000295361865,0.2102745039860662
8389,0.09946994519201495,0.18744540541013335,0.1062370705319916,0.1390068994311556,0.1677453119074089
8390,0.05502147311813465,0.12257082122184955,0.0671703660110788,0.0984165551932051,0.1096937252980964
8391,0.0120562241339065,0.0491299418899224,0.0368225209586987,0.05057506925369235,0.0488026524896658
8392,0.0,0.0,0.0,0.0187232547787401,0.0
8393,0.0,0.0,0.0,0.0,0.0
8394,0.0,0.0,0.0,0.0,0.0
8395,0.0,0.0,0.0,0.0,0.0
8396,0.0,0.0,0.0,0.0,0.0
8397,0.0,0.0,0.0,0.0,0.0
8398,0.0,0.0,0.0,0.0,0.0
8399,0.0,0.0,0.0,0.0,0.0
8400,0.0,0.0,0.0,0.0,0.0
8401,0.0,0.0,0.0,0.0,0.0
8402,0.0,0.0,0.0,0.0,0.0
8403,0.0,0.0,0.0,0.0,0.0
8404,0.0,0.0,0.0,0.0,0.0
8405,0.0,0.0,0.0,0.0,0.0
8406,0.0,0.0,0.0,0.0,0.0
8407,0.001442714908988,0.0,0.0,0.00053890723606795,0.0448139362034184
8408,0.0097312336818444,0.0186312661421348,0.0260118994774271,0.01593459586267965,0.0990837308955307
8409,0.04137264810226075,0.0667497000510152,0.0756645119259504,0.0429807482336018,0.15577119477976206
8410,0.07614963766674575,0.11237045708273115,0.1263741723751479,0.0804517397499045,0.18637630515834194
8411,0.0957532022720805,0.14459508096812926,0.15360099379394104,0.11179877244575614,0.19023835112835025
8412,0.0961931539384917,0.1521546200740428,0.14748325593882725,0.12030948827295684,0.1753921377273017
8413,0.07117441752168485,0.12456458524432405,0.10638736844115165,0.11101419971860015,0.13931345848519425
8414,0.02543030483082915,0.07426990232438865,0.04877956770398725,0.088492944100292,0.08040839227968315
8415,0.0012516464415492,0.02798738844358565,0.01488449574502785,0.0516011859151978,0.02745977269730795
8416,0.0,0.0,0.0,0.0190887352171466,0.0
8417,0.0,0.0,0.0,0.0,0.0
8418,0.0,0.0,0.0,0.0,0.0
8419,0.0,0.0,0.0,0.0,0.0
8420,0.0,0.0,0.0,0.0,0.0
8421,0.0,0.0,0.0,0.0,0.0
8422,0.0,0.0,0.0,0.0,0.0
8423,0.0,0.0,0.0,0.0,0.0
8424,0.0,0.0,0.0,0.0,0.0
8425,0.0,0.0,0.0,0.0,0.0
8426,0.0,0.0,0.0,0.0,0.0
8427,0.0,0.0,0.0,0.0,0.0
8428,0.0,0.0,0.0,0.0,0.0
8429,0.0,0.0,0.0,0.0,0.0
8430,0.0,0.0,0.0,0.0,0.0
8431,0.01411622127629355,0.0,0.0,0.0,0.0147329721639314
8432,0.0565878124899985,0.0180278192136838,0.023162846301003,0.04269794495483335,0.05587934612427085
8433,0.10479710343155026,0.0717455358537563,0.06021188320909795,0.09411112704870205,0.1013737505542694
8434,0.14290069528704835,0.14523074557681875,0.09417143814523855,0.1505467334523671,0.12924253607143704
8435,0.168333573243628,0.2002264149486123,0.11137798236668865,0.19008878410987304,0.1364515957529096
8436,0.16696040315697994,0.2107864764482009,0.11259823753191996,0.209537935975192,0.1175864480996002
8437,0.12915612200560875,0.17969412301685245,0.09404071126510725,0.20315495929091215,0.0790735301881118
8438,0.06579933809255645,0.1204812817593119,0.05641158569758925,0.167450179577204,0.03746141914926045
8439,0.01387590384656865,0.0603096147958617,0.0356926335518431,0.1045731702987204,0.0071127775914499
8440,0.0,0.0,0.0,0.05183851992814465,0.0
8441,0.0,0.0,0.0,0.0,0.0
8442,0.0,0.0,0.0,0.0,0.0
8443,0.0,0.0,0.0,0.0,0.0
8444,0.0,0.0,0.0,0.0,0.0
8445,0.0,0.0,0.0,0.0,0.0
8446,0.0,0.0,0.0,0.0,0.0
8447,0.0,0.0,0.0,0.0,0.0
8448,0.0,0.0,0.0,0.0,0.0
8449,0.0,0.0,0.0,0.0,0.0
8450,0.0,0.0,0.0,0.0,0.0
8451,0.0,0.0,0.0,0.0,0.0
8452,0.0,0.0,0.0,0.0,0.0
8453,0.0,0.0,0.0,0.0,0.0
8454,0.0,0.0,0.0,0.0,0.0
8455,0.0,0.0,0.0,0.0,0.00489592620102935
8456,0.0101098812780292,0.0225955795573141,0.02451068096590225,0.03415440963292055,0.02604963663946235
8457,0.0426631052197133,0.0790071063603706,0.0775665709980198,0.0738541585142635,0.05925009352621805
8458,0.07231392984152885,0.14038301095680575,0.12565701044369926,0.1109681408127068,0.0819114592820647
8459,0.0859755778861923,0.17361773460881344,0.1475918687039109,0.125556366338026,0.0951459296950925
8460,0.0837404509149187,0.179773588791998,0.1457357668520616,0.1332160789472506,0.0953853241091234
8461,0.0611629109810089,0.15539644519320714,0.117011470595196,0.13204043315510805,0.07578513631055026
8462,0.0253329882191266,0.09846591050941594,0.0650058085895969,0.1044601338355639,0.0447093786656046
8463,0.00290964228668995,0.0415161426021213,0.031933438953753,0.05718919816402065,0.0160393422142446
8464,0.0,0.0,0.0,0.0186021143198802,0.0
8465,0.0,0.0,0.0,0.0,0.0
8466,0.0,0.0,0.0,0.0,0.0
8467,0.0,0.0,0.0,0.0,0.0
8468,0.0,0.0,0.0,0.0,0.0
8469,0.0,0.0,0.0,0.0,0.0
8470,0.0,0.0,0.0,0.0,0.0
8471,0.0,0.0,0.0,0.0,0.0
8472,0.0,0.0,0.0,0.0,0.0
8473,0.0,0.0,0.0,0.0,0.0
8474,0.0,0.0,0.0,0.0,0.0
8475,0.0,0.0,0.0,0.0,0.0
8476,0.0,0.0,0.0,0.0,0.0
8477,0.0,0.0,0.0,0.0,0.0
8478,0.0,0.0,0.0,0.0,0.0
8479,0.01739116039596325,0.0,0.0,0.0,0.02782919476689575
8480,0.0588038327625387,0.0030967306767788,0.03086503305072255,0.01033020733077965,0.0805711925562181
8481,0.115570319932471,0.00433512653661375,0.06369100703220415,0.0264836686443113,0.1497926996144328
8482,0.15727005110029785,0.002339312143823,0.09080388321948465,0.0481006991505277,0.18828642792070646
8483,0.17341356139219766,0.01028846248551145,0.09151460373712884,0.0665356820373055,0.18527139991167205
8484,0.16136467418569966,0.0139681594546032,0.0636704980302438,0.08523898405399405,0.1639874990401784
8485,0.11827252617509565,0.00718943469645575,0.03088430455516565,0.0977352299972237,0.12633339924710155
8486,0.0554400159704461,0.0007584734551265,0.0076438697016595,0.08917054936086515,0.07030618154105756
8487,0.0005922723803373,0.0,0.00167223582347445,0.05728157797288945,0.02470174690138605
8488,0.0,0.0,0.0,0.034823739699563,0.0
8489,0.0,0.0,0.0,0.0,0.0
8490,0.0,0.0,0.0,0.0,0.0
8491,0.0,0.0,0.0,0.0,0.0
8492,0.0,0.0,0.0,0.0,0.0
8493,0.0,0.0,0.0,0.0,0.0
8494,0.0,0.0,0.0,0.0,0.0
8495,0.0,0.0,0.0,0.0,0.0
8496,0.0,0.0,0.0,0.0,0.0
8497,0.0,0.0,0.0,0.0,0.0
8498,0.0,0.0,0.0,0.0,0.0
8499,0.0,0.0,0.0,0.0,0.0
8500,0.0,0.0,0.0,0.0,0.0
8501,0.0,0.0,0.0,0.0,0.0
8502,0.0,0.0,0.0,0.0,0.0
8503,0.0019084488730525,0.0,0.0,0.0,0.00118700143524785
8504,0.0042961637824652,0.0,0.0254725402847939,0.05060085414093585,0.01519929994998425
8505,0.0088802570287458,0.02709750926872265,0.05733087810008945,0.0992800199313068,0.03766236332057445
8506,0.0087648368211853,0.0757799152768119,0.089073176020638,0.1511855010997426,0.0651712813542738
8507,0.0044910884822114,0.10106982697629165,0.10459332787327864,0.1864552260704226,0.08882394744666285
8508,0.00118897869854685,0.1152341289912776,0.0940063489391827,0.1857527632663733,0.0861532214472463
8509,0.00120267022068625,0.11837137828179385,0.0635413495753879,0.1484122899028283,0.0737175947577271
8510,0.000761944423991,0.0975831277030034,0.0296016051977571,0.09732222270855055,0.05671826839688415
8511,0.0,0.06328023969791685,0.01179876928868715,0.04579859870474875,0.02608669312596985
8512,0.0,0.0,0.0,0.01143837044316315,0.0
8513,0.0,0.0,0.0,0.0,0.0
8514,0.0,0.0,0.0,0.0,0.0
8515,0.0,0.0,0.0,0.0,0.0
8516,0.0,0.0,0.0,0.0,0.0
8517,0.0,0.0,0.0,0.0,0.0
8518,0.0,0.0,0.0,0.0,0.0
8519,0.0,0.0,0.0,0.0,0.0
8520,0.0,0.0,0.0,0.0,0.0
8521,0.0,0.0,0.0,0.0,0.0
8522,0.0,0.0,0.0,0.0,0.0
8523,0.0,0.0,0.0,0.0,0.0
8524,0.0,0.0,0.0,0.0,0.0
8525,0.0,0.0,0.0,0.0,0.0
8526,0.0,0.0,0.0,0.0,0.0
8527,0.00310964139431135,0.0,0.0,0.0,0.01578284833979765
8528,0.00479136199433105,0.00691504320815335,0.0,0.03836322911741,0.04142780132633825
8529,0.01497870384382355,0.0232232935158535,0.0065401941248925,0.07378993029452105,0.09181225270114365
8530,0.0200952117491639,0.0232271836008475,0.0225265338270845,0.12204102139398144,0.13296084488584836
8531,0.01663568830797255,0.02280938684064735,0.02526138160606355,0.163515571149304,0.14987228642357145
8532,0.0091716439939551,0.0218518625012725,0.0175824524784281,0.1568238981266172,0.15323378272514415
8533,0.00199849485468845,0.01510888331076805,0.0050894065761067,0.11010503617899715,0.13494982705277286
8534,0.0,0.0101473500994731,0.0,0.0659456028226997,0.0885433067400783
8535,0.0,0.0042554109630341,0.0,0.0306553975115107,0.03663292200218655
8536,0.0,0.0,0.0,0.00618655726676325,0.0
8537,0.0,0.0,0.0,0.0,0.0
8538,0.0,0.0,0.0,0.0,0.0
8539,0.0,0.0,0.0,0.0,0.0
8540,0.0,0.0,0.0,0.0,0.0
8541,0.0,0.0,0.0,0.0,0.0
8542,0.0,0.0,0.0,0.0,0.0
8543,0.0,0.0,0.0,0.0,0.0
8544,0.0,0.0,0.0,0.0,0.0
8545,0.0,0.0,0.0,0.0,0.0
8546,0.0,0.0,0.0,0.0,0.0
8547,0.0,0.0,0.0,0.0,0.0
8548,0.0,0.0,0.0,0.0,0.0
8549,0.0,0.0,0.0,0.0,0.0
8550,0.0,0.0,0.0,0.0,0.0
8551,0.0007026894350943,0.0,0.0,0.0,0.03750234362424715
8552,0.0059186037094688,0.00699225137232005,0.0,0.03564005275664705,0.09247478715737605
8553,0.0244934476417274,0.0361920458253085,0.00783737370313705,0.08005392678249855,0.1590055165485634
8554,0.03951428231760975,0.0395046771007814,0.0253386707620542,0.126413225529245,0.20210677569612034
8555,0.0416829817064732,0.0335613356640511,0.03911563673985175,0.1542458230686239,0.21355623002837865
8556,0.0327586750364753,0.0417197264259131,0.04650226496816845,0.16437010874871255,0.199681566981262
8557,0.0169311090172929,0.03178918111191485,0.0391393454885333,0.14688336389732015,0.16720367540733386
8558,0.0037122072618719,0.01566028920407115,0.0185707568716749,0.10638894485317694,0.11098362267817236
8559,0.00072789526640735,0.00571581391363935,0.0102975606756221,0.05697173924318295,0.0495733297211514
8560,0.0,0.0,0.0,0.013352279214149,0.0
8561,0.0,0.0,0.0,0.0,0.0
8562,0.0,0.0,0.0,0.0,0.0
8563,0.0,0.0,0.0,0.0,0.0
8564,0.0,0.0,0.0,0.0,0.0
8565,0.0,0.0,0.0,0.0,0.0
8566,0.0,0.0,0.0,0.0,0.0
8567,0.0,0.0,0.0,0.0,0.0
8568,0.0,0.0,0.0,0.0,0.0
8569,0.0,0.0,0.0,0.0,0.0
8570,0.0,0.0,0.0,0.0,0.0
8571,0.0,0.0,0.0,0.0,0.0
8572,0.0,0.0,0.0,0.0,0.0
8573,0.0,0.0,0.0,0.0,0.0
8574,0.0,0.0,0.0,0.0,0.0
8575,0.017977538634641,0.0,0.0,0.0,0.0626185602737108
8576,0.04292563586160365,0.0,0.00591835348522915,0.02722339609389975,0.1258467470674615
8577,0.10747799640911895,0.0011871135899046,0.02302769400836085,0.05077640613357725,0.1923889799100126
8578,0.1531554462962436,0.00126026111465355,0.03605385982847135,0.07454332472212405,0.231224051143173
8579,0.1661137359169712,0.0012759662155753,0.03192385673352085,0.08983755420955375,0.24541412998310266
8580,0.138611287984833,0.0034721322527876,0.01870733222835725,0.0946071789871578,0.2333555166274387
8581,0.0791134156488067,0.00881992898945625,0.00776097158735035,0.09209190345115086,0.1954587231218015
8582,0.0253918380984038,0.00616182332301895,0.00494240079118265,0.0764133876300546,0.13129448336163824
8583,0.0,0.0014771377762812,0.0021323982585009,0.0459145556316447,0.061518450965402
8584,0.0,0.0,0.0,0.0224761056801097,0.0
8585,0.0,0.0,0.0,0.0,0.0
8586,0.0,0.0,0.0,0.0,0.0
8587,0.0,0.0,0.0,0.0,0.0
8588,0.0,0.0,0.0,0.0,0.0
8589,0.0,0.0,0.0,0.0,0.0
8590,0.0,0.0,0.0,0.0,0.0
8591,0.0,0.0,0.0,0.0,0.0
8592,0.0,0.0,0.0,0.0,0.0
8593,0.0,0.0,0.0,0.0,0.0
8594,0.0,0.0,0.0,0.0,0.0
8595,0.0,0.0,0.0,0.0,0.0
8596,0.0,0.0,0.0,0.0,0.0
8597,0.0,0.0,0.0,0.0,0.0
8598,0.0,0.0,0.0,0.0,0.0
8599,0.0301227010468498,0.0,0.0,0.0,0.0553563878179536
8600,0.04418360618799875,0.00845753419314555,0.0,0.0379399125759522,0.1182538623939583
8601,0.0836542902965835,0.04832782434805405,0.0060113239982037,0.0809169663531122,0.194936631118347
8602,0.11017509298354144,0.077847596657208,0.01930280000453325,0.13560166418147035,0.24489383049506994
8603,0.1090523952036817,0.0933954862698395,0.03094303537963335,0.17558928806700416,0.2668661026198595
8604,0.0831240691981351,0.0868200633015781,0.03830601211697815,0.18967158127860206,0.2574243328280078
8605,0.04822671560558845,0.0584533841702875,0.0338600886474869,0.1804940550594827,0.21497799831676784
8606,0.01700188339621775,0.03470561687653435,0.01705454590841445,0.15038875516212144,0.14341583625328105
8607,0.00286136833603885,0.0123583428609693,0.0038514603191064,0.0973728388773134,0.0664251271167236
8608,0.0,0.0,0.0,0.04841487172292475,0.0
8609,0.0,0.0,0.0,0.0,0.0
8610,0.0,0.0,0.0,0.0,0.0
8611,0.0,0.0,0.0,0.0,0.0
8612,0.0,0.0,0.0,0.0,0.0
8613,0.0,0.0,0.0,0.0,0.0
8614,0.0,0.0,0.0,0.0,0.0
8615,0.0,0.0,0.0,0.0,0.0
8616,0.0,0.0,0.0,0.0,0.0
8617,0.0,0.0,0.0,0.0,0.0
8618,0.0,0.0,0.0,0.0,0.0
8619,0.0,0.0,0.0,0.0,0.0
8620,0.0,0.0,0.0,0.0,0.0
8621,0.0,0.0,0.0,0.0,0.0
8622,0.0,0.0,0.0,0.0,0.0
8623,0.0268519177079195,0.0,0.0,0.0,0.0621179423236614
8624,0.04738786647988105,0.0275423399771304,0.00702979932383745,0.0517044134721235,0.12417198321790975
8625,0.097241061395914,0.0687109050421106,0.0382070741058739,0.101181145587479,0.2001707004146196
8626,0.13722545586608625,0.0920974509138081,0.0624936456313222,0.1548280500969079,0.24695203883859715
8627,0.16366102553609765,0.10643806264006185,0.06421628142500604,0.1890014216206865,0.2662118724649729
8628,0.1667407511995155,0.10398105296961635,0.06182245038379535,0.1949183155887395,0.25491141219669067
8629,0.1233146975878555,0.07934475603734155,0.04032515942890775,0.1728763715570796,0.21329052243903784
8630,0.0619308321915159,0.05122915920378945,0.012615571009589,0.13197051821371794,0.1456441418700794
8631,0.0326806675801862,0.02090269760200065,0.00317241338354335,0.07775257068064695,0.06883253364964526
8632,0.0,0.0,0.0,0.03148660973795685,0.0
8633,0.0,0.0,0.0,0.0,0.0
8634,0.0,0.0,0.0,0.0,0.0
8635,0.0,0.0,0.0,0.0,0.0
8636,0.0,0.0,0.0,0.0,0.0
8637,0.0,0.0,0.0,0.0,0.0
8638,0.0,0.0,0.0,0.0,0.0
8639,0.0,0.0,0.0,0.0,0.0
8640,0.0,0.0,0.0,0.0,0.0
8641,0.0,0.0,0.0,0.0,0.0
8642,0.0,0.0,0.0,0.0,0.0
8643,0.0,0.0,0.0,0.0,0.0
8644,0.0,0.0,0.0,0.0,0.0
8645,0.0,0.0,0.0,0.0,0.0
8646,0.0,0.0,0.0,0.0,0.0
8647,0.0162799812892308,0.0,0.0,0.0,0.03532599334877875
8648,0.0338794280750128,0.0,0.00280933441411145,0.0339095608701291,0.089185370119321
8649,0.06368640390168495,0.00241826825277275,0.01458119875114915,0.06658669385373725,0.1560899345724588
8650,0.0836353124064606,0.01076016775077765,0.0340026845047236,0.10957806671889606,0.1980351295701906
8651,0.091139682493454,0.0211784224360979,0.04184619114878585,0.1370400949313099,0.21314357941798584
8652,0.08166677261814755,0.01977823222737615,0.0333562741642969,0.1425750352827385,0.19920112679877636
8653,0.0567202482743452,0.0103878573859039,0.0247323009042019,0.12610903054373784,0.15963779345689025
8654,0.02829876874811035,0.00463173928328995,0.01562576676327435,0.09570477219207775,0.10148606600690005
8655,0.00131836718942145,0.0010535520676996,0.00727525672739305,0.05980282559309535,0.0400629799060064
8656,0.0,0.0,0.0,0.0291773555069091,0.0
8657,0.0,0.0,0.0,0.0,0.0
8658,0.0,0.0,0.0,0.0,0.0
8659,0.0,0.0,0.0,0.0,0.0
8660,0.0,0.0,0.0,0.0,0.0
8661,0.0,0.0,0.0,0.0,0.0
8662,0.0,0.0,0.0,0.0,0.0
8663,0.0,0.0,0.0,0.0,0.0
8664,0.0,0.0,0.0,0.0,0.0
8665,0.0,0.0,0.0,0.0,0.0
8666,0.0,0.0,0.0,0.0,0.0
8667,0.0,0.0,0.0,0.0,0.0
8668,0.0,0.0,0.0,0.0,0.0
8669,0.0,0.0,0.0,0.0,0.0
8670,0.0,0.0,0.0,0.0,0.0
8671,0.02831857767700025,0.0,0.0,0.0,0.0535807393416313
8672,0.06124710381177795,0.01865850481470085,0.030155269107373,0.06193313009872085,0.113980512330113
8673,0.11701073597740635,0.06477815900319844,0.0774526798295325,0.1121073975450164,0.19012545064253905
8674,0.1617644202875209,0.11091237661882784,0.11510048894219865,0.1737703610398466,0.230901227255319
8675,0.1730261975550194,0.15303379618702614,0.1180841321546726,0.22007799238320416,0.2431605545603607
8676,0.15167253931131874,0.1743490535302514,0.1020341274404084,0.2397168816645555,0.2302860944408402
8677,0.1187252065141033,0.15954563565772,0.07470298287798165,0.2314266034933025,0.18870087524248275
8678,0.0696271733073293,0.1109948056830022,0.0363788585794084,0.1890834322322073,0.1272797136108485
8679,0.02946632165675735,0.0470732644879423,0.0157799375649491,0.1123356808539811,0.060497213253758
8680,0.0,0.0,0.0,0.0429522767961872,0.0
8681,0.0,0.0,0.0,0.0,0.0
8682,0.0,0.0,0.0,0.0,0.0
8683,0.0,0.0,0.0,0.0,0.0
8684,0.0,0.0,0.0,0.0,0.0
8685,0.0,0.0,0.0,0.0,0.0
8686,0.0,0.0,0.0,0.0,0.0
8687,0.0,0.0,0.0,0.0,0.0
8688,0.0,0.0,0.0,0.0,0.0
8689,0.0,0.0,0.0,0.0,0.0
8690,0.0,0.0,0.0,0.0,0.0
8691,0.0,0.0,0.0,0.0,0.0
8692,0.0,0.0,0.0,0.0,0.0
8693,0.0,0.0,0.0,0.0,0.0
8694,0.0,0.0,0.0,0.0,0.0
8695,0.0195615710190676,0.0,0.0,0.0,0.05600481917993095
8696,0.07670028172865305,0.0890013194674263,0.05575002391746895,0.05225935176299695,0.1160059957765065
8697,0.13990542037514545,0.16712915549005,0.1198503711547741,0.10705387708787314,0.18052811863899745
8698,0.1713147760317599,0.23181275063351345,0.1778491012897107,0.17371050143548794,0.2122620898265887
8699,0.1731463914509281,0.26286656741403225,0.21464178273073425,0.2255658743744846,0.21436889529488434
8700,0.1593977341831592,0.26231622141684324,0.2179086747961636,0.2465993333579559,0.19856681271772625
8701,0.12973808663971956,0.2335510262522257,0.177696292702063,0.2358939970495387,0.16851089413879294
8702,0.0801492763247301,0.17054740168851196,0.1030607831763883,0.1933567543835481,0.11490331585807455
8703,0.05017397612835005,0.08926345290104935,0.04291146871936105,0.12190852723428645,0.05227218219126165
8704,0.0,0.0,0.0,0.0560317473425816,0.0
8705,0.0,0.0,0.0,0.0,0.0
8706,0.0,0.0,0.0,0.0,0.0
8707,0.0,0.0,0.0,0.0,0.0
8708,0.0,0.0,0.0,0.0,0.0
8709,0.0,0.0,0.0,0.0,0.0
8710,0.0,0.0,0.0,0.0,0.0
8711,0.0,0.0,0.0,0.0,0.0
8712,0.0,0.0,0.0,0.0,0.0
8713,0.0,0.0,0.0,0.0,0.0
8714,0.0,0.0,0.0,0.0,0.0
8715,0.0,0.0,0.0,0.0,0.0
8716,0.0,0.0,0.0,0.0,0.0
8717,0.0,0.0,0.0,0.0,0.0
8718,0.0,0.0,0.0,0.0,0.0
8719,0.0372956177969324,0.0,0.0,0.0,0.0597973870623166
8720,0.1002737625187561,0.0807892540518524,0.0555475090294826,0.0702774307795613,0.1168200014369261
8721,0.1806636899319428,0.16046953885928336,0.12831076379238754,0.1333494633438273,0.18930020710550466
8722,0.22798757078774415,0.22822735110752085,0.19405584987383875,0.2070806401450826,0.2335354765730615
8723,0.2410157279231269,0.2619326853513553,0.22318644209509905,0.2574992063185246,0.243424232914281
8724,0.2235306702422063,0.2611763615205461,0.2166165634840248,0.27571036115341924,0.2290375158884192
8725,0.1737228371589768,0.2277853467412523,0.1774099145160552,0.2580646913082182,0.1924227608661011
8726,0.0992719146101225,0.16256046250422065,0.10982740044439054,0.20851354898667004,0.130237203085204
8727,0.04654634581116355,0.0835271911521086,0.0535527331595892,0.1338383073587101,0.06184444553050555
8728,0.0,0.0,0.0,0.064979054920369,0.0010113830586256
8729,0.0,0.0,0.0,0.0,0.0
8730,0.0,0.0,0.0,0.0,0.0
8731,0.0,0.0,0.0,0.0,0.0
8732,0.0,0.0,0.0,0.0,0.0
8733,0.0,0.0,0.0,0.0,0.0
8734,0.0,0.0,0.0,0.0,0.0
8735,0.0,0.0,0.0,0.0,0.0
8736,0.0,0.0,0.0,0.0,0.0
8737,0.0,0.0,0.0,0.0,0.0
8738,0.0,0.0,0.0,0.0,0.0
8739,0.0,0.0,0.0,0.0,0.0
8740,0.0,0.0,0.0,0.0,0.0
8741,0.0,0.0,0.0,0.0,0.0
8742,0.0,0.0,0.0,0.0,0.0
8743,0.0187666486650015,0.0,0.0,0.0,0.0726950669199391
8744,0.082495993247464,0.0806896532549103,0.0511810915799649,0.0596469640336605,0.13854531393018946
8745,0.1627659600339786,0.1625031795363792,0.1026645936765101,0.1099473502940066,0.21759722875255494
8746,0.2255668039499584,0.23242448283951045,0.13820121698766505,0.1680696727158682,0.2685671370469911
8747,0.24488436950549605,0.2647549158794747,0.14973327661670574,0.2055686006613912,0.28594541501811976
8748,0.217408165461249,0.25713273533743347,0.1399260066910916,0.2169704840825164,0.2707502379916646
8749,0.16244092657172274,0.2081297600247237,0.1095359874268151,0.1960467450229274,0.2271360623574992
8750,0.09352623414811564,0.12254989047029405,0.0632610011951334,0.14660457413383135,0.1542701760528491
8751,0.0473063607301237,0.04003355291585385,0.0252329420718269,0.08461715006704035,0.0732511236000711
8752,0.0,0.0,0.0,0.0378876099006144,0.00160958245506875
8753,0.0,0.0,0.0,0.0,0.0
8754,0.0,0.0,0.0,0.0,0.0
8755,0.0,0.0,0.0,0.0,0.0
8756,0.0,0.0,0.0,0.0,0.0
8757,0.0,0.0,0.0,0.0,0.0
8758,0.0,0.0,0.0,0.0,0.0
8759,0.0,0.0,0.0,0.0,0.0
