time,AT,CH,DE,FR,IT
0,0.0,0.0,0.0,0.0,0.0
1,0.0,0.0,0.0,0.0,0.0
2,0.0,0.0,0.0,0.0,0.0
3,0.0,0.0,0.0,0.0,0.0
4,0.0,0.0,0.0,0.0,0.0
5,0.0,0.0,0.0,0.0,0.0
6,0.0,0.0,0.0,0.0,0.0
7,0.0035513036132969,0.0,0.0,0.0,0.1179470582398026
8,0.0235344025838588,0.0485994828516092,0.0013283249035616,0.0859177004325022,0.2406351581328777
9,0.0822922196653696,0.1739173856806523,0.0168933487817832,0.1724139357011207,0.3825480638192032
10,0.1520074941617849,0.2937959345673573,0.038193425809911,0.2755290032184813,0.4647458208709296
11,0.2047467743911432,0.3795168245327645,0.0590922706767024,0.3359927642796877,0.4969214729328576
12,0.2086078968601656,0.4066966437358265,0.066124677146674,0.3495998510475291,0.4803458097430982
13,0.1785347362316353,0.3555618846497991,0.0466514820463091,0.3211070330440204,0.4074902356458093
14,0.11153773708549,0.2569193050495107,0.0203464199054222,0.2462876798684126,0.2862156249871409
15,0.0562896298621224,0.1284609722609878,0.0049588729031757,0.144333090855407,0.1398636975746238
16,0.0,0.0,0.0,0.068516924662399,0.0070587827487484
17,0.0,0.0,0.0,0.0,0.0
18,0.0,0.0,0.0,0.0,0.0
19,0.0,0.0,0.0,0.0,0.0
20,0.0,0.0,0.0,0.0,0.0
21,0.0,0.0,0.0,0.0,0.0
22,0.0,0.0,0.0,0.0,0.0
23,0.0,0.0,0.0,0.0,0.0
24,0.0,0.0,0.0,0.0,0.0
25,0.0,0.0,0.0,0.0,0.0
26,0.0,0.0,0.0,0.0,0.0
27,0.0,0.0,0.0,0.0,0.0
28,0.0,0.0,0.0,0.0,0.0
29,0.0,0.0,0.0,0.0,0.0
30,0.0,0.0,0.0,0.0,0.0
31,0.0474333384760288,0.0,0.0,0.0,0.0842812530197797
32,0.0887822725445832,0.02766530429302,0.040525075258954,0.0822246424706689,0.1929521084882049
33,0.194099292990544,0.120920604215471,0.1419785363257415,0.1842765889311222,0.3028647680676437
34,0.3078911325590514,0.2123307082538047,0.2404388718008757,0.3032987388114268,0.3854864057662858
35,0.3435725180776008,0.2890171383230916,0.2956152645244221,0.3828357557823133,0.4196871005425762
36,0.2874659635120323,0.3003117075577265,0.2859580216947769,0.4092203726886538,0.3799588155400125
37,0.1837710036099339,0.2365180892536459,0.2293016702423737,0.3983973575490941,0.3025494058242408
38,0.0818209227840225,0.1446816973783604,0.154169212115821,0.3478627513646794,0.1984933192980674
39,0.0459625084860006,0.0489117255914948,0.0797581258175675,0.2368358300818325,0.0857259530946917
40,0.0,0.0,0.0,0.1279484683344638,0.0094002187516203
41,0.0,0.0,0.0,0.0,0.0
42,0.0,0.0,0.0,0.0,0.0
43,0.0,0.0,0.0,0.0,0.0
44,0.0,0.0,0.0,0.0,0.0
45,0.0,0.0,0.0,0.0,0.0
46,0.0,0.0,0.0,0.0,0.0
47,0.0,0.0,0.0,0.0,0.0
48,0.0,0.0,0.0,0.0,0.0
49,0.0,0.0,0.0,0.0,0.0
50,0.0,0.0,0.0,0.0,0.0
51,0.0,0.0,0.0,0.0,0.0
52,0.0,0.0,0.0,0.0,0.0
53,0.0,0.0,0.0,0.0,0.0
54,0.0,0.0,0.0,0.0,0.0
55,0.0697806015763384,0.0,0.0,0.0,0.108543178397779
56,0.1544078281638477,0.1221813400826347,0.0499115685894675,0.1833878584113113,0.2199440340957921
57,0.2726811041888559,0.2768373144162657,0.140169919995392,0.3184724343187277,0.3671700762818707
58,0.3138348919793945,0.42786159110301,0.2407148572654469,0.475269397022319,0.4566041758867633
59,0.2866870626082906,0.5146375308016244,0.2893577551846131,0.5733157431171099,0.5043741270704687
60,0.2202909264136598,0.5147805718768667,0.2514835042915618,0.6038402812770489,0.5080221118879914
61,0.1247207752037587,0.4468396207536106,0.1678009661736933,0.5677392599039831,0.4350611765376002
62,0.0464931167551775,0.3274809771510134,0.0821565993290429,0.4663547097433272,0.2986414416009118
63,0.0185823708828216,0.1682438081030765,0.0256596905682448,0.3062790510507983,0.1403132559163463
64,0.0,0.0,0.0,0.1626840144730688,0.0165970527211836
65,0.0,0.0,0.0,0.0,0.0
66,0.0,0.0,0.0,0.0,0.0
67,0.0,0.0,0.0,0.0,0.0
68,0.0,0.0,0.0,0.0,0.0
69,0.0,0.0,0.0,0.0,0.0
70,0.0,0.0,0.0,0.0,0.0
71,0.0,0.0,0.0,0.0,0.0
72,0.0,0.0,0.0,0.0,0.0
73,0.0,0.0,0.0,0.0,0.0
74,0.0,0.0,0.0,0.0,0.0
75,0.0,0.0,0.0,0.0,0.0
76,0.0,0.0,0.0,0.0,0.0
77,0.0,0.0,0.0,0.0,0.0
78,0.0,0.0,0.0,0.0,0.0
79,0.0682410940090918,0.0,0.0,0.0,0.1077891869011937
80,0.129627494671631,0.1133663233420327,0.003482726115706,0.1711529599354044,0.2255066951959057
81,0.228771674474542,0.2590986818025437,0.0248040144715264,0.3043685021940288,0.3617867916230701
82,0.293143663069517,0.4108091172179308,0.0649602668236505,0.4540568406851356,0.4496460598250257
83,0.2821469053578063,0.5102933448489494,0.083531110078176,0.5334811527327874,0.4843436094164818
84,0.197988619937572,0.5256312288274284,0.0685006630543032,0.5377394239799675,0.4585398302364816
85,0.0983939190529111,0.4631142948072763,0.0392918762409232,0.4841272288476841,0.3855624532812978
86,0.0260803268852913,0.314830673650569,0.0121774393880525,0.3812022138829559,0.2652648866725159
87,0.003235073436654,0.1232852453247417,0.0,0.2376778513362808,0.1217603407967006
88,0.0,0.0,0.0,0.1140665518698277,0.0184652000929183
89,0.0,0.0,0.0,0.0,0.0
90,0.0,0.0,0.0,0.0,0.0
91,0.0,0.0,0.0,0.0,0.0
92,0.0,0.0,0.0,0.0,0.0
93,0.0,0.0,0.0,0.0,0.0
94,0.0,0.0,0.0,0.0,0.0
95,0.0,0.0,0.0,0.0,0.0
96,0.0,0.0,0.0,0.0,0.0
97,0.0,0.0,0.0,0.0,0.0
98,0.0,0.0,0.0,0.0,0.0
99,0.0,0.0,0.0,0.0,0.0
100,0.0,0.0,0.0,0.0,0.0
101,0.0,0.0,0.0,0.0,0.0
102,0.0,0.0,0.0,0.0,0.0
103,0.0,0.0,0.0,0.0,0.1182978639303249
104,0.006606276180729,0.0157751671833673,0.0,0.1441271166804189,0.2329794810976132
105,0.0111609990277888,0.0477816390300797,0.0,0.2507722817852451,0.364935628407174
106,0.0135057482144117,0.0965796313187347,0.0,0.3787937990943483,0.4515983312090418
107,0.0199068990388436,0.1093815255860903,0.0021117793334409,0.4605180718951271,0.4920011663126374
108,0.0240555094814309,0.0815130629114798,0.0031109928635033,0.4840701840882161,0.4680183448389102
109,0.025224651167024,0.055646672338956,0.0025622686175663,0.4498870774004284,0.3797120412504427
110,0.0143769471597698,0.0265650428712645,0.0012632619977283,0.3598508615691442,0.2375900039176876
111,0.001761687937859,0.0067430079090733,0.0,0.2299590549660799,0.0866429871845132
112,0.0,0.0,0.0,0.1238602607852516,0.0090523196535541
113,0.0,0.0,0.0,0.0,0.0
114,0.0,0.0,0.0,0.0,0.0
115,0.0,0.0,0.0,0.0,0.0
116,0.0,0.0,0.0,0.0,0.0
117,0.0,0.0,0.0,0.0,0.0
118,0.0,0.0,0.0,0.0,0.0
119,0.0,0.0,0.0,0.0,0.0
120,0.0,0.0,0.0,0.0,0.0
121,0.0,0.0,0.0,0.0,0.0
122,0.0,0.0,0.0,0.0,0.0
123,0.0,0.0,0.0,0.0,0.0
124,0.0,0.0,0.0,0.0,0.0
125,0.0,0.0,0.0,0.0,0.0
126,0.0,0.0,0.0,0.0,0.0
127,0.0376840298539753,0.0,0.0,0.0,0.1093125009671969
128,0.0634718303912056,0.0084979002772934,0.0,0.1060526041263913,0.2312541403394596
129,0.1153023651484725,0.0566478585493618,0.0060209084809135,0.2123557628161819,0.3682333264655446
130,0.1743774558141524,0.1077564715026633,0.0166544756146778,0.3185812007763155,0.4590864466168111
131,0.2139615325186609,0.114395294840349,0.0207099841252483,0.3843367975014454,0.489847287164523
132,0.2026432789694742,0.1040771989355756,0.0165013644851354,0.4040145779858478,0.4561954222422282
133,0.1539662066977195,0.0877286577458071,0.011000681101476,0.3648422520970025,0.3848136406021468
134,0.0775909832738938,0.0442407091876711,0.0027280613022301,0.2920454364212367,0.2710966717327083
135,0.037200975846172,0.0152565859599433,0.0,0.1879738329088535,0.128710569405581
136,0.0,0.0,0.0,0.0953498470565557,0.020568502193192
137,0.0,0.0,0.0,0.0,0.0
138,0.0,0.0,0.0,0.0,0.0
139,0.0,0.0,0.0,0.0,0.0
140,0.0,0.0,0.0,0.0,0.0
141,0.0,0.0,0.0,0.0,0.0
142,0.0,0.0,0.0,0.0,0.0
143,0.0,0.0,0.0,0.0,0.0
144,0.0,0.0,0.0,0.0,0.0
145,0.0,0.0,0.0,0.0,0.0
146,0.0,0.0,0.0,0.0,0.0
147,0.0,0.0,0.0,0.0,0.0
148,0.0,0.0,0.0,0.0,0.0
149,0.0,0.0,0.0,0.0,0.0
150,0.0,0.0,0.0,0.0,0.0
151,0.0149318880555304,0.0,0.0,0.0,0.0890094209701483
152,0.0274364009923701,0.0315186194686626,0.0,0.0907578683921385,0.1962510631638404
153,0.0662523545929178,0.121921536166817,0.0065148588297506,0.171914268593352,0.3393112234530445
154,0.0845274917041131,0.2410173312521505,0.0270901984261939,0.2665944621879501,0.4491538290663761
155,0.0873854976756803,0.3158553960049281,0.0333192045876523,0.3357964967408462,0.5027934598155913
156,0.0862811883930564,0.3064932070082893,0.0274915941317111,0.3479352206769516,0.4966915068414435
157,0.0626103622391248,0.2481215319121321,0.0259038997127516,0.3137248468395139,0.4331481037435085
158,0.0280935509105611,0.1542055627131654,0.0126232686085701,0.2480166788569682,0.3077154329199408
159,0.010042615842189,0.0541638676374904,0.0,0.1476310206924803,0.1508375951341429
160,0.0,0.0,0.0,0.0711221922384251,0.0234639196662035
161,0.0,0.0,0.0,0.0,0.0
162,0.0,0.0,0.0,0.0,0.0
163,0.0,0.0,0.0,0.0,0.0
164,0.0,0.0,0.0,0.0,0.0
165,0.0,0.0,0.0,0.0,0.0
166,0.0,0.0,0.0,0.0,0.0
167,0.0,0.0,0.0,0.0,0.0
168,0.0,0.0,0.0,0.0,0.0
169,0.0,0.0,0.0,0.0,0.0
170,0.0,0.0,0.0,0.0,0.0
171,0.0,0.0,0.0,0.0,0.0
172,0.0,0.0,0.0,0.0,0.0
173,0.0,0.0,0.0,0.0,0.0
174,0.0,0.0,0.0,0.0,0.0
175,0.0,0.0,0.0,0.0,0.1025962643763247
176,0.0,0.0014954101038182,0.0019200521330136,0.0323093090179333,0.2203185663916947
177,0.0035821869579043,0.0046854295150936,0.0272609796990833,0.0729638697454582,0.3540525429833653
178,0.0319901986720865,0.0077917228632445,0.0814036905765168,0.1198626438769122,0.4276639867886045
179,0.0869527885109671,0.0242393084543489,0.1498260358870571,0.1392833245485094,0.4383919643257908
180,0.1360849145970805,0.0403952452477185,0.1787222123525103,0.1300524694127217,0.3916471868765989
181,0.1525283897858083,0.0420835227579237,0.1475181658862202,0.1075687283161758,0.302715178370169
182,0.1053820270480924,0.0410785839152437,0.0805256481134415,0.0740971404464847,0.1834309191167867
183,0.0422669070779317,0.0198159934162693,0.0160524204027507,0.0375559151868151,0.0565904974706652
184,0.0,0.0,0.0,0.0144166494209009,0.0018583450312845
185,0.0,0.0,0.0,0.0,0.0
186,0.0,0.0,0.0,0.0,0.0
187,0.0,0.0,0.0,0.0,0.0
188,0.0,0.0,0.0,0.0,0.0
189,0.0,0.0,0.0,0.0,0.0
190,0.0,0.0,0.0,0.0,0.0
191,0.0,0.0,0.0,0.0,0.0
192,0.0,0.0,0.0,0.0,0.0
193,0.0,0.0,0.0,0.0,0.0
194,0.0,0.0,0.0,0.0,0.0
195,0.0,0.0,0.0,0.0,0.0
196,0.0,0.0,0.0,0.0,0.0
197,0.0,0.0,0.0,0.0,0.0
198,0.0,0.0,0.0,0.0,0.0
199,0.0232279844752781,0.0,0.0,0.0,0.0226425346411245
200,0.0696994837694912,0.0142104631294394,0.0030296411744364,0.0794397039952031,0.0691343209563251
201,0.144410846869659,0.0474996179716523,0.0478982669181419,0.1632156612948989,0.1592655258041402
202,0.1967920118700539,0.0612904434149865,0.095706179037222,0.2680693743351539,0.2303701555451868
203,0.2078600828355769,0.1088299231719445,0.1191344162441099,0.3211541502807132,0.2712805528046638
204,0.1695475740031194,0.1478332177152074,0.1182089107959397,0.3006115160578445,0.2772330526879142
205,0.1020595650900683,0.1276951391813081,0.0817787915809236,0.2583586285691054,0.2263266227815568
206,0.0322387875613386,0.1021457387421707,0.0402073441453347,0.2188219516533501,0.1408061510366571
207,0.0033066330268849,0.0525255703405207,0.0130044019252579,0.1513283309052682,0.0528335457969259
208,0.0,0.0,0.0,0.0823462887375972,0.0011419537886636
209,0.0,0.0,0.0,0.0,0.0
210,0.0,0.0,0.0,0.0,0.0
211,0.0,0.0,0.0,0.0,0.0
212,0.0,0.0,0.0,0.0,0.0
213,0.0,0.0,0.0,0.0,0.0
214,0.0,0.0,0.0,0.0,0.0
215,0.0,0.0,0.0,0.0,0.0
216,0.0,0.0,0.0,0.0,0.0
217,0.0,0.0,0.0,0.0,0.0
218,0.0,0.0,0.0,0.0,0.0
219,0.0,0.0,0.0,0.0,0.0
220,0.0,0.0,0.0,0.0,0.0
221,0.0,0.0,0.0,0.0,0.0
222,0.0,0.0,0.0,0.0,0.0
223,0.0120205638173514,0.0,0.0,0.0,0.0501481985686
224,0.0388866756117978,0.0292565032035795,0.0048552399652393,0.0986543474110045,0.143958472955643
225,0.0921076420356172,0.1146335558111946,0.0359422399735737,0.2056887323447255,0.267420592025664
226,0.1521153961872762,0.1743060531138743,0.0749668096570978,0.3233723526060585,0.353108277540623
227,0.189087033094904,0.1928749979553743,0.099611702289373,0.3721455340012745,0.3908207839750978
228,0.1799430357370474,0.1798591685057033,0.1121769887011942,0.3783231248599686,0.384304223075234
229,0.1484423974676106,0.1285622280390639,0.1083408524981154,0.3555835407048184,0.3339174803562544
230,0.085214664942767,0.0715807523599942,0.0738281068063853,0.2773792088703986,0.2410903984901702
231,0.0288667763749444,0.0217258566490413,0.0249326596918595,0.1699893950106223,0.1227614760879753
232,0.0,0.0,0.0,0.0846851207495165,0.0243474897337011
233,0.0,0.0,0.0,0.0,0.0
234,0.0,0.0,0.0,0.0,0.0
235,0.0,0.0,0.0,0.0,0.0
236,0.0,0.0,0.0,0.0,0.0
237,0.0,0.0,0.0,0.0,0.0
238,0.0,0.0,0.0,0.0,0.0
239,0.0,0.0,0.0,0.0,0.0
240,0.0,0.0,0.0,0.0,0.0
241,0.0,0.0,0.0,0.0,0.0
242,0.0,0.0,0.0,0.0,0.0
243,0.0,0.0,0.0,0.0,0.0
244,0.0,0.0,0.0,0.0,0.0
245,0.0,0.0,0.0,0.0,0.0
246,0.0,0.0,0.0,0.0,0.0
247,0.0694847909958262,0.0,0.0,0.0,0.0997360392997455
248,0.162423643541397,0.0418988325155624,0.0228177397793496,0.1551558928065175,0.2093917151155504
249,0.3241467267503313,0.1714180469259771,0.0541272626519479,0.2790847794771598,0.3576460651477329
250,0.4399383274286729,0.3252722905131664,0.0772224425828402,0.4039957705747977,0.4541434272846532
251,0.4638001241818941,0.3771064975711123,0.0869832058880482,0.478070436174227,0.4950837231453798
252,0.4151258719698717,0.2891124637246415,0.0682137054502519,0.4934053370227808,0.4778138458613346
253,0.3290653438599298,0.1752053456200702,0.0358128066906495,0.4322946654762005,0.3913017254524351
254,0.2048028294689237,0.0875656300360244,0.0122493471196601,0.313045492980606,0.264367657401901
255,0.1047197111652802,0.0199134855296348,0.0,0.1833574634350075,0.1264271617005219
256,0.0,0.0,0.0,0.0949240351360788,0.0252775150559589
257,0.0,0.0,0.0,0.0,0.0
258,0.0,0.0,0.0,0.0,0.0
259,0.0,0.0,0.0,0.0,0.0
260,0.0,0.0,0.0,0.0,0.0
261,0.0,0.0,0.0,0.0,0.0
262,0.0,0.0,0.0,0.0,0.0
263,0.0,0.0,0.0,0.0,0.0
264,0.0,0.0,0.0,0.0,0.0
265,0.0,0.0,0.0,0.0,0.0
266,0.0,0.0,0.0,0.0,0.0
267,0.0,0.0,0.0,0.0,0.0
268,0.0,0.0,0.0,0.0,0.0
269,0.0,0.0,0.0,0.0,0.0
270,0.0,0.0,0.0,0.0,0.0
271,0.0109297660523301,0.0,0.0,0.0,0.1267154843902018
272,0.0328283360678262,0.013166414085559,0.0,0.0464020001390786,0.2503990259273413
273,0.0921060437289034,0.0562660783586357,0.0028566398626459,0.1042051987246727,0.4032119181724882
274,0.1564417284885119,0.1145156703491393,0.0123071977087483,0.1778273183949794,0.5086989102384145
275,0.2017143733758234,0.1543447578997366,0.0292666262511256,0.2316956785720945,0.5342979527312651
276,0.1996874460636799,0.1739363051966928,0.0382133992830347,0.2531581859765592,0.4983071088459169
277,0.1436238220392802,0.1709525051613671,0.0265432036174116,0.2408210482574068,0.4362147495801343
278,0.0707272355994914,0.1175926117629682,0.0061056863419006,0.1920905149694174,0.3178834202805818
279,0.0271589909610593,0.048901229334085,0.0,0.1156696244134367,0.1580692479915079
280,0.0,0.0,0.0,0.050454209417593,0.0250271659297955
281,0.0,0.0,0.0,0.0,0.0
282,0.0,0.0,0.0,0.0,0.0
283,0.0,0.0,0.0,0.0,0.0
284,0.0,0.0,0.0,0.0,0.0
285,0.0,0.0,0.0,0.0,0.0
286,0.0,0.0,0.0,0.0,0.0
287,0.0,0.0,0.0,0.0,0.0
288,0.0,0.0,0.0,0.0,0.0
289,0.0,0.0,0.0,0.0,0.0
290,0.0,0.0,0.0,0.0,0.0
291,0.0,0.0,0.0,0.0,0.0
292,0.0,0.0,0.0,0.0,0.0
293,0.0,0.0,0.0,0.0,0.0
294,0.0,0.0,0.0,0.0,0.0
295,0.0673636471533961,0.0,0.0,0.0,0.0543661213324349
296,0.1235612489465906,0.0026065418405112,0.0,0.0109238435439828,0.1401334711583688
297,0.2207644775832817,0.0075706695438784,0.0,0.0355253173353091,0.2576828488955154
298,0.2702811958055978,0.0141372654761386,0.0,0.0739160646957413,0.3341879090407894
299,0.2493777387289824,0.0156922535719681,0.0,0.101734801834977,0.3441831157236508
300,0.1768663798411172,0.0131209189781319,0.0,0.1032764497145116,0.3030390253864956
301,0.1087366152297533,0.0091158429557423,0.0,0.0883591828702997,0.2510112455086599
302,0.0492341211531604,0.003497517239488,0.0,0.0677361028587493,0.1844301643601251
303,0.0054890803823457,0.0,0.0,0.035965047688488,0.0831843729484786
304,0.0,0.0,0.0,0.0132305361875581,0.0073528483381985
305,0.0,0.0,0.0,0.0,0.0
306,0.0,0.0,0.0,0.0,0.0
307,0.0,0.0,0.0,0.0,0.0
308,0.0,0.0,0.0,0.0,0.0
309,0.0,0.0,0.0,0.0,0.0
310,0.0,0.0,0.0,0.0,0.0
311,0.0,0.0,0.0,0.0,0.0
312,0.0,0.0,0.0,0.0,0.0
313,0.0,0.0,0.0,0.0,0.0
314,0.0,0.0,0.0,0.0,0.0
315,0.0,0.0,0.0,0.0,0.0
316,0.0,0.0,0.0,0.0,0.0
317,0.0,0.0,0.0,0.0,0.0
318,0.0,0.0,0.0,0.0,0.0
319,0.077469727160629,0.0,0.0,0.0,0.0195472106980031
320,0.1494761986343829,0.0210022591589233,0.0234087905598175,0.0290619832922192,0.0675714507631768
321,0.2742069634668859,0.1103720156929098,0.0572700323231006,0.0722952166734061,0.1453862411816436
322,0.3499069857934602,0.203701879288406,0.0994939229596974,0.1366068148156244,0.196680456621242
323,0.3655636674908605,0.2342283486980982,0.1366661039399235,0.222878632745112,0.2359227317828362
324,0.3298986848821513,0.2597794099979078,0.1585130949577458,0.2599208090607633,0.2422248459305349
325,0.2511791822854951,0.2379042915406669,0.1668846703988703,0.2245438425432276,0.2044166064536826
326,0.1406915648344452,0.1500722664622601,0.1276482752831406,0.1808606480510258,0.1569961530240422
327,0.0573807742660325,0.0760397214589221,0.0548203124691934,0.1203335279848144,0.0906157688375506
328,0.0,0.0061635425008698,0.0,0.0572187717980226,0.0210286657745142
329,0.0,0.0,0.0,0.0,0.0
330,0.0,0.0,0.0,0.0,0.0
331,0.0,0.0,0.0,0.0,0.0
332,0.0,0.0,0.0,0.0,0.0
333,0.0,0.0,0.0,0.0,0.0
334,0.0,0.0,0.0,0.0,0.0
335,0.0,0.0,0.0,0.0,0.0
336,0.0,0.0,0.0,0.0,0.0
337,0.0,0.0,0.0,0.0,0.0
338,0.0,0.0,0.0,0.0,0.0
339,0.0,0.0,0.0,0.0,0.0
340,0.0,0.0,0.0,0.0,0.0
341,0.0,0.0,0.0,0.0,0.0
342,0.0,0.0,0.0,0.0,0.0
343,0.0502334921437327,0.0,0.0,0.0012272655198909,0.1278325395311811
344,0.0884685866691226,0.1178707879337005,0.0131803903046992,0.141465491383951,0.2703010335264557
345,0.1839749693237123,0.2628475937779085,0.0725047775404698,0.2691690123914278,0.4410198762107059
346,0.2587538213054413,0.3884082991689062,0.123395384526594,0.4055740262648762,0.5492075100245667
347,0.3061328119863798,0.4612884223005149,0.1565451615904033,0.4995615050505355,0.5930406820120486
348,0.3049117827124172,0.4745613749658643,0.168236493374796,0.5409749710826209,0.5760400071215538
349,0.2534942740451487,0.4033646725720521,0.1414687919860892,0.5232585786743145,0.4997459239709068
350,0.1755160169187103,0.2847882576874926,0.0905963814066444,0.4469824902265926,0.3706534229899518
351,0.086777875373681,0.1536929806919909,0.0322065200381877,0.3096320236421263,0.2002217784316219
352,0.0,0.0153449720130696,0.0,0.1689244566208003,0.0317371068077714
353,0.0,0.0,0.0,0.0,0.0
354,0.0,0.0,0.0,0.0,0.0
355,0.0,0.0,0.0,0.0,0.0
356,0.0,0.0,0.0,0.0,0.0
357,0.0,0.0,0.0,0.0,0.0
358,0.0,0.0,0.0,0.0,0.0
359,0.0,0.0,0.0,0.0,0.0
360,0.0,0.0,0.0,0.0,0.0
361,0.0,0.0,0.0,0.0,0.0
362,0.0,0.0,0.0,0.0,0.0
363,0.0,0.0,0.0,0.0,0.0
364,0.0,0.0,0.0,0.0,0.0
365,0.0,0.0,0.0,0.0,0.0
366,0.0,0.0,0.0,0.0,0.0
367,0.0651302742714021,0.0,0.0,0.0013068823334031,0.1252090985599607
368,0.1595719059661439,0.0859422542925864,0.0392106767762087,0.1566142139038916,0.2514222668668202
369,0.2767886916671612,0.2254388011379878,0.1346008748544959,0.2922543304664774,0.3918322905705646
370,0.3635134610851003,0.3784024239675477,0.2405445228363495,0.4226468519577625,0.4796795238777736
371,0.4008745420558007,0.5040250994654503,0.2974553437828842,0.4864801931154286,0.5130986132257092
372,0.3757110630983094,0.5386770746883948,0.2947736940688584,0.4922494584017321,0.4789067254081648
373,0.3029775196667013,0.4743366600936629,0.2449493312920461,0.4420620342067907,0.3890138683394601
374,0.1884284648683344,0.3492224996385291,0.1549099308777288,0.344471261601452,0.2738674276893204
375,0.0673600529292572,0.1865307576292474,0.0533516328226897,0.2120201864357262,0.1371670039668938
376,0.0,0.0444675313768295,0.0,0.0978736629335634,0.0118651584074859
377,0.0,0.0,0.0,0.0,0.0
378,0.0,0.0,0.0,0.0,0.0
379,0.0,0.0,0.0,0.0,0.0
380,0.0,0.0,0.0,0.0,0.0
381,0.0,0.0,0.0,0.0,0.0
382,0.0,0.0,0.0,0.0,0.0
383,0.0,0.0,0.0,0.0,0.0
384,0.0,0.0,0.0,0.0,0.0
385,0.0,0.0,0.0,0.0,0.0
386,0.0,0.0,0.0,0.0,0.0
387,0.0,0.0,0.0,0.0,0.0
388,0.0,0.0,0.0,0.0,0.0
389,0.0,0.0,0.0,0.0,0.0
390,0.0,0.0,0.0,0.0,0.0
391,0.0206397055909005,0.0,0.0,0.0,0.0794345616766425
392,0.1230270008659347,0.0492028622732502,0.0363210046970631,0.0659102455512446,0.1864859104704717
393,0.2578018480830178,0.1211506927808263,0.0929688721297024,0.1453681846735313,0.3075741393484135
394,0.3462989778849557,0.1598019800874696,0.1422738552678202,0.2668916745750035,0.3962319267806337
395,0.3776196035404053,0.1589911990941332,0.178309027004659,0.3680317929527535,0.4382315060989963
396,0.3674669364573568,0.1095120778835269,0.1865412661246993,0.4180745669715071,0.4102290822526923
397,0.3128214758161602,0.0585746071087745,0.1633854459364532,0.4054065024910733,0.3319117537801037
398,0.1990259326912617,0.0505276730216699,0.1089879589227965,0.3347506156229861,0.2270902162050145
399,0.0768149008690805,0.0351276166949713,0.0378543216565732,0.224889605217775,0.1043233579265442
400,0.0,0.0241193530914367,0.0,0.1180642209917107,0.0173530428248042
401,0.0,0.0,0.0,0.0,0.0
402,0.0,0.0,0.0,0.0,0.0
403,0.0,0.0,0.0,0.0,0.0
404,0.0,0.0,0.0,0.0,0.0
405,0.0,0.0,0.0,0.0,0.0
406,0.0,0.0,0.0,0.0,0.0
407,0.0,0.0,0.0,0.0,0.0
408,0.0,0.0,0.0,0.0,0.0
409,0.0,0.0,0.0,0.0,0.0
410,0.0,0.0,0.0,0.0,0.0
411,0.0,0.0,0.0,0.0,0.0
412,0.0,0.0,0.0,0.0,0.0
413,0.0,0.0,0.0,0.0,0.0
414,0.0,0.0,0.0,0.0,0.0
415,0.0081670732728508,0.0,0.0,0.0014633625898781,0.0556885460889075
416,0.0462575792080481,0.0827384525054989,0.0495380145152722,0.0581657741450849,0.1491516775844835
417,0.1398129273530631,0.249554461338998,0.1582202869936992,0.1451460165619111,0.268994333436598
418,0.2334655570351661,0.408233242241974,0.2769897975566949,0.2361558210327014,0.3681686585138443
419,0.2812915796637833,0.49452244484421,0.3364465021701377,0.2997300201512242,0.4220749811191004
420,0.3027452524611028,0.493671073325603,0.32493175703834,0.3115060932711602,0.4293424062043345
421,0.2864379760168041,0.4208163883370199,0.2750494900830096,0.2792132579928255,0.3778362461467452
422,0.2003391588073341,0.2919453282530879,0.1924141869117686,0.2137024010637918,0.2695426823010806
423,0.091926084746193,0.1292911509077715,0.0897612310180036,0.1236736494805751,0.1373608820630515
424,0.0,0.0102381197057494,0.0,0.0459201326817548,0.0359755543300191
425,0.0,0.0,0.0,0.0,0.0
426,0.0,0.0,0.0,0.0,0.0
427,0.0,0.0,0.0,0.0,0.0
428,0.0,0.0,0.0,0.0,0.0
429,0.0,0.0,0.0,0.0,0.0
430,0.0,0.0,0.0,0.0,0.0
431,0.0,0.0,0.0,0.0,0.0
432,0.0,0.0,0.0,0.0,0.0
433,0.0,0.0,0.0,0.0,0.0
434,0.0,0.0,0.0,0.0,0.0
435,0.0,0.0,0.0,0.0,0.0
436,0.0,0.0,0.0,0.0,0.0
437,0.0,0.0,0.0,0.0,0.0
438,0.0,0.0,0.0,0.0,0.0
439,0.0166061167141454,0.0,0.0,0.0,0.076277087926943
440,0.0855108498636948,0.1464065857575578,0.1161465003585144,0.1011594379183952,0.1936254349880673
441,0.194776672619729,0.3161076593819718,0.2752710207287211,0.2220010133755152,0.3228111253748156
442,0.2795107559114339,0.4658676332456673,0.40746279524552,0.3535331327291718,0.4024472886593019
443,0.3107740784041412,0.5616118488788178,0.4811016148258611,0.4271841418668907,0.4340843027829878
444,0.2876213820490156,0.5857546903951871,0.4866761339636175,0.453091228006556,0.4100084148563261
445,0.2258967996837356,0.523246009732828,0.4225395750416715,0.4188108142001632,0.3242374819739128
446,0.1285830639702725,0.397960928282103,0.2952374481430568,0.3129175095759887,0.2138981334656263
447,0.0291315088267557,0.2306037200865027,0.1344553144675543,0.1859644945459087,0.0980613761924693
448,0.0,0.0961143842231946,0.0,0.0809495434735902,0.0157905569300611
449,0.0,0.0,0.0,0.0,0.0
450,0.0,0.0,0.0,0.0,0.0
451,0.0,0.0,0.0,0.0,0.0
452,0.0,0.0,0.0,0.0,0.0
453,0.0,0.0,0.0,0.0,0.0
454,0.0,0.0,0.0,0.0,0.0
455,0.0,0.0,0.0,0.0,0.0
456,0.0,0.0,0.0,0.0,0.0
457,0.0,0.0,0.0,0.0,0.0
458,0.0,0.0,0.0,0.0,0.0
459,0.0,0.0,0.0,0.0,0.0
460,0.0,0.0,0.0,0.0,0.0
461,0.0,0.0,0.0,0.0,0.0
462,0.0,0.0,0.0,0.0,0.0
463,0.0355872745016823,0.0,0.0,0.0013111302530116,0.0491439288240288
464,0.1111855933428932,0.064065622382707,0.1124730761175861,0.0566644966994653,0.150563625589926
465,0.2419019835056889,0.1893624851051469,0.2544583032507012,0.1280504042971533,0.2742796938808329
466,0.3359410552841868,0.3031241583415991,0.3784663592256925,0.2185868612141056,0.3580891004387647
467,0.374301477683248,0.3666351203383891,0.4486747521908924,0.2840828232900685,0.3883602808773435
468,0.3675684253408355,0.3761180841308543,0.4537020014600438,0.2956969141914717,0.3785977356378693
469,0.288708271274989,0.3171263056994094,0.3905551623805164,0.2626224817232571,0.3213171125943992
470,0.1698598381141438,0.2067530271251837,0.2667872279915217,0.1950897612355698,0.2080224838438657
471,0.0720384857584297,0.0856336029103103,0.1193466781620214,0.1158649505969584,0.0836734767579235
472,0.0,0.0182128195865593,0.0,0.0511952935197883,0.0191749536121713
473,0.0,0.0,0.0,0.0,0.0
474,0.0,0.0,0.0,0.0,0.0
475,0.0,0.0,0.0,0.0,0.0
476,0.0,0.0,0.0,0.0,0.0
477,0.0,0.0,0.0,0.0,0.0
478,0.0,0.0,0.0,0.0,0.0
479,0.0,0.0,0.0,0.0,0.0
480,0.0,0.0,0.0,0.0,0.0
481,0.0,0.0,0.0,0.0,0.0
482,0.0,0.0,0.0,0.0,0.0
483,0.0,0.0,0.0,0.0,0.0
484,0.0,0.0,0.0,0.0,0.0
485,0.0,0.0,0.0,0.0,0.0
486,0.0,0.0,0.0,0.0,0.0
487,0.0776753016621528,0.0,0.0,0.0,0.0198120010116991
488,0.1598903409928257,0.1200761576787213,0.0866478323991995,0.069517666883773,0.0884740454007832
489,0.2832993502547636,0.2627971110986667,0.2078731562824623,0.1704087808760164,0.1626959038527552
490,0.3959255128126027,0.4167614029951013,0.3241977256574078,0.2654323205198849,0.2088232827903133
491,0.4675809637846638,0.5283335679047755,0.3968803572191871,0.3251562490314311,0.2105005145884017
492,0.4595121766810959,0.5422059710295017,0.3939358582985609,0.3473406512749634,0.1787394589266076
493,0.3796111500147685,0.4476264534305779,0.3268930966925279,0.3244391434677572,0.1401597361337958
494,0.2408497190075874,0.2977170918831933,0.2174880937028662,0.2758678444478252,0.0872171753855888
495,0.0990019782452547,0.1510502810614837,0.093840858115251,0.1885565317939489,0.0248534467462214
496,0.0,0.0527583626375208,0.0,0.0866657240190655,0.0026426805860523
497,0.0,0.0,0.0,0.0,0.0
498,0.0,0.0,0.0,0.0,0.0
499,0.0,0.0,0.0,0.0,0.0
500,0.0,0.0,0.0,0.0,0.0
501,0.0,0.0,0.0,0.0,0.0
502,0.0,0.0,0.0,0.0,0.0
503,0.0,0.0,0.0,0.0,0.0
504,0.0,0.0,0.0,0.0,0.0
505,0.0,0.0,0.0,0.0,0.0
506,0.0,0.0,0.0,0.0,0.0
507,0.0,0.0,0.0,0.0,0.0
508,0.0,0.0,0.0,0.0,0.0
509,0.0,0.0,0.0,0.0,0.0
510,0.0,0.0,0.0,0.0,0.0
511,0.0389767899500277,0.0,0.0,0.0,0.0289704140734341
512,0.1075498575389215,0.0921166652752301,0.0784566789475739,0.0578721484035767,0.0988627995734514
513,0.2335357819931792,0.2319413233404255,0.1964354115837505,0.1359801677991908,0.1909438243726492
514,0.3074904184196849,0.4037458797734453,0.3104474870120909,0.213722929945224,0.2599392702790876
515,0.3370800760518873,0.5271797596659733,0.3957029897599902,0.2580606812503795,0.2867299585960079
516,0.3350661872759147,0.5658189561345054,0.4265158656111286,0.2661280670996274,0.2794512245324997
517,0.263003293730898,0.532989151323846,0.3840495247034447,0.2374358865717452,0.2426740637326492
518,0.158733116670757,0.4254613444198376,0.2752671178674124,0.1787172049013643,0.169218480500695
519,0.0653505966007608,0.2537548833466071,0.1305389351914983,0.1075788137607344,0.076756485208827
520,0.0,0.1363518797356591,0.0019536822814421,0.043141336926986,0.0183819278708289
521,0.0,0.0,0.0,0.0,0.0
522,0.0,0.0,0.0,0.0,0.0
523,0.0,0.0,0.0,0.0,0.0
524,0.0,0.0,0.0,0.0,0.0
525,0.0,0.0,0.0,0.0,0.0
526,0.0,0.0,0.0,0.0,0.0
527,0.0,0.0,0.0,0.0,0.0
528,0.0,0.0,0.0,0.0,0.0
529,0.0,0.0,0.0,0.0,0.0
530,0.0,0.0,0.0,0.0,0.0
531,0.0,0.0,0.0,0.0,0.0
532,0.0,0.0,0.0,0.0,0.0
533,0.0,0.0,0.0,0.0,0.0
534,0.0,0.0,0.0,0.0,0.0
535,0.0,0.0,0.0,0.0,0.0792039528707016
536,0.009744367485268,0.0792578323800095,0.0393053542394088,0.0228747553742741,0.2188083340897826
537,0.0549707824838435,0.1894776454936773,0.1255513468798199,0.0860180481494583,0.349972633567003
538,0.119389700532456,0.3089521264620962,0.2237185573541278,0.1849452752920208,0.4342411045128858
539,0.1754588793738318,0.3770864056341304,0.2850863222770196,0.2627446078186841,0.464991190303983
540,0.1735075208561653,0.3541008534550038,0.2872265173205814,0.3072584399622937,0.4431277991735511
541,0.1383920020571968,0.2634594309289276,0.2396838672270421,0.3317623770725733,0.3727939117436424
542,0.0783166205989496,0.1449062682725301,0.1446862879150884,0.3016485897362497,0.2436967268529438
543,0.0135753447478173,0.0479101967596179,0.0437192649592309,0.2058192517341497,0.100307127213084
544,0.0,0.0057536645517633,0.0,0.0961280161390613,0.0102917273526723
545,0.0,0.0,0.0,0.0,0.0
546,0.0,0.0,0.0,0.0,0.0
547,0.0,0.0,0.0,0.0,0.0
548,0.0,0.0,0.0,0.0,0.0
549,0.0,0.0,0.0,0.0,0.0
550,0.0,0.0,0.0,0.0,0.0
551,0.0,0.0,0.0,0.0,0.0
552,0.0,0.0,0.0,0.0,0.0
553,0.0,0.0,0.0,0.0,0.0
554,0.0,0.0,0.0,0.0,0.0
555,0.0,0.0,0.0,0.0,0.0
556,0.0,0.0,0.0,0.0,0.0
557,0.0,0.0,0.0,0.0,0.0
558,0.0,0.0,0.0,0.0,0.0
559,0.0067178546914432,0.0,0.0,0.0,0.0270386074999874
560,0.076450236006845,0.0472396749745061,0.029195942046664,0.0812823004792325,0.1016372933616861
561,0.2003039939782803,0.1578795439197555,0.107544514792032,0.2031803124595735,0.1944411094812118
562,0.3067776814478458,0.2449153033462247,0.1738605931140489,0.3170951720807476,0.2478387095555364
563,0.3619200985568055,0.293465490178493,0.2044814821838728,0.3801228209534911,0.2458801666972929
564,0.3592155713208256,0.2992958403572101,0.1874689286756144,0.403416454188732,0.2042678911567679
565,0.3001631877396108,0.2558098844513955,0.1255036941897478,0.3884470591952776,0.1511042820992962
566,0.1840477427127653,0.1922375171584261,0.051555606692305,0.3249509469445057,0.0933247348018593
567,0.0662143526253473,0.1004200433195749,0.0057692826823027,0.2167152375535458,0.0323685587287636
568,0.0,0.0413607597112399,0.0,0.1059520008437932,0.0099359753128515
569,0.0,0.0,0.0,0.0,0.0
570,0.0,0.0,0.0,0.0,0.0
571,0.0,0.0,0.0,0.0,0.0
572,0.0,0.0,0.0,0.0,0.0
573,0.0,0.0,0.0,0.0,0.0
574,0.0,0.0,0.0,0.0,0.0
575,0.0,0.0,0.0,0.0,0.0
576,0.0,0.0,0.0,0.0,0.0
577,0.0,0.0,0.0,0.0,0.0
578,0.0,0.0,0.0,0.0,0.0
579,0.0,0.0,0.0,0.0,0.0
580,0.0,0.0,0.0,0.0,0.0
581,0.0,0.0,0.0,0.0,0.0
582,0.0,0.0,0.0,0.0,0.0
583,0.0529051637554768,0.0,0.0,0.0016095525075683,0.057288464978583
584,0.1507372591460479,0.123213695171155,0.0395014266640137,0.0432696480240749,0.1475191126577835
585,0.2893100757320199,0.2722515218152068,0.1116055107434008,0.0948535865395334,0.2558009108260209
586,0.3676228988929769,0.4295244128447352,0.162486535183493,0.1516935370127857,0.3267149108728555
587,0.3612088836016298,0.5549596898406466,0.1667706772338951,0.2048296682190397,0.3585374153179049
588,0.3192817612841139,0.5940692450916097,0.1350134579680115,0.2407224364565814,0.3515091346493148
589,0.2646578035112949,0.5344611712125185,0.0991666693702847,0.2478769970823177,0.3073782122741521
590,0.1722521286944258,0.4087737153727861,0.0591790488761804,0.2080349368434805,0.2252081441334228
591,0.0653896157289228,0.2456589542475801,0.0182855076142308,0.1314030530627574,0.1163789789435894
592,0.0,0.158917091933816,0.0054142406545453,0.0563474073001398,0.0470897736700835
593,0.0,0.0,0.0,0.0,0.0
594,0.0,0.0,0.0,0.0,0.0
595,0.0,0.0,0.0,0.0,0.0
596,0.0,0.0,0.0,0.0,0.0
597,0.0,0.0,0.0,0.0,0.0
598,0.0,0.0,0.0,0.0,0.0
599,0.0,0.0,0.0,0.0,0.0
600,0.0,0.0,0.0,0.0,0.0
601,0.0,0.0,0.0,0.0,0.0
602,0.0,0.0,0.0,0.0,0.0
603,0.0,0.0,0.0,0.0,0.0
604,0.0,0.0,0.0,0.0,0.0
605,0.0,0.0,0.0,0.0,0.0
606,0.0,0.0,0.0,0.0,0.0
607,0.0035750594680052,0.0,0.0,0.0015371196086406,0.0757277285072654
608,0.0300367321127273,0.0151262359544221,0.0,0.0357780247087747,0.1822081471140554
609,0.0688701719198522,0.0734111070122122,0.0060600876636746,0.0962430740679391,0.3182048255779506
610,0.1049247372096131,0.1644112264296902,0.0321397744689358,0.1725096708173203,0.4118965353647633
611,0.1375530934899062,0.2190725683672708,0.0675578053644307,0.2288293232396338,0.452270928583229
612,0.148620221809389,0.2428002821488288,0.0777964631367432,0.2594534342947908,0.4584091648708667
613,0.1227421368138874,0.2182401582487987,0.0560850299850082,0.2479490863660447,0.3985630096775787
614,0.0787198274051602,0.1353836345301707,0.0307145058354272,0.1925990362290387,0.2826315743896711
615,0.0298471590947297,0.0693090422860047,0.0099572615362377,0.1231602267099583,0.1464668459703225
616,0.0014346017919172,0.0380788100514707,0.0,0.0532045637015932,0.0512629452583817
617,0.0,0.0,0.0,0.0,0.0
618,0.0,0.0,0.0,0.0,0.0
619,0.0,0.0,0.0,0.0,0.0
620,0.0,0.0,0.0,0.0,0.0
621,0.0,0.0,0.0,0.0,0.0
622,0.0,0.0,0.0,0.0,0.0
623,0.0,0.0,0.0,0.0,0.0
624,0.0,0.0,0.0,0.0,0.0
625,0.0,0.0,0.0,0.0,0.0
626,0.0,0.0,0.0,0.0,0.0
627,0.0,0.0,0.0,0.0,0.0
628,0.0,0.0,0.0,0.0,0.0
629,0.0,0.0,0.0,0.0,0.0
630,0.0,0.0,0.0,0.0,0.0
631,0.0464270531611082,0.0,0.0,0.0,0.0868408607986584
632,0.1424345313074619,0.0413828347461668,0.0366749698574481,0.04918364645921,0.2259520943103752
633,0.2542531241358871,0.1662573151188556,0.0986126433037928,0.1289647784518526,0.3645810135540588
634,0.3243396276584593,0.3043809440526541,0.1665536561997707,0.2346398797868435,0.450953689826103
635,0.34269780862953,0.3782214587579424,0.2155121092511055,0.3145919855877334,0.4781003358547833
636,0.3101988812264782,0.3736452849788304,0.2420292992211042,0.3421495306294813,0.4410735390149862
637,0.2449373281591219,0.3013975002844464,0.2274063063499707,0.3280481595044044,0.3507346393609489
638,0.1486150878865177,0.1983773234742523,0.1541223358345542,0.2797110638505531,0.234190536864569
639,0.0456139281629302,0.0887639352253015,0.0559482173882189,0.199229006193003,0.1057632104787488
640,0.0,0.028444484571956,0.0037739017790867,0.099872741856349,0.0228590025482464
641,0.0,0.0,0.0,0.0,0.0
642,0.0,0.0,0.0,0.0,0.0
643,0.0,0.0,0.0,0.0,0.0
644,0.0,0.0,0.0,0.0,0.0
645,0.0,0.0,0.0,0.0,0.0
646,0.0,0.0,0.0,0.0,0.0
647,0.0,0.0,0.0,0.0,0.0
648,0.0,0.0,0.0,0.0,0.0
649,0.0,0.0,0.0,0.0,0.0
650,0.0,0.0,0.0,0.0,0.0
651,0.0,0.0,0.0,0.0,0.0
652,0.0,0.0,0.0,0.0,0.0
653,0.0,0.0,0.0,0.0,0.0
654,0.0,0.0,0.0,0.0,0.0
655,0.0,0.0,0.0,0.0,0.0619467405019787
656,0.0168447445701442,0.0698120093129149,0.0145101357582924,0.049150468993289,0.1916439894353203
657,0.0852902589101172,0.2304408380851287,0.0857142035569875,0.1122384831811872,0.3272006296911235
658,0.1414390183693232,0.3662235509345637,0.1679658715936732,0.1982345975864127,0.4274146111246835
659,0.1664847675685652,0.4291328706562453,0.1941721443198783,0.2831072469178441,0.4761469579815013
660,0.1749941201575567,0.4132501251956092,0.1666771146491617,0.3305407177530138,0.4590087465095832
661,0.147649238986042,0.2934354577942861,0.1126026403108673,0.3368447896235408,0.3958418604260458
662,0.092051065068928,0.1417831133658238,0.0521195137415442,0.2874969407089972,0.2884512184697151
663,0.0377856327898366,0.0367938373607292,0.0130177161434856,0.1956423846893945,0.1423550507295561
664,0.0,0.0097707814626047,0.0,0.0991155697711441,0.0347397183981837
665,0.0,0.0,0.0,0.0,0.0
666,0.0,0.0,0.0,0.0,0.0
667,0.0,0.0,0.0,0.0,0.0
668,0.0,0.0,0.0,0.0,0.0
669,0.0,0.0,0.0,0.0,0.0
670,0.0,0.0,0.0,0.0,0.0
671,0.0,0.0,0.0,0.0,0.0
672,0.0,0.0,0.0,0.0,0.0
673,0.0,0.0,0.0,0.0,0.0
674,0.0,0.0,0.0,0.0,0.0
675,0.0,0.0,0.0,0.0,0.0
676,0.0,0.0,0.0,0.0,0.0
677,0.0,0.0,0.0,0.0,0.0
678,0.0,0.0,0.0,0.0,0.0
679,0.0509603208126459,0.0,0.0119311177073638,0.0014500889787576,0.0775066671524486
680,0.1821981770303928,0.1031789348254903,0.0584724347909106,0.0675356781134036,0.2140935116749786
681,0.3392216780961852,0.2765144443567771,0.1531107454576699,0.1497638391256865,0.3583609765651702
682,0.4382197673442198,0.4457022744300329,0.2249572366578575,0.2201104653939498,0.4485674432589237
683,0.4594570868457688,0.5408979736880877,0.2458101894998429,0.2474567668589697,0.4778416507759668
684,0.4138707311365405,0.5572766957073955,0.2272159554507746,0.2334112369912675,0.4601683124064751
685,0.3409164578811073,0.4894046795344951,0.1843267837699111,0.1845832630433218,0.3862058284092947
686,0.2445846590994291,0.3811706291590732,0.125743483905772,0.1117133742274769,0.2684582291161926
687,0.1201612054809669,0.2375620106800317,0.0586601927878637,0.0469729760486833,0.1409138259445901
688,0.0066084244646878,0.0984332266637693,0.0284214531966252,0.0114398990125357,0.0540945681074611
689,0.0,0.0,0.0,0.0018068539989086,0.0
690,0.0,0.0,0.0,0.0,0.0
691,0.0,0.0,0.0,0.0,0.0
692,0.0,0.0,0.0,0.0,0.0
693,0.0,0.0,0.0,0.0,0.0
694,0.0,0.0,0.0,0.0,0.0
695,0.0,0.0,0.0,0.0,0.0
696,0.0,0.0,0.0,0.0,0.0
697,0.0,0.0,0.0,0.0,0.0
698,0.0,0.0,0.0,0.0,0.0
699,0.0,0.0,0.0,0.0,0.0
700,0.0,0.0,0.0,0.0,0.0
701,0.0,0.0,0.0,0.0,0.0
702,0.0,0.0,0.0,0.0,0.0
703,0.0672178058516949,0.0,0.0123533626436965,0.0,0.0346631755905039
704,0.1698330779882803,0.0324294723618512,0.0422064846210069,0.0890446501035431,0.126844872466934
705,0.2847156312368986,0.0975000253332947,0.1040381562455799,0.210453637481456,0.2279753266765574
706,0.3449696243607227,0.1931769580839165,0.1749852988863375,0.2909001512364018,0.2858134063123483
707,0.3599013721941759,0.2704972306504777,0.2394078988816157,0.3160009287390098,0.3025601676410624
708,0.3124007683168586,0.3343430475720124,0.2542791712024833,0.3185770438460266,0.299687568712418
709,0.2093093387633423,0.3731064983783143,0.2114373893497976,0.2744926213979525,0.2557527882212517
710,0.1099735321799451,0.3201160505782202,0.1305150040316681,0.195351293690366,0.1727465430758184
711,0.0278555843705283,0.1939578354252435,0.0358970247095494,0.1082846292923215,0.0815037888234853
712,0.0014048979405354,0.0888505176090335,0.005635976067461,0.0345277587179186,0.0254791827360848
713,0.0,0.0,0.0,0.0,0.0
714,0.0,0.0,0.0,0.0,0.0
715,0.0,0.0,0.0,0.0,0.0
716,0.0,0.0,0.0,0.0,0.0
717,0.0,0.0,0.0,0.0,0.0
718,0.0,0.0,0.0,0.0,0.0
719,0.0,0.0,0.0,0.0,0.0
720,0.0,0.0,0.0,0.0,0.0
721,0.0,0.0,0.0,0.0,0.0
722,0.0,0.0,0.0,0.0,0.0
723,0.0,0.0,0.0,0.0,0.0
724,0.0,0.0,0.0,0.0,0.0
725,0.0,0.0,0.0,0.0,0.0
726,0.0,0.0,0.0,0.0,0.0
727,0.052882759437496,0.0026539839674301,0.0429566520173734,0.0,0.0944689629216578
728,0.1592005362077516,0.0776693213625076,0.1223711862123825,0.0296800835025189,0.2375308563315255
729,0.2872276471328804,0.200733209078143,0.260279148214314,0.0760537363350168,0.3639206491136125
730,0.3828287172068043,0.3303411315936415,0.383363988192791,0.1142548970836669,0.4309072666599941
731,0.4250081937028762,0.4411653154583639,0.4479942933861721,0.1299823904092279,0.4378781149784644
732,0.3916195975266123,0.4635346675301248,0.4541679729971087,0.1237500776497339,0.4061627142897464
733,0.3209711433823956,0.373283318845118,0.4031649925053037,0.1053846355786968,0.3332369925062556
734,0.2248730628430396,0.2399091683113778,0.2967265138573891,0.0829187085074676,0.2275091281611851
735,0.0963207057291399,0.0948298490322654,0.1568556764224219,0.0521061900333163,0.1112227555095034
736,0.0057954280723399,0.0042842371710657,0.0415640204200961,0.0152682852721155,0.0351101253097533
737,0.0,0.0,0.0,0.0014393989428276,0.0
738,0.0,0.0,0.0,0.0,0.0
739,0.0,0.0,0.0,0.0,0.0
740,0.0,0.0,0.0,0.0,0.0
741,0.0,0.0,0.0,0.0,0.0
742,0.0,0.0,0.0,0.0,0.0
743,0.0,0.0,0.0,0.0,0.0
744,0.0,0.0,0.0,0.0,0.0
745,0.0,0.0,0.0,0.0,0.0
746,0.0,0.0,0.0,0.0,0.0
747,0.0,0.0,0.0,0.0,0.0
748,0.0,0.0,0.0,0.0,0.0
749,0.0,0.0,0.0,0.0,0.0
750,0.0,0.0,0.0,0.0,0.0
751,0.0661365013386467,0.0,0.0084974005027734,0.0,0.0257409173082156
752,0.1753594577867648,0.0,0.0213646281606671,0.0356998682972193,0.1046001934091892
753,0.2899772418127462,0.0072203418164955,0.0536809638273737,0.1150344833770403,0.2031520735925527
754,0.3310882421289992,0.0245850609013621,0.0788730594351524,0.2010471252070553,0.2808015287964633
755,0.3101051819602154,0.0420410772157174,0.0842776015759345,0.2437764015000957,0.3148918161022014
756,0.2412920781747611,0.0775146127780402,0.0778701324259772,0.2678296474439287,0.2965627640495222
757,0.1467731618681688,0.0949955977995133,0.0657472095394915,0.266796722820148,0.2452970648347069
758,0.074196123417545,0.0581322727990183,0.0383127431930035,0.2157095265645935,0.1641470111212674
759,0.0190718275831696,0.0060712429424423,0.0029284565425833,0.1474104368138543,0.0702252769880565
760,0.0,0.0,0.0,0.0777722360822725,0.022543343043642
761,0.0,0.0,0.0,0.006095176898865,0.0
762,0.0,0.0,0.0,0.0,0.0
763,0.0,0.0,0.0,0.0,0.0
764,0.0,0.0,0.0,0.0,0.0
765,0.0,0.0,0.0,0.0,0.0
766,0.0,0.0,0.0,0.0,0.0
767,0.0,0.0,0.0,0.0,0.0
768,0.0,0.0,0.0,0.0,0.0
769,0.0,0.0,0.0,0.0,0.0
770,0.0,0.0,0.0,0.0,0.0
771,0.0,0.0,0.0,0.0,0.0
772,0.0,0.0,0.0,0.0,0.0
773,0.0,0.0,0.0,0.0,0.0
774,0.0,0.0,0.0,0.0,0.0
775,0.0020993733437724,0.0014987359360593,0.0,0.0,0.055357852129486
776,0.0356275792577795,0.0148621174776695,0.0040403203874607,0.0201738421318177,0.1460653789417051
777,0.1466607497554367,0.0865014683686342,0.0392368120020736,0.0534055329094204,0.2378628707290677
778,0.2509913052909979,0.1732374383211611,0.0990864560595159,0.0971529504960573,0.3114323855485335
779,0.294502099744118,0.3095124400716171,0.1543000199163005,0.1427317569398315,0.3321973011720674
780,0.27353334187161,0.4503985720487933,0.1926346322279291,0.1726417121965509,0.3101488504418616
781,0.1973996046972621,0.4177793498845996,0.1836861223472298,0.1770699522241209,0.2761003840662805
782,0.118387743764124,0.2565259360977124,0.1174167080291395,0.1706889633017673,0.2061385398832302
783,0.0405199735027664,0.1051406674941053,0.0396939292114628,0.1399424518368536,0.0965785443782287
784,0.0,0.0101897401867451,0.0112334547161447,0.074561086683262,0.021043142048675
785,0.0,0.0,0.0,0.017017733249125,0.0
786,0.0,0.0,0.0,0.0,0.0
787,0.0,0.0,0.0,0.0,0.0
788,0.0,0.0,0.0,0.0,0.0
789,0.0,0.0,0.0,0.0,0.0
790,0.0,0.0,0.0,0.0,0.0
791,0.0,0.0,0.0,0.0,0.0
792,0.0,0.0,0.0,0.0,0.0
793,0.0,0.0,0.0,0.0,0.0
794,0.0,0.0,0.0,0.0,0.0
795,0.0,0.0,0.0,0.0,0.0
796,0.0,0.0,0.0,0.0,0.0
797,0.0,0.0,0.0,0.0,0.0
798,0.0,0.0,0.0,0.0,0.0
799,0.0063235003608672,0.0,0.0,0.0017114577902238,0.052789969948835
800,0.0457215157987448,0.0010793445700452,0.0015244105227857,0.1009748052985348,0.1839585604831116
801,0.1345748713017713,0.0103250162790044,0.0069555258653101,0.2192940288696364,0.3069807640650956
802,0.2055186431518008,0.0288344451013098,0.0247890490582737,0.3378858632038096,0.4000730761269294
803,0.1854624515846158,0.0530926607604637,0.0502436162998662,0.4096817877693222,0.4531100513649448
804,0.1210739826694245,0.0758602638112704,0.0672266902489378,0.4261679255423306,0.4431397007246382
805,0.0755443070895101,0.0805454636690493,0.05781586778909,0.4036251105982643,0.3715073126893761
806,0.0390909564467966,0.0552999850196799,0.0354953569871651,0.3528204389046129,0.262024607298537
807,0.0066681213470906,0.0176858531167594,0.0165067773989574,0.2677927411167232,0.1396507805069393
808,0.0,0.0,0.0053680413843019,0.1450562958123533,0.0447042546969938
809,0.0,0.0,0.0,0.0362735918749373,0.0
810,0.0,0.0,0.0,0.0,0.0
811,0.0,0.0,0.0,0.0,0.0
812,0.0,0.0,0.0,0.0,0.0
813,0.0,0.0,0.0,0.0,0.0
814,0.0,0.0,0.0,0.0,0.0
815,0.0,0.0,0.0,0.0,0.0
816,0.0,0.0,0.0,0.0,0.0
817,0.0,0.0,0.0,0.0,0.0
818,0.0,0.0,0.0,0.0,0.0
819,0.0,0.0,0.0,0.0,0.0
820,0.0,0.0,0.0,0.0,0.0
821,0.0,0.0,0.0,0.0,0.0
822,0.0,0.0,0.0,0.0,0.0
823,0.0668304480826568,0.0191333812030739,0.0373649100728993,0.0036774841390962,0.0409570959613867
824,0.1813438928887006,0.1443160842021455,0.1434835604888712,0.13482621578538,0.1464836813631226
825,0.2914228563127267,0.3041332972490094,0.3094035286763543,0.2735546259607982,0.2606168653651453
826,0.3773418906983909,0.4503142848098531,0.4362198381934982,0.3800692536131932,0.3213957640324763
827,0.4004823419973617,0.562561066668811,0.4945199070801953,0.420186043301914,0.3396471969904375
828,0.3678919433908992,0.6106494603386396,0.4852694839852434,0.400641204799089,0.3328101636408361
829,0.3095861906035794,0.5825326252184616,0.4245727142488629,0.3435632322325311,0.2709704607258037
830,0.2216944483024258,0.4813172550944544,0.3195625882063291,0.250615913018474,0.1817331440918293
831,0.1186773958898598,0.3173053991288864,0.1741161257634824,0.1388996991427596,0.0985381295455315
832,0.0230934576067423,0.1438465506568216,0.075063368343426,0.0488523789224798,0.0341394351091012
833,0.0,0.0,0.0,0.0,0.0
834,0.0,0.0,0.0,0.0,0.0
835,0.0,0.0,0.0,0.0,0.0
836,0.0,0.0,0.0,0.0,0.0
837,0.0,0.0,0.0,0.0,0.0
838,0.0,0.0,0.0,0.0,0.0
839,0.0,0.0,0.0,0.0,0.0
840,0.0,0.0,0.0,0.0,0.0
841,0.0,0.0,0.0,0.0,0.0
842,0.0,0.0,0.0,0.0,0.0
843,0.0,0.0,0.0,0.0,0.0
844,0.0,0.0,0.0,0.0,0.0
845,0.0,0.0,0.0,0.0,0.0
846,0.0,0.0,0.0,0.0,0.0
847,0.0766958738618923,0.0677122760175483,0.0504189655267891,0.0041067532974212,0.0503940507281373
848,0.1988170163321198,0.1730428883539322,0.1204701896644016,0.0704284598735865,0.1670506179730047
849,0.3456811132532151,0.3645120986714755,0.2401295040526553,0.1443381181577222,0.300280948659703
850,0.4929422285413341,0.5510749489861498,0.3354224173061694,0.2113098432437558,0.3882972071587474
851,0.589147735681699,0.6569209559316824,0.3925671986750963,0.2555311469936333,0.418611863661412
852,0.5894631293377811,0.6730293739747796,0.4051127320842986,0.2744316044472063,0.396441028960097
853,0.507138903453548,0.622190765791635,0.3617300480752057,0.2586996107910678,0.3314567378557633
854,0.3674166803951573,0.5079521824613429,0.2632195158179438,0.2089683276180242,0.2439649343092747
855,0.1897262235229267,0.329389824025087,0.1323601991967355,0.1386640198643627,0.1356974468878592
856,0.0383737693136603,0.144546522249452,0.0496965269349855,0.0647527479821485,0.0487674090336835
857,0.0,0.0,0.0,0.0,0.0
858,0.0,0.0,0.0,0.0,0.0
859,0.0,0.0,0.0,0.0,0.0
860,0.0,0.0,0.0,0.0,0.0
861,0.0,0.0,0.0,0.0,0.0
862,0.0,0.0,0.0,0.0,0.0
863,0.0,0.0,0.0,0.0,0.0
864,0.0,0.0,0.0,0.0,0.0
865,0.0,0.0,0.0,0.0,0.0
866,0.0,0.0,0.0,0.0,0.0
867,0.0,0.0,0.0,0.0,0.0
868,0.0,0.0,0.0,0.0,0.0
869,0.0,0.0,0.0,0.0,0.0
870,0.0,0.0,0.0,0.0,0.0
871,0.0959507101353786,0.0851062245929379,0.0388253691898775,0.0075976263634552,0.090798648467077
872,0.2508462218407557,0.1882857594653295,0.1244172360923673,0.0687645038451592,0.239812379038965
873,0.4163203385732137,0.3753874023696683,0.2710144587681668,0.1482581723358723,0.3789678460979276
874,0.5265627427006273,0.5462522783267647,0.3936128169728234,0.2314815287572611,0.478817441475947
875,0.589148488021462,0.6571422988275658,0.4889968895166596,0.2980446639805441,0.5238885720265978
876,0.5961070251273473,0.6837821323427486,0.5303428593276327,0.3374771476631633,0.5057161473663716
877,0.526152182124542,0.6337848777122939,0.4857907456549734,0.3409588423034463,0.4487668817239111
878,0.3893287501017514,0.5189234729037677,0.3718296632730704,0.2987119997354332,0.346822394315816
879,0.2058046209729526,0.3382023758269737,0.2091589787023711,0.219685663930739,0.1947369847823563
880,0.0495906232660362,0.1519160583697091,0.097010793513425,0.1194925138660894,0.0673709408829146
881,0.0,0.0,0.0,0.0188059660881011,0.0
882,0.0,0.0,0.0,0.0,0.0
883,0.0,0.0,0.0,0.0,0.0
884,0.0,0.0,0.0,0.0,0.0
885,0.0,0.0,0.0,0.0,0.0
886,0.0,0.0,0.0,0.0,0.0
887,0.0,0.0,0.0,0.0,0.0
888,0.0,0.0,0.0,0.0,0.0
889,0.0,0.0,0.0,0.0,0.0
890,0.0,0.0,0.0,0.0,0.0
891,0.0,0.0,0.0,0.0,0.0
892,0.0,0.0,0.0,0.0,0.0
893,0.0,0.0,0.0,0.0,0.0
894,0.0,0.0,0.0,0.0,0.0
895,0.103684646522,0.0051543579617747,0.0126587341986309,0.0038505125134793,0.1207780434518334
896,0.2614126206569095,0.0126666016563392,0.0539134745772486,0.0401411121075907,0.2965088395267744
897,0.4259697042604591,0.0617439761840139,0.1147487312874222,0.1018710072490764,0.4557748864334304
898,0.5467585607984861,0.096937390418721,0.1518119640139519,0.1750584813790495,0.5570648962749188
899,0.5930666417109177,0.0967573997492171,0.1532132425644872,0.2463352147417725,0.592126690209682
900,0.5627240353974021,0.0791469463221056,0.1260082874385502,0.2947106134723274,0.5728226272477127
901,0.4672094754736799,0.0478114735595207,0.0967295652541694,0.3071701743292249,0.503903439387853
902,0.312377189139004,0.0209469729048874,0.0570105430742743,0.2941777271072604,0.3883273188123348
903,0.1371141712182214,0.0150465143960253,0.020105485130027,0.2213634898393762,0.2295351383939026
904,0.0104858856437133,0.0016778446979632,0.0043156348037406,0.1002464977617429,0.0849964980287066
905,0.0,0.0,0.0,0.0218066976338099,0.0
906,0.0,0.0,0.0,0.0,0.0
907,0.0,0.0,0.0,0.0,0.0
908,0.0,0.0,0.0,0.0,0.0
909,0.0,0.0,0.0,0.0,0.0
910,0.0,0.0,0.0,0.0,0.0
911,0.0,0.0,0.0,0.0,0.0
912,0.0,0.0,0.0,0.0,0.0
913,0.0,0.0,0.0,0.0,0.0
914,0.0,0.0,0.0,0.0,0.0
915,0.0,0.0,0.0,0.0,0.0
916,0.0,0.0,0.0,0.0,0.0
917,0.0,0.0,0.0,0.0,0.0
918,0.0,0.0,0.0,0.0,0.002630638546137
919,0.0292681743862177,0.0998931658145041,0.0600918161099595,0.0044140455049558,0.0731036868613991
920,0.1470020458154264,0.1819670523821062,0.1492128803880923,0.0936504566656217,0.2148026914280573
921,0.3311307249888502,0.3404641336383778,0.2914725766736908,0.234704374973552,0.3606230892851237
922,0.4939781105561941,0.4954811607377129,0.3967068131003176,0.3663622317354318,0.4585093701431073
923,0.5568863827787386,0.5788889653327278,0.4430258339630354,0.4452162685817494,0.5008791008155564
924,0.5200331010045107,0.5517773843244431,0.4316778898896107,0.4849288987008287,0.4817256457386815
925,0.4151872040286846,0.4491851669496957,0.3615814486490535,0.479713581097793,0.400273314643626
926,0.2943811682160296,0.3329169758578698,0.2518462838791395,0.4130345511891707,0.3001873777892912
927,0.1627796271191686,0.2170816193232585,0.119299350809876,0.2968454655120665,0.1758917922463124
928,0.0658859641583648,0.080526398366563,0.0231475990356082,0.1574490655605529,0.0542952484577771
929,0.0,0.0,0.0,0.066106756932164,0.0
930,0.0,0.0,0.0,0.0,0.0
931,0.0,0.0,0.0,0.0,0.0
932,0.0,0.0,0.0,0.0,0.0
933,0.0,0.0,0.0,0.0,0.0
934,0.0,0.0,0.0,0.0,0.0
935,0.0,0.0,0.0,0.0,0.0
936,0.0,0.0,0.0,0.0,0.0
937,0.0,0.0,0.0,0.0,0.0
938,0.0,0.0,0.0,0.0,0.0
939,0.0,0.0,0.0,0.0,0.0
940,0.0,0.0,0.0,0.0,0.0
941,0.0,0.0,0.0,0.0,0.0
942,0.0,0.0,0.0,0.0,0.0039479598880767
943,0.0433613261338321,0.0090417369017219,0.0136872825725637,0.0070704991965037,0.110425742316504
944,0.1664058421191938,0.0599301747812861,0.0676403728973401,0.1040530062443788,0.2848274689707545
945,0.2981562731058024,0.1770200594329409,0.1744942865454601,0.2321154623034743,0.4476055084840085
946,0.4252448484345674,0.3028817066178462,0.2669547236282392,0.3389280052516575,0.5432765852007714
947,0.4904923014304082,0.4325663787854221,0.3210364514331064,0.3981789183578171,0.5679986367451978
948,0.4852850785926659,0.4823357795026675,0.330974265196743,0.408366843071868,0.538330656508143
949,0.4292417630195136,0.4268528550508526,0.3108882400917657,0.389989287533241,0.4685242235732022
950,0.3163280909032706,0.3100877858143634,0.2380825002150115,0.3370718773737675,0.3576535271383351
951,0.165421668234503,0.1590631817606077,0.1201969169989207,0.2350910135161691,0.2074610212079754
952,0.0376917261031645,0.0360424418693038,0.0352582424941187,0.1159481964415864,0.0730754146778529
953,0.0,0.0,0.0,0.0418192909946426,0.0
954,0.0,0.0,0.0,0.0,0.0
955,0.0,0.0,0.0,0.0,0.0
956,0.0,0.0,0.0,0.0,0.0
957,0.0,0.0,0.0,0.0,0.0
958,0.0,0.0,0.0,0.0,0.0
959,0.0,0.0,0.0,0.0,0.0
960,0.0,0.0,0.0,0.0,0.0
961,0.0,0.0,0.0,0.0,0.0
962,0.0,0.0,0.0,0.0,0.0
963,0.0,0.0,0.0,0.0,0.0
964,0.0,0.0,0.0,0.0,0.0
965,0.0,0.0,0.0,0.0,0.0
966,0.0,0.0,0.0,0.0,0.0059095968052742
967,0.04377132794726,0.0,0.005530519678726,0.0011538518216078,0.0934136860159912
968,0.1984284172358136,0.0355434104125916,0.0288243354532868,0.0293147804182551,0.2407566453510536
969,0.3438212884272165,0.1573311654400356,0.0655014023979875,0.0718895933847709,0.3871753980392542
970,0.4218577391946833,0.2681758709643692,0.117589830169051,0.1108794842225697,0.4927045595336849
971,0.4349221726873019,0.2890922875444195,0.1715668575335962,0.1574392001080294,0.524405424449094
972,0.4023618561422549,0.2100122656358081,0.1855964044988332,0.1969332661686914,0.5078174719748316
973,0.3321142537286429,0.0981948613350899,0.1446457131355578,0.2095266448742868,0.4483515505624734
974,0.2231924545600252,0.0285492631961728,0.0714083479696943,0.2131972935853863,0.3348333791986894
975,0.1051946798496355,0.0022835136473707,0.0173142108230684,0.2012659812404116,0.1887466005498446
976,0.0345754059547466,0.0,0.0,0.1359955096432535,0.056296240096366
977,0.0,0.0,0.0,0.059946114718131,0.0
978,0.0,0.0,0.0,0.0,0.0
979,0.0,0.0,0.0,0.0,0.0
980,0.0,0.0,0.0,0.0,0.0
981,0.0,0.0,0.0,0.0,0.0
982,0.0,0.0,0.0,0.0,0.0
983,0.0,0.0,0.0,0.0,0.0
984,0.0,0.0,0.0,0.0,0.0
985,0.0,0.0,0.0,0.0,0.0
986,0.0,0.0,0.0,0.0,0.0
987,0.0,0.0,0.0,0.0,0.0
988,0.0,0.0,0.0,0.0,0.0
989,0.0,0.0,0.0,0.0,0.0
990,0.0,0.0,0.0,0.0,0.0046505526393574
991,0.0,0.0380654658171512,0.0043350152176137,0.0175824333224828,0.0662027860735965
992,0.0547453732970313,0.115378221750643,0.0167311064525968,0.1135752733106136,0.2084743207126799
993,0.1411717789395653,0.2346961114813032,0.0926710655109834,0.2489810724121648,0.3362023681200388
994,0.2409485889176428,0.2800114110588614,0.1888117303810309,0.3715356039461858,0.423726134525285
995,0.3218979392854125,0.3277236240447203,0.2593826615315936,0.4160888750423452,0.4841801538968144
996,0.3385917136920547,0.3790889592747727,0.283975199836283,0.4156969891775124,0.4849528657722383
997,0.2749366354787012,0.3574881651160888,0.2714533662126942,0.3836887148549,0.430801539832612
998,0.1755827833228299,0.2879696658013483,0.2362976322960175,0.2976469007608595,0.3358227898219607
999,0.0776621170008804,0.1806861853135619,0.1434661161675868,0.2097165373553345,0.1913351325213692
1000,0.0136325085923228,0.0680324264396859,0.0403019106598404,0.1242391163218144,0.0570520055569049
1001,0.0,0.0,0.0,0.0493257920081897,0.0
1002,0.0,0.0,0.0,0.0,0.0
1003,0.0,0.0,0.0,0.0,0.0
1004,0.0,0.0,0.0,0.0,0.0
1005,0.0,0.0,0.0,0.0,0.0
1006,0.0,0.0,0.0,0.0,0.0
1007,0.0,0.0,0.0,0.0,0.0
1008,0.0,0.0,0.0,0.0,0.0
1009,0.0,0.0,0.0,0.0,0.0
1010,0.0,0.0,0.0,0.0,0.0
1011,0.0,0.0,0.0,0.0,0.0
1012,0.0,0.0,0.0,0.0,0.0
1013,0.0,0.0,0.0,0.0,0.0
1014,0.0,0.0,0.0,0.0,0.0060801890812709
1015,0.053592765331791,0.0516532388313479,0.0044735498743849,0.0267712756202917,0.129460841621298
1016,0.2020325045734492,0.1412494584655507,0.0498836246175077,0.1175284722271944,0.3079076389556439
1017,0.3285059994005269,0.2942666035722731,0.1461968573795688,0.2542407927662013,0.4620088749751058
1018,0.3934718947058765,0.4333156995570657,0.239340598683464,0.4000256375362152,0.5703890213751835
1019,0.4243660785633151,0.512091614040192,0.271475111993695,0.526617595143371,0.6180186023296674
1020,0.4185224452445985,0.5239801856600222,0.2544954639923054,0.6019791580277155,0.6038681594458543
1021,0.3580814338384735,0.4934992317625166,0.2250780468266087,0.6103968018944654,0.5441519230113183
1022,0.2433316348394428,0.4133722225660073,0.1609877236817599,0.5521380579910316,0.4251114989063642
1023,0.1194774159969055,0.2718175513943627,0.0773429074200044,0.4284468490368295,0.2533161999866415
1024,0.0403569924528186,0.1154136401381672,0.0119708281889363,0.2489369254357894,0.0919731721337098
1025,0.0,0.0,0.0,0.0965376582247616,0.0
1026,0.0,0.0,0.0,0.0,0.0
1027,0.0,0.0,0.0,0.0,0.0
1028,0.0,0.0,0.0,0.0,0.0
1029,0.0,0.0,0.0,0.0,0.0
1030,0.0,0.0,0.0,0.0,0.0
1031,0.0,0.0,0.0,0.0,0.0
1032,0.0,0.0,0.0,0.0,0.0
1033,0.0,0.0,0.0,0.0,0.0
1034,0.0,0.0,0.0,0.0,0.0
1035,0.0,0.0,0.0,0.0,0.0
1036,0.0,0.0,0.0,0.0,0.0
1037,0.0,0.0,0.0,0.0,0.0
1038,0.0,0.0,0.0,0.0,0.0125010865951675
1039,0.0319962273851023,0.0995608175099371,0.0701879986587707,0.043911018098494,0.1456115624060828
1040,0.1598150220192875,0.2424082564700251,0.1934465083988773,0.2311167360086983,0.3303529162717558
1041,0.2830836364317085,0.4420221438453817,0.3427287317808988,0.4304161476571013,0.4840129340131726
1042,0.3423316612488843,0.587197717316403,0.4479258907415084,0.584155503346165,0.5866865161774766
1043,0.3978575642914536,0.6606953335115892,0.5086614793648726,0.675067658233919,0.6347205153416214
1044,0.4464461162931017,0.6706560796491913,0.5168350948498551,0.7049888391547271,0.6222016662626553
1045,0.4081981532890921,0.619483493092763,0.4676010329171067,0.6776000093317093,0.5495266511874444
1046,0.287660013369714,0.5077093500342842,0.3631096189348181,0.592270496664085,0.420335489268135
1047,0.1427085155256303,0.3383160328447927,0.2086205706661897,0.449134996755983,0.2483291942573784
1048,0.0531357524090193,0.1478749602139378,0.0659791016938525,0.2599695792458512,0.0858142564061378
1049,0.0,0.0,0.0,0.1022962587098579,0.0
1050,0.0,0.0,0.0,0.0,0.0
1051,0.0,0.0,0.0,0.0,0.0
1052,0.0,0.0,0.0,0.0,0.0
1053,0.0,0.0,0.0,0.0,0.0
1054,0.0,0.0,0.0,0.0,0.0
1055,0.0,0.0,0.0,0.0,0.0
1056,0.0,0.0,0.0,0.0,0.0
1057,0.0,0.0,0.0,0.0,0.0
1058,0.0,0.0,0.0,0.0,0.0
1059,0.0,0.0,0.0,0.0,0.0
1060,0.0,0.0,0.0,0.0,0.0
1061,0.0,0.0,0.0,0.0,0.0
1062,0.0,0.0,0.0,0.0,0.0216466027360529
1063,0.0538552099147879,0.1024853282472733,0.0413432267885641,0.043134490234404,0.1510316886354295
1064,0.1593769499549666,0.2623778301522436,0.1502631562033904,0.2100795621168831,0.3407017702336485
1065,0.2740149133794319,0.4609254408881562,0.2865442518220429,0.3922448046438323,0.5001183100526
1066,0.3469939200449883,0.5966176841997725,0.3933331063191886,0.543231535712681,0.5995858777206919
1067,0.3615439969626762,0.6633931833649969,0.4735900935192795,0.6433417881395613,0.6439054091486888
1068,0.3703066863731491,0.6709455422479783,0.5104485570358986,0.6830728776777771,0.6324092785465473
1069,0.3636272503308042,0.6163570072787992,0.4789970877055673,0.6604496007258162,0.5645707370403135
1070,0.2926893258335912,0.501988275675262,0.3764727001831982,0.5780334035491925,0.4373515211233162
1071,0.1644659545824624,0.3284363178033941,0.221166018195934,0.4412831066269352,0.2641059150460465
1072,0.0705001778710691,0.1321878087356469,0.0784362114013476,0.2572976587631092,0.097500546571656
1073,0.0,0.0,0.0,0.1003775301301565,0.0
1074,0.0,0.0,0.0,0.0,0.0
1075,0.0,0.0,0.0,0.0,0.0
1076,0.0,0.0,0.0,0.0,0.0
1077,0.0,0.0,0.0,0.0,0.0
1078,0.0,0.0,0.0,0.0,0.0
1079,0.0,0.0,0.0,0.0,0.0
1080,0.0,0.0,0.0,0.0,0.0
1081,0.0,0.0,0.0,0.0,0.0
1082,0.0,0.0,0.0,0.0,0.0
1083,0.0,0.0,0.0,0.0,0.0
1084,0.0,0.0,0.0,0.0,0.0
1085,0.0,0.0,0.0,0.0,0.0
1086,0.0,0.0,0.0,0.0,0.019483751296492
1087,0.122702357525276,0.1106718369267743,0.1006093641838706,0.0476301685370225,0.1348496921506334
1088,0.3093402649046575,0.2732445594674338,0.259967382798856,0.2159282037364808,0.3138569123024344
1089,0.4846225782082257,0.4728080311431245,0.4390051976597549,0.4031378675033797,0.4546914174068081
1090,0.5931117286704286,0.6101061432388237,0.5606965214302092,0.5569304688612673,0.5326058609357666
1091,0.6267122746671624,0.6770428302827978,0.6187962555418027,0.6542230328975336,0.5663433495271556
1092,0.6055650444712538,0.6829434093029563,0.6155484136015594,0.6890961199523481,0.5395425288013476
1093,0.5259279526561129,0.6319251197959163,0.5541363985990112,0.6649776063247533,0.4585892682515333
1094,0.3861716934993245,0.5219263918754085,0.4354866847936047,0.5826067310811038,0.3515599798467225
1095,0.212527016863619,0.3540349511258143,0.2651682358930454,0.4440230379038628,0.2141985259023473
1096,0.0953679743969627,0.160220560637901,0.1020025386227655,0.2602182002711635,0.0757857194822063
1097,0.0,0.0,0.0,0.1029839351553666,0.0
1098,0.0,0.0,0.0,0.0,0.0
1099,0.0,0.0,0.0,0.0,0.0
1100,0.0,0.0,0.0,0.0,0.0
1101,0.0,0.0,0.0,0.0,0.0
1102,0.0,0.0,0.0,0.0,0.0
1103,0.0,0.0,0.0,0.0,0.0
1104,0.0,0.0,0.0,0.0,0.0
1105,0.0,0.0,0.0,0.0,0.0
1106,0.0,0.0,0.0,0.0,0.0
1107,0.0,0.0,0.0,0.0,0.0
1108,0.0,0.0,0.0,0.0,0.0
1109,0.0,0.0,0.0,0.0,0.0
1110,0.0,0.0,0.0,0.0,0.0240937112243917
1111,0.103333118090788,0.1197143141813376,0.105463764342678,0.0550603843376306,0.1457426210664065
1112,0.2668786262889022,0.2869818914033898,0.2721702580503299,0.2289925154242862,0.3291153721407469
1113,0.4260711699603662,0.4825207329109302,0.4499344413411298,0.4213588039085896,0.4768710941449459
1114,0.5443147475403908,0.6182129854177341,0.5693466915230054,0.5668532329348566,0.5652234367863412
1115,0.606467497893104,0.6828481684550273,0.6258731310164088,0.6560135276523569,0.6017548964131808
1116,0.5997841954043439,0.6839083846717956,0.6208958823576074,0.6918140340222384,0.5863966681486131
1117,0.5260555512654179,0.6302223018689634,0.5587731456886975,0.6690398182430356,0.5257599382303529
1118,0.3965944836290884,0.5247246954706086,0.4406959739237031,0.5881280481749321,0.4185991586911303
1119,0.2213550868092244,0.3586911655304555,0.2701904803709285,0.4500369686524926,0.2592396677648313
1120,0.0850148143685573,0.163588420145717,0.1030917093461153,0.265417925127284,0.0940908234896004
1121,0.0,0.0,0.0,0.108060047092972,0.0
1122,0.0,0.0,0.0,0.0,0.0
1123,0.0,0.0,0.0,0.0,0.0
1124,0.0,0.0,0.0,0.0,0.0
1125,0.0,0.0,0.0,0.0,0.0
1126,0.0,0.0,0.0,0.0,0.0
1127,0.0,0.0,0.0,0.0,0.0
1128,0.0,0.0,0.0,0.0,0.0
1129,0.0,0.0,0.0,0.0,0.0
1130,0.0,0.0,0.0,0.0,0.0
1131,0.0,0.0,0.0,0.0,0.0
1132,0.0,0.0,0.0,0.0,0.0
1133,0.0,0.0,0.0,0.0,0.0
1134,0.0,0.0,0.0,0.0,0.0302895032498714
1135,0.1529687348113827,0.1217304250445309,0.1026282273953601,0.0547119574061944,0.1547895220637057
1136,0.3440646197519786,0.2974542606017091,0.2708791590688811,0.2192941970284237,0.3415372617851081
1137,0.5136239280418833,0.4918613240803788,0.4469766538672919,0.398447270635667,0.503671139821494
1138,0.6226652265501187,0.6247860638367896,0.5660472981231622,0.5472293839189155,0.6116253576998977
1139,0.6611181472604387,0.6893787166682364,0.6217329598593984,0.6408640436800878,0.659967091807212
1140,0.6397049258344434,0.6942814059246339,0.6177839943939324,0.6742398023509795,0.6418702354748427
1141,0.5603961280120557,0.6421521326355241,0.5565528414108323,0.6535059748836626,0.5719467887732961
1142,0.4239600258762673,0.5317693178035157,0.4387243580255398,0.5760995514116127,0.4553292944015172
1143,0.240269106027107,0.3633000986716879,0.2700716637631678,0.4430487320058819,0.2837207914614241
1144,0.0966447453345868,0.1664500930046506,0.1015450651734647,0.2598881987995499,0.1051300818615335
1145,0.0,0.0,0.0,0.1071413447531527,0.0
1146,0.0,0.0,0.0,0.0,0.0
1147,0.0,0.0,0.0,0.0,0.0
1148,0.0,0.0,0.0,0.0,0.0
1149,0.0,0.0,0.0,0.0,0.0
1150,0.0,0.0,0.0,0.0,0.0
1151,0.0,0.0,0.0,0.0,0.0
1152,0.0,0.0,0.0,0.0,0.0
1153,0.0,0.0,0.0,0.0,0.0
1154,0.0,0.0,0.0,0.0,0.0
1155,0.0,0.0,0.0,0.0,0.0
1156,0.0,0.0,0.0,0.0,0.0
1157,0.0,0.0,0.0,0.0,0.0
1158,0.0,0.0,0.0,0.0,0.0245933937366263
1159,0.1250096893869217,0.1116091996026868,0.1069561279261552,0.0488213093003383,0.128222014058624
1160,0.3029442633748099,0.2894799353020106,0.2817655563265855,0.1985199695314917,0.3057970723831624
1161,0.4701699683085157,0.482701926130495,0.4589496502427856,0.3723262152257102,0.4751613100891446
1162,0.6012851865037694,0.6161635036280969,0.5775944976243776,0.5207416100528006,0.5929490404941202
1163,0.6620210675756673,0.6810959664401958,0.6329556223297953,0.615007446445748,0.6461162884936807
1164,0.6428560943274418,0.6876032618394764,0.6283936922883467,0.6454432308649137,0.6389037620543604
1165,0.5625048798304543,0.6364616703692961,0.5663812149534163,0.6153744385319866,0.5735053867801045
1166,0.4286264062658767,0.526492004822981,0.4456955906803285,0.5311518803068265,0.451934541505396
1167,0.2433560076854328,0.3596350476834406,0.2730981503740112,0.3939352909278386,0.2803394712664002
1168,0.0918822879395634,0.1637373767439808,0.1008376942860724,0.2206941794055235,0.1032422843711979
1169,0.0,0.0,0.0,0.0843994119012657,0.0
1170,0.0,0.0,0.0,0.0,0.0
1171,0.0,0.0,0.0,0.0,0.0
1172,0.0,0.0,0.0,0.0,0.0
1173,0.0,0.0,0.0,0.0,0.0
1174,0.0,0.0,0.0,0.0,0.0
1175,0.0,0.0,0.0,0.0,0.0
1176,0.0,0.0,0.0,0.0,0.0
1177,0.0,0.0,0.0,0.0,0.0
1178,0.0,0.0,0.0,0.0,0.0
1179,0.0,0.0,0.0,0.0,0.0
1180,0.0,0.0,0.0,0.0,0.0
1181,0.0,0.0,0.0,0.0,0.0
1182,0.0,0.0,0.0,0.0,0.0260763359772469
1183,0.1578467684847101,0.0862380953965232,0.059766234673976,0.0477066630666959,0.1242539749255092
1184,0.3517641049944926,0.245835783068876,0.1838042339651634,0.1404289191044277,0.2932218786743378
1185,0.5099813880569324,0.4240779153359631,0.2929998697384481,0.2795515933146775,0.4490716140488414
1186,0.6105269168271846,0.5520208041062862,0.3687339907163215,0.4028959134602879,0.5531064420089479
1187,0.6502838745462944,0.6136360148376986,0.4039195836512148,0.484319256783934,0.6002200093993495
1188,0.6278853045020453,0.6241971529763999,0.3965485180213662,0.5262974151254415,0.5920049823577891
1189,0.5474886869567032,0.5974266061670959,0.3423862087969971,0.5101348712113757,0.5295324554453397
1190,0.4082118209219594,0.5069314156956942,0.2583702639793869,0.4326724952405127,0.4189358414427475
1191,0.2265687036439964,0.3414756616039525,0.1502214729704356,0.3149245667752567,0.2612715729266029
1192,0.0787837199880757,0.149492797440235,0.0380858194827267,0.1747769237657948,0.0946022312996548
1193,0.0,0.0,0.0,0.0702417476961815,0.0
1194,0.0,0.0,0.0,0.0,0.0
1195,0.0,0.0,0.0,0.0,0.0
1196,0.0,0.0,0.0,0.0,0.0
1197,0.0,0.0,0.0,0.0,0.0
1198,0.0,0.0,0.0,0.0,0.0
1199,0.0,0.0,0.0,0.0,0.0
1200,0.0,0.0,0.0,0.0,0.0
1201,0.0,0.0,0.0,0.0,0.0
1202,0.0,0.0,0.0,0.0,0.0
1203,0.0,0.0,0.0,0.0,0.0
1204,0.0,0.0,0.0,0.0,0.0
1205,0.0,0.0,0.0,0.0,0.0
1206,0.0,0.0,0.0,0.0,0.0205689495160072
1207,0.0624426774717352,0.0556425870210304,0.0300118912883985,0.0591315661904709,0.1209586725207428
1208,0.1907944023324355,0.2155963803468414,0.1460675105469023,0.2023414522823449,0.3029611984663677
1209,0.3274427088883809,0.4058918520630546,0.2776291089506413,0.3824237219318933,0.4706318415889333
1210,0.4356676555324377,0.5597696724175287,0.3797122842771531,0.5339002859241976,0.5794801651769655
1211,0.471275580848041,0.6486461193671266,0.3971026716250678,0.6357745619342462,0.6210974861152734
1212,0.4036623660849489,0.6685578221649925,0.3411329324999725,0.6718019903271291,0.5983015557496916
1213,0.302467539985373,0.6188158895232106,0.2824151502036446,0.6420188499039634,0.521822566926411
1214,0.2078144760721988,0.504194134709846,0.2155077657682182,0.5619583099674659,0.405111627891262
1215,0.1042845464986859,0.3316165670142887,0.1110416196452469,0.4331259932117172,0.2500668746641765
1216,0.0227160318849648,0.1374279814567775,0.013641871145625,0.2578169104323897,0.0862115985983539
1217,0.0,0.0,0.0,0.1118241805688978,0.0
1218,0.0,0.0,0.0,0.0,0.0
1219,0.0,0.0,0.0,0.0,0.0
1220,0.0,0.0,0.0,0.0,0.0
1221,0.0,0.0,0.0,0.0,0.0
1222,0.0,0.0,0.0,0.0,0.0
1223,0.0,0.0,0.0,0.0,0.0
1224,0.0,0.0,0.0,0.0,0.0
1225,0.0,0.0,0.0,0.0,0.0
1226,0.0,0.0,0.0,0.0,0.0
1227,0.0,0.0,0.0,0.0,0.0
1228,0.0,0.0,0.0,0.0,0.0
1229,0.0,0.0,0.0,0.0,0.0
1230,0.0,0.0,0.0,0.0,0.0126271361877195
1231,0.0441510915985755,0.1026496280709703,0.0272024199143643,0.0830236651967113,0.1146741656945158
1232,0.143712643227866,0.2822440169430045,0.1354316706130557,0.2277272259479601,0.2872310559493309
1233,0.250145965972708,0.4645577455797847,0.2511728421187271,0.4126857769039952,0.4517097906258474
1234,0.3661074714975479,0.5927385647019197,0.3502640719427433,0.5538267207475991,0.5576544407745099
1235,0.4507328588389989,0.6620324562422905,0.4137970160852243,0.6489108731294413,0.6014519269879717
1236,0.4547456454331978,0.6721949779173867,0.4195287393178977,0.6906510999607083,0.5866466680590459
1237,0.3699314041916074,0.6236505094720688,0.3502261456858427,0.6707048631708651,0.5220658441387984
1238,0.2268448450631402,0.5178376887787077,0.2201760120556302,0.5928222910888541,0.4108026799884097
1239,0.0965163209850168,0.3567904367764973,0.1050617777651857,0.4582345817062552,0.2588982503995219
1240,0.022951628623355,0.1639584140410876,0.0281396972263594,0.274910858152793,0.0995551831277303
1241,0.0,0.0,0.0,0.119993635547814,0.0
1242,0.0,0.0,0.0,0.0,0.0
1243,0.0,0.0,0.0,0.0,0.0
1244,0.0,0.0,0.0,0.0,0.0
1245,0.0,0.0,0.0,0.0,0.0
1246,0.0,0.0,0.0,0.0,0.0
1247,0.0,0.0,0.0,0.0,0.0
1248,0.0,0.0,0.0,0.0,0.0
1249,0.0,0.0,0.0,0.0,0.0
1250,0.0,0.0,0.0,0.0,0.0
1251,0.0,0.0,0.0,0.0,0.0
1252,0.0,0.0,0.0,0.0,0.0
1253,0.0,0.0,0.0,0.0,0.0
1254,0.0,0.0,0.0,0.0,0.0116469355403727
1255,0.0035327074411153,0.0295224923449922,0.0,0.0917803119944619,0.1072684638777989
1256,0.0430797934311353,0.0939187841615221,0.0041258195747345,0.2467697557400179,0.2665618987237478
1257,0.1003468380497305,0.213401131861037,0.0376752989861378,0.434990663644808,0.4196819640151968
1258,0.1767455337816453,0.3224549458195948,0.1093240855664566,0.5748098906499794,0.5111417494911235
1259,0.2249167245843949,0.3970751238372947,0.1462323236637048,0.6630298047359741,0.5449747633160765
1260,0.2492324868889794,0.4256947996473574,0.1357450738870388,0.6966166865923122,0.5354439271660538
1261,0.2601160736428921,0.3712619151707417,0.1155849493869919,0.673032177119937,0.467352339605758
1262,0.2233130567528012,0.2906611346283601,0.0894034759087812,0.5935386104463951,0.3495898761735686
1263,0.1367544075311643,0.1938597139273553,0.0490307646509774,0.4579605018955296,0.2061120371153535
1264,0.0368090349670794,0.0783768209402809,0.0042231549739081,0.2752933858525345,0.0676924641082925
1265,0.0,0.0013637681960705,0.0,0.1177652609265303,0.0
1266,0.0,0.0,0.0,0.0,0.0
1267,0.0,0.0,0.0,0.0,0.0
1268,0.0,0.0,0.0,0.0,0.0
1269,0.0,0.0,0.0,0.0,0.0
1270,0.0,0.0,0.0,0.0,0.0
1271,0.0,0.0,0.0,0.0,0.0
1272,0.0,0.0,0.0,0.0,0.0
1273,0.0,0.0,0.0,0.0,0.0
1274,0.0,0.0,0.0,0.0,0.0
1275,0.0,0.0,0.0,0.0,0.0
1276,0.0,0.0,0.0,0.0,0.0
1277,0.0,0.0,0.0,0.0,0.0
1278,0.0441942175939569,0.0,0.0,0.0,0.027678783204774
1279,0.1804068117829037,0.0505958423235755,0.0961901394792188,0.0995780178579997,0.1533802648029106
1280,0.3841558646587688,0.1956490468311116,0.280467762432087,0.2543823200794258,0.3152248864828265
1281,0.5492708707613551,0.3878764076309614,0.4623615963125719,0.4491372202854126,0.4454093187147765
1282,0.6513884585809245,0.5684855554702751,0.5917594461283795,0.5930391723993782,0.5188815049333874
1283,0.6892258484877005,0.6660149414486081,0.6550980058072637,0.6770411586528906,0.5320510012419564
1284,0.6659047690177115,0.6846499766099576,0.6503049716112296,0.7050528376763412,0.5049916688331963
1285,0.5835443302843565,0.639956748119644,0.5841955100162401,0.6788232345291078,0.4389428220453444
1286,0.4381976116722596,0.5269094897881793,0.4609605303521195,0.5970017171924792,0.3379191381158616
1287,0.2522489963008282,0.3562501071990784,0.2832361583113869,0.4606204611000207,0.2089211476536045
1288,0.0867280013584724,0.155117107630395,0.0958759171382552,0.2770624507020399,0.078027666281308
1289,0.0,0.0069355821253549,0.0,0.1161480726881977,0.0055012887593198
1290,0.0,0.0,0.0,0.0,0.0
1291,0.0,0.0,0.0,0.0,0.0
1292,0.0,0.0,0.0,0.0,0.0
1293,0.0,0.0,0.0,0.0,0.0
1294,0.0,0.0,0.0,0.0,0.0
1295,0.0,0.0,0.0,0.0,0.0
1296,0.0,0.0,0.0,0.0,0.0
1297,0.0,0.0,0.0,0.0,0.0
1298,0.0,0.0,0.0,0.0,0.0
1299,0.0,0.0,0.0,0.0,0.0
1300,0.0,0.0,0.0,0.0,0.0
1301,0.0,0.0,0.0,0.0,0.0
1302,0.0070059746906445,0.0,0.0,0.0,0.0230563056406234
1303,0.1022440983833085,0.1091981990212063,0.1089903627104631,0.0765211982095703,0.1403790219888034
1304,0.2493635086752139,0.3098298374712377,0.2928130924285239,0.2093744731240815,0.2974981967696113
1305,0.3818421904419279,0.5028691463110722,0.4619605994380756,0.3834342441257939,0.4280540375346843
1306,0.4595651592043736,0.6332965210570525,0.5784219496591808,0.5245957308356792,0.5169242414356054
1307,0.4348086203565467,0.7007181300933247,0.6376566121222175,0.6131422423894062,0.5539118627752223
1308,0.3510399434346664,0.7077404113072243,0.632588447675562,0.655485465028043,0.5440319031585513
1309,0.3022514092186362,0.6566899563818541,0.5694868979563394,0.6525633906625613,0.4892014015746271
1310,0.2433732097632059,0.5476087438872907,0.4544984718923253,0.5864466103423743,0.393240486062513
1311,0.1289851105142958,0.381107679062705,0.28782045226491,0.457762749115414,0.2515489822080022
1312,0.0275013329552291,0.1792753503559946,0.1077249976276337,0.2787638644879592,0.0919297664072766
1313,0.0,0.0207201251240288,0.0,0.1159107950714417,0.0085213346840405
1314,0.0,0.0,0.0,0.0,0.0
1315,0.0,0.0,0.0,0.0,0.0
1316,0.0,0.0,0.0,0.0,0.0
1317,0.0,0.0,0.0,0.0,0.0
1318,0.0,0.0,0.0,0.0,0.0
1319,0.0,0.0,0.0,0.0,0.0
1320,0.0,0.0,0.0,0.0,0.0
1321,0.0,0.0,0.0,0.0,0.0
1322,0.0,0.0,0.0,0.0,0.0
1323,0.0,0.0,0.0,0.0,0.0
1324,0.0,0.0,0.0,0.0,0.0
1325,0.0,0.0,0.0,0.0,0.0
1326,0.0316177759703965,0.0,0.0,0.0,0.0389936742009656
1327,0.124494106744805,0.0999035938710854,0.1039945645351396,0.1067181944877962,0.1787334278867046
1328,0.2757650562698397,0.2961624053554135,0.2896601373687607,0.2574897900562997,0.3568482595236713
1329,0.4000836725075957,0.4910351916460723,0.460774108937442,0.4505290345554706,0.4846629434756307
1330,0.4874127991291691,0.6248135666505495,0.5711147731201466,0.5933024829349859,0.5426587076062928
1331,0.5297996410255261,0.692672332242823,0.6242507321434652,0.6780112445077656,0.524451375716323
1332,0.5206278317939043,0.7006214762982078,0.6214237847417488,0.7053788184194533,0.4834910423043175
1333,0.4712844872000416,0.6513225369299137,0.5618925375587723,0.6782852752161128,0.4456417377107015
1334,0.3741077398360102,0.5438629219916966,0.4471273985557291,0.5984737560062432,0.3651688351775575
1335,0.2171439203416745,0.3804367975855522,0.2813232145253901,0.4644657231411861,0.2321355972657708
1336,0.0595957063991092,0.1805562714121812,0.1030229430328118,0.2820398460663162,0.082025285412498
1337,0.0,0.0332999909043155,0.0,0.1144475724863691,0.0089340480339345
1338,0.0,0.0,0.0,0.0,0.0
1339,0.0,0.0,0.0,0.0,0.0
1340,0.0,0.0,0.0,0.0,0.0
1341,0.0,0.0,0.0,0.0,0.0
1342,0.0,0.0,0.0,0.0,0.0
1343,0.0,0.0,0.0,0.0,0.0
1344,0.0,0.0,0.0,0.0,0.0
1345,0.0,0.0,0.0,0.0,0.0
1346,0.0,0.0,0.0,0.0,0.0
1347,0.0,0.0,0.0,0.0,0.0
1348,0.0,0.0,0.0,0.0,0.0
1349,0.0,0.0,0.0,0.0,0.0
1350,0.0240685535017856,0.0,0.0,0.0,0.0432723547275857
1351,0.1318349956847022,0.0869139915689503,0.0979076470845321,0.1108089564524818,0.1968291958891441
1352,0.3095867673852613,0.2667086265549105,0.2779812688494298,0.2668869636116787,0.397210652089679
1353,0.4607525886823402,0.4687774364174838,0.4492617447764406,0.460715852222089,0.5526526173482887
1354,0.5503010652667356,0.6151155200410037,0.5635053554736558,0.6013488520394528,0.6457135848175154
1355,0.5906119889803673,0.686756634703267,0.6180199777030791,0.6824909640766276,0.6716459799014317
1356,0.5758902439059115,0.6987007416831307,0.6200948079708465,0.7071212057501433,0.6303507430832164
1357,0.5087750779958276,0.6482376219440684,0.5629809729874131,0.6788995235978774,0.5392789894792643
1358,0.3942641145091006,0.5388041197084819,0.4488092813239623,0.5986868693067895,0.4056802496205596
1359,0.2318137857113541,0.3764848066690634,0.2856640374410856,0.46547841216198,0.2429531467678762
1360,0.072908101884713,0.1818339669950782,0.107596519762907,0.2848169071371557,0.0857527683045664
1361,0.0,0.0438351878627723,0.0,0.1152422739065932,0.0094571262476391
1362,0.0,0.0,0.0,0.0,0.0
1363,0.0,0.0,0.0,0.0,0.0
1364,0.0,0.0,0.0,0.0,0.0
1365,0.0,0.0,0.0,0.0,0.0
1366,0.0,0.0,0.0,0.0,0.0
1367,0.0,0.0,0.0,0.0,0.0
1368,0.0,0.0,0.0,0.0,0.0
1369,0.0,0.0,0.0,0.0,0.0
1370,0.0,0.0,0.0,0.0,0.0
1371,0.0,0.0,0.0,0.0,0.0
1372,0.0,0.0,0.0,0.0,0.0
1373,0.0,0.0,0.0,0.0,0.0
1374,0.0464654345050676,0.0,0.0,0.0,0.0435431118168866
1375,0.1842340227180847,0.1108674434439574,0.1145031183772315,0.1128597678669893,0.1881044324824886
1376,0.3785785537684876,0.3042483962614852,0.3036473014550206,0.2762247777813657,0.3811317289778715
1377,0.532207720646897,0.4912045145980477,0.4718975335560414,0.4696612905369579,0.5353923358472424
1378,0.6266375420314535,0.6195523270374127,0.5819015501644735,0.6084666972166392,0.6335603145130424
1379,0.6623741992358704,0.6807248662610901,0.6334948709117382,0.6881686117400377,0.669965604655021
1380,0.6428062158818363,0.6863889722031509,0.6297164181704098,0.7123338904985644,0.6534476791373305
1381,0.5681512389186048,0.6363606124281774,0.5713398758387114,0.684307692607369,0.5912718942298517
1382,0.4376918428431792,0.5313714647384341,0.4586923809333626,0.6037230057374604,0.4699012669174188
1383,0.2598355171983771,0.3727937392660004,0.2961760618385249,0.4708547115261317,0.2971043969393886
1384,0.0854364124172259,0.1786648990516194,0.1147133183309395,0.2899801660318481,0.1130107129791907
1385,0.0,0.0442121260610465,0.0016332834567975,0.1171429969838161,0.0108292432171606
1386,0.0,0.0,0.0,0.0,0.0
1387,0.0,0.0,0.0,0.0,0.0
1388,0.0,0.0,0.0,0.0,0.0
1389,0.0,0.0,0.0,0.0,0.0
1390,0.0,0.0,0.0,0.0,0.0
1391,0.0,0.0,0.0,0.0,0.0
1392,0.0,0.0,0.0,0.0,0.0
1393,0.0,0.0,0.0,0.0,0.0
1394,0.0,0.0,0.0,0.0,0.0
1395,0.0,0.0,0.0,0.0,0.0
1396,0.0,0.0,0.0,0.0,0.0
1397,0.0,0.0,0.0,0.0,0.0
1398,0.05095698516741,0.0,0.0,0.0,0.0477238459715454
1399,0.1912066663389295,0.1225587545482796,0.1192601241877509,0.0829746953269354,0.2032374828437055
1400,0.3853780933808218,0.3216317613476152,0.3070034439872912,0.2207739100474929,0.4006270887840419
1401,0.5350891936419013,0.4998503109358997,0.4693778574259264,0.3663720176519285,0.5554960443521186
1402,0.6248148967393522,0.6160562125338558,0.5697597704464742,0.4500354853896244,0.6497649629071933
1403,0.6579093063664327,0.672548068729385,0.6125648191502507,0.4912931032142682,0.6843605761053818
1404,0.6330370190267808,0.676097971317829,0.6029972338451804,0.5170653658352915,0.6682380547577293
1405,0.5557767428788334,0.6286468740724341,0.5317156756526692,0.4974926399222159,0.6022315363470957
1406,0.428740116621375,0.5292541664361586,0.4039632304599281,0.4151901763151216,0.4790235201768176
1407,0.2545494338272653,0.373308418548943,0.2386243300655207,0.3026789555829499,0.306331131836001
1408,0.0818937528870147,0.1783460686477553,0.0741594752257011,0.1725259899611688,0.1171395687802661
1409,0.0,0.0476444709451709,0.0,0.0577485453898901,0.0084139531217388
1410,0.0,0.0,0.0,0.0,0.0
1411,0.0,0.0,0.0,0.0,0.0
1412,0.0,0.0,0.0,0.0,0.0
1413,0.0,0.0,0.0,0.0,0.0
1414,0.0,0.0,0.0,0.0,0.0
1415,0.0,0.0,0.0,0.0,0.0
1416,0.0,0.0,0.0,0.0,0.0
1417,0.0,0.0,0.0,0.0,0.0
1418,0.0,0.0,0.0,0.0,0.0
1419,0.0,0.0,0.0,0.0,0.0
1420,0.0,0.0,0.0,0.0,0.0
1421,0.0,0.0,0.0,0.0,0.0
1422,0.0150104954428808,0.0,0.0,0.0,0.0329527937414059
1423,0.1038415456469252,0.0078910255966366,0.0,0.0419921022875336,0.1599692568971311
1424,0.2322559317281431,0.0442046528324246,0.0193870144181258,0.1423198143884703,0.3261374456393933
1425,0.2862866452564783,0.0535464719503041,0.0525615635718357,0.2696996874430965,0.4656389745592786
1426,0.2711826867289724,0.0548706187355936,0.0993632760414411,0.3257575403402601,0.5552568020297087
1427,0.2424234027937528,0.0700856994980895,0.1428610569275541,0.3228874659731053,0.5981920793221257
1428,0.2190952747138416,0.0679420095333822,0.1621700477900342,0.3230106536597068,0.5784739061202224
1429,0.1932969669177979,0.0603887018152477,0.1488149739058807,0.3246577156383194,0.4965451421034771
1430,0.1529108480381107,0.035916884264278,0.1222155526951137,0.2989857975521581,0.3715911070955099
1431,0.0912760642069139,0.0178758517645461,0.0826454804838117,0.2262619280489195,0.2245082553594336
1432,0.0198627513100355,0.0050144517560001,0.0196879289881209,0.1291997722264403,0.080339549997188
1433,0.0,0.0,0.0,0.0417757851372814,0.0093543095271967
1434,0.0,0.0,0.0,0.0,0.0
1435,0.0,0.0,0.0,0.0,0.0
1436,0.0,0.0,0.0,0.0,0.0
1437,0.0,0.0,0.0,0.0,0.0
1438,0.0,0.0,0.0,0.0,0.0
1439,0.0,0.0,0.0,0.0,0.0
1440,0.0,0.0,0.0,0.0,0.0
1441,0.0,0.0,0.0,0.0,0.0
1442,0.0,0.0,0.0,0.0,0.0
1443,0.0,0.0,0.0,0.0,0.0
1444,0.0,0.0,0.0,0.0,0.0
1445,0.0,0.0,0.0,0.0,0.0
1446,0.0,0.0,0.0,0.0,0.0151192786922247
1447,0.0127502783131103,0.0366741173548029,0.0,0.0238569926479112,0.1160651497071657
1448,0.0526379193965378,0.1234538952964357,0.035917450561208,0.1000827361149712,0.2695436122032025
1449,0.1312191784874839,0.2276605998232856,0.1070963135679178,0.2181041040608084,0.4176448989979028
1450,0.2001126085309343,0.2986658498490216,0.1555439693302522,0.3216276286608062,0.5219448958100218
1451,0.2421741042305756,0.3149444954460343,0.1842363690799013,0.3938445446572147,0.5691092618141221
1452,0.2539707957650992,0.2756320224731054,0.2016713727609777,0.4311768420530426,0.5784228663862422
1453,0.2443611349140769,0.2040826480183417,0.1692012366866236,0.4134296801138942,0.5258114131384598
1454,0.2069419928059404,0.1497700051023121,0.1128325602094159,0.3648954845926112,0.4143899493737053
1455,0.1185761205903136,0.0883096162358687,0.0679049844293877,0.3010946433994741,0.2665541280295188
1456,0.0301082065291779,0.0236624953555757,0.0169419121876562,0.1952085351868227,0.0979939687409625
1457,0.0,0.0,0.0,0.0744211317162737,0.0075416242925379
1458,0.0,0.0,0.0,0.0,0.0
1459,0.0,0.0,0.0,0.0,0.0
1460,0.0,0.0,0.0,0.0,0.0
1461,0.0,0.0,0.0,0.0,0.0
1462,0.0,0.0,0.0,0.0,0.0
1463,0.0,0.0,0.0,0.0,0.0
1464,0.0,0.0,0.0,0.0,0.0
1465,0.0,0.0,0.0,0.0,0.0
1466,0.0,0.0,0.0,0.0,0.0
1467,0.0,0.0,0.0,0.0,0.0
1468,0.0,0.0,0.0,0.0,0.0
1469,0.0,0.0,0.0,0.0,0.0
1470,0.0037192281658551,0.0,0.0,0.0,0.0381996995826857
1471,0.0497875330622038,0.0781406795521055,0.0386148003732504,0.0591524016944678,0.1916254612073694
1472,0.2044707925009249,0.2563079799202611,0.1258112854771509,0.1872524674014751,0.3753448188859075
1473,0.4056598214174008,0.4464449262545398,0.2062552607349276,0.3346418716558921,0.5251024433971597
1474,0.5490004386886043,0.5911686026256225,0.2465779876041615,0.464503403406224,0.6234928289103238
1475,0.5557092032926416,0.6372013287401688,0.2490062990458603,0.5660002845200123,0.658153433066158
1476,0.4987020851790025,0.5857279973277425,0.236985710890146,0.6179500069351676,0.6354109996303366
1477,0.426774332986681,0.5090877131997275,0.2016467164892065,0.6107618737637335,0.5665537100997815
1478,0.2993951135351598,0.4316217943285872,0.1494856325796804,0.5416726341713608,0.4516822514216945
1479,0.152676246829411,0.2802108377346138,0.0816534935848784,0.4209916067012322,0.2903975143914068
1480,0.032250577147229,0.09722696189736,0.015036375132177,0.26070290946719,0.1124884428212336
1481,0.0,0.0084108568250315,0.0,0.0985848566071188,0.0075602983291937
1482,0.0,0.0,0.0,0.0,0.0
1483,0.0,0.0,0.0,0.0,0.0
1484,0.0,0.0,0.0,0.0,0.0
1485,0.0,0.0,0.0,0.0,0.0
1486,0.0,0.0,0.0,0.0,0.0
1487,0.0,0.0,0.0,0.0,0.0
1488,0.0,0.0,0.0,0.0,0.0
1489,0.0,0.0,0.0,0.0,0.0
1490,0.0,0.0,0.0,0.0,0.0
1491,0.0,0.0,0.0,0.0,0.0
1492,0.0,0.0,0.0,0.0,0.0
1493,0.0,0.0,0.0,0.0,0.0
1494,0.0377409960975742,0.0,0.0066056779112077,0.0,0.035279036858442
1495,0.1820160190720099,0.0386971240729014,0.0542544583312662,0.0210457848039209,0.1825559843409527
1496,0.3620401800530314,0.0946237245933802,0.1794366898481449,0.0776492851576321,0.3668275034969547
1497,0.4759217615398209,0.1462028801183508,0.3060050826266882,0.1704616052709864,0.5182425132981139
1498,0.5213626303838055,0.1407940569984721,0.389969564975597,0.2756950735613807,0.6150421965224079
1499,0.5390003950974434,0.1065774835282027,0.3810707491956994,0.3718602440835366,0.6555235176465702
1500,0.5252513186792732,0.1147940386821121,0.3093906375225269,0.4275297781159227,0.6464986346589868
1501,0.4478884499636252,0.1792424578292184,0.2424065150272483,0.4295376864093719,0.5890630285833202
1502,0.3152965721516143,0.2501805319138775,0.1587041533258939,0.3875926206859174,0.4738303376127032
1503,0.1583831634711214,0.2166942151412035,0.0729530791180337,0.3042515502844199,0.3038820702257172
1504,0.0312280643051539,0.0895384464725176,0.0149556571400032,0.1867370824064848,0.1145936369754343
1505,0.0,0.0112837691014692,0.0,0.0657634333671366,0.0067909993957082
1506,0.0,0.0,0.0,0.0,0.0
1507,0.0,0.0,0.0,0.0,0.0
1508,0.0,0.0,0.0,0.0,0.0
1509,0.0,0.0,0.0,0.0,0.0
1510,0.0,0.0,0.0,0.0,0.0
1511,0.0,0.0,0.0,0.0,0.0
1512,0.0,0.0,0.0,0.0,0.0
1513,0.0,0.0,0.0,0.0,0.0
1514,0.0,0.0,0.0,0.0,0.0
1515,0.0,0.0,0.0,0.0,0.0
1516,0.0,0.0,0.0,0.0,0.0
1517,0.0,0.0,0.0,0.0,0.0
1518,0.0330038556466023,0.0,0.0,0.0,0.0210777359307391
1519,0.1580308540389667,0.0736174047060083,0.0428302208057411,0.0765726114644615,0.1243794694957898
1520,0.3312723490249404,0.2429416766046275,0.168705022588458,0.2395733561887561,0.2722170326605718
1521,0.4857946703721822,0.407957939788202,0.2716723464913979,0.4089463299740234,0.4093725848672755
1522,0.5758765530823101,0.5033564073982063,0.3103868946476229,0.5189177587715387,0.4931367088764879
1523,0.5962031012542186,0.5501511785656076,0.324562683708186,0.5820290190822258,0.5304358107151942
1524,0.5780093037626743,0.5403179284446629,0.2994193089953481,0.5898374194612698,0.5294932221754246
1525,0.5108710265189536,0.4799014380908454,0.2171273043176194,0.5402501497882025,0.4682353687767976
1526,0.3738551220346758,0.3828732404458886,0.1314327872935396,0.4494208352596855,0.3535607841516072
1527,0.1970199580814775,0.2524726793347299,0.0687353386133894,0.3470437683729904,0.2123254333469271
1528,0.0401477091592329,0.1177770274957337,0.0177729765056586,0.2325222356755843,0.0689187799320057
1529,0.0,0.0208796187191352,0.0016947158130839,0.0940212799872781,0.0011902879678908
1530,0.0,0.0,0.0,0.0,0.0
1531,0.0,0.0,0.0,0.0,0.0
1532,0.0,0.0,0.0,0.0,0.0
1533,0.0,0.0,0.0,0.0,0.0
1534,0.0,0.0,0.0,0.0,0.0
1535,0.0,0.0,0.0,0.0,0.0
1536,0.0,0.0,0.0,0.0,0.0
1537,0.0,0.0,0.0,0.0,0.0
1538,0.0,0.0,0.0,0.0,0.0
1539,0.0,0.0,0.0,0.0,0.0
1540,0.0,0.0,0.0,0.0,0.0
1541,0.0,0.0,0.0,0.0,0.0
1542,0.0227569952187616,0.0,0.0064754513475118,0.0,0.0365967081156463
1543,0.1751844360639637,0.1065831279937076,0.0790795462488028,0.0264599235019216,0.1908950329252961
1544,0.3778353115446177,0.2762533644932491,0.2263043606114404,0.106144119164102,0.3853114479347249
1545,0.5401504463348438,0.4028419117450227,0.3495319293225389,0.2119549768572916,0.5381033982675785
1546,0.6299423088602716,0.4718676548017684,0.4193053869887503,0.3073476268310771,0.6295415908597749
1547,0.6403596572222559,0.5212579960581035,0.4526137079077491,0.3699732832801262,0.6693136100764259
1548,0.5682779144935015,0.5547182348673053,0.4385230539937051,0.3736081788159692,0.6543886151349129
1549,0.4453721881846211,0.5358172767633163,0.3772140491077934,0.3279720597710766,0.5850976464250599
1550,0.3082282271860265,0.4488721611196484,0.2874592274167571,0.2562993674152287,0.4636948110206887
1551,0.1674025880408019,0.2880040161492829,0.1728585623349926,0.175657077365246,0.2975396810887541
1552,0.0413849428698057,0.103808756002385,0.0515380144954963,0.1021189362355439,0.1128028240850343
1553,0.0,0.0056357586103371,0.0020861457265653,0.0306449917536031,0.003465169740224
1554,0.0,0.0,0.0,0.0,0.0
1555,0.0,0.0,0.0,0.0,0.0
1556,0.0,0.0,0.0,0.0,0.0
1557,0.0,0.0,0.0,0.0,0.0
1558,0.0,0.0,0.0,0.0,0.0
1559,0.0,0.0,0.0,0.0,0.0
1560,0.0,0.0,0.0,0.0,0.0
1561,0.0,0.0,0.0,0.0,0.0
1562,0.0,0.0,0.0,0.0,0.0
1563,0.0,0.0,0.0,0.0,0.0
1564,0.0,0.0,0.0,0.0,0.0
1565,0.0,0.0,0.0,0.0,0.0
1566,0.0151325879354764,0.0,0.0011053189624678,0.0,0.0295357686660216
1567,0.1185519565911088,0.0,0.0276352167332077,0.0585756758620058,0.1782022215163443
1568,0.2355567496380186,0.0159604091832775,0.1050483018624863,0.195377468691029,0.3592334670968822
1569,0.3162970875463812,0.0823841763933887,0.1995983669132184,0.3591585773722003,0.509669377293455
1570,0.40984217622752,0.1893935432749443,0.2554706480505134,0.4934214542085522,0.6107502297832801
1571,0.4839006345279519,0.3046795506603746,0.2743976180130728,0.5607393976781665,0.6526923031356722
1572,0.4902671571435731,0.3930822048575006,0.2811058653119626,0.5572550181185092,0.6352074888672692
1573,0.4200078139934526,0.4443165481747345,0.2803343269823662,0.5265796101777247,0.55876816868399
1574,0.2885679322920124,0.4166018175022614,0.2624012439063544,0.4816917465131349,0.4281148478603787
1575,0.1453133142934921,0.3126052962215077,0.1879775494260618,0.3847386493550189,0.2597653597118604
1576,0.0282133345695143,0.1610799270808366,0.0738498104005385,0.2399073808423721,0.0897402256903092
1577,0.0,0.0306002907261284,0.0089875393467438,0.0896720499501074,0.0011419639255529
1578,0.0,0.0,0.0,0.0,0.0
1579,0.0,0.0,0.0,0.0,0.0
1580,0.0,0.0,0.0,0.0,0.0
1581,0.0,0.0,0.0,0.0,0.0
1582,0.0,0.0,0.0,0.0,0.0
1583,0.0,0.0,0.0,0.0,0.0
1584,0.0,0.0,0.0,0.0,0.0
1585,0.0,0.0,0.0,0.0,0.0
1586,0.0,0.0,0.0,0.0,0.0
1587,0.0,0.0,0.0,0.0,0.0
1588,0.0,0.0,0.0,0.0,0.0
1589,0.0,0.0,0.0,0.0,0.0
1590,0.0023976204059603,0.0,0.0047558091737823,0.0,0.0225073410785947
1591,0.0654893725763016,0.0449665533100517,0.0664735424029748,0.0408081594040391,0.1522431995010704
1592,0.165907793739207,0.131671422712944,0.1850279327170618,0.1377693189813345,0.3093181361565346
1593,0.2611431480369445,0.1634120451959995,0.2987478908338806,0.2349867184280374,0.4384400824501031
1594,0.3408612704900124,0.2221563499195241,0.360848790263266,0.3173510117527477,0.5193784798531119
1595,0.3866746362339153,0.2807139700701449,0.381990079035398,0.4020742301992219,0.5454817238061145
1596,0.4057995272677909,0.3027552720833662,0.3898739639864429,0.4571935424815921,0.5227455729745112
1597,0.4114918599239765,0.3382153683701196,0.3822285503098136,0.4595720793178804,0.4587434067069128
1598,0.3467358590937815,0.3475820771292265,0.3325001168785382,0.4141942217890641,0.3715277203582452
1599,0.2021841870761213,0.2535430644455261,0.2187648426870916,0.3158258416456904,0.248952495520732
1600,0.0543875377963447,0.106002418837918,0.0845714876085194,0.180901431101791,0.092277367516151
1601,0.0,0.0117579399003155,0.0056567280693361,0.0575735800506961,0.006822342791884
1602,0.0,0.0,0.0,0.0,0.0
1603,0.0,0.0,0.0,0.0,0.0
1604,0.0,0.0,0.0,0.0,0.0
1605,0.0,0.0,0.0,0.0,0.0
1606,0.0,0.0,0.0,0.0,0.0
1607,0.0,0.0,0.0,0.0,0.0
1608,0.0,0.0,0.0,0.0,0.0
1609,0.0,0.0,0.0,0.0,0.0
1610,0.0,0.0,0.0,0.0,0.0
1611,0.0,0.0,0.0,0.0,0.0
1612,0.0,0.0,0.0,0.0,0.0
1613,0.0,0.0,0.0,0.0,0.0
1614,0.0026101409804933,0.0,0.0,0.0,0.0340752108052884
1615,0.1065413520563085,0.00602305956899,0.0025642873560837,0.0111513065405678,0.176694872834828
1616,0.20614227818422,0.0355161703845532,0.0127373960255935,0.0308517987775776,0.3560609860452404
1617,0.2372503710312303,0.0752994910103452,0.0509723925880964,0.0646593560715737,0.5263594861514149
1618,0.2478295706526531,0.1292530454327091,0.1127702713569224,0.1123891385593276,0.6440230802022399
1619,0.2402698538018342,0.1425033647723871,0.1573408541758022,0.15055241950661,0.6852475684992583
1620,0.2631563563465767,0.1134877164666681,0.1662429558069042,0.1655879549339305,0.6669288179674987
1621,0.2819575304730212,0.1030447199268652,0.130257293626906,0.1575672692685912,0.5986986138870166
1622,0.2318761323696003,0.0931971534285851,0.0735936334426008,0.1257263909973774,0.48135033702047
1623,0.1401780888407895,0.0428217321860618,0.0331056588245154,0.0768353926622417,0.3153168806610782
1624,0.0299580693163577,0.0079776875306389,0.0045581878226083,0.0339181455416927,0.1255553563874636
1625,0.0,0.0,0.0,0.0084126137532823,0.0094649970071231
1626,0.0,0.0,0.0,0.0,0.0
1627,0.0,0.0,0.0,0.0,0.0
1628,0.0,0.0,0.0,0.0,0.0
1629,0.0,0.0,0.0,0.0,0.0
1630,0.0,0.0,0.0,0.0,0.0
1631,0.0,0.0,0.0,0.0,0.0
1632,0.0,0.0,0.0,0.0,0.0
1633,0.0,0.0,0.0,0.0,0.0
1634,0.0,0.0,0.0,0.0,0.0
1635,0.0,0.0,0.0,0.0,0.0
1636,0.0,0.0,0.0,0.0,0.0
1637,0.0,0.0,0.0,0.0,0.0
1638,0.0168538031170759,0.0,0.0,0.0,0.0331587493683217
1639,0.0727654659522508,0.0071903403323584,0.0023543013600681,0.0149528742709907,0.1672639240234305
1640,0.0946677469932026,0.0258138887458537,0.0070338249583708,0.0616495847008966,0.3287745928105452
1641,0.0822568804270468,0.0612912825302859,0.0107097106248355,0.1267768525757003,0.462986946755306
1642,0.0987754528018566,0.1164224332482688,0.0220409670437401,0.1871114661845935,0.5422679644578454
1643,0.1238333017536422,0.1751811553385212,0.0693319396935384,0.2413494310802142,0.572604644217093
1644,0.1352755087285377,0.2362233537804768,0.146509240609994,0.2908978391245355,0.557163024246002
1645,0.1244387899697321,0.3114537933366605,0.2070522719453185,0.3085296224439126,0.4928987138951085
1646,0.0998852175392828,0.3357393828289022,0.230626939838593,0.2888729811965324,0.3907867656336368
1647,0.0911761415595365,0.2594725299609908,0.1859151577165731,0.2368204811974525,0.2500428129374242
1648,0.0373324077248499,0.1223268052899698,0.0744665733915943,0.1451208671461696,0.0938764320711577
1649,0.0,0.0062706806028611,0.0010922128576347,0.045879564385903,0.0061380779061345
1650,0.0,0.0,0.0,0.0,0.0
1651,0.0,0.0,0.0,0.0,0.0
1652,0.0,0.0,0.0,0.0,0.0
1653,0.0,0.0,0.0,0.0,0.0
1654,0.0,0.0,0.0,0.0,0.0
1655,0.0,0.0,0.0,0.0,0.0
1656,0.0,0.0,0.0,0.0,0.0
1657,0.0,0.0,0.0,0.0,0.0
1658,0.0,0.0,0.0,0.0,0.0
1659,0.0,0.0,0.0,0.0,0.0
1660,0.0,0.0,0.0,0.0,0.0
1661,0.0,0.0,0.0,0.0,0.0
1662,0.0509472689905232,0.0030149088783776,0.0,0.0,0.0273293602016459
1663,0.2180187288322301,0.0445076781482957,0.0313970482751475,0.0802296531170502,0.1390063765048271
1664,0.3702883659732749,0.1027888276208473,0.1199342236592742,0.2334229761263926,0.294097932753452
1665,0.4486465678330991,0.1661174574296397,0.2319462672103724,0.3866071169211894,0.4248718526563054
1666,0.4771521143076249,0.2612000634052899,0.3378957944683519,0.4998858965983112,0.4883821830877218
1667,0.4669609261492741,0.3280034711469186,0.4020956164889569,0.5453645506426483,0.5040291256324235
1668,0.4000103313267011,0.3299050487245561,0.3994934600652362,0.5412728816137402,0.4818893702608189
1669,0.2941174848817722,0.3278352603140023,0.3472806084873264,0.5165919489198739,0.4288343717765425
1670,0.204362948300297,0.3312841004459744,0.2679014984889922,0.4596544962910939,0.3499814699079131
1671,0.1136730285024305,0.2414844544772769,0.1634557169356791,0.3711797980316822,0.2333809663745167
1672,0.0216334313697532,0.1012909334129099,0.05587228240457,0.2463421173350893,0.0909576298606217
1673,0.0,0.0075584405726196,0.0,0.0999646706850811,0.0069577866428927
1674,0.0,0.0,0.0,0.0,0.0
1675,0.0,0.0,0.0,0.0,0.0
1676,0.0,0.0,0.0,0.0,0.0
1677,0.0,0.0,0.0,0.0,0.0
1678,0.0,0.0,0.0,0.0,0.0
1679,0.0,0.0,0.0,0.0,0.0
1680,0.0,0.0,0.0,0.0,0.0
1681,0.0,0.0,0.0,0.0,0.0
1682,0.0,0.0,0.0,0.0,0.0
1683,0.0,0.0,0.0,0.0,0.0
1684,0.0,0.0,0.0,0.0,0.0
1685,0.0,0.0,0.0,0.0,0.0
1686,0.0244741749185853,0.0146116315613275,0.0036248876440919,0.0,0.0333223661220446
1687,0.1538968752025456,0.1517606945219854,0.096456777330835,0.0979943288589956,0.1757801920541762
1688,0.3178347369259116,0.371386145416582,0.27272936888368,0.2787512339716248,0.3460057535190485
1689,0.4450093353059002,0.5340034579667933,0.4204161826609529,0.4552867515660711,0.4820110201312763
1690,0.5229441337649938,0.584927665105837,0.4909977674580369,0.5821296726663734,0.5796977857622883
1691,0.5772147541210393,0.6088308252455984,0.5129986041701294,0.6551625203166789,0.6406430486271362
1692,0.5977653507202924,0.6111156060312437,0.5149546615750086,0.6767029728039551,0.6420197892599397
1693,0.5497135632975823,0.5144670283830602,0.4851465850169845,0.6395247199681694,0.5858298052129842
1694,0.4291326570094119,0.3769663121970044,0.3961254505099101,0.5414018934568149,0.4773461106452245
1695,0.264276207328002,0.252012536462617,0.2420154879825374,0.3966534583461323,0.3179008386157324
1696,0.0946006656236722,0.1177515755379137,0.0783169448787483,0.2226362814401901,0.1331273384784134
1697,0.0,0.0081730381253111,0.0013020546369062,0.0705897907227471,0.0126452855738446
1698,0.0,0.0,0.0,0.0,0.0
1699,0.0,0.0,0.0,0.0,0.0
1700,0.0,0.0,0.0,0.0,0.0
1701,0.0,0.0,0.0,0.0,0.0
1702,0.0,0.0,0.0,0.0,0.0
1703,0.0,0.0,0.0,0.0,0.0
1704,0.0,0.0,0.0,0.0,0.0
1705,0.0,0.0,0.0,0.0,0.0
1706,0.0,0.0,0.0,0.0,0.0
1707,0.0,0.0,0.0,0.0,0.0
1708,0.0,0.0,0.0,0.0,0.0
1709,0.0,0.0,0.0,0.0,0.0
1710,0.0,0.0,0.0,0.0,0.059433394328624
1711,0.0416396983230351,0.0923845702651157,0.0698362921890116,0.0756885549170739,0.238407990847069
1712,0.1339951920618779,0.281090734961622,0.2241286839362792,0.2165088593888096,0.4215363634836838
1713,0.2150770394395525,0.440482277594435,0.3474031841263895,0.335578016414602,0.5550769396468764
1714,0.2849551850127433,0.5421735520409636,0.4593487644254368,0.4379234042061315,0.6264197990912301
1715,0.3224915338088226,0.5700958205957001,0.546067075011174,0.4945057349694219,0.6477854141501255
1716,0.3061001319267576,0.5403330752427732,0.552195878252304,0.4919573833856779,0.6143128936736432
1717,0.2622586198185991,0.4697646611827617,0.4822811352482783,0.493448325928257,0.5237139291222378
1718,0.1984076520975701,0.3794740309894976,0.3691641192588707,0.4602435605087285,0.3946213843922224
1719,0.1159884845793122,0.283819170196144,0.2315797624878867,0.3639726784199114,0.2391505581855249
1720,0.0301221459521502,0.1442214486781533,0.0774921276211106,0.2305451620051353,0.0816978123840963
1721,0.0,0.0167092160026656,0.0,0.0853961098768971,0.0015586150026443
1722,0.0,0.0,0.0,0.0,0.0
1723,0.0,0.0,0.0,0.0,0.0
1724,0.0,0.0,0.0,0.0,0.0
1725,0.0,0.0,0.0,0.0,0.0
1726,0.0,0.0,0.0,0.0,0.0
1727,0.0,0.0,0.0,0.0,0.0
1728,0.0,0.0,0.0,0.0,0.0
1729,0.0,0.0,0.0,0.0,0.0
1730,0.0,0.0,0.0,0.0,0.0
1731,0.0,0.0,0.0,0.0,0.0
1732,0.0,0.0,0.0,0.0,0.0
1733,0.0,0.0,0.0,0.0,0.0
1734,0.0231341728498054,0.0,0.0,0.0010061678472327,0.0214954788691494
1735,0.1473867131868507,0.0208848823095042,0.0263175051907596,0.0418205313572072,0.143858017513787
1736,0.273273412890225,0.0998002568339181,0.1060396709298234,0.1377500753628922,0.293820331745435
1737,0.3600560432135814,0.1510489319859269,0.1607892919782268,0.2301221787872375,0.4281951597055445
1738,0.4366070482125863,0.149795290317453,0.1643598973299329,0.2805729136891696,0.5058276760389726
1739,0.5176869533126048,0.1286149428132963,0.1404209676478673,0.2779418738920708,0.5397822022770963
1740,0.5246506436090057,0.1269448367731087,0.0991838543008799,0.2714314973554676,0.5381807243996602
1741,0.4020375605588732,0.0989865973069854,0.050183940725043,0.2556595197466876,0.4820485079085814
1742,0.2134059070477312,0.0320353662579499,0.017404144291373,0.19648570265588,0.3875751319090102
1743,0.0639006153254966,0.0053783609639228,0.0013604082288941,0.1311010777233835,0.2514406686699701
1744,0.0,0.0,0.0,0.0672605663220459,0.0970399081412272
1745,0.0,0.0,0.0,0.0163576868916221,0.0035085098287923
1746,0.0,0.0,0.0,0.0,0.0
1747,0.0,0.0,0.0,0.0,0.0
1748,0.0,0.0,0.0,0.0,0.0
1749,0.0,0.0,0.0,0.0,0.0
1750,0.0,0.0,0.0,0.0,0.0
1751,0.0,0.0,0.0,0.0,0.0
1752,0.0,0.0,0.0,0.0,0.0
1753,0.0,0.0,0.0,0.0,0.0
1754,0.0,0.0,0.0,0.0,0.0
1755,0.0,0.0,0.0,0.0,0.0
1756,0.0,0.0,0.0,0.0,0.0
1757,0.0,0.0,0.0,0.0,0.0
1758,0.0410348788075432,0.0,0.0,0.0010172529703053,0.0463079145751285
1759,0.1700518392501684,0.0046257978499128,0.0104651125774858,0.0173757866640384,0.2016511175244927
1760,0.2959043792396707,0.012113975549048,0.0351186051898491,0.0690545632936702,0.3754131456469442
1761,0.3825676621712242,0.0187063223494186,0.0412285381900113,0.1483204105300034,0.5132399550103507
1762,0.4186327463621442,0.0239858543901361,0.0316393868518927,0.234153610484042,0.5959493523797004
1763,0.3596634488382489,0.035462221012471,0.0240614614196877,0.279858408542316,0.6301429649733925
1764,0.2288714498199317,0.0436128755913334,0.0162571798354659,0.281545480349237,0.6198119707180157
1765,0.1176336580481736,0.0510625616547149,0.0080031191570763,0.2769578818543906,0.561377900345471
1766,0.0573712592883605,0.0506250294481353,0.0044631975881762,0.2488771958016344,0.4574172562486694
1767,0.016916130918644,0.0311912663683147,0.003040360675132,0.1847913565205644,0.3098506969977292
1768,0.0012585514342152,0.0128545373501352,0.0014846013412964,0.1082201127238555,0.1288780999394099
1769,0.0,0.0,0.0,0.0363274422961314,0.0058883628002201
1770,0.0,0.0,0.0,0.0,0.0
1771,0.0,0.0,0.0,0.0,0.0
1772,0.0,0.0,0.0,0.0,0.0
1773,0.0,0.0,0.0,0.0,0.0
1774,0.0,0.0,0.0,0.0,0.0
1775,0.0,0.0,0.0,0.0,0.0
1776,0.0,0.0,0.0,0.0,0.0
1777,0.0,0.0,0.0,0.0,0.0
1778,0.0,0.0,0.0,0.0,0.0
1779,0.0,0.0,0.0,0.0,0.0
1780,0.0,0.0,0.0,0.0,0.0
1781,0.0,0.0,0.0,0.0,0.0
1782,0.0072947395732626,0.0,0.0,0.0016492442374027,0.044514462162385
1783,0.0452111143084659,0.0449441932796366,0.0018216386934967,0.090443434690695,0.197159546754872
1784,0.0978459229538088,0.1931480984484825,0.016116370039847,0.253103781675667,0.3547484645750989
1785,0.1548692839684569,0.3302064577755221,0.0519775398881011,0.4068066966160132,0.4724287727395705
1786,0.1840981696589693,0.4524195361605844,0.1030632778821802,0.5413709173232077,0.5686903976976939
1787,0.2195151236741772,0.595950198898004,0.1526630459736848,0.6473105281448737,0.6229764745395288
1788,0.2419633005494854,0.6880646490131462,0.1855844431104004,0.7035035274623218,0.6049565342444165
1789,0.2174026746560728,0.6712527093758719,0.2023010830343111,0.7055493857531627,0.5416322150262255
1790,0.1983529163924241,0.5729613977598923,0.1945603022358854,0.6388437745817405,0.4400374470237586
1791,0.1548449234801859,0.4222563665910295,0.148786928303815,0.5100712551193124,0.2902650748861473
1792,0.0622525570691928,0.2259172733778084,0.0665681623196634,0.3319059293131425,0.1166984225507306
1793,0.0014987948264478,0.0441682985815883,0.0022468447800391,0.1339313874019477,0.0060001165797793
1794,0.0,0.0,0.0,0.0030567231447803,0.0
1795,0.0,0.0,0.0,0.0,0.0
1796,0.0,0.0,0.0,0.0,0.0
1797,0.0,0.0,0.0,0.0,0.0
1798,0.0,0.0,0.0,0.0,0.0
1799,0.0,0.0,0.0,0.0,0.0
1800,0.0,0.0,0.0,0.0,0.0
1801,0.0,0.0,0.0,0.0,0.0
1802,0.0,0.0,0.0,0.0,0.0
1803,0.0,0.0,0.0,0.0,0.0
1804,0.0,0.0,0.0,0.0,0.0
1805,0.0,0.0,0.0,0.0,0.0
1806,0.0636624639862495,0.0117438194998567,0.012781393851543,0.0037337784264068,0.0344374860294498
1807,0.2386431986676535,0.171793410372823,0.1445921741914282,0.0655649693724691,0.1841860803021004
1808,0.4131642778308039,0.3794024808685677,0.2967425794452914,0.161899189050818,0.3632360677690949
1809,0.5504997866056792,0.5435897426067025,0.4022396850409953,0.2480666239744732,0.4973830809341593
1810,0.6297354175630819,0.6240006029708935,0.4469205499490535,0.3284786850842162,0.5783898909731164
1811,0.6565091810547881,0.6487991035980093,0.4568120616017703,0.39018848270622,0.6219639991394853
1812,0.643940412716144,0.6228996538848534,0.4258557072447566,0.4252591583724289,0.6178205217338627
1813,0.5724137731823491,0.4807072583110232,0.3414910191611686,0.4384999357500349,0.5642921679980125
1814,0.4449425944525966,0.2679393883268459,0.227933824159074,0.4213646783637159,0.4592299606877679
1815,0.2784424135044654,0.0929543450568591,0.1168224395828215,0.360186926346753,0.3043047296434643
1816,0.0968003154643155,0.0090606853227206,0.035531375665689,0.2486994790094626,0.1240605311675701
1817,0.0,0.0,0.0,0.1057242091597794,0.0070571941988055
1818,0.0,0.0,0.0,0.0041982871461049,0.0
1819,0.0,0.0,0.0,0.0,0.0
1820,0.0,0.0,0.0,0.0,0.0
1821,0.0,0.0,0.0,0.0,0.0
1822,0.0,0.0,0.0,0.0,0.0
1823,0.0,0.0,0.0,0.0,0.0
1824,0.0,0.0,0.0,0.0,0.0
1825,0.0,0.0,0.0,0.0,0.0
1826,0.0,0.0,0.0,0.0,0.0
1827,0.0,0.0,0.0,0.0,0.0
1828,0.0,0.0,0.0,0.0,0.0
1829,0.0,0.0,0.0,0.0,0.0
1830,0.0,0.001130167983456,0.0029071787911062,0.0023535558974711,0.0426543436273589
1831,0.0260629530418331,0.1009093075503824,0.0885454681035579,0.0850361579444897,0.2058125423090877
1832,0.0905117724957407,0.2468477559227977,0.2115710528793488,0.2448304880069359,0.372032184975337
1833,0.1553670489261368,0.4018272795332137,0.3348322293743502,0.3994324253573276,0.5020582295784347
1834,0.2034102162325333,0.5277758326325599,0.4538362052286326,0.4961218430213315,0.593097643251109
1835,0.2361299791530433,0.5605497814610244,0.5337834244024776,0.5307468831472015,0.6208582499802194
1836,0.2621279420879958,0.5976784714104176,0.5683809633660499,0.5382371439284991,0.5997900903054139
1837,0.2443589875899056,0.5825674096717203,0.5267593083068087,0.5180400377318396,0.5441746736785146
1838,0.1873251761987949,0.4773217850850244,0.4091804937646646,0.45988626202967,0.4423488756247586
1839,0.1204189589844507,0.3519902799330067,0.2564968908975926,0.3597741215976572,0.2941672196037913
1840,0.0374468794153151,0.1817830212116834,0.1040206844296866,0.2177706582647973,0.1199918095905632
1841,0.0,0.0271699979247081,0.0019347617596319,0.0776967721427006,0.005141485117856
1842,0.0,0.0,0.0,0.0013905225968805,0.0
1843,0.0,0.0,0.0,0.0,0.0
1844,0.0,0.0,0.0,0.0,0.0
1845,0.0,0.0,0.0,0.0,0.0
1846,0.0,0.0,0.0,0.0,0.0
1847,0.0,0.0,0.0,0.0,0.0
1848,0.0,0.0,0.0,0.0,0.0
1849,0.0,0.0,0.0,0.0,0.0
1850,0.0,0.0,0.0,0.0,0.0
1851,0.0,0.0,0.0,0.0,0.0
1852,0.0,0.0,0.0,0.0,0.0
1853,0.0,0.0,0.0,0.0,0.0
1854,0.020508174560476,0.0078290104672723,0.012823492422008,0.0062359411768078,0.0369448994286887
1855,0.1235373106524694,0.1658270636516803,0.1670781583174349,0.0913475210886064,0.186530986078351
1856,0.2525694776355582,0.386300497452212,0.3426143618891871,0.251201623981653,0.3489624609586655
1857,0.3518659779774248,0.559431846806169,0.4623836015260892,0.4004732347959369,0.4669911311862001
1858,0.4183342734142872,0.6507329194867995,0.523486060256416,0.467190842323311,0.5309959384653193
1859,0.4566912321163269,0.6873167371567068,0.53721696911067,0.4814772443718907,0.5463299816586012
1860,0.4504946128838127,0.6366682360303226,0.5026993415469894,0.4858093843501663,0.5086939465678537
1861,0.393252401910464,0.5271514562120455,0.4496182576088613,0.4495262349922383,0.4425907434375664
1862,0.2978366002623455,0.4148909178225054,0.3643959619400556,0.3713334080051176,0.3548363157710836
1863,0.1870523372405568,0.3005594800301163,0.2388370058262693,0.2865588718684073,0.2237818369557964
1864,0.0675547875461889,0.1688414856375417,0.1065979239810441,0.1889558242153465,0.0815936095754029
1865,0.0,0.0261742354538082,0.0048510122851425,0.0728157125467882,0.0014937119582745
1866,0.0,0.0,0.0,0.0014438560490374,0.0
1867,0.0,0.0,0.0,0.0,0.0
1868,0.0,0.0,0.0,0.0,0.0
1869,0.0,0.0,0.0,0.0,0.0
1870,0.0,0.0,0.0,0.0,0.0
1871,0.0,0.0,0.0,0.0,0.0
1872,0.0,0.0,0.0,0.0,0.0
1873,0.0,0.0,0.0,0.0,0.0
1874,0.0,0.0,0.0,0.0,0.0
1875,0.0,0.0,0.0,0.0,0.0
1876,0.0,0.0,0.0,0.0,0.0
1877,0.0,0.0,0.0,0.0,0.0
1878,0.0724949495491587,0.0181996595475495,0.022130906445526,0.008220576744387,0.0112838242020151
1879,0.2616068239319267,0.1999807536458705,0.1951266290613295,0.1415104582596863,0.1085352936545676
1880,0.4516572666263185,0.4216124701395355,0.3896937999537319,0.3437683060059084,0.2358882156051767
1881,0.5783554133348515,0.5992123832946219,0.5442874352688118,0.5242403068185547,0.3536599436863942
1882,0.5869247130724833,0.7125691868885892,0.6335187048328543,0.6537528713837284,0.413274429404092
1883,0.5159709287612041,0.77071779155334,0.6547307118038155,0.7359427552072589,0.4255996706566898
1884,0.4493905525818098,0.7727606766316609,0.6320798833929022,0.7597750378994373,0.400990081554947
1885,0.3831234222146447,0.7218002671780065,0.5727634311079914,0.7218819410795704,0.3471215858164437
1886,0.3129065280060317,0.6149911768658695,0.4711040534438616,0.6351783510077268,0.2825890047367173
1887,0.2173100292308754,0.452368136204671,0.3334794486978863,0.4914272760186683,0.1816377021511944
1888,0.0835038648315771,0.2455606042693212,0.1580248001790383,0.3075366381484142,0.0649310253136179
1889,0.0014983937576824,0.0487326572592507,0.0075849175045391,0.1227347613977247,0.0014146906070705
1890,0.0,0.0,0.0,0.0041343154049662,0.0
1891,0.0,0.0,0.0,0.0,0.0
1892,0.0,0.0,0.0,0.0,0.0
1893,0.0,0.0,0.0,0.0,0.0
1894,0.0,0.0,0.0,0.0,0.0
1895,0.0,0.0,0.0,0.0,0.0
1896,0.0,0.0,0.0,0.0,0.0
1897,0.0,0.0,0.0,0.0,0.0
1898,0.0,0.0,0.0,0.0,0.0
1899,0.0,0.0,0.0,0.0,0.0
1900,0.0,0.0,0.0,0.0,0.0
1901,0.0,0.0,0.0,0.0,0.0
1902,0.0873594143759899,0.0202443354308296,0.0216150759444456,0.008889882265982,0.0570269060842575
1903,0.2920725721526389,0.2064455556202948,0.1906410780854642,0.1532655074036988,0.2279459565441405
1904,0.4851744209916335,0.4275869565652735,0.3814252889650555,0.3649358775228494,0.4060867094737528
1905,0.6258772247370114,0.6031556533484305,0.5345197788253202,0.5496231229237092,0.5408691122895882
1906,0.7075925940546429,0.7149927958533028,0.6357170450163065,0.6801446715602348,0.6151998702058549
1907,0.7338509798397476,0.7718117478372725,0.6865223248198872,0.7564448911297421,0.6431745938756037
1908,0.7091495080803956,0.7709472588976529,0.684028859940091,0.778294201329456,0.6263335775815866
1909,0.6320794060996502,0.7169336666649887,0.6259548148058011,0.7470677406516515,0.5610513383201879
1910,0.5009482583352969,0.6084799099541526,0.5142656212144732,0.6623797259650962,0.4459951539015051
1911,0.3227974400236956,0.4467404274087317,0.3537216242813575,0.5251023794170663,0.2890101547319097
1912,0.1245199950304734,0.2425605094352223,0.1632341257225566,0.3417472949429572,0.11381655854135
1913,0.0013253026959544,0.0478338162449565,0.0084641149674633,0.1398553232804099,0.00301491558836
1914,0.0,0.0,0.0,0.0061413407933971,0.0
1915,0.0,0.0,0.0,0.0,0.0
1916,0.0,0.0,0.0,0.0,0.0
1917,0.0,0.0,0.0,0.0,0.0
1918,0.0,0.0,0.0,0.0,0.0
1919,0.0,0.0,0.0,0.0,0.0
1920,0.0,0.0,0.0,0.0,0.0
1921,0.0,0.0,0.0,0.0,0.0
1922,0.0,0.0,0.0,0.0,0.0
1923,0.0,0.0,0.0,0.0,0.0
1924,0.0,0.0,0.0,0.0,0.0
1925,0.0,0.0,0.0,0.0,0.0
1926,0.0858489863674239,0.0188519370702226,0.0231908613663362,0.0090365298467758,0.0609574563663659
1927,0.284162549769995,0.2032837745826282,0.1945169624603601,0.1563298521504029,0.2302662341638282
1928,0.4696633030785009,0.4207139402470081,0.3794312559086859,0.3671855640269972,0.3901099056587573
1929,0.6014176163161737,0.5927332507795997,0.5277581030985425,0.5487930473368905,0.5122150817485088
1930,0.6740206442452721,0.7003090743019765,0.6240140243859528,0.6743182412009331,0.5931487433400237
1931,0.6968327859537427,0.755794856226541,0.6644395362761278,0.7461358859880305,0.6243055144680507
1932,0.6713432555086339,0.7544383095422573,0.6551692269011169,0.7653698371409561,0.6071985675248983
1933,0.5890456360772958,0.7015333190596177,0.5974307133281056,0.7339493474984716,0.5397046058921389
1934,0.4485514408552574,0.5953927438994053,0.4868652990485577,0.65243699813525,0.4341296510578523
1935,0.2741301725985963,0.43783899128688,0.332159086406588,0.5199394282947163,0.2936811883855544
1936,0.1004055439667312,0.238015314840289,0.1522499936574779,0.3403057849757691,0.1230989826644513
1937,0.0,0.0461910187663866,0.0063349052930506,0.1401419510653257,0.004417219611521
1938,0.0,0.0,0.0,0.0066152516189416,0.0
1939,0.0,0.0,0.0,0.0,0.0
1940,0.0,0.0,0.0,0.0,0.0
1941,0.0,0.0,0.0,0.0,0.0
1942,0.0,0.0,0.0,0.0,0.0
1943,0.0,0.0,0.0,0.0,0.0
1944,0.0,0.0,0.0,0.0,0.0
1945,0.0,0.0,0.0,0.0,0.0
1946,0.0,0.0,0.0,0.0,0.0
1947,0.0,0.0,0.0,0.0,0.0
1948,0.0,0.0,0.0,0.0,0.0
1949,0.0,0.0,0.0,0.0,0.0
1950,0.0846770507642812,0.0226230626032768,0.0291940753346556,0.0087134991317935,0.0774252905392318
1951,0.2833482927110404,0.2068965306304248,0.2100599312066705,0.1542549443111402,0.2761247094831684
1952,0.4685318989330189,0.4156924158211407,0.3995764046914061,0.3596733255220217,0.4670634592903156
1953,0.6046357139850509,0.5857248937692411,0.5460736778376221,0.5383352521660204,0.6074717037064603
1954,0.684027952346213,0.6939653021700001,0.6394009841371657,0.6630614054476269,0.6929286518859601
1955,0.7105772631717723,0.747889354354638,0.6812915859636739,0.7336841077399802,0.7211264681098355
1956,0.6860606098118879,0.747396046207331,0.6735996987767594,0.7545610929897825,0.6970704970643876
1957,0.6105513597404082,0.6953820307083622,0.6135018621209893,0.7260178799335445,0.6224604376586615
1958,0.4847436780206697,0.5914522591400093,0.4981818137589635,0.6452994378902276,0.5009550655915068
1959,0.3134048024605935,0.4358044488629092,0.3391641721322107,0.5146391254447934,0.3385217887544623
1960,0.1219689484695026,0.238145728951553,0.1534213162220979,0.3371548253132308,0.146400151654303
1961,0.0012358034062537,0.0468447231170601,0.0047623726203129,0.1391940839411843,0.0061957122957614
1962,0.0,0.0,0.0,0.0057701500274267,0.0
1963,0.0,0.0,0.0,0.0,0.0
1964,0.0,0.0,0.0,0.0,0.0
1965,0.0,0.0,0.0,0.0,0.0
1966,0.0,0.0,0.0,0.0,0.0
1967,0.0,0.0,0.0,0.0,0.0
1968,0.0,0.0,0.0,0.0,0.0
1969,0.0,0.0,0.0,0.0,0.0
1970,0.0,0.0,0.0,0.0,0.0
1971,0.0,0.0,0.0,0.0,0.0
1972,0.0,0.0,0.0,0.0,0.0
1973,0.0,0.0,0.0,0.0,0.0
1974,0.0851853474007415,0.0221517059605551,0.0204562962273678,0.0091562259030836,0.0846432315216718
1975,0.2711753178600252,0.206051977976156,0.1575442892812845,0.1581370022590295,0.2843354776163058
1976,0.4477529549261645,0.4140950810872891,0.3038498956589719,0.3645947479391883,0.4697932634820319
1977,0.5887812165379795,0.5799899798247468,0.4208133070342439,0.542536290374085,0.6091303752336206
1978,0.6757286500473825,0.685021383677405,0.493323203782176,0.6675811311680258,0.6946534651334237
1979,0.698478974361653,0.7386518203162945,0.5194277403547184,0.7395593094055251,0.7270028520224241
1980,0.6667090086856072,0.737530128213994,0.4892881918367526,0.7588794557833778,0.7084023162412308
1981,0.5885510545541353,0.6866125423513687,0.4104910304300699,0.7261726908771539,0.636576881663052
1982,0.4640756299534682,0.5828919255593838,0.3079448625587818,0.6405521441111991,0.5092738504902267
1983,0.3002603826418894,0.4284759037227864,0.1903072895384501,0.5036587948033231,0.3410595434298052
1984,0.1161210491970422,0.2330941130636649,0.0724884846957972,0.3264502482366572,0.1494918064263274
1985,0.0,0.0438810213387967,0.0,0.1345919667451454,0.0066088134628399
1986,0.0,0.0,0.0,0.0046822593941983,0.0
1987,0.0,0.0,0.0,0.0,0.0
1988,0.0,0.0,0.0,0.0,0.0
1989,0.0,0.0,0.0,0.0,0.0
1990,0.0,0.0,0.0,0.0,0.0
1991,0.0,0.0,0.0,0.0,0.0
1992,0.0,0.0,0.0,0.0,0.0
1993,0.0,0.0,0.0,0.0,0.0
1994,0.0,0.0,0.0,0.0,0.0
1995,0.0,0.0,0.0,0.0,0.0
1996,0.0,0.0,0.0,0.0,0.0
1997,0.0,0.0,0.0,0.0,0.0
1998,0.0375790090330137,0.0010895154580117,0.0137104857039445,0.0050207468660928,0.0833866761167407
1999,0.1728935557475147,0.0997482497137061,0.146668388972704,0.1181297672141235,0.2802273946158146
2000,0.3276667780348898,0.2555945864182694,0.3063348150956332,0.2880960073404437,0.4639718214435736
2001,0.4424500349418002,0.4264446023168547,0.4279915053714124,0.4455725074512729,0.6047453529137868
2002,0.5062189022478041,0.5606503573359256,0.4854090187428928,0.5641517969366587,0.6907705486491971
2003,0.5055834455838775,0.6172798778763269,0.5142265357594294,0.6174109237457044,0.7246967346346098
2004,0.4639805789494307,0.6159254246241462,0.5211601587771778,0.6097966810864625,0.7077098425637377
2005,0.3905849859538957,0.5565382857739208,0.4567719438882071,0.561932782928961,0.6372071855154772
2006,0.2601540642019553,0.4596026385642519,0.350555490914224,0.4727772468230564,0.5119249741637206
2007,0.140725769174648,0.3308726941277869,0.2309978230068872,0.348846849989282,0.3406482905133455
2008,0.0530081940523186,0.1726406050088056,0.0964018134055506,0.2121770212099298,0.1472982365624987
2009,0.0,0.0287231136008849,0.0020140811747973,0.0841083367776621,0.0066701386053268
2010,0.0,0.0,0.0,0.0021845037620436,0.0
2011,0.0,0.0,0.0,0.0,0.0
2012,0.0,0.0,0.0,0.0,0.0
2013,0.0,0.0,0.0,0.0,0.0
2014,0.0,0.0,0.0,0.0,0.0
2015,0.0,0.0,0.0,0.0,0.0
2016,0.0,0.0,0.0,0.0,0.0
2017,0.0,0.0,0.0,0.0,0.0
2018,0.0,0.0,0.0,0.0,0.0
2019,0.0,0.0,0.0,0.0,0.0
2020,0.0,0.0,0.0,0.0,0.0
2021,0.0,0.0,0.0,0.0,0.0
2022,0.0572336335858272,0.0018230498747854,0.0,0.006423801634859,0.0484228705029606
2023,0.2154561573738749,0.1157183170455678,0.0776149324653829,0.1492105056143382,0.1861270037188875
2024,0.3528359648513915,0.2858015834813395,0.2115162845308665,0.3483067634200197,0.3238605419572946
2025,0.460397450824194,0.4363047724511852,0.3094522992484826,0.5294863172640492,0.4238260860649914
2026,0.5340892704466557,0.5455296488937406,0.3330373787389014,0.6609256971320709,0.484794787774966
2027,0.5488412239256925,0.6310931018947437,0.3424877465736269,0.745186197387009,0.508854460916343
2028,0.5309924361041839,0.676257749060658,0.3367300644639766,0.7779817472684211,0.4893288406471239
2029,0.4563754582215275,0.651590684865817,0.2729917975677428,0.752342583961788,0.4375596039415046
2030,0.3288587394727481,0.5659543438862441,0.2089566376715851,0.6752826075429086,0.3497310957275631
2031,0.2066131050327731,0.4220842486309206,0.1411513519126312,0.5414179168891345,0.2143764116486852
2032,0.0826815398324836,0.2346739444809542,0.0479550326517633,0.3576039765545842,0.0758940610804432
2033,0.0,0.0451151723187685,0.0,0.1518441529890377,0.0
2034,0.0,0.0,0.0,0.0059031639885735,0.0
2035,0.0,0.0,0.0,0.0,0.0
2036,0.0,0.0,0.0,0.0,0.0
2037,0.0,0.0,0.0,0.0,0.0
2038,0.0,0.0,0.0,0.0,0.0
2039,0.0,0.0,0.0,0.0,0.0
2040,0.0,0.0,0.0,0.0,0.0
2041,0.0,0.0,0.0,0.0,0.0
2042,0.0,0.0,0.0,0.0,0.0
2043,0.0,0.0,0.0,0.0,0.0
2044,0.0,0.0,0.0,0.0,0.0
2045,0.0,0.0,0.0,0.0,0.0
2046,0.0169629703588626,0.0288869032748749,0.0032557028616429,0.0110401283629133,0.0356767681341807
2047,0.0967925517076319,0.2219492159675754,0.0863482604577301,0.1745602319423861,0.1591920218366418
2048,0.2026690582150568,0.4290953562365237,0.1927383193475965,0.3880412401865107,0.2778096478253954
2049,0.296149057489407,0.5907459213750295,0.2925216020442039,0.568012415465318,0.3519802203526236
2050,0.3440447428267944,0.6696331510615112,0.3349072839124025,0.6943694167466191,0.3922651434812529
2051,0.3256953414577826,0.6783882675529973,0.3155636994935942,0.7630771576685564,0.4036401247894122
2052,0.3217134217130761,0.6416181381557784,0.2981668382402479,0.7771730832087139,0.4049445047519133
2053,0.3138854212103221,0.5704766041103814,0.2631882945839399,0.7446625567754607,0.3791527435139459
2054,0.2426954891758706,0.469287280673737,0.1864805423579586,0.6634346725154178,0.2945480448981711
2055,0.1500170619991328,0.3366703402177888,0.1087017538476352,0.5313242604836076,0.1844950928690366
2056,0.0493321261346416,0.1880191398268653,0.0390143429829021,0.3501157805500854,0.0751678568107096
2057,0.0,0.0383160580253976,0.0,0.1464195419091338,0.003619749230187
2058,0.0,0.0,0.0,0.0053005231872249,0.0
2059,0.0,0.0,0.0,0.0,0.0
2060,0.0,0.0,0.0,0.0,0.0
2061,0.0,0.0,0.0,0.0,0.0
2062,0.0,0.0,0.0,0.0,0.0
2063,0.0,0.0,0.0,0.0,0.0
2064,0.0,0.0,0.0,0.0,0.0
2065,0.0,0.0,0.0,0.0,0.0
2066,0.0,0.0,0.0,0.0,0.0
2067,0.0,0.0,0.0,0.0,0.0
2068,0.0,0.0,0.0,0.0,0.0
2069,0.0,0.0,0.0,0.0,0.0
2070,0.067034900540975,0.031986088017266,0.0205490321371703,0.0113236987999834,0.0448092604459788
2071,0.2318611008912829,0.2296227621400134,0.1549470229641251,0.1731452171903412,0.1887911308141482
2072,0.3609346689435808,0.4395963235078509,0.3002890048835438,0.3829751976215564,0.3378150615864602
2073,0.4318353772273824,0.6063539854606093,0.4136022769516111,0.5617471396850509,0.4583232011312231
2074,0.4531803049847245,0.7163283125932985,0.4666276138053311,0.6870583778863929,0.5324130431920503
2075,0.4165362160640186,0.7606171346587602,0.4423174465926676,0.757904071847622,0.561912662014277
2076,0.3715851501781339,0.743969282207146,0.3480417517880244,0.7733400672011383,0.5446194625641552
2077,0.3023520916052269,0.677234734413186,0.2382569195715915,0.7350528818645701,0.4825129378246887
2078,0.2011274496750645,0.5786602724194568,0.1532772162916292,0.6468935265006008,0.3860779443140593
2079,0.1116488830912025,0.4357349146696846,0.0806591912290093,0.5101015859583284,0.2591967390847063
2080,0.0352504197190923,0.2403523907844017,0.0231547219617516,0.3319689129218365,0.1133292132283523
2081,0.0011957511140833,0.0484464851078182,0.0,0.1403180069232498,0.0057553419075139
2082,0.0,0.0,0.0,0.0051051395644784,0.0
2083,0.0,0.0,0.0,0.0,0.0
2084,0.0,0.0,0.0,0.0,0.0
2085,0.0,0.0,0.0,0.0,0.0
2086,0.0,0.0,0.0,0.0,0.0
2087,0.0,0.0,0.0,0.0,0.0
2088,0.0,0.0,0.0,0.0,0.0
2089,0.0,0.0,0.0,0.0,0.0
2090,0.0,0.0,0.0,0.0,0.0
2091,0.0,0.0,0.0,0.0,0.0
2092,0.0,0.0,0.0,0.0,0.0
2093,0.0,0.0,0.0,0.0,0.0
2094,0.0830306009021115,0.0331791349646133,0.0251137833867056,0.0120771694890115,0.0973976961798447
2095,0.2672890250949993,0.2290980336075179,0.1844155070377274,0.175052348910039,0.3047130852337056
2096,0.4341679984764358,0.4358615269409724,0.3520669779546791,0.382443204225694,0.491692982712041
2097,0.5383131878852877,0.6001398371878129,0.4836850968030052,0.5576748534582252,0.6257093340880817
2098,0.5943511291378148,0.7069215885681086,0.5558212156646195,0.6804050236923057,0.706049691043702
2099,0.6370283003692088,0.7586024555247599,0.5644793547074327,0.7481130081543155,0.7308810772948712
2100,0.6631047705874893,0.7559530702508948,0.5530040295403184,0.7539025270561162,0.7056209720132285
2101,0.6165512702148351,0.6977427236525934,0.530338188779043,0.7028862241079441,0.6346764252447828
2102,0.488178764375577,0.5823288634228133,0.4566437439024403,0.6021360319885668,0.5139196225270396
2103,0.3150765509724406,0.4247449702417231,0.3280070383033162,0.4572233020009855,0.3488145054263257
2104,0.1245265059914878,0.23897635916571,0.1634508403314171,0.2929247078602075,0.1546846993683214
2105,0.0014435781052537,0.0507045781200827,0.0097815071479712,0.1250120439458354,0.0059900897336726
2106,0.0,0.0,0.0,0.0041293043981018,0.0
2107,0.0,0.0,0.0,0.0,0.0
2108,0.0,0.0,0.0,0.0,0.0
2109,0.0,0.0,0.0,0.0,0.0
2110,0.0,0.0,0.0,0.0,0.0
2111,0.0,0.0,0.0,0.0,0.0
2112,0.0,0.0,0.0,0.0,0.0
2113,0.0,0.0,0.0,0.0,0.0
2114,0.0,0.0,0.0,0.0,0.0
2115,0.0,0.0,0.0,0.0,0.0
2116,0.0,0.0,0.0,0.0,0.0
2117,0.0,0.0,0.0,0.0,0.0
2118,0.1128921175383108,0.0355969341916958,0.0477571116672402,0.0126905929678503,0.1034926668110963
2119,0.3157270570025758,0.2345676336121561,0.2407851966134132,0.1737161393625514,0.3102835430342173
2120,0.4953983192288523,0.4427793712350399,0.4309192921064314,0.3774509231292773,0.4974469721154449
2121,0.6239164393251891,0.6046230514451674,0.5760867877035059,0.5547634754113072,0.6347898514101997
2122,0.6979703058820266,0.7104088969855792,0.6673350077208244,0.680201833382601,0.7173525536555695
2123,0.7214985150797434,0.7602489933573517,0.7038776724442651,0.7499625200811043,0.746898117113854
2124,0.6936922403411273,0.7571450100374888,0.6894697467845609,0.7682712060090613,0.7216458078649802
2125,0.6180144308497201,0.7022390052288452,0.616204498668082,0.7336769966414942,0.6500062811973598
2126,0.494925640562154,0.592961798862692,0.4881657069576325,0.6488923068798965,0.5315774455137385
2127,0.3253333898476327,0.4364214601752402,0.3331391884591949,0.5186431023793285,0.3645343923620279
2128,0.1327765107031869,0.2446940040382214,0.159833201271141,0.3447024017553342,0.1638504101138051
2129,0.0013941802400509,0.051524986894357,0.0071788754578839,0.1472167762863389,0.0081068043745238
2130,0.0,0.0,0.0,0.0049371218134012,0.0
2131,0.0,0.0,0.0,0.0,0.0
2132,0.0,0.0,0.0,0.0,0.0
2133,0.0,0.0,0.0,0.0,0.0
2134,0.0,0.0,0.0,0.0,0.0
2135,0.0,0.0,0.0,0.0,0.0
2136,0.0,0.0,0.0,0.0,0.0
2137,0.0,0.0,0.0,0.0,0.0
2138,0.0,0.0,0.0,0.0,0.0
2139,0.0,0.0,0.0,0.0,0.0
2140,0.0,0.0,0.0,0.0,0.0
2141,0.0,0.0,0.0,0.0,0.0
2142,0.1155512150457319,0.0392087859108303,0.0417684684555379,0.0131487170140405,0.1051451521424156
2143,0.3181165927326,0.2384982761813434,0.2102319924802678,0.1774748528620311,0.3118680126441325
2144,0.4975042006620303,0.4406770212038558,0.3756219977967073,0.3788186378937724,0.4966992593320987
2145,0.6251951531846168,0.60084454227995,0.5050815135514373,0.5467962978119681,0.632451685565851
2146,0.6996229917371494,0.7052452750431023,0.5939597539447496,0.6608677144270948,0.7142092609133015
2147,0.723447098865279,0.7512879356407873,0.6291151876976047,0.7194129288483871,0.7447550952302513
2148,0.6944293963717918,0.7462576112797022,0.590795572837216,0.7296609021581641,0.7234536444135822
2149,0.6071875744391195,0.6934664153191523,0.5125107291897546,0.6859659702267219,0.6491616005186761
2150,0.4676235692734032,0.5830732355425695,0.4104915393961471,0.5952906358218948,0.5216197507794662
2151,0.2959047741255832,0.428354576538934,0.2783429392993626,0.462419293196466,0.3513211506166815
2152,0.1182160929198365,0.2399341465333979,0.1349565542279499,0.2873208963373114,0.155724921305801
2153,0.0013201227523632,0.0485866988778866,0.0068795503476431,0.1133118711508078,0.0059375869317692
2154,0.0,0.0,0.0,0.0041533067492424,0.0
2155,0.0,0.0,0.0,0.0,0.0
2156,0.0,0.0,0.0,0.0,0.0
2157,0.0,0.0,0.0,0.0,0.0
2158,0.0,0.0,0.0,0.0,0.0
2159,0.0,0.0,0.0,0.0,0.0
2160,0.0,0.0,0.0,0.0,0.0
2161,0.0,0.0,0.0,0.0,0.0
2162,0.0,0.0,0.0,0.0,0.0
2163,0.0,0.0,0.0,0.0,0.0
2164,0.0,0.0,0.0,0.0,0.0
2165,0.0,0.0,0.0,0.0,0.0
2166,0.1017197463606907,0.0400823372110912,0.0459330625022837,0.0105310546858433,0.0952121581437838
2167,0.287899332603206,0.2352337599954153,0.2318052975290842,0.1163955337221059,0.2815895503388931
2168,0.4700656100028087,0.4305732731005588,0.4224668514159536,0.2655548412496396,0.4485700341582089
2169,0.6030290401152868,0.5806641389455628,0.5714440179888829,0.4025565376600444,0.5686320799856388
2170,0.6773732691888846,0.6684235710379276,0.6664324614342377,0.5074124358980171,0.6360096556757558
2171,0.6963230178744658,0.6984922241759678,0.7074215053364108,0.5713657947870259,0.6529390896653191
2172,0.6545718839035598,0.6656734670973591,0.6940784387230673,0.5893292277810656,0.6135335542859701
2173,0.5725220016929329,0.5766735771141778,0.6111284756670712,0.5615005315131977,0.5281991424586959
2174,0.4593867381278322,0.4660471492259544,0.469149605752822,0.4866861575680252,0.408052625793729
2175,0.3064449275629426,0.3287463004484345,0.3045212755314908,0.3742984012701028,0.2623262643915427
2176,0.126722989273198,0.1662981792647852,0.1405241243280237,0.2273164706219866,0.1070558829662346
2177,0.0011725483585894,0.0261363900581017,0.0074147208906587,0.0839913225190072,0.0
2178,0.0,0.0,0.0,0.0016881272083796,0.0
2179,0.0,0.0,0.0,0.0,0.0
2180,0.0,0.0,0.0,0.0,0.0
2181,0.0,0.0,0.0,0.0,0.0
2182,0.0,0.0,0.0,0.0,0.0
2183,0.0,0.0,0.0,0.0,0.0
2184,0.0,0.0,0.0,0.0,0.0
2185,0.0,0.0,0.0,0.0,0.0
2186,0.0,0.0,0.0,0.0,0.0
2187,0.0,0.0,0.0,0.0,0.0
2188,0.0,0.0,0.0,0.0,0.0
2189,0.0,0.0,0.0,0.0,0.0
2190,0.1115462606187871,0.0285090544854031,0.0467774539622906,0.0112286829921029,0.0571679134124444
2191,0.3001987087258959,0.1982405800087851,0.2228214712586187,0.1091657134638251,0.1983843648916216
2192,0.4684683284089831,0.3923660410379049,0.3953991904088679,0.234899153706009,0.3425268818708324
2193,0.5833940800133741,0.553597162164225,0.5290247543248559,0.3506636697650832,0.4558327003119913
2194,0.6490606539546405,0.6619785103588665,0.6177965234879643,0.4595292311790893,0.5215628404954703
2195,0.6673454255281797,0.7003585554714868,0.6518661060284104,0.530630821829981,0.5451605726910769
2196,0.6382685526938384,0.6590886622709663,0.628080173373539,0.5585439217796218,0.5198888822966515
2197,0.5469007157229537,0.5569675458433511,0.5563369228117213,0.5298854623009495,0.4310056996565542
2198,0.3990615192667038,0.4354428017887692,0.4403756472526098,0.4454316320716351,0.312210878334972
2199,0.2307997145490851,0.2733120157376366,0.2813262097094579,0.3431630519812544,0.1859372936380467
2200,0.0790753669288035,0.1148068693175864,0.1175306588146591,0.2265566313916204,0.0652322080176236
2201,0.0,0.014077722692122,0.0019702618589942,0.1019229027314003,0.0010816609690531
2202,0.0,0.0,0.0,0.002976238330219,0.0
2203,0.0,0.0,0.0,0.0,0.0
2204,0.0,0.0,0.0,0.0,0.0
2205,0.0,0.0,0.0,0.0,0.0
2206,0.0,0.0,0.0,0.0,0.0
2207,0.0,0.0,0.0,0.0,0.0
2208,0.0,0.0,0.0,0.0,0.0
2209,0.0,0.0,0.0,0.0,0.0
2210,0.0,0.0,0.0,0.0,0.0
2211,0.0,0.0,0.0,0.0,0.0
2212,0.0,0.0,0.0,0.0,0.0
2213,0.0,0.0,0.0,0.0,0.0
2214,0.0586914907840853,0.0107924631735495,0.0171868292540058,0.0017656516262361,0.0496176201455426
2215,0.1934070796423218,0.1201134662047061,0.1187882092990888,0.0459257774090804,0.1884756039744786
2216,0.3667036533631841,0.2234114573476733,0.2338428441171988,0.1288870102236513,0.3238978411891799
2217,0.5037305705727931,0.2780676820397781,0.3481928210762219,0.2152703425647858,0.4437476592808978
2218,0.5931423731276305,0.2802955810888197,0.4360726709015852,0.2984865720151066,0.5119280223506103
2219,0.6394195796101952,0.2948903538271085,0.4808108094652748,0.3762615694355096,0.5198711716166805
2220,0.6195489738635238,0.3068600070310338,0.4775182281833057,0.4210638382165486,0.5015056095850136
2221,0.5404454505869323,0.2565490933173042,0.4352379240066099,0.4217552609688603,0.4519102133161931
2222,0.4237995569349733,0.1718376293677681,0.3576028279796325,0.3668537672239138,0.3500948008691962
2223,0.2738587155506571,0.096798356881707,0.2393048204866421,0.2796932955569097,0.2299495423750653
2224,0.1115395430895195,0.0356244674360064,0.1029077779794202,0.1809919388840838,0.1053115316482948
2225,0.0,0.0,0.0,0.0745284872804747,0.0053051953124264
2226,0.0,0.0,0.0,0.0031974803294781,0.0
2227,0.0,0.0,0.0,0.0,0.0
2228,0.0,0.0,0.0,0.0,0.0
2229,0.0,0.0,0.0,0.0,0.0
2230,0.0,0.0,0.0,0.0,0.0
2231,0.0,0.0,0.0,0.0,0.0
2232,0.0,0.0,0.0,0.0,0.0
2233,0.0,0.0,0.0,0.0,0.0
2234,0.0,0.0,0.0,0.0,0.0
2235,0.0,0.0,0.0,0.0,0.0
2236,0.0,0.0,0.0,0.0,0.0
2237,0.0,0.0,0.0,0.0,0.0
2238,0.1008325923659917,0.0,0.0218554533766382,0.0091756827779877,0.0699493455163163
2239,0.2653957472114551,0.0011839589159674,0.0976608490322305,0.1284067002628852,0.2096705468185568
2240,0.4038833680692432,0.0145955314813216,0.1839390344180545,0.2877403325969495,0.3309220625578115
2241,0.4813233242833397,0.0348278548231505,0.2642195217810267,0.4297188298949995,0.4127893038030871
2242,0.4961492110468183,0.0639486033266956,0.3105588058530286,0.5652341236442873,0.4583030555240709
2243,0.4929043205705907,0.1012569662558146,0.3290537393232258,0.6625726814703364,0.4467103498269141
2244,0.5055643262453752,0.1545075233401355,0.3163284467228758,0.6967668062158434,0.3808824439010936
2245,0.4732420846133514,0.1776786293178313,0.2711905151498056,0.6695193984346626,0.2802827644359371
2246,0.372370394859484,0.142208645521527,0.210753087483867,0.5852067075635122,0.1708726133019432
2247,0.2369441602145579,0.0956205483089229,0.1300366773275043,0.4566479704982349,0.0912299356685302
2248,0.0890172048964179,0.047827737988661,0.0470000908981902,0.2932201817841836,0.0339562903399556
2249,0.0,0.0114626811776482,0.0,0.1266832576513342,0.0012818887122107
2250,0.0,0.0,0.0,0.0043820223168313,0.0
2251,0.0,0.0,0.0,0.0,0.0
2252,0.0,0.0,0.0,0.0,0.0
2253,0.0,0.0,0.0,0.0,0.0
2254,0.0,0.0,0.0,0.0,0.0
2255,0.0,0.0,0.0,0.0,0.0
2256,0.0,0.0,0.0,0.0,0.0
2257,0.0,0.0,0.0,0.0,0.0
2258,0.0,0.0,0.0,0.0,0.0
2259,0.0,0.0,0.0,0.0,0.0
2260,0.0,0.0,0.0,0.0,0.0
2261,0.0,0.0,0.0,0.0,0.0
2262,0.0375439094749224,0.0259111972738947,0.0029522927849877,0.01883483228768,0.0663162348351974
2263,0.116362466276788,0.1658007670892325,0.0506832218915598,0.1309667747793847,0.2225700604469487
2264,0.1841753516730823,0.3427204401155834,0.112789378529917,0.2853383443834608,0.3783979358504323
2265,0.2383615856156837,0.5252667356328414,0.1635420720938324,0.4313554154203604,0.4814008184438987
2266,0.263041014206071,0.642525217596873,0.1890077576782775,0.5262781164898592,0.5372851212126131
2267,0.2467789741199735,0.6960947992215868,0.1926390864115528,0.5805117300286009,0.5587751692984904
2268,0.2158266686878856,0.7022452255746893,0.1911812116638858,0.6021536889393854,0.526617929760439
2269,0.1624155249041259,0.6635496708734742,0.1765846067364886,0.5811150163478721,0.4541675027102371
2270,0.1017472115103544,0.5734604806693807,0.1390744059011833,0.5070055471284312,0.3557153851442283
2271,0.0596953513092462,0.4309972529376001,0.0867801568527927,0.3776929303802614,0.2421870052405521
2272,0.0256985903345518,0.2537046789936091,0.0309765589592816,0.2274159203365889,0.1114817596352155
2273,0.0012835033997695,0.0610090249355329,0.0,0.0870828231915663,0.007976602501163
2274,0.0,0.0,0.0,0.0011420327371285,0.0
2275,0.0,0.0,0.0,0.0,0.0
2276,0.0,0.0,0.0,0.0,0.0
2277,0.0,0.0,0.0,0.0,0.0
2278,0.0,0.0,0.0,0.0,0.0
2279,0.0,0.0,0.0,0.0,0.0
2280,0.0,0.0,0.0,0.0,0.0
2281,0.0,0.0,0.0,0.0,0.0
2282,0.0,0.0,0.0,0.0,0.0
2283,0.0,0.0,0.0,0.0,0.0
2284,0.0,0.0,0.0,0.0,0.0
2285,0.0,0.0,0.0,0.0,0.0
2286,0.0480909214488844,0.0170776828650212,0.0332893922127695,0.0070673905849219,0.0819890082027664
2287,0.1616243687181714,0.1404860905433717,0.1730712582131869,0.0475265579789574,0.2494821145811528
2288,0.2820945478579257,0.2999782048240764,0.3362895647182332,0.1092362969944498,0.4038561366960735
2289,0.3283722911448517,0.4405601281207759,0.4670805082616754,0.1754168531165069,0.5215319914280582
2290,0.3394946612307926,0.5485879356913235,0.5041720692303178,0.2440701924318943,0.5905862896160975
2291,0.3496277122672873,0.618006509385432,0.4616000930618007,0.2891339641997587,0.6043200864769451
2292,0.3329960779260861,0.6238981759106293,0.4019214154337697,0.2952555138114364,0.5638684629952254
2293,0.2879558224572778,0.5757808719487326,0.355624913820504,0.2832725750539404,0.4714633903105761
2294,0.2306536222870869,0.4921492690376699,0.2874023067847411,0.2555185321003166,0.3472801624691834
2295,0.1767681064489452,0.3658600540856952,0.2012991283377564,0.2050841579417063,0.2072493377023449
2296,0.0805680710329688,0.2092504134998879,0.1042876612483327,0.1398878816935356,0.0747506573960688
2297,0.0011324617855243,0.045980052704361,0.0032234818238533,0.0690205668413257,0.0
2298,0.0,0.0,0.0,0.003193121274502,0.0
2299,0.0,0.0,0.0,0.0,0.0
2300,0.0,0.0,0.0,0.0,0.0
2301,0.0,0.0,0.0,0.0,0.0
2302,0.0,0.0,0.0,0.0,0.0
2303,0.0,0.0,0.0,0.0,0.0
2304,0.0,0.0,0.0,0.0,0.0
2305,0.0,0.0,0.0,0.0,0.0
2306,0.0,0.0,0.0,0.0,0.0
2307,0.0,0.0,0.0,0.0,0.0
2308,0.0,0.0,0.0,0.0,0.0
2309,0.0,0.0,0.0,0.0,0.0
2310,0.0905266557531292,0.0062270085354339,0.0489437450507544,0.0094069497996892,0.0540722558852709
2311,0.2207094055166147,0.064941649082354,0.1932048950599991,0.1120326791194436,0.1735163464935832
2312,0.3413976287915305,0.1331291459626933,0.3443194538711391,0.2482563965518506,0.2944790831705619
2313,0.4448569552181077,0.1978841928079015,0.4817434117560187,0.3748090253277232,0.412774618286762
2314,0.5097326741770203,0.2673932181029134,0.5632439449805751,0.474629050946484,0.4786120795811651
2315,0.5102007196549387,0.3096805011202359,0.5497753879985271,0.5262168528135075,0.4812861475928969
2316,0.4614924259548744,0.3258751572020838,0.4728519939676607,0.5524176473815404,0.4510719603104137
2317,0.3893127548736813,0.2971360805746827,0.3615053686425134,0.5445288436835232,0.4010263407948792
2318,0.3010925188717632,0.2473995261549289,0.2428670302233131,0.4734876400568996,0.3219612192530349
2319,0.2029719123329411,0.1901752498938447,0.1446419331854432,0.3701800178183692,0.2057563953750088
2320,0.0874718138775797,0.1038991003787197,0.0639114201043384,0.2419013705727296,0.0822711656044317
2321,0.0,0.0140187075303997,0.0012213300715608,0.1019285057025762,0.0010897179844528
2322,0.0,0.0,0.0,0.0037700086617155,0.0
2323,0.0,0.0,0.0,0.0,0.0
2324,0.0,0.0,0.0,0.0,0.0
2325,0.0,0.0,0.0,0.0,0.0
2326,0.0,0.0,0.0,0.0,0.0
2327,0.0,0.0,0.0,0.0,0.0
2328,0.0,0.0,0.0,0.0,0.0
2329,0.0,0.0,0.0,0.0,0.0
2330,0.0,0.0,0.0,0.0,0.0
2331,0.0,0.0,0.0,0.0,0.0
2332,0.0,0.0,0.0,0.0,0.0
2333,0.0,0.0,0.0,0.0,0.0
2334,0.0525396146260006,0.0167618956559512,0.019330143152743,0.0222194848533567,0.0829866051486403
2335,0.1516248118008966,0.1562647517015411,0.1174431244389616,0.1576328188598153,0.2517690582141133
2336,0.2636093212344467,0.3291903345514413,0.2127978381263499,0.3156455124193029,0.3981334337486709
2337,0.3674075345426963,0.4487249807296945,0.276255243150622,0.4415326575591725,0.4852303616043416
2338,0.4542163125945133,0.4912910229966619,0.3058156529451795,0.5127736181393926,0.545315733536524
2339,0.4581837177497815,0.4805510727654796,0.2987859256938358,0.5234549973385079,0.569863002991091
2340,0.4157080063639967,0.4483302913521728,0.2802352372073222,0.4945369314776119,0.5463060420301905
2341,0.3559048789046166,0.411836346706334,0.2416432217884384,0.4710089966263257,0.4762532928724746
2342,0.2669147335260765,0.3450900830454824,0.1819835944317294,0.4151368610094426,0.3674081861576037
2343,0.1734373854620628,0.2501746464223602,0.1158605490532186,0.3242981788477045,0.2434474891358891
2344,0.0622181215847734,0.1346729818203439,0.0463496696895006,0.2200673526886617,0.1095411907306886
2345,0.0,0.0231906649743079,0.0,0.0964561812161378,0.0076131256135357
2346,0.0,0.0,0.0,0.0038692530432274,0.0
2347,0.0,0.0,0.0,0.0,0.0
2348,0.0,0.0,0.0,0.0,0.0
2349,0.0,0.0,0.0,0.0,0.0
2350,0.0,0.0,0.0,0.0,0.0
2351,0.0,0.0,0.0,0.0,0.0
2352,0.0,0.0,0.0,0.0,0.0
2353,0.0,0.0,0.0,0.0,0.0
2354,0.0,0.0,0.0,0.0,0.0
2355,0.0,0.0,0.0,0.0,0.0
2356,0.0,0.0,0.0,0.0,0.0
2357,0.0,0.0,0.0,0.0,0.0
2358,0.0924005790990347,0.0243270238072036,0.0274440793309095,0.0226962594672781,0.0708145581328825
2359,0.2367544371859315,0.138799800159427,0.132458145206753,0.1552484850200124,0.2101625165124067
2360,0.3745094476712884,0.2669952742779611,0.2400999888626505,0.3170988143528542,0.3458726188647105
2361,0.4814857634308611,0.3622579888678583,0.3453269373255689,0.46271204666541,0.4528577231177123
2362,0.5082422734437904,0.4383127087749306,0.390936721848908,0.5690691208144488,0.4892100633912818
2363,0.4804001042618843,0.5051008853376655,0.3844448140803742,0.6330982305412656,0.4730967902245634
2364,0.4295932873287941,0.5274809764889944,0.3769166294566661,0.6591324543160506,0.4531948744143017
2365,0.376014501491392,0.4943531379877764,0.3379615776595672,0.6406321408175741,0.4142115038699889
2366,0.3209393928526545,0.4160520370133752,0.2752453173537092,0.5693262558011986,0.3316535653276513
2367,0.205306218652189,0.3140750489854156,0.1842973634114973,0.4461864075816945,0.2195537282610356
2368,0.070694190413565,0.1847501346621432,0.0735633776643691,0.2846583053098583,0.0971286001078015
2369,0.0,0.0424472899031499,0.0,0.121760070628394,0.0022809324518498
2370,0.0,0.0,0.0,0.005733001114887,0.0
2371,0.0,0.0,0.0,0.0,0.0
2372,0.0,0.0,0.0,0.0,0.0
2373,0.0,0.0,0.0,0.0,0.0
2374,0.0,0.0,0.0,0.0,0.0
2375,0.0,0.0,0.0,0.0,0.0
2376,0.0,0.0,0.0,0.0,0.0
2377,0.0,0.0,0.0,0.0,0.0
2378,0.0,0.0,0.0,0.0,0.0
2379,0.0,0.0,0.0,0.0,0.0
2380,0.0,0.0,0.0,0.0,0.0
2381,0.0,0.0,0.0,0.0,0.0
2382,0.0495222598759215,0.0218157979041533,0.0237754756756982,0.0195145442327816,0.0775431418449797
2383,0.1402691735099938,0.1290978526848782,0.1196560648852824,0.1609171755723756,0.234854416395554
2384,0.2220832076046316,0.2332329819716247,0.235342060794205,0.3259533892581978,0.4030749547662495
2385,0.3014956243924334,0.3231027654053247,0.3355453275265714,0.4752456943658108,0.5254133502074956
2386,0.3500682397298302,0.3665992275462558,0.3882322333270993,0.5880928418197175,0.5725111749724002
2387,0.3096775454841877,0.3533777975294803,0.3874333151032061,0.6364654820457091,0.5725290908320675
2388,0.2402247868338467,0.3318841732930791,0.3649827413215297,0.6183226135982236,0.5497693369547155
2389,0.1799951913535144,0.280408592718861,0.3256058652366323,0.5649527506913307,0.4882830306206743
2390,0.1205234324780633,0.2250709671493509,0.2595050577601073,0.4775045733070351,0.3844197897724143
2391,0.0715766977646735,0.152482557374418,0.176971644920378,0.3643049176599907,0.2565013567785405
2392,0.02384304388059,0.0568275551956068,0.0841037641159863,0.2361533075629326,0.10814424754474
2393,0.0,0.0040703130095807,0.0053532831401471,0.0994375172068524,0.0017077429600822
2394,0.0,0.0,0.0,0.0044355774526629,0.0
2395,0.0,0.0,0.0,0.0,0.0
2396,0.0,0.0,0.0,0.0,0.0
2397,0.0,0.0,0.0,0.0,0.0
2398,0.0,0.0,0.0,0.0,0.0
2399,0.0,0.0,0.0,0.0,0.0
2400,0.0,0.0,0.0,0.0,0.0
2401,0.0,0.0,0.0,0.0,0.0
2402,0.0,0.0,0.0,0.0,0.0
2403,0.0,0.0,0.0,0.0,0.0
2404,0.0,0.0,0.0,0.0,0.0
2405,0.0,0.0,0.0,0.0,0.0
2406,0.0212733058065587,0.001103765516533,0.0477874415740644,0.0123612164187306,0.0888483800899919
2407,0.0764257918462309,0.0249747227796851,0.1836518591511745,0.1127967718431302,0.2477964863911851
2408,0.1224383722409021,0.091144878569304,0.330940693716251,0.2404170993540899,0.3951687359873504
2409,0.1481813028252753,0.1617054334517331,0.4558954988570132,0.3536805701364017,0.4926015637838283
2410,0.1687656335940194,0.187710794977006,0.5121813282106469,0.4488326158085849,0.5598561857084531
2411,0.1882933278214727,0.1884451996401465,0.5039053324601185,0.5154416390593712,0.5700500121974197
2412,0.1695035875453472,0.185008645138875,0.4621967652519212,0.5222914671209895,0.5333740370330177
2413,0.1254498248931629,0.1608562531117111,0.4022866524870169,0.4727142120959028,0.4693406181510279
2414,0.0883156915365187,0.1326417329505549,0.3280701530627225,0.4119637944205517,0.3482764536891758
2415,0.0504268192204499,0.0998333913250289,0.2259926314884816,0.3487156660385602,0.2114286549099644
2416,0.0111524622152701,0.0533380312426827,0.106695795159452,0.2389368288376803,0.0875194816450482
2417,0.0,0.0076514184280701,0.0116106175977481,0.1075791096656312,0.0032674423802085
2418,0.0,0.0,0.0,0.006011873299403,0.0
2419,0.0,0.0,0.0,0.0,0.0
2420,0.0,0.0,0.0,0.0,0.0
2421,0.0,0.0,0.0,0.0,0.0
2422,0.0,0.0,0.0,0.0,0.0
2423,0.0,0.0,0.0,0.0,0.0
2424,0.0,0.0,0.0,0.0,0.0
2425,0.0,0.0,0.0,0.0,0.0
2426,0.0,0.0,0.0,0.0,0.0
2427,0.0,0.0,0.0,0.0,0.0
2428,0.0,0.0,0.0,0.0,0.0
2429,0.0,0.0,0.0,0.0,0.0
2430,0.0861939615507513,0.0279019286034693,0.0542310605376605,0.0277510282353724,0.0912109595585735
2431,0.2202128826727151,0.1546528328335917,0.2009391674609077,0.2049048878199824,0.2526590175599563
2432,0.3416441346158422,0.2848336253179868,0.3460179019329304,0.403287468578921,0.4088891999662578
2433,0.4153732345046474,0.3809458211661228,0.4649855161436922,0.5692206310672152,0.5214817997752176
2434,0.4117724630041645,0.4318621159555229,0.5036678969249122,0.6853603500901271,0.5672792826283864
2435,0.4192879140189022,0.4543346015609614,0.4503326135505432,0.746843235495535,0.5769013030772856
2436,0.403862645486552,0.4333179798823039,0.3753765174026751,0.7589288067791328,0.5312111479852076
2437,0.3148180146271836,0.3974402920189165,0.2927548158689322,0.7327370502087862,0.4351752947846797
2438,0.2179594282010997,0.3674962393645677,0.2046918621267079,0.6609347211952695,0.3254073592657538
2439,0.1326344297868087,0.2650806806313674,0.1327276317547362,0.5321643835404304,0.20319355049273
2440,0.0465875133253212,0.1416315553914363,0.052514133081366,0.358748784092911,0.0814611290096878
2441,0.0,0.0370845699765153,0.0,0.1652971401413694,0.0013739745007403
2442,0.0,0.0,0.0,0.0077892478713453,0.0
2443,0.0,0.0,0.0,0.0,0.0
2444,0.0,0.0,0.0,0.0,0.0
2445,0.0,0.0,0.0,0.0,0.0
2446,0.0,0.0,0.0,0.0,0.0
2447,0.0,0.0,0.0,0.0,0.0
2448,0.0,0.0,0.0,0.0,0.0
2449,0.0,0.0,0.0,0.0,0.0
2450,0.0,0.0,0.0,0.0,0.0
2451,0.0,0.0,0.0,0.0,0.0
2452,0.0,0.0,0.0,0.0,0.0
2453,0.0,0.0,0.0,0.0,0.0
2454,0.0886692239815105,0.0410266852452204,0.0464642747043688,0.0320019018841276,0.0683921419785806
2455,0.2423426148379724,0.1595903417087465,0.1751975663374375,0.2211093483902,0.2093521988071343
2456,0.3616262961510597,0.2465991340749325,0.2981581560966264,0.4222777273965406,0.3389137895300633
2457,0.4351393870004659,0.3242712916280431,0.402314798146101,0.5832541073205891,0.4409639334208403
2458,0.464771400537641,0.372953860623937,0.4458956287277657,0.6894193014387935,0.5013297593981628
2459,0.4403699213634395,0.3825662645796383,0.4369127892247538,0.7453575475910657,0.5021581451618615
2460,0.3770125233883886,0.3875787407532054,0.3944097081353558,0.7563911286412919,0.4721978741791361
2461,0.2999269276277149,0.3559659777732533,0.3284272857670984,0.7284190137446697,0.4234666631131617
2462,0.2252635545500893,0.2941025353062801,0.270838466191405,0.6529130669349474,0.3233241009115207
2463,0.1502113735424914,0.2108831578842586,0.1925171017879978,0.5245387091988346,0.1981187560793341
2464,0.0625991291802325,0.098853269697786,0.0891643970461361,0.3536938662837299,0.0829525190630667
2465,0.0,0.0088721685825048,0.0064368723975577,0.1598089876158198,0.0036019643850706
2466,0.0,0.0,0.0,0.0083692853880901,0.0
2467,0.0,0.0,0.0,0.0,0.0
2468,0.0,0.0,0.0,0.0,0.0
2469,0.0,0.0,0.0,0.0,0.0
2470,0.0,0.0,0.0,0.0,0.0
2471,0.0,0.0,0.0,0.0,0.0
2472,0.0,0.0,0.0,0.0,0.0
2473,0.0,0.0,0.0,0.0,0.0
2474,0.0,0.0,0.0,0.0,0.0
2475,0.0,0.0,0.0,0.0,0.0
2476,0.0,0.0,0.0,0.0,0.0
2477,0.0,0.0,0.0,0.0,0.0
2478,0.0224543156099449,0.0171099039865253,0.0452372464939714,0.025544059393414,0.1008372438648927
2479,0.0720931679321126,0.1098693931206821,0.1733930034226506,0.126788157648067,0.2720497545360755
2480,0.1289957957787866,0.2028776227541272,0.2964310202378638,0.2477781430423133,0.4173886686071759
2481,0.1783839812248609,0.277871162258989,0.3912968874666047,0.3382431147462913,0.5249372639309197
2482,0.2196356759432435,0.3332544628692093,0.425807787452003,0.4104243984826781,0.5774269642925559
2483,0.233492177438438,0.3777991104493332,0.4126565463193394,0.4963914127640587,0.5783942115214062
2484,0.2026196994603916,0.4070417446142544,0.3790062038291865,0.5489913305074483,0.5452909827855132
2485,0.1879884198060436,0.4040663631687956,0.3222999439802472,0.5521789545688606,0.4747363272943103
2486,0.1604506541958123,0.3583269030968883,0.2283565864448749,0.5285810708313614,0.3723182168865374
2487,0.094026904796737,0.2657575683830835,0.1293897438639716,0.4478167699707823,0.243513647345934
2488,0.0266737234840131,0.14349825603416,0.0517534930241581,0.3074251569430402,0.1079275765131226
2489,0.0,0.0310502029488184,0.0048924951758347,0.1429191969563044,0.0067431694802263
2490,0.0,0.0,0.0,0.0064898633762488,0.0
2491,0.0,0.0,0.0,0.0,0.0
2492,0.0,0.0,0.0,0.0,0.0
2493,0.0,0.0,0.0,0.0,0.0
2494,0.0,0.0,0.0,0.0,0.0
2495,0.0,0.0,0.0,0.0,0.0
2496,0.0,0.0,0.0,0.0,0.0
2497,0.0,0.0,0.0,0.0,0.0
2498,0.0,0.0,0.0,0.0,0.0
2499,0.0,0.0,0.0,0.0,0.0
2500,0.0,0.0,0.0,0.0,0.0
2501,0.0,0.0,0.0,0.0,0.0
2502,0.0972918282249051,0.0666446827747224,0.0740297380577202,0.0388958513659274,0.0799755652730217
2503,0.2575223637074776,0.2607552171536088,0.2584521608973064,0.2106129180679499,0.2237506507854156
2504,0.4224919578496791,0.447200727401823,0.4268381401722809,0.3930552055794644,0.3609060345953297
2505,0.5445466677221704,0.576754409817321,0.5391320242783636,0.5355913923880632,0.4503458180686306
2506,0.6219947812151544,0.6881622289201446,0.6002036617657209,0.6166692065274193,0.4990871601501501
2507,0.6347300667869349,0.7731739215376197,0.6258990817886423,0.6363383741021557,0.5310673638866046
2508,0.6122454878123313,0.7848727361293365,0.6226101991650749,0.6023706053472819,0.5245488345364505
2509,0.5652763190151192,0.7294086673835292,0.564778031238296,0.533024533471302,0.4729395701224232
2510,0.4599026755745247,0.6200953042325265,0.4594821324224845,0.4406496658609072,0.3851643821744481
2511,0.3258568648056403,0.463887376089894,0.3411409408064041,0.3247994697564764,0.2680005173562324
2512,0.1560426586387589,0.2704638655566964,0.184788307031762,0.1935180308660669,0.1282005652862242
2513,0.0034174481048894,0.0696039583546685,0.0199545316929153,0.075107165128387,0.0082928226397892
2514,0.0,0.0,0.0,0.0029571236412073,0.0
2515,0.0,0.0,0.0,0.0,0.0
2516,0.0,0.0,0.0,0.0,0.0
2517,0.0,0.0,0.0,0.0,0.0
2518,0.0,0.0,0.0,0.0,0.0
2519,0.0,0.0,0.0,0.0,0.0
2520,0.0,0.0,0.0,0.0,0.0
2521,0.0,0.0,0.0,0.0,0.0
2522,0.0,0.0,0.0,0.0,0.0
2523,0.0,0.0,0.0,0.0,0.0
2524,0.0,0.0,0.0,0.0,0.0
2525,0.0024671478045925,0.0,0.0,0.0,0.0
2526,0.1665249202969994,0.0486806412137754,0.099737117859059,0.0055841911351702,0.1237626410507647
2527,0.363663549117948,0.1846353661236445,0.2947053195188236,0.0670327752219549,0.2972462657889449
2528,0.5341738773461059,0.3205827855727594,0.4714108387580927,0.1681272332276793,0.4457911153734632
2529,0.6515777031515144,0.426283843609706,0.6048819038050671,0.2676457369067304,0.5498584490835642
2530,0.7135444364506919,0.4968794698065011,0.6827785682874404,0.3400881813513799,0.6021925899309261
2531,0.7229066748371937,0.4725756667975567,0.7038509116840772,0.3727588219034566,0.5897866456535599
2532,0.6830180272350677,0.4104420336777115,0.6693287885519069,0.3866170493080819,0.535057484221536
2533,0.598849398697407,0.3422194635653079,0.579943485185947,0.3948252271555567,0.4677359242402615
2534,0.4701419107655192,0.2323753184407975,0.4531454289626224,0.3791199061101552,0.3720770250243823
2535,0.3136053553053355,0.1539877288960841,0.3045026291338499,0.3251692201310704,0.2476647928491661
2536,0.1410849736798309,0.0840836752024248,0.1412234052138693,0.237683293308731,0.1086978126980866
2537,0.0019893873133374,0.0150992450587415,0.0079046228508581,0.1242456914992299,0.0042388865358207
2538,0.0,0.0,0.0,0.0086519886987065,0.0
2539,0.0,0.0,0.0,0.0,0.0
2540,0.0,0.0,0.0,0.0,0.0
2541,0.0,0.0,0.0,0.0,0.0
2542,0.0,0.0,0.0,0.0,0.0
2543,0.0,0.0,0.0,0.0,0.0
2544,0.0,0.0,0.0,0.0,0.0
2545,0.0,0.0,0.0,0.0,0.0
2546,0.0,0.0,0.0,0.0,0.0
2547,0.0,0.0,0.0,0.0,0.0
2548,0.0,0.0,0.0,0.0,0.0
2549,0.0032293428325373,0.0,0.0,0.0,0.0013601419206618
2550,0.1713746525029275,0.0297050355847725,0.0563557856460352,0.0369692370262817,0.1305267609007006
2551,0.3691783930239496,0.1700320045655573,0.1825848617516517,0.183005108592352,0.32511259751668
2552,0.5365005828312402,0.3509955753014529,0.3338775349446536,0.3699660572552739,0.4966219941249347
2553,0.6532008471826787,0.5176453901468407,0.4710281695101685,0.5320466926901808,0.6075574947858028
2554,0.7078141093597091,0.6157474028716677,0.5728329453537747,0.6387666289635965,0.653381144859195
2555,0.6937692938659327,0.6552703025495092,0.6234525303533741,0.6954808724928433,0.6500607930785788
2556,0.6317116417723176,0.6107115507708889,0.6136792508331077,0.6969973447104802,0.6078346663517522
2557,0.5207344472442959,0.5569302263881974,0.5656083207476809,0.6543215622461079,0.537732000943859
2558,0.3649196914770572,0.4980585076806835,0.4791937566597175,0.5622654615542924,0.4250777808146818
2559,0.2282791811980533,0.3729566301876066,0.3442836173678665,0.4323308971089847,0.284212622797577
2560,0.1047140269790348,0.2229444614846824,0.1810826961472984,0.2871763227370172,0.1352691525973967
2561,0.0033921297139622,0.0554878185061285,0.0207766463969237,0.1282182968437314,0.0079723827116879
2562,0.0,0.0,0.0,0.0132776831557455,0.0
2563,0.0,0.0,0.0,0.0,0.0
2564,0.0,0.0,0.0,0.0,0.0
2565,0.0,0.0,0.0,0.0,0.0
2566,0.0,0.0,0.0,0.0,0.0
2567,0.0,0.0,0.0,0.0,0.0
2568,0.0,0.0,0.0,0.0,0.0
2569,0.0,0.0,0.0,0.0,0.0
2570,0.0,0.0,0.0,0.0,0.0
2571,0.0,0.0,0.0,0.0,0.0
2572,0.0,0.0,0.0,0.0,0.0
2573,0.0022181156276516,0.0,0.0,0.0,0.0018353408034878
2574,0.1588181398871927,0.0733328709925402,0.0991000385870351,0.039360966450392,0.1427099359501445
2575,0.3504104449277382,0.2617283322914978,0.2880648028005435,0.1843887725648375,0.3342841112680021
2576,0.5073246205871442,0.4496364665952318,0.4574488889201323,0.3510512808875825,0.5031335324112653
2577,0.5980079182498382,0.5908640740373413,0.5942125362299313,0.5051397552587088,0.6274544744167162
2578,0.6062284873199851,0.6734397341968503,0.6815911072572446,0.6058753758521095,0.689085969352911
2579,0.5444576084322051,0.710841494475366,0.71284557895252,0.6488507404232694,0.6997383336743109
2580,0.5009509666012931,0.6923731700137147,0.6990837112806945,0.6437281727131288,0.6528263214149901
2581,0.4629420828843525,0.5984806282158929,0.6375081321438895,0.5920722623604627,0.558285807893069
2582,0.3736832846560253,0.4788503504888239,0.5291344766919364,0.5099338952961016,0.44226340981861
2583,0.2557462330739734,0.3490555122699091,0.3789657224658615,0.3982858262907732,0.3052143497450112
2584,0.124780252960668,0.1935867242618709,0.2002252872241852,0.2615125300040985,0.1477315586544177
2585,0.0029794332018329,0.0441903701709242,0.0253880699011446,0.1201885872858681,0.0093789321740308
2586,0.0,0.0,0.0,0.0119393682115941,0.0
2587,0.0,0.0,0.0,0.0,0.0
2588,0.0,0.0,0.0,0.0,0.0
2589,0.0,0.0,0.0,0.0,0.0
2590,0.0,0.0,0.0,0.0,0.0
2591,0.0,0.0,0.0,0.0,0.0
2592,0.0,0.0,0.0,0.0,0.0
2593,0.0,0.0,0.0,0.0,0.0
2594,0.0,0.0,0.0,0.0,0.0
2595,0.0,0.0,0.0,0.0,0.0
2596,0.0,0.0,0.0,0.0,0.0
2597,0.0034229529491367,0.0,0.0,0.0,0.002094993040858
2598,0.1683380821068134,0.0717626151852339,0.1054706722494696,0.0381050789585091,0.1398492424538587
2599,0.3633885701210698,0.2589212654476721,0.3002781834793203,0.1935927009255646,0.3271920868903104
2600,0.5277941590318446,0.4346256229343281,0.4735633057234791,0.3660711550071618,0.4989745470034921
2601,0.6419054218700061,0.5760261587747424,0.6038163896737884,0.5162264904114736,0.6216072299920751
2602,0.6982153253047745,0.6800803171755145,0.6836124254521385,0.6198847896615906,0.683531135050465
2603,0.7067990423394951,0.7175901047718123,0.7145917268417878,0.6777522122028673,0.6903724313532869
2604,0.6770865361401904,0.6748434496335056,0.693176925413351,0.6843369628832268,0.63310257916211
2605,0.610169515518908,0.5818563514183175,0.625825381876038,0.6287282616141752,0.5371509081238129
2606,0.502243500096692,0.4693968031237115,0.5202220627992159,0.5509863649029776,0.4347276376377619
2607,0.3455808126414177,0.3294555030624387,0.3751172402060753,0.4492882922901315,0.3096307625331042
2608,0.1587407464517318,0.1718194901017119,0.1988926650914864,0.300217401379347,0.1530982745556157
2609,0.0036831966412119,0.0374409168888131,0.0254061593685691,0.1397851703982178,0.0100849365974243
2610,0.0,0.0,0.0,0.0086388867764678,0.0
2611,0.0,0.0,0.0,0.0,0.0
2612,0.0,0.0,0.0,0.0,0.0
2613,0.0,0.0,0.0,0.0,0.0
2614,0.0,0.0,0.0,0.0,0.0
2615,0.0,0.0,0.0,0.0,0.0
2616,0.0,0.0,0.0,0.0,0.0
2617,0.0,0.0,0.0,0.0,0.0
2618,0.0,0.0,0.0,0.0,0.0
2619,0.0,0.0,0.0,0.0,0.0
2620,0.0,0.0,0.0,0.0,0.0
2621,0.0060882450534125,0.0,0.0,0.0,0.0025643054953123
2622,0.1797744834112832,0.0837542024895132,0.1077644979117519,0.0400169546750534,0.1417762306342296
2623,0.3766410835878755,0.2855801578967169,0.3013645886363005,0.2086410959117814,0.3232947083746906
2624,0.5405957117150214,0.4731190952495893,0.4749348277283453,0.3890948079297002,0.4766361942989869
2625,0.6568832980641202,0.6180670993984586,0.6046763232561359,0.5433341854174657,0.5894766251588232
2626,0.7242297096911611,0.7083846550506292,0.6850837781480326,0.6459270971987001,0.6527944435792546
2627,0.7437369207275593,0.7495512886489185,0.7182969421861956,0.7049088370477066,0.6651720953974353
2628,0.715781157957253,0.7431333466050085,0.7052769693900899,0.7206599167837903,0.6247487750570624
2629,0.6405552834636873,0.6824356044943674,0.6452726799453222,0.6700746543467232,0.5471787645582358
2630,0.5183784972569152,0.5781033454693625,0.5387685566048616,0.5698029852521244,0.4412343527184995
2631,0.3539597049885853,0.4407757618502353,0.3894269345699764,0.4450867281457487,0.3000688287904499
2632,0.1639466724097168,0.2604067979875708,0.2082002888057194,0.2895603209730608,0.1367470968671049
2633,0.0043721769660173,0.0692060333103152,0.0293019524895479,0.1274351377040805,0.0046602139562872
2634,0.0,0.0,0.0,0.0093511824942689,0.0
2635,0.0,0.0,0.0,0.0,0.0
2636,0.0,0.0,0.0,0.0,0.0
2637,0.0,0.0,0.0,0.0,0.0
2638,0.0,0.0,0.0,0.0,0.0
2639,0.0,0.0,0.0,0.0,0.0
2640,0.0,0.0,0.0,0.0,0.0
2641,0.0,0.0,0.0,0.0,0.0
2642,0.0,0.0,0.0,0.0,0.0
2643,0.0,0.0,0.0,0.0,0.0
2644,0.0,0.0,0.0,0.0,0.0
2645,0.0066019155960159,0.0,0.0,0.0,0.0
2646,0.1797489155663943,0.0899367545898624,0.1131578393924224,0.0262059997041849,0.0854992986909044
2647,0.3744132505456802,0.2913515450767351,0.3091563529438237,0.1288634645676395,0.2287851918645716
2648,0.5366990588742,0.4816511852174953,0.4824467509996688,0.267745840566576,0.3581166359141074
2649,0.6524181188380372,0.6192501518022793,0.6108400970721616,0.3994364000484346,0.4390322382424095
2650,0.7187581604603575,0.7027995371378437,0.6902030447039007,0.4779062926683149,0.4825955678656241
2651,0.7373695128696597,0.7371908619879386,0.7225432206900326,0.4977068889293827,0.5054782093657576
2652,0.7090706043382042,0.717575525743069,0.7088171656144071,0.4879205832598375,0.510611780992527
2653,0.625159722662536,0.6337198863687905,0.6492322118369634,0.4528990420525248,0.4768444461684331
2654,0.4927715529021714,0.4979083670602162,0.5434913312996007,0.3807711389087835,0.3824763625642271
2655,0.3319741151487599,0.353929372807888,0.3936504546791297,0.2908938810306891,0.2517497706568725
2656,0.156183562963039,0.2050629786920201,0.2111561475445549,0.1837245860959092,0.1115614992888621
2657,0.0045335239786443,0.056503231008652,0.0306027467164685,0.084910706505877,0.0076841593806253
2658,0.0,0.0,0.0,0.0079391827404429,0.0
2659,0.0,0.0,0.0,0.0,0.0
2660,0.0,0.0,0.0,0.0,0.0
2661,0.0,0.0,0.0,0.0,0.0
2662,0.0,0.0,0.0,0.0,0.0
2663,0.0,0.0,0.0,0.0,0.0
2664,0.0,0.0,0.0,0.0,0.0
2665,0.0,0.0,0.0,0.0,0.0
2666,0.0,0.0,0.0,0.0,0.0
2667,0.0,0.0,0.0,0.0,0.0
2668,0.0,0.0,0.0,0.0,0.0
2669,0.0072870795842567,0.0,0.0,0.0,0.0
2670,0.1773131866007275,0.0766097430249604,0.1139788162471415,0.0340261159377106,0.0939767911001117
2671,0.3681812891032912,0.2635957559759568,0.3080265308154628,0.1497935347184591,0.2318173436908525
2672,0.5293147736290059,0.4508514101219918,0.4780349244633615,0.2832608314198419,0.3692481928508705
2673,0.6453680202350925,0.5938353656234537,0.603113895237926,0.4142272704397759,0.4706265984845437
2674,0.7102180735763671,0.6819959852129235,0.6802665791003425,0.528775515305282,0.4979577949688096
2675,0.7232739407880947,0.7069571228042248,0.7084223352251151,0.591553596059799,0.4527021208208402
2676,0.678280464557022,0.6738489731017976,0.6879826419854869,0.5751293216115044,0.3852482966420899
2677,0.5639020968439125,0.5990234554335674,0.6261654480846195,0.5250395869530785,0.3254689520883707
2678,0.4172184703783786,0.484191137495116,0.5221685331777985,0.4495687439544047,0.251393095541816
2679,0.2827812856878082,0.3609265686361325,0.3748119034545081,0.3403188338957135,0.1579286155465194
2680,0.1333292424618625,0.2252585679449191,0.1991729349874396,0.2207939719783822,0.0660027176322834
2681,0.0041572624232675,0.0622338912893662,0.029043799195656,0.0978567001313235,0.0060904278138926
2682,0.0,0.0,0.0,0.0071615016457032,0.0
2683,0.0,0.0,0.0,0.0,0.0
2684,0.0,0.0,0.0,0.0,0.0
2685,0.0,0.0,0.0,0.0,0.0
2686,0.0,0.0,0.0,0.0,0.0
2687,0.0,0.0,0.0,0.0,0.0
2688,0.0,0.0,0.0,0.0,0.0
2689,0.0,0.0,0.0,0.0,0.0
2690,0.0,0.0,0.0,0.0,0.0
2691,0.0,0.0,0.0,0.0,0.0
2692,0.0,0.0,0.0,0.0,0.0
2693,0.0037931394134783,0.0,0.0,0.0,0.0015586701960418
2694,0.0983142532297079,0.0475102195115405,0.09889719252378,0.0217424618609464,0.1004840218538101
2695,0.183080624581613,0.1504282076786973,0.2623541230937641,0.1119422861197465,0.2389118040729174
2696,0.2441642382368856,0.2511598264159079,0.4140629373279925,0.2317861713435477,0.3537756562748164
2697,0.2686557020934939,0.394059942351082,0.528582103491235,0.3542414078132809,0.438692771911182
2698,0.2605506787924793,0.5127129700921151,0.5834281021705643,0.4352574092588152,0.5022771354922655
2699,0.2487541295121979,0.5624509212926234,0.5945162613865159,0.4648061417015434,0.5406803699247866
2700,0.2278430161924127,0.5478090856612112,0.5520146096176287,0.4753372545844186,0.5497355009618086
2701,0.2008457990230737,0.5066012643862766,0.4456695931459515,0.4489365345296483,0.4860117837020889
2702,0.1726709057455516,0.4335253804865071,0.3259903222003594,0.3690556174883771,0.3775481555236251
2703,0.117457198277069,0.3098047945847708,0.2073665364278244,0.2777942594502537,0.259008675626423
2704,0.054301396477117,0.1774861956113984,0.0961119680380964,0.1765928829411005,0.1177701118491188
2705,0.0038938179532726,0.0477078872193418,0.00962958920592,0.076477885432821,0.0046756359051915
2706,0.0,0.0,0.0,0.0069366958436777,0.0
2707,0.0,0.0,0.0,0.0,0.0
2708,0.0,0.0,0.0,0.0,0.0
2709,0.0,0.0,0.0,0.0,0.0
2710,0.0,0.0,0.0,0.0,0.0
2711,0.0,0.0,0.0,0.0,0.0
2712,0.0,0.0,0.0,0.0,0.0
2713,0.0,0.0,0.0,0.0,0.0
2714,0.0,0.0,0.0,0.0,0.0
2715,0.0,0.0,0.0,0.0,0.0
2716,0.0,0.0,0.0,0.0,0.0
2717,0.0,0.0,0.0,0.0,0.002859582749528
2718,0.1002188821809646,0.0799391089611244,0.1035378279532302,0.0211481348060223,0.139720001095898
2719,0.2420042475933213,0.2478050308810638,0.2848221795641065,0.1011529568128899,0.316899806608382
2720,0.3684622669219992,0.4053146256943148,0.4468614423588042,0.2085494606824601,0.470912842900909
2721,0.4471740472982941,0.5021420422977411,0.5724902741130571,0.3225547649871435,0.5814637349582775
2722,0.5147730362352636,0.5459092519496739,0.6536803613254788,0.4331927573971951,0.6421561235364046
2723,0.5502157629731671,0.5222108885305381,0.6827570691818658,0.5105733529356146,0.6489347913784637
2724,0.5183861085121726,0.467823815005597,0.6501738138068097,0.5468828881817163,0.6015089289893825
2725,0.4429537053291709,0.4052138306578837,0.5649810577379443,0.5604429601865808,0.5277723220762809
2726,0.3506171367099581,0.2798165951699916,0.4409647648625448,0.507761235659922,0.4274219183239731
2727,0.2542418683520483,0.1833369892332675,0.2883681096277679,0.4009275886191653,0.2950188806755258
2728,0.1230726610312984,0.1254740016605186,0.1301801620874667,0.2704374433202893,0.141543878246333
2729,0.0040095744973419,0.0397134959127657,0.01015080621739,0.1243600030409353,0.0090836377799805
2730,0.0,0.0,0.0,0.0115929659777291,0.0
2731,0.0,0.0,0.0,0.0,0.0
2732,0.0,0.0,0.0,0.0,0.0
2733,0.0,0.0,0.0,0.0,0.0
2734,0.0,0.0,0.0,0.0,0.0
2735,0.0,0.0,0.0,0.0,0.0
2736,0.0,0.0,0.0,0.0,0.0
2737,0.0,0.0,0.0,0.0,0.0
2738,0.0,0.0,0.0,0.0,0.0
2739,0.0,0.0,0.0,0.0,0.0
2740,0.0,0.0,0.0,0.0,0.0
2741,0.0083363299953197,0.0,0.0,0.0,0.0033253466450394
2742,0.1584085145198632,0.0895934833801583,0.1073615850130914,0.0259915424667019,0.1382656330557339
2743,0.3387670187429928,0.2748245272672863,0.2816404213934609,0.113531782688006,0.3171243171730189
2744,0.49741714566194,0.4508242613373638,0.4392354552616669,0.2329984724454355,0.4768003988668814
2745,0.6084987975750644,0.5872458082984269,0.5607120194416101,0.3446119711130398,0.5948469536399448
2746,0.6750262370960894,0.6682342931616038,0.6420382748448284,0.4291144711231925,0.6637501630726321
2747,0.6968382877060371,0.6850066644252103,0.6670567601084816,0.4942097943483173,0.6865965341957765
2748,0.6709904238567382,0.6363530090607658,0.6354319850356979,0.4960400078148731,0.6654911485487554
2749,0.5949375511477691,0.4840347789371053,0.5679948817455637,0.453968795888064,0.5964233303751193
2750,0.4688558352179559,0.3154007011306534,0.4581797782240381,0.4202939149770724,0.4812796342511722
2751,0.3131645291714597,0.2290230174558111,0.3125121790329772,0.3432921545847442,0.3293315790976734
2752,0.143720669658665,0.1401295072841816,0.1526825930731688,0.217132645163038,0.1548359600769188
2753,0.0033855504728346,0.035871072124954,0.0151912807855974,0.1021388340979877,0.0112056454257146
2754,0.0,0.0,0.0,0.0117069884333131,0.0
2755,0.0,0.0,0.0,0.0,0.0
2756,0.0,0.0,0.0,0.0,0.0
2757,0.0,0.0,0.0,0.0,0.0
2758,0.0,0.0,0.0,0.0,0.0
2759,0.0,0.0,0.0,0.0,0.0
2760,0.0,0.0,0.0,0.0,0.0
2761,0.0,0.0,0.0,0.0,0.0
2762,0.0,0.0,0.0,0.0,0.0
2763,0.0,0.0,0.0,0.0,0.0
2764,0.0,0.0,0.0,0.0,0.0
2765,0.0091404458112684,0.0,0.0,0.0,0.0047430698527622
2766,0.1243086985285714,0.0040111354993588,0.0671999694392842,0.0389252973491347,0.1255874899016758
2767,0.2606865585785431,0.0371229165337643,0.1586967993365674,0.1720234870711783,0.2814266719282123
2768,0.3721819088185202,0.089525491339631,0.2032678022263627,0.3096147521773456,0.4131921090112179
2769,0.4464030901592458,0.1776425501588732,0.2234621178920998,0.4179028072455564,0.4980361148086407
2770,0.5090638900556406,0.2580701312273084,0.226882828593178,0.4876487057620438,0.5466245247191633
2771,0.5145133115731892,0.3145254508287708,0.2240419388676546,0.5133054390644204,0.5667208335269339
2772,0.4501353177009893,0.3506928911351765,0.210083108278818,0.5086998780522856,0.5481917663078519
2773,0.3659682014254949,0.344904826584095,0.173909271307495,0.4826255508883795,0.4859494507176206
2774,0.250718928011968,0.3026195202472623,0.1286446825037509,0.4262344433922122,0.3901781277129975
2775,0.1343861786979453,0.2328814434593189,0.0852220347272075,0.3425080532657233,0.2750053897984029
2776,0.0588867021193727,0.1395260937310309,0.0467676857771848,0.2362629056685573,0.1354265454230534
2777,0.0,0.0384070137716064,0.0101698357927539,0.1116490128173661,0.0107798945284766
2778,0.0,0.0,0.0,0.0091393865516453,0.0
2779,0.0,0.0,0.0,0.0,0.0
2780,0.0,0.0,0.0,0.0,0.0
2781,0.0,0.0,0.0,0.0,0.0
2782,0.0,0.0,0.0,0.0,0.0
2783,0.0,0.0,0.0,0.0,0.0
2784,0.0,0.0,0.0,0.0,0.0
2785,0.0,0.0,0.0,0.0,0.0
2786,0.0,0.0,0.0,0.0,0.0
2787,0.0,0.0,0.0,0.0,0.0
2788,0.0,0.0,0.0,0.0,0.0
2789,0.0,0.0,0.0,0.0,0.003597062169667
2790,0.0632628307950325,0.0191184057671082,0.0633107465517384,0.0151694987862124,0.1324466137014961
2791,0.1816277425666557,0.0724650036680475,0.1745519113723824,0.0674484877722542,0.3044326137543056
2792,0.2730001002001593,0.1666233218671156,0.273988041238765,0.1363723584810315,0.4647962690726506
2793,0.3382138273640044,0.2321767995846885,0.3533861007787337,0.2040479965095691,0.5829695239892679
2794,0.4039630398594976,0.2339361132254659,0.4043373438390705,0.2847257507742797,0.6617404106274002
2795,0.4296870313014699,0.2320122888183848,0.4166539011972197,0.3285841487516493,0.6935883433605288
2796,0.4445531176915188,0.2127328831372541,0.3956861223465737,0.3367852429292698,0.6617366251367426
2797,0.4455739290368248,0.1878517911139029,0.3321484703502295,0.3598599228192582,0.5958182511730011
2798,0.3705097814101393,0.1842211977702941,0.2768642149578258,0.3291522643028887,0.4884034147269336
2799,0.2545440882295744,0.1665532570835794,0.2121106697787355,0.2632476055643895,0.333837399674764
2800,0.1240420671576767,0.1205258891326782,0.1069270010701534,0.1873853956373875,0.1605499342539703
2801,0.0051266211618395,0.0372188803614635,0.0149260924990498,0.0917979652307959,0.0127760531202962
2802,0.0,0.0,0.0,0.0093020598726193,0.0
2803,0.0,0.0,0.0,0.0,0.0
2804,0.0,0.0,0.0,0.0,0.0
2805,0.0,0.0,0.0,0.0,0.0
2806,0.0,0.0,0.0,0.0,0.0
2807,0.0,0.0,0.0,0.0,0.0
2808,0.0,0.0,0.0,0.0,0.0
2809,0.0,0.0,0.0,0.0,0.0
2810,0.0,0.0,0.0,0.0,0.0
2811,0.0,0.0,0.0,0.0,0.0
2812,0.0,0.0,0.0,0.0,0.0
2813,0.010573797639273,0.0,0.0,0.0,0.005468067262268
2814,0.1218035440713372,0.0402036164546323,0.0582686199996352,0.0369546891519688,0.1400660041571376
2815,0.2624057384223549,0.1609502182001946,0.1677355338073675,0.1586341608481045,0.3051434784812168
2816,0.3702053156356573,0.3159081178739564,0.2986770937663411,0.2920618645754934,0.4535100055611782
2817,0.436154136656976,0.4343346972762814,0.4079695457323994,0.3861644725076852,0.5598090962312493
2818,0.4546831026803223,0.5495199369421472,0.4760201265215555,0.4447290515147429,0.6118242643995766
2819,0.435713902167726,0.640508994957928,0.5127111542734016,0.473676282374129,0.6202876428188014
2820,0.414844622407918,0.6264061066444192,0.5093348039871611,0.4557233153646213,0.5726449558851675
2821,0.3817628008170607,0.564776061543959,0.4654423130046831,0.4275087834901832,0.5093500821789363
2822,0.3139315124397361,0.4482032666473198,0.3832298325275205,0.3797936957238055,0.4280029757247505
2823,0.2038106427879591,0.2820010581944795,0.2711399165190813,0.2958158309350849,0.2901303311780113
2824,0.0930728759034185,0.1532863422638167,0.1450204425841606,0.1921009474783888,0.1381284952151888
2825,0.0021211135666738,0.0484141282784694,0.0239267911920633,0.0860980833788785,0.0118895399068297
2826,0.0,0.0,0.0,0.0084273835618397,0.0
2827,0.0,0.0,0.0,0.0,0.0
2828,0.0,0.0,0.0,0.0,0.0
2829,0.0,0.0,0.0,0.0,0.0
2830,0.0,0.0,0.0,0.0,0.0
2831,0.0,0.0,0.0,0.0,0.0
2832,0.0,0.0,0.0,0.0,0.0
2833,0.0,0.0,0.0,0.0,0.0
2834,0.0,0.0,0.0,0.0,0.0
2835,0.0,0.0,0.0,0.0,0.0
2836,0.0,0.0,0.0,0.0,0.0
2837,0.0055920664960527,0.0,0.0,0.0,0.0054940235027657
2838,0.068588722981406,0.0527257356379311,0.0658185908894588,0.0513409033539227,0.1334622405208448
2839,0.1464108773127932,0.1663535413650696,0.1590949593722313,0.2041864182148757,0.2841853231083334
2840,0.2017809992579858,0.3138071396587994,0.2547332889937692,0.3610281590987212,0.4140881803525747
2841,0.2089767033578777,0.4319943565955085,0.3257057693473401,0.4894969434015905,0.5071904322185795
2842,0.2078766217475244,0.4952239034724306,0.3240582469124221,0.5643075502821122,0.537689018937822
2843,0.215364382173575,0.527123258122126,0.2777685566510687,0.5965349490903219,0.5274722955237026
2844,0.1979190662134537,0.5203828961933958,0.2253114065099631,0.6151827433838842,0.5158089609894141
2845,0.1648257431770521,0.4831666283034057,0.1724938307697048,0.6056932740605989,0.4659118945533137
2846,0.1411265313650556,0.3959539713440608,0.1261847938020861,0.5546185524530708,0.3768160072204523
2847,0.0863437080882368,0.2606648395596393,0.0736536739706373,0.4614654735138868,0.2671818664991124
2848,0.0243606381141719,0.1352812939987305,0.0257729687695772,0.3269115591659726,0.1257907608179173
2849,0.0,0.0386928419311364,0.0013924622272735,0.1629806319770388,0.010441398171981
2850,0.0,0.0,0.0,0.0151035987122078,0.0
2851,0.0,0.0,0.0,0.0,0.0
2852,0.0,0.0,0.0,0.0,0.0
2853,0.0,0.0,0.0,0.0,0.0
2854,0.0,0.0,0.0,0.0,0.0
2855,0.0,0.0,0.0,0.0,0.0
2856,0.0,0.0,0.0,0.0,0.0
2857,0.0,0.0,0.0,0.0,0.0
2858,0.0,0.0,0.0,0.0,0.0
2859,0.0,0.0,0.0,0.0,0.0
2860,0.0,0.0,0.0,0.0,0.0
2861,0.0,0.0,0.0,0.0,0.0071368523136841
2862,0.0235705552893708,0.0369749798538345,0.0393421344542773,0.0617766845821497,0.1462279917877415
2863,0.062344143089902,0.1321685922302626,0.1243583148115665,0.2514261529950756,0.317577950639053
2864,0.0931214764963469,0.2339152017487757,0.2315072203686678,0.4399363363262538,0.4611138097283775
2865,0.1118416808398029,0.2821506152977008,0.344650655323657,0.5806795752911178,0.5507875975016973
2866,0.1211798635360606,0.3008201638918947,0.4480280750187745,0.6527360288976757,0.5947181673154042
2867,0.1500249897961719,0.3250327242496876,0.5128334865769556,0.6677327356801255,0.60955090063244
2868,0.1690349911034368,0.340507081784261,0.5325699919554926,0.64292475070681,0.5942232380109702
2869,0.1596220626501703,0.3013681691459674,0.4942976114559942,0.568978238597169,0.535987441056925
2870,0.1649042753661064,0.2621677633659621,0.4153061880438222,0.466749572048925,0.4319305373241887
2871,0.1420000423683449,0.2175146256538274,0.3075811521972895,0.3736972727066322,0.2992804299135231
2872,0.0671097113799436,0.1314381270184313,0.1636714245192843,0.2656103423012326,0.1435914210410775
2873,0.0017771192889181,0.039373837415976,0.0267137560174591,0.1327341774090302,0.0116456870040915
2874,0.0,0.0,0.0,0.0159982380853701,0.0
2875,0.0,0.0,0.0,0.0,0.0
2876,0.0,0.0,0.0,0.0,0.0
2877,0.0,0.0,0.0,0.0,0.0
2878,0.0,0.0,0.0,0.0,0.0
2879,0.0,0.0,0.0,0.0,0.0
2880,0.0,0.0,0.0,0.0,0.0
2881,0.0,0.0,0.0,0.0,0.0
2882,0.0,0.0,0.0,0.0,0.0
2883,0.0,0.0,0.0,0.0,0.0
2884,0.0,0.0,0.0,0.0,0.0
2885,0.0153187030500565,0.0,0.0,0.0,0.0059756155665064
2886,0.1759190656398421,0.0870631566946153,0.1174466372479041,0.0634246280478915,0.1342322927614974
2887,0.3619171969557839,0.2559400077789485,0.298756969356918,0.2244240877026105,0.3080972620254907
2888,0.5291527051227963,0.4623154729253216,0.4580822340239017,0.4003245202030493,0.4649113330649862
2889,0.6464434093732849,0.6304603045832129,0.5708042571577752,0.5525752297799894,0.5728783621931197
2890,0.6983773474242824,0.7305504207429581,0.6042207315396831,0.6609445960030418,0.6224555877431392
2891,0.6950304410883494,0.768719715480941,0.5934317842376056,0.7195493499324448,0.6084999705881566
2892,0.6400686911725281,0.7637552859257476,0.5314234397448883,0.7188915515713522,0.5613622277020277
2893,0.5106915726325129,0.709395691039499,0.4286702951581448,0.6637823379438662,0.5050604620854626
2894,0.3589577627340241,0.6061313665945649,0.3388154074114414,0.5727575737528413,0.4027781695904813
2895,0.2433762945968592,0.4549952341232868,0.24067346727104,0.4503613907128613,0.269279006567321
2896,0.1232481385289861,0.2689327716653941,0.1315014586603278,0.2995301546174655,0.1307147199570968
2897,0.0070890549064361,0.0791526006233973,0.0200642576573892,0.1396378297684911,0.012001998028854
2898,0.0,0.0,0.0,0.01470502016556,0.0
2899,0.0,0.0,0.0,0.0,0.0
2900,0.0,0.0,0.0,0.0,0.0
2901,0.0,0.0,0.0,0.0,0.0
2902,0.0,0.0,0.0,0.0,0.0
2903,0.0,0.0,0.0,0.0,0.0
2904,0.0,0.0,0.0,0.0,0.0
2905,0.0,0.0,0.0,0.0,0.0
2906,0.0,0.0,0.0,0.0,0.0
2907,0.0,0.0,0.0,0.0,0.0
2908,0.0,0.0,0.0,0.0,0.0
2909,0.0190166689087734,0.0,0.0,0.0,0.0079551279083682
2910,0.1820738813410467,0.0995786799537301,0.109610832893067,0.0385091990208433,0.1540044175972254
2911,0.3552654250630367,0.2658169957028504,0.2723353293387828,0.1443577923847788,0.3358668651642728
2912,0.5128355754973157,0.4073825785812184,0.4291257475289323,0.2696797733020469,0.5005350079268731
2913,0.6122942637903688,0.4882790294918055,0.539540325739489,0.3980182563319607,0.6122249653709411
2914,0.6602049679440795,0.5049637525889542,0.572278201911441,0.4860497023323649,0.6615505666911848
2915,0.6818272288175989,0.4962667139241788,0.5398680189082113,0.531984956082588,0.6686916276544627
2916,0.6361477056679709,0.4612783972616714,0.4803354752043683,0.5199415802644621,0.6275132408052159
2917,0.5526044952062411,0.4001637078178279,0.4378602742742652,0.4678384652608711,0.5506950588886484
2918,0.4235500827763866,0.3051639568657833,0.3654313370786102,0.4067300163897712,0.4518194353921353
2919,0.2778432319169427,0.2011342534105495,0.2403021793887237,0.3279843082279457,0.315887079137941
2920,0.1426530075161376,0.1112276184843811,0.1195578317755033,0.2260699531344225,0.1546381130215007
2921,0.0063709680418886,0.0256695672585816,0.0159719846643006,0.1118733379149344,0.0133626643208742
2922,0.0,0.0,0.0,0.0168684724911646,0.0
2923,0.0,0.0,0.0,0.0,0.0
2924,0.0,0.0,0.0,0.0,0.0
2925,0.0,0.0,0.0,0.0,0.0
2926,0.0,0.0,0.0,0.0,0.0
2927,0.0,0.0,0.0,0.0,0.0
2928,0.0,0.0,0.0,0.0,0.0
2929,0.0,0.0,0.0,0.0,0.0
2930,0.0,0.0,0.0,0.0,0.0
2931,0.0,0.0,0.0,0.0,0.0
2932,0.0,0.0,0.0,0.0,0.0
2933,0.0019082581164661,0.0,0.0,0.0,0.0091855003261027
2934,0.0425686274838815,0.0174475993461728,0.0230180809349199,0.0361938202793052,0.122230799750133
2935,0.1344467067049666,0.0796286981834476,0.1054201553273064,0.1277731916137654,0.2579900134490042
2936,0.2224003977457129,0.2003812466916644,0.1991270833159774,0.2434331124489513,0.385200744893934
2937,0.2659346877433938,0.3536207926635307,0.2772741065558953,0.3755565113503074,0.4781598257652352
2938,0.2931216110926003,0.3927516573644957,0.3464969282736303,0.464710101508401,0.5334056696136936
2939,0.3363570574336345,0.4230863879975494,0.3998559950987191,0.4972001666062118,0.5623803457134601
2940,0.343563666735197,0.473706748288484,0.4052398693894055,0.5138284861787391,0.5604206583875363
2941,0.3176909441281366,0.4870842800072097,0.3794860440849578,0.4938491795150981,0.4989214301464204
2942,0.2685823362257596,0.4377671761447781,0.3332897199365226,0.4285882931854221,0.3825363725605369
2943,0.1779136785748105,0.3227067921581782,0.2555476562738804,0.3375154654208667,0.2537765885726973
2944,0.0885785890513415,0.1985372244207921,0.1452105683814416,0.2289295492189669,0.1189931269983195
2945,0.0062308347269928,0.0595867073420496,0.0247361679485139,0.1112544137811657,0.0105189914499093
2946,0.0,0.0,0.0,0.0144265935761697,0.0
2947,0.0,0.0,0.0,0.0,0.0
2948,0.0,0.0,0.0,0.0,0.0
2949,0.0,0.0,0.0,0.0,0.0
2950,0.0,0.0,0.0,0.0,0.0
2951,0.0,0.0,0.0,0.0,0.0
2952,0.0,0.0,0.0,0.0,0.0
2953,0.0,0.0,0.0,0.0,0.0
2954,0.0,0.0,0.0,0.0,0.0
2955,0.0,0.0,0.0,0.0,0.0
2956,0.0,0.0,0.0,0.0,0.0
2957,0.0058519814568659,0.0,0.0,0.0,0.0
2958,0.0574208478054254,0.0840151538620012,0.0530063735840128,0.0517289083517226,0.0563352221874399
2959,0.1258831325217662,0.2341913510873002,0.1167239813687725,0.1699727531706947,0.1407004269644514
2960,0.1915550922117359,0.395362619682024,0.1815453975980478,0.2926092643703513,0.2334097091019636
2961,0.2673200954458127,0.4900874769518396,0.2459076051859657,0.3963514798059483,0.295091996828424
2962,0.3333865031437932,0.5566411824013607,0.2854768078787943,0.472507328216224,0.3307157622947357
2963,0.3536931459846637,0.5993763482006319,0.3019837400568395,0.5058226263707112,0.3462473679103375
2964,0.3361151735161866,0.56655668144294,0.2903272223652231,0.500342929722062,0.3464615191254811
2965,0.298557054883237,0.5071219757494044,0.2592622035401733,0.4643969441620599,0.3205856653210628
2966,0.2372083312994438,0.3989020261494952,0.2195712049004848,0.4099767066813448,0.2621507262631942
2967,0.15665865233591,0.2328094383605894,0.1598636298869695,0.3177198637208391,0.174770205580444
2968,0.0673449929265259,0.0805057689877164,0.0880457124315114,0.2003835019087531,0.0767853014878889
2969,0.0,0.0057093786006756,0.017481891097488,0.0991633260185138,0.0085758952182545
2970,0.0,0.0,0.0,0.0121506944561339,0.0
2971,0.0,0.0,0.0,0.0,0.0
2972,0.0,0.0,0.0,0.0,0.0
2973,0.0,0.0,0.0,0.0,0.0
2974,0.0,0.0,0.0,0.0,0.0
2975,0.0,0.0,0.0,0.0,0.0
2976,0.0,0.0,0.0,0.0,0.0
2977,0.0,0.0,0.0,0.0,0.0
2978,0.0,0.0,0.0,0.0,0.0
2979,0.0,0.0,0.0,0.0,0.0
2980,0.0,0.0,0.0,0.0,0.0
2981,0.0,0.0,0.0,0.0,0.0060726680323764
2982,0.0120332504833517,0.0277583657393365,0.0714059665775813,0.0633063619928482,0.1140509010877543
2983,0.052803584687136,0.1138372484170031,0.1816516062521163,0.2325096394477704,0.2576091761639933
2984,0.0971822879078388,0.2334884921297452,0.3012150540646641,0.4021832365017419,0.3925679251524734
2985,0.1643400824980437,0.3447352865643603,0.406326028127472,0.5265357818882521,0.4890600275228146
2986,0.2256801589342014,0.4641054537218275,0.4748538272362269,0.5892919783887856,0.5574078898850907
2987,0.2581995610184119,0.5446557297870991,0.4964784257804033,0.6213286462426842,0.5602643919357245
2988,0.2546635871876688,0.5557316160545418,0.4761061930997979,0.6203268280423986,0.5180396378919545
2989,0.2067000915697255,0.5385846107925447,0.4216811874299492,0.5709371258550725,0.4654028897314887
2990,0.1484229245301799,0.4607218655807785,0.3384240304897349,0.5029301157019037,0.3749337202576059
2991,0.0927071680934084,0.3513044117683312,0.2388358079707515,0.3981857834364685,0.2635329807394714
2992,0.0399860657612367,0.2204099955234773,0.1357948311607948,0.268402688522062,0.1331853769161678
2993,0.0021059210087465,0.0765268886169411,0.0323839036871408,0.1406238784819318,0.0110430304799587
2994,0.0,0.0,0.0,0.0222324288070707,0.0
2995,0.0,0.0,0.0,0.0,0.0
2996,0.0,0.0,0.0,0.0,0.0
2997,0.0,0.0,0.0,0.0,0.0
2998,0.0,0.0,0.0,0.0,0.0
2999,0.0,0.0,0.0,0.0,0.0
3000,0.0,0.0,0.0,0.0,0.0
3001,0.0,0.0,0.0,0.0,0.0
3002,0.0,0.0,0.0,0.0,0.0
3003,0.0,0.0,0.0,0.0,0.0
3004,0.0,0.0,0.0,0.0,0.0
3005,0.001142917757009,0.0,0.0,0.0,0.0069736081764892
3006,0.0754452121538151,0.1069782333062979,0.1248828014603841,0.0746972380255047,0.1186630784910272
3007,0.1976869382102467,0.2624439432363764,0.2879496338577277,0.2631677870805033,0.2582247797680282
3008,0.3445057726048116,0.4164179827666038,0.4324257877604363,0.4525442707428434,0.3755696543878951
3009,0.4448739233758357,0.5339060190189526,0.5196277862743738,0.6021176297073995,0.4689082524356076
3010,0.436002384798503,0.578588933348702,0.5521197028898239,0.6972322605642277,0.5434776822898374
3011,0.3915798261845738,0.5833925492314498,0.5356474864557369,0.7424536236484076,0.5641453672476356
3012,0.3399852657751065,0.5666440902374328,0.4994025848174841,0.7499676865472498,0.5458699290019815
3013,0.2872272485001336,0.5104549089973819,0.4384259299953454,0.7250429393099227,0.4955931599272751
3014,0.239289012330001,0.4476429184734924,0.336426648697312,0.6529527533521258,0.3933702596244877
3015,0.1754353113086418,0.3480131602219156,0.2398659519795356,0.5338465869005845,0.2743747334556236
3016,0.0928799390672222,0.2009249482099967,0.1324465204634929,0.3736590451344913,0.1391480070422458
3017,0.0134273109673476,0.0687613765489622,0.0271894178837909,0.1844084484003846,0.0157071350156966
3018,0.0,0.0,0.0,0.0218556646450671,0.0
3019,0.0,0.0,0.0,0.0,0.0
3020,0.0,0.0,0.0,0.0,0.0
3021,0.0,0.0,0.0,0.0,0.0
3022,0.0,0.0,0.0,0.0,0.0
3023,0.0,0.0,0.0,0.0,0.0
3024,0.0,0.0,0.0,0.0,0.0
3025,0.0,0.0,0.0,0.0,0.0
3026,0.0,0.0,0.0,0.0,0.0
3027,0.0,0.0,0.0,0.0,0.0
3028,0.0,0.0,0.0,0.0,0.0
3029,0.0291346334253083,0.0,0.0,0.0029701072021191,0.0103739859148376
3030,0.1958772946711248,0.12187750793563,0.1185030732883637,0.0751959597949159,0.1651331875369942
3031,0.3638227101826851,0.3026444725869649,0.2782680550629569,0.2303540403201855,0.3448637549234679
3032,0.4473501944745806,0.464172746862397,0.4107458229024019,0.3935099669593084,0.488036305132693
3033,0.455449363614599,0.5656994576462049,0.4673127187570939,0.5297810844157522,0.5842149272602098
3034,0.4725320453925618,0.6406008280235679,0.4760584355354459,0.6193143047747858,0.6402727494658688
3035,0.472831549624174,0.7173519856084739,0.4581143713322732,0.660272945182472,0.642596897820874
3036,0.4366288108539801,0.7429281367932412,0.4298493800525664,0.6512025550019216,0.6111021561333873
3037,0.4009724268812191,0.6855307139589815,0.3968300292698604,0.6007411466738914,0.55723947251606
3038,0.3314703787972179,0.5514235721487625,0.3424410495985004,0.501490152719809,0.4647054807970383
3039,0.2259641172328511,0.3811830393335575,0.2593737614254227,0.3707022521620521,0.33047231827677
3040,0.1202477389710175,0.2181277340878088,0.1469275222084689,0.233411232363501,0.1643030280746055
3041,0.0176328790167292,0.0719629168105139,0.0357579723349397,0.1036260859762867,0.0187835692956163
3042,0.0,0.0,0.0,0.0182874089576713,0.0
3043,0.0,0.0,0.0,0.0,0.0
3044,0.0,0.0,0.0,0.0,0.0
3045,0.0,0.0,0.0,0.0,0.0
3046,0.0,0.0,0.0,0.0,0.0
3047,0.0,0.0,0.0,0.0,0.0
3048,0.0,0.0,0.0,0.0,0.0
3049,0.0,0.0,0.0,0.0,0.0
3050,0.0,0.0,0.0,0.0,0.0
3051,0.0,0.0,0.0,0.0,0.0
3052,0.0,0.0,0.0,0.0,0.0
3053,0.0308830527547873,0.0,0.0033154766058451,0.0,0.0156972619124989
3054,0.1788332160797378,0.0124128798296301,0.0619010566363424,0.0179230146627746,0.1599582836066044
3055,0.3198644096168279,0.0408758947324967,0.1320389514216516,0.0618634231875746,0.3290558792677073
3056,0.436891866062777,0.0927786358834412,0.2123170775265809,0.1375458657216482,0.4763926626597902
3057,0.5199915436352082,0.1454669650403435,0.3074479975617059,0.206722806951853,0.5852122677452988
3058,0.5771672819998921,0.162002388801782,0.3517910209976995,0.2440529582294846,0.6515947244494664
3059,0.594831314709427,0.163671106804454,0.3002482448873861,0.2543934960849055,0.6733090935388107
3060,0.5538862908687623,0.1477903149310373,0.2153730123531266,0.2508990860107537,0.6493860163836112
3061,0.4725004451029438,0.1066276264363011,0.1361050896659223,0.256397489265237,0.5831410502932233
3062,0.3485676531902275,0.0733213061306185,0.0679780321500554,0.261032851107196,0.4668521536001782
3063,0.2051770635341023,0.0401396255827561,0.0292400627519999,0.2329739929869056,0.311322534653333
3064,0.0848287410306993,0.0074424222706209,0.005652713520794,0.1779090324981262,0.1437542138512087
3065,0.004910220414515,0.0,0.0,0.0994524759553126,0.0123259264024581
3066,0.0,0.0,0.0,0.0143472298752028,0.0
3067,0.0,0.0,0.0,0.0,0.0
3068,0.0,0.0,0.0,0.0,0.0
3069,0.0,0.0,0.0,0.0,0.0
3070,0.0,0.0,0.0,0.0,0.0
3071,0.0,0.0,0.0,0.0,0.0
3072,0.0,0.0,0.0,0.0,0.0
3073,0.0,0.0,0.0,0.0,0.0
3074,0.0,0.0,0.0,0.0,0.0
3075,0.0,0.0,0.0,0.0,0.0
3076,0.0,0.0,0.0,0.0,0.0
3077,0.0,0.0,0.0,0.0,0.0062905370597651
3078,0.0118683751032857,0.1010128760962133,0.0804654622540232,0.0404677712585491,0.081605429953605
3079,0.0369597232483997,0.2095765639070563,0.2098533303213159,0.1446274293818494,0.18530968202351
3080,0.0940091552599362,0.3299031385753878,0.3150057674878729,0.2438674932641509,0.2743217983955814
3081,0.1844078991629822,0.3714189780648427,0.3901657674547141,0.3306957815914869,0.3457159762878868
3082,0.2681033421123462,0.3926103009420634,0.4286332614909383,0.4097017431693158,0.4086079569647017
3083,0.3309765291041678,0.4841831799911155,0.4157773934055787,0.4627462711055139,0.4721578426046094
3084,0.3656952089485656,0.4932948467503205,0.3763182635459295,0.4815649375271515,0.5089744660584576
3085,0.3692256088366862,0.4731627170656504,0.321899729264846,0.4608812917641287,0.4835167431111563
3086,0.3373685234906682,0.4055852567123498,0.2510754770345162,0.393989740470207,0.4112597145632253
3087,0.2366459247125991,0.2907856260980893,0.1752181299888917,0.2998664652597835,0.3016649011620873
3088,0.1079448072905788,0.1707510962600311,0.0961993916815786,0.1803251809578928,0.1556025512263041
3089,0.0115460454656941,0.0446605570480881,0.0162807807507989,0.0709320527021826,0.0170456465524164
3090,0.0,0.0,0.0,0.010255317355443,0.0
3091,0.0,0.0,0.0,0.0,0.0
3092,0.0,0.0,0.0,0.0,0.0
3093,0.0,0.0,0.0,0.0,0.0
3094,0.0,0.0,0.0,0.0,0.0
3095,0.0,0.0,0.0,0.0,0.0
3096,0.0,0.0,0.0,0.0,0.0
3097,0.0,0.0,0.0,0.0,0.0
3098,0.0,0.0,0.0,0.0,0.0
3099,0.0,0.0,0.0,0.0,0.0
3100,0.0,0.0,0.0,0.0,0.0
3101,0.0250319069093454,0.0,0.0,0.0,0.0132621965391653
3102,0.1638239335228273,0.0288806283189935,0.0898968304326193,0.0452189573272725,0.1323698960094483
3103,0.3199351233102597,0.1212682805231066,0.2401417889384406,0.1622007283075295,0.2858960200798013
3104,0.4417402826809554,0.2111409055461556,0.3664133761794732,0.3035913533844489,0.429158305952829
3105,0.5206996344176248,0.3233921078678078,0.4642280300918865,0.4207960632932575,0.5415773338008375
3106,0.5728365394246959,0.4094313761510228,0.5442540176242537,0.4605556419223639,0.5962468626380933
3107,0.5794502412781286,0.4562265948078327,0.561026382385299,0.4350523544167288,0.5855370728550802
3108,0.5430635743375046,0.4657859653572472,0.5375856388088869,0.4344518880190511,0.5542571068753441
3109,0.4958814746379913,0.4183076015237466,0.4873186845366745,0.436110013249458,0.4816437352760159
3110,0.4076591974439389,0.3526520519808835,0.3932530873366859,0.3851521725992803,0.3823188284794069
3111,0.2617634422443209,0.2772324147239465,0.2788211185160795,0.2971360382226854,0.274448206893682
3112,0.1151096679125267,0.172772279951224,0.1554551043850799,0.1906170416026112,0.1421348587147273
3113,0.0089184803407662,0.0529406651064297,0.0313340121239316,0.095228145919861,0.0155892622332476
3114,0.0,0.0,0.0,0.015311757398205,0.0
3115,0.0,0.0,0.0,0.0,0.0
3116,0.0,0.0,0.0,0.0,0.0
3117,0.0,0.0,0.0,0.0,0.0
3118,0.0,0.0,0.0,0.0,0.0
3119,0.0,0.0,0.0,0.0,0.0
3120,0.0,0.0,0.0,0.0,0.0
3121,0.0,0.0,0.0,0.0,0.0
3122,0.0,0.0,0.0,0.0,0.0
3123,0.0,0.0,0.0,0.0,0.0
3124,0.0,0.0,0.0,0.0,0.0
3125,0.0214773450297364,0.0,0.0,0.0011624895237615,0.0141261703366812
3126,0.1460373152870812,0.0498419650894539,0.035237143056242,0.0417266315566998,0.1539566966977474
3127,0.2985655220492617,0.1277088230658506,0.0812484602518827,0.1456495588951585,0.3143064136544212
3128,0.4097222156174662,0.2224425780375029,0.1547280791376133,0.2600172737705871,0.44906044653699
3129,0.4757548727569181,0.3219964093773757,0.2438327817746996,0.3714127818155028,0.5529515533728437
3130,0.5013010480245421,0.3580585813899227,0.3153154952950659,0.4870959005143541,0.6191196325742372
3131,0.4672769375700312,0.3971807346320447,0.333438267412785,0.5463796691053441,0.6225362202361877
3132,0.3829454531539681,0.4636005220701577,0.302853480193324,0.5539807731959506,0.5748762140197066
3133,0.2918151399268252,0.4244835212364237,0.2514372577229961,0.5326308625051509,0.5008088200361543
3134,0.1915097579345506,0.3192112087586936,0.1857103648815006,0.4636442947918691,0.4038538752304121
3135,0.1063748359494173,0.2079072259634039,0.1221780745344295,0.3572516005291708,0.281467209190661
3136,0.0340830005447325,0.0969349084401964,0.0546108114070515,0.2394052677612631,0.1377173610493437
3137,0.0013878714321081,0.0144391779900779,0.0071182827070652,0.1222621488332363,0.0152797827221775
3138,0.0,0.0,0.0,0.0188481167340598,0.0
3139,0.0,0.0,0.0,0.0,0.0
3140,0.0,0.0,0.0,0.0,0.0
3141,0.0,0.0,0.0,0.0,0.0
3142,0.0,0.0,0.0,0.0,0.0
3143,0.0,0.0,0.0,0.0,0.0
3144,0.0,0.0,0.0,0.0,0.0
3145,0.0,0.0,0.0,0.0,0.0
3146,0.0,0.0,0.0,0.0,0.0
3147,0.0,0.0,0.0,0.0,0.0
3148,0.0,0.0,0.0,0.0,0.0
3149,0.0,0.0,0.0,0.0011736863263782,0.0036612116672652
3150,0.0159002424881637,0.0670294609038105,0.0604149640309919,0.0634312869880257,0.0699201330438577
3151,0.0453706638483058,0.2202033470321499,0.1391837313603072,0.2146200292672224,0.1631031457675325
3152,0.0747057316323776,0.3612139384968598,0.2105560708981571,0.3777327701261174,0.25874040726315
3153,0.1059698621302648,0.4705606876195326,0.2875352494584686,0.5256262273492959,0.3328246472083324
3154,0.146786753262839,0.5596494672193278,0.3811327579775921,0.6417638791366829,0.3997309461214639
3155,0.1528199323289899,0.6060683612157971,0.4497581936124343,0.7121545614592227,0.4526506431836506
3156,0.1450210239160233,0.5984020040622342,0.4511928300040686,0.7258599160218858,0.4506873536407592
3157,0.1436460998612129,0.5353419170523683,0.4198457473952929,0.6949805780328903,0.3916217340816829
3158,0.1187886398142994,0.4398303637094357,0.3565409641710448,0.6271167140747265,0.3126878789661105
3159,0.0763677819247628,0.3240683016782933,0.2474602191508912,0.5126929277831046,0.2233697159655277
3160,0.0248293103629937,0.1913906552941993,0.133460955642984,0.3603261971990541,0.1113692337403624
3161,0.0010409616447967,0.0633746583998224,0.0348347219323118,0.1837975758119036,0.0134703975877306
3162,0.0,0.0,0.0,0.0246873909215512,0.0
3163,0.0,0.0,0.0,0.0,0.0
3164,0.0,0.0,0.0,0.0,0.0
3165,0.0,0.0,0.0,0.0,0.0
3166,0.0,0.0,0.0,0.0,0.0
3167,0.0,0.0,0.0,0.0,0.0
3168,0.0,0.0,0.0,0.0,0.0
3169,0.0,0.0,0.0,0.0,0.0
3170,0.0,0.0,0.0,0.0,0.0
3171,0.0,0.0,0.0,0.0,0.0
3172,0.0,0.0,0.0,0.0,0.0
3173,0.0021073841444204,0.0,0.0017310150115982,0.0013795217865582,0.0083041583157152
3174,0.0489173860069412,0.0972994503622955,0.1305623502482018,0.0795950947135796,0.0996975215469487
3175,0.1096844626071283,0.2399421546952279,0.3058066281769907,0.2686432703404969,0.2202598601541595
3176,0.1603349984891086,0.3482780630756285,0.4649024509768779,0.453262738106976,0.3387812202958657
3177,0.2244559106820299,0.3970316795272259,0.5707261002145764,0.6022126289441095,0.4065814063417394
3178,0.3110273047939016,0.4735423594566487,0.6201516354153437,0.705042009346974,0.4475937764956498
3179,0.3742546966271575,0.5451874200650195,0.6254744835531398,0.7593621783364581,0.4853870005093227
3180,0.3957230738756694,0.5349932959068039,0.590492946434192,0.7652636853433702,0.4508875363945679
3181,0.3523447451888915,0.5291790664494298,0.5167187072675423,0.7284717291384385,0.3756171223932417
3182,0.267984919749257,0.486078952704482,0.4361824164432813,0.6459010957288686,0.2982822666361732
3183,0.1821605906646107,0.387575447960359,0.3262950763595086,0.5232557195231166,0.1983813826977095
3184,0.0915951982076067,0.2556052623463957,0.1862419125460622,0.3668600942190737,0.091540848218475
3185,0.007443967951973,0.0909995917038779,0.0504063221061414,0.1853631118414706,0.0070059087709032
3186,0.0,0.0,0.0,0.0245809969920009,0.0
3187,0.0,0.0,0.0,0.0,0.0
3188,0.0,0.0,0.0,0.0,0.0
3189,0.0,0.0,0.0,0.0,0.0
3190,0.0,0.0,0.0,0.0,0.0
3191,0.0,0.0,0.0,0.0,0.0
3192,0.0,0.0,0.0,0.0,0.0
3193,0.0,0.0,0.0,0.0,0.0
3194,0.0,0.0,0.0,0.0,0.0
3195,0.0,0.0,0.0,0.0,0.0
3196,0.0,0.0,0.0,0.0,0.0
3197,0.0169497028564749,0.0,0.0021182423929117,0.0013749594131826,0.0061276249567339
3198,0.1398139271002953,0.1303303070092621,0.1429404661297668,0.0803682910585648,0.0959253938437412
3199,0.269358008849402,0.327534258227697,0.3195606682319031,0.2695794165020125,0.2193946772091362
3200,0.3635857566703034,0.5027362528914163,0.4607405742356562,0.45410386923359,0.3447794925574916
3201,0.4354202310262324,0.6358913242280795,0.5362487176053554,0.6027510436186274,0.4342394930202679
3202,0.4672046223296119,0.7189664415894074,0.5586777673524804,0.7028609814239242,0.4763351407190887
3203,0.4689630955428291,0.7540112912795359,0.5585459462927913,0.7546494326276486,0.4806218996454393
3204,0.4585435599701703,0.7327311648270369,0.5422111161637532,0.7606932152410004,0.448115724668322
3205,0.4104726715891664,0.6577089994432254,0.4875859169768074,0.7248869243692253,0.3979279392012518
3206,0.3210616127633418,0.5432518970545849,0.415983182270205,0.6439439734798291,0.3252281038488293
3207,0.2191050025073913,0.4099185388711934,0.3116007925672593,0.5198228590064233,0.2261177780188853
3208,0.1117959058407831,0.2620582241798258,0.177658580989245,0.3621220313249716,0.1089300694018903
3209,0.0164155012956255,0.0939518433103841,0.0467188706218446,0.1837588470557785,0.0138882386823794
3210,0.0,0.0,0.0,0.0254255931293931,0.0
3211,0.0,0.0,0.0,0.0,0.0
3212,0.0,0.0,0.0,0.0,0.0
3213,0.0,0.0,0.0,0.0,0.0
3214,0.0,0.0,0.0,0.0,0.0
3215,0.0,0.0,0.0,0.0,0.0
3216,0.0,0.0,0.0,0.0,0.0
3217,0.0,0.0,0.0,0.0,0.0
3218,0.0,0.0,0.0,0.0,0.0
3219,0.0,0.0,0.0,0.0,0.0
3220,0.0,0.0,0.0,0.0,0.0
3221,0.0,0.0,0.0014084084026523,0.0013405608044922,0.0060015082164394
3222,0.0182018120901666,0.1125384027557978,0.1232382320601593,0.0785713968606457,0.107304769613804
3223,0.0482085453963383,0.264510415469825,0.2625953952101544,0.2630662201832677,0.235236125389334
3224,0.0659546789838391,0.3802287796452688,0.3674104454072296,0.4427053775666389,0.3242963461606477
3225,0.0998520533296338,0.4284484787984955,0.4472296983885887,0.589401382376883,0.3702233882141706
3226,0.1142688367083533,0.477032098839515,0.4803799801321342,0.6922394745769941,0.3853227581057872
3227,0.0943733229042468,0.5354051036341662,0.4589254155830202,0.750848243048153,0.3819376394313924
3228,0.0852128012663145,0.5373821436170306,0.4014878949013124,0.7628941003891165,0.3659771209475134
3229,0.0705841603463961,0.4975542778086673,0.3177340108624247,0.724019007257938,0.3099698824582501
3230,0.0513420678773247,0.4289849128216282,0.2341047421579261,0.6415928413600691,0.2294852002926281
3231,0.0379701885759743,0.3282070829239016,0.1555061914470754,0.5187784682986294,0.1532514982819892
3232,0.0162828494769755,0.2030597546815263,0.0748504973811083,0.3586312259605531,0.0776017406759268
3233,0.0020362438442262,0.0742648721182536,0.0163617074549197,0.1825245396849942,0.0109143702549291
3234,0.0,0.0,0.0,0.028574814147635,0.0
3235,0.0,0.0,0.0,0.0,0.0
3236,0.0,0.0,0.0,0.0,0.0
3237,0.0,0.0,0.0,0.0,0.0
3238,0.0,0.0,0.0,0.0,0.0
3239,0.0,0.0,0.0,0.0,0.0
3240,0.0,0.0,0.0,0.0,0.0
3241,0.0,0.0,0.0,0.0,0.0
3242,0.0,0.0,0.0,0.0,0.0
3243,0.0,0.0,0.0,0.0,0.0
3244,0.0,0.0,0.0,0.0,0.0
3245,0.0011246471323135,0.0,0.0,0.0038530292554932,0.0056013364153574
3246,0.0238313091452057,0.1228737181400674,0.0727491583043245,0.0888809501111758,0.0971440891983185
3247,0.057343347728687,0.2978660941546274,0.173720158139852,0.2500206841413239,0.2304936455421926
3248,0.114922991221318,0.4559550825141502,0.2390153562698301,0.4185745327394457,0.3632168867158758
3249,0.1787509951151637,0.5583814016437044,0.2739329910985238,0.5504086920976261,0.4531485156179136
3250,0.206520735294013,0.5762804294837918,0.2768938690642022,0.6324313299650602,0.4973666207985402
3251,0.2031344074381201,0.5358365441095195,0.2484098125654414,0.6586957530315722,0.4949579731003669
3252,0.1905666674023289,0.4491387683234178,0.2072283004622068,0.628667658663702,0.4663395024008439
3253,0.170603315928439,0.3779118679228466,0.172860464896764,0.5616605138955401,0.4427149774165114
3254,0.1354291467570696,0.3219665745589144,0.1294793906790275,0.4784659218096589,0.3680025747570689
3255,0.0877525104391003,0.2363672257654344,0.0703368979401861,0.3907806524913911,0.25140445043975
3256,0.0384038902925932,0.152087978882728,0.0245313867085643,0.2838881273551527,0.1309435196202154
3257,0.0024312839588065,0.0570133720057752,0.0,0.1511158814095766,0.0188181658706544
3258,0.0,0.0,0.0,0.0295395955618193,0.0
3259,0.0,0.0,0.0,0.0,0.0
3260,0.0,0.0,0.0,0.0,0.0
3261,0.0,0.0,0.0,0.0,0.0
3262,0.0,0.0,0.0,0.0,0.0
3263,0.0,0.0,0.0,0.0,0.0
3264,0.0,0.0,0.0,0.0,0.0
3265,0.0,0.0,0.0,0.0,0.0
3266,0.0,0.0,0.0,0.0,0.0
3267,0.0,0.0,0.0,0.0,0.0
3268,0.0,0.0,0.0,0.0,0.0
3269,0.0218215977578805,0.0,0.0,0.0030621276903417,0.0182072687150018
3270,0.1347043754641008,0.1026699219561924,0.1015225320076555,0.0331568573079725,0.1585464539735993
3271,0.2585213771713874,0.240247076779645,0.2266018307836572,0.0866451839911986,0.3226372925722464
3272,0.3337970582823973,0.3696780329589688,0.3414213863011921,0.1478260433073419,0.4627788896992142
3273,0.3677224088666788,0.4580159881903826,0.4269921104778335,0.2023093788100989,0.5483691041069063
3274,0.3891283525030627,0.4787408107808262,0.46992836158532,0.2416513230689291,0.5786462639044941
3275,0.3933210187653106,0.4494841046218834,0.4728991668821489,0.2535314232505841,0.5641703101458951
3276,0.3834445307338616,0.4226648333728633,0.4608849542366302,0.2397561886706723,0.5366722549806043
3277,0.3271679821173203,0.375249165903637,0.4115765601877365,0.211834372303032,0.4866153608914159
3278,0.2582098486103692,0.2819872836016982,0.3224137248027177,0.1659014830627189,0.3931221007875606
3279,0.1935086916461971,0.18733833082412,0.2398816081735271,0.1289192771809537,0.2787249431741103
3280,0.1062609445924689,0.1002200087648955,0.1414137067510041,0.0900066456983668,0.144770838013677
3281,0.0155062757014759,0.0265673140729137,0.0353743572776337,0.0427533131307294,0.0183449794804684
3282,0.0,0.0,0.0,0.0100881368242867,0.0
3283,0.0,0.0,0.0,0.0,0.0
3284,0.0,0.0,0.0,0.0,0.0
3285,0.0,0.0,0.0,0.0,0.0
3286,0.0,0.0,0.0,0.0,0.0
3287,0.0,0.0,0.0,0.0,0.0
3288,0.0,0.0,0.0,0.0,0.0
3289,0.0,0.0,0.0,0.0,0.0
3290,0.0,0.0,0.0,0.0,0.0
3291,0.0,0.0,0.0,0.0,0.0
3292,0.0,0.0,0.0,0.0,0.0
3293,0.0314810161370595,0.0,0.0021338525293701,0.0030501342086736,0.0034872061891575
3294,0.153898470640843,0.0505076411080993,0.1305864845474007,0.0465795294521835,0.0628240532071122
3295,0.2596177983895613,0.1383679519054912,0.2868241915198696,0.1327946310438522,0.1554259463575993
3296,0.3558905911515916,0.2639966974225084,0.4392172837792475,0.2332778675969479,0.2468093220928729
3297,0.4189675448508365,0.3247299392312791,0.55121439096441,0.3279565365565679,0.3264434466355415
3298,0.4455008953929334,0.3238773666578824,0.6060688990202143,0.4136613044813283,0.3918212051383038
3299,0.431461092429551,0.3122474337806838,0.6144090431507593,0.4630660440597631,0.4307005158246623
3300,0.3798270668884796,0.3331220006240356,0.568367878984764,0.4944956755278523,0.4594705451865028
3301,0.334070070626803,0.3491343870969861,0.4864048289317123,0.4831998236578778,0.4288383766521991
3302,0.2913560348380206,0.3011299715316494,0.3865239393218276,0.413946261018747,0.3525333129165111
3303,0.2124522964318316,0.2320209902265684,0.2667024872563658,0.3288144964202016,0.2621500376203239
3304,0.1154123001386029,0.1435012617221483,0.1462531531443534,0.2254461054437439,0.1345254555073803
3305,0.0183672994984493,0.0517840992206115,0.0367144628874157,0.1185035854603214,0.0158607002912128
3306,0.0,0.0,0.0,0.0227636869912002,0.0
3307,0.0,0.0,0.0,0.0,0.0
3308,0.0,0.0,0.0,0.0,0.0
3309,0.0,0.0,0.0,0.0,0.0
3310,0.0,0.0,0.0,0.0,0.0
3311,0.0,0.0,0.0,0.0,0.0
3312,0.0,0.0,0.0,0.0,0.0
3313,0.0,0.0,0.0,0.0,0.0
3314,0.0,0.0,0.0,0.0,0.0
3315,0.0,0.0,0.0,0.0,0.0
3316,0.0,0.0,0.0,0.0,0.0
3317,0.0347500078727969,0.0,0.0037447818849123,0.0019856751038791,0.0140418094817731
3318,0.1559967778794577,0.0272793596615826,0.1190167395705257,0.0478106195297335,0.1229354493853176
3319,0.2915124119130877,0.1176741334758652,0.2627666893413002,0.140810582832015,0.248627485768989
3320,0.4170739633464476,0.1941811335978085,0.3886899645203805,0.2374764190933839,0.3668520090935787
3321,0.4974777396619794,0.2728214757582324,0.4851746854336866,0.322995662456784,0.4488298835228375
3322,0.5463880232373625,0.3418977703133837,0.5517804602673564,0.3890652691094169,0.4916908317711381
3323,0.5810373964735369,0.4141932674870597,0.5777447412759457,0.4493873514364135,0.524069031274886
3324,0.5513933628496758,0.4520097648265702,0.5494822572014455,0.4661250600459719,0.5075014930912668
3325,0.4358392640886914,0.4124390940530222,0.4821023129477935,0.4299562883301339,0.4532267593801825
3326,0.3057742227003068,0.3312581458645957,0.3749844326171172,0.3881937484560884,0.3751523854563821
3327,0.193907614084227,0.2284718794311406,0.2573266892846242,0.3224687719007006,0.2590011355796925
3328,0.08943397009904,0.1349338271105156,0.1310606441087733,0.2209051596787898,0.1309352281816684
3329,0.0108884111272664,0.0433201858837617,0.0227288796543305,0.1158364680423283,0.0173382039993151
3330,0.0,0.0,0.0,0.0259873695182092,0.0
3331,0.0,0.0,0.0,0.0,0.0
3332,0.0,0.0,0.0,0.0,0.0
3333,0.0,0.0,0.0,0.0,0.0
3334,0.0,0.0,0.0,0.0,0.0
3335,0.0,0.0,0.0,0.0,0.0
3336,0.0,0.0,0.0,0.0,0.0
3337,0.0,0.0,0.0,0.0,0.0
3338,0.0,0.0,0.0,0.0,0.0
3339,0.0,0.0,0.0,0.0,0.0
3340,0.0,0.0,0.0,0.0,0.0
3341,0.0055155187591667,0.0,0.0022014867213763,0.0010846391866037,0.0147410781495046
3342,0.0400131357115901,0.0036817136358926,0.0624837928379847,0.039484150235638,0.1273147978560359
3343,0.0861935185491628,0.0331131764416302,0.1337578304238219,0.1238419191397529,0.2635550569053662
3344,0.1602422393716314,0.0665137613474074,0.1905818147187722,0.2370156858399422,0.3886407172603122
3345,0.251083275207262,0.0906931930187162,0.2326721930650094,0.3450420622468791,0.4861904422619364
3346,0.3091996585570368,0.0941164469620379,0.2429619122706123,0.4252772076415632,0.5345854059156249
3347,0.3306616388303817,0.0929726427513074,0.2256728171889112,0.4681931523134405,0.5428226884727632
3348,0.3272255953579565,0.0863298084496516,0.206050142599018,0.486491089592576,0.5243869418929309
3349,0.2929223921268856,0.0746684921080788,0.1662492393428339,0.472487962935291,0.4685178252330555
3350,0.2288124363380376,0.0675259086065197,0.1241881450466401,0.409778902632877,0.3910516940116547
3351,0.1543530023080165,0.0448931050297387,0.0775538639893536,0.3342862172366235,0.2821963494715626
3352,0.0830920027736317,0.0161794755796351,0.0282940696201642,0.2397194123851332,0.1481593769440093
3353,0.008170580091245,0.0021309532360331,0.0048840606725896,0.1278454963807052,0.0195620863183667
3354,0.0,0.0,0.0,0.0245920677540201,0.0
3355,0.0,0.0,0.0,0.0,0.0
3356,0.0,0.0,0.0,0.0,0.0
3357,0.0,0.0,0.0,0.0,0.0
3358,0.0,0.0,0.0,0.0,0.0
3359,0.0,0.0,0.0,0.0,0.0
3360,0.0,0.0,0.0,0.0,0.0
3361,0.0,0.0,0.0,0.0,0.0
3362,0.0,0.0,0.0,0.0,0.0
3363,0.0,0.0,0.0,0.0,0.0
3364,0.0,0.0,0.0,0.0,0.0
3365,0.0179080191267293,0.0,0.001451278671419,0.0018741312225663,0.0141940762211185
3366,0.0635641872627082,0.0067395569196695,0.0159247631417313,0.0625445012409725,0.1270712771771207
3367,0.1061378635870015,0.0683260850696448,0.0355046837857835,0.1691161614615747,0.2759720196136553
3368,0.1440590406134491,0.154548384148877,0.060778117339496,0.2910480824836303,0.4136220998166462
3369,0.1609222288428072,0.2376796160944048,0.0856318271506344,0.4143364690511895,0.5160424215471886
3370,0.1645797756394725,0.2970424715902678,0.1089217430493545,0.5064999775816627,0.5639502013784266
3371,0.1905037164283529,0.3373410364159826,0.1209450238422059,0.5616792730068103,0.5855400965920713
3372,0.1847914264219469,0.3135990921031377,0.1190349527434725,0.5805789960447469,0.5663626702076706
3373,0.1457951553411406,0.2380122848390228,0.1139968501070536,0.5533169386773544,0.4953630269963924
3374,0.1302709668517332,0.1889064628201436,0.093205793526919,0.4876362794239737,0.4181273041356581
3375,0.0977870056310627,0.127102674187471,0.0604600529309077,0.3902065177214094,0.3086699589454166
3376,0.0496465331233651,0.061496087213909,0.0277057085651139,0.274192849538111,0.1605509278344889
3377,0.0043082082275929,0.0181548171240952,0.0036928247029307,0.1467256759913928,0.0244476990423161
3378,0.0,0.0,0.0,0.0283998095079722,0.0
3379,0.0,0.0,0.0,0.0,0.0
3380,0.0,0.0,0.0,0.0,0.0
3381,0.0,0.0,0.0,0.0,0.0
3382,0.0,0.0,0.0,0.0,0.0
3383,0.0,0.0,0.0,0.0,0.0
3384,0.0,0.0,0.0,0.0,0.0
3385,0.0,0.0,0.0,0.0,0.0
3386,0.0,0.0,0.0,0.0,0.0
3387,0.0,0.0,0.0,0.0,0.0
3388,0.0,0.0,0.0,0.0,0.0
3389,0.0159413477971203,0.0,0.0,0.0036982247822964,0.0198414268142509
3390,0.0704624427915896,0.0705335358791457,0.0121699763694653,0.080641125772705,0.1530986919457355
3391,0.1129718901606661,0.2001443582490291,0.0600847103193582,0.2485512802013584,0.3123176106732936
3392,0.1377154770667943,0.3192753423489728,0.1293898001061679,0.4180989743644703,0.4493253986117088
3393,0.1672202251500175,0.443375764977774,0.1999954359570007,0.556523049130108,0.5507127341552046
3394,0.1885577259158811,0.5459723444437675,0.2583853995836285,0.6339805442563435,0.6060872599758678
3395,0.1949551976538473,0.6017591268350792,0.282073248037918,0.6558107661540777,0.608653460266807
3396,0.1997157859468961,0.6135551391711133,0.2795455141212317,0.6445097494992332,0.5863675674267439
3397,0.2049946824059891,0.5952426802812787,0.2706550431842008,0.6091495840457724,0.5354337796634845
3398,0.1902145517380287,0.519025058270108,0.2462832575649058,0.5251563192764148,0.4318977318908021
3399,0.1376725574464477,0.3818143504655267,0.1830058731067467,0.4110796531343197,0.2977453618392802
3400,0.069770215114459,0.2272709640725051,0.1092956031045232,0.2979628654178112,0.1528802515286653
3401,0.0126402293098258,0.0842956676579741,0.0361637682922572,0.1646937200160723,0.0215195904721121
3402,0.0,0.0,0.0,0.032169407280646,0.0
3403,0.0,0.0,0.0,0.0,0.0
3404,0.0,0.0,0.0,0.0,0.0
3405,0.0,0.0,0.0,0.0,0.0
3406,0.0,0.0,0.0,0.0,0.0
3407,0.0,0.0,0.0,0.0,0.0
3408,0.0,0.0,0.0,0.0,0.0
3409,0.0,0.0,0.0,0.0,0.0
3410,0.0,0.0,0.0,0.0,0.0
3411,0.0,0.0,0.0,0.0,0.0
3412,0.0,0.0,0.0,0.0,0.0
3413,0.0109471633180485,0.0015513800890691,0.0023902214314968,0.003833892827246,0.0200011859232459
3414,0.1008157702162992,0.1257211938382849,0.1335797882402693,0.0855401769291005,0.1550503497169685
3415,0.1974487879815526,0.304524798582823,0.2870501347678881,0.258576985890214,0.3184592978453133
3416,0.2831800515644656,0.478173662307885,0.4351690194507938,0.4212310684032971,0.4681555201925664
3417,0.363967304094284,0.6102921168980128,0.5400208128877266,0.5499253004605354,0.5761582330741253
3418,0.3799552086650104,0.6913716653747182,0.5767062213828099,0.6359940638959866,0.6291582408815845
3419,0.3802653621640257,0.7227530663188072,0.5683539896795033,0.6799915240831697,0.6319211060840618
3420,0.3924114849189444,0.6980071245540325,0.5412086856860479,0.6685834470143837,0.5840677343228594
3421,0.3493768959687157,0.646672342658961,0.4884386730334156,0.6133107374753612,0.5042852374994276
3422,0.296664292153168,0.5616122458867111,0.4052441184848405,0.5225041903041816,0.4020413979868401
3423,0.2437110047125091,0.4201111480541561,0.3013713903340233,0.4061909433686785,0.2811894276482048
3424,0.1469811964687773,0.2585886811872706,0.1764379544135653,0.2723895080394851,0.1500192529474042
3425,0.0255929525082217,0.0929323934414557,0.0477526730040438,0.1351073050657134,0.0235869639581334
3426,0.0,0.0,0.0,0.0334327804359045,0.0
3427,0.0,0.0,0.0,0.0,0.0
3428,0.0,0.0,0.0,0.0,0.0
3429,0.0,0.0,0.0,0.0,0.0
3430,0.0,0.0,0.0,0.0,0.0
3431,0.0,0.0,0.0,0.0,0.0
3432,0.0,0.0,0.0,0.0,0.0
3433,0.0,0.0,0.0,0.0,0.0
3434,0.0,0.0,0.0,0.0,0.0
3435,0.0,0.0,0.0,0.0,0.0
3436,0.0,0.0,0.0,0.0,0.0
3437,0.0416097314170909,0.0,0.0042344394215816,0.0059147368085162,0.0213166127676919
3438,0.2056764613172662,0.1189604844885041,0.1339420015103113,0.0500771474337535,0.1607689799516741
3439,0.3721622878187735,0.2775314004427354,0.2921132829679292,0.1235618781677106,0.3186052155629086
3440,0.5148052385429107,0.4238599980167504,0.4311111751044073,0.2083108000749078,0.4558994984255577
3441,0.615156548658215,0.5246229183038714,0.548741958372245,0.2936656837590549,0.554596268254526
3442,0.6473081990901945,0.6019815601280665,0.6121968430658857,0.3610107748016266,0.6146572798011544
3443,0.6211552108768397,0.6331471406862706,0.593682669056162,0.4032753649056557,0.6251850051373954
3444,0.5553700079402437,0.5772798895232163,0.5176678952151041,0.4130025508272787,0.5923540325631484
3445,0.4664375175422796,0.4935113959453554,0.4339446479217668,0.3818152052730728,0.5279696729737958
3446,0.3674309748286427,0.4152296547570109,0.3449575275593593,0.3091266849754088,0.422932002258693
3447,0.2556679285851349,0.3053457374166015,0.2347844508739043,0.2417770482714899,0.289016444658785
3448,0.1426178887082111,0.1765372598143058,0.1282150072437076,0.1797934494731859,0.1497379292075479
3449,0.0219276822988862,0.0594432882739734,0.0340203031281184,0.0984996011149682,0.023458805094324
3450,0.0,0.0,0.0,0.022111575252351,0.0
3451,0.0,0.0,0.0,0.0,0.0
3452,0.0,0.0,0.0,0.0,0.0
3453,0.0,0.0,0.0,0.0,0.0
3454,0.0,0.0,0.0,0.0,0.0
3455,0.0,0.0,0.0,0.0,0.0
3456,0.0,0.0,0.0,0.0,0.0
3457,0.0,0.0,0.0,0.0,0.0
3458,0.0,0.0,0.0,0.0,0.0
3459,0.0,0.0,0.0,0.0,0.0
3460,0.0,0.0,0.0,0.0,0.0
3461,0.0421074579929797,0.0033232727218596,0.0060285328944583,0.0048989106337118,0.0195361429194149
3462,0.1887741093976321,0.0789791541922416,0.1225020651657626,0.0564516205596535,0.1350031100577191
3463,0.3467598304378863,0.2008911981603535,0.2708328488789777,0.158961201473067,0.2569317442922803
3464,0.4874993838557252,0.363810260239699,0.4009759661968736,0.2731057457570991,0.3673656652052026
3465,0.5494923614346348,0.4846646822557305,0.5031186419786067,0.3656685523971456,0.4484612915995218
3466,0.5464175424772602,0.4840416799366154,0.5645085416463062,0.4419181114414703,0.4806777728134581
3467,0.5458637989678838,0.4711233143306406,0.5773511247703431,0.5018910835683597,0.4808797024120031
3468,0.519790102376654,0.4831426984180229,0.5529431020521504,0.508397697893412,0.447471554409763
3469,0.4468671254400495,0.4711960606797575,0.4931702669089938,0.4658708819967395,0.3747474615804504
3470,0.3543404293710461,0.4121989699873424,0.3964284242193675,0.4008410183486634,0.276231179258164
3471,0.2312422924803125,0.2699562415801056,0.2773171556787946,0.3278207134341013,0.1803442749216868
3472,0.1015819605089679,0.1500007398474828,0.1535772235842654,0.2334714881422346,0.0954538686755684
3473,0.0130163397053065,0.0548949247393884,0.03940959961717,0.1236001853340298,0.012833637328781
3474,0.0,0.0,0.0,0.026373802128857,0.0
3475,0.0,0.0,0.0,0.0,0.0
3476,0.0,0.0,0.0,0.0,0.0
3477,0.0,0.0,0.0,0.0,0.0
3478,0.0,0.0,0.0,0.0,0.0
3479,0.0,0.0,0.0,0.0,0.0
3480,0.0,0.0,0.0,0.0,0.0
3481,0.0,0.0,0.0,0.0,0.0
3482,0.0,0.0,0.0,0.0,0.0
3483,0.0,0.0,0.0,0.0,0.0
3484,0.0,0.0,0.0,0.0,0.0
3485,0.0319568240216078,0.0,0.0026132096678794,0.0034030900795019,0.0024638972486675
3486,0.1564208437770351,0.0915007991206191,0.122948245228063,0.0562562645523987,0.0286171805000122
3487,0.3028593953195366,0.2391517774493696,0.2850566715190334,0.1470110662036448,0.0681623371395295
3488,0.4337587277236989,0.3652643280744646,0.4209839013501302,0.2515304065944933,0.1072659476493066
3489,0.5304424575781262,0.4466908335651821,0.5007052915829365,0.3467528570369205,0.1438514760775952
3490,0.5872250412299488,0.4724257967198153,0.5256714140597825,0.4123061667780134,0.2022747794939835
3491,0.6042864093274865,0.4535116113818047,0.5239282742348933,0.4589233645681118,0.2481903896877822
3492,0.5770375001593816,0.4178544087444272,0.4697968966674768,0.4595083551785531,0.2239687938894612
3493,0.4972841001571325,0.3610786574621886,0.3781818564742779,0.4203558573732922,0.1724551090335422
3494,0.3755653980736614,0.3175222455593013,0.3003626790171973,0.3654804405461128,0.1290212001210202
3495,0.2486836802580039,0.2709153236398957,0.2337318530195552,0.2940885022378867,0.0816839009034206
3496,0.1243407351475858,0.1895583869455137,0.1378080171447478,0.2133200117185009,0.0341589705095571
3497,0.0189419432878775,0.0761298504152965,0.0372802227194605,0.117769164667351,0.0
3498,0.0,0.0,0.0,0.0251088618660683,0.0
3499,0.0,0.0,0.0,0.0,0.0
3500,0.0,0.0,0.0,0.0,0.0
3501,0.0,0.0,0.0,0.0,0.0
3502,0.0,0.0,0.0,0.0,0.0
3503,0.0,0.0,0.0,0.0,0.0
3504,0.0,0.0,0.0,0.0,0.0
3505,0.0,0.0,0.0,0.0,0.0
3506,0.0,0.0,0.0,0.0,0.0
3507,0.0,0.0,0.0,0.0,0.0
3508,0.0,0.0,0.0,0.0,0.0
3509,0.0327337423883196,0.0,0.0037161331898297,0.0021711381616555,0.003863207769898
3510,0.1269867451863625,0.0719812891575372,0.0962849054727444,0.0378970788082042,0.0670184618339163
3511,0.1823509424217888,0.1652760931629396,0.1905144676256331,0.1050049243625719,0.1768010219171883
3512,0.1992384083531655,0.290328745689511,0.2936388187469672,0.1703596424110423,0.2917397957949045
3513,0.2192791600720652,0.3702316189949412,0.3603427463101434,0.2121707831194509,0.3743237941599536
3514,0.2377367651391617,0.4108907694744761,0.3693760869209915,0.2369458815451107,0.4153042821506418
3515,0.257683965518522,0.4349413176884372,0.3518946575851212,0.2591246399652912,0.4368809216324822
3516,0.2474850162062482,0.4237599484962222,0.296570153912804,0.2641632685382275,0.410294716075412
3517,0.1902942209633222,0.3453606359971148,0.2362471642959677,0.2533179508276361,0.3561665118465606
3518,0.1094827639290969,0.2365850492164631,0.1830000358232467,0.2295521488358905,0.2827379213333816
3519,0.0516918934738611,0.1707651606220035,0.1175329301167587,0.1941736188934693,0.183444731724275
3520,0.0153229824784531,0.1118387659450348,0.0601425200190578,0.1458355152083658,0.0896554575335099
3521,0.0,0.0329762089053595,0.0108901609912547,0.0849428692590943,0.0103367798724692
3522,0.0,0.0,0.0,0.0197531304011839,0.0
3523,0.0,0.0,0.0,0.0,0.0
3524,0.0,0.0,0.0,0.0,0.0
3525,0.0,0.0,0.0,0.0,0.0
3526,0.0,0.0,0.0,0.0,0.0
3527,0.0,0.0,0.0,0.0,0.0
3528,0.0,0.0,0.0,0.0,0.0
3529,0.0,0.0,0.0,0.0,0.0
3530,0.0,0.0,0.0,0.0,0.0
3531,0.0,0.0,0.0,0.0,0.0
3532,0.0,0.0,0.0,0.0,0.0
3533,0.0114916787318487,0.0,0.0011322695692539,0.0017932827142144,0.0074631754448839
3534,0.0329362230323707,0.0030728931882613,0.0324381368691776,0.0446637175878982,0.1084210035124494
3535,0.0521561379406935,0.0237256922826473,0.0882005404859709,0.1443708997484517,0.2551998352762223
3536,0.0757542951117723,0.0444286500894901,0.1342233484918202,0.2732671398128712,0.3663756989607928
3537,0.0954368891021303,0.0634197173832012,0.1805553339541672,0.3846755343300913,0.4314799734393366
3538,0.1292384154600192,0.1142019755579663,0.2291261066729726,0.4562563863011501,0.4816087703416485
3539,0.1492580133485335,0.1931982287088134,0.2620040720977141,0.4990439782606111,0.5084219128977043
3540,0.1614730675882692,0.2243248700016596,0.2592470757710414,0.5109797259613519,0.5016768443462306
3541,0.184709716830479,0.2358915007666026,0.2394233933655527,0.5011932091762921,0.4537448689474165
3542,0.1587210887154563,0.2131497575410955,0.2076597280891049,0.4677657512294121,0.3687736068142448
3543,0.1080366220547411,0.1728087402175827,0.157488455995377,0.3860001080162038,0.2637774829622263
3544,0.0523687235175263,0.1230847445627091,0.0973892547245132,0.2696920051544622,0.141749070025809
3545,0.0022592263104474,0.0480628046464991,0.0323696583269202,0.1446368946595177,0.0220388848119715
3546,0.0,0.0,0.0,0.0289635824813796,0.0
3547,0.0,0.0,0.0,0.0,0.0
3548,0.0,0.0,0.0,0.0,0.0
3549,0.0,0.0,0.0,0.0,0.0
3550,0.0,0.0,0.0,0.0,0.0
3551,0.0,0.0,0.0,0.0,0.0
3552,0.0,0.0,0.0,0.0,0.0
3553,0.0,0.0,0.0,0.0,0.0
3554,0.0,0.0,0.0,0.0,0.0
3555,0.0,0.0,0.0,0.0,0.0
3556,0.0,0.0,0.0,0.0,0.0
3557,0.0,0.0,0.001114315837356,0.0037917129769965,0.0130049164839871
3558,0.002455119587806,0.0648434370643959,0.0673984148501958,0.0708373899241322,0.1187919121501952
3559,0.0191124457429339,0.178959991279392,0.1720463621531491,0.2002949761714984,0.251789718245313
3560,0.0403787443698537,0.3263694227461249,0.2641016475551049,0.3247788861602041,0.3815815857674733
3561,0.0679161828014214,0.4721235187591616,0.3419105623728589,0.4308805266586578,0.4809578703934661
3562,0.0847023986250753,0.5706816656848176,0.3839407791917233,0.4900541236765317,0.5414243430579632
3563,0.0884905696267903,0.6017452327171662,0.3973900957516796,0.5272782497484896,0.556424098519589
3564,0.1049979554520073,0.5943222544376644,0.4069671063987682,0.5306152000377298,0.5471921178927419
3565,0.0949566006123035,0.5684706597924247,0.397498795139171,0.4692040746143797,0.4911053948884648
3566,0.0620931288964458,0.4820243163546802,0.349008210548674,0.3932368245290054,0.398133687603115
3567,0.0401985449155344,0.3327154186237208,0.2496331697365708,0.319851783486819,0.2781797021235764
3568,0.0127889716286268,0.1904570068214725,0.1342094068417606,0.2294505833269032,0.1383061167104251
3569,0.0020884333755051,0.0694192264925608,0.0396478350763968,0.1269570093138765,0.0224762728878691
3570,0.0,0.0,0.0,0.0314911673042876,0.0
3571,0.0,0.0,0.0,0.0,0.0
3572,0.0,0.0,0.0,0.0,0.0
3573,0.0,0.0,0.0,0.0,0.0
3574,0.0,0.0,0.0,0.0,0.0
3575,0.0,0.0,0.0,0.0,0.0
3576,0.0,0.0,0.0,0.0,0.0
3577,0.0,0.0,0.0,0.0,0.0
3578,0.0,0.0,0.0,0.0,0.0
3579,0.0,0.0,0.0,0.0,0.0
3580,0.0,0.0,0.0,0.0,0.0
3581,0.0082061635753879,0.0018689142185168,0.0043945066861896,0.0045391844624095,0.0193242514182946
3582,0.0561648953958565,0.1154029713247537,0.1390096430544747,0.074936716482617,0.1476520950571268
3583,0.1265451837371731,0.2692973176606179,0.2911342700180888,0.2009260913437674,0.3042280203722095
3584,0.1866269944607084,0.4197267242392942,0.4181824651299389,0.3235526539062878,0.4344642812066751
3585,0.2344591263180343,0.5485635460416436,0.4962221266346683,0.4149439787914428,0.5236793418591428
3586,0.2491186396683445,0.6077397575118201,0.5137896631973209,0.4696242809205826,0.5704227596107672
3587,0.2282016494078801,0.6076563949282804,0.4964506822516439,0.4883644343067033,0.5714955081792433
3588,0.2095345670563068,0.6014497638239082,0.4368520408703212,0.4775273009541702,0.5476251650696564
3589,0.1885467614157192,0.5858631247197243,0.342914879887857,0.4393374203936968,0.4895698849298361
3590,0.1737173966758837,0.5232715060950298,0.2783964080044227,0.3944519305266082,0.384276529768203
3591,0.1291826198445792,0.4058997123381919,0.2024000048083788,0.3254004725996018,0.2580721088024904
3592,0.0712645180769139,0.2577234137652383,0.1050581676718413,0.2361581551879583,0.1333768279964332
3593,0.0166693719140305,0.0974421852142036,0.0241913119026823,0.1397857639492145,0.0212822530246429
3594,0.0,0.0,0.0,0.0357728694955279,0.0
3595,0.0,0.0,0.0,0.0,0.0
3596,0.0,0.0,0.0,0.0,0.0
3597,0.0,0.0,0.0,0.0,0.0
3598,0.0,0.0,0.0,0.0,0.0
3599,0.0,0.0,0.0,0.0,0.0
3600,0.0,0.0,0.0,0.0,0.0
3601,0.0,0.0,0.0,0.0,0.0
3602,0.0,0.0,0.0,0.0,0.0
3603,0.0,0.0,0.0,0.0,0.0
3604,0.0,0.0,0.0,0.0,0.0
3605,0.0212237293687833,0.0011691491000847,0.0,0.0045492046404086,0.0200485575506887
3606,0.1011834511307528,0.1281459258096954,0.0728873144909491,0.0846525320356795,0.1584532423152412
3607,0.2032649125342262,0.3048799810471397,0.1843203714839692,0.2562396704970976,0.318806395362615
3608,0.319243509782566,0.4677891684381652,0.3087556632515684,0.4243701363257171,0.458937328791121
3609,0.4145986963930609,0.5935560221958823,0.3923070604454206,0.5590601510753688,0.5395468202078957
3610,0.4816492671264421,0.6705363087190466,0.4301960260184392,0.6515656149849193,0.5767852465816746
3611,0.5005422680954588,0.6915528001987713,0.4417444975187837,0.7018682164600807,0.5827436105055755
3612,0.4899591267611847,0.6631921456105063,0.4182556354628277,0.7131255108198813,0.5481877914663896
3613,0.4525409314016425,0.5960846377515934,0.3592491721917722,0.6859189995146907,0.4904481112606672
3614,0.3710559179297947,0.4972650333329698,0.2941614961243148,0.6113412729890946,0.4013146243801722
3615,0.2542962266674277,0.376232448029842,0.2185478701441423,0.4972832001179844,0.2820958443135589
3616,0.1272322856902108,0.2335198511835024,0.1258947650179931,0.3502437897199034,0.1505222417768104
3617,0.0193331611964021,0.0904866099983983,0.0352673876565189,0.1852037338097276,0.0251446433869053
3618,0.0,0.0,0.0,0.036291837074669,0.0
3619,0.0,0.0,0.0,0.0,0.0
3620,0.0,0.0,0.0,0.0,0.0
3621,0.0,0.0,0.0,0.0,0.0
3622,0.0,0.0,0.0,0.0,0.0
3623,0.0,0.0,0.0,0.0,0.0
3624,0.0,0.0,0.0,0.0,0.0
3625,0.0,0.0,0.0,0.0,0.0
3626,0.0,0.0,0.0,0.0,0.0
3627,0.0,0.0,0.0,0.0,0.0
3628,0.0,0.0,0.0,0.0,0.0
3629,0.0369782213288074,0.0,0.0039928455996027,0.0041847709967973,0.0194133190610956
3630,0.1839720304760086,0.1281445504834568,0.1367702449779459,0.0833532820049782,0.157507227694809
3631,0.3345768816625785,0.3067975477473862,0.2951016577235343,0.2546273334027538,0.3176378082854651
3632,0.4407974363694775,0.4675937265182576,0.4365460147286602,0.4228243660663651,0.4533953508321013
3633,0.4847188024221516,0.5921851157251312,0.5308758107136963,0.5591543085677552,0.5460687435595011
3634,0.4923121152939369,0.672358585841826,0.576693895953873,0.6528397944833629,0.5919368966780865
3635,0.507234095114757,0.7067751214509829,0.5829473936167302,0.7019774880378373,0.5770931645465068
3636,0.4642923037222547,0.7005510062917907,0.5441470999558451,0.7100118545350264,0.5207168753409305
3637,0.3868481311731462,0.6498621500657255,0.4768285092483382,0.6762491666247173,0.4580462612052693
3638,0.3312848473543279,0.5517965821816797,0.4001310507243409,0.5996248695824274,0.3650629492693169
3639,0.2430966933483605,0.4116281313691962,0.3058078321821472,0.485717345037159,0.241676059918086
3640,0.1235506936520304,0.2493725927247192,0.1849715195805555,0.3432451130513997,0.1235441979883926
3641,0.0167209409990694,0.0944639819313742,0.0570405009559388,0.1836720166721697,0.0232778546868199
3642,0.0,0.0,0.0,0.0355651165382765,0.0
3643,0.0,0.0,0.0,0.0,0.0
3644,0.0,0.0,0.0,0.0,0.0
3645,0.0,0.0,0.0,0.0,0.0
3646,0.0,0.0,0.0,0.0,0.0
3647,0.0,0.0,0.0,0.0,0.0
3648,0.0,0.0,0.0,0.0,0.0
3649,0.0,0.0,0.0,0.0,0.0
3650,0.0,0.0,0.0,0.0,0.0
3651,0.0,0.0,0.0,0.0,0.0
3652,0.0,0.0,0.0,0.0,0.0
3653,0.0390469308730565,0.0013340102594246,0.0034866157378225,0.0042746002071858,0.014351949753053
3654,0.1924547046537287,0.1275135491336141,0.1412796082349768,0.0825513265155987,0.1480924568466059
3655,0.3552122150444998,0.3051101378491234,0.3056327077820958,0.2507516283533162,0.3067363320172209
3656,0.4863454375677945,0.4639626487478979,0.4510629202858031,0.4154876986188334,0.4388379445763186
3657,0.568040847435789,0.5860135052631159,0.5618090839317454,0.5494561070413656,0.5401191847062989
3658,0.5981906537690399,0.6655715284392235,0.6289982358455734,0.6387002489201993,0.5820393747530951
3659,0.5810399483595606,0.6988610682693625,0.6558495176240129,0.6868208253241093,0.5747996187294494
3660,0.5562636328645358,0.678024408168344,0.6386118897093923,0.6938874886906421,0.5339776229475411
3661,0.5121424063145431,0.6154878869462419,0.5812010192684761,0.6591810516050822,0.4709946479418654
3662,0.4162804147624428,0.5272676457873416,0.4862596710232126,0.5884566991696966,0.3850832802714243
3663,0.3017062938710305,0.4091994862248837,0.3607758685016976,0.479582613403635,0.2759098686159856
3664,0.1633611657121003,0.2550146294914652,0.2145760305808608,0.3317909102678779,0.1515850957428123
3665,0.0256659529381898,0.0924503062748571,0.060797155094919,0.1713231713745467,0.0274212120843153
3666,0.0,0.0,0.0,0.0380924093344753,0.0
3667,0.0,0.0,0.0,0.0021056678187436,0.0
3668,0.0,0.0,0.0,0.0,0.0
3669,0.0,0.0,0.0,0.0,0.0
3670,0.0,0.0,0.0,0.0,0.0
3671,0.0,0.0,0.0,0.0,0.0
3672,0.0,0.0,0.0,0.0,0.0
3673,0.0,0.0,0.0,0.0,0.0
3674,0.0,0.0,0.0,0.0,0.0
3675,0.0,0.0,0.0,0.0,0.0
3676,0.0,0.0,0.0,0.0,0.0
3677,0.0411847826572872,0.0,0.0034290444156249,0.0064151872490203,0.0212579581772863
3678,0.199495478232391,0.1221945186422896,0.1376629731273404,0.0742699696304075,0.1590338588542013
3679,0.3623677803335726,0.2935213652793716,0.2965861183489711,0.1869090299436295,0.3206885536564571
3680,0.4971277820005848,0.4480234640949789,0.4375108348178042,0.3022216818456805,0.4578587504612371
3681,0.5803343384609623,0.5663271046322826,0.5469640858370259,0.4061328849900448,0.5497699325659631
3682,0.6127948215381313,0.645332445674346,0.6112284755035474,0.488985006585328,0.6014913117737495
3683,0.6134803794567997,0.6618795507948403,0.6139219849077018,0.5520303106788702,0.6133376291477813
3684,0.572243841786484,0.6268190615685395,0.5769973764728971,0.5704816434997187,0.5804886401154534
3685,0.5107823290674796,0.5488627713100073,0.5155600169948014,0.5329815484455551,0.5083682694284419
3686,0.4272861696649537,0.4332628112806299,0.4233768493658965,0.4739886348642442,0.4082973316532897
3687,0.3036133703282344,0.2849455933942627,0.3059155015941375,0.3993202723094337,0.2887913060568904
3688,0.1626678338528038,0.1574430259228502,0.1763853149109894,0.2890367991353076,0.1576941735541873
3689,0.027726313226703,0.0678136979508262,0.0515350655167131,0.160399987026071,0.0280119803714768
3690,0.0,0.0,0.0,0.0387002440052523,0.0
3691,0.0,0.0,0.0,0.0,0.0
3692,0.0,0.0,0.0,0.0,0.0
3693,0.0,0.0,0.0,0.0,0.0
3694,0.0,0.0,0.0,0.0,0.0
3695,0.0,0.0,0.0,0.0,0.0
3696,0.0,0.0,0.0,0.0,0.0
3697,0.0,0.0,0.0,0.0,0.0
3698,0.0,0.0,0.0,0.0,0.0
3699,0.0,0.0,0.0,0.0,0.0
3700,0.0,0.0,0.0,0.0,0.0
3701,0.0377887835491174,0.0,0.0046283016939744,0.005039162310474,0.0172025854057631
3702,0.1846923076499798,0.12250552052995,0.1322547087961678,0.080194018071671,0.1560194986135729
3703,0.3369273902003182,0.2952173382202727,0.2926059728043665,0.2351128033349467,0.3217059240578536
3704,0.4789960355738941,0.4527486480434129,0.4353855530538406,0.3967747720070563,0.4666480376631753
3705,0.5808808723346931,0.5740991405968334,0.5445557375747172,0.5282489356607649,0.5685805916779548
3706,0.6289710665615993,0.6525250888405643,0.6116656590799371,0.6168855877541325,0.6239173110686411
3707,0.6422864115775456,0.6808977067675763,0.6418158908414787,0.6579702635281942,0.6349573913299079
3708,0.6097974247536762,0.6499663504601808,0.6292477261722687,0.658866504290696,0.5970327628976421
3709,0.5161948489123104,0.5947373269855404,0.5677353805624163,0.6360235837598516,0.5317974310644367
3710,0.4013116918464678,0.521352013748621,0.4675621465667806,0.5637256452736852,0.4379275026337183
3711,0.2787111197795112,0.4018710186324101,0.343677445564843,0.4470590656328266,0.3090328394416746
3712,0.1486446902003287,0.2480427175827136,0.2011484902583271,0.3074261996482959,0.167144135472732
3713,0.0269795201705956,0.0900435189405725,0.0578544027374572,0.1559780094754501,0.0312629903442268
3714,0.0,0.0,0.0,0.0322700985619124,0.0
3715,0.0,0.0,0.0,0.0,0.0
3716,0.0,0.0,0.0,0.0,0.0
3717,0.0,0.0,0.0,0.0,0.0
3718,0.0,0.0,0.0,0.0,0.0
3719,0.0,0.0,0.0,0.0,0.0
3720,0.0,0.0,0.0,0.0,0.0
3721,0.0,0.0,0.0,0.0,0.0
3722,0.0,0.0,0.0,0.0,0.0
3723,0.0,0.0,0.0,0.0,0.0
3724,0.0,0.0,0.0,0.0,0.0
3725,0.0403265490373845,0.0015847447184277,0.0032783100150731,0.0036317510092426,0.0213121200414901
3726,0.1919218723311569,0.1113574693706988,0.1368990992132446,0.0449762856013384,0.1604271282238004
3727,0.3532801145652257,0.2747767288657414,0.2962022759139065,0.1245072328096861,0.324304907676367
3728,0.483719378489145,0.4402145454749681,0.4374569026206112,0.209125485444642,0.4710886807181257
3729,0.5670240990824816,0.5660049268353285,0.5446976039811341,0.2789098370899177,0.5787064482385899
3730,0.6147708060206757,0.6409229069785335,0.6136973605716888,0.3243367314336667,0.6460909753006294
3731,0.6129494131905406,0.658984850396328,0.6401214185718531,0.3510996522661115,0.6681506666432889
3732,0.5539774818412707,0.6523542055792362,0.627403398786993,0.3557806452603208,0.6413742842906158
3733,0.4637982128715077,0.6088873995184063,0.5707655831403495,0.3354245955039145,0.5681061243848722
3734,0.3616316173631914,0.4939280199528381,0.4732031724051504,0.3075069726476343,0.456575987267962
3735,0.2509821420066738,0.347757630890207,0.34754001369308,0.2539312525518283,0.3214209083397866
3736,0.133027404681239,0.2098865802451474,0.1984881967328628,0.1770580727860272,0.170414084962062
3737,0.0288575736074934,0.0829573603656119,0.0546889714845833,0.0994770426118606,0.0318477959493001
3738,0.0,0.0,0.0,0.0266749116214734,0.0
3739,0.0,0.0,0.0,0.0,0.0
3740,0.0,0.0,0.0,0.0,0.0
3741,0.0,0.0,0.0,0.0,0.0
3742,0.0,0.0,0.0,0.0,0.0
3743,0.0,0.0,0.0,0.0,0.0
3744,0.0,0.0,0.0,0.0,0.0
3745,0.0,0.0,0.0,0.0,0.0
3746,0.0,0.0,0.0,0.0,0.0
3747,0.0,0.0,0.0,0.0,0.0
3748,0.0,0.0,0.0,0.0,0.0
3749,0.0223554801647479,0.0,0.0034028584618937,0.0058939985696564,0.0207406387275082
3750,0.1094221186055071,0.0076824573366246,0.0842770796573848,0.0689625909394121,0.1612527650712066
3751,0.1975273128540979,0.0429304090000032,0.1696421218946933,0.1977979848793267,0.3239125887783609
3752,0.2504754328234675,0.0692302999477921,0.2445013809391193,0.3200426540764288,0.4599753000524915
3753,0.2986195600439961,0.1067289893934137,0.2834941339350972,0.4211416693562141,0.5542351864975825
3754,0.3230478651082262,0.1202634577644033,0.30635520985615,0.5142262480683913,0.6066322597765933
3755,0.3327298619585023,0.150166726327488,0.3203662567649183,0.5805911329910102,0.6225685324511383
3756,0.3432422548209787,0.2203311389517984,0.2860595229807323,0.595630526958091,0.5989382350147892
3757,0.3072137463889989,0.2346721995076229,0.2548110297868693,0.5520879976185822,0.5346544383827327
3758,0.2504451413547939,0.2102535828754446,0.2166304301327833,0.4820903128914421,0.4407794729210358
3759,0.1810999394966926,0.1862278092112907,0.1445524270265061,0.4005923966299471,0.3177307226996976
3760,0.1030658732650864,0.1293742588066009,0.0830715246801294,0.2916530453240493,0.1726536661406574
3761,0.0180830465346572,0.0558164766744733,0.0258111207192876,0.1683704572804361,0.0338024454659656
3762,0.0,0.0,0.0,0.0400528922689443,0.0
3763,0.0,0.0,0.0,0.0,0.0
3764,0.0,0.0,0.0,0.0,0.0
3765,0.0,0.0,0.0,0.0,0.0
3766,0.0,0.0,0.0,0.0,0.0
3767,0.0,0.0,0.0,0.0,0.0
3768,0.0,0.0,0.0,0.0,0.0
3769,0.0,0.0,0.0,0.0,0.0
3770,0.0,0.0,0.0,0.0,0.0
3771,0.0,0.0,0.0,0.0,0.0
3772,0.0,0.0,0.0,0.0,0.0
3773,0.0210623063882627,0.0017823466384105,0.004231061931271,0.0050725047932653,0.0215289860803988
3774,0.1237996994386119,0.1053320090994297,0.1237391678315159,0.0620225135195946,0.1658725799608601
3775,0.2524516519744731,0.2572607224720397,0.2536769326617767,0.1795798375793564,0.3287759601119364
3776,0.3879791826032446,0.4299729814176258,0.3985258189040012,0.3024444185897464,0.4682012403567221
3777,0.4652653113748239,0.5697415225664987,0.513497281001914,0.4027451465350354,0.5710323393771097
3778,0.4966404371325859,0.654658949441434,0.589431702007981,0.4772704325880273,0.6344090026820419
3779,0.5312094120714607,0.6916137699428712,0.6255762240332272,0.5302589451496468,0.658020488567319
3780,0.5166612857353706,0.6742338010626845,0.6118436086460529,0.5567053387209464,0.6376936946145813
3781,0.4583505197523347,0.59238000704957,0.5542835802823974,0.5354363669080189,0.5737746135008944
3782,0.4020077064465602,0.4674888759142271,0.462455174552521,0.4661768605987113,0.4718570760632277
3783,0.3201578709116923,0.3212143698666317,0.3422233267206496,0.376852283994918,0.3366882975143973
3784,0.1787152267176034,0.177893504399542,0.1962278098934557,0.2665749567693328,0.179275392599657
3785,0.0329993924691764,0.0633555632170597,0.0549219525159411,0.1397151413326235,0.0321764794984077
3786,0.0,0.0,0.0,0.032456345152163,0.0
3787,0.0,0.0,0.0,0.0,0.0
3788,0.0,0.0,0.0,0.0,0.0
3789,0.0,0.0,0.0,0.0,0.0
3790,0.0,0.0,0.0,0.0,0.0
3791,0.0,0.0,0.0,0.0,0.0
3792,0.0,0.0,0.0,0.0,0.0
3793,0.0,0.0,0.0,0.0,0.0
3794,0.0,0.0,0.0,0.0,0.0
3795,0.0,0.0,0.0,0.0,0.0
3796,0.0,0.0,0.0,0.0,0.0
3797,0.0284300629874146,0.0,0.0,0.0060865074688631,0.0200828557364242
3798,0.1430072989220026,0.0809797358425433,0.0506251037550523,0.0857894796192261,0.1651318164918745
3799,0.2738681819629985,0.2288801780664639,0.1356514104969491,0.2469943717592654,0.3239608625326581
3800,0.3831776249080618,0.3833791527531471,0.2319821441493419,0.39889411496163,0.4595162469956094
3801,0.4589070407920765,0.5073856113394405,0.3245405726409243,0.5151017067878898,0.5614938640750905
3802,0.5106326475433949,0.5995497040823579,0.4054747099668932,0.5905959094730431,0.6236319823490648
3803,0.515794535078822,0.6492418460866998,0.4692351106135327,0.6362803206494815,0.6462727922100578
3804,0.4913356695346599,0.6603163085474986,0.483561120707995,0.6387515448143115,0.625503204055109
3805,0.4351241632800957,0.631500173571804,0.4698812652252526,0.6098787586970511,0.5591018803600905
3806,0.3630280469536184,0.5561842451137702,0.4330371535654215,0.5551006493504606,0.4596222163021859
3807,0.2823110190591408,0.4309911643870664,0.3474770160619576,0.4607478759262691,0.3310994314038467
3808,0.1571844115122631,0.2725258060336571,0.2187669161688973,0.3365578601460344,0.1772641898253489
3809,0.0302400195667214,0.1076320304321751,0.0710082426294869,0.1853286036484804,0.0335231613373097
3810,0.0,0.0,0.0,0.0485117830143994,0.0
3811,0.0,0.0,0.0,0.003627054679904,0.0
3812,0.0,0.0,0.0,0.0,0.0
3813,0.0,0.0,0.0,0.0,0.0
3814,0.0,0.0,0.0,0.0,0.0
3815,0.0,0.0,0.0,0.0,0.0
3816,0.0,0.0,0.0,0.0,0.0
3817,0.0,0.0,0.0,0.0,0.0
3818,0.0,0.0,0.0,0.0,0.0
3819,0.0,0.0,0.0,0.0,0.0
3820,0.0,0.0,0.0,0.0,0.0
3821,0.0347536555257997,0.0076530810461714,0.0029126605244053,0.0098470460737241,0.0190809472036667
3822,0.1717416797786064,0.1138821584037362,0.1394861959299487,0.066501248987623,0.1644294715606223
3823,0.3281061023640889,0.2199082651750587,0.2999331206604769,0.1648274894995993,0.3221927350743842
3824,0.472223414428774,0.2765079671205627,0.4442671898166775,0.2813231178729874,0.4608201463379228
3825,0.5764317870430831,0.28265553567411,0.547938158121262,0.374459484224557,0.5654010381152478
3826,0.6261183304764462,0.2699689565815059,0.5830911296293954,0.4256189068587389,0.6288486853665629
3827,0.6259264240964838,0.2812655256718656,0.5547549943763532,0.4692887372613877,0.651041116931098
3828,0.5852350635189434,0.2878902152020152,0.5005245150716666,0.5017761523257206,0.6319358408631353
3829,0.5221219357639031,0.2610323333853511,0.4134860021818993,0.486463452204453,0.5676820248429137
3830,0.4352581567129935,0.2248817427104948,0.3074393144395174,0.4280789206534213,0.462550549834042
3831,0.3036743130789801,0.1732007545458818,0.205640531861115,0.3490914929592185,0.3277566291655381
3832,0.1582608548512908,0.1017534241186975,0.1132905980250004,0.2427045794489097,0.1737191544102524
3833,0.0346753868147856,0.0396593259506497,0.0381265463641336,0.1235777072116871,0.0322242558135141
3834,0.0,0.0,0.0,0.0321569275618546,0.0
3835,0.0,0.0,0.0,0.0,0.0
3836,0.0,0.0,0.0,0.0,0.0
3837,0.0,0.0,0.0,0.0,0.0
3838,0.0,0.0,0.0,0.0,0.0
3839,0.0,0.0,0.0,0.0,0.0
3840,0.0,0.0,0.0,0.0,0.0
3841,0.0,0.0,0.0,0.0,0.0
3842,0.0,0.0,0.0,0.0,0.0
3843,0.0,0.0,0.0,0.0,0.0
3844,0.0,0.0,0.0,0.0,0.0
3845,0.0414633545176052,0.0014424578700937,0.0096703359818224,0.005079916270866,0.0205288428032008
3846,0.1683268637037562,0.0348383518104443,0.0835523004094076,0.0553327555595842,0.1572072392159258
3847,0.2988166773869117,0.0689138825013703,0.1569588158666519,0.1402449576513677,0.3039553358647714
3848,0.4107907405313875,0.1536540852631759,0.2435425492631215,0.2302732192472384,0.4348759818164925
3849,0.4921049074392877,0.2730589845868507,0.3215510971623175,0.3221996418554608,0.5330202616301155
3850,0.558799017960065,0.3264067312307712,0.3909259956610155,0.3838653159958236,0.5869860453254429
3851,0.595207950037837,0.2759743704840625,0.4354039175654317,0.4161991323488959,0.603751989604132
3852,0.5805424576058464,0.1981215634661128,0.4259660159876491,0.4178900781381034,0.5844041951037329
3853,0.5113276537437086,0.1671450254436672,0.3611380765445047,0.3977751413837967,0.5214115845415628
3854,0.4075398057167383,0.153821065457387,0.2600184729978645,0.3586995483754703,0.4204474700373893
3855,0.2790024399927032,0.1033261616406311,0.1557396754905678,0.2959416660399158,0.2990180839101198
3856,0.1425636415228925,0.0418118497500046,0.075371977349684,0.210072882207306,0.1616135306599032
3857,0.0297128591110557,0.001671741729125,0.0235896920212403,0.1150587914375968,0.0335524145776109
3858,0.0,0.0,0.0,0.0333352221940803,0.0
3859,0.0,0.0,0.0,0.0,0.0
3860,0.0,0.0,0.0,0.0,0.0
3861,0.0,0.0,0.0,0.0,0.0
3862,0.0,0.0,0.0,0.0,0.0
3863,0.0,0.0,0.0,0.0,0.0
3864,0.0,0.0,0.0,0.0,0.0
3865,0.0,0.0,0.0,0.0,0.0
3866,0.0,0.0,0.0,0.0,0.0
3867,0.0,0.0,0.0,0.0,0.0
3868,0.0,0.0,0.0,0.0,0.0
3869,0.0342367339657196,0.0,0.0012326836006829,0.0061777686294978,0.0198475381521594
3870,0.159802214997399,0.0365985963683729,0.0407505684362431,0.0532786274616663,0.1647777539680417
3871,0.2934409607854581,0.0707592569441429,0.1382362367357352,0.1366054162375708,0.325590489697282
3872,0.4064616260362038,0.0791158965640009,0.2290185817360231,0.233704369250898,0.4640091961993054
3873,0.4958459979633907,0.1055439596260024,0.2901750291873,0.3131659063955588,0.5685975937271528
3874,0.5503735923582314,0.1483166299602503,0.3218250430798063,0.3796912196431754,0.6300789489714257
3875,0.5364656425575623,0.2133430372177897,0.3158746934411161,0.4415032681610924,0.6510659293856071
3876,0.4751024279106218,0.2170032275026853,0.2747699246773449,0.4734800870767214,0.6290125027901
3877,0.4026916873246378,0.1620543688619324,0.246190684279661,0.4620612086268775,0.5638900977661844
3878,0.327533848399504,0.1189230990387409,0.2136010470406119,0.4000353909690576,0.4629409469637476
3879,0.229242749774817,0.0673604817474126,0.1682395417140068,0.3227477015650344,0.3281854701207306
3880,0.1194249912885364,0.0373841282270111,0.106891453058709,0.2269342399806155,0.1742585038235735
3881,0.0259329218322659,0.0180615309620006,0.0327480836529539,0.1221095466718425,0.0348017509595509
3882,0.0,0.0,0.0,0.0368616935330603,0.0
3883,0.0,0.0,0.0,0.0,0.0
3884,0.0,0.0,0.0,0.0,0.0
3885,0.0,0.0,0.0,0.0,0.0
3886,0.0,0.0,0.0,0.0,0.0
3887,0.0,0.0,0.0,0.0,0.0
3888,0.0,0.0,0.0,0.0,0.0
3889,0.0,0.0,0.0,0.0,0.0
3890,0.0,0.0,0.0,0.0,0.0
3891,0.0,0.0,0.0,0.0,0.0
3892,0.0,0.0,0.0,0.0,0.0
3893,0.038139971284572,0.0,0.0035729130954913,0.0053384517261386,0.0192962598943544
3894,0.1794440202595868,0.0115046139555623,0.0738822945478241,0.0650218396121366,0.1610782688494604
3895,0.3304799228678841,0.0761123765235303,0.1468163444881305,0.183143789445794,0.3205251324793163
3896,0.451488381010809,0.1697196509316995,0.1995446201218247,0.3027897069588493,0.4582605086748936
3897,0.5257058729213464,0.2998506560995037,0.2281696174655796,0.3936905047532519,0.5627235822957831
3898,0.5604241529036189,0.4075045203204703,0.2507312503855042,0.4685233752730564,0.6259237209632548
3899,0.5625612443069428,0.4468753751165213,0.292806621573639,0.5394694667191172,0.6470464674811699
3900,0.5170919863260826,0.4530561628872482,0.3476488765262654,0.5726781550963417,0.6289319488695442
3901,0.448583185954469,0.4564393719962449,0.386482653160086,0.5689542774190609,0.5727018935790011
3902,0.3541503719479102,0.3765036114176712,0.3528277804388338,0.5268923511052028,0.474756210973027
3903,0.2455153973160775,0.2637092654755807,0.2800541659368534,0.446130870920557,0.3417510845531708
3904,0.1409955580705704,0.1676877629332515,0.1818311444230734,0.323638316575059,0.1872846160891966
3905,0.0368062809190425,0.0622801049082177,0.0636863355105904,0.1752798178202966,0.0360569620444883
3906,0.0,0.0,0.0,0.0433576924932764,0.0
3907,0.0,0.0,0.0,0.0014130243462588,0.0
3908,0.0,0.0,0.0,0.0,0.0
3909,0.0,0.0,0.0,0.0,0.0
3910,0.0,0.0,0.0,0.0,0.0
3911,0.0,0.0,0.0,0.0,0.0
3912,0.0,0.0,0.0,0.0,0.0
3913,0.0,0.0,0.0,0.0,0.0
3914,0.0,0.0,0.0,0.0,0.0
3915,0.0,0.0,0.0,0.0,0.0
3916,0.0,0.0,0.0,0.0,0.0
3917,0.0303112598424857,0.0,0.0,0.0066318784455852,0.0192090858275413
3918,0.1573323230129245,0.0869153503068941,0.087505350086625,0.0831530780778547,0.1661832712313661
3919,0.3051325848073605,0.2210394268845902,0.2106954768569747,0.2412531443354934,0.331644548642084
3920,0.4203251554814727,0.3731526924489156,0.3321306242800834,0.403845503873977,0.4740228031577471
3921,0.4840097201128703,0.4798083205244171,0.4343092966249391,0.535158741687401,0.5796523002082092
3922,0.4982659142349559,0.5582866178798984,0.498360648209729,0.6239224507553162,0.6438574652301272
3923,0.516770961087642,0.6134715755399066,0.5405589474313074,0.6625218456325314,0.6661339854154461
3924,0.5145269288939546,0.612650198025034,0.5429817299209085,0.6650694431674886,0.6457101343412363
3925,0.4438820089851084,0.5942520028068199,0.4929414523646434,0.6316857592881547,0.585604195784429
3926,0.3673616600904503,0.5381970914451985,0.4145580000550822,0.5549186708328572,0.4865002541523781
3927,0.2797449663663537,0.417425409705317,0.3120419840431888,0.4554194681688509,0.350372767784317
3928,0.1608183127341934,0.2663189988812902,0.1963757401095519,0.3215875814331156,0.1901707404112695
3929,0.0326909728767064,0.1093754820467214,0.0649034889952062,0.1716840269062352,0.0368313524991521
3930,0.0,0.0,0.0,0.0428149324237414,0.0
3931,0.0,0.0,0.0,0.0,0.0
3932,0.0,0.0,0.0,0.0,0.0
3933,0.0,0.0,0.0,0.0,0.0
3934,0.0,0.0,0.0,0.0,0.0
3935,0.0,0.0,0.0,0.0,0.0
3936,0.0,0.0,0.0,0.0,0.0
3937,0.0,0.0,0.0,0.0,0.0
3938,0.0,0.0,0.0,0.0,0.0
3939,0.0,0.0,0.0,0.0,0.0
3940,0.0,0.0,0.0,0.0,0.0
3941,0.037246754641537,0.0083199912735609,0.0033285748468558,0.0086893353389895,0.0187090518879625
3942,0.1811945984040927,0.0909176362779084,0.1380014362848603,0.0559313207894477,0.1669106023332937
3943,0.3331054673342818,0.1968566125281319,0.2971301828354452,0.1506305059716457,0.3300348703070508
3944,0.4742505969124025,0.2804374853187956,0.4267497528425861,0.2623258795100782,0.4681437619716311
3945,0.5766297964264763,0.342931330192842,0.5105627975248969,0.3536759571699737,0.5649120660195489
3946,0.6305421517589366,0.3717657376311972,0.5440623316709716,0.4247983105827232,0.6121308409753448
3947,0.6428635030999508,0.3554237127346866,0.5233813764584766,0.4653137572741008,0.6189680883853744
3948,0.6198978502393825,0.3370223554170986,0.4618285282270677,0.4691555694873739,0.5958293657796375
3949,0.55699876947443,0.3510472933643103,0.3866595043060091,0.4448583624837897,0.5457996150561059
3950,0.4539356666672401,0.3583972357815657,0.3034182606198732,0.3700138270868865,0.4533751793926115
3951,0.3238579474789089,0.307112245376186,0.209623857868523,0.266739468336066,0.3202127133323275
3952,0.1752619149849506,0.2066888696686464,0.1159623119602554,0.1840950508265844,0.1694119218833314
3953,0.0358086898429566,0.0951868947625561,0.0387653361072979,0.1079869741885387,0.0323336748147414
3954,0.0,0.0,0.0,0.0322351461071169,0.0
3955,0.0,0.0,0.0,0.0,0.0
3956,0.0,0.0,0.0,0.0,0.0
3957,0.0,0.0,0.0,0.0,0.0
3958,0.0,0.0,0.0,0.0,0.0
3959,0.0,0.0,0.0,0.0,0.0
3960,0.0,0.0,0.0,0.0,0.0
3961,0.0,0.0,0.0,0.0,0.0
3962,0.0,0.0,0.0,0.0,0.0
3963,0.0,0.0,0.0,0.0,0.0
3964,0.0,0.0,0.0,0.0,0.0
3965,0.0363352489215715,0.0,0.0037333241499454,0.0035638366922655,0.0188873611726264
3966,0.147295486215301,0.0560623858518032,0.1178815813297888,0.0438701403942843,0.1436677445997351
3967,0.2715047857942864,0.1471461784702014,0.2626953425084479,0.1217089090917689,0.2867772609826121
3968,0.3875997498321287,0.2246575906001931,0.3840100096469376,0.2086135608924186,0.4267319236063877
3969,0.4785195041249497,0.295150541528855,0.4583958408769286,0.2796702084693766,0.5379565643840386
3970,0.5267258422913516,0.3430445855595517,0.4860341879865372,0.3437843496883724,0.6050712138211093
3971,0.538467923507128,0.3568413928206815,0.4944271171442014,0.3879938064144995,0.6290216848708812
3972,0.5102935907501637,0.3357772290007889,0.4735980769969809,0.400799577575443,0.612469745859591
3973,0.422070101299169,0.2817767351746181,0.4218636924527759,0.3878425660848895,0.5500581336213222
3974,0.3108815940595802,0.2359374106685482,0.3366822654196779,0.359147440866766,0.4462889488513853
3975,0.2218727621141853,0.2003863206327754,0.2309591700501577,0.2943647671550889,0.3193694126326711
3976,0.1266729549989233,0.1407710363193834,0.1313041291856077,0.2052369059923063,0.1767712560391619
3977,0.0300838914682645,0.0562009652085066,0.0449803987539565,0.1229515375872231,0.0381699534714196
3978,0.0,0.0,0.0,0.0377726302159553,0.0
3979,0.0,0.0,0.0,0.0,0.0
3980,0.0,0.0,0.0,0.0,0.0
3981,0.0,0.0,0.0,0.0,0.0
3982,0.0,0.0,0.0,0.0,0.0
3983,0.0,0.0,0.0,0.0,0.0
3984,0.0,0.0,0.0,0.0,0.0
3985,0.0,0.0,0.0,0.0,0.0
3986,0.0,0.0,0.0,0.0,0.0
3987,0.0,0.0,0.0,0.0,0.0
3988,0.0,0.0,0.0,0.0,0.0
3989,0.0305189545007742,0.0,0.0043158760289209,0.0067155107085313,0.0196258586457347
3990,0.122312716468227,0.0257078744755612,0.0272758680446188,0.0809948716987831,0.1570762102229112
3991,0.1926129425055783,0.0897247675814234,0.0843215131868611,0.2369004207729377,0.3127454249836736
3992,0.2414849241355446,0.1659960461347772,0.1407697443364,0.3930784130269817,0.4561780319349355
3993,0.2436750967535492,0.2775988663377823,0.1904874165869849,0.5181878677074013,0.5681496626651907
3994,0.2796447788140653,0.3959133681110372,0.2433525764243215,0.6060462906476001,0.634453722850573
3995,0.3600271727063663,0.4111251692129775,0.2897875595778083,0.6582953497356692,0.6574834594130902
3996,0.3856652910883167,0.3985946850865199,0.3175500320404932,0.6832717434186092,0.6399712659641668
3997,0.3508344718030041,0.3964218119204845,0.315344209131391,0.6674759953176589,0.5774492875509235
3998,0.2771191011119676,0.3486695380914442,0.2913101884303818,0.6043009733339252,0.4772836010828794
3999,0.1817711238620437,0.2741952843068732,0.2248946998305012,0.5016104179387229,0.3404100921579344
4000,0.0855000384670419,0.19682572870856,0.1340513589659756,0.3618368252898983,0.182311619018141
4001,0.0159066539552704,0.0899018660944053,0.0401958625495766,0.2008954393062655,0.038964856705542
4002,0.0,0.0,0.0,0.0470266920625525,0.0
4003,0.0,0.0,0.0,0.0011100254162546,0.0
4004,0.0,0.0,0.0,0.0,0.0
4005,0.0,0.0,0.0,0.0,0.0
4006,0.0,0.0,0.0,0.0,0.0
4007,0.0,0.0,0.0,0.0,0.0
4008,0.0,0.0,0.0,0.0,0.0
4009,0.0,0.0,0.0,0.0,0.0
4010,0.0,0.0,0.0,0.0,0.0
4011,0.0,0.0,0.0,0.0,0.0
4012,0.0,0.0,0.0,0.0,0.0
4013,0.0334182688664461,0.0,0.0038486527181629,0.0062853617667784,0.0192458340266763
4014,0.1563272410300009,0.1190663480239627,0.1335914142907759,0.0823733491743584,0.1602705247087886
4015,0.2931525569520811,0.2841049984868197,0.2879960168413548,0.2508248376844929,0.3173435203964388
4016,0.3953727112354661,0.4288276575369364,0.4148004636506204,0.4172717235376338,0.4527364287217227
4017,0.4319921598040773,0.5358566843416348,0.4926090008245725,0.5533919820556488,0.5510510476434736
4018,0.4273603810105714,0.6126932512575193,0.5284234702783058,0.6475441664055492,0.6097190551139914
4019,0.436115743740828,0.6581060202136892,0.511418250523759,0.6994178106471783,0.620824402348976
4020,0.4175529951738096,0.6659452294349477,0.4616106662437432,0.7110773076867729,0.5974629584769089
4021,0.3484655059081515,0.6179399622340292,0.4045457752924953,0.6802251329853156,0.543811208787198
4022,0.256590815036818,0.5190299731900475,0.337355842093706,0.6094276848582831,0.438161552603868
4023,0.176307931337409,0.37810518811882,0.257690122623177,0.5006920652544531,0.3021720613329759
4024,0.103907178694319,0.2226911941621012,0.1665131608973297,0.3573554278943071,0.1654035293254366
4025,0.0280081345415393,0.0906543421895713,0.0626730162292036,0.1950511204408664,0.0378301463496266
4026,0.0,0.0,0.0,0.0464465869016226,0.0
4027,0.0,0.0,0.0,0.0016104553484945,0.0
4028,0.0,0.0,0.0,0.0,0.0
4029,0.0,0.0,0.0,0.0,0.0
4030,0.0,0.0,0.0,0.0,0.0
4031,0.0,0.0,0.0,0.0,0.0
4032,0.0,0.0,0.0,0.0,0.0
4033,0.0,0.0,0.0,0.0,0.0
4034,0.0,0.0,0.0,0.0,0.0
4035,0.0,0.0,0.0,0.0,0.0
4036,0.0,0.0,0.0,0.0,0.0
4037,0.0340640000605965,0.0,0.0028429119591625,0.0125098537020741,0.0175353398941697
4038,0.1610270143769469,0.1098577779472559,0.1309628595062249,0.0771136115123333,0.1601650002851206
4039,0.2904077317382907,0.2660711992671702,0.2858261895532968,0.2048287111836944,0.3209775359094143
4040,0.4036811006707717,0.4057776117929679,0.4270536427401373,0.3550829507277895,0.4593755953446592
4041,0.4938128013690496,0.5170823607665017,0.5242209214705444,0.4943016413233084,0.5615660133293552
4042,0.5517737196585487,0.5894377853985432,0.5684221396276621,0.5916553901553393,0.6140686945324256
4043,0.5659418703188731,0.6046916392301409,0.5755343985623111,0.6495536682779429,0.6170633748897547
4044,0.5379117871402714,0.5611878732442089,0.549213400932871,0.6665944365552112,0.5858592485453714
4045,0.4694103315367816,0.4743839426134036,0.4915965854621177,0.6397185360273333,0.5255458812037429
4046,0.370617301834359,0.3667227347387059,0.4213390280017612,0.5759605090944979,0.4248950666085173
4047,0.2592548377733647,0.2531044970173129,0.320674120371492,0.4735780136448139,0.295792447077123
4048,0.1373180782719406,0.1454304942395036,0.1856024903043432,0.3302988849207592,0.1624957626777563
4049,0.0315974456910605,0.0652303102499548,0.0573740652918513,0.1776107079313699,0.0370957258283939
4050,0.0,0.0,0.0,0.043888341488692,0.0
4051,0.0,0.0,0.0,0.0,0.0
4052,0.0,0.0,0.0,0.0,0.0
4053,0.0,0.0,0.0,0.0,0.0
4054,0.0,0.0,0.0,0.0,0.0
4055,0.0,0.0,0.0,0.0,0.0
4056,0.0,0.0,0.0,0.0,0.0
4057,0.0,0.0,0.0,0.0,0.0
4058,0.0,0.0,0.0,0.0,0.0
4059,0.0,0.0,0.0,0.0,0.0
4060,0.0,0.0,0.0,0.0,0.0
4061,0.0391265829240248,0.0010713306744461,0.0127277934681328,0.0056334284423069,0.0174165010715964
4062,0.164732702035709,0.1145289310989012,0.1205094604633562,0.0741325492716679,0.1593686515124543
4063,0.2921708166541153,0.2817011791989768,0.2694280597673296,0.2122406552487802,0.3204310998328135
4064,0.408903488806709,0.4376304586687983,0.4049973113300883,0.3512374348180508,0.4582617045732133
4065,0.5065006976811887,0.5553156320511207,0.5131877523270675,0.4755729300361078,0.5547806142260754
4066,0.5535061826852025,0.6294898044266742,0.5840731082704668,0.5689104715926097,0.5964806503981904
4067,0.5602026627554308,0.6429382885830374,0.6041600381528931,0.6008828967132763,0.6120990627033248
4068,0.5220446583826098,0.6102410885910771,0.5750544212132174,0.6042038699052921,0.5905121291214475
4069,0.4528582381728536,0.5477508470219475,0.5108016609555721,0.5823957127213761,0.5303205597233552
4070,0.3471714064143253,0.4518402462156458,0.4238779555685454,0.4918374319254004,0.4422440331345833
4071,0.2018863726687049,0.3412716379103221,0.3087812416359161,0.3794724821272748,0.3157136000362815
4072,0.0943839596494746,0.2160257918750695,0.1797679187459408,0.2666640886978189,0.1743800501101373
4073,0.0268268836116462,0.0934821685638393,0.0576212523613122,0.1520120270996287,0.0390747517848454
4074,0.0,0.0032862368789169,0.0,0.0502276949249136,0.0
4075,0.0,0.0,0.0,0.002311878935832,0.0
4076,0.0,0.0,0.0,0.0,0.0
4077,0.0,0.0,0.0,0.0,0.0
4078,0.0,0.0,0.0,0.0,0.0
4079,0.0,0.0,0.0,0.0,0.0
4080,0.0,0.0,0.0,0.0,0.0
4081,0.0,0.0,0.0,0.0,0.0
4082,0.0,0.0,0.0,0.0,0.0
4083,0.0,0.0,0.0,0.0,0.0
4084,0.0,0.0,0.0,0.0,0.0
4085,0.0372818946687203,0.0019461359141755,0.0088028138589554,0.0063708299246078,0.0173083702232376
4086,0.1705394852947625,0.0849092366816706,0.1059669870618059,0.057015936962075,0.1619204409334941
4087,0.3062577932014884,0.1735445475007473,0.213429578450367,0.1568624410288548,0.3237165260777457
4088,0.4328067778782005,0.2513122819585221,0.3357522238772354,0.2750052894392871,0.462348458952796
4089,0.5222022451886369,0.3344004878847481,0.4349258651952802,0.3593212841729966,0.5616577933204141
4090,0.558085270775907,0.3746066933666843,0.4843596248729114,0.4073330396967544,0.614168035138069
4091,0.5695088465669977,0.4294380803142004,0.4909195511731231,0.4466001868961819,0.6286306082068503
4092,0.5482913669215197,0.4961547651206195,0.4720007529151155,0.455279026337308,0.6116678094594751
4093,0.4719832477502628,0.5037406389707535,0.408749132225237,0.419036056268466,0.5488680510298661
4094,0.3531717383144465,0.4444323821918501,0.3034431280234298,0.3732802592350606,0.4544642843072806
4095,0.2223449597388433,0.318290059307757,0.2023822183465348,0.3082906323325898,0.3335149849966354
4096,0.1117345718264752,0.1851454313114177,0.118187579141349,0.2161916332192276,0.1847315910676407
4097,0.028263580192116,0.0796095485852999,0.0417480866587556,0.122967051506616,0.0398205162922001
4098,0.0,0.0025277866464358,0.0,0.044148361436516,0.0
4099,0.0,0.0,0.0,0.00344389201313,0.0
4100,0.0,0.0,0.0,0.0,0.0
4101,0.0,0.0,0.0,0.0,0.0
4102,0.0,0.0,0.0,0.0,0.0
4103,0.0,0.0,0.0,0.0,0.0
4104,0.0,0.0,0.0,0.0,0.0
4105,0.0,0.0,0.0,0.0,0.0
4106,0.0,0.0,0.0,0.0,0.0
4107,0.0,0.0,0.0,0.0,0.0
4108,0.0,0.0,0.0,0.0,0.0
4109,0.0247490503971047,0.0027522928515197,0.0035158739081217,0.0083009710550823,0.0166400352960224
4110,0.1360180162857873,0.0827969047960684,0.0940772430767025,0.0527094079135837,0.1594930211971932
4111,0.2917155845475471,0.179749310028113,0.1964797860079629,0.1163374166773767,0.320936625991608
4112,0.4186632432841689,0.2513039122513864,0.3041720225030656,0.1829303190533884,0.4605371912229705
4113,0.4941696944329648,0.3014488877053866,0.4051991058297274,0.2509890578520381,0.5637962935271398
4114,0.5321225842477547,0.3549460806959568,0.4940033853075008,0.2947798229793108,0.6218253921657766
4115,0.5308358459918099,0.4367367670560407,0.5299763987381418,0.3192251063260909,0.6407749311369578
4116,0.4848189576782582,0.4927660073431903,0.5207600358680015,0.3467017771987173,0.6200332002994443
4117,0.3887354747901482,0.4412242996770791,0.4643869804101541,0.3352124972892938,0.5582925781479565
4118,0.2892494161026923,0.3196824913277422,0.3729031531895528,0.2898952949321238,0.4625371877560421
4119,0.1931990903520329,0.1974397333109003,0.2731076486027957,0.238346255297834,0.3350175437980973
4120,0.0955839553775201,0.1001301151796775,0.1618670517884901,0.1763566397115177,0.1819304639789312
4121,0.0250880024193968,0.0324960845834416,0.0552119112610289,0.0975855733532599,0.0375685855415988
4122,0.0,0.0,0.0,0.0318706889804256,0.0
4123,0.0,0.0,0.0,0.001331711297152,0.0
4124,0.0,0.0,0.0,0.0,0.0
4125,0.0,0.0,0.0,0.0,0.0
4126,0.0,0.0,0.0,0.0,0.0
4127,0.0,0.0,0.0,0.0,0.0
4128,0.0,0.0,0.0,0.0,0.0
4129,0.0,0.0,0.0,0.0,0.0
4130,0.0,0.0,0.0,0.0,0.0
4131,0.0,0.0,0.0,0.0,0.0
4132,0.0,0.0,0.0,0.0,0.0
4133,0.0354346440714895,0.0017942502606916,0.0036872896125656,0.0043315403116796,0.0146375349973126
4134,0.1222822046780535,0.050195033689623,0.1031597474568496,0.0586282008580831,0.1138933209220307
4135,0.200818871449011,0.1256290701158087,0.2233776789779381,0.1836554051643924,0.2268049820760726
4136,0.257686498517786,0.1864976227813898,0.3217522709671499,0.3330961411276171,0.3375254510396052
4137,0.3222344626444418,0.2407257213472491,0.3937694688700004,0.4676659892250346,0.4165285896596026
4138,0.3813257361109093,0.2908371217690891,0.4402467685353916,0.5419184657982767,0.4665110771574575
4139,0.3943544511873664,0.2984495512223566,0.4267050023498829,0.5602339443261823,0.4962935634390477
4140,0.3710137053542491,0.2715427802958869,0.3780407879850278,0.5533554704700295,0.4809004587650913
4141,0.301078773870358,0.2667495343923851,0.3284295203624687,0.5218646961129239,0.4507685796991485
4142,0.2031944985752114,0.2424105491454003,0.2581726396581382,0.4625430215436872,0.3989338845954753
4143,0.1243760146039474,0.1864994088383275,0.1666575853748202,0.3866330992918441,0.3028340798017878
4144,0.0601933007993987,0.1226796888134339,0.0851698669756717,0.291317478640022,0.1738340775883425
4145,0.0107951057320223,0.0498678273239794,0.0238205625009863,0.173482142895622,0.0401000667906773
4146,0.0,0.0,0.0,0.0502707282205153,0.0
4147,0.0,0.0,0.0,0.0027475370843133,0.0
4148,0.0,0.0,0.0,0.0,0.0
4149,0.0,0.0,0.0,0.0,0.0
4150,0.0,0.0,0.0,0.0,0.0
4151,0.0,0.0,0.0,0.0,0.0
4152,0.0,0.0,0.0,0.0,0.0
4153,0.0,0.0,0.0,0.0,0.0
4154,0.0,0.0,0.0,0.0,0.0
4155,0.0,0.0,0.0,0.0,0.0
4156,0.0,0.0,0.0,0.0,0.0
4157,0.0034146661768892,0.0,0.0032830119724421,0.0095321162973404,0.01399717123774
4158,0.0237593482732791,0.0862424700365396,0.0674034734354503,0.0820099484756509,0.1338898014523114
4159,0.0519765219045515,0.2220245936842038,0.1741630247762438,0.2295701326223623,0.2822680105296718
4160,0.100553372493005,0.3567054053329456,0.2777213989670799,0.383858554953049,0.4224229818177702
4161,0.1778496483013874,0.4811346362973273,0.3683616695029237,0.5127281961230474,0.5369883226543896
4162,0.2183619886387202,0.5693808201172436,0.4170918580853351,0.6031752301401689,0.6059134349534195
4163,0.2211485846749972,0.5905696925761643,0.4288894600529361,0.6491782126625053,0.6222337799638104
4164,0.2505653596384031,0.5680303854092144,0.4524341574462732,0.6577144092090207,0.6048213065765665
4165,0.2527456812316815,0.5596029257372965,0.4320167324810532,0.6310063926748735,0.551850997061239
4166,0.2185474029042745,0.5033337443946917,0.3424603451038286,0.5580596101969166,0.4589665060382729
4167,0.1673173351042922,0.3857691915518431,0.2493959862389616,0.4527639379089618,0.3368015668593159
4168,0.0977322836433968,0.2490487419906444,0.1590162668449267,0.3272437788912526,0.1865755915060082
4169,0.0303500644714675,0.1057490495106001,0.0549881001698274,0.1818233756979374,0.0408703906022672
4170,0.0,0.0,0.0,0.0507607017911958,0.0
4171,0.0,0.0,0.0,0.0030193065202491,0.0
4172,0.0,0.0,0.0,0.0,0.0
4173,0.0,0.0,0.0,0.0,0.0
4174,0.0,0.0,0.0,0.0,0.0
4175,0.0,0.0,0.0,0.0,0.0
4176,0.0,0.0,0.0,0.0,0.0
4177,0.0,0.0,0.0,0.0,0.0
4178,0.0,0.0,0.0,0.0,0.0
4179,0.0,0.0,0.0,0.0,0.0
4180,0.0,0.0,0.0,0.0,0.0
4181,0.0324559768577045,0.0,0.0021960220619209,0.0067420560791221,0.0141899059824354
4182,0.1681671094502592,0.1121667013869018,0.1283456420519341,0.0758214969066935,0.1524805875585632
4183,0.3247252547552595,0.2745710372036251,0.2882227541919581,0.2121808737849893,0.3127713240068768
4184,0.4598021305899741,0.4345237257219397,0.4329157281407561,0.3571430759454823,0.4523001978151073
4185,0.5540133851700585,0.5599202692214829,0.5448383985562926,0.4762020721953087,0.5507384177718122
4186,0.5991959087859626,0.6403631314188407,0.6179065061637392,0.5599624967327287,0.606182236427657
4187,0.6007962952465821,0.6767152890794995,0.649881253816342,0.6151821617098076,0.6214750601475653
4188,0.5615398395950083,0.66968064427921,0.6382317046005993,0.6299302762162688,0.5902586643665321
4189,0.4875381913476153,0.6189395409822783,0.5881267229097589,0.6013370066069356,0.533106235755879
4190,0.403752724494235,0.5311347859184479,0.5019231952465844,0.536350423914517,0.4542678396161341
4191,0.2971678557486841,0.4127058586972461,0.3798466418248843,0.427996319449681,0.3355271250596054
4192,0.1635258123931887,0.2643766242762036,0.2307645514937025,0.297489292203083,0.1880895280833046
4193,0.0374122102907569,0.1109494589209768,0.0760369327536322,0.1664698321086025,0.0413930377011095
4194,0.0,0.0017821083345362,0.0,0.0521994198902483,0.0
4195,0.0,0.0,0.0,0.0039732536634627,0.0
4196,0.0,0.0,0.0,0.0,0.0
4197,0.0,0.0,0.0,0.0,0.0
4198,0.0,0.0,0.0,0.0,0.0
4199,0.0,0.0,0.0,0.0,0.0
4200,0.0,0.0,0.0,0.0,0.0
4201,0.0,0.0,0.0,0.0,0.0
4202,0.0,0.0,0.0,0.0,0.0
4203,0.0,0.0,0.0,0.0,0.0
4204,0.0,0.0,0.0,0.0,0.0
4205,0.031728594660449,0.0,0.0016492716749214,0.0073884767550635,0.0138366494411865
4206,0.1764611748536381,0.10560686366071,0.1293829079308864,0.071099576144771,0.1519903687623242
4207,0.3313551508486199,0.271691294162644,0.2898069641884472,0.2093467716880384,0.3113279354278445
4208,0.4536649822436262,0.4273618978841366,0.4324742276257589,0.3583529718682373,0.447407798411291
4209,0.5175811113724292,0.5472327748627017,0.540788752292592,0.4826312015688627,0.5453949153287925
4210,0.5444139520343294,0.6252463790430052,0.6092799918083412,0.5787286938567772,0.6050875021803468
4211,0.5642519858174103,0.663060903653725,0.6377174597322555,0.6389723413357623,0.6280884402308267
4212,0.5573297240438786,0.6582012994374076,0.6275005144283125,0.6549698893126541,0.6096648052554425
4213,0.5082292015909206,0.6111982837332471,0.5797222842649177,0.6388262976880152,0.5587408900341316
4214,0.4258650254468928,0.5258675269682875,0.4941809007563382,0.5742013795278135,0.4723574898641102
4215,0.3122448448436242,0.4062825892028558,0.3729053005690106,0.4663295187698921,0.3418103437214638
4216,0.1750380724595321,0.2628832717560128,0.2256792656296723,0.3350425588709039,0.189728817135119
4217,0.0392105405390371,0.1080079971720479,0.0737734600035123,0.1872341301961791,0.0414006986267258
4218,0.0,0.0,0.0,0.0463199167697032,0.0
4219,0.0,0.0,0.0,0.0,0.0
4220,0.0,0.0,0.0,0.0,0.0
4221,0.0,0.0,0.0,0.0,0.0
4222,0.0,0.0,0.0,0.0,0.0
4223,0.0,0.0,0.0,0.0,0.0
4224,0.0,0.0,0.0,0.0,0.0
4225,0.0,0.0,0.0,0.0,0.0
4226,0.0,0.0,0.0,0.0,0.0
4227,0.0,0.0,0.0,0.0,0.0
4228,0.0,0.0,0.0,0.0,0.0
4229,0.032812748296911,0.0,0.0010815297901189,0.0036760274100105,0.0133348623287624
4230,0.1804607942597184,0.1055907234224914,0.1238210340331136,0.0721152053950786,0.1529471853057009
4231,0.3378896143814019,0.270931534389398,0.2799081676539214,0.2327789714504464,0.3134593826071207
4232,0.4720619035570242,0.4224716287361635,0.4195838464002484,0.3924558020288411,0.4526121144890297
4233,0.5694252146374549,0.5412915776160756,0.5258186526853738,0.5255366126189664,0.5523580402528783
4234,0.6264769420763041,0.6186960031776142,0.5937551704433165,0.6195855174679518,0.6115690848733009
4235,0.6429868694609747,0.6546939654225218,0.6232681560472942,0.6730521841400665,0.6197044444625496
4236,0.6203504766727531,0.647129428287255,0.6137055574893604,0.6859338639540765,0.5871874037830948
4237,0.5567409293198241,0.5976815674696933,0.5647827092290694,0.6585194044647871,0.5247772701386296
4238,0.4596340693746735,0.5138665906719071,0.4802767776634792,0.5926073802290528,0.4266620946837153
4239,0.3336150392783756,0.3879647728058678,0.3631838656782473,0.4898985682441801,0.303102461774118
4240,0.1842092914563789,0.2432322610316175,0.2188752770979533,0.3530281713665185,0.1676898718805465
4241,0.0399069780371554,0.1018319319326457,0.070740778537744,0.1953937431046399,0.0385877920985392
4242,0.0,0.0,0.0,0.0458992245002083,0.0
4243,0.0,0.0,0.0,0.0,0.0
4244,0.0,0.0,0.0,0.0,0.0
4245,0.0,0.0,0.0,0.0,0.0
4246,0.0,0.0,0.0,0.0,0.0
4247,0.0,0.0,0.0,0.0,0.0
4248,0.0,0.0,0.0,0.0,0.0
4249,0.0,0.0,0.0,0.0,0.0
4250,0.0,0.0,0.0,0.0,0.0
4251,0.0,0.0,0.0,0.0,0.0
4252,0.0,0.0,0.0,0.0,0.0
4253,0.0297234906220459,0.0,0.0010105390661411,0.0034651618419105,0.0127166599029316
4254,0.1749845214470939,0.1079978059010777,0.1194064012094613,0.0716070289255398,0.1510585291074546
4255,0.3296353475268245,0.2736335243844157,0.2722841618091361,0.2338237518520952,0.3112678996431307
4256,0.459156096990545,0.4252093905704328,0.4124799043890645,0.3959288795523789,0.4490738418143459
4257,0.5442133878084716,0.5440400398840012,0.5228443106845644,0.5288231172774442,0.5455300827234584
4258,0.5483022027943962,0.6203396599777752,0.5940545527294674,0.6210124114498536,0.5957646842123647
4259,0.5116805220617412,0.654411711177955,0.6163541849562956,0.6723466377918882,0.6122834588226996
4260,0.4809021581200977,0.6476301171906204,0.6038652274657087,0.6835295207310867,0.593566002433929
4261,0.4271138100703839,0.6032157929816171,0.563193797936092,0.6545405846093695,0.5365306275170971
4262,0.3670764812809214,0.5242277545147176,0.4815757930687045,0.5880619705096044,0.4473342474960615
4263,0.2686939015957303,0.4081888145709895,0.3664282302801688,0.4846574750070559,0.3262209617204152
4264,0.1367960610065604,0.2648882177577626,0.2246769634083189,0.3492645890173214,0.1826569936697352
4265,0.0287778639688273,0.1083146313783071,0.0744574190992994,0.1940394891679794,0.0398068725519499
4266,0.0,0.0,0.0,0.0473312749400047,0.0
4267,0.0,0.0,0.0,0.0020866879242284,0.0
4268,0.0,0.0,0.0,0.0,0.0
4269,0.0,0.0,0.0,0.0,0.0
4270,0.0,0.0,0.0,0.0,0.0
4271,0.0,0.0,0.0,0.0,0.0
4272,0.0,0.0,0.0,0.0,0.0
4273,0.0,0.0,0.0,0.0,0.0
4274,0.0,0.0,0.0,0.0,0.0
4275,0.0,0.0,0.0,0.0,0.0
4276,0.0,0.0,0.0,0.0,0.0
4277,0.0321052807453308,0.0,0.001655647251101,0.005325188796188,0.0130013361426247
4278,0.1845955801458191,0.105344052559166,0.1242492959658917,0.0726989526695787,0.1528914166912423
4279,0.3462848913589109,0.2763158281875161,0.2786776517411465,0.2256383916039037,0.3132428973620847
4280,0.4852107554708632,0.4316274305936526,0.423835909085246,0.3844082680756036,0.4482891096550448
4281,0.5883207682977535,0.5535922116074399,0.5405042586638358,0.5173767200741378,0.5451565068830192
4282,0.6434404714266933,0.6354227512050613,0.6225352270496626,0.6154392737044585,0.6026630317580484
4283,0.6603423519830297,0.6742776005530592,0.663815880459425,0.672656258165531,0.6241849319184358
4284,0.6356596331901572,0.6707017746480815,0.6610330602223593,0.6866961051947117,0.6024235903260363
4285,0.5716562636771428,0.6272150474072972,0.6141627169302107,0.6600643804249806,0.5345793706467968
4286,0.4820405461565427,0.5463609705066115,0.5253316404123902,0.5905594364135118,0.4294309242533655
4287,0.3542168534371155,0.4286749354873158,0.3989872365175341,0.4859584206151724,0.2988518812116664
4288,0.1974322457180661,0.2802565960494049,0.2444061836656551,0.3528483208453121,0.1662584053610057
4289,0.0452540012884311,0.1166309319867036,0.0824316718629539,0.1967507538590424,0.039683208446301
4290,0.0,0.0,0.0,0.0485275938760316,0.0
4291,0.0,0.0,0.0,0.001165588173705,0.0
4292,0.0,0.0,0.0,0.0,0.0
4293,0.0,0.0,0.0,0.0,0.0
4294,0.0,0.0,0.0,0.0,0.0
4295,0.0,0.0,0.0,0.0,0.0
4296,0.0,0.0,0.0,0.0,0.0
4297,0.0,0.0,0.0,0.0,0.0
4298,0.0,0.0,0.0,0.0,0.0
4299,0.0,0.0,0.0,0.0,0.0
4300,0.0,0.0,0.0,0.0,0.0
4301,0.0327000203956952,0.0,0.0011942881716782,0.0034942441232269,0.0131426589131028
4302,0.1893999888211053,0.1100177271907715,0.1339141134229942,0.0715177493800773,0.1541825555272197
4303,0.3534648876626291,0.2818106346002789,0.3010650622884779,0.2214001203445046,0.3158985482410576
4304,0.4929463488921871,0.4366580859883534,0.4494419957912024,0.3806282260453592,0.4556567689983384
4305,0.594675819765694,0.5561950413392515,0.562032124547455,0.5154149975979058,0.5568967562208756
4306,0.657341739050802,0.6363125277646496,0.6338589593348455,0.609258524831462,0.6191596556034848
4307,0.6763469208285907,0.6732496601692112,0.6648760425832335,0.66254918468686,0.6446222529824142
4308,0.6548125309770066,0.668738658854304,0.6553289124984377,0.6751838534905604,0.6283788112310466
4309,0.5945319358469291,0.6225540708182002,0.6057559012563604,0.6454082720276986,0.573617172477205
4310,0.4940017927949048,0.537059627063157,0.5175162785317734,0.5751572252559861,0.4804250204674304
4311,0.3584852973048198,0.4200325222515834,0.3931228430972979,0.4714209594256829,0.3508610351731197
4312,0.1996673520070106,0.2695664083749017,0.2406875703886012,0.3368616878434551,0.1947426886458441
4313,0.04507577852786,0.1096720207679044,0.0807559075237258,0.1856901569395291,0.0424880862344741
4314,0.0,0.0,0.0,0.0483337580006638,0.0
4315,0.0,0.0,0.0,0.0012005219270225,0.0
4316,0.0,0.0,0.0,0.0,0.0
4317,0.0,0.0,0.0,0.0,0.0
4318,0.0,0.0,0.0,0.0,0.0
4319,0.0,0.0,0.0,0.0,0.0
4320,0.0,0.0,0.0,0.0,0.0
4321,0.0,0.0,0.0,0.0,0.0
4322,0.0,0.0,0.0,0.0,0.0
4323,0.0,0.0,0.0,0.0,0.0
4324,0.0,0.0,0.0,0.0,0.0
4325,0.0315913340958347,0.0,0.0,0.0036224845823192,0.0134630458223102
4326,0.1863476392742835,0.103166354565134,0.1310310239276225,0.0643497630743831,0.158642778124732
4327,0.3480496340269862,0.2695681455435593,0.2953305603543444,0.1814584641236483,0.3243285404447966
4328,0.4847737580564526,0.4227314837916007,0.4393610324143628,0.3163970877086724,0.4662177808813273
4329,0.5834647389602583,0.5423734158357703,0.5477342773592404,0.4481011880696148,0.571898602467348
4330,0.6409250904689631,0.6196041764874575,0.6155273379065369,0.5551219351444447,0.6352422386277298
4331,0.6577908932888786,0.6547516333340825,0.6444544155060085,0.6252677394197866,0.6605093488464594
4332,0.6345411102941039,0.6483923844730507,0.6334194886110778,0.6519269739920003,0.6433973191500766
4333,0.5720796561703819,0.5928757674486274,0.5845978807483431,0.6404884164746854,0.5839166465652007
4334,0.4707904265149846,0.4878708584320662,0.4956054385111743,0.5781391000111588,0.4828041156324848
4335,0.3343745745328182,0.3578182180198118,0.3646419111404264,0.4657944535490468,0.3478170109934533
4336,0.1813439742865905,0.2062813958745177,0.2106671418169395,0.3277794451602153,0.1948270806887518
4337,0.041016492770378,0.0775880330793711,0.0674743121784139,0.1812914369923499,0.0432200191256552
4338,0.0,0.0034215321250124,0.0,0.0473422342148573,0.0
4339,0.0,0.0,0.0,0.0013820391188177,0.0
4340,0.0,0.0,0.0,0.0,0.0
4341,0.0,0.0,0.0,0.0,0.0
4342,0.0,0.0,0.0,0.0,0.0
4343,0.0,0.0,0.0,0.0,0.0
4344,0.0,0.0,0.0,0.0,0.0
4345,0.0,0.0,0.0,0.0,0.0
4346,0.0,0.0,0.0,0.0,0.0
4347,0.0,0.0,0.0,0.0,0.0
4348,0.0,0.0,0.0,0.0,0.0
4349,0.0328519674529544,0.0,0.00307464476877,0.0039568678867827,0.0126333688582176
4350,0.1743391709316878,0.1012734162315646,0.1036036811878794,0.0624251529430868,0.156560557456958
4351,0.3202066256711596,0.2577273592385529,0.2190413595298319,0.1683114073591462,0.3216411766389918
4352,0.4482136758416364,0.4020661423635542,0.3419916200750147,0.2797203364219384,0.4636440707306676
4353,0.5374953125669404,0.5255817926725422,0.4400168108837456,0.3754744441068806,0.5700318718043426
4354,0.5815373194966634,0.6098779189847129,0.5003300632544183,0.4532642264278924,0.6345942028934726
4355,0.5524979077502714,0.6367306868588317,0.5420401648412284,0.5020053127033564,0.6569651181141727
4356,0.4658879683646083,0.6031463840258402,0.5415423458893666,0.5077711796286488,0.6371269649119032
4357,0.3859867586358173,0.5065908342474491,0.4945911739462176,0.4797070654498377,0.5753594018223462
4358,0.3093383205432624,0.3833341126015197,0.4070949846768213,0.4296044071683918,0.47671046951727
4359,0.2106546795197858,0.2968969158976383,0.2913715395963296,0.3466430853332518,0.3495793912796621
4360,0.1143035144867713,0.1959541879407429,0.1735174684587674,0.2343209190389919,0.1955933090856334
4361,0.0359623097993166,0.0733935898614787,0.0607050491579307,0.1301080273112957,0.0435519013615375
4362,0.0,0.0,0.0,0.0358036298722932,0.0
4363,0.0,0.0,0.0,0.0,0.0
4364,0.0,0.0,0.0,0.0,0.0
4365,0.0,0.0,0.0,0.0,0.0
4366,0.0,0.0,0.0,0.0,0.0
4367,0.0,0.0,0.0,0.0,0.0
4368,0.0,0.0,0.0,0.0,0.0
4369,0.0,0.0,0.0,0.0,0.0
4370,0.0,0.0,0.0,0.0,0.0
4371,0.0,0.0,0.0,0.0,0.0
4372,0.0,0.0,0.0,0.0,0.0
4373,0.0247565889263717,0.0,0.0,0.0033796792033107,0.0117386687169135
4374,0.1359264743246495,0.077127023488624,0.1073193587215243,0.056314329481647,0.1540912577299768
4375,0.2607612526857091,0.1999382707934503,0.2542114850399189,0.1615777037263334,0.3186662690972176
4376,0.3414266949067406,0.3120213324130024,0.3875629364783264,0.2768746718706975,0.4603454217921063
4377,0.404174648476561,0.4128364565722688,0.4906451866497743,0.3809660954300517,0.5666332886303993
4378,0.4474485570983666,0.4895311805444223,0.5480083550662781,0.4556619541672919,0.6304844523215298
4379,0.4716991073107643,0.5347469733632609,0.5737028056487611,0.5101971889906037,0.651992097311629
4380,0.4623604275676447,0.5177138107436414,0.5675168773369864,0.5282456921315118,0.6315429267263215
4381,0.4202892638363695,0.4510014368920314,0.5283000561479299,0.494873710819822,0.5618822171268351
4382,0.3300574364121913,0.3777020283164149,0.4568798226902053,0.4264003833354727,0.4580368874400544
4383,0.21753191959791,0.2711253992206092,0.3474738605342401,0.3385445854533573,0.3278942840274809
4384,0.1159588070047728,0.1499085767623899,0.2166014807044881,0.237543328942311,0.1791715045221146
4385,0.0308436169304068,0.063004027137848,0.0769539490744786,0.1339413124274052,0.0419589443380154
4386,0.0,0.0,0.0,0.0460093453649172,0.0
4387,0.0,0.0,0.0,0.0031526881598359,0.0
4388,0.0,0.0,0.0,0.0,0.0
4389,0.0,0.0,0.0,0.0,0.0
4390,0.0,0.0,0.0,0.0,0.0
4391,0.0,0.0,0.0,0.0,0.0
4392,0.0,0.0,0.0,0.0,0.0
4393,0.0,0.0,0.0,0.0,0.0
4394,0.0,0.0,0.0,0.0,0.0
4395,0.0,0.0,0.0,0.0,0.0
4396,0.0,0.0,0.0,0.0,0.0
4397,0.0263790278611682,0.0,0.0,0.0049799810998585,0.0109927336904552
4398,0.1579692778522561,0.0909511707210997,0.1261368204584656,0.0654111001134992,0.1508160027498611
4399,0.2882363740822917,0.1764667438576027,0.2798512876696382,0.2058751085507763,0.3122699007989165
4400,0.3987840561609961,0.260579460217105,0.4221550210462422,0.3536369381904078,0.4535194101343991
4401,0.4820397422834236,0.3476328221654209,0.5269783705087208,0.4859444082467423,0.5549123365411814
4402,0.5289826566308081,0.4075610510379375,0.5898770799840216,0.5877932712523078,0.6098517186690336
4403,0.5351688010822852,0.4554677101882429,0.6238390899102682,0.6425603305697605,0.632065233292639
4404,0.4993541246714149,0.4682059623175704,0.6254542200736355,0.6570190155534354,0.6079819453171562
4405,0.4357196032091911,0.4437859464228815,0.5880769418249803,0.62851515937234,0.5367452317371736
4406,0.3444141239986689,0.4057021081205268,0.5057997985219924,0.5522969611603018,0.4322752568112418
4407,0.2346141606601224,0.3260272905554686,0.3856178277621283,0.4487100078142657,0.3050307181634549
4408,0.1232601353827682,0.204227494691608,0.2379132943461606,0.3194910359138471,0.1707823534443775
4409,0.0344843640803001,0.086218768296262,0.0832621566452337,0.174216035330003,0.0404940115363684
4410,0.0,0.0,0.0,0.0496763724435123,0.0
4411,0.0,0.0,0.0,0.0023041317104632,0.0
4412,0.0,0.0,0.0,0.0,0.0
4413,0.0,0.0,0.0,0.0,0.0
4414,0.0,0.0,0.0,0.0,0.0
4415,0.0,0.0,0.0,0.0,0.0
4416,0.0,0.0,0.0,0.0,0.0
4417,0.0,0.0,0.0,0.0,0.0
4418,0.0,0.0,0.0,0.0,0.0
4419,0.0,0.0,0.0,0.0,0.0
4420,0.0,0.0,0.0,0.0,0.0
4421,0.0257925008835667,0.0021627197997308,0.0,0.0037755030518627,0.0106658524964191
4422,0.1425115164269236,0.0980150813012852,0.1302343601375726,0.0668740644267323,0.1494164412497839
4423,0.2732144461779066,0.2603711270813775,0.2974407266130719,0.2256233944031932,0.3124181550492378
4424,0.4022238722899326,0.4147077609156973,0.4475662667530872,0.387561726364805,0.4538011075859751
4425,0.5091950654332876,0.5385115944293203,0.5628856022769338,0.5218835065508035,0.5589656770855517
4426,0.5841440736309802,0.6240713530483705,0.6376049275125389,0.6136639606940454,0.6076269427470872
4427,0.6170677003111612,0.6617948965027515,0.6715940235738612,0.6587012587447993,0.6145250821915107
4428,0.5969727433655367,0.6468562760738178,0.664022987086792,0.6591789738967792,0.5979569982587482
4429,0.5396127791640963,0.5878994207803663,0.6166196431169376,0.6222971235651737,0.5298736168759657
4430,0.4578179481687924,0.4997936175229563,0.5278642498763819,0.5531183860832618,0.4250732094732543
4431,0.3348345347888731,0.3888826553198343,0.4007521531313307,0.4500725345805634,0.3073951165774926
4432,0.1877347050199465,0.2490492153350367,0.2459391553063858,0.3207513168391471,0.1706614528605123
4433,0.0447793781641761,0.0965942473655456,0.0839436394638939,0.1808446618426423,0.039549141262762
4434,0.0,0.0,0.0,0.0501633671733459,0.0
4435,0.0,0.0,0.0,0.003357195633178,0.0
4436,0.0,0.0,0.0,0.0,0.0
4437,0.0,0.0,0.0,0.0,0.0
4438,0.0,0.0,0.0,0.0,0.0
4439,0.0,0.0,0.0,0.0,0.0
4440,0.0,0.0,0.0,0.0,0.0
4441,0.0,0.0,0.0,0.0,0.0
4442,0.0,0.0,0.0,0.0,0.0
4443,0.0,0.0,0.0,0.0,0.0
4444,0.0,0.0,0.0,0.0,0.0
4445,0.0358042318414875,0.0,0.0060489200037998,0.0025235179354568,0.0102972744562324
4446,0.1631243833492024,0.0937116602385205,0.1106846669575383,0.0643097797603852,0.1494310021478836
4447,0.3004334829355395,0.2391477826007677,0.2512967676282104,0.2162984651762587,0.312300020231796
4448,0.4436327486490617,0.3895418670843494,0.3751628154312328,0.3728750369530058,0.4529611952720589
4449,0.5487330236549569,0.5219616402674423,0.4661429191290344,0.5064819629216877,0.5545466701199985
4450,0.6082384971240972,0.6065588743596978,0.5501780260625028,0.6024938953505061,0.6114433838332007
4451,0.6256513968137197,0.6429821222208487,0.6173411004058302,0.6581813393573586,0.6267614408621375
4452,0.6025019291541569,0.6464409376425937,0.6243229788876042,0.6711210907801493,0.6062965566127825
4453,0.535140776515519,0.6159308860897892,0.5723520103298025,0.6396463065126053,0.5554074046532091
4454,0.4363041195435088,0.5376307526107212,0.4806180138263325,0.5685504015414073,0.4530895471308358
4455,0.3134893601453249,0.4198033332901538,0.3612348813201252,0.4600615962610044,0.3179398645492844
4456,0.1702608329978465,0.279630766006258,0.2222615718807324,0.3221095376145131,0.178070309699358
4457,0.0405848786966178,0.1184229787849834,0.0765762610754614,0.1749851419331947,0.0409851801395145
4458,0.0,0.0,0.0,0.0457705507120126,0.0
4459,0.0,0.0,0.0,0.0010553768406156,0.0
4460,0.0,0.0,0.0,0.0,0.0
4461,0.0,0.0,0.0,0.0,0.0
4462,0.0,0.0,0.0,0.0,0.0
4463,0.0,0.0,0.0,0.0,0.0
4464,0.0,0.0,0.0,0.0,0.0
4465,0.0,0.0,0.0,0.0,0.0
4466,0.0,0.0,0.0,0.0,0.0
4467,0.0,0.0,0.0,0.0,0.0
4468,0.0,0.0,0.0,0.0,0.0
4469,0.0270887968453122,0.0,0.0,0.0021941461438661,0.0099400112682533
4470,0.1750829880740796,0.1026921347738346,0.1205767886507601,0.0597595668202395,0.1490883724120168
4471,0.3206496988044002,0.2497537253963754,0.2797277779336823,0.1957319610277701,0.3122079366652973
4472,0.4541698729297955,0.343598597034376,0.42333567489514,0.3501971857292913,0.4519046798573407
4473,0.5527006136556366,0.4169024326477433,0.5317864376438991,0.4825553269595762,0.5567226219236195
4474,0.6116437376682746,0.4912218055458539,0.5950729514117952,0.5707457445990862,0.6154050705233427
4475,0.6329024005919884,0.5123020545992879,0.6195919966037573,0.6246088109960359,0.6348225673496023
4476,0.6048923064867392,0.481878520542821,0.6085641384295091,0.6432006667474625,0.6221592604024254
4477,0.5460702481107497,0.4884072124098222,0.5419717565744884,0.6158637209369112,0.5573345040323854
4478,0.4481186871288088,0.4830483265138114,0.4283034348047458,0.5476144087094895,0.4581140956657829
4479,0.2957801775012537,0.3553210663365114,0.3056437770863375,0.4444063648909481,0.3364307338845301
4480,0.1435739760949073,0.1753878507289182,0.1785769326905996,0.2989518029093705,0.1866547988957904
4481,0.0345338170796835,0.059871675712474,0.0597201259965669,0.1568085069015455,0.0419608997541847
4482,0.0,0.0,0.0,0.0442827054914563,0.0
4483,0.0,0.0,0.0,0.0,0.0
4484,0.0,0.0,0.0,0.0,0.0
4485,0.0,0.0,0.0,0.0,0.0
4486,0.0,0.0,0.0,0.0,0.0
4487,0.0,0.0,0.0,0.0,0.0
4488,0.0,0.0,0.0,0.0,0.0
4489,0.0,0.0,0.0,0.0,0.0
4490,0.0,0.0,0.0,0.0,0.0
4491,0.0,0.0,0.0,0.0,0.0
4492,0.0,0.0,0.0,0.0,0.0
4493,0.0218091800919778,0.0,0.0,0.0026764876511166,0.0095505850660358
4494,0.1486962029998141,0.0787976705657025,0.0784231116494514,0.0561264822662964,0.1441290953542832
4495,0.2751168737910762,0.2073283107299835,0.1504614935469463,0.1885823097690694,0.295371119249827
4496,0.3688094614430631,0.3305205254111477,0.2016979957848634,0.3302637345384102,0.434358982750567
4497,0.4083939144982202,0.4298042164054002,0.2831503255436777,0.4563056555831674,0.5422726117106241
4498,0.3861707150930876,0.490958087634812,0.350278287170902,0.5491765342690087,0.6079032046588844
4499,0.3175435786136295,0.5171107238308419,0.3737790915324344,0.6078366184291583,0.6330759035552522
4500,0.2602799144631331,0.5008558603046814,0.3978074350800658,0.6227528734249234,0.6156449225185523
4501,0.226455082671438,0.4602650134109308,0.4190118283859662,0.5818389209750925,0.5586680786980073
4502,0.1944589672336303,0.3901203701276172,0.3851518212603127,0.5122713070969314,0.4550487112151368
4503,0.1511465208157894,0.3052228234179762,0.2965782123725288,0.4250068508074612,0.3230056024231643
4504,0.1012438489065285,0.2022077271245346,0.1784937776881345,0.3075608181231116,0.1803403305595499
4505,0.0347756151103236,0.0811525498287141,0.0614308952589744,0.1742699423317867,0.0395123176486551
4506,0.0,0.0,0.0,0.0476496213212485,0.0
4507,0.0,0.0,0.0,0.0,0.0
4508,0.0,0.0,0.0,0.0,0.0
4509,0.0,0.0,0.0,0.0,0.0
4510,0.0,0.0,0.0,0.0,0.0
4511,0.0,0.0,0.0,0.0,0.0
4512,0.0,0.0,0.0,0.0,0.0
4513,0.0,0.0,0.0,0.0,0.0
4514,0.0,0.0,0.0,0.0,0.0
4515,0.0,0.0,0.0,0.0,0.0
4516,0.0,0.0,0.0,0.0,0.0
4517,0.0193310342475049,0.0,0.0,0.0030988248024219,0.009359403812905
4518,0.1117329545814485,0.0825454589369994,0.0850910146617147,0.0641841315152251,0.1350027260751051
4519,0.2275746526321559,0.225010212197612,0.2077655375489259,0.2072569065277994,0.2887441339070654
4520,0.3396423145762817,0.3432998947106738,0.2984647655617392,0.3514093993355608,0.4284201514503901
4521,0.3958138721157347,0.413443913437937,0.3661188943330416,0.4805111742294648,0.5262848395051514
4522,0.3811467715583503,0.4531050251025161,0.4007785284828887,0.5780913557055669,0.5816785069404377
4523,0.3644690614499138,0.4921730608953686,0.3858511539893722,0.6171964516458827,0.6068133819913202
4524,0.3474615798688886,0.4911748472482543,0.3612533365126404,0.6098896067374191,0.5890386308365262
4525,0.2705659645789293,0.4268613159603553,0.3139674625459044,0.5618499617938841,0.52563146046453
4526,0.1909915426428725,0.3559512943620424,0.2557581306694636,0.4717662428163141,0.4333609704137895
4527,0.1242206621616225,0.275467809240338,0.1983791076251909,0.3605504071113106,0.3080081616938196
4528,0.0552234406616018,0.1686037783059988,0.1296912882498726,0.2447996723685687,0.1679865444288291
4529,0.0076425903401676,0.0695153589667479,0.0552979920554923,0.1384293211589078,0.0414292852878978
4530,0.0,0.0,0.0,0.0474449550294262,0.0
4531,0.0,0.0,0.0,0.0020812904490056,0.0
4532,0.0,0.0,0.0,0.0,0.0
4533,0.0,0.0,0.0,0.0,0.0
4534,0.0,0.0,0.0,0.0,0.0
4535,0.0,0.0,0.0,0.0,0.0
4536,0.0,0.0,0.0,0.0,0.0
4537,0.0,0.0,0.0,0.0,0.0
4538,0.0,0.0,0.0,0.0,0.0
4539,0.0,0.0,0.0,0.0,0.0
4540,0.0,0.0,0.0,0.0,0.0
4541,0.0216870073228576,0.0,0.0,0.0029380935430208,0.0080839815134445
4542,0.102989505548454,0.0793149025121738,0.1001715063690226,0.0545743853144914,0.1295412220321813
4543,0.1808201222035874,0.1807921169556683,0.2328321661669056,0.1864171495738305,0.2665334497359515
4544,0.2695731852761774,0.2882018021880087,0.3533696282104406,0.3182833577131574,0.3786699273635093
4545,0.3230615357371941,0.3825278993092723,0.4192948273692724,0.429813735790804,0.4598165361452562
4546,0.3383806378397968,0.4492260188025739,0.4200099424596977,0.5303811409867021,0.5286416998233497
4547,0.3510131288998535,0.5100544057551499,0.4390633386297782,0.60122705762233,0.5452535496176583
4548,0.3554777726668502,0.5506735228510211,0.452889193386038,0.6192256992384084,0.5040639911768882
4549,0.3215543725874397,0.5462109066434815,0.4282806860706712,0.5946415043010899,0.4551121650793643
4550,0.2753721992645229,0.4964059804223447,0.3881985488614983,0.5392357063419099,0.3973829734710041
4551,0.2034827592016196,0.4041105135612491,0.3056933825698944,0.4473367061935902,0.3044948681079696
4552,0.1115841354684608,0.2675866260382493,0.1958642365465587,0.3129793924743797,0.1729840032446114
4553,0.0265513070376518,0.1110400143070328,0.0714050548504827,0.1700848735387335,0.0392327631868425
4554,0.0,0.0,0.0,0.0416198447735155,0.0
4555,0.0,0.0,0.0,0.0,0.0
4556,0.0,0.0,0.0,0.0,0.0
4557,0.0,0.0,0.0,0.0,0.0
4558,0.0,0.0,0.0,0.0,0.0
4559,0.0,0.0,0.0,0.0,0.0
4560,0.0,0.0,0.0,0.0,0.0
4561,0.0,0.0,0.0,0.0,0.0
4562,0.0,0.0,0.0,0.0,0.0
4563,0.0,0.0,0.0,0.0,0.0
4564,0.0,0.0,0.0,0.0,0.0
4565,0.0209335629260234,0.0,0.0,0.0022410084585475,0.0085355637434185
4566,0.1599930973809703,0.1021402965306627,0.1242533459365517,0.062929319566363,0.1166619501892409
4567,0.3137447814476921,0.2738319938543485,0.2908423810901841,0.2227328348197878,0.2547471887109397
4568,0.40787229872387,0.4385228951563944,0.4335888788189873,0.3908326098899785,0.3685366222806268
4569,0.4445161365110409,0.5759774864197806,0.5349660203058412,0.5360252691570944,0.4436911430059646
4570,0.4344083376274569,0.6689247204739214,0.5928755583703141,0.6406605433756682,0.5047710498808152
4571,0.4377345878333414,0.7122120086031251,0.6275468023147954,0.6997921927017976,0.5281499642362171
4572,0.4465750622237102,0.7106534797746024,0.6280432630625935,0.7120528537806783,0.5038594179443407
4573,0.4157643560195425,0.6683618103880777,0.5812086764318573,0.6841487350758734,0.4528008475459979
4574,0.371210144106139,0.584059386082104,0.5051879378181098,0.6188410433336345,0.3745367418532158
4575,0.289123785722955,0.4590935392243254,0.3891068552058555,0.5135785088504271,0.2754900969947685
4576,0.1735387598980427,0.3007445567043193,0.2378466498491286,0.3711170528119472,0.152699876242112
4577,0.0484875761727324,0.1258431014594062,0.0818968646877914,0.2057889957157117,0.0353925260024452
4578,0.0,0.0,0.0,0.0505512205144103,0.0
4579,0.0,0.0,0.0,0.0024204960587783,0.0
4580,0.0,0.0,0.0,0.0,0.0
4581,0.0,0.0,0.0,0.0,0.0
4582,0.0,0.0,0.0,0.0,0.0
4583,0.0,0.0,0.0,0.0,0.0
4584,0.0,0.0,0.0,0.0,0.0
4585,0.0,0.0,0.0,0.0,0.0
4586,0.0,0.0,0.0,0.0,0.0
4587,0.0,0.0,0.0,0.0,0.0
4588,0.0,0.0,0.0,0.0,0.0
4589,0.0290299055479226,0.0061205872780855,0.0020938709310286,0.0072317794889382,0.0085949171445262
4590,0.1701626450215924,0.0753715473030782,0.066786324985954,0.0602197258482757,0.1438878931660238
4591,0.3344169899099976,0.154849698382854,0.1480604331992767,0.1729988993426783,0.3054668276560422
4592,0.4436784320342004,0.2486363501007666,0.2035640413691196,0.294590498306416,0.4494912863312205
4593,0.4898809232822933,0.3261831593841515,0.2419214480629568,0.408060503914212,0.5583678141254642
4594,0.5136177088121182,0.3680253069467472,0.2528778247304032,0.5034802897315324,0.6191046823022959
4595,0.5034009214582794,0.3924036560335576,0.2534364200714676,0.5832668442442656,0.6417173921665786
4596,0.4287433402952418,0.3981703965491975,0.2280570630197258,0.6256008781663556,0.6271083728156256
4597,0.3381011606545132,0.3626851671995643,0.1793938625642197,0.6220164387162542,0.557812759669166
4598,0.2320772708075659,0.281719702092064,0.1323134918219474,0.5701125411875618,0.4507233146713751
4599,0.1326192852087425,0.169134693467648,0.0760294360558974,0.4719163906583927,0.3183755204913591
4600,0.0708828835069249,0.0757846211545384,0.0405811481989456,0.3388099849044709,0.1743433576685327
4601,0.0150653766485806,0.0248106610047569,0.0153847661404643,0.1853730697617162,0.0446843040101287
4602,0.0,0.0,0.0,0.0473615469607916,0.0
4603,0.0,0.0,0.0,0.0,0.0
4604,0.0,0.0,0.0,0.0,0.0
4605,0.0,0.0,0.0,0.0,0.0
4606,0.0,0.0,0.0,0.0,0.0
4607,0.0,0.0,0.0,0.0,0.0
4608,0.0,0.0,0.0,0.0,0.0
4609,0.0,0.0,0.0,0.0,0.0
4610,0.0,0.0,0.0,0.0,0.0
4611,0.0,0.0,0.0,0.0,0.0
4612,0.0,0.0,0.0,0.0,0.0
4613,0.0024689664571248,0.0,0.0,0.0013150031569321,0.007726679572484
4614,0.0637209516486182,0.0598381928221582,0.0671556203000315,0.0536894458451273,0.1333733404191903
4615,0.1512402617935882,0.1755352410983711,0.1549396403666025,0.1967019124520705,0.2893998794615919
4616,0.2510001549738764,0.2909999240694738,0.2516474016788109,0.3455657471888281,0.4211458015566202
4617,0.3576270461963765,0.3985277336016342,0.3354467110579303,0.4691092010388985,0.5210656067445429
4618,0.4346137336607537,0.4593229426406806,0.4015587414218379,0.5480725118884684,0.5874239770612614
4619,0.391295008739663,0.5059827177974036,0.4373728847053764,0.5843654088229278,0.5974627485770981
4620,0.3437971311291401,0.5184642616340261,0.4493932894278221,0.588653875275499,0.5580686302891478
4621,0.342730529777319,0.4549599889256003,0.4157824937399434,0.546555456238875,0.4891662900911225
4622,0.2699882304826315,0.373306620272104,0.327132456263034,0.4609858732643131,0.3887756898734605
4623,0.1833607316510281,0.2847424090317148,0.241380938791942,0.3623763859831245,0.277880063203709
4624,0.1033941421067742,0.1715833908327389,0.1446173542444464,0.2612861278345093,0.1577467392246534
4625,0.027121036296416,0.0614207748737378,0.0416683496169705,0.1554431777979958,0.0353581351053966
4626,0.0,0.0,0.0,0.0447838725910394,0.0
4627,0.0,0.0,0.0,0.0,0.0
4628,0.0,0.0,0.0,0.0,0.0
4629,0.0,0.0,0.0,0.0,0.0
4630,0.0,0.0,0.0,0.0,0.0
4631,0.0,0.0,0.0,0.0,0.0
4632,0.0,0.0,0.0,0.0,0.0
4633,0.0,0.0,0.0,0.0,0.0
4634,0.0,0.0,0.0,0.0,0.0
4635,0.0,0.0,0.0,0.0,0.0
4636,0.0,0.0,0.0,0.0,0.0
4637,0.0131830835096802,0.0,0.0,0.0017715094818318,0.0065965882293269
4638,0.0681054011140655,0.0604165719319963,0.0432597247884801,0.0553014662233866,0.12676197445728
4639,0.1424387320843237,0.1934142946305907,0.138994660804443,0.1905532779385987,0.2761270230017566
4640,0.2141075555280496,0.3308321436231057,0.21497264782161,0.3378505069515998,0.4085286732808033
4641,0.2651881847365095,0.4688638281752377,0.303304109323613,0.467673221120829,0.5086810896369706
4642,0.2940110392338793,0.5448213330290487,0.3839064020953409,0.5657376689179566,0.5512535493300849
4643,0.3031420265365833,0.5605529614864593,0.428971627728404,0.625507188726385,0.5528481587873334
4644,0.3277755889493526,0.5347664579121675,0.4130572408126328,0.6497818602419084,0.5364110169734241
4645,0.3478516967344911,0.4582950551328976,0.3594924531099439,0.6435402407191002,0.4826688422290438
4646,0.2950556974758422,0.3832413258068433,0.3065767885021922,0.5969103125875898,0.4052089827141856
4647,0.2053941638451931,0.2797861253210005,0.2238621495789275,0.5018557051508232,0.2974910431995632
4648,0.1239799631335761,0.1729936973298279,0.1374533242889349,0.3641835843962406,0.1632535770550819
4649,0.0336320625150353,0.0781813313929862,0.043036461553295,0.202765885566781,0.0370760012270652
4650,0.0,0.0,0.0,0.0505663743459099,0.0
4651,0.0,0.0,0.0,0.0,0.0
4652,0.0,0.0,0.0,0.0,0.0
4653,0.0,0.0,0.0,0.0,0.0
4654,0.0,0.0,0.0,0.0,0.0
4655,0.0,0.0,0.0,0.0,0.0
4656,0.0,0.0,0.0,0.0,0.0
4657,0.0,0.0,0.0,0.0,0.0
4658,0.0,0.0,0.0,0.0,0.0
4659,0.0,0.0,0.0,0.0,0.0
4660,0.0,0.0,0.0,0.0,0.0
4661,0.0127548855725777,0.0,0.0,0.001621699184561,0.0070041542593266
4662,0.1109361497394507,0.0957438693940552,0.0565225372615132,0.0595621859007097,0.136258334962259
4663,0.2364061298397012,0.2661789216590683,0.1542322085858277,0.2216306660364495,0.2965482635420233
4664,0.3392569099704787,0.4093400698803709,0.2511492605069984,0.3847423136398688,0.4289276524415645
4665,0.4145590093343309,0.5134684002769373,0.3199896314308725,0.5173487070362945,0.5320237201205159
4666,0.4500401170210495,0.5548989301762991,0.3531732227854686,0.604040348439201,0.6003636432617833
4667,0.4643788496242185,0.5548556621431407,0.3830424669124356,0.6485173798209625,0.6112819371898083
4668,0.4552044388752593,0.5460804403895455,0.4104961973500533,0.6534447160609408,0.5883193943096791
4669,0.4186095019382235,0.5089096512803075,0.3962152169613462,0.6249846323693564,0.5437475012452676
4670,0.359153489418624,0.4406785125596056,0.3479530073712982,0.5654082057029913,0.4606886904037254
4671,0.2595518420549509,0.3252550250182573,0.2542140395442488,0.4624286332042092,0.3383054478685991
4672,0.1446848972064747,0.186044015332834,0.1345625525348859,0.3300207908597833,0.1875677646510562
4673,0.0342964097657378,0.0646362318808384,0.0440649317808241,0.1854980125226858,0.0422729039476668
4674,0.0,0.0,0.0,0.0476028064640977,0.0
4675,0.0,0.0,0.0,0.0,0.0
4676,0.0,0.0,0.0,0.0,0.0
4677,0.0,0.0,0.0,0.0,0.0
4678,0.0,0.0,0.0,0.0,0.0
4679,0.0,0.0,0.0,0.0,0.0
4680,0.0,0.0,0.0,0.0,0.0
4681,0.0,0.0,0.0,0.0,0.0
4682,0.0,0.0,0.0,0.0,0.0
4683,0.0,0.0,0.0,0.0,0.0
4684,0.0,0.0,0.0,0.0,0.0
4685,0.0222084348461451,0.0,0.0,0.0014311923436029,0.0039463769669138
4686,0.1522410020306953,0.0115068185928083,0.0826444937545565,0.0575518707877518,0.0923841477370366
4687,0.2979983840514195,0.05289443732068,0.1880256006179831,0.2175554775503965,0.209140967049414
4688,0.4226750254049019,0.1085419202329554,0.2801365882729486,0.3822228967972028,0.3249909724423587
4689,0.4988558965640031,0.1882081567125396,0.3373389575698026,0.5156226187800165,0.4128641421562636
4690,0.5226530895598159,0.295144070662882,0.3821482289125125,0.5974398692326871,0.46198546329059
4691,0.542253701587723,0.3970858904533239,0.4281472744109483,0.6363170550414835,0.4840595385687123
4692,0.5263537333967973,0.4365304361366257,0.4295513535164197,0.6441183859480057,0.4719219463215779
4693,0.4528296984965265,0.4204823258143524,0.4072619158462843,0.6213287193108716,0.4326198310787032
4694,0.3642451874578517,0.3235743584317477,0.3693886702948167,0.561751855192896,0.3399628118210459
4695,0.2615891279184005,0.2335209486522579,0.2921306268583276,0.4742842366353201,0.2279793497575008
4696,0.1421953116873888,0.1727247474772898,0.1783057155319592,0.3558326670882011,0.1182117105618593
4697,0.0298270431888306,0.0700715941570387,0.0598824994910891,0.2042421964286293,0.0193600720773854
4698,0.0,0.0,0.0,0.0507836865238228,0.0
4699,0.0,0.0,0.0,0.0,0.0
4700,0.0,0.0,0.0,0.0,0.0
4701,0.0,0.0,0.0,0.0,0.0
4702,0.0,0.0,0.0,0.0,0.0
4703,0.0,0.0,0.0,0.0,0.0
4704,0.0,0.0,0.0,0.0,0.0
4705,0.0,0.0,0.0,0.0,0.0
4706,0.0,0.0,0.0,0.0,0.0
4707,0.0,0.0,0.0,0.0,0.0
4708,0.0,0.0,0.0,0.0,0.0
4709,0.0185998503657804,0.0,0.0,0.0018041015897907,0.0
4710,0.160362471446476,0.0923825742091877,0.0943468244327376,0.0642013026992412,0.0827169189324918
4711,0.3070769750362985,0.2594662518718385,0.2234613604959238,0.2235376375881842,0.212212799308597
4712,0.4311434078326427,0.402733811715403,0.3557172578210323,0.3853327386164452,0.3265484833327905
4713,0.5172290817956873,0.5081260972552206,0.4691448640996563,0.5218362019742863,0.4085063036693127
4714,0.5390580371075364,0.5712885011332841,0.5490512550085351,0.6232823917093483,0.4661880476467255
4715,0.5328256054790889,0.5866866229410934,0.5700861641750007,0.6818824099220226,0.5084906131233212
4716,0.5046911837693244,0.5905749506699872,0.56368423994086,0.6965573363139579,0.5103990088531539
4717,0.4410538888345631,0.5971846027603582,0.5401120667258682,0.668046624187071,0.4741871815945074
4718,0.3700627356315203,0.5403604141788296,0.4738927461704934,0.6000157814120836,0.404154587763698
4719,0.2703254682784725,0.4180961246931003,0.3723798700185291,0.498702964091227,0.2948542013858022
4720,0.1558440659056514,0.2766819085663641,0.2337589079797198,0.3634309926593113,0.1687776683259587
4721,0.0374766335018187,0.115323425719389,0.0779448049042179,0.2049101247527352,0.0405902241426471
4722,0.0,0.0,0.0,0.0527551704622512,0.0
4723,0.0,0.0,0.0,0.0,0.0
4724,0.0,0.0,0.0,0.0,0.0
4725,0.0,0.0,0.0,0.0,0.0
4726,0.0,0.0,0.0,0.0,0.0
4727,0.0,0.0,0.0,0.0,0.0
4728,0.0,0.0,0.0,0.0,0.0
4729,0.0,0.0,0.0,0.0,0.0
4730,0.0,0.0,0.0,0.0,0.0
4731,0.0,0.0,0.0,0.0,0.0
4732,0.0,0.0,0.0,0.0,0.0
4733,0.0202531734863696,0.0,0.0,0.0038792695944288,0.0066374798836856
4734,0.1726186964974172,0.09568721267796,0.1019227145429064,0.0642925910413744,0.1461975062201567
4735,0.3380397572113658,0.2659191035060781,0.2546676500490678,0.2025115293380195,0.3160884296748962
4736,0.4808399520450888,0.4272810173924393,0.3937601589664953,0.3507153275046527,0.4603196228316447
4737,0.5735086089746123,0.5502307731946627,0.487123878250174,0.4806221974297284,0.5652498913350017
4738,0.5891625317729648,0.6244775837773843,0.536582066077727,0.5796750309121811,0.6314987039335801
4739,0.5618830147033528,0.6541769923497671,0.5341579268109421,0.6429485600839191,0.6502137289897415
4740,0.5266911627147651,0.6368706970481051,0.5050596580938455,0.6477259313573798,0.6229069956657669
4741,0.4516544183930741,0.574001310489395,0.46621630183268,0.5989446999671444,0.5598550083481064
4742,0.353188331609065,0.4877661162606623,0.4039000157030262,0.5254446816102606,0.4658032652620361
4743,0.2448338673576398,0.3775101973448884,0.3053318557151269,0.4302130272600463,0.3381799782138725
4744,0.1271820937668427,0.2434780178319928,0.1834691629641834,0.3119628694779304,0.1905075506779514
4745,0.0253959359745628,0.099940622753997,0.0631499291023845,0.1779301316476852,0.0437408427488882
4746,0.0,0.0,0.0,0.0470224097361749,0.0
4747,0.0,0.0,0.0,0.0,0.0
4748,0.0,0.0,0.0,0.0,0.0
4749,0.0,0.0,0.0,0.0,0.0
4750,0.0,0.0,0.0,0.0,0.0
4751,0.0,0.0,0.0,0.0,0.0
4752,0.0,0.0,0.0,0.0,0.0
4753,0.0,0.0,0.0,0.0,0.0
4754,0.0,0.0,0.0,0.0,0.0
4755,0.0,0.0,0.0,0.0,0.0
4756,0.0,0.0,0.0,0.0,0.0
4757,0.0155843537250447,0.0015028725055168,0.0,0.0023043570928949,0.0070724615649534
4758,0.1503988338372333,0.0816865781186731,0.1077497090569913,0.0530422369600298,0.1431003196423137
4759,0.2933845718872892,0.2198364819042492,0.2412646440242117,0.1771246928529971,0.3078143230390177
4760,0.4174410990416462,0.3739308473436019,0.3737578493592577,0.3031657992975436,0.4529658151471212
4761,0.5170226801998837,0.5175770070497652,0.4790564874732925,0.3980015307964981,0.55766693369064
4762,0.5771965935670448,0.5952274166837194,0.5210791717186128,0.4773719610396644,0.6118207193024461
4763,0.565305562472372,0.6107622418821235,0.5058954337408778,0.5332651789946481,0.6257869762014502
4764,0.5216875670422788,0.5737283699603385,0.5014824161316684,0.5699771460587747,0.5897410958954071
4765,0.4505332218139315,0.5011544900675402,0.4595405041952383,0.5770638907010508,0.5231806775328927
4766,0.3548710835994532,0.4383313301021529,0.382191595140942,0.5216273387264908,0.435035048489723
4767,0.2594730704042943,0.3364921888019481,0.2994823771412421,0.4253599760186166,0.3086053340578894
4768,0.1416872746624836,0.2091833591371685,0.1747940439088644,0.3133382276452738,0.1721504525821019
4769,0.0318192174878387,0.0811819942182871,0.0524140231418014,0.1829108477945594,0.039083564757025
4770,0.0,0.0,0.0,0.0446037911870191,0.0
4771,0.0,0.0,0.0,0.0,0.0
4772,0.0,0.0,0.0,0.0,0.0
4773,0.0,0.0,0.0,0.0,0.0
4774,0.0,0.0,0.0,0.0,0.0
4775,0.0,0.0,0.0,0.0,0.0
4776,0.0,0.0,0.0,0.0,0.0
4777,0.0,0.0,0.0,0.0,0.0
4778,0.0,0.0,0.0,0.0,0.0
4779,0.0,0.0,0.0,0.0,0.0
4780,0.0,0.0,0.0,0.0,0.0
4781,0.0200037965920426,0.0,0.0,0.0,0.0058772053453636
4782,0.1609493106122903,0.0810393648156802,0.068029969679832,0.053897629557858,0.139463849198045
4783,0.3106302481049316,0.2194868260596643,0.1567284337909505,0.194369328325239,0.3065134198330144
4784,0.4323145010837343,0.3710002877240226,0.2639084686982866,0.344853139847518,0.4520684131462433
4785,0.5236251667374814,0.501250821785669,0.3601723315075835,0.4640191670629752,0.5590334217642217
4786,0.5877689909651883,0.5473577898554732,0.4139211510596783,0.5444510441287961,0.6064963278583636
4787,0.598844864894089,0.5467240830536668,0.4292217846858261,0.5994032136002043,0.6162478784558315
4788,0.5359304954598433,0.550422708028598,0.4239235175042347,0.6381737919907913,0.6068488559603225
4789,0.4634904181221095,0.5242640809830189,0.4091449156217072,0.6450794764855636,0.5436958775618067
4790,0.3858924879939895,0.4536031420555802,0.3511647325661547,0.5975533755788772,0.4364852435525623
4791,0.2598840757920849,0.3454328174806289,0.2478220922365958,0.4979878236070763,0.3122405635773628
4792,0.129450676963493,0.2282635555133069,0.1414572054690119,0.359003138777787,0.1750329649029677
4793,0.0253174034120797,0.101683802587679,0.0440207146881444,0.1981218730036577,0.0371593465681001
4794,0.0,0.0,0.0,0.0445220932205513,0.0
4795,0.0,0.0,0.0,0.0,0.0
4796,0.0,0.0,0.0,0.0,0.0
4797,0.0,0.0,0.0,0.0,0.0
4798,0.0,0.0,0.0,0.0,0.0
4799,0.0,0.0,0.0,0.0,0.0
4800,0.0,0.0,0.0,0.0,0.0
4801,0.0,0.0,0.0,0.0,0.0
4802,0.0,0.0,0.0,0.0,0.0
4803,0.0,0.0,0.0,0.0,0.0
4804,0.0,0.0,0.0,0.0,0.0
4805,0.0158094390171976,0.0,0.0,0.0012896484971594,0.0055588255101105
4806,0.1553896417863063,0.0884451992064814,0.1071175731611993,0.0474758098906587,0.1394933988381912
4807,0.3147655753356474,0.2529906517542887,0.2661150631842972,0.1500772250126282,0.3067057065360989
4808,0.456806577459097,0.405175010622578,0.410512707421471,0.2682130519425353,0.4546112946626698
4809,0.5575024382557353,0.5035432836528975,0.5195976629195282,0.3905313188269051,0.5611664002568333
4810,0.6204391586273164,0.5554809684944239,0.571977679936329,0.4942652932982113,0.6214216830597385
4811,0.6347279452553053,0.5855040301712249,0.5688074476962091,0.5566262560080136,0.6316187008258272
4812,0.5996672150717244,0.5580044743740895,0.5201746935913805,0.5780089631412139,0.6023294607781061
4813,0.5252486826646697,0.4906569100792478,0.4527848180916388,0.5478203554160578,0.548359188499047
4814,0.4171305785010115,0.4334784074865955,0.3762530553206314,0.4698373750890712,0.4519013624221871
4815,0.2773654269143132,0.3567937769207461,0.2754388563193962,0.3817115037137049,0.3263852783565126
4816,0.1351532078569733,0.2180286118490849,0.1612957048364446,0.2743873269901104,0.1835796609318591
4817,0.0316104393937479,0.0785357646479509,0.0483176287614683,0.1510338412719749,0.0375050455878148
4818,0.0,0.0,0.0,0.039988770488533,0.0
4819,0.0,0.0,0.0,0.0,0.0
4820,0.0,0.0,0.0,0.0,0.0
4821,0.0,0.0,0.0,0.0,0.0
4822,0.0,0.0,0.0,0.0,0.0
4823,0.0,0.0,0.0,0.0,0.0
4824,0.0,0.0,0.0,0.0,0.0
4825,0.0,0.0,0.0,0.0,0.0
4826,0.0,0.0,0.0,0.0,0.0
4827,0.0,0.0,0.0,0.0,0.0
4828,0.0,0.0,0.0,0.0,0.0
4829,0.0213794287193992,0.0,0.0,0.0,0.005143609474164
4830,0.1365500146843151,0.0242084952384856,0.0361111688571932,0.0386560242451274,0.1399012550392313
4831,0.2477494292516068,0.1181398522153559,0.1321538570119607,0.1499144567896923,0.3081963107537059
4832,0.3248096352922828,0.2375481304598354,0.2609396207714404,0.272563545899897,0.4553172822219557
4833,0.3692891738177321,0.339204608493093,0.3705821734234231,0.3776560348676558,0.5646016163752784
4834,0.3638660878300821,0.4310570887112873,0.461807680815402,0.4633629206939719,0.6308108119156414
4835,0.3446277815133651,0.5173985731806491,0.5205160899497512,0.5214440553283857,0.6542939319215433
4836,0.3498777930753146,0.5253496779108585,0.5155908032542094,0.5467247367473344,0.631362464993399
4837,0.3427595879506504,0.4778853730652974,0.4769578636463488,0.5465479760219482,0.5702611674650279
4838,0.3180937883138383,0.4145105969191646,0.3978233791711177,0.5021033431141173,0.4757768560414643
4839,0.2577406538301434,0.3175693387467327,0.2930715858675718,0.4176277125147121,0.3478006290229982
4840,0.1497374679215859,0.2111051334993487,0.1811629048730977,0.3070835306672775,0.193331911190959
4841,0.0289936992084622,0.0926853290500236,0.0576558390957403,0.1720194742996595,0.0395751998601999
4842,0.0,0.0,0.0,0.0427516828750298,0.0
4843,0.0,0.0,0.0,0.0,0.0
4844,0.0,0.0,0.0,0.0,0.0
4845,0.0,0.0,0.0,0.0,0.0
4846,0.0,0.0,0.0,0.0,0.0
4847,0.0,0.0,0.0,0.0,0.0
4848,0.0,0.0,0.0,0.0,0.0
4849,0.0,0.0,0.0,0.0,0.0
4850,0.0,0.0,0.0,0.0,0.0
4851,0.0,0.0,0.0,0.0,0.0
4852,0.0,0.0,0.0,0.0,0.0
4853,0.0159248910874401,0.0,0.0,0.0010960396985491,0.0046315628609432
4854,0.1538702487632459,0.0844669057664084,0.0967113746440908,0.0497809433144701,0.1377539789825608
4855,0.2885790378773916,0.2465891026736346,0.2323313364284428,0.2021783472489662,0.3050147760196027
4856,0.403905252473858,0.4085464361781944,0.3780352028048521,0.3608041988019648,0.4510423779467256
4857,0.4773268799114478,0.5347225138096439,0.4863622533135303,0.5005627391971701,0.5601296505629942
4858,0.4962347433073293,0.5946954148557926,0.5295930345033225,0.6025336458472179,0.6251310078469272
4859,0.5114919199226705,0.6068001183658527,0.5382598707411502,0.6557199052082316,0.646438578912646
4860,0.5124046681509956,0.5848790851569463,0.5286836992826522,0.6674190221219862,0.6250292967993271
4861,0.4593629759591124,0.5271521523047418,0.4849183351289119,0.6454641232882384,0.5640162539539342
4862,0.3609124534674297,0.4464214149580482,0.3984803016539139,0.582405192398117,0.4650091094700154
4863,0.2611247804322354,0.3457021062403382,0.2952859875527818,0.4776948556447375,0.332224696430087
4864,0.1520004160822229,0.2231482295859951,0.1821869518561041,0.3379028515641752,0.1797891795129277
4865,0.0384304838271842,0.0950386598298698,0.0639867459795832,0.1837260531978445,0.037861374790779
4866,0.0,0.0024110523286686,0.0,0.0436686240273584,0.0
4867,0.0,0.0,0.0,0.0,0.0
4868,0.0,0.0,0.0,0.0,0.0
4869,0.0,0.0,0.0,0.0,0.0
4870,0.0,0.0,0.0,0.0,0.0
4871,0.0,0.0,0.0,0.0,0.0
4872,0.0,0.0,0.0,0.0,0.0
4873,0.0,0.0,0.0,0.0,0.0
4874,0.0,0.0,0.0,0.0,0.0
4875,0.0,0.0,0.0,0.0,0.0
4876,0.0,0.0,0.0,0.0,0.0
4877,0.0120406836919822,0.0,0.0,0.0,0.0038683838920504
4878,0.1518260280131876,0.0864685454702348,0.1039863738723257,0.0495049435611952,0.133634144940471
4879,0.3007876352042584,0.2525803401252315,0.2678988104115368,0.2088191267677538,0.2991669297385527
4880,0.4413841586707173,0.4162530249106707,0.4170487108235297,0.373093213809771,0.4428050447936446
4881,0.5568123201002049,0.5363419256745001,0.5329149945137656,0.5084889994994598,0.5484266644058002
4882,0.6222600181984272,0.614112242571488,0.6080806873889175,0.6038571304606758,0.612527875636528
4883,0.6314564821473498,0.6548531499867741,0.6415153617033135,0.6550460500387988,0.6368989849124456
4884,0.575818108851628,0.6504495041415399,0.6341594369447893,0.663612185122677,0.6174438827726018
4885,0.477986307458775,0.5999739562731412,0.5883309535944967,0.6304434920408762,0.5530231452595373
4886,0.3842707627210228,0.5117307402408091,0.5028226169892599,0.5576010770026736,0.4521010280605592
4887,0.2854145578518417,0.3827568928033612,0.3802609414863226,0.4552361001150036,0.3295265685196178
4888,0.1634516651489485,0.2337753985738709,0.2289350516335405,0.3197191173185548,0.1863591426436715
4889,0.0340519796948082,0.0919589343857679,0.0708415630888875,0.1684624945998166,0.0378911183300738
4890,0.0,0.0,0.0,0.0396766623346275,0.0
4891,0.0,0.0,0.0,0.0,0.0
4892,0.0,0.0,0.0,0.0,0.0
4893,0.0,0.0,0.0,0.0,0.0
4894,0.0,0.0,0.0,0.0,0.0
4895,0.0,0.0,0.0,0.0,0.0
4896,0.0,0.0,0.0,0.0,0.0
4897,0.0,0.0,0.0,0.0,0.0
4898,0.0,0.0,0.0,0.0,0.0
4899,0.0,0.0,0.0,0.0,0.0
4900,0.0,0.0,0.0,0.0,0.0
4901,0.0118011744000246,0.0,0.0,0.0,0.0036476772049477
4902,0.1588167919660773,0.0810742181471451,0.10384713428006,0.0499717397484265,0.1330255266867144
4903,0.3220020058266331,0.2367386343456595,0.2676561789737323,0.2033932064072429,0.298436548846001
4904,0.4625932368907046,0.3938579654896602,0.4158787392333588,0.3668277751860833,0.4438940783778367
4905,0.5649956877618307,0.5102288622459935,0.5295326635736122,0.5057969229879207,0.5540822097920605
4906,0.6243421364463464,0.5776071653626048,0.60270586438131,0.6023052304717228,0.6222736122569275
4907,0.6335513747809774,0.6186699165031949,0.636216925473084,0.6561314891034599,0.6470618989119168
4908,0.6087542804196895,0.6033689190107103,0.6296333032347268,0.6673665135938669,0.6265144561734622
4909,0.5538682568204979,0.5475471685344577,0.5829176977371398,0.6354797952759534,0.5675564509189434
4910,0.4584919484681318,0.4640861803960922,0.49619572067243,0.5638536126969591,0.4755442814991497
4911,0.324791375716835,0.3371860114197885,0.3738246102511915,0.4570028645079102,0.3472191239144779
4912,0.1722947724113827,0.2143474749425984,0.2233513683877221,0.3224029873998424,0.190992106977401
4913,0.0335513474025858,0.0937409839466956,0.0680360481677087,0.1697301634745033,0.0375090376129884
4914,0.0,0.0,0.0,0.0379142251126025,0.0
4915,0.0,0.0,0.0,0.0,0.0
4916,0.0,0.0,0.0,0.0,0.0
4917,0.0,0.0,0.0,0.0,0.0
4918,0.0,0.0,0.0,0.0,0.0
4919,0.0,0.0,0.0,0.0,0.0
4920,0.0,0.0,0.0,0.0,0.0
4921,0.0,0.0,0.0,0.0,0.0
4922,0.0,0.0,0.0,0.0,0.0
4923,0.0,0.0,0.0,0.0,0.0
4924,0.0,0.0,0.0,0.0,0.0
4925,0.0110455873225892,0.0,0.0,0.0,0.0035365497049533
4926,0.1576833453592918,0.0851727720570834,0.1018688250046863,0.0470833955499482,0.1327338957573561
4927,0.3189454369021262,0.2501856675841734,0.2609682268999714,0.1979577224550559,0.2985923948006164
4928,0.4567687387579425,0.4028513247522997,0.4059840783242412,0.3578088400990127,0.4441761131952727
4929,0.5476130402426168,0.5221663925306147,0.5197214394987842,0.4940807576984053,0.553162293187484
4930,0.5968831212388215,0.5936632238833253,0.5906886790774933,0.5948195150492481,0.621147319839366
4931,0.6165715566906192,0.6291727891685481,0.6118723000876224,0.6543009912890658,0.6445359812124017
4932,0.5922956896506195,0.6139075586692322,0.5944150433958305,0.6654295127334505,0.6214587766745548
4933,0.5199553164956093,0.5353313225001328,0.5522849416519401,0.6285222331723215,0.5538819666449998
4934,0.4082892664257375,0.4194856785140828,0.4738650594917937,0.5501684680524938,0.4493401524835739
4935,0.2782317005519403,0.2882914614228835,0.3546505923510084,0.4364212668682321,0.32030549980407
4936,0.1497036261229982,0.1599775813295476,0.2063290038213285,0.2938833734992932,0.1745099798045671
4937,0.0266718139543181,0.0532349474727043,0.0588432872419878,0.1537877315382296,0.0337468363327495
4938,0.0,0.0,0.0,0.0392392643585924,0.0
4939,0.0,0.0,0.0,0.0,0.0
4940,0.0,0.0,0.0,0.0,0.0
4941,0.0,0.0,0.0,0.0,0.0
4942,0.0,0.0,0.0,0.0,0.0
4943,0.0,0.0,0.0,0.0,0.0
4944,0.0,0.0,0.0,0.0,0.0
4945,0.0,0.0,0.0,0.0,0.0
4946,0.0,0.0,0.0,0.0,0.0
4947,0.0,0.0,0.0,0.0,0.0
4948,0.0,0.0,0.0,0.0,0.0
4949,0.0098681641811673,0.0,0.0,0.0,0.003474204031622
4950,0.152951359983682,0.0787764118936773,0.1000303335838471,0.0404301351975481,0.1321731489658653
4951,0.3063807335636881,0.2276885633350833,0.2560516296462718,0.1402990607110903,0.2980417831630756
4952,0.4324783673509615,0.3762106781706106,0.3939674996556379,0.2412701967332354,0.4424246386412835
4953,0.5276849276020471,0.4861410633943167,0.5036490067239031,0.311740304271009,0.552865066182271
4954,0.5892889910722955,0.5607981572476706,0.5663236146187155,0.3545021473558061,0.6179629129986113
4955,0.5914930876551436,0.5968212678131816,0.5873322811492678,0.3861641053644271,0.6365929165113394
4956,0.5412486638765389,0.5687081890060519,0.5658885316090877,0.3951557443454079,0.6155696769284298
4957,0.4499880078759156,0.5013515873168586,0.4937864332487585,0.3666410061286738,0.5536848191469582
4958,0.3477041783271777,0.3991321449407633,0.3958575530640122,0.3179022150216153,0.4549698490400822
4959,0.2374255227007788,0.2545835408372724,0.280288875821389,0.2581425867294623,0.3233668092182092
4960,0.1195996682338341,0.1343129849924402,0.1521125686567168,0.1740150574393518,0.1738833515478342
4961,0.0225067448874299,0.0572490985710264,0.0375333178645698,0.0860761999749765,0.0350447529408862
4962,0.0,0.0,0.0,0.0218004567709138,0.0
4963,0.0,0.0,0.0,0.0,0.0
4964,0.0,0.0,0.0,0.0,0.0
4965,0.0,0.0,0.0,0.0,0.0
4966,0.0,0.0,0.0,0.0,0.0
4967,0.0,0.0,0.0,0.0,0.0
4968,0.0,0.0,0.0,0.0,0.0
4969,0.0,0.0,0.0,0.0,0.0
4970,0.0,0.0,0.0,0.0,0.0
4971,0.0,0.0,0.0,0.0,0.0
4972,0.0,0.0,0.0,0.0,0.0
4973,0.0088309889212729,0.0,0.0,0.0,0.003058409403019
4974,0.115276563631489,0.0452490157873536,0.0735661131236231,0.0211109510873102,0.1272959314196252
4975,0.2093836657890056,0.1619991836936262,0.1717021669376975,0.0736569379068797,0.2863911769202187
4976,0.302727729834941,0.2881343951141423,0.2542783280324948,0.133743417313133,0.4258244813548911
4977,0.3859761840573677,0.3730689534699138,0.3225280181502601,0.1917453763499023,0.5332046911405764
4978,0.3998571202947512,0.4397729297991298,0.3838897319769918,0.2312536642040613,0.6047914922760057
4979,0.3636407632871533,0.4434031937496028,0.4173985430576541,0.260395119469429,0.6215251287525133
4980,0.332205509955807,0.3965423646053873,0.4048104585742019,0.2719874222140676,0.5948881469292869
4981,0.279727683977398,0.3382725408835537,0.3581048299766546,0.2625307354691168,0.5297669097625218
4982,0.2152168438857809,0.2538454339405094,0.2950618435222512,0.2397220285624758,0.4292698674450814
4983,0.1763943742124633,0.1724291260553887,0.2147999398436387,0.1912418114513036,0.2983567074788883
4984,0.1042171233727892,0.0987433150386291,0.1196868713465047,0.1261481598779608,0.1517679138424048
4985,0.0206087635319399,0.0281933202107329,0.030424605885697,0.0647695301066481,0.0258530630192493
4986,0.0,0.0,0.0,0.0158880662970313,0.0
4987,0.0,0.0,0.0,0.0,0.0
4988,0.0,0.0,0.0,0.0,0.0
4989,0.0,0.0,0.0,0.0,0.0
4990,0.0,0.0,0.0,0.0,0.0
4991,0.0,0.0,0.0,0.0,0.0
4992,0.0,0.0,0.0,0.0,0.0
4993,0.0,0.0,0.0,0.0,0.0
4994,0.0,0.0,0.0,0.0,0.0
4995,0.0,0.0,0.0,0.0,0.0
4996,0.0,0.0,0.0,0.0,0.0
4997,0.0046471717107649,0.0,0.0,0.0,0.002284784067586
4998,0.0667818056946099,0.0017368245202196,0.0384775379001285,0.0275944398457402,0.0815251092199726
4999,0.1236554515460056,0.0050466919252843,0.115026070784883,0.1457399073748936,0.206834175422641
5000,0.1812777978797317,0.0112623233445169,0.178802611400824,0.2962814915041342,0.3344783757340628
5001,0.2236043779904633,0.0260700677009336,0.2372535227875051,0.431682679692111,0.439041647552258
5002,0.2387292723137516,0.0397256204428327,0.2795940118417082,0.5175505233295525,0.4999431837626578
5003,0.2192797660815375,0.0383315112101207,0.2962268410455406,0.5658391186824514,0.5161181163053185
5004,0.2037787852587557,0.0240406649971482,0.2979626066503345,0.5688407770310585,0.5045297798352926
5005,0.2022374440344659,0.0247520022152434,0.2672568749461717,0.5276354593879864,0.4791992311176759
5006,0.1736974637534556,0.0299056811615913,0.2017518435149946,0.4653769644655257,0.4058279588396017
5007,0.1069441798168657,0.015068648160023,0.1261373970268712,0.3770413646410352,0.2828909945426285
5008,0.0499156824627076,0.0092638370764384,0.0622112262411917,0.272055002182722,0.1442335972194991
5009,0.005994727751,0.0031006790455047,0.0115826008683866,0.1601010037438556,0.0218800234863998
5010,0.0,0.0,0.0,0.0410082326801367,0.0
5011,0.0,0.0,0.0,0.0,0.0
5012,0.0,0.0,0.0,0.0,0.0
5013,0.0,0.0,0.0,0.0,0.0
5014,0.0,0.0,0.0,0.0,0.0
5015,0.0,0.0,0.0,0.0,0.0
5016,0.0,0.0,0.0,0.0,0.0
5017,0.0,0.0,0.0,0.0,0.0
5018,0.0,0.0,0.0,0.0,0.0
5019,0.0,0.0,0.0,0.0,0.0
5020,0.0,0.0,0.0,0.0,0.0
5021,0.0,0.0,0.0,0.0,0.0021443111871624
5022,0.0326667687994279,0.0264293350736716,0.0226914189637133,0.048388248855344,0.1183179354608267
5023,0.1067456353726452,0.1262478018996126,0.0725917531462137,0.2183967882458101,0.2738048941265355
5024,0.1767805694180975,0.2490125914696632,0.1475431149587674,0.3920344339303294,0.4149596211775758
5025,0.246061119816055,0.349430818108306,0.2269418915972699,0.5339347171354509,0.5093689654413321
5026,0.3046907642744171,0.3792721496681706,0.2938075467342691,0.6277016176768988,0.5425819237943847
5027,0.3213410399638724,0.3494378493309009,0.336055276574875,0.6791754884235418,0.5447290384338335
5028,0.3101702611410343,0.347018894383428,0.3335689493024992,0.6953688928832351,0.5284571097813144
5029,0.2790821386076519,0.3523401500343833,0.2920711745678696,0.6695356085946912,0.4760906588131982
5030,0.2135065339904114,0.3100916645606796,0.2206217747919746,0.6016719849656716,0.3887383363438974
5031,0.1464858532594558,0.2273314191707599,0.1457739728033167,0.4915345764929895,0.2854337959004964
5032,0.0808722389671098,0.1386466566845695,0.0794896684463745,0.3481864724129635,0.160683658049039
5033,0.0110531440465448,0.0488210563004779,0.017162520904224,0.1873056159057733,0.030317756911518
5034,0.0,0.0,0.0,0.0366482814873188,0.0
5035,0.0,0.0,0.0,0.0,0.0
5036,0.0,0.0,0.0,0.0,0.0
5037,0.0,0.0,0.0,0.0,0.0
5038,0.0,0.0,0.0,0.0,0.0
5039,0.0,0.0,0.0,0.0,0.0
5040,0.0,0.0,0.0,0.0,0.0
5041,0.0,0.0,0.0,0.0,0.0
5042,0.0,0.0,0.0,0.0,0.0
5043,0.0,0.0,0.0,0.0,0.0
5044,0.0,0.0,0.0,0.0,0.0
5045,0.0064764839967038,0.0,0.0,0.0,0.0022994287632986
5046,0.0938748501577876,0.0612691318946515,0.0543084505939121,0.0341012510734694,0.1238898607827967
5047,0.1908863489849427,0.2059973529543433,0.1653851329468132,0.1428387805587654,0.2875457799255152
5048,0.2801223811510239,0.3748939366366093,0.2796708085414606,0.2612118284883603,0.4349135019853958
5049,0.3791117079449669,0.5103875745418264,0.3945088165646305,0.3737926885820118,0.528420907721554
5050,0.4445343083901188,0.590659682533675,0.4683714072754792,0.4632709627201128,0.5875841610578912
5051,0.4742282782551207,0.6204856165670247,0.4889434343721827,0.507913620394794,0.6131975153408701
5052,0.5005568798889888,0.6148828115390673,0.4819056822633554,0.5305576112975458,0.5945944771684455
5053,0.4413080124799956,0.5741754045433143,0.4439280797666897,0.517848660645421,0.5427952301267981
5054,0.3334967858641288,0.4808722484518686,0.3598756643116003,0.4542805294051473,0.4479751390899704
5055,0.2213656045446382,0.3585712706742465,0.2567419332592123,0.3720929568025733,0.3229912930205418
5056,0.1104295402740624,0.2083558810747232,0.1509344413381779,0.2714016417803204,0.1754203818503606
5057,0.0180702948316536,0.0638162669437785,0.0384120757168434,0.1546078501524448,0.0314626960608884
5058,0.0,0.0,0.0,0.0341751851314814,0.0
5059,0.0,0.0,0.0,0.0,0.0
5060,0.0,0.0,0.0,0.0,0.0
5061,0.0,0.0,0.0,0.0,0.0
5062,0.0,0.0,0.0,0.0,0.0
5063,0.0,0.0,0.0,0.0,0.0
5064,0.0,0.0,0.0,0.0,0.0
5065,0.0,0.0,0.0,0.0,0.0
5066,0.0,0.0,0.0,0.0,0.0
5067,0.0,0.0,0.0,0.0,0.0
5068,0.0,0.0,0.0,0.0,0.0
5069,0.0061549401883551,0.0,0.0,0.0,0.0022695446043017
5070,0.1180420451634554,0.0048316536993082,0.03691066756268,0.0436493958003187,0.1234947766782834
5071,0.2463590290963182,0.0429987022149957,0.1157820537177698,0.1840339973405637,0.2891304730673361
5072,0.3500358627300491,0.1189428382202274,0.1960340546036902,0.3279281983277326,0.4401194883940837
5073,0.4112735652174477,0.1752571087676155,0.2702665874417646,0.4434903955615836,0.555665135056921
5074,0.4341538333511406,0.2157478247858987,0.3175893890309488,0.519558524604639,0.6221859866133362
5075,0.4274902105625626,0.2770393945836373,0.3294409901732427,0.5740458838592578,0.6461403837353284
5076,0.3847335378034011,0.304222263895442,0.3400439643772231,0.6231021530540132,0.6284627459357361
5077,0.3285513635972105,0.3036603560367239,0.335318002266939,0.6367044693836007,0.5692758969594385
5078,0.2417836302432616,0.3177060166830185,0.3004167300845115,0.5915955895773447,0.472088368114368
5079,0.1353010347105206,0.2847896625065153,0.2320379621702481,0.4924196269367057,0.3414973857176793
5080,0.0622859732548209,0.1810708569832128,0.1389584514022047,0.3511474568450519,0.1837761778624551
5081,0.0091177045830519,0.0721973336065597,0.0382664971633983,0.1868540385090052,0.0319494877934042
5082,0.0,0.0,0.0,0.0422309859903966,0.0
5083,0.0,0.0,0.0,0.0,0.0
5084,0.0,0.0,0.0,0.0,0.0
5085,0.0,0.0,0.0,0.0,0.0
5086,0.0,0.0,0.0,0.0,0.0
5087,0.0,0.0,0.0,0.0,0.0
5088,0.0,0.0,0.0,0.0,0.0
5089,0.0,0.0,0.0,0.0,0.0
5090,0.0,0.0,0.0,0.0,0.0
5091,0.0,0.0,0.0,0.0,0.0
5092,0.0,0.0,0.0,0.0,0.0
5093,0.0054276886422661,0.0,0.0,0.0,0.0022396843607725
5094,0.1338387023882777,0.0673297048923039,0.0813048952907407,0.0499081725523593,0.1241110035183356
5095,0.2938436285149515,0.2158101939562612,0.2328384677308279,0.1607500860206074,0.2903582418234484
5096,0.4305797996267322,0.370307066916644,0.3809987843762173,0.2716301719329063,0.4447396528602775
5097,0.5110425383671303,0.5108304102265722,0.4810090649871075,0.346965521930071,0.5602280537960731
5098,0.5262270749993472,0.6191932486413741,0.5109578493015304,0.4034305369643812,0.6286428531387817
5099,0.5318678190514585,0.6534105993135967,0.4993398094818627,0.4543072528082021,0.6565331559796846
5100,0.5072741459205317,0.6485428299820488,0.4682632853272192,0.4713488822044294,0.6438747921309771
5101,0.4402622529736456,0.6084349246577436,0.4008934284332891,0.4660516491031007,0.5881150375215265
5102,0.3498821749958105,0.5226382042865733,0.3250025714927682,0.4498942253419549,0.4898823155479656
5103,0.2396771814025952,0.4043111366082894,0.2488505660064678,0.3685387996145672,0.35430709426274
5104,0.1256365418851477,0.2494057734901231,0.156793871967893,0.2456218368656252,0.1907025668459822
5105,0.0169375498456828,0.0938940573469753,0.0475891162044015,0.1287160141770912,0.0326102301966634
5106,0.0,0.0,0.0,0.0274782580393431,0.0
5107,0.0,0.0,0.0,0.0,0.0
5108,0.0,0.0,0.0,0.0,0.0
5109,0.0,0.0,0.0,0.0,0.0
5110,0.0,0.0,0.0,0.0,0.0
5111,0.0,0.0,0.0,0.0,0.0
5112,0.0,0.0,0.0,0.0,0.0
5113,0.0,0.0,0.0,0.0,0.0
5114,0.0,0.0,0.0,0.0,0.0
5115,0.0,0.0,0.0,0.0,0.0
5116,0.0,0.0,0.0,0.0,0.0
5117,0.0055260737800394,0.0,0.0,0.0,0.0018774702960697
5118,0.076104693975212,0.0283110563068661,0.074697349976525,0.037035389367919,0.1141743276547212
5119,0.1621324101565542,0.102037195479671,0.2048352677208503,0.1774799881735933,0.2672272847013322
5120,0.2536496625262394,0.1855454047822967,0.3249234191205843,0.3413046609874232,0.4108705577569172
5121,0.3189257104929258,0.3095457454244053,0.4133726466282103,0.4833439187802932,0.5242421671996004
5122,0.3091213781302098,0.4349003650915027,0.4656765921846445,0.5896241170069269,0.5925849514509443
5123,0.2670039177908845,0.5003869334446231,0.4840948751045524,0.6549033298505259,0.6041333833607314
5124,0.2631304059971363,0.5273265297596896,0.4563644050839882,0.6629296826034049,0.5815167258955756
5125,0.2556493371972753,0.5056207543674756,0.4010585315322036,0.6156124751375309,0.5350753566439123
5126,0.2011845753886109,0.4074360877236808,0.3313257424758762,0.5425835525132343,0.4513518479979366
5127,0.1346902639080831,0.2784835693904621,0.2416830520338726,0.4499750679815602,0.329201532980807
5128,0.0666478798416578,0.1821351225209233,0.1402553353453268,0.3259712615527478,0.1766610503738576
5129,0.0072355158926111,0.0622935234920691,0.0338821886487519,0.1796030075789909,0.0291197008683941
5130,0.0,0.0,0.0,0.0351459634942373,0.0
5131,0.0,0.0,0.0,0.0,0.0
5132,0.0,0.0,0.0,0.0,0.0
5133,0.0,0.0,0.0,0.0,0.0
5134,0.0,0.0,0.0,0.0,0.0
5135,0.0,0.0,0.0,0.0,0.0
5136,0.0,0.0,0.0,0.0,0.0
5137,0.0,0.0,0.0,0.0,0.0
5138,0.0,0.0,0.0,0.0,0.0
5139,0.0,0.0,0.0,0.0,0.0
5140,0.0,0.0,0.0,0.0,0.0
5141,0.0056724436431393,0.0,0.0,0.0,0.0012288981547148
5142,0.1305451706879872,0.0695561778504108,0.0638227059724362,0.0442287037142028,0.120692235224705
5143,0.2671395476627594,0.209534456251066,0.1746283455818678,0.2103738026978854,0.2888359885258607
5144,0.3764320691699306,0.3610501736154943,0.290290280216017,0.3844491290917525,0.4411464401773328
5145,0.454449355834864,0.4893823110537353,0.3862447869167498,0.529783358858812,0.5560124365454195
5146,0.5209124977103748,0.5697800185546267,0.4202795900562512,0.6286970331894414,0.622346416214129
5147,0.5353221456964915,0.6166799570234662,0.4395266185528227,0.6869484775098155,0.6373440755857276
5148,0.4793719027227757,0.5971463575823932,0.4194286829412912,0.7062386111761543,0.6154459651514591
5149,0.4089506344805723,0.5396372545366187,0.3752522461715089,0.680047053951468,0.5578306049321354
5150,0.3176039347612603,0.462606743119537,0.3301418250979464,0.6106266095074246,0.4605575895770534
5151,0.2040331502947061,0.3568588992544714,0.2448900861497857,0.5026769476502417,0.3310430445076359
5152,0.0991673925686296,0.2269901449751244,0.1488472594365822,0.3563017887371623,0.1777556499356608
5153,0.0128243125584836,0.0846165125533803,0.036692710652368,0.1869935762140702,0.0308807299891422
5154,0.0,0.0,0.0,0.03467560242913,0.0
5155,0.0,0.0,0.0,0.0,0.0
5156,0.0,0.0,0.0,0.0,0.0
5157,0.0,0.0,0.0,0.0,0.0
5158,0.0,0.0,0.0,0.0,0.0
5159,0.0,0.0,0.0,0.0,0.0
5160,0.0,0.0,0.0,0.0,0.0
5161,0.0,0.0,0.0,0.0,0.0
5162,0.0,0.0,0.0,0.0,0.0
5163,0.0,0.0,0.0,0.0,0.0
5164,0.0,0.0,0.0,0.0,0.0
5165,0.0062509703212375,0.0,0.0,0.0,0.0016858746811893
5166,0.13673164122054,0.0741703196645602,0.0852159791489403,0.0437390733076598,0.1291070684353585
5167,0.2945675858630751,0.2528454811970094,0.2419186132691225,0.2044958064543911,0.3009693391081097
5168,0.4341791141221767,0.4286393213873764,0.3880747551264157,0.3752277768800924,0.451591276035626
5169,0.5200401973168338,0.5634098358734885,0.4950733659313079,0.5182298928312197,0.5628887287840058
5170,0.5423175716119911,0.6500970167357901,0.5344278892505324,0.6185536645907488,0.6328566274518433
5171,0.5213640270502478,0.6928323842953529,0.5239839573814814,0.6721484634849773,0.6586027159203101
5172,0.5090291859131658,0.6844632957016888,0.5024920659718843,0.6780916283370542,0.639741733198669
5173,0.4884797900417993,0.6393449330190069,0.4751043252786083,0.6430300489056885,0.5809520880827245
5174,0.4049381359891857,0.5558640805939827,0.4131232957817108,0.5664886766619683,0.4790723073217814
5175,0.2833144609946658,0.4300787677168708,0.3029382773816195,0.4564137449146828,0.337747870452569
5176,0.1478982674322561,0.2759080689297412,0.1770792410382502,0.314440929461913,0.1785933343796209
5177,0.0184725519336237,0.1029488778170662,0.0485663195950557,0.1624688485891095,0.0290866110356146
5178,0.0,0.0,0.0,0.0340805000096957,0.0
5179,0.0,0.0,0.0,0.0,0.0
5180,0.0,0.0,0.0,0.0,0.0
5181,0.0,0.0,0.0,0.0,0.0
5182,0.0,0.0,0.0,0.0,0.0
5183,0.0,0.0,0.0,0.0,0.0
5184,0.0,0.0,0.0,0.0,0.0
5185,0.0,0.0,0.0,0.0,0.0
5186,0.0,0.0,0.0,0.0,0.0
5187,0.0,0.0,0.0,0.0,0.0
5188,0.0,0.0,0.0,0.0,0.0
5189,0.0097168595224097,0.0,0.0,0.0,0.0016221272989189
5190,0.1412302436522573,0.0616218014589609,0.0605845385568846,0.0387043432374433,0.1283738898420487
5191,0.2916690939324264,0.2123345215577512,0.1789184871926921,0.1766560069985292,0.3009566768579876
5192,0.4303443876745165,0.365686537501043,0.3161777512275736,0.3200278864135378,0.4525808127007922
5193,0.524731004731055,0.4851752808944026,0.4321241700171452,0.4443366249496323,0.5664103928571729
5194,0.5538839352831814,0.5675457952567778,0.5050322701021223,0.5354113762733511,0.6330323129399286
5195,0.5575737841489421,0.5939957764177253,0.537352207597205,0.5831486235597223,0.657136082851284
5196,0.5479457450149767,0.5755461415505608,0.5200208007232742,0.6024927023880303,0.6412426076632078
5197,0.4771779641043402,0.5370562045683533,0.4727114412960915,0.5828302616192729,0.5803392287283345
5198,0.3792009967467186,0.459644681435318,0.3872850625511403,0.5104060315796994,0.4802435317861533
5199,0.265017418514065,0.3491369324539046,0.2647091812186464,0.4083756790624157,0.3443317176994263
5200,0.1360222472967911,0.214969888076134,0.1460783038232361,0.2857581405228092,0.1823610964478149
5201,0.0177552234189751,0.0783051523484415,0.0338767265283919,0.1505389255463585,0.0284907455851631
5202,0.0,0.0,0.0,0.0283597733855551,0.0
5203,0.0,0.0,0.0,0.0,0.0
5204,0.0,0.0,0.0,0.0,0.0
5205,0.0,0.0,0.0,0.0,0.0
5206,0.0,0.0,0.0,0.0,0.0
5207,0.0,0.0,0.0,0.0,0.0
5208,0.0,0.0,0.0,0.0,0.0
5209,0.0,0.0,0.0,0.0,0.0
5210,0.0,0.0,0.0,0.0,0.0
5211,0.0,0.0,0.0,0.0,0.0
5212,0.0,0.0,0.0,0.0,0.0
5213,0.0045167786463956,0.0,0.0,0.0,0.0014846494206582
5214,0.0851839273419769,0.034015710558727,0.0567518961908,0.0368112716672321,0.1283823368804976
5215,0.1572153044244812,0.1470790952066782,0.1614882979422181,0.1691265277322771,0.2997971770995352
5216,0.2350596057762755,0.2825812781918636,0.2624299028005361,0.3070612837193539,0.4495084313187353
5217,0.3031382146770761,0.4193068824881804,0.3520943733980574,0.4231163486824554,0.5624402154634254
5218,0.3716135679065477,0.4972530839790721,0.4040138308628904,0.5188785245540593,0.6309495674845981
5219,0.4278632088698842,0.5539361122763927,0.4351242660693401,0.5761957483533309,0.6588651745175356
5220,0.4344404569256799,0.5814479397463085,0.4240509855213307,0.5721607809123476,0.6395766737226284
5221,0.4103138310731625,0.4916869236014393,0.3848435936424518,0.5154644630878839,0.5735176741787805
5222,0.3675105519845007,0.372986758128192,0.3292037847008151,0.4473617318319065,0.4741958310476574
5223,0.2629954192860627,0.2371009155958922,0.2324141642825857,0.3684283915016152,0.3401511439595751
5224,0.1329278144234515,0.1039062874995186,0.1284561637792473,0.2526222926412233,0.1788711007238383
5225,0.0158281349374605,0.0291851456398316,0.0266702564509565,0.1323156464841818,0.0265956011167136
5226,0.0,0.0,0.0,0.0286769382850025,0.0
5227,0.0,0.0,0.0,0.0,0.0
5228,0.0,0.0,0.0,0.0,0.0
5229,0.0,0.0,0.0,0.0,0.0
5230,0.0,0.0,0.0,0.0,0.0
5231,0.0,0.0,0.0,0.0,0.0
5232,0.0,0.0,0.0,0.0,0.0
5233,0.0,0.0,0.0,0.0,0.0
5234,0.0,0.0,0.0,0.0,0.0
5235,0.0,0.0,0.0,0.0,0.0
5236,0.0,0.0,0.0,0.0,0.0
5237,0.0038741870523385,0.0,0.0,0.0,0.0013195020829222
5238,0.1261225238370108,0.0168592406968975,0.0300746955045199,0.0142901016093774,0.1276249892828571
5239,0.2819970695359227,0.046687423345906,0.086558810831976,0.0882810999329263,0.2984275099774758
5240,0.3957468743640153,0.0571177250993031,0.1584307958339406,0.1794479115564755,0.4482052162687887
5241,0.4705268503536449,0.0466435684256037,0.2232250718699213,0.294759331871883,0.5607902025809492
5242,0.5315097864251045,0.0594039205659414,0.2464871979327945,0.4122941749101119,0.6272160971208331
5243,0.567878332973136,0.1184689308265137,0.2298158193858716,0.4875036387474289,0.6528890559553742
5244,0.5283165411406948,0.1532713732226699,0.1873413509601455,0.5315030818838884,0.6372059537094823
5245,0.4042837276581643,0.2304166442237588,0.1414770788474073,0.5307358836605414,0.5774236320726349
5246,0.2520057865910923,0.2753065848422932,0.0994364834284893,0.482988358086075,0.476104964776989
5247,0.1313771800167975,0.2040684739575904,0.0659947460538751,0.4051160332642713,0.3380629465885217
5248,0.0492074358342974,0.1247777062448203,0.0439055279453018,0.2890464134308736,0.176762761930058
5249,0.0031897606319686,0.0361807835339589,0.0138699447818081,0.1461636809800813,0.0261940988730463
5250,0.0,0.0,0.0,0.0251170459530655,0.0
5251,0.0,0.0,0.0,0.0,0.0
5252,0.0,0.0,0.0,0.0,0.0
5253,0.0,0.0,0.0,0.0,0.0
5254,0.0,0.0,0.0,0.0,0.0
5255,0.0,0.0,0.0,0.0,0.0
5256,0.0,0.0,0.0,0.0,0.0
5257,0.0,0.0,0.0,0.0,0.0
5258,0.0,0.0,0.0,0.0,0.0
5259,0.0,0.0,0.0,0.0,0.0
5260,0.0,0.0,0.0,0.0,0.0
5261,0.0,0.0,0.0,0.0,0.0011008456616221
5262,0.0887951151906345,0.0645803643483687,0.0523640356798177,0.0356969020857522,0.1114730799234962
5263,0.211034117139314,0.2239064728554752,0.1579189716769236,0.1850187583269334,0.2655429585817988
5264,0.3111897235386667,0.3825031449271401,0.275728266272173,0.3485622245790662,0.4023917684048881
5265,0.4198585389593531,0.5130918277039946,0.3945668180443124,0.4896012486583252,0.4955860765589933
5266,0.4723587087852529,0.61379532813175,0.4781242350830104,0.586480465395517,0.5517255106240019
5267,0.4602781195813289,0.6627413404154622,0.5199076808514201,0.6376702966280801,0.567648245973969
5268,0.4381360432102233,0.6586979118684907,0.5193885258435296,0.6436496664439082,0.5516490504368838
5269,0.4056151894089235,0.6039778890544814,0.489850725472849,0.6044568997090021,0.5122820692835123
5270,0.337004712076661,0.5078530101606175,0.4359736611906534,0.5285695701790749,0.4231425386588528
5271,0.2263647375796437,0.3886928086425377,0.3183820741935479,0.4313866347338643,0.2946126082950042
5272,0.1085215209141377,0.233847488587375,0.1767888921948662,0.2997597296295214,0.1528944643612265
5273,0.0089797175460708,0.0780026422345697,0.0405259036026821,0.1507476221061805,0.0202412483174949
5274,0.0,0.0,0.0,0.024514902313676,0.0
5275,0.0,0.0,0.0,0.0,0.0
5276,0.0,0.0,0.0,0.0,0.0
5277,0.0,0.0,0.0,0.0,0.0
5278,0.0,0.0,0.0,0.0,0.0
5279,0.0,0.0,0.0,0.0,0.0
5280,0.0,0.0,0.0,0.0,0.0
5281,0.0,0.0,0.0,0.0,0.0
5282,0.0,0.0,0.0,0.0,0.0
5283,0.0,0.0,0.0,0.0,0.0
5284,0.0,0.0,0.0,0.0,0.0
5285,0.0046068738033899,0.0,0.0,0.0,0.0
5286,0.1415665597235666,0.0493265281774386,0.0800472522075183,0.0323738986702092,0.1153097388950824
5287,0.306819360288687,0.1813641670207938,0.2112839816532094,0.1735815107324559,0.2817814395424988
5288,0.4594945554708103,0.349611657292933,0.3383377215258035,0.3285878167545119,0.4350364678842003
5289,0.5747229490025982,0.4905239317147893,0.4315230727911984,0.4574564550475227,0.5494790522084025
5290,0.6381103855724464,0.5815376471864986,0.4868985228587851,0.5394057091349129,0.616423724840774
5291,0.6518937757792534,0.6163103833222174,0.5089622782703433,0.5678879778476515,0.6412342270442871
5292,0.6205492187012719,0.601574552290653,0.500267491812626,0.5579137194278493,0.6210840629783981
5293,0.5403020679593075,0.5496343357797551,0.4562175539891917,0.5152218658427666,0.5538084022282489
5294,0.4224403582514893,0.4574639301758688,0.38100429157792,0.4431405637766837,0.4559319616776369
5295,0.3026527958333169,0.3175727033532713,0.2776483740338339,0.3577202501748961,0.3286664720726018
5296,0.1596870718298957,0.1691769554665177,0.1450538453001085,0.2512431862028541,0.1705437816405864
5297,0.0180551858530599,0.0505774323910159,0.028137380438172,0.1241330489067637,0.022696599716999
5298,0.0,0.0,0.0,0.0197846152066455,0.0
5299,0.0,0.0,0.0,0.0,0.0
5300,0.0,0.0,0.0,0.0,0.0
5301,0.0,0.0,0.0,0.0,0.0
5302,0.0,0.0,0.0,0.0,0.0
5303,0.0,0.0,0.0,0.0,0.0
5304,0.0,0.0,0.0,0.0,0.0
5305,0.0,0.0,0.0,0.0,0.0
5306,0.0,0.0,0.0,0.0,0.0
5307,0.0,0.0,0.0,0.0,0.0
5308,0.0,0.0,0.0,0.0,0.0
5309,0.0048800013435622,0.0,0.0,0.0,0.0
5310,0.1053006093747706,0.0,0.0215863910259467,0.0162530153167726,0.1217846599270606
5311,0.2089091678664175,0.0039445694545292,0.0683443131607371,0.0919843067023815,0.2920110357592693
5312,0.3399377761694848,0.0281835059936632,0.1289539366756393,0.1999722925045167,0.4420086248108441
5313,0.4397425142020611,0.0651067116207505,0.186033161735756,0.2992242713203095,0.5549572646372523
5314,0.4713102186534745,0.1916533485942309,0.2358298226920235,0.3628266098222328,0.6225999429411228
5315,0.4624669749839516,0.3394088849554187,0.2933867306398367,0.4234226043384673,0.646835529134589
5316,0.4271069303168421,0.409492131532444,0.3415039027176106,0.4489378957841668,0.6239145337915605
5317,0.34746092414028,0.4501265372421164,0.3497928372745874,0.4292715811232795,0.5642415129497179
5318,0.2271359665037016,0.4159463511484311,0.327965648949445,0.3886138706212562,0.4698021629675862
5319,0.1204101979687995,0.3226369905560534,0.2625306393318424,0.31521805542843,0.333477407800536
5320,0.0478933111373209,0.2006899184659321,0.1558857628359735,0.2249363744542452,0.1741329967744656
5321,0.0,0.0597722799066039,0.0391990928254696,0.1218346323899686,0.0232258599457382
5322,0.0,0.0,0.0,0.0198783633449043,0.0
5323,0.0,0.0,0.0,0.0,0.0
5324,0.0,0.0,0.0,0.0,0.0
5325,0.0,0.0,0.0,0.0,0.0
5326,0.0,0.0,0.0,0.0,0.0
5327,0.0,0.0,0.0,0.0,0.0
5328,0.0,0.0,0.0,0.0,0.0
5329,0.0,0.0,0.0,0.0,0.0
5330,0.0,0.0,0.0,0.0,0.0
5331,0.0,0.0,0.0,0.0,0.0
5332,0.0,0.0,0.0,0.0,0.0
5333,0.0,0.0,0.0,0.0,0.0
5334,0.0540337989233665,0.0587124575772928,0.0787728465284711,0.0244607192622006,0.1214984927754836
5335,0.1681679587828828,0.2138485108741528,0.2417558524093983,0.0996625273380118,0.2918528704058915
5336,0.2658095312864243,0.3679354796088932,0.3993661478471183,0.1718181651823381,0.4425192984005468
5337,0.331823364369058,0.494095383801537,0.5216912110015713,0.2280100075505825,0.5559073506260409
5338,0.3746311170464299,0.5585704122739462,0.5859066699824833,0.2849320626857714,0.6240694221347322
5339,0.4133036012706365,0.5935987554252478,0.607588149542556,0.3328862871558304,0.6486688117540769
5340,0.4297391535076461,0.6088341020055267,0.5868928601371828,0.34976474882017,0.6316845314505182
5341,0.3961707922904777,0.5479633529575982,0.5221383358748416,0.35683970091736,0.5752253342759749
5342,0.3496259436714626,0.4070807042883955,0.4108892941566879,0.3460688580889335,0.4746633485178844
5343,0.26282106186233,0.2385449405343785,0.26963584108014,0.3002745698847471,0.3366912627666447
5344,0.132319234113431,0.0882880117661498,0.1305069313358408,0.227889951714542,0.1744955103711327
5345,0.0104175960901989,0.0063284134544214,0.0178986101545532,0.1244134424292957,0.0216260357880513
5346,0.0,0.0,0.0,0.0206614151647889,0.0
5347,0.0,0.0,0.0,0.0,0.0
5348,0.0,0.0,0.0,0.0,0.0
5349,0.0,0.0,0.0,0.0,0.0
5350,0.0,0.0,0.0,0.0,0.0
5351,0.0,0.0,0.0,0.0,0.0
5352,0.0,0.0,0.0,0.0,0.0
5353,0.0,0.0,0.0,0.0,0.0
5354,0.0,0.0,0.0,0.0,0.0
5355,0.0,0.0,0.0,0.0,0.0
5356,0.0,0.0,0.0,0.0,0.0
5357,0.0011590051458399,0.0,0.0,0.0,0.0
5358,0.103002584508602,0.0014084030271824,0.0300885246990549,0.0210654713515116,0.1210374510143129
5359,0.2397277289539096,0.0128627699076821,0.1135837692442038,0.1051564516961553,0.290274448675757
5360,0.3482187785191015,0.0325925051375696,0.1912527841471916,0.2128082798196956,0.4383462115599913
5361,0.4403269610090166,0.0550617252832563,0.2278280228895993,0.3306789909852192,0.5502232874988565
5362,0.5000698892032603,0.1140304432888053,0.2241325361366133,0.4300865446436697,0.6144113371764385
5363,0.5134585947528763,0.1963570304119161,0.2076581640538068,0.4899925629564221,0.635556515124286
5364,0.480680027034587,0.2524820949493756,0.1944045625557014,0.5121473962754366,0.6215187622698427
5365,0.402834532011578,0.2468574563083941,0.1748322150784653,0.488856673027654,0.5638495439669765
5366,0.2988619029018294,0.203278788761281,0.1501003098676517,0.4510195047090706,0.461358483458557
5367,0.1879216651666368,0.1461963385327519,0.1164434951164905,0.3904337734051405,0.3244072941269688
5368,0.0900355695784696,0.0809551678570441,0.0669651026112366,0.2792959138158468,0.1663068632852246
5369,0.0027336718956268,0.021703722507045,0.0136995604339058,0.1434999357534395,0.0199221220150022
5370,0.0,0.0,0.0,0.0213927739380974,0.0
5371,0.0,0.0,0.0,0.0,0.0
5372,0.0,0.0,0.0,0.0,0.0
5373,0.0,0.0,0.0,0.0,0.0
5374,0.0,0.0,0.0,0.0,0.0
5375,0.0,0.0,0.0,0.0,0.0
5376,0.0,0.0,0.0,0.0,0.0
5377,0.0,0.0,0.0,0.0,0.0
5378,0.0,0.0,0.0,0.0,0.0
5379,0.0,0.0,0.0,0.0,0.0
5380,0.0,0.0,0.0,0.0,0.0
5381,0.0,0.0,0.0,0.0,0.0
5382,0.0462564548145705,0.0265146079074038,0.0571690972553082,0.0378215633245341,0.1158814282998807
5383,0.1294749476908054,0.1032132956654714,0.1899135837515085,0.1513142333752715,0.2833124072351231
5384,0.1675706963837088,0.2132195956005722,0.307298521641379,0.2858237342019636,0.4352492821257321
5385,0.204553939783894,0.3303736328378587,0.396699807125544,0.4087728351161685,0.5496144942612299
5386,0.2502766175167787,0.4047995081502742,0.475424972642702,0.5070898934964178,0.6175845724017327
5387,0.2797069646494778,0.4227293156923435,0.5069478427182041,0.5443479331505849,0.6395864360538103
5388,0.27918041999569,0.3721783687809306,0.4795863653382713,0.5253151857953863,0.6149758486205684
5389,0.2558694178300956,0.3186896334828516,0.4154584136332941,0.4820411828382343,0.5489599583980083
5390,0.2162091027783307,0.2787216218153121,0.3096353551580161,0.4351899134287145,0.4463299211609857
5391,0.1273838273733037,0.2066665417748888,0.208792577352484,0.3708445766022171,0.3161920202180387
5392,0.0445803930575395,0.1249392517453628,0.1117479400474978,0.2643771265754393,0.1644549221274282
5393,0.0,0.0416441170234955,0.0232602686483495,0.1407882809963082,0.018969884759873
5394,0.0,0.0,0.0,0.0212029732299591,0.0
5395,0.0,0.0,0.0,0.0,0.0
5396,0.0,0.0,0.0,0.0,0.0
5397,0.0,0.0,0.0,0.0,0.0
5398,0.0,0.0,0.0,0.0,0.0
5399,0.0,0.0,0.0,0.0,0.0
5400,0.0,0.0,0.0,0.0,0.0
5401,0.0,0.0,0.0,0.0,0.0
5402,0.0,0.0,0.0,0.0,0.0
5403,0.0,0.0,0.0,0.0,0.0
5404,0.0,0.0,0.0,0.0,0.0
5405,0.0,0.0,0.0,0.0,0.0
5406,0.0430609034390772,0.0601879256856759,0.079251282153472,0.0364998442413929,0.0966961837435301
5407,0.1543424027369034,0.2157371964407057,0.2391521348161757,0.2054055005902017,0.2499508920577587
5408,0.2762312545322049,0.3760999993022789,0.3864154994617665,0.3855842379186961,0.3978212798260589
5409,0.3681724683243653,0.5169232289941221,0.4769701415643112,0.5319546992175449,0.5126591526797741
5410,0.4170778711005182,0.60210427882755,0.5230752501667019,0.6318640269684349,0.5861407325142345
5411,0.4459514039784456,0.6535848514638831,0.5501195760403543,0.6901242338933035,0.6204460192751841
5412,0.4699372197223578,0.6698527664894834,0.5386160593425591,0.703443048112963,0.6042015908857689
5413,0.4436945788078147,0.6222423288565855,0.4680287072531283,0.6684180066175924,0.5458255004611623
5414,0.3704133861466352,0.5335044801323051,0.3614397713199452,0.5914342713145057,0.4480755609869964
5415,0.25063512981004,0.403773274117055,0.2532225411975642,0.4731219913572559,0.305974266325926
5416,0.1141639366990382,0.2500463363111915,0.1375658662166238,0.3143823853109017,0.1512415798171113
5417,0.0081941518322232,0.0900160078297519,0.0260706437619046,0.1447836661819039,0.0179900586036647
5418,0.0,0.0,0.0,0.0148893516488695,0.0
5419,0.0,0.0,0.0,0.0,0.0
5420,0.0,0.0,0.0,0.0,0.0
5421,0.0,0.0,0.0,0.0,0.0
5422,0.0,0.0,0.0,0.0,0.0
5423,0.0,0.0,0.0,0.0,0.0
5424,0.0,0.0,0.0,0.0,0.0
5425,0.0,0.0,0.0,0.0,0.0
5426,0.0,0.0,0.0,0.0,0.0
5427,0.0,0.0,0.0,0.0,0.0
5428,0.0,0.0,0.0,0.0,0.0
5429,0.0027354022035914,0.0,0.0,0.0,0.0
5430,0.152348593356554,0.0207712333936826,0.052627187074894,0.017972698050552,0.1118036394939135
5431,0.3287230471024109,0.0943992327128575,0.1357224120289323,0.1029624595750919,0.2831047007399861
5432,0.476178050481936,0.1714441651751548,0.2083186802024729,0.215709155515202,0.4335464113687817
5433,0.5674056000321666,0.2513360216035482,0.2585338626191001,0.3233488432486235,0.5473632472628104
5434,0.5887661892444207,0.3609077080300069,0.2983120353622185,0.4056554262984042,0.6186603890956104
5435,0.5418939649221942,0.4368210647685672,0.3102800153216008,0.4489588495358753,0.6431835823648757
5436,0.46845969037269,0.4402039465225265,0.3137707743319956,0.4629402205102333,0.6240626581010362
5437,0.4036484146667062,0.4276467053801864,0.3212083842483088,0.4432118744012462,0.5623491951382561
5438,0.3197724316468273,0.3855785357169433,0.2817974365064417,0.3960485754133823,0.464971113255293
5439,0.2046800955194223,0.2814190637684821,0.2038042953759584,0.3240672930654923,0.3286901594565122
5440,0.0990662601647773,0.15329018024347,0.1167337218744333,0.2324772736701182,0.1665740566403286
5441,0.006716633049763,0.0360341799733805,0.0192485526102934,0.1276647824450525,0.0191262593917831
5442,0.0,0.0,0.0,0.0184638737895618,0.0
5443,0.0,0.0,0.0,0.0,0.0
5444,0.0,0.0,0.0,0.0,0.0
5445,0.0,0.0,0.0,0.0,0.0
5446,0.0,0.0,0.0,0.0,0.0
5447,0.0,0.0,0.0,0.0,0.0
5448,0.0,0.0,0.0,0.0,0.0
5449,0.0,0.0,0.0,0.0,0.0
5450,0.0,0.0,0.0,0.0,0.0
5451,0.0,0.0,0.0,0.0,0.0
5452,0.0,0.0,0.0,0.0,0.0
5453,0.0,0.0,0.0,0.0,0.0
5454,0.0653895593000682,0.051934921700679,0.0498207132084176,0.0366752167562114,0.1200398766785685
5455,0.174104439961142,0.2071367115669783,0.1866842118016067,0.1924706856083314,0.2939790581471557
5456,0.2955903615577455,0.3709920105416518,0.3252381741000574,0.3613135570854534,0.4461449864735632
5457,0.4125252097614485,0.489923920225817,0.4286519640139266,0.4987271322526377,0.5586822513912222
5458,0.4790613804169635,0.5733720570250417,0.4850255906169985,0.5916819351661345,0.6252205019076098
5459,0.4732906921277569,0.5933661321420876,0.4877682468750874,0.6518899163638142,0.6364150774676156
5460,0.4592246395325574,0.5599583066899328,0.4640439377260911,0.6808545423395787,0.6008775816136223
5461,0.4427151749950095,0.534079593098061,0.420842831091351,0.6683163656758093,0.5345937620888749
5462,0.3750502763010369,0.4971241882643247,0.3445344273110622,0.6022760753341653,0.4299617146800277
5463,0.2661221215549579,0.408602095037368,0.2527996921487302,0.4878429971163875,0.2959310833083592
5464,0.1327997994400691,0.2584136416927574,0.1550648892960068,0.3354330072638998,0.1479932778478369
5465,0.0076016764905066,0.0852567924568596,0.0379012786577088,0.1632319632233821,0.0159696840861795
5466,0.0,0.0,0.0,0.021927895739582,0.0
5467,0.0,0.0,0.0,0.0,0.0
5468,0.0,0.0,0.0,0.0,0.0
5469,0.0,0.0,0.0,0.0,0.0
5470,0.0,0.0,0.0,0.0,0.0
5471,0.0,0.0,0.0,0.0,0.0
5472,0.0,0.0,0.0,0.0,0.0
5473,0.0,0.0,0.0,0.0,0.0
5474,0.0,0.0,0.0,0.0,0.0
5475,0.0,0.0,0.0,0.0,0.0
5476,0.0,0.0,0.0,0.0,0.0
5477,0.0026315847707283,0.0,0.0,0.0,0.0
5478,0.1144013902054669,0.0542304548600945,0.034432411811565,0.0324811046672956,0.1191494660864088
5479,0.2490893335692776,0.2001021670750053,0.1028963114646499,0.1585258503993038,0.2917857753844556
5480,0.3605697864218517,0.3532765849422504,0.1721654614120714,0.3069197586581109,0.4463733632447145
5481,0.4410642235928234,0.469848219618353,0.2457200495435779,0.4432525300347458,0.5578331847289825
5482,0.5463575906736652,0.5630870068538201,0.2997263302735595,0.5368804170533282,0.6249878901410337
5483,0.6199944686977796,0.592557627256692,0.3146800727315549,0.5757525009478213,0.6474956355696867
5484,0.6062145132381519,0.503412862773082,0.2846214691582304,0.5763614448939917,0.6225869504554273
5485,0.513007172729147,0.3975596904558635,0.2254741708010664,0.552577401454546,0.5569692816665205
5486,0.3661561696881544,0.2911059281606655,0.162921852998102,0.4945503601826441,0.4565053362416515
5487,0.2110698556296269,0.1808875778112915,0.0878472894523302,0.4004345889574767,0.3224796635473141
5488,0.0844422684668406,0.1160957061415626,0.0192890611594876,0.2801006693425893,0.1634741689842446
5489,0.0011344006161915,0.0383938751983651,0.0,0.1395144830942034,0.0175740521200021
5490,0.0,0.0,0.0,0.0143014154450499,0.0
5491,0.0,0.0,0.0,0.0,0.0
5492,0.0,0.0,0.0,0.0,0.0
5493,0.0,0.0,0.0,0.0,0.0
5494,0.0,0.0,0.0,0.0,0.0
5495,0.0,0.0,0.0,0.0,0.0
5496,0.0,0.0,0.0,0.0,0.0
5497,0.0,0.0,0.0,0.0,0.0
5498,0.0,0.0,0.0,0.0,0.0
5499,0.0,0.0,0.0,0.0,0.0
5500,0.0,0.0,0.0,0.0,0.0
5501,0.0,0.0,0.0,0.0,0.0
5502,0.0852423949139583,0.0627204594766899,0.0448536584747512,0.0267623201994538,0.1192750758927695
5503,0.2564785743731225,0.241299749160137,0.1708638158692342,0.1519499329859625,0.2949436647579188
5504,0.3997836110174604,0.4148988099184896,0.3270275493529738,0.2887966856352337,0.4516133823008551
5505,0.5159756280861463,0.5502127845666657,0.4513801700135552,0.4013175707648284,0.5670466135736218
5506,0.6127621864887225,0.6327299242868798,0.5233698242561476,0.4737121608624501,0.6355179477230183
5507,0.6497803777226085,0.6660139738955516,0.5628763850091046,0.5121161973753963,0.6572480149075677
5508,0.6089278873501013,0.6389110945088741,0.5653355315175449,0.5055178044858728,0.6362287894897173
5509,0.5241951139055093,0.5653540933722112,0.5138513265550496,0.4575854091117625,0.5777310175241942
5510,0.4199779846708703,0.4714515510157211,0.4008239097309796,0.3886787879224554,0.4758178663015235
5511,0.2910010440082508,0.360938506536899,0.2683228340680972,0.2951789443421677,0.334434285765225
5512,0.1344958075403086,0.2034927238583411,0.1326189729391066,0.1866706077674708,0.1672486446938105
5513,0.004405764259313,0.0500379987730902,0.0130631614290703,0.0884365764386266,0.0161880628227133
5514,0.0,0.0,0.0,0.009674936589225,0.0
5515,0.0,0.0,0.0,0.0,0.0
5516,0.0,0.0,0.0,0.0,0.0
5517,0.0,0.0,0.0,0.0,0.0
5518,0.0,0.0,0.0,0.0,0.0
5519,0.0,0.0,0.0,0.0,0.0
5520,0.0,0.0,0.0,0.0,0.0
5521,0.0,0.0,0.0,0.0,0.0
5522,0.0,0.0,0.0,0.0,0.0
5523,0.0,0.0,0.0,0.0,0.0
5524,0.0,0.0,0.0,0.0,0.0
5525,0.0,0.0,0.0,0.0,0.0
5526,0.104205451219507,0.0048031727837656,0.0117772613538422,0.0146943417647807,0.1199757522233596
5527,0.2268731120820382,0.0909860885036609,0.0725448669370856,0.0955409975534656,0.2949767676504262
5528,0.3570194281048056,0.2069202285825735,0.1606455519898925,0.2021149256738037,0.4489201854069388
5529,0.4434079695656773,0.3226594234543617,0.2678142393102107,0.303759022760717,0.5631680270656975
5530,0.4829606487294911,0.3724370232887923,0.372624919884301,0.3947128983048816,0.6307896719968431
5531,0.4793594595384259,0.3917090244447934,0.431149323376326,0.4646720226784428,0.6520469602468045
5532,0.4202023721743683,0.336108439650323,0.4177706557389919,0.5011671652688456,0.6259535867925349
5533,0.347840558594128,0.2269478883413495,0.3684187457506129,0.4965749304165096,0.5641880017169734
5534,0.3005517779476702,0.1733990829079462,0.2936228594715906,0.4376701283336306,0.4651342316957829
5535,0.2004844246996291,0.1134903677544656,0.1870938863811898,0.3479170950423902,0.3263307692270503
5536,0.0737743452960242,0.0555740366659702,0.095324463908714,0.2367862645606689,0.1612177248910358
5537,0.0,0.0034229222627309,0.0125709892167564,0.1077340284770885,0.0144157458647586
5538,0.0,0.0,0.0,0.0127349493080975,0.0
5539,0.0,0.0,0.0,0.0,0.0
5540,0.0,0.0,0.0,0.0,0.0
5541,0.0,0.0,0.0,0.0,0.0
5542,0.0,0.0,0.0,0.0,0.0
5543,0.0,0.0,0.0,0.0,0.0
5544,0.0,0.0,0.0,0.0,0.0
5545,0.0,0.0,0.0,0.0,0.0
5546,0.0,0.0,0.0,0.0,0.0
5547,0.0,0.0,0.0,0.0,0.0
5548,0.0,0.0,0.0,0.0,0.0
5549,0.0,0.0,0.0,0.0,0.0
5550,0.0861195471077928,0.0,0.0266302374499473,0.0063250949739101,0.1190879373011569
5551,0.211864223401844,0.0,0.0997414445690188,0.0564649656811783,0.2947930802535718
5552,0.3467011940007035,0.0018522804231602,0.1610347985032376,0.1344804215799241,0.4498911948356904
5553,0.4388430159549041,0.0066806398341516,0.1928646245186369,0.2191448923932555,0.5652511316780733
5554,0.4916127861375534,0.012712778326662,0.1929761901895371,0.3094775937122692,0.6347717905300229
5555,0.526068700522125,0.0170465489272601,0.1762759155096242,0.3714883260521195,0.6602740884899901
5556,0.5126147881396624,0.0267537042898767,0.1408414317890841,0.3666488110761167,0.6403664143513175
5557,0.4446865143480715,0.0285290456217429,0.1021599221407368,0.345708358718678,0.5767210186552404
5558,0.3291633823549497,0.0194103373280593,0.0664662401459436,0.3242769955118326,0.4709717666553675
5559,0.2020036120627312,0.0085756893784054,0.0309962132628448,0.2629002961276291,0.3262455127256602
5560,0.0749961181958207,0.0018374704046933,0.0153938621164502,0.1831938982971847,0.1584637423852274
5561,0.0,0.0,0.002439773135291,0.1000036339495884,0.0131202586436346
5562,0.0,0.0,0.0,0.0135042350358411,0.0
5563,0.0,0.0,0.0,0.0,0.0
5564,0.0,0.0,0.0,0.0,0.0
5565,0.0,0.0,0.0,0.0,0.0
5566,0.0,0.0,0.0,0.0,0.0
5567,0.0,0.0,0.0,0.0,0.0
5568,0.0,0.0,0.0,0.0,0.0
5569,0.0,0.0,0.0,0.0,0.0
5570,0.0,0.0,0.0,0.0,0.0
5571,0.0,0.0,0.0,0.0,0.0
5572,0.0,0.0,0.0,0.0,0.0
5573,0.0,0.0,0.0,0.0,0.0
5574,0.0404913204187297,0.041655117345979,0.0555819247917375,0.0355290617998234,0.1147824686773093
5575,0.1151245693575431,0.1708261526009515,0.1924810702542767,0.1964157669462142,0.2859511933759036
5576,0.2030929220614625,0.3174274779775974,0.3463721454516993,0.3604267890183874,0.4369512041051712
5577,0.2794421578548404,0.3953915526203612,0.4675600439643408,0.4897992678413512,0.5475755530893657
5578,0.2910321809217046,0.4462847707458784,0.5175110426004067,0.5892042638956125,0.6144298196923169
5579,0.2705478149485383,0.5087138013884004,0.5128115379975245,0.6435592362958594,0.6359506660421699
5580,0.2689537512172391,0.5272463802780902,0.4791888123780991,0.6507491694760812,0.6126683579196193
5581,0.2537929339212219,0.510068132627093,0.4212869666986086,0.6251017704675179,0.5450598085479392
5582,0.2137772097188771,0.4318668738567324,0.3434292382487196,0.5574733128250504,0.4353971797220243
5583,0.1483168298409834,0.3134115274354786,0.2500687042438392,0.4519103143224242,0.2982288080167508
5584,0.072959527071326,0.1718965928852787,0.1432862601465375,0.3140440605028546,0.1433177473104297
5585,0.001328790695829,0.0441985653499421,0.0261356313665066,0.15615581208533,0.0109619798705858
5586,0.0,0.0,0.0,0.0189897641208926,0.0
5587,0.0,0.0,0.0,0.0,0.0
5588,0.0,0.0,0.0,0.0,0.0
5589,0.0,0.0,0.0,0.0,0.0
5590,0.0,0.0,0.0,0.0,0.0
5591,0.0,0.0,0.0,0.0,0.0
5592,0.0,0.0,0.0,0.0,0.0
5593,0.0,0.0,0.0,0.0,0.0
5594,0.0,0.0,0.0,0.0,0.0
5595,0.0,0.0,0.0,0.0,0.0
5596,0.0,0.0,0.0,0.0,0.0
5597,0.0,0.0,0.0,0.0,0.0
5598,0.0771126837208197,0.0533576335743389,0.0801629974251858,0.0300991625121623,0.1088538799516486
5599,0.1819105223804887,0.2146133831360308,0.2472670197372207,0.1949613266944858,0.2735100080948821
5600,0.2702586715588651,0.3813938069718424,0.4003078146521719,0.3749511073892599,0.4260857840376751
5601,0.3513527957500016,0.5032985337243153,0.5219418855129241,0.5298950390682075,0.5390487880755774
5602,0.3960478855937607,0.5829797922514769,0.5926265787503541,0.6399780337523211,0.5916613168294012
5603,0.3714210542476505,0.6398763454362266,0.602270018988272,0.7019365995427299,0.5992490033711123
5604,0.3269088801237008,0.6422747640805028,0.5742988561385892,0.7154922040030168,0.5638015841574818
5605,0.2546025457858945,0.5871718392184665,0.5244122840913956,0.6842249303131707,0.4820112162455817
5606,0.1650270275720342,0.4885271685786707,0.444036308861043,0.6073293088920366,0.3729247260919953
5607,0.1015850737005841,0.3526646771053391,0.3246246797394567,0.4895305784142746,0.2478270529072772
5608,0.0411218099281772,0.1988430421256247,0.1747756349945931,0.337576591986312,0.11366843402818
5609,0.0,0.0523065630903323,0.0298112155693097,0.1625065502421454,0.0044975307829719
5610,0.0,0.0,0.0,0.0140556161125649,0.0
5611,0.0,0.0,0.0,0.0,0.0
5612,0.0,0.0,0.0,0.0,0.0
5613,0.0,0.0,0.0,0.0,0.0
5614,0.0,0.0,0.0,0.0,0.0
5615,0.0,0.0,0.0,0.0,0.0
5616,0.0,0.0,0.0,0.0,0.0
5617,0.0,0.0,0.0,0.0,0.0
5618,0.0,0.0,0.0,0.0,0.0
5619,0.0,0.0,0.0,0.0,0.0
5620,0.0,0.0,0.0,0.0,0.0
5621,0.0,0.0,0.0,0.0,0.0
5622,0.0732880625863844,0.0393648450454441,0.0678288716542629,0.0313873372721517,0.0859826826473264
5623,0.1980928476459171,0.171227348512451,0.2263755894843331,0.2028911291630006,0.2314813605500895
5624,0.2958105101575086,0.320930160409227,0.3838870990815319,0.3876291571993487,0.3701982893261763
5625,0.3397972631919663,0.4613172705249406,0.4956453773247272,0.540459650800535,0.4801010806351339
5626,0.350899088999924,0.579042802794921,0.5404982280385187,0.6454929934627418,0.544994819580458
5627,0.3513341273501048,0.655483480563825,0.5551571296218135,0.7028272561244355,0.5508025505969024
5628,0.3093192382098714,0.6684989867518527,0.5524694856113853,0.7136573515124939,0.5063049240169706
5629,0.2440825205907572,0.6235062203370108,0.5123719552836383,0.6805164735954344,0.4340407589471398
5630,0.1834276381661425,0.515835338965871,0.4314831948975011,0.6055678664215746,0.3406545148307902
5631,0.1111789871404014,0.3757838910758397,0.3161497059306849,0.4901182621925259,0.2201065840702442
5632,0.0464586411864903,0.2238903565924837,0.1702515858495758,0.3377996241939449,0.0984899178369643
5633,0.0,0.0637160725611981,0.0262026893958025,0.1618122875831933,0.0054732782628099
5634,0.0,0.0,0.0,0.0122433600836762,0.0
5635,0.0,0.0,0.0,0.0,0.0
5636,0.0,0.0,0.0,0.0,0.0
5637,0.0,0.0,0.0,0.0,0.0
5638,0.0,0.0,0.0,0.0,0.0
5639,0.0,0.0,0.0,0.0,0.0
5640,0.0,0.0,0.0,0.0,0.0
5641,0.0,0.0,0.0,0.0,0.0
5642,0.0,0.0,0.0,0.0,0.0
5643,0.0,0.0,0.0,0.0,0.0
5644,0.0,0.0,0.0,0.0,0.0
5645,0.0,0.0,0.0,0.0,0.0
5646,0.09741905288654,0.0372412430222309,0.0711792607472245,0.0312730803705253,0.0924187883475548
5647,0.2462305098490721,0.1533099616646457,0.2339237154088743,0.198318411340631,0.2429165194262433
5648,0.3877435065887042,0.3116691479068519,0.3907788694742994,0.37860723391784,0.3960771936771965
5649,0.4770115310361422,0.4720560684956139,0.5051626735780803,0.529201950243514,0.5123668074175796
5650,0.5047161041386533,0.5892932375380073,0.568148554617033,0.6341716668373981,0.5849269168830304
5651,0.4835134386558907,0.6566982735913682,0.5853200047151157,0.6900368367078875,0.5937653633814218
5652,0.4388595978082066,0.6564300575492377,0.5577197819700163,0.6999118274350189,0.5553367771527234
5653,0.3761071997676681,0.5970298917007852,0.4926694943688054,0.6668149407534726,0.4889555718789873
5654,0.2900315197279003,0.4946345576027162,0.3995591311318178,0.5904966792246313,0.3791273786804306
5655,0.1793759543755345,0.359929771257198,0.2737377929788157,0.4755691829895907,0.2425704789532995
5656,0.0717167479640684,0.2081964032308975,0.1303517389636946,0.3257510890251265,0.1050210109529626
5657,0.0012321596589798,0.0562899138508972,0.0125793244773688,0.1537042905210194,0.0058623511766154
5658,0.0,0.0,0.0,0.010846694470439,0.0
5659,0.0,0.0,0.0,0.0,0.0
5660,0.0,0.0,0.0,0.0,0.0
5661,0.0,0.0,0.0,0.0,0.0
5662,0.0,0.0,0.0,0.0,0.0
5663,0.0,0.0,0.0,0.0,0.0
5664,0.0,0.0,0.0,0.0,0.0
5665,0.0,0.0,0.0,0.0,0.0
5666,0.0,0.0,0.0,0.0,0.0
5667,0.0,0.0,0.0,0.0,0.0
5668,0.0,0.0,0.0,0.0,0.0
5669,0.0,0.0,0.0,0.0,0.0
5670,0.0846326194370343,0.0400787553336535,0.0670182455855392,0.0281112986422958,0.1012506968903137
5671,0.1998335707192002,0.1886390551444265,0.226528652395005,0.1756432054951814,0.2669912065577422
5672,0.3053710539473216,0.3629154182362401,0.3609199656290626,0.3491340794256906,0.4207967729470535
5673,0.3587541562988109,0.5340688248911146,0.4604887340185208,0.5081083267448601,0.5344962837390377
5674,0.3664436037283085,0.6490896152106934,0.5307811690660819,0.6200329320586753,0.599890542226459
5675,0.3791163136399663,0.6936432677361846,0.5541861353670393,0.6762454229591308,0.6076731702777763
5676,0.3598379181620464,0.6861101494823643,0.5299424160660684,0.6772151425605029,0.5622168548779464
5677,0.3152060237687868,0.6330971851074683,0.4818465799837985,0.6411232605309211,0.4886890542614937
5678,0.2483219396326635,0.5371552568278922,0.3965602779942292,0.5670201307695028,0.3812223353011582
5679,0.1579130228521805,0.4025176072003779,0.2649455537162553,0.4407923404157352,0.2431974159843946
5680,0.0661000502057328,0.2364540186369714,0.1175013004262711,0.290621651279593,0.1057328522301111
5681,0.0,0.0635363701975815,0.0109486771707375,0.1364708619774496,0.0049646436196688
5682,0.0,0.0,0.0,0.009464776651538,0.0
5683,0.0,0.0,0.0,0.0,0.0
5684,0.0,0.0,0.0,0.0,0.0
5685,0.0,0.0,0.0,0.0,0.0
5686,0.0,0.0,0.0,0.0,0.0
5687,0.0,0.0,0.0,0.0,0.0
5688,0.0,0.0,0.0,0.0,0.0
5689,0.0,0.0,0.0,0.0,0.0
5690,0.0,0.0,0.0,0.0,0.0
5691,0.0,0.0,0.0,0.0,0.0
5692,0.0,0.0,0.0,0.0,0.0
5693,0.0,0.0,0.0,0.0,0.0
5694,0.1020502980810003,0.0615298813389582,0.0663533044458754,0.0289605738123942,0.1045134666364809
5695,0.2365808146245174,0.2441520571912285,0.2279684354797031,0.1846506313340421,0.2747350144840906
5696,0.3763184440569839,0.4230991991884033,0.3861791287471032,0.3554036391600069,0.430275600713113
5697,0.4659976773633705,0.5631773622601259,0.5133141587500885,0.4985721200926877,0.544530677171733
5698,0.5188998850273764,0.650469843086539,0.5902422433508033,0.5960019900040611,0.599947344864537
5699,0.5505185906340513,0.6912544847279504,0.6134905046381495,0.6351871994299101,0.6065969846640351
5700,0.4949817099014148,0.6776509824236618,0.5768066087796424,0.6321180436608054,0.5749968955964504
5701,0.4154595511817861,0.6228132421877884,0.4975284546404698,0.5988646455684059,0.4971667398977864
5702,0.332778670809455,0.5257374260959143,0.401593338392793,0.5164823507470606,0.3724674696369036
5703,0.1925226715390225,0.3905532499542719,0.2771033205671205,0.3952987018064455,0.2411624523509486
5704,0.0636955688969697,0.2237299077877135,0.1207492286935451,0.2479605569062095,0.113492849993966
5705,0.0,0.0541981558402585,0.004730488005962,0.1021814187094383,0.0065120879757714
5706,0.0,0.0,0.0,0.0076166876672233,0.0
5707,0.0,0.0,0.0,0.0,0.0
5708,0.0,0.0,0.0,0.0,0.0
5709,0.0,0.0,0.0,0.0,0.0
5710,0.0,0.0,0.0,0.0,0.0
5711,0.0,0.0,0.0,0.0,0.0
5712,0.0,0.0,0.0,0.0,0.0
5713,0.0,0.0,0.0,0.0,0.0
5714,0.0,0.0,0.0,0.0,0.0
5715,0.0,0.0,0.0,0.0,0.0
5716,0.0,0.0,0.0,0.0,0.0
5717,0.0,0.0,0.0,0.0,0.0
5718,0.1031760422559357,0.047887060064647,0.0658813735930927,0.0197335331559421,0.1051075953111724
5719,0.2519022026164067,0.2035155644438915,0.2311950670229576,0.1088347671127146,0.2699881933972943
5720,0.3915148150050773,0.3732629233892839,0.3858853552356946,0.2184933574837861,0.4220072399428177
5721,0.504229535963955,0.5241798054533761,0.5016438510077484,0.3240814946070059,0.5354804101161664
5722,0.5526050771556726,0.6097946079734363,0.5755064246615905,0.4069811811129113,0.5896921323913874
5723,0.5580644411383711,0.6388312403225449,0.6014769883360496,0.4544009370900468,0.5999719058516032
5724,0.5147451880360309,0.6176910890551401,0.5811187777667693,0.4502095973784513,0.5653785339423976
5725,0.421661061479277,0.5531977925381737,0.5135525611901787,0.4121008906222764,0.47569288530609
5726,0.312340570881919,0.4576463939991263,0.4066042035666884,0.3644869782174868,0.3600252920694538
5727,0.1999332607699758,0.3032219801666788,0.2829086062853413,0.2859217300369014,0.2362101434679796
5728,0.0885246275931888,0.1403342432033073,0.1404635445466472,0.1809490733776201,0.1013445270208832
5729,0.001530663113161,0.0255051464337644,0.0102939651799721,0.0803400942118106,0.0011668269551271
5730,0.0,0.0,0.0,0.0058159342061192,0.0
5731,0.0,0.0,0.0,0.0,0.0
5732,0.0,0.0,0.0,0.0,0.0
5733,0.0,0.0,0.0,0.0,0.0
5734,0.0,0.0,0.0,0.0,0.0
5735,0.0,0.0,0.0,0.0,0.0
5736,0.0,0.0,0.0,0.0,0.0
5737,0.0,0.0,0.0,0.0,0.0
5738,0.0,0.0,0.0,0.0,0.0
5739,0.0,0.0,0.0,0.0,0.0
5740,0.0,0.0,0.0,0.0,0.0
5741,0.0,0.0,0.0,0.0,0.0
5742,0.1033538217671499,0.0289095149912442,0.036513617823042,0.022522426596669,0.0952610582948046
5743,0.2476126394771458,0.1673393672096542,0.140948020661369,0.1440517910262777,0.2432042024079239
5744,0.3847500034134875,0.3250301509590347,0.2589839226250039,0.2950784951108984,0.3716888522714787
5745,0.4809546559986227,0.4548135937116911,0.3844956773744513,0.4444128422173468,0.4502094961629549
5746,0.5279397305431015,0.5695904149973545,0.4768419553186359,0.5599146159159938,0.5039734364495237
5747,0.5422315395315841,0.6402075964325324,0.5315993766649202,0.6176869701765361,0.5371014940603959
5748,0.5170064450701898,0.6356442523023766,0.545330025174071,0.6190281973287214,0.5166843179115548
5749,0.4319783180453156,0.5650537247735308,0.5115215622117065,0.5739027892275783,0.463167293275033
5750,0.307414932662745,0.4365490208003809,0.4207226555563611,0.4860962722352376,0.3626354149634893
5751,0.1769216129103426,0.2962377043837637,0.2838575893255415,0.3782681345458552,0.2302556506829697
5752,0.0605438995793099,0.1629263765926857,0.128702513161567,0.251397796718184,0.1001535749349039
5753,0.0,0.0295107376311549,0.0047514975487397,0.1136554365222148,0.0016145116840279
5754,0.0,0.0,0.0,0.0062083575402111,0.0
5755,0.0,0.0,0.0,0.0,0.0
5756,0.0,0.0,0.0,0.0,0.0
5757,0.0,0.0,0.0,0.0,0.0
5758,0.0,0.0,0.0,0.0,0.0
5759,0.0,0.0,0.0,0.0,0.0
5760,0.0,0.0,0.0,0.0,0.0
5761,0.0,0.0,0.0,0.0,0.0
5762,0.0,0.0,0.0,0.0,0.0
5763,0.0,0.0,0.0,0.0,0.0
5764,0.0,0.0,0.0,0.0,0.0
5765,0.0,0.0,0.0,0.0,0.0
5766,0.0839789526102677,0.0212379145036516,0.0266807274450956,0.0206867484523202,0.0935083464270451
5767,0.1946245849817255,0.1582400624139817,0.1314119754071692,0.1392940622307984,0.257461242142368
5768,0.3143508582243711,0.3166170999876906,0.2327832256894058,0.2900118208030414,0.4064009057166536
5769,0.405393845616289,0.4309485216474131,0.3191723116967047,0.436381964348725,0.5115169295235992
5770,0.4466693107642157,0.4939059806182961,0.3898889932241203,0.5394827412238766,0.5719455974742623
5771,0.4362995550120709,0.5280201673897469,0.4265142334102632,0.5895969357536779,0.5913269648014108
5772,0.3806170599650894,0.4947040233593981,0.41217373136159,0.6124948318485974,0.5471785633729646
5773,0.3224256732467202,0.4126701334926322,0.3778664417356146,0.5984770461851341,0.446446234877827
5774,0.2257208246014277,0.3591203050405422,0.3160128287222148,0.5299097301951707,0.3232936626928138
5775,0.0990821111144238,0.2700967602674448,0.2109281520633744,0.4292553164451393,0.2094825999429496
5776,0.0204222037006412,0.1544719653339788,0.0926360353872841,0.291942919320507,0.0976815452932768
5777,0.0,0.0344446948444477,0.0036044728815766,0.1284049487511754,0.0032914403032087
5778,0.0,0.0,0.0,0.0063084358033334,0.0
5779,0.0,0.0,0.0,0.0,0.0
5780,0.0,0.0,0.0,0.0,0.0
5781,0.0,0.0,0.0,0.0,0.0
5782,0.0,0.0,0.0,0.0,0.0
5783,0.0,0.0,0.0,0.0,0.0
5784,0.0,0.0,0.0,0.0,0.0
5785,0.0,0.0,0.0,0.0,0.0
5786,0.0,0.0,0.0,0.0,0.0
5787,0.0,0.0,0.0,0.0,0.0
5788,0.0,0.0,0.0,0.0,0.0
5789,0.0,0.0,0.0,0.0,0.0
5790,0.0785767377871984,0.0450593492902902,0.055075283058245,0.0235853062171672,0.0935323487859755
5791,0.2208736025851776,0.2064098295142708,0.2097657104957173,0.1737345901265605,0.2582308238473159
5792,0.3667058605165385,0.3853219464482469,0.3683185676227152,0.3470047334947598,0.4096458959156782
5793,0.4557932260703929,0.5218918090582497,0.4973943774540642,0.4974836085056663,0.519393960414164
5794,0.5288871642801342,0.5948584322295534,0.5732819949337389,0.6038871418197338,0.5779907724527238
5795,0.5771139791177233,0.6400797154302956,0.5989202827297078,0.6577422110411795,0.5893356657341584
5796,0.5450028045400201,0.6432054766877868,0.5754081384822249,0.6580654456275552,0.5497828119394491
5797,0.4623410122499441,0.5847757898661189,0.5071425485918374,0.6212884908217323,0.4675054658241581
5798,0.3604733162193166,0.4698162636065173,0.4150608110867911,0.545826051548897,0.3516417423422269
5799,0.2349482793263096,0.3275272433727902,0.288318016938903,0.4291585133411146,0.2151020293670966
5800,0.0882412058167625,0.1674142312412025,0.1332157726316344,0.2791675820054008,0.0844892316700421
5801,0.0,0.0257603056524124,0.0090175803286261,0.1207267295025669,0.0022311914337262
5802,0.0,0.0,0.0,0.0059654952529243,0.0
5803,0.0,0.0,0.0,0.0,0.0
5804,0.0,0.0,0.0,0.0,0.0
5805,0.0,0.0,0.0,0.0,0.0
5806,0.0,0.0,0.0,0.0,0.0
5807,0.0,0.0,0.0,0.0,0.0
5808,0.0,0.0,0.0,0.0,0.0
5809,0.0,0.0,0.0,0.0,0.0
5810,0.0,0.0,0.0,0.0,0.0
5811,0.0,0.0,0.0,0.0,0.0
5812,0.0,0.0,0.0,0.0,0.0
5813,0.0,0.0,0.0,0.0,0.0
5814,0.1231387158119881,0.0421555891970227,0.065690191756735,0.0243437844004775,0.0950173001318463
5815,0.2957048613294502,0.2016351998185829,0.2350564178590648,0.1739577288803712,0.2593459423697555
5816,0.4482433509982724,0.377497306653151,0.3985353735146782,0.3420735316786733,0.4050167251397627
5817,0.5540703684806279,0.5182188439570299,0.5226128640232469,0.4840812179850197,0.512504070894736
5818,0.6022309166220708,0.6102999309797909,0.5948297110768568,0.584589223158635,0.5846634479141659
5819,0.6074847454132507,0.6373155442146797,0.611885330331236,0.636740289321021,0.5992217482547136
5820,0.5729776254142207,0.6175584112121809,0.5817345426987569,0.638448484772514,0.5445009415483294
5821,0.4841924175638917,0.55716814430878,0.5164515245943931,0.6003417479723945,0.4451144227828393
5822,0.3668631904426545,0.4481216001186305,0.4138421227478389,0.5234540654592099,0.3307203123304297
5823,0.2320478909528435,0.3251417194780591,0.2835302133973264,0.4140685182145759,0.2064530172189094
5824,0.0896925888381154,0.1848896327478952,0.1333581724805127,0.2701565860993432,0.0793116087431239
5825,0.0,0.0357825370044516,0.0041847471081357,0.1150872049256661,0.0
5826,0.0,0.0,0.0,0.0046847485544297,0.0
5827,0.0,0.0,0.0,0.0,0.0
5828,0.0,0.0,0.0,0.0,0.0
5829,0.0,0.0,0.0,0.0,0.0
5830,0.0,0.0,0.0,0.0,0.0
5831,0.0,0.0,0.0,0.0,0.0
5832,0.0,0.0,0.0,0.0,0.0
5833,0.0,0.0,0.0,0.0,0.0
5834,0.0,0.0,0.0,0.0,0.0
5835,0.0,0.0,0.0,0.0,0.0
5836,0.0,0.0,0.0,0.0,0.0
5837,0.0,0.0,0.0,0.0,0.0
5838,0.1126628559025715,0.0381064220766626,0.0586293738591398,0.0144755782435872,0.0723729450340277
5839,0.274091088744896,0.1757574813616353,0.200651845893393,0.1000784078391734,0.2045579133074033
5840,0.4205007454121001,0.3024874114090143,0.3313683226532308,0.2081440658250443,0.3256587737100371
5841,0.5355399305418314,0.3996667468275998,0.4363352247884652,0.2964931997877804,0.4258009029250955
5842,0.587612918923795,0.4657550335005769,0.4865668531052181,0.3549487448296117,0.4871920785764768
5843,0.5889261988019531,0.4777024048809006,0.5068574266373967,0.3889300421777729,0.4807477377374375
5844,0.5469060767110143,0.4195033140161885,0.4876153890421447,0.3931233290409067,0.4355749408220744
5845,0.4541119446571103,0.3425955568491959,0.4299988647427251,0.3589253218521129,0.3630339780380202
5846,0.3326263593037802,0.2313758373988324,0.3329038403835065,0.3082981934884555,0.24984381313304
5847,0.1914398274978074,0.1229356811883891,0.2026385900568752,0.2430319091040358,0.1518788103581204
5848,0.0619004872030226,0.0522594492619143,0.0813756347662576,0.1501190116025887,0.0627409327181442
5849,0.0,0.0,0.001178107046219,0.0602558640311803,0.0
5850,0.0,0.0,0.0,0.0016404841038297,0.0
5851,0.0,0.0,0.0,0.0,0.0
5852,0.0,0.0,0.0,0.0,0.0
5853,0.0,0.0,0.0,0.0,0.0
5854,0.0,0.0,0.0,0.0,0.0
5855,0.0,0.0,0.0,0.0,0.0
5856,0.0,0.0,0.0,0.0,0.0
5857,0.0,0.0,0.0,0.0,0.0
5858,0.0,0.0,0.0,0.0,0.0
5859,0.0,0.0,0.0,0.0,0.0
5860,0.0,0.0,0.0,0.0,0.0
5861,0.0,0.0,0.0,0.0,0.0
5862,0.031884005741245,0.0,0.0279580822519536,0.0136311782602968,0.055991687657914
5863,0.0686437165025111,0.0089340886121782,0.1258779210538483,0.136325011456644,0.1843332643939712
5864,0.1245226669013204,0.0379092280829801,0.233910538118545,0.2984788228781506,0.3190233603073224
5865,0.1585353587742256,0.0961094969658852,0.3309989987226174,0.453572125381019,0.4314053699556645
5866,0.1506290276849987,0.1449244330337153,0.3896147122419839,0.5585652024613836,0.4897926033218441
5867,0.1599520864960179,0.168332563047407,0.39891560893418,0.618489900233276,0.4807499181402462
5868,0.1687131831765584,0.152994081218222,0.36488012757809,0.6340187054493249,0.4374632718443957
5869,0.148408189332569,0.1301620140050274,0.2996433025823177,0.6152033321728592,0.3699186844062839
5870,0.111395396159061,0.1286663347929857,0.2220243080024353,0.5640560765194147,0.2702733884534009
5871,0.0595902260138393,0.0938855190970853,0.1510643824671877,0.4644784242825389,0.1609062744895194
5872,0.0065005533237133,0.0388276355746676,0.0746328769582004,0.3161886497261854,0.0591747839850158
5873,0.0,0.0033527012743802,0.0055433888859923,0.138097158002083,0.0031643561718722
5874,0.0,0.0,0.0,0.00429171869018,0.0
5875,0.0,0.0,0.0,0.0,0.0
5876,0.0,0.0,0.0,0.0,0.0
5877,0.0,0.0,0.0,0.0,0.0
5878,0.0,0.0,0.0,0.0,0.0
5879,0.0,0.0,0.0,0.0,0.0
5880,0.0,0.0,0.0,0.0,0.0
5881,0.0,0.0,0.0,0.0,0.0
5882,0.0,0.0,0.0,0.0,0.0
5883,0.0,0.0,0.0,0.0,0.0
5884,0.0,0.0,0.0,0.0,0.0
5885,0.0,0.0,0.0,0.0,0.0
5886,0.0979620218475442,0.0419120021804435,0.069124941314687,0.0266353382816666,0.0694821200295139
5887,0.2734165350539795,0.2119713740582847,0.2439224634121131,0.1965918841472999,0.2016382937680516
5888,0.4281519179184112,0.3912329206911767,0.4071445292330252,0.3855097328656274,0.3230501279201294
5889,0.5311136627990788,0.5238349167924183,0.5319122096764543,0.5433877242274928,0.4058175009995966
5890,0.5690101546647558,0.6162447908767694,0.6104578938106141,0.653791760196253,0.4625679642479238
5891,0.5714932863894355,0.682139877666746,0.6396134367390682,0.7134563873610074,0.4774302216054144
5892,0.5671467169858776,0.6988996060732244,0.6203600534540474,0.7264522784020683,0.4565077258630057
5893,0.5257797422689925,0.6508831847836017,0.5565898448620179,0.6938737801162386,0.3971189056693483
5894,0.4376492842650215,0.5531281009135774,0.4501643996702136,0.6147851822238857,0.290922176823761
5895,0.2997929101824392,0.4085277753587832,0.3032892608222973,0.4906664753082727,0.184512920424779
5896,0.1261144934097223,0.2272734052104176,0.1397489805064196,0.3255696857457119,0.0773193007664624
5897,0.0,0.045679226701263,0.006753861106789,0.139948012354334,0.0035529860673712
5898,0.0,0.0,0.0,0.0035580292328857,0.0
5899,0.0,0.0,0.0,0.0,0.0
5900,0.0,0.0,0.0,0.0,0.0
5901,0.0,0.0,0.0,0.0,0.0
5902,0.0,0.0,0.0,0.0,0.0
5903,0.0,0.0,0.0,0.0,0.0
5904,0.0,0.0,0.0,0.0,0.0
5905,0.0,0.0,0.0,0.0,0.0
5906,0.0,0.0,0.0,0.0,0.0
5907,0.0,0.0,0.0,0.0,0.0
5908,0.0,0.0,0.0,0.0,0.0
5909,0.0,0.0,0.0,0.0,0.0
5910,0.1347351475481785,0.0547406788563085,0.0694344495323682,0.0264968095142582,0.0837264150154932
5911,0.3213542611554487,0.2371135431417345,0.2463816830050431,0.194262408541451,0.2411193146635631
5912,0.4838767143239639,0.4194906468196742,0.4091598008102735,0.3811299122975283,0.3923763068710329
5913,0.6007280404485766,0.564732685794366,0.5326754906930254,0.5375880725593762,0.5062088750592554
5914,0.6681184532901676,0.6556857878094055,0.611332307459137,0.6433539500821237,0.5602829162743654
5915,0.6875128681312218,0.6963602690109061,0.6429501779022483,0.6981785822240495,0.5715753334354039
5916,0.6601834967385352,0.6885655527862805,0.6263236755822782,0.7037605386000321,0.5301781873645451
5917,0.5859388253380015,0.6324792741323081,0.5618465546135486,0.6667355792008846,0.4443365537748975
5918,0.4652094147545512,0.5270462099429333,0.4492925565093173,0.586614424309525,0.3423475546803964
5919,0.3039805627088531,0.3830355381165938,0.3037242206131362,0.4617150157054077,0.2198340328715555
5920,0.1236448588648649,0.2120216081718802,0.1412407119305452,0.3013014083683005,0.0924515497261607
5921,0.0,0.0388883363671693,0.0044809226766875,0.1256642289765911,0.0035522743134713
5922,0.0,0.0,0.0,0.0022660769320774,0.0
5923,0.0,0.0,0.0,0.0,0.0
5924,0.0,0.0,0.0,0.0,0.0
5925,0.0,0.0,0.0,0.0,0.0
5926,0.0,0.0,0.0,0.0,0.0
5927,0.0,0.0,0.0,0.0,0.0
5928,0.0,0.0,0.0,0.0,0.0
5929,0.0,0.0,0.0,0.0,0.0
5930,0.0,0.0,0.0,0.0,0.0
5931,0.0,0.0,0.0,0.0,0.0
5932,0.0,0.0,0.0,0.0,0.0
5933,0.0,0.0,0.0,0.0,0.0
5934,0.1107347184531249,0.0111621864858536,0.0253298379721781,0.0109525825078388,0.0972459907059921
5935,0.2663605353468586,0.0746135318210938,0.1238648553424005,0.11404134915524,0.2693961695470104
5936,0.3982595450850809,0.1195601676567649,0.2158740220538488,0.2557953677665493,0.4235586369113158
5937,0.4976530515307953,0.1185564950268653,0.2818185152865999,0.3955059785946925,0.5375810446866333
5938,0.5532379648701863,0.115160246341912,0.3197024801333366,0.4925362089395024,0.5977070379532019
5939,0.5187790985571238,0.1306388813166729,0.3308348863041985,0.5381708666115453,0.6078584982253551
5940,0.4388213786679699,0.1328115417368065,0.3266508387966799,0.5463233258816697,0.5774932983107324
5941,0.3617191903216907,0.1579597639740331,0.2767891209626115,0.5188273046947889,0.5011663016056689
5942,0.2731170871539575,0.1826753849019698,0.1888180863073607,0.4603422810311661,0.3916148609800836
5943,0.1570415401915415,0.1459628573355872,0.1083382221511372,0.3554368274537436,0.252743881641945
5944,0.0435455105597311,0.0670976274498074,0.0425770021292016,0.2186001189622349,0.0992226863060221
5945,0.0,0.0017359719318665,0.0011169979183439,0.0874496131459657,0.0034887179493162
5946,0.0,0.0,0.0,0.0014777617858468,0.0
5947,0.0,0.0,0.0,0.0,0.0
5948,0.0,0.0,0.0,0.0,0.0
5949,0.0,0.0,0.0,0.0,0.0
5950,0.0,0.0,0.0,0.0,0.0
5951,0.0,0.0,0.0,0.0,0.0
5952,0.0,0.0,0.0,0.0,0.0
5953,0.0,0.0,0.0,0.0,0.0
5954,0.0,0.0,0.0,0.0,0.0
5955,0.0,0.0,0.0,0.0,0.0
5956,0.0,0.0,0.0,0.0,0.0
5957,0.0,0.0,0.0,0.0,0.0
5958,0.0138337119454768,0.0020061512649512,0.0332579667425677,0.0203212025714387,0.0879301027331853
5959,0.065885188170171,0.0633919162747834,0.155496637997109,0.1669406139267802,0.2518779261529084
5960,0.1275328280017484,0.1140942057502995,0.2663181109303653,0.3380649609870648,0.3987586306233521
5961,0.1637919035601678,0.1386469621689705,0.3700588114501779,0.4765108283047687,0.5096932264982511
5962,0.1683076972128613,0.1540605694383821,0.4399842510497776,0.5611197090145698,0.5715342919171755
5963,0.1954464140663351,0.1684974123288203,0.4343447771132577,0.5853678111085144,0.5749332990950436
5964,0.2049312868821166,0.1549001977195321,0.3556658391967578,0.5819625836545751,0.529445670889789
5965,0.1607231237465089,0.1002797586426065,0.2624481142871377,0.5708508615703091,0.4423885787460598
5966,0.1187029034258049,0.0774720240037209,0.197147343377375,0.5201557093762439,0.3389391966318659
5967,0.0767595075045732,0.0551719315508586,0.1276201242475605,0.4223524997139888,0.2246172725653742
5968,0.0203395840325805,0.0120245126646442,0.0521661000136096,0.2813357575886951,0.0916946209160542
5969,0.0,0.0,0.0033363819521727,0.1179353408277622,0.0017274575902159
5970,0.0,0.0,0.0,0.0021258388814567,0.0
5971,0.0,0.0,0.0,0.0,0.0
5972,0.0,0.0,0.0,0.0,0.0
5973,0.0,0.0,0.0,0.0,0.0
5974,0.0,0.0,0.0,0.0,0.0
5975,0.0,0.0,0.0,0.0,0.0
5976,0.0,0.0,0.0,0.0,0.0
5977,0.0,0.0,0.0,0.0,0.0
5978,0.0,0.0,0.0,0.0,0.0
5979,0.0,0.0,0.0,0.0,0.0
5980,0.0,0.0,0.0,0.0,0.0
5981,0.0,0.0,0.0,0.0,0.0
5982,0.0076904883734451,0.0027932075985048,0.0036633324222842,0.0193405305709693,0.0842689954940361
5983,0.021483128899367,0.0745795383264455,0.0332891648692732,0.1508491093778472,0.2500629877046676
5984,0.0318114788481331,0.2073633121777892,0.0751648979480901,0.3131990324381155,0.3990689638510336
5985,0.0437044751046119,0.3606176900360475,0.1263355430215335,0.4668030826959169,0.5057654735720012
5986,0.0540518599609395,0.4578219502786791,0.1943995942700635,0.5845396945641661,0.5604717878348145
5987,0.0647201101179922,0.4900930130135818,0.2167040883682723,0.6385040468320909,0.5471210400102926
5988,0.0849267224968352,0.512808493846881,0.2058612900949887,0.6204808976879418,0.5084461285717553
5989,0.1075313053705712,0.5012863591525115,0.2032650698396002,0.5423407929953464,0.461248767576049
5990,0.0822364097214796,0.4069858266193055,0.1788356307632903,0.4405962277181829,0.3731142636505792
5991,0.0274555777347354,0.2616061549411382,0.1268971639839202,0.3358099609699978,0.2422981348385106
5992,0.0032762044073081,0.1358049179351032,0.0496723380909397,0.2144645900987201,0.0950076499406325
5993,0.0,0.0188440525778491,0.0,0.0831906854814135,0.0022384889405554
5994,0.0,0.0,0.0,0.0010275234598467,0.0
5995,0.0,0.0,0.0,0.0,0.0
5996,0.0,0.0,0.0,0.0,0.0
5997,0.0,0.0,0.0,0.0,0.0
5998,0.0,0.0,0.0,0.0,0.0
5999,0.0,0.0,0.0,0.0,0.0
6000,0.0,0.0,0.0,0.0,0.0
6001,0.0,0.0,0.0,0.0,0.0
6002,0.0,0.0,0.0,0.0,0.0
6003,0.0,0.0,0.0,0.0,0.0
6004,0.0,0.0,0.0,0.0,0.0
6005,0.0,0.0,0.0,0.0,0.0
6006,0.0436806615208377,0.0,0.015010744110462,0.0164297651210732,0.0972273579772221
6007,0.1348309508249947,0.0363061169820102,0.0736799527159485,0.1464356885192148,0.266388172266011
6008,0.2082178633023533,0.1096761395084518,0.1211296218853171,0.3019284274587901,0.4194253275987859
6009,0.2539439976647146,0.1738387669091041,0.1502767638126951,0.4455599403082237,0.5292453952190858
6010,0.2332887391037966,0.2201618880310277,0.1650643736300623,0.5488579818632857,0.5836508594720303
6011,0.1658921004750145,0.2437608615479988,0.1601420547501701,0.5854739306232833,0.5704195765534247
6012,0.1201630183592433,0.2723767974750527,0.1504666302471813,0.580497559631838,0.5335925299164895
6013,0.0906050234432144,0.2637884159371876,0.120677655317865,0.5561621123366168,0.4855963891468983
6014,0.0697953452085062,0.2144000702775519,0.0773926661667667,0.4987790300667458,0.3902515962093311
6015,0.045702080289165,0.1548132713730163,0.0446390498796789,0.4026952136496124,0.2558619979770886
6016,0.0073659411092851,0.0756620126920725,0.0103460772322712,0.2674275226116574,0.10027265380936
6017,0.0,0.0062454212127969,0.0,0.1077715790861584,0.0
6018,0.0,0.0,0.0,0.0018407445961583,0.0
6019,0.0,0.0,0.0,0.0,0.0
6020,0.0,0.0,0.0,0.0,0.0
6021,0.0,0.0,0.0,0.0,0.0
6022,0.0,0.0,0.0,0.0,0.0
6023,0.0,0.0,0.0,0.0,0.0
6024,0.0,0.0,0.0,0.0,0.0
6025,0.0,0.0,0.0,0.0,0.0
6026,0.0,0.0,0.0,0.0,0.0
6027,0.0,0.0,0.0,0.0,0.0
6028,0.0,0.0,0.0,0.0,0.0
6029,0.0,0.0,0.0,0.0,0.0
6030,0.0013170617889264,0.0074899180909405,0.0031786181449452,0.0239286700344277,0.0755082942445348
6031,0.0411730174584123,0.1243778922910446,0.0360816488928593,0.1673829172479264,0.2410347842896032
6032,0.1298691091055616,0.2748248124591225,0.0761522031963593,0.3261009491863463,0.3992082887923385
6033,0.2130120418748226,0.4034945008412896,0.1266390775678889,0.4642176170446441,0.5115963117571879
6034,0.2794915392953231,0.4856986808508242,0.1866003849741925,0.5537757725809312,0.5747121304554363
6035,0.3169795041579464,0.506469023925896,0.2342463984220587,0.5914971796056527,0.5950838615283502
6036,0.2920352138067894,0.513386235205049,0.249890127287658,0.5816409289332563,0.5673642677714662
6037,0.261193242275207,0.4813141861365801,0.2589813106794856,0.5116352170309676,0.4978415294573441
6038,0.226185611362936,0.3967651237438679,0.2409271613525357,0.4072629479784863,0.3915052193121678
6039,0.1742497676128907,0.2844126857573456,0.1719829843618211,0.2930750924648623,0.2549513854309321
6040,0.0777306136019126,0.1404893650507673,0.0743056904913614,0.1671322185606447,0.1028381458893752
6041,0.0,0.0113585678588208,0.0,0.0577489086449636,0.0026238149744041
6042,0.0,0.0,0.0,0.0,0.0
6043,0.0,0.0,0.0,0.0,0.0
6044,0.0,0.0,0.0,0.0,0.0
6045,0.0,0.0,0.0,0.0,0.0
6046,0.0,0.0,0.0,0.0,0.0
6047,0.0,0.0,0.0,0.0,0.0
6048,0.0,0.0,0.0,0.0,0.0
6049,0.0,0.0,0.0,0.0,0.0
6050,0.0,0.0,0.0,0.0,0.0
6051,0.0,0.0,0.0,0.0,0.0
6052,0.0,0.0,0.0,0.0,0.0
6053,0.0,0.0,0.0,0.0,0.0
6054,0.1015141821205944,0.0410689260372347,0.0378016744388657,0.0080263884568963,0.0917536152582766
6055,0.2636308936941829,0.2010480456054076,0.1752776113339055,0.0918981216419693,0.2550114454801402
6056,0.410731316269563,0.3707518116478421,0.3313770715775355,0.199837650984281,0.4067345570192054
6057,0.5095244942561641,0.4855869399177965,0.4712743573487397,0.3047328254600924,0.5175685923164766
6058,0.5372441346023556,0.5227108054565774,0.5627591556693268,0.4153191190533472,0.5674666875760197
6059,0.4956599437722799,0.5200813488393279,0.5824545577392048,0.4942417032799299,0.5570072243731826
6060,0.4129473337760518,0.4848138299201259,0.5388760253367956,0.4969601401207798,0.5079100337826711
6061,0.3342933370835649,0.4342266799857683,0.4535998154278652,0.4397110889251948,0.4362149620633429
6062,0.2816803063814566,0.3457886492874733,0.3545253230344415,0.3456965501259338,0.3432653135863659
6063,0.2025685848702967,0.2199630236680781,0.2398190356379981,0.2383820807219411,0.2281377092057327
6064,0.0787707341183875,0.1046320455355605,0.1007464372628819,0.1405044132786124,0.0883720659211324
6065,0.0,0.0076753697744959,0.0,0.052215823413907,0.0
6066,0.0,0.0,0.0,0.0,0.0
6067,0.0,0.0,0.0,0.0,0.0
6068,0.0,0.0,0.0,0.0,0.0
6069,0.0,0.0,0.0,0.0,0.0
6070,0.0,0.0,0.0,0.0,0.0
6071,0.0,0.0,0.0,0.0,0.0
6072,0.0,0.0,0.0,0.0,0.0
6073,0.0,0.0,0.0,0.0,0.0
6074,0.0,0.0,0.0,0.0,0.0
6075,0.0,0.0,0.0,0.0,0.0
6076,0.0,0.0,0.0,0.0,0.0
6077,0.0,0.0,0.0,0.0,0.0
6078,0.0902152730745021,0.0352588724145219,0.0464927678789181,0.0200601396077302,0.081603607726917
6079,0.2350739683381805,0.1887859300352434,0.2087298022034972,0.161716814890335,0.246089677504421
6080,0.3902787794352511,0.3766593441793473,0.3744860967013266,0.3299158848409337,0.4076680076576405
6081,0.5051014585576643,0.535497182405742,0.506258542989805,0.4806229808026291,0.5277480019544488
6082,0.5658650747285663,0.612118415722616,0.5907166083510754,0.588285722035843,0.5942584239277934
6083,0.570229791813019,0.6126427278838845,0.589623179347478,0.6508286081441716,0.6087737366870624
6084,0.5318696095868697,0.5382846205517465,0.5218372337307055,0.6716556542149106,0.5745872450482028
6085,0.4648188096954189,0.4090785521118754,0.4319040017793107,0.6430149304962361,0.4992685025588554
6086,0.3695919271181648,0.2739099315106355,0.3084677285288721,0.5615601288595296,0.3820314305257
6087,0.2353751570305298,0.1758542900170109,0.1761392164990586,0.4378944550754422,0.2353981303662879
6088,0.0792438162941092,0.0774307698256284,0.0580234641061748,0.2811003074819395,0.0853699256320788
6089,0.0,0.0015118610217701,0.0,0.1088972088224404,0.0
6090,0.0,0.0,0.0,0.0,0.0
6091,0.0,0.0,0.0,0.0,0.0
6092,0.0,0.0,0.0,0.0,0.0
6093,0.0,0.0,0.0,0.0,0.0
6094,0.0,0.0,0.0,0.0,0.0
6095,0.0,0.0,0.0,0.0,0.0
6096,0.0,0.0,0.0,0.0,0.0
6097,0.0,0.0,0.0,0.0,0.0
6098,0.0,0.0,0.0,0.0,0.0
6099,0.0,0.0,0.0,0.0,0.0
6100,0.0,0.0,0.0,0.0,0.0
6101,0.0,0.0,0.0,0.0,0.0
6102,0.0850247421272825,0.033067370197542,0.0028566996461502,0.022801960696081,0.0996115580233213
6103,0.2252604789611521,0.2019832657615218,0.0415778373573248,0.1772284119930555,0.279589003541108
6104,0.3458548384610711,0.3835685193156981,0.1292404695646021,0.3593554670686039,0.4400116771706748
6105,0.4385854137772093,0.5250374267375271,0.2310823012763049,0.5158191467878724,0.5533716032103798
6106,0.4975548561400493,0.627186877048576,0.3068299066512779,0.6264150935152784,0.6180257875425041
6107,0.5095635964077607,0.6788154642169838,0.3491970572118884,0.6821490770275839,0.6430679861164356
6108,0.4751487676224774,0.6719411562561641,0.3619118070877,0.6846601915578728,0.6174804318631706
6109,0.3736896730853018,0.6167861699968642,0.3482013356598188,0.6465690181326796,0.5444848693713572
6110,0.2667443832555163,0.5159950385707062,0.275889770081941,0.5689494794479425,0.4286079472859031
6111,0.1798281107168871,0.3715977489684239,0.1694943798930624,0.4475824103654118,0.2745609896375122
6112,0.0665977615336673,0.1911770222745188,0.065511088446567,0.2850866466395931,0.1064054996771148
6113,0.0,0.02189765888,0.0,0.1072894909314873,0.0015914368558063
6114,0.0,0.0,0.0,0.0,0.0
6115,0.0,0.0,0.0,0.0,0.0
6116,0.0,0.0,0.0,0.0,0.0
6117,0.0,0.0,0.0,0.0,0.0
6118,0.0,0.0,0.0,0.0,0.0
6119,0.0,0.0,0.0,0.0,0.0
6120,0.0,0.0,0.0,0.0,0.0
6121,0.0,0.0,0.0,0.0,0.0
6122,0.0,0.0,0.0,0.0,0.0
6123,0.0,0.0,0.0,0.0,0.0
6124,0.0,0.0,0.0,0.0,0.0
6125,0.0,0.0,0.0,0.0,0.0
6126,0.0840977369931206,0.0331501387867946,0.0332628320212733,0.0224572706651487,0.1013764293495333
6127,0.2294238676211847,0.1845680124703742,0.1734039971278299,0.1797458085537501,0.2805381958992061
6128,0.3805674039421967,0.370799584650927,0.3087444617738582,0.3654420634577637,0.440451766420927
6129,0.511224621441729,0.5411242862578718,0.40341113936945,0.5194519401826476,0.5563411656331854
6130,0.5695838615574863,0.6425555223775866,0.4178032459002342,0.624447428572213,0.6293075918887281
6131,0.5415766324776403,0.6844096150440369,0.3681382264982067,0.6805107197661959,0.6533622066492374
6132,0.4623419588610529,0.6742460170682774,0.3153296617788282,0.6876334261861738,0.6307803739898424
6133,0.3597133256773319,0.6180068546008204,0.2714941100320049,0.6495233152814133,0.56434917471807
6134,0.2766865084721881,0.5161508656858581,0.2154879423876882,0.561723723992253,0.4478680960188385
6135,0.1774819237476705,0.3671878699983086,0.1351784573819225,0.4255097163633963,0.2888497637107737
6136,0.0531584281807949,0.1856018490944561,0.0451404887863018,0.2591816012908855,0.1093375795080171
6137,0.0,0.0190859944481333,0.0,0.0938468600652803,0.001439128721768
6138,0.0,0.0,0.0,0.0,0.0
6139,0.0,0.0,0.0,0.0,0.0
6140,0.0,0.0,0.0,0.0,0.0
6141,0.0,0.0,0.0,0.0,0.0
6142,0.0,0.0,0.0,0.0,0.0
6143,0.0,0.0,0.0,0.0,0.0
6144,0.0,0.0,0.0,0.0,0.0
6145,0.0,0.0,0.0,0.0,0.0
6146,0.0,0.0,0.0,0.0,0.0
6147,0.0,0.0,0.0,0.0,0.0
6148,0.0,0.0,0.0,0.0,0.0
6149,0.0,0.0,0.0,0.0,0.0
6150,0.025384371852427,0.0248054201678467,0.0189110834399397,0.0179071889646588,0.1063782166304702
6151,0.1153890083637248,0.1678994179980472,0.1514048444151465,0.1440909530182839,0.2917785488224063
6152,0.2250794422694757,0.3116267184698283,0.3021094275304451,0.3008547871424679,0.4547904521829786
6153,0.3192584995879082,0.4361640399726938,0.4275096871972459,0.4436153994245222,0.5728131876182297
6154,0.3645119459505567,0.5291517997995286,0.4902287117096112,0.554684265685547,0.6399788012915814
6155,0.3600890918959057,0.5783301118437063,0.4792175042675475,0.6226042374281036,0.6578171291024855
6156,0.3281664726165606,0.574238633298797,0.4349513437976197,0.6318569833051284,0.6341644665347141
6157,0.2894556804412525,0.5275775540262052,0.3846836003293031,0.5890530141699318,0.5652930136288434
6158,0.2435520093903911,0.4396471763280571,0.3191667014937549,0.5039674023982097,0.4439366228299878
6159,0.1558123721161783,0.2965497924512217,0.2248258955205393,0.3732861167376796,0.2818420749138913
6160,0.0431403429465801,0.1382822769306326,0.0963770275851155,0.2179082620462692,0.1044014161074063
6161,0.0,0.0058642790162398,0.0,0.0747944130447593,0.0
6162,0.0,0.0,0.0,0.0,0.0
6163,0.0,0.0,0.0,0.0,0.0
6164,0.0,0.0,0.0,0.0,0.0
6165,0.0,0.0,0.0,0.0,0.0
6166,0.0,0.0,0.0,0.0,0.0
6167,0.0,0.0,0.0,0.0,0.0
6168,0.0,0.0,0.0,0.0,0.0
6169,0.0,0.0,0.0,0.0,0.0
6170,0.0,0.0,0.0,0.0,0.0
6171,0.0,0.0,0.0,0.0,0.0
6172,0.0,0.0,0.0,0.0,0.0
6173,0.0,0.0,0.0,0.0,0.0
6174,0.0850376251377516,0.0145846168110079,0.0435320010897542,0.018784916877304,0.0992377163495397
6175,0.2351016546714507,0.1456351717574574,0.1993337676051394,0.1609452867190838,0.2780956441232733
6176,0.4001116199769751,0.3275001592875145,0.3727597998321314,0.3405966921658664,0.4361102998951446
6177,0.5304054616332536,0.4930884401635944,0.5197059233260088,0.4961028901311395,0.548299982029509
6178,0.6069930941140566,0.6025231255528859,0.603540287447044,0.5958422970234274,0.6104382772550208
6179,0.6258306197600165,0.6480794148746986,0.6281178640175386,0.646226907911024,0.6201314384017929
6180,0.5956425557640479,0.630496754873862,0.6057063939490198,0.6527331165817573,0.5825561629664859
6181,0.525611510259114,0.5598488498826284,0.5442531300499825,0.6129655107579773,0.5017527130615635
6182,0.4054186117252899,0.4522737219044347,0.4381433081443933,0.5275588200877723,0.3852653746139328
6183,0.250160053855698,0.3170508303162872,0.2891753623616055,0.3984102789932918,0.2345760092416929
6184,0.0831530724339013,0.1536051629129679,0.1190672097211396,0.2392435030072948,0.0757426412867487
6185,0.0,0.0090640446700031,0.0,0.0826799701439767,0.0
6186,0.0,0.0,0.0,0.0,0.0
6187,0.0,0.0,0.0,0.0,0.0
6188,0.0,0.0,0.0,0.0,0.0
6189,0.0,0.0,0.0,0.0,0.0
6190,0.0,0.0,0.0,0.0,0.0
6191,0.0,0.0,0.0,0.0,0.0
6192,0.0,0.0,0.0,0.0,0.0
6193,0.0,0.0,0.0,0.0,0.0
6194,0.0,0.0,0.0,0.0,0.0
6195,0.0,0.0,0.0,0.0,0.0
6196,0.0,0.0,0.0,0.0,0.0
6197,0.0,0.0,0.0,0.0,0.0
6198,0.1011282166867702,0.0255492807934939,0.0280638799830131,0.0201464352039873,0.0891707207935226
6199,0.2737003608529297,0.1839024753716358,0.1509184789200453,0.1624814808509489,0.2651107269459358
6200,0.431953579233317,0.3639830312790535,0.2909835311121518,0.3355720655214824,0.4268770485973969
6201,0.5402532240669138,0.5167392863876749,0.410165557654448,0.487649676312904,0.5429888673368491
6202,0.5927240293604739,0.6127054609874844,0.4646974848687474,0.5944976389178608,0.6062812206245911
6203,0.5817334102968847,0.6455542884567465,0.4847108191324837,0.652093623512097,0.6203461603473439
6204,0.5269815928759974,0.6212909697517006,0.4627498702843883,0.6599711646590111,0.5953935098865817
6205,0.4448757103683921,0.5571120833116706,0.383185484835966,0.6167823360860408,0.5219286371276461
6206,0.3226691241612287,0.4445849690477087,0.2835334565751326,0.5283369997930912,0.4080679736369756
6207,0.182217704088571,0.2988625698946993,0.1686218085151159,0.4009488836440434,0.2612864426814573
6208,0.0516691777302134,0.1488842030675041,0.0544056953511222,0.2426765209789976,0.0931870622003855
6209,0.0,0.0087746574051191,0.0,0.0838076183040446,0.0
6210,0.0,0.0,0.0,0.0,0.0
6211,0.0,0.0,0.0,0.0,0.0
6212,0.0,0.0,0.0,0.0,0.0
6213,0.0,0.0,0.0,0.0,0.0
6214,0.0,0.0,0.0,0.0,0.0
6215,0.0,0.0,0.0,0.0,0.0
6216,0.0,0.0,0.0,0.0,0.0
6217,0.0,0.0,0.0,0.0,0.0
6218,0.0,0.0,0.0,0.0,0.0
6219,0.0,0.0,0.0,0.0,0.0
6220,0.0,0.0,0.0,0.0,0.0
6221,0.0,0.0,0.0,0.0,0.0
6222,0.0398425650973171,0.0291292865549426,0.0120046585146519,0.0205397079365939,0.0925187815545188
6223,0.1390107527498846,0.1826090286257929,0.1124600211523511,0.1645321249772614,0.2671531103555397
6224,0.2440301692040098,0.3519912161143744,0.2325286899424156,0.3443958262146435,0.4324719807000963
6225,0.3645081949212789,0.5081991501412716,0.3352976033823411,0.4997789555122259,0.5507422773763254
6226,0.4174220805545892,0.6095568578714808,0.4085948480416199,0.6070467680619529,0.6169626787968409
6227,0.3733798147505526,0.6302530781259514,0.4407666835923223,0.6647068596433048,0.6359228094340337
6228,0.3306330273568206,0.6085579025958849,0.4265663065328985,0.6712883813855,0.6046992613622785
6229,0.2965519822855382,0.537194493353487,0.3837193480789213,0.6263884306023328,0.5331176628905837
6230,0.2317815549915602,0.4353361832917795,0.31330123551094,0.5343853422374402,0.4174817752008001
6231,0.1391590682233013,0.3104553505709362,0.2124957016115332,0.4036413995162076,0.2609354104364527
6232,0.039754028759452,0.1385639878360016,0.0856312121700123,0.2426038431117553,0.0912291345274743
6233,0.0,0.0032561124781336,0.0,0.0819288831041905,0.0
6234,0.0,0.0,0.0,0.0,0.0
6235,0.0,0.0,0.0,0.0,0.0
6236,0.0,0.0,0.0,0.0,0.0
6237,0.0,0.0,0.0,0.0,0.0
6238,0.0,0.0,0.0,0.0,0.0
6239,0.0,0.0,0.0,0.0,0.0
6240,0.0,0.0,0.0,0.0,0.0
6241,0.0,0.0,0.0,0.0,0.0
6242,0.0,0.0,0.0,0.0,0.0
6243,0.0,0.0,0.0,0.0,0.0
6244,0.0,0.0,0.0,0.0,0.0
6245,0.0,0.0,0.0,0.0,0.0
6246,0.0853148725556301,0.0079864329079332,0.0491797377272466,0.0180785590254576,0.0790744320632921
6247,0.228817695486017,0.123283296506527,0.2203164604919239,0.1559140608270006,0.2430481504335564
6248,0.3664588680742041,0.2814545049052351,0.3772818784424026,0.3257564687406847,0.3988174817692989
6249,0.4657629995328124,0.404873724315934,0.4786289312205742,0.4653737080877101,0.5191528707619889
6250,0.5229984990753236,0.4993874066796569,0.5462492419235255,0.5428194143181702,0.5983622369261815
6251,0.5456704036074581,0.5499138091405739,0.5907034284556347,0.594384042040662,0.6225015785866111
6252,0.5270847727474203,0.5052490971362851,0.5800995039510786,0.6113443286808025,0.5878512027096239
6253,0.4575986977255517,0.4742796151705819,0.5167116629959043,0.5655699612147813,0.5028446304196447
6254,0.3562630901974326,0.4192801455017189,0.4167826066751678,0.4797399602921765,0.375106402802902
6255,0.2236152383456018,0.2701387190796749,0.27169369686542,0.3586071133454246,0.2193485030635452
6256,0.0675630363074827,0.1139745949438764,0.1050566721735765,0.2130310763974342,0.0653769463095674
6257,0.0,0.0015778319849886,0.0,0.0704002045496578,0.0
6258,0.0,0.0,0.0,0.0,0.0
6259,0.0,0.0,0.0,0.0,0.0
6260,0.0,0.0,0.0,0.0,0.0
6261,0.0,0.0,0.0,0.0,0.0
6262,0.0,0.0,0.0,0.0,0.0
6263,0.0,0.0,0.0,0.0,0.0
6264,0.0,0.0,0.0,0.0,0.0
6265,0.0,0.0,0.0,0.0,0.0
6266,0.0,0.0,0.0,0.0,0.0
6267,0.0,0.0,0.0,0.0,0.0
6268,0.0,0.0,0.0,0.0,0.0
6269,0.0,0.0,0.0,0.0,0.0
6270,0.0604426095531617,0.0306514242215543,0.0502072475046218,0.018265929137874,0.0529132842003244
6271,0.2071355960458189,0.197956571625268,0.2280025314448129,0.1574437027162697,0.1847730001695068
6272,0.3784181971959168,0.3805640932713506,0.4038822934600308,0.3345933713977154,0.3217376078981824
6273,0.4940307452414459,0.5418255879453645,0.5260229701510158,0.4917029470413056,0.422516612574383
6274,0.509466672068466,0.6555495803173158,0.5843272368484644,0.6039451857663921,0.4710240849514578
6275,0.4738118581417447,0.7057352939944508,0.590974037804528,0.6630859876894997,0.473335727612222
6276,0.4559475603043385,0.698548245260407,0.5666736121819503,0.6685603679649155,0.4407987547057756
6277,0.4107333193437126,0.633666238641552,0.5162656537298959,0.6335592354721474,0.3707351464564822
6278,0.328179344007205,0.5213911565017059,0.4183074620928554,0.5548822026838753,0.2622904054946821
6279,0.2195550372608327,0.3679241947699229,0.2720748439626082,0.4247070516913194,0.1441103958642445
6280,0.0728735308932343,0.1787542942585173,0.1068211353550984,0.2578574837874202,0.042753255895704
6281,0.0,0.013034107703928,0.0,0.0861366681020268,0.0
6282,0.0,0.0,0.0,0.0,0.0
6283,0.0,0.0,0.0,0.0,0.0
6284,0.0,0.0,0.0,0.0,0.0
6285,0.0,0.0,0.0,0.0,0.0
6286,0.0,0.0,0.0,0.0,0.0
6287,0.0,0.0,0.0,0.0,0.0
6288,0.0,0.0,0.0,0.0,0.0
6289,0.0,0.0,0.0,0.0,0.0
6290,0.0,0.0,0.0,0.0,0.0
6291,0.0,0.0,0.0,0.0,0.0
6292,0.0,0.0,0.0,0.0,0.0
6293,0.0,0.0,0.0,0.0,0.0
6294,0.1065264497866944,0.0411338179394594,0.0468352863502337,0.0211631363124375,0.0718636238595378
6295,0.2957409007969924,0.2269329519521506,0.217693807529102,0.1689045529636024,0.2411280386848905
6296,0.4657423697618428,0.4214169722013785,0.3882162849900079,0.3504077756714531,0.4013360591337049
6297,0.590895218952643,0.5694352854543355,0.5233683194392466,0.5027475384490973,0.521163350819473
6298,0.6658349450633638,0.6585348044426801,0.6048069554625516,0.6043080584109509,0.5838174531131394
6299,0.6843970610485115,0.6964928491562002,0.6382437238662059,0.6523189722837234,0.6008700638843959
6300,0.6496908236637112,0.6825268864680932,0.6249415934606677,0.6552895078581128,0.5672201687712561
6301,0.5637776898608882,0.6177916599950534,0.558066954375779,0.6120480021770457,0.4842753121419177
6302,0.4286819152204351,0.5065017113831851,0.444428916016527,0.5177579131653108,0.3678081680168368
6303,0.2543316144209769,0.3508916002865505,0.2875235619097919,0.3791390125721866,0.2231028526249125
6304,0.0751007486019972,0.1656662759487384,0.1111517616570467,0.2193788053251521,0.0731858090104754
6305,0.0,0.0098778158845691,0.0,0.071003795305026,0.0
6306,0.0,0.0,0.0,0.0,0.0
6307,0.0,0.0,0.0,0.0,0.0
6308,0.0,0.0,0.0,0.0,0.0
6309,0.0,0.0,0.0,0.0,0.0
6310,0.0,0.0,0.0,0.0,0.0
6311,0.0,0.0,0.0,0.0,0.0
6312,0.0,0.0,0.0,0.0,0.0
6313,0.0,0.0,0.0,0.0,0.0
6314,0.0,0.0,0.0,0.0,0.0
6315,0.0,0.0,0.0,0.0,0.0
6316,0.0,0.0,0.0,0.0,0.0
6317,0.0,0.0,0.0,0.0,0.0
6318,0.1163318626994307,0.0254676608909334,0.0551137199087675,0.0131127675662003,0.0843533950464567
6319,0.3073955900728166,0.1861784084761728,0.2377697857869239,0.1125872897652798,0.2531265577532255
6320,0.4773620942339932,0.3798081685962262,0.415896354015579,0.2547232645252718,0.4114473922053576
6321,0.5972498981713827,0.5421390693003298,0.5487821748295654,0.3927280908312296,0.5250394979506383
6322,0.6639442678526378,0.6447299777633656,0.6297021221794465,0.490774420075367,0.582774261583054
6323,0.6791575970041309,0.6874170370134711,0.660193970533411,0.5230841593109871,0.592621582918262
6324,0.6441902215179881,0.6732704540928242,0.6408309256953767,0.503693760053525,0.5541359849857955
6325,0.5600529056048266,0.6128643735775341,0.5721846566002412,0.4461066646618432,0.4672335998258882
6326,0.4266566564498962,0.5023663083431941,0.4545399086855326,0.3445053711500084,0.3498551644411184
6327,0.2529254332633858,0.340880192337762,0.2933146983795806,0.2228246643538925,0.2065600190320886
6328,0.0733683256747386,0.1544188216590254,0.1114617962299737,0.1113733110326569,0.0571603299625909
6329,0.0,0.0044884602452943,0.0,0.0286278631888711,0.0
6330,0.0,0.0,0.0,0.0,0.0
6331,0.0,0.0,0.0,0.0,0.0
6332,0.0,0.0,0.0,0.0,0.0
6333,0.0,0.0,0.0,0.0,0.0
6334,0.0,0.0,0.0,0.0,0.0
6335,0.0,0.0,0.0,0.0,0.0
6336,0.0,0.0,0.0,0.0,0.0
6337,0.0,0.0,0.0,0.0,0.0
6338,0.0,0.0,0.0,0.0,0.0
6339,0.0,0.0,0.0,0.0,0.0
6340,0.0,0.0,0.0,0.0,0.0
6341,0.0,0.0,0.0,0.0,0.0
6342,0.091249226778831,0.0,0.0400626876701454,0.0038951383822746,0.0507322658633111
6343,0.2626787561483281,0.0723376764741175,0.2005193968232958,0.0445931041280184,0.1603733865568447
6344,0.4225714755479696,0.2363436044536646,0.3565181435240281,0.1138833698697987,0.2723511435887851
6345,0.5332620027172881,0.4153041860530673,0.4674799733086148,0.1925282798384252,0.3503653118508495
6346,0.5684147389465505,0.5183227077328507,0.5161531781967034,0.2512907406483544,0.376000601346329
6347,0.5443103016342086,0.5506903278465333,0.5206262714728516,0.277667939271924,0.3694860556960498
6348,0.4785400577543282,0.5413719140586566,0.4974400348995094,0.2989108747863667,0.3419915575395921
6349,0.3680819154043294,0.4678143613191483,0.4361003655291794,0.2790218925152144,0.2788955023061482
6350,0.2405200009645874,0.3485165910497244,0.3335256184270422,0.2194666145672953,0.1987597885194142
6351,0.1207473351589772,0.2287239553011379,0.2027003125198933,0.1617581691667046,0.1115502941122313
6352,0.0196395047759093,0.0942699566478101,0.0680414256430466,0.0926393763884694,0.0292655905527312
6353,0.0,0.0,0.0,0.0289905758929535,0.0
6354,0.0,0.0,0.0,0.0,0.0
6355,0.0,0.0,0.0,0.0,0.0
6356,0.0,0.0,0.0,0.0,0.0
6357,0.0,0.0,0.0,0.0,0.0
6358,0.0,0.0,0.0,0.0,0.0
6359,0.0,0.0,0.0,0.0,0.0
6360,0.0,0.0,0.0,0.0,0.0
6361,0.0,0.0,0.0,0.0,0.0
6362,0.0,0.0,0.0,0.0,0.0
6363,0.0,0.0,0.0,0.0,0.0
6364,0.0,0.0,0.0,0.0,0.0
6365,0.0,0.0,0.0,0.0,0.0
6366,0.0619998749280963,0.0,0.011716978499888,0.010598066124361,0.0279837780417545
6367,0.1734691355254021,0.0041805857346357,0.046629434685029,0.0961533244455816,0.1372878892288786
6368,0.2680687505595633,0.0446601994871741,0.0803864889257297,0.2198335988414425,0.276054257593589
6369,0.2966705412765105,0.1113701594048942,0.1099209565432605,0.3375809630509999,0.4032862037734388
6370,0.2828084547147364,0.2186826371220844,0.1247569260635549,0.4180717647408523,0.4664971757874145
6371,0.2595675034881921,0.3505903935308606,0.1526636208762989,0.4466472832680883,0.4875750927586523
6372,0.2142833352495758,0.4132492365660689,0.1740823360815162,0.4546661815505875,0.4715950790857558
6373,0.1351393580300192,0.3981904523669207,0.1750505166032692,0.4268307716572125,0.3962154882068987
6374,0.0597351820520423,0.3315679242665047,0.1416557268969082,0.3514706552677314,0.287358959986939
6375,0.0263238890601954,0.2052148905508581,0.0815681894046365,0.2561758565127607,0.1561222116377303
6376,0.0028610691401304,0.0721863085432035,0.0208117489453346,0.1432371105273659,0.0336469832645062
6377,0.0,0.0,0.0,0.0387816929336825,0.0
6378,0.0,0.0,0.0,0.0,0.0
6379,0.0,0.0,0.0,0.0,0.0
6380,0.0,0.0,0.0,0.0,0.0
6381,0.0,0.0,0.0,0.0,0.0
6382,0.0,0.0,0.0,0.0,0.0
6383,0.0,0.0,0.0,0.0,0.0
6384,0.0,0.0,0.0,0.0,0.0
6385,0.0,0.0,0.0,0.0,0.0
6386,0.0,0.0,0.0,0.0,0.0
6387,0.0,0.0,0.0,0.0,0.0
6388,0.0,0.0,0.0,0.0,0.0
6389,0.0,0.0,0.0,0.0,0.0
6390,0.0154551438738322,0.0155439917200344,0.0118828882413169,0.0058639009634626,0.0592743708859784
6391,0.0870656221857443,0.0723773394423716,0.1036540139203245,0.0508542614499835,0.2153985952546264
6392,0.1935158665907808,0.114980044443488,0.2146607978761231,0.1153845603354796,0.3776501981329693
6393,0.3091286765350928,0.1615657487559827,0.3049036918784082,0.1816500685649641,0.5008177629679884
6394,0.3605914973882256,0.2076985673926289,0.3502717755314219,0.2449050351052328,0.5754456997751598
6395,0.3208779312165147,0.2627366289930453,0.3315016072282482,0.3180029702753419,0.5861894006170764
6396,0.275591023982483,0.2562190392588933,0.2771777218801823,0.3610774963536659,0.542068680553131
6397,0.2324112987699461,0.1694134634424143,0.21817886182294,0.3381810634791406,0.4669080229056475
6398,0.1433587920243025,0.0985012443294919,0.1305132839201437,0.2812400986186691,0.356498755014351
6399,0.0607045313140323,0.0746131573517225,0.0466894380651524,0.2101753175116177,0.2196015551367227
6400,0.0053786181336891,0.0328858764358713,0.0018976639161343,0.1170750925484453,0.0679116836563499
6401,0.0,0.0,0.0,0.029207030942177,0.0
6402,0.0,0.0,0.0,0.0,0.0
6403,0.0,0.0,0.0,0.0,0.0
6404,0.0,0.0,0.0,0.0,0.0
6405,0.0,0.0,0.0,0.0,0.0
6406,0.0,0.0,0.0,0.0,0.0
6407,0.0,0.0,0.0,0.0,0.0
6408,0.0,0.0,0.0,0.0,0.0
6409,0.0,0.0,0.0,0.0,0.0
6410,0.0,0.0,0.0,0.0,0.0
6411,0.0,0.0,0.0,0.0,0.0
6412,0.0,0.0,0.0,0.0,0.0
6413,0.0,0.0,0.0,0.0,0.0
6414,0.0121299739441918,0.0,0.0,0.0026018625449014,0.0760354451975948
6415,0.0772234816788014,0.0796490935418171,0.0544487391069413,0.0523524885727356,0.243112945244271
6416,0.1432567780489637,0.2105752619132397,0.160560596252737,0.1469815795856147,0.3972909170632427
6417,0.2071595326778718,0.3228633379900315,0.259246521317814,0.2463443113171835,0.5079759540381231
6418,0.2434600459621244,0.407098708350353,0.3241833627868964,0.3102775453643981,0.5589499921956673
6419,0.2292836488605979,0.4731961781316188,0.3589088639751334,0.3577406883420111,0.5553938352727226
6420,0.1861058841497081,0.4745476072632592,0.3599403377056777,0.355819188768564,0.5037307831732675
6421,0.1555737657054318,0.3775428374429807,0.3381061386970133,0.3033504376109628,0.4138666609588024
6422,0.1111323132950599,0.2828411885871555,0.2636682646046733,0.2363331520383248,0.3094100700463409
6423,0.0447550589659226,0.1996739276483762,0.1442054997063347,0.1465435187469286,0.1813161170089668
6424,0.0045321488822235,0.0716374324067856,0.027137924539427,0.0641454764509518,0.0484963718274463
6425,0.0,0.0,0.0,0.0088025225174581,0.0
6426,0.0,0.0,0.0,0.0,0.0
6427,0.0,0.0,0.0,0.0,0.0
6428,0.0,0.0,0.0,0.0,0.0
6429,0.0,0.0,0.0,0.0,0.0
6430,0.0,0.0,0.0,0.0,0.0
6431,0.0,0.0,0.0,0.0,0.0
6432,0.0,0.0,0.0,0.0,0.0
6433,0.0,0.0,0.0,0.0,0.0
6434,0.0,0.0,0.0,0.0,0.0
6435,0.0,0.0,0.0,0.0,0.0
6436,0.0,0.0,0.0,0.0,0.0
6437,0.0,0.0,0.0,0.0,0.0
6438,0.0553569839365148,0.0,0.0058762455643453,0.0061631355352984,0.0580377741221763
6439,0.1796187157388356,0.0015366872484927,0.0647063945590457,0.0667074319346576,0.2015409152659198
6440,0.3209493606667419,0.0064542533535916,0.1373630762262229,0.1908021762095226,0.3542502125360273
6441,0.3965026643642657,0.0131488682043026,0.2089616785938413,0.3089543998442244,0.4742056813034553
6442,0.4237992889184536,0.0299723425425486,0.2499286474460378,0.3756298137996998,0.5320620811762266
6443,0.4203568099161957,0.063178700846074,0.230320067822238,0.3957254526532149,0.538979583949924
6444,0.3851051355616703,0.1234746062082442,0.1663793664837271,0.3940728204244882,0.4986019249454168
6445,0.3360124223293441,0.1617737770849149,0.1028774633699763,0.3586825554070809,0.4250702243355931
6446,0.2226645311454509,0.1508506439486283,0.049890106199228,0.3065780891514135,0.3171205534331128
6447,0.1078642491344656,0.1240646119281287,0.0136300683870963,0.2446546862960426,0.1769439188542378
6448,0.0175573022880516,0.0537547295377404,0.0,0.1406410102655006,0.0473137289302258
6449,0.0,0.0,0.0,0.0401971714077367,0.0
6450,0.0,0.0,0.0,0.0,0.0
6451,0.0,0.0,0.0,0.0,0.0
6452,0.0,0.0,0.0,0.0,0.0
6453,0.0,0.0,0.0,0.0,0.0
6454,0.0,0.0,0.0,0.0,0.0
6455,0.0,0.0,0.0,0.0,0.0
6456,0.0,0.0,0.0,0.0,0.0
6457,0.0,0.0,0.0,0.0,0.0
6458,0.0,0.0,0.0,0.0,0.0
6459,0.0,0.0,0.0,0.0,0.0
6460,0.0,0.0,0.0,0.0,0.0
6461,0.0,0.0,0.0,0.0,0.0
6462,0.0253091372528661,0.0050059240379802,0.0,0.0130109176951294,0.0727422611444382
6463,0.1421828070001423,0.1059454254473722,0.0370249959219325,0.0862947989693629,0.240131583121954
6464,0.2901117176833982,0.2273503854266267,0.1051507971232696,0.2026581461456485,0.4054950550772369
6465,0.4247355700784078,0.3890479330031628,0.1619091742736507,0.3033251633902163,0.5288846143967375
6466,0.5027791661864088,0.5214478413617424,0.1957227161226414,0.3650146776673429,0.5956307290350218
6467,0.5044450113993912,0.5547230233845488,0.2184813423439764,0.4011916540986372,0.6111671310531801
6468,0.4523267400802475,0.5133451506957579,0.2176158086028372,0.4051655553203955,0.5801599953202795
6469,0.3703354096016741,0.4286402563881267,0.1847145856556178,0.3729549186118654,0.501165744632627
6470,0.2483942566270671,0.3193195171634322,0.1224898596895055,0.3092797359668113,0.3780971830833999
6471,0.1135047797624329,0.1953481678890582,0.0595499627080313,0.2108548347536821,0.2257818261514234
6472,0.007636737835531,0.0641727486503567,0.010680785390471,0.1059951744905664,0.0662069095577346
6473,0.0,0.0,0.0,0.0250627377582179,0.0
6474,0.0,0.0,0.0,0.0,0.0
6475,0.0,0.0,0.0,0.0,0.0
6476,0.0,0.0,0.0,0.0,0.0
6477,0.0,0.0,0.0,0.0,0.0
6478,0.0,0.0,0.0,0.0,0.0
6479,0.0,0.0,0.0,0.0,0.0
6480,0.0,0.0,0.0,0.0,0.0
6481,0.0,0.0,0.0,0.0,0.0
6482,0.0,0.0,0.0,0.0,0.0
6483,0.0,0.0,0.0,0.0,0.0
6484,0.0,0.0,0.0,0.0,0.0
6485,0.0,0.0,0.0,0.0,0.0
6486,0.0,0.009564800420843,0.0035394773119536,0.0103102973019746,0.0731412056766987
6487,0.0517667889642271,0.1089702295900957,0.0848414646611031,0.0966747051722781,0.236382047196348
6488,0.1053032568458856,0.2376270846083722,0.2008639947042546,0.2318356628988707,0.397149587680233
6489,0.1420611478744273,0.3512721758531494,0.304335449091094,0.3655382201064134,0.5125680494893793
6490,0.1628606606316995,0.4378973874146468,0.3583169122988507,0.4599403692901623,0.57095588512543
6491,0.1529122597522864,0.4890805322037985,0.3820524958891029,0.5090851701961775,0.5806970181220561
6492,0.1718380831596971,0.4663623292925353,0.3893242797021889,0.5006162189887884,0.546098218892304
6493,0.1838006981115601,0.3973089057409781,0.338391848414946,0.4487416707296102,0.4685332220313123
6494,0.1342327254926107,0.3281579679434812,0.2477039478464479,0.3869166327137989,0.352224553951061
6495,0.0658752715284414,0.2283527963876976,0.1412562760741744,0.3037005584649734,0.2048507916163677
6496,0.0091409980595629,0.0910975529830571,0.0277760721528511,0.1880272576209705,0.053061046185449
6497,0.0,0.0030470147456788,0.0,0.0579262786920626,0.0
6498,0.0,0.0,0.0,0.0,0.0
6499,0.0,0.0,0.0,0.0,0.0
6500,0.0,0.0,0.0,0.0,0.0
6501,0.0,0.0,0.0,0.0,0.0
6502,0.0,0.0,0.0,0.0,0.0
6503,0.0,0.0,0.0,0.0,0.0
6504,0.0,0.0,0.0,0.0,0.0
6505,0.0,0.0,0.0,0.0,0.0
6506,0.0,0.0,0.0,0.0,0.0
6507,0.0,0.0,0.0,0.0,0.0
6508,0.0,0.0,0.0,0.0,0.0
6509,0.0,0.0,0.0,0.0,0.0
6510,0.0167981114586099,0.0338446992477376,0.022367119554712,0.0238964636811812,0.0611542116265905
6511,0.1420575434651372,0.1964560558169179,0.1576842942000809,0.1605613818910584,0.2203810611714249
6512,0.3159763371383826,0.3803674091873319,0.310028685990162,0.3378546323943948,0.3886985491981138
6513,0.4505062788655978,0.5289031905479157,0.4312874779749709,0.4795059748153509,0.5135697949222804
6514,0.528833127280639,0.6217565426022208,0.5063034540927517,0.5661494080124889,0.5876481242895895
6515,0.5336192320696954,0.6578023645748899,0.5320030512388386,0.6011296730126646,0.6087818362574001
6516,0.501301942614049,0.6458621690751593,0.5121304273741416,0.5947280989492985,0.5662196089405637
6517,0.4336013492634482,0.5837104349862413,0.4375372541738213,0.5494091127172083,0.4807446732791026
6518,0.3155895101747299,0.4646276002345135,0.3047895331393909,0.4551240461301009,0.3658853322958068
6519,0.179417903677831,0.2879763337080913,0.1611959376973822,0.3165546781175407,0.2158455706225623
6520,0.0423036885297695,0.0970841162859765,0.0345004990923769,0.1623615243896883,0.0588694912451751
6521,0.0,0.0,0.0,0.0398335386602325,0.0
6522,0.0,0.0,0.0,0.0,0.0
6523,0.0,0.0,0.0,0.0,0.0
6524,0.0,0.0,0.0,0.0,0.0
6525,0.0,0.0,0.0,0.0,0.0
6526,0.0,0.0,0.0,0.0,0.0
6527,0.0,0.0,0.0,0.0,0.0
6528,0.0,0.0,0.0,0.0,0.0
6529,0.0,0.0,0.0,0.0,0.0
6530,0.0,0.0,0.0,0.0,0.0
6531,0.0,0.0,0.0,0.0,0.0
6532,0.0,0.0,0.0,0.0,0.0
6533,0.0,0.0,0.0,0.0,0.0
6534,0.0539528779964426,0.0,0.0015981475268112,0.0069724980084822,0.0594820903855443
6535,0.1873174213480879,0.0149500009393663,0.0746665860645013,0.0846054435120642,0.2153440923740125
6536,0.3073676088006907,0.0721904101755181,0.1873679614092854,0.2145860942289416,0.3726890688135843
6537,0.3839803851632964,0.1460885008299046,0.292277878322556,0.3329457367992998,0.4902683418499768
6538,0.4229817319597267,0.265013452676,0.3485165829097386,0.4247731751672703,0.5636603165461235
6539,0.4420282789589814,0.3582500196161162,0.3428331442850183,0.4887525266364614,0.5802122277389515
6540,0.4444589960830848,0.3672884590399889,0.315182527181638,0.5036905806181696,0.5465535666399554
6541,0.3870348036147107,0.3455678933544165,0.2787170459116249,0.4820543228149997,0.4764321102448677
6542,0.2677934893710642,0.3201423668176305,0.2137090545558301,0.4380227004658895,0.3605590328519084
6543,0.1395765935912933,0.2446884979486802,0.1173267261897172,0.3365725945351205,0.2097671249992114
6544,0.0232751410858939,0.1059993802178734,0.0173775690622828,0.1843934003559928,0.0563768836743776
6545,0.0,0.0079548019481826,0.0,0.051593072858711,0.0
6546,0.0,0.0,0.0,0.0,0.0
6547,0.0,0.0,0.0,0.0,0.0
6548,0.0,0.0,0.0,0.0,0.0
6549,0.0,0.0,0.0,0.0,0.0
6550,0.0,0.0,0.0,0.0,0.0
6551,0.0,0.0,0.0,0.0,0.0
6552,0.0,0.0,0.0,0.0,0.0
6553,0.0,0.0,0.0,0.0,0.0
6554,0.0,0.0,0.0,0.0,0.0
6555,0.0,0.0,0.0,0.0,0.0
6556,0.0,0.0,0.0,0.0,0.0
6557,0.0,0.0,0.0,0.0,0.0
6558,0.054950291757994,0.0298459986800003,0.0184496152941865,0.0197246902067417,0.0605694846359719
6559,0.1842810614242118,0.1712459159130628,0.118750307816373,0.1130792922211774,0.2202315785357773
6560,0.3382157861083852,0.3475117246955994,0.2387795405420762,0.2468357582312633,0.3884049234184727
6561,0.4644029255440921,0.4911248908943911,0.3278290619575404,0.3517724404339083,0.5148004276430403
6562,0.5415987680321274,0.58324671942914,0.3798611840936971,0.4240489059638484,0.575624781489012
6563,0.5625371054853939,0.6262168373628718,0.4271502004851867,0.4532675384836798,0.5790813885814431
6564,0.5288866667620772,0.5987929822108221,0.4302850669293594,0.419489492636586,0.5289086262028938
6565,0.4403030201134738,0.5224200485174694,0.3548845221103754,0.3568963409952813,0.4460330195215093
6566,0.3086116687420466,0.4014537940674848,0.2330010971205384,0.2849824885213924,0.343058494635283
6567,0.1621027345212738,0.233306329679496,0.1139645509676128,0.1912664605845028,0.2021456187501566
6568,0.028533536627368,0.0689856611519482,0.0234657134527339,0.0907422624076492,0.0530831732436099
6569,0.0,0.0,0.0,0.0196197667503595,0.0
6570,0.0,0.0,0.0,0.0,0.0
6571,0.0,0.0,0.0,0.0,0.0
6572,0.0,0.0,0.0,0.0,0.0
6573,0.0,0.0,0.0,0.0,0.0
6574,0.0,0.0,0.0,0.0,0.0
6575,0.0,0.0,0.0,0.0,0.0
6576,0.0,0.0,0.0,0.0,0.0
6577,0.0,0.0,0.0,0.0,0.0
6578,0.0,0.0,0.0,0.0,0.0
6579,0.0,0.0,0.0,0.0,0.0
6580,0.0,0.0,0.0,0.0,0.0
6581,0.0,0.0,0.0,0.0,0.0
6582,0.0080484554224599,0.0,0.0,0.0062821513758529,0.0625380624736435
6583,0.0472429285666774,0.0581366191089998,0.0110188741311833,0.065200828465705,0.2025262328586984
6584,0.0763553778904458,0.1858035906026584,0.0527328328767816,0.1853665255081525,0.3364314164236378
6585,0.09238356948908,0.3011765071948024,0.1059127419938955,0.3032910965196964,0.4378054243447971
6586,0.0938365344822862,0.3072651056831633,0.1566263282193663,0.3826597084898874,0.4958919637577981
6587,0.0937480393352683,0.2995771009940853,0.1927584720640955,0.4213193553721555,0.4978336798941334
6588,0.0795619277414121,0.2629663023563044,0.2039369805724546,0.4324397967654236,0.4621907154754565
6589,0.0507736434351872,0.1579779468835458,0.1981119455077854,0.3923395350000709,0.3946230995894764
6590,0.0258012958047726,0.1227150396793137,0.157349373434877,0.311716555218447,0.2913842270035143
6591,0.008689523036246,0.0784833490279729,0.0851768972548805,0.2287099908199666,0.163243479317394
6592,0.0013031103388567,0.0139663062209207,0.0214350657102786,0.1250660963241634,0.03770365241102
6593,0.0,0.0,0.0,0.0320665493214352,0.0
6594,0.0,0.0,0.0,0.0,0.0
6595,0.0,0.0,0.0,0.0,0.0
6596,0.0,0.0,0.0,0.0,0.0
6597,0.0,0.0,0.0,0.0,0.0
6598,0.0,0.0,0.0,0.0,0.0
6599,0.0,0.0,0.0,0.0,0.0
6600,0.0,0.0,0.0,0.0,0.0
6601,0.0,0.0,0.0,0.0,0.0
6602,0.0,0.0,0.0,0.0,0.0
6603,0.0,0.0,0.0,0.0,0.0
6604,0.0,0.0,0.0,0.0,0.0
6605,0.0,0.0,0.0,0.0,0.0
6606,0.0215439726220367,0.0149567560567495,0.0096974297232172,0.0170853425130162,0.035991599000393
6607,0.1296343353354545,0.1452369532460524,0.0877776429465081,0.1110758817627934,0.1599292725744615
6608,0.2383006205348319,0.2800898381701333,0.1633754215446484,0.2657822409387095,0.2898547362827043
6609,0.2866104749248419,0.3959674783626459,0.2194882581171578,0.4129601988742551,0.4088002007656624
6610,0.2823856845091242,0.4925044872521659,0.227567641523834,0.4987402580539496,0.4747769320017916
6611,0.2533304743066284,0.5768715798677584,0.2192899271597239,0.5480305978010543,0.4680485157847385
6612,0.2318484317572479,0.6089373182725148,0.2045450231909215,0.5793609913073103,0.4203724081201843
6613,0.2060209364466063,0.5758231831825914,0.164250058446581,0.5727367077099965,0.359783110589303
6614,0.1484936822486752,0.4692273051482136,0.121018933739451,0.4989755846280072,0.282835168365997
6615,0.0771456123624504,0.2690262469577875,0.0641347160323445,0.3518419096038847,0.1635714757079227
6616,0.0097236205166976,0.0829493640506671,0.0085245529326629,0.1877099473369352,0.0382377662255816
6617,0.0,0.0,0.0,0.0562910903514369,0.0
6618,0.0,0.0,0.0,0.0,0.0
6619,0.0,0.0,0.0,0.0,0.0
6620,0.0,0.0,0.0,0.0,0.0
6621,0.0,0.0,0.0,0.0,0.0
6622,0.0,0.0,0.0,0.0,0.0
6623,0.0,0.0,0.0,0.0,0.0
6624,0.0,0.0,0.0,0.0,0.0
6625,0.0,0.0,0.0,0.0,0.0
6626,0.0,0.0,0.0,0.0,0.0
6627,0.0,0.0,0.0,0.0,0.0
6628,0.0,0.0,0.0,0.0,0.0
6629,0.0,0.0,0.0,0.0,0.0
6630,0.0825628683932981,0.005340704386909,0.0011587007587354,0.0076109443239145,0.074188672304029
6631,0.2484456038369501,0.0563765575373028,0.0511714989476027,0.0372011045776919,0.2473225806763588
6632,0.3810931027378187,0.1103274302039247,0.1261068887560661,0.0954940437163877,0.4110714693855076
6633,0.4714286512394996,0.1013229292647996,0.1841674602083273,0.1562177319910653,0.5232644695928469
6634,0.4980066886826176,0.0691099695181516,0.2297213747175803,0.2113791218001316,0.5949349082908857
6635,0.466841013824799,0.0588091501438369,0.210881125977419,0.2459205373265418,0.6212075705313832
6636,0.4393862507080165,0.0539804766684473,0.1457277042296706,0.2687191659209997,0.5857256485853315
6637,0.362805463743747,0.0496635110788037,0.093829861225177,0.2768021347570573,0.5005301195961114
6638,0.2215614005138251,0.0373263093828134,0.0486999860471465,0.2422173451011267,0.3745298502095907
6639,0.087101390964592,0.0146696108208578,0.0145348693620774,0.1727643242241446,0.2128899560789544
6640,0.0076855884701592,0.0,0.0,0.0895358845905749,0.0527207719264345
6641,0.0,0.0,0.0,0.0213429501178802,0.0
6642,0.0,0.0,0.0,0.0,0.0
6643,0.0,0.0,0.0,0.0,0.0
6644,0.0,0.0,0.0,0.0,0.0
6645,0.0,0.0,0.0,0.0,0.0
6646,0.0,0.0,0.0,0.0,0.0
6647,0.0,0.0,0.0,0.0,0.0
6648,0.0,0.0,0.0,0.0,0.0
6649,0.0,0.0,0.0,0.0,0.0
6650,0.0,0.0,0.0,0.0,0.0
6651,0.0,0.0,0.0,0.0,0.0
6652,0.0,0.0,0.0,0.0,0.0
6653,0.0,0.0,0.0,0.0,0.0
6654,0.0061759556824247,0.0,0.0,0.0055177966318461,0.0475265758430521
6655,0.0404106235897902,0.0039175169833947,0.0031072903908346,0.0590295361580027,0.185038148797899
6656,0.1131437922278318,0.0141155056893547,0.0191110414705162,0.1608795528242655,0.3116003853888881
6657,0.1875204818428635,0.0360931536130603,0.0726384498569866,0.2700497939344641,0.4066813755452993
6658,0.2327408668938751,0.0403625688686399,0.140208076215296,0.3350520740591055,0.4641693442133526
6659,0.2633498526521767,0.0413830106017604,0.1882744470235718,0.3326691001917386,0.4668967652391358
6660,0.2585089411477199,0.0487998844309513,0.1993085346538821,0.3097568686349993,0.4318846621105885
6661,0.2472694041065476,0.0502749858440551,0.1711711913399475,0.2802554530155303,0.3691033327435206
6662,0.1987972144451719,0.0614139328886947,0.140528535004453,0.2325851604400606,0.2727318676907954
6663,0.0900412557633855,0.0630767816016681,0.088785941321607,0.1727121200643026,0.1497497860347396
6664,0.0040604573150344,0.0208346742943642,0.0081783775205655,0.0950661021951393,0.0321613856600742
6665,0.0,0.0,0.0,0.0248103770888385,0.0
6666,0.0,0.0,0.0,0.0,0.0
6667,0.0,0.0,0.0,0.0,0.0
6668,0.0,0.0,0.0,0.0,0.0
6669,0.0,0.0,0.0,0.0,0.0
6670,0.0,0.0,0.0,0.0,0.0
6671,0.0,0.0,0.0,0.0,0.0
6672,0.0,0.0,0.0,0.0,0.0
6673,0.0,0.0,0.0,0.0,0.0
6674,0.0,0.0,0.0,0.0,0.0
6675,0.0,0.0,0.0,0.0,0.0
6676,0.0,0.0,0.0,0.0,0.0
6677,0.0,0.0,0.0,0.0,0.0
6678,0.0647878637856005,0.0,0.0055921721368118,0.0065538558767367,0.0555435951677118
6679,0.2072499277984337,0.0133732732312802,0.0575187021895156,0.0513731729993987,0.1963300611387205
6680,0.3246947908101127,0.0653098483721221,0.1229848752140399,0.1389796419148857,0.3409292359476104
6681,0.3840962304100205,0.1429746217872233,0.1500186419461329,0.2243033564520047,0.442931853561858
6682,0.3786747953315132,0.2215070008802576,0.145373628464479,0.263863858117547,0.4832995713005919
6683,0.3131122474867492,0.290197483362852,0.1331031479292762,0.2772655444417288,0.4962553138802006
6684,0.2271450286221818,0.2934497405490482,0.1091199713874356,0.286893012343833,0.460185942977012
6685,0.1620570533948743,0.2166812330369098,0.0736921321426007,0.2778985349750293,0.3744334928361871
6686,0.1093989106167307,0.1311265435033084,0.0335867686350162,0.2408836247196589,0.2702616417095991
6687,0.0413695751150485,0.0529692992591481,0.0038153170560422,0.1727514074634712,0.143718332732498
6688,0.0,0.0,0.0,0.0922677718692335,0.0294248891909147
6689,0.0,0.0,0.0,0.0240212152131119,0.0
6690,0.0,0.0,0.0,0.0,0.0
6691,0.0,0.0,0.0,0.0,0.0
6692,0.0,0.0,0.0,0.0,0.0
6693,0.0,0.0,0.0,0.0,0.0
6694,0.0,0.0,0.0,0.0,0.0
6695,0.0,0.0,0.0,0.0,0.0
6696,0.0,0.0,0.0,0.0,0.0
6697,0.0,0.0,0.0,0.0,0.0
6698,0.0,0.0,0.0,0.0,0.0
6699,0.0,0.0,0.0,0.0,0.0
6700,0.0,0.0,0.0,0.0,0.0
6701,0.0,0.0,0.0,0.0,0.0
6702,0.0115090952401554,0.0019549772997822,0.0083671144258755,0.0074188406874997,0.0029510738290944
6703,0.0565339485808513,0.0650569927708245,0.0574455078026195,0.0628269727733028,0.0432082545110232
6704,0.1076783669642281,0.1977690854749132,0.1439911738796815,0.1742225194265172,0.1221121754496988
6705,0.1474284252384485,0.2741081058652376,0.2132599509740843,0.2720874443717437,0.1962404062373955
6706,0.1580981281747087,0.3150473363888801,0.250555305132948,0.3354536742932412,0.2521069993596729
6707,0.1431589879699513,0.3479568556222873,0.2656314354243156,0.3686441440871224,0.2707984557110617
6708,0.1418766915141885,0.3136831854117626,0.2542618349567093,0.3750178136647945,0.2442292030700836
6709,0.1345001816825659,0.2487803740107985,0.2126578381886467,0.3394515849182673,0.2038253760023679
6710,0.0926884201026867,0.1821743181444001,0.1399181738161929,0.253335204249543,0.1481128682906854
6711,0.0439982322691306,0.115061634121708,0.0576207731460875,0.1596938814452207,0.0815140126422821
6712,0.0070177250310768,0.0342506583756736,0.0064940714350306,0.0833531329694315,0.0220813165758765
6713,0.0,0.0,0.0,0.0268948048581498,0.0
6714,0.0,0.0,0.0,0.0,0.0
6715,0.0,0.0,0.0,0.0,0.0
6716,0.0,0.0,0.0,0.0,0.0
6717,0.0,0.0,0.0,0.0,0.0
6718,0.0,0.0,0.0,0.0,0.0
6719,0.0,0.0,0.0,0.0,0.0
6720,0.0,0.0,0.0,0.0,0.0
6721,0.0,0.0,0.0,0.0,0.0
6722,0.0,0.0,0.0,0.0,0.0
6723,0.0,0.0,0.0,0.0,0.0
6724,0.0,0.0,0.0,0.0,0.0
6725,0.0,0.0,0.0,0.0,0.0
6726,0.0447985957961581,0.0199899647295526,0.0056026697717923,0.0104614136473035,0.0724644772506194
6727,0.1622358761716858,0.0910296277331281,0.0289991826949553,0.096996592470251,0.2507173524716801
6728,0.3059384895944633,0.1666400500518514,0.0453440292106263,0.2248243482111697,0.4165475606851558
6729,0.4188576057026831,0.2011692213569372,0.0501154843291606,0.35267472979446,0.5286681674938932
6730,0.4477323855366832,0.202184367428806,0.0573542788937816,0.4475417794267566,0.5916260685649246
6731,0.4272412177352282,0.1979218602183784,0.0690859422406707,0.4939213615817147,0.6087882446776769
6732,0.3658992742834088,0.1973244355711891,0.0689028774851883,0.4944539120849495,0.5777297884815192
6733,0.2575394801291574,0.1836598685225419,0.0530843028282318,0.4554584642518814,0.5012348639827258
6734,0.145480726632406,0.1342989717356062,0.0235163753065166,0.3681761493054957,0.373404211856788
6735,0.0600399898484461,0.0792199915300748,0.0040849637013088,0.243253503024748,0.2021911030686917
6736,0.0094375023331922,0.0224360085206843,0.0,0.1166911336040342,0.0510938133408744
6737,0.0,0.0,0.0,0.0300934509542556,0.0
6738,0.0,0.0,0.0,0.0,0.0
6739,0.0,0.0,0.0,0.0,0.0
6740,0.0,0.0,0.0,0.0,0.0
6741,0.0,0.0,0.0,0.0,0.0
6742,0.0,0.0,0.0,0.0,0.0
6743,0.0,0.0,0.0,0.0,0.0
6744,0.0,0.0,0.0,0.0,0.0
6745,0.0,0.0,0.0,0.0,0.0
6746,0.0,0.0,0.0,0.0,0.0
6747,0.0,0.0,0.0,0.0,0.0
6748,0.0,0.0,0.0,0.0,0.0
6749,0.0,0.0,0.0,0.0,0.0
6750,0.0267039031423182,0.0,0.0030044013710449,0.0022201348560158,0.0693380883973868
6751,0.0922142185507288,0.0,0.0299942731121685,0.0252625059066517,0.2316682984400784
6752,0.1578430274798694,0.0028590310583346,0.0954773556831714,0.0840249627941031,0.3866356322025488
6753,0.2125894130721343,0.0111742588789879,0.158640569912846,0.1670162423025949,0.4952414396174137
6754,0.2279972473924096,0.0236922241741764,0.1839054799371757,0.2629570040648344,0.5601325767918826
6755,0.2189709618076478,0.0273539937308194,0.1893876175484823,0.334542957610816,0.5821247790901104
6756,0.190372927422262,0.0369962824821184,0.1536744529263345,0.3581907965739553,0.552109933191124
6757,0.1228434974394711,0.0710875101726996,0.081133182057325,0.3659086475055816,0.4760513604285658
6758,0.0553100250448125,0.0890607457312839,0.0338014207285837,0.345889179888895,0.3565223355789308
6759,0.0137909606158309,0.0640672280923503,0.0170990949892439,0.2549544917767611,0.1978488295043861
6760,0.0,0.0166567958648812,0.0032263746164278,0.1296869803389556,0.0461188270992571
6761,0.0,0.0,0.0,0.0328314344295214,0.0
6762,0.0,0.0,0.0,0.0,0.0
6763,0.0,0.0,0.0,0.0,0.0
6764,0.0,0.0,0.0,0.0,0.0
6765,0.0,0.0,0.0,0.0,0.0
6766,0.0,0.0,0.0,0.0,0.0
6767,0.0,0.0,0.0,0.0,0.0
6768,0.0,0.0,0.0,0.0,0.0
6769,0.0,0.0,0.0,0.0,0.0
6770,0.0,0.0,0.0,0.0,0.0
6771,0.0,0.0,0.0,0.0,0.0
6772,0.0,0.0,0.0,0.0,0.0
6773,0.0,0.0,0.0,0.0,0.0
6774,0.0409024965246983,0.0164268632105861,0.0027739544834446,0.0094767273493902,0.0569049801053955
6775,0.191682062816549,0.0847690606096741,0.0512977583742788,0.0846884945779495,0.2064261613752648
6776,0.3366319148557561,0.1789822585143987,0.1270908355433686,0.2167361268821715,0.3653231628887007
6777,0.4257059432068218,0.2347057264162871,0.1907977290898507,0.3397476890196089,0.4806369940036922
6778,0.4157282889457768,0.2617087367371412,0.2368762245329931,0.4237936418122359,0.5383074041606853
6779,0.3412303941796509,0.3189632030578845,0.2836743506658926,0.4422077802746383,0.5404663500168604
6780,0.2884899700812361,0.4014263363797822,0.3110636492935117,0.3973341269524739,0.5018346332659238
6781,0.2243114833376771,0.4062481610127318,0.3030843142984711,0.3508075844952086,0.4290737213708132
6782,0.1485845533810317,0.3085549638151588,0.2545270044718929,0.3076648891180213,0.3082731475670094
6783,0.0754262703052954,0.1801096704887523,0.1479580688753795,0.2300356738790109,0.1626240527071993
6784,0.0142630226554413,0.0485987384315456,0.0276399102597184,0.1199269185228621,0.0377384971519422
6785,0.0,0.0,0.0,0.0283145055481979,0.0
6786,0.0,0.0,0.0,0.0,0.0
6787,0.0,0.0,0.0,0.0,0.0
6788,0.0,0.0,0.0,0.0,0.0
6789,0.0,0.0,0.0,0.0,0.0
6790,0.0,0.0,0.0,0.0,0.0
6791,0.0,0.0,0.0,0.0,0.0
6792,0.0,0.0,0.0,0.0,0.0
6793,0.0,0.0,0.0,0.0,0.0
6794,0.0,0.0,0.0,0.0,0.0
6795,0.0,0.0,0.0,0.0,0.0
6796,0.0,0.0,0.0,0.0,0.0
6797,0.0,0.0,0.0,0.0,0.0
6798,0.0715244668228118,0.0369316187957348,0.0168436031721135,0.0080804250219806,0.056011024808708
6799,0.232623475871806,0.1654362385467752,0.1041938242233808,0.1466904988068421,0.2045614888155408
6800,0.4020248073427165,0.3470453823998611,0.2005388462395357,0.3314631483577169,0.3569465947692206
6801,0.5281242661625397,0.512834953242655,0.2955947088617704,0.4956191586070433,0.4759051805983987
6802,0.5859212256374468,0.6308397597836165,0.3676670948384734,0.6092211290591392,0.5499741699582794
6803,0.5851237431655366,0.6745475198305823,0.3965740496545045,0.664285361737794,0.5670422369218268
6804,0.5375324308742302,0.6557037751592358,0.38023015115629,0.6624363017284046,0.5229069135652303
6805,0.4504270576364618,0.5849492270133961,0.3182830891404995,0.6134869172517783,0.4366409647888216
6806,0.322756591431225,0.4612468765862559,0.2354678040611498,0.5158979214537414,0.3183298486215848
6807,0.1608796874904026,0.2888240519207131,0.1276300730165098,0.369866026968425,0.1696068238638552
6808,0.042169164553199,0.1043878054990132,0.0282390857799249,0.1912448708588811,0.0391457511627744
6809,0.0,0.0,0.0,0.0517300671588417,0.0
6810,0.0,0.0,0.0,0.0,0.0
6811,0.0,0.0,0.0,0.0,0.0
6812,0.0,0.0,0.0,0.0,0.0
6813,0.0,0.0,0.0,0.0,0.0
6814,0.0,0.0,0.0,0.0,0.0
6815,0.0,0.0,0.0,0.0,0.0
6816,0.0,0.0,0.0,0.0,0.0
6817,0.0,0.0,0.0,0.0,0.0
6818,0.0,0.0,0.0,0.0,0.0
6819,0.0,0.0,0.0,0.0,0.0
6820,0.0,0.0,0.0,0.0,0.0
6821,0.0,0.0,0.0,0.0,0.0
6822,0.0633078230322556,0.0570268399015466,0.0434499710814415,0.0026852908711174,0.0504980379981403
6823,0.2120073022055769,0.1770219216231806,0.1810401330864637,0.0439807212754296,0.2003420162794509
6824,0.3797072224822567,0.3384800714464246,0.3530873655723104,0.1404068737793467,0.3711498472442796
6825,0.5212736647250721,0.4411436216268239,0.4837864678139789,0.2584008283236843,0.5079573772002826
6826,0.6038797176966996,0.5052262264462497,0.5548321025337174,0.362181092717083,0.5825173392365972
6827,0.6230062944842126,0.5302145941172051,0.5719204653634666,0.4153901387856193,0.6000553949111918
6828,0.5853126227964773,0.51914321200028,0.5281276111429936,0.4164169117551401,0.5606898891249368
6829,0.4913755601082364,0.4585256816616849,0.4200802051145673,0.4003536092651257,0.465046031886703
6830,0.3402188778673815,0.3089201478824772,0.2740709850805927,0.3461134796605237,0.331240503111723
6831,0.1565514316640516,0.1478262832683997,0.126401533945733,0.245217935054272,0.1706282291943836
6832,0.0382328436995327,0.0385605130039283,0.0181472125778134,0.1275100666288457,0.0347744012320495
6833,0.0,0.0,0.0,0.0379025467314684,0.0
6834,0.0,0.0,0.0,0.0,0.0
6835,0.0,0.0,0.0,0.0,0.0
6836,0.0,0.0,0.0,0.0,0.0
6837,0.0,0.0,0.0,0.0,0.0
6838,0.0,0.0,0.0,0.0,0.0
6839,0.0,0.0,0.0,0.0,0.0
6840,0.0,0.0,0.0,0.0,0.0
6841,0.0,0.0,0.0,0.0,0.0
6842,0.0,0.0,0.0,0.0,0.0
6843,0.0,0.0,0.0,0.0,0.0
6844,0.0,0.0,0.0,0.0,0.0
6845,0.0,0.0,0.0,0.0,0.0
6846,0.0480695389416592,0.0456729474729223,0.0315227472231013,0.0035821653201204,0.0573419941420369
6847,0.1786850119690371,0.1483338221307495,0.1558398603608052,0.1130568012484123,0.2032909398243162
6848,0.3161481815885552,0.3224257998700061,0.3211417426557442,0.2693923582756525,0.3652481335665609
6849,0.4336486362256346,0.4488435645413327,0.4448503281463121,0.4255724356041255,0.494407373129219
6850,0.5100899314899402,0.5045433101965624,0.5141138453123592,0.5397335450008258,0.5532024891757631
6851,0.5423839597795536,0.5471745647735554,0.5330962448366909,0.5949369506665603,0.5553703529092479
6852,0.5185471259056053,0.5613482262824363,0.5036128783210353,0.6014694131133554,0.5110079725720373
6853,0.4359363361492883,0.5125021469453412,0.4370561046687279,0.5508052862126176,0.4279767279906785
6854,0.3052807903518205,0.4125689658844645,0.3276923596340828,0.4481596551495579,0.3121569402096183
6855,0.1367007932609234,0.2560752369481813,0.1769583483924418,0.3107151484500798,0.1594746615120521
6856,0.0302641554459817,0.0876304915507086,0.0419247339023449,0.1514581822263924,0.0329706240216554
6857,0.0,0.0,0.0,0.039048020595594,0.0
6858,0.0,0.0,0.0,0.0,0.0
6859,0.0,0.0,0.0,0.0,0.0
6860,0.0,0.0,0.0,0.0,0.0
6861,0.0,0.0,0.0,0.0,0.0
6862,0.0,0.0,0.0,0.0,0.0
6863,0.0,0.0,0.0,0.0,0.0
6864,0.0,0.0,0.0,0.0,0.0
6865,0.0,0.0,0.0,0.0,0.0
6866,0.0,0.0,0.0,0.0,0.0
6867,0.0,0.0,0.0,0.0,0.0
6868,0.0,0.0,0.0,0.0,0.0
6869,0.0,0.0,0.0,0.0,0.0
6870,0.0510478615224795,0.0448165276948479,0.0417133971038732,0.0022204389424924,0.0526958255784034
6871,0.1904078858897011,0.1559161028712475,0.1677827837423115,0.1003029796394733,0.200629012381269
6872,0.3358709021621527,0.3415641223712621,0.3393460307995924,0.2290063742150009,0.3612934290647086
6873,0.4500065013879692,0.5003446306391086,0.4739356903824111,0.3561839881307447,0.4841941423705593
6874,0.5278669709261329,0.6018283857551951,0.5535638848152946,0.4551743005281384,0.5577677876162437
6875,0.5575411720681591,0.6411131295020904,0.5804065664189195,0.4873778518751094,0.5727441555109949
6876,0.5250066818432193,0.6229720078546677,0.5541455441212988,0.4634448023746646,0.5217910763899078
6877,0.4365546759721446,0.5536144466961342,0.4767826910906785,0.3886737890692571,0.431753077165307
6878,0.2975499719561011,0.4322584335147213,0.3476720900921485,0.2708562759919835,0.3076616971877985
6879,0.1276274383561693,0.2627151248321667,0.182813876862274,0.1568300128051549,0.1533523474206523
6880,0.0183978982580421,0.0903859617947357,0.0454191904025309,0.0605980328207985,0.0332925468675748
6881,0.0,0.0,0.0,0.0023872324108258,0.0
6882,0.0,0.0,0.0,0.0,0.0
6883,0.0,0.0,0.0,0.0,0.0
6884,0.0,0.0,0.0,0.0,0.0
6885,0.0,0.0,0.0,0.0,0.0
6886,0.0,0.0,0.0,0.0,0.0
6887,0.0,0.0,0.0,0.0,0.0
6888,0.0,0.0,0.0,0.0,0.0
6889,0.0,0.0,0.0,0.0,0.0
6890,0.0,0.0,0.0,0.0,0.0
6891,0.0,0.0,0.0,0.0,0.0
6892,0.0,0.0,0.0,0.0,0.0
6893,0.0,0.0,0.0,0.0,0.0
6894,0.0287741835041064,0.0011610214449554,0.0212024053395084,0.0,0.0469419095845245
6895,0.14587176726847,0.0137653125163675,0.1022194560394046,0.0332843537185231,0.1877804178309174
6896,0.2960153132321619,0.0589735008270263,0.2366336779858255,0.1246219955845117,0.3484069513340753
6897,0.4380102824886112,0.0880752003502056,0.3564927768310214,0.226431449375793,0.4695666144179436
6898,0.5166919690695054,0.0945772016016709,0.4410570060714883,0.3003673478910603,0.5302780723739091
6899,0.5259977672879066,0.0813540894820504,0.4768150581928742,0.3443991027137255,0.5414248332387391
6900,0.4890079842759044,0.058803336666069,0.4415322492933295,0.3669733290950026,0.4993469476830596
6901,0.3980852380969936,0.0327115263702257,0.3413753258941663,0.3577116922255081,0.3985059767322905
6902,0.2698261150909298,0.0055568474752553,0.2084420000910654,0.3133303693780189,0.2674337810178619
6903,0.1230060038909903,0.0,0.0846038458123984,0.2245049663376426,0.1256286442021687
6904,0.020661342039617,0.0,0.0152625486271827,0.105959700408877,0.0242732221498454
6905,0.0,0.0,0.0,0.0246354743130866,0.0
6906,0.0,0.0,0.0,0.0,0.0
6907,0.0,0.0,0.0,0.0,0.0
6908,0.0,0.0,0.0,0.0,0.0
6909,0.0,0.0,0.0,0.0,0.0
6910,0.0,0.0,0.0,0.0,0.0
6911,0.0,0.0,0.0,0.0,0.0
6912,0.0,0.0,0.0,0.0,0.0
6913,0.0,0.0,0.0,0.0,0.0
6914,0.0,0.0,0.0,0.0,0.0
6915,0.0,0.0,0.0,0.0,0.0
6916,0.0,0.0,0.0,0.0,0.0
6917,0.0,0.0,0.0,0.0,0.0
6918,0.0020364489364776,0.0439825238913778,0.0174129269164713,0.0017943511745421,0.0486156827082445
6919,0.0307969509382028,0.148998216648175,0.0941607190396687,0.1049579770272487,0.1968818672971323
6920,0.1242920207581509,0.3213172396445618,0.2370353538359326,0.2485902036978695,0.3595994838900098
6921,0.21304542105081,0.4889419502254848,0.3522732518668311,0.3884613176960161,0.4754194045034718
6922,0.2936877633897253,0.6125889626549533,0.4022846740405106,0.4743590640327267,0.5340116513143559
6923,0.354483697855584,0.6625912003252514,0.4062783125915322,0.4952334239105714,0.5428199284064438
6924,0.3584391942784776,0.6460049131362807,0.3615707617015759,0.4632601196758699,0.4955979842257978
6925,0.3112643867972311,0.5723172326971935,0.2849661035011723,0.3920084824119196,0.4078428608131194
6926,0.2168292558370615,0.4441496343402311,0.203728346773697,0.2908012804245977,0.2930964449582081
6927,0.1004608678181607,0.2679926148169223,0.1030546619121465,0.1772436307494629,0.1516901378528088
6928,0.029497561350971,0.0922400059443742,0.0236412355381994,0.073721288387142,0.0377388848401177
6929,0.0,0.0,0.0,0.0140888780751951,0.0
6930,0.0,0.0,0.0,0.0,0.0
6931,0.0,0.0,0.0,0.0,0.0
6932,0.0,0.0,0.0,0.0,0.0
6933,0.0,0.0,0.0,0.0,0.0
6934,0.0,0.0,0.0,0.0,0.0
6935,0.0,0.0,0.0,0.0,0.0
6936,0.0,0.0,0.0,0.0,0.0
6937,0.0,0.0,0.0,0.0,0.0
6938,0.0,0.0,0.0,0.0,0.0
6939,0.0,0.0,0.0,0.0,0.0
6940,0.0,0.0,0.0,0.0,0.0
6941,0.0,0.0,0.0,0.0,0.0
6942,0.0363118503995654,0.0109435040506119,0.0164143473274104,0.0,0.0580227636897386
6943,0.1628822126031854,0.0441355650731683,0.0829873488582963,0.0308575510167516,0.2144588748848036
6944,0.3234976187595496,0.1522737035837687,0.1814325975709586,0.0880648857892042,0.38938645336883
6945,0.4394588471316925,0.3082518127329993,0.2781433863825919,0.1595605909655328,0.516288577817348
6946,0.4942904252008407,0.4811748762015281,0.3514838903329211,0.2263205448349932,0.5771406915392613
6947,0.5103151077493658,0.5628195694391513,0.3934786496203666,0.2716388424525294,0.5875299320855879
6948,0.4848700284434146,0.546587960040644,0.3775369735603773,0.2902652083684259,0.5460079562233707
6949,0.3980717950526345,0.4496520879555272,0.3013880925095445,0.2767868632219188,0.4522407426381319
6950,0.2681243031146413,0.2647532557781207,0.1912147225100997,0.2247531393103487,0.3232524570575552
6951,0.1248241151409845,0.0940860471448731,0.0787916926071239,0.1478806240682199,0.1684757820372504
6952,0.0309918219965543,0.0085627950410857,0.0188921302423465,0.0655399846351973,0.0457238602647838
6953,0.0,0.0,0.0,0.0132732593382447,0.0
6954,0.0,0.0,0.0,0.0,0.0
6955,0.0,0.0,0.0,0.0,0.0
6956,0.0,0.0,0.0,0.0,0.0
6957,0.0,0.0,0.0,0.0,0.0
6958,0.0,0.0,0.0,0.0,0.0
6959,0.0,0.0,0.0,0.0,0.0
6960,0.0,0.0,0.0,0.0,0.0
6961,0.0,0.0,0.0,0.0,0.0
6962,0.0,0.0,0.0,0.0,0.0
6963,0.0,0.0,0.0,0.0,0.0
6964,0.0,0.0,0.0,0.0,0.0
6965,0.0,0.0,0.0,0.0,0.0
6966,0.0185797901453533,0.0064617421264545,0.0102019029206356,0.0,0.0572315301347936
6967,0.1093436472118715,0.0128736069812679,0.0601238825191013,0.0283630588861769,0.207479231055113
6968,0.246578094263811,0.0830928961470696,0.1707349292115104,0.0978413321335856,0.3781629749584446
6969,0.3785723541112109,0.1453533968961196,0.2764207078878389,0.1752405724880407,0.5087496521694227
6970,0.4558877870744524,0.2236569556046313,0.337105527407702,0.2305981719443826,0.5808167912634798
6971,0.4656802376177548,0.3234753421215702,0.3559845626195519,0.2438171258257317,0.5909961059159798
6972,0.4170070069365411,0.3441565382440522,0.3284525018869244,0.2345962423198884,0.5419120506601092
6973,0.3248879132919804,0.2788551727785911,0.2674822329263195,0.2150392001600465,0.4488023474959888
6974,0.2074943941489445,0.1903157467754263,0.1872680953374805,0.1646542442302684,0.3216656881824024
6975,0.0832885931423979,0.0860588683372424,0.0857430278673278,0.0907545974628729,0.1645477520369738
6976,0.00296910924321,0.0017760758785529,0.0126831125164801,0.0261999521953826,0.0453156618387758
6977,0.0,0.0,0.0,0.0,0.0
6978,0.0,0.0,0.0,0.0,0.0
6979,0.0,0.0,0.0,0.0,0.0
6980,0.0,0.0,0.0,0.0,0.0
6981,0.0,0.0,0.0,0.0,0.0
6982,0.0,0.0,0.0,0.0,0.0
6983,0.0,0.0,0.0,0.0,0.0
6984,0.0,0.0,0.0,0.0,0.0
6985,0.0,0.0,0.0,0.0,0.0
6986,0.0,0.0,0.0,0.0,0.0
6987,0.0,0.0,0.0,0.0,0.0
6988,0.0,0.0,0.0,0.0,0.0
6989,0.0,0.0,0.0,0.0,0.0
6990,0.0135870687396567,0.0,0.0,0.0,0.0581237520565798
6991,0.0847256436174055,0.0,0.0265603519225987,0.0226571959763581,0.20926567350697
6992,0.1954850011348529,0.0022486085594965,0.0928772217901595,0.0837478884968958,0.3689453915186386
6993,0.3095828091907198,0.0270332989937892,0.1428157250223619,0.1684120038925526,0.4859275059264838
6994,0.3620461074995115,0.0937411494084794,0.1659286338555886,0.2402529543936052,0.5448427614787197
6995,0.3507722985664278,0.1920608019619415,0.1828126896585102,0.2720683487513443,0.5483597334216009
6996,0.3175111056474972,0.249613016587426,0.2049331155803774,0.2814222138792509,0.5111658720656265
6997,0.2552355780186952,0.2089474440293592,0.209057967549444,0.2641908197957915,0.4366803082614233
6998,0.1583733209904415,0.1249542391740846,0.1496621880064725,0.2114512112268704,0.3176492794104606
6999,0.0574452950116748,0.0468044519185695,0.0503146376012899,0.1351021917119846,0.1617074986141768
7000,0.0024431127623177,0.0,0.0039083065643618,0.0569550897541853,0.0449915970136539
7001,0.0,0.0,0.0,0.0046852700594526,0.0
7002,0.0,0.0,0.0,0.0,0.0
7003,0.0,0.0,0.0,0.0,0.0
7004,0.0,0.0,0.0,0.0,0.0
7005,0.0,0.0,0.0,0.0,0.0
7006,0.0,0.0,0.0,0.0,0.0
7007,0.0,0.0,0.0,0.0,0.0
7008,0.0,0.0,0.0,0.0,0.0
7009,0.0,0.0,0.0,0.0,0.0
7010,0.0,0.0,0.0,0.0,0.0
7011,0.0,0.0,0.0,0.0,0.0
7012,0.0,0.0,0.0,0.0,0.0
7013,0.0,0.0,0.0,0.0,0.0
7014,0.0361610278301625,0.0,0.0132976243833253,0.0,0.0615712689633165
7015,0.1397522921180596,0.0333721289840486,0.0608323647964897,0.0296787777107989,0.2127027463801681
7016,0.2819499931329113,0.1462111459323433,0.1628946408475429,0.0941340144375681,0.3673446672100304
7017,0.3834596926769328,0.2714396485690312,0.2971019888405617,0.1790835453999433,0.4689920065233545
7018,0.4368071906158454,0.3751290700065083,0.4166391138152076,0.2339335381417273,0.5271933402564998
7019,0.4781491631935151,0.4350396098195803,0.4788691362089977,0.2440195901913101,0.5476166994227124
7020,0.4656097874037432,0.4212859623773644,0.469906521730944,0.2342477623193015,0.514078098583444
7021,0.3818711419072831,0.3410019862295709,0.3842605807747184,0.189945047313672,0.4321950765199842
7022,0.2505095896031455,0.2246797176223222,0.2419926452430305,0.1240712999773708,0.3120038201767868
7023,0.105280626826973,0.1051485387343187,0.0910891712306731,0.0699385853154146,0.1577256726597743
7024,0.0017140576130174,0.0219888071933527,0.0105683951386121,0.0280187345851494,0.0395383296384755
7025,0.0,0.0,0.0,0.0044628094587657,0.0
7026,0.0,0.0,0.0,0.0,0.0
7027,0.0,0.0,0.0,0.0,0.0
7028,0.0,0.0,0.0,0.0,0.0
7029,0.0,0.0,0.0,0.0,0.0
7030,0.0,0.0,0.0,0.0,0.0
7031,0.0,0.0,0.0,0.0,0.0
7032,0.0,0.0,0.0,0.0,0.0
7033,0.0,0.0,0.0,0.0,0.0
7034,0.0,0.0,0.0,0.0,0.0
7035,0.0,0.0,0.0,0.0,0.0
7036,0.0,0.0,0.0,0.0,0.0
7037,0.0,0.0,0.0,0.0,0.0
7038,0.0331418295327477,0.0,0.0,0.0,0.0620205781227148
7039,0.1344425742743396,0.0,0.0069090130341979,0.0364384116278302,0.2101135377799818
7040,0.2769769576526676,0.040438776651045,0.0566255781919107,0.1163026561338812,0.378383335907699
7041,0.3882271477326995,0.1235519981852485,0.1162768643330467,0.2149040786845171,0.5052640475152028
7042,0.4459763097647684,0.1569340539892794,0.1761376670600777,0.2884707778911883,0.5683741083402696
7043,0.4729736412903415,0.1323479983538835,0.2097677818486478,0.3035390257716288,0.578223384651064
7044,0.458105594516244,0.1057914512236636,0.1954186622976207,0.2747220948803079,0.537218771634064
7045,0.3878119098133565,0.0698938315102193,0.1498656550298485,0.2251825867098795,0.448944537382992
7046,0.2620876499202231,0.026538764985316,0.0905066241210673,0.1699818915315294,0.3162804536905828
7047,0.1086413399576288,0.003070470980718,0.0289753143341638,0.1106812573045668,0.1507049027263394
7048,0.0011445904735621,0.0,0.0028327011792377,0.0456863936602317,0.0338086939087129
7049,0.0,0.0,0.0,0.0037128884176626,0.0
7050,0.0,0.0,0.0,0.0,0.0
7051,0.0,0.0,0.0,0.0,0.0
7052,0.0,0.0,0.0,0.0,0.0
7053,0.0,0.0,0.0,0.0,0.0
7054,0.0,0.0,0.0,0.0,0.0
7055,0.0,0.0,0.0,0.0,0.0
7056,0.0,0.0,0.0,0.0,0.0
7057,0.0,0.0,0.0,0.0,0.0
7058,0.0,0.0,0.0,0.0,0.0
7059,0.0,0.0,0.0,0.0,0.0
7060,0.0,0.0,0.0,0.0,0.0
7061,0.0,0.0,0.0,0.0,0.0
7062,0.0364678640436208,0.0,0.0100136667699614,0.0,0.0550477151851283
7063,0.1416413884059156,0.0397110505428594,0.0447477528700245,0.0206661918176157,0.197266678143419
7064,0.2850545888403084,0.0969539566162046,0.1342096897353006,0.0848244779570581,0.3670287212782376
7065,0.4088863087838848,0.1806622221995455,0.2270622981335455,0.1489109412428765,0.5065748061164482
7066,0.4851403418542567,0.263622426208552,0.3023405590532878,0.1858023154241898,0.5837810052793745
7067,0.4989617110054925,0.2909486729265584,0.3491640422956839,0.2019312665211134,0.5982907665610919
7068,0.4472280268087884,0.2949342388041381,0.3386701356169728,0.191176013858168,0.5602198088166289
7069,0.3493020039127708,0.2473394453375502,0.2782417786484794,0.1537104547441457,0.4686666821042904
7070,0.2248814126598237,0.1476864813834318,0.1868296777629733,0.1005848451744218,0.3271702791216732
7071,0.0898514035692852,0.0612070564481127,0.0728291113582135,0.0485695132336973,0.15702116454726
7072,0.0021835936879523,0.0053670688696611,0.0156872475621376,0.0138619067941475,0.0335222820638783
7073,0.0,0.0,0.0,0.0014698272535615,0.0
7074,0.0,0.0,0.0,0.0,0.0
7075,0.0,0.0,0.0,0.0,0.0
7076,0.0,0.0,0.0,0.0,0.0
7077,0.0,0.0,0.0,0.0,0.0
7078,0.0,0.0,0.0,0.0,0.0
7079,0.0,0.0,0.0,0.0,0.0
7080,0.0,0.0,0.0,0.0,0.0
7081,0.0,0.0,0.0,0.0,0.0
7082,0.0,0.0,0.0,0.0,0.0
7083,0.0,0.0,0.0,0.0,0.0
7084,0.0,0.0,0.0,0.0,0.0
7085,0.0,0.0,0.0,0.0,0.0
7086,0.0201435177925577,0.0,0.0062822330187018,0.0,0.0548107097486972
7087,0.1111611829752967,0.0965913347035722,0.0344599766785779,0.0175060426843948,0.1979977424384166
7088,0.252259308670117,0.2544112817187518,0.1203276250336101,0.0593793647935285,0.3629196627776923
7089,0.4156718183317858,0.4186408936835792,0.2231664660905087,0.1219855886022675,0.4901647299111937
7090,0.5222740184666681,0.5265324517754776,0.3313933284265072,0.1825375297251386,0.5614227483262945
7091,0.5631293820749279,0.5544008439524103,0.4203838321985693,0.2126420803503435,0.580425085392397
7092,0.542279979195219,0.5232271827565514,0.4512567847103326,0.2100060204670633,0.5470848172074699
7093,0.4477615379950977,0.4523140371393855,0.4129466232514218,0.1928606740112591,0.4542951551419092
7094,0.2973703934059318,0.3346506730163873,0.305280911267307,0.1637501925097614,0.3194303507012238
7095,0.1238247159596332,0.16610034393481,0.1469558905754129,0.1127319781710386,0.1560537132565971
7096,0.0046506130789845,0.0333243273894999,0.0389306826866629,0.0456907684810239,0.0337537222858429
7097,0.0,0.0,0.0,0.0,0.0
7098,0.0,0.0,0.0,0.0,0.0
7099,0.0,0.0,0.0,0.0,0.0
7100,0.0,0.0,0.0,0.0,0.0
7101,0.0,0.0,0.0,0.0,0.0
7102,0.0,0.0,0.0,0.0,0.0
7103,0.0,0.0,0.0,0.0,0.0
7104,0.0,0.0,0.0,0.0,0.0
7105,0.0,0.0,0.0,0.0,0.0
7106,0.0,0.0,0.0,0.0,0.0
7107,0.0,0.0,0.0,0.0,0.0
7108,0.0,0.0,0.0,0.0,0.0
7109,0.0,0.0,0.0,0.0,0.0
7110,0.0439403978211824,0.0,0.0015940414058004,0.0,0.0370796127388257
7111,0.1704985999001889,0.0296093018309969,0.0407852914711436,0.045208110146438,0.1457115989300716
7112,0.3451442410577704,0.1231399757094,0.1487441672065362,0.134133360148013,0.2676550541971081
7113,0.4891565417722095,0.1989056486204549,0.2729835753412863,0.2191115719605645,0.3717067689336643
7114,0.5693785877196658,0.2224867511445773,0.3674251585288677,0.2810211766536479,0.4549750491774226
7115,0.5836233105987875,0.1751835265897109,0.4319404306524649,0.3098121223785454,0.4806475919176521
7116,0.5394643851672737,0.1063098670606337,0.4286326491325567,0.2969967239195493,0.4282456861022587
7117,0.4385954005514227,0.0745326723054089,0.3405216303024386,0.2639945710931383,0.3252562723086892
7118,0.2859780840808368,0.0476080672968944,0.2157702503002449,0.2065312235283373,0.195483720817942
7119,0.1168585624818956,0.0059081977981128,0.0807616451024602,0.1199564477264759,0.0680650279553731
7120,0.0,0.0,0.0018007787813741,0.0428074598718306,0.0050678077253114
7121,0.0,0.0,0.0,0.0017634140068705,0.0
7122,0.0,0.0,0.0,0.0,0.0
7123,0.0,0.0,0.0,0.0,0.0
7124,0.0,0.0,0.0,0.0,0.0
7125,0.0,0.0,0.0,0.0,0.0
7126,0.0,0.0,0.0,0.0,0.0
7127,0.0,0.0,0.0,0.0,0.0
7128,0.0,0.0,0.0,0.0,0.0
7129,0.0,0.0,0.0,0.0,0.0
7130,0.0,0.0,0.0,0.0,0.0
7131,0.0,0.0,0.0,0.0,0.0
7132,0.0,0.0,0.0,0.0,0.0
7133,0.0,0.0,0.0,0.0,0.0
7134,0.0546159329551294,0.0,0.0010252392916225,0.0,0.0158015652190619
7135,0.1711951973721894,0.0757337466655108,0.0688960823475686,0.0717129302243363,0.1172527634955814
7136,0.3178769999715105,0.2125772416108776,0.1867686381981142,0.1876317538681501,0.2436790428879679
7137,0.4256439631605077,0.3258727144932855,0.2766521190585298,0.3318481598074344,0.3427035261281785
7138,0.4775568472458601,0.3487373548452123,0.3169424667138069,0.4600631937924659,0.4087865335066227
7139,0.4834721377139176,0.3246188886949016,0.3334727774295383,0.5354965698724595,0.4177234758253192
7140,0.4135135719184716,0.3015819012445386,0.2913632723052959,0.5481830602706025,0.3704883140715722
7141,0.3006640377674525,0.2599923823487782,0.2179682245903159,0.5184662150086741,0.2883676262603805
7142,0.1892548029255476,0.1972066859588748,0.1473640655456448,0.4380231401373226,0.1811257779715245
7143,0.0678205505102451,0.1101449660198365,0.0574959077629173,0.2984232501852611,0.0704556145913446
7144,0.0,0.0385211345415066,0.0143423977532806,0.1420810361574578,0.0118220496862702
7145,0.0,0.0,0.0,0.0,0.0
7146,0.0,0.0,0.0,0.0,0.0
7147,0.0,0.0,0.0,0.0,0.0
7148,0.0,0.0,0.0,0.0,0.0
7149,0.0,0.0,0.0,0.0,0.0
7150,0.0,0.0,0.0,0.0,0.0
7151,0.0,0.0,0.0,0.0,0.0
7152,0.0,0.0,0.0,0.0,0.0
7153,0.0,0.0,0.0,0.0,0.0
7154,0.0,0.0,0.0,0.0,0.0
7155,0.0,0.0,0.0,0.0,0.0
7156,0.0,0.0,0.0,0.0,0.0
7157,0.0,0.0,0.0,0.0,0.0
7158,0.0527213593634689,0.0,0.0047009069251051,0.0,0.0390810533600449
7159,0.1715674347861685,0.1231184322212306,0.0994350224530574,0.1207690912102681,0.1527134425586474
7160,0.3337873629403969,0.2904625093022746,0.2432444487666726,0.2789982725437537,0.2985721790427586
7161,0.47788102485847,0.4501887002362432,0.3829901397913937,0.4480635472721951,0.429491035112624
7162,0.5687778971528634,0.5680642159597645,0.483036061959087,0.5692297736884666,0.5158725953370905
7163,0.5907760397340767,0.6201758236057574,0.533368661534522,0.6273050542086779,0.5469898314552667
7164,0.5495461215844771,0.604190633214812,0.5255637269180449,0.6268472491977751,0.5271556916911447
7165,0.4484706514624699,0.5276266486370016,0.4507089970734692,0.5718146998905339,0.4447885548014799
7166,0.2964631903929891,0.397450931338373,0.3128421418476219,0.4612759062648303,0.3021931387141423
7167,0.1257238325796252,0.2235461821434524,0.1436478539896108,0.3042354258729541,0.1351248556584054
7168,0.0030258918009251,0.094534736593386,0.0282056203531779,0.1366783378326026,0.0229323913229817
7169,0.0,0.0,0.0,0.0,0.0
7170,0.0,0.0,0.0,0.0,0.0
7171,0.0,0.0,0.0,0.0,0.0
7172,0.0,0.0,0.0,0.0,0.0
7173,0.0,0.0,0.0,0.0,0.0
7174,0.0,0.0,0.0,0.0,0.0
7175,0.0,0.0,0.0,0.0,0.0
7176,0.0,0.0,0.0,0.0,0.0
7177,0.0,0.0,0.0,0.0,0.0
7178,0.0,0.0,0.0,0.0,0.0
7179,0.0,0.0,0.0,0.0,0.0
7180,0.0,0.0,0.0,0.0,0.0
7181,0.0,0.0,0.0,0.0,0.0
7182,0.0720902075482008,0.0,0.0075256141452867,0.0,0.0594091901262681
7183,0.1915685514055194,0.0872518015200201,0.0813222375070999,0.0875079876399423,0.1888339390264023
7184,0.3522306444159476,0.2274203553348278,0.1934862283482758,0.2086954054593509,0.3522952946312099
7185,0.4762661432176482,0.3757899937887369,0.2743929721413314,0.3343624114301944,0.4853081890222033
7186,0.5620430802918606,0.5050214038558182,0.3100099529184756,0.4229160648005918,0.561258406691509
7187,0.5861864785593625,0.5745652434509357,0.3050630688005876,0.4671296150228656,0.5837433893563565
7188,0.5394092054353002,0.5530042625472817,0.2640035409152003,0.4555125184072376,0.543463317164016
7189,0.4378960743773523,0.4495979297551862,0.192034343758227,0.3828423044036824,0.4470143017461607
7190,0.285475193600568,0.2885515132376627,0.1039646288963977,0.269145821858545,0.3104382279834596
7191,0.117146427616432,0.1102028759062075,0.0292049891669698,0.1450274948133275,0.1451591403396643
7192,0.0,0.0066063119481989,0.0,0.044620296622456,0.0260286609845176
7193,0.0,0.0,0.0,0.0,0.0
7194,0.0,0.0,0.0,0.0,0.0
7195,0.0,0.0,0.0,0.0,0.0
7196,0.0,0.0,0.0,0.0,0.0
7197,0.0,0.0,0.0,0.0,0.0
7198,0.0,0.0,0.0,0.0,0.0
7199,0.0,0.0,0.0,0.0,0.0
7200,0.0,0.0,0.0,0.0,0.0
7201,0.0,0.0,0.0,0.0,0.0
7202,0.0,0.0,0.0,0.0,0.0
7203,0.0,0.0,0.0,0.0,0.0
7204,0.0,0.0,0.0,0.0,0.0
7205,0.0,0.0,0.0,0.0,0.0
7206,0.0,0.0,0.0,0.0,0.0612016739669067
7207,0.0090042565753809,0.0,0.0493909154430953,0.0174449243008574,0.1981558141118063
7208,0.0215874229056996,0.0036157646118583,0.1284366372307681,0.0850678365380846,0.3639064843174382
7209,0.0258034984070539,0.0102990339447706,0.2016448584430722,0.1798274632534422,0.4988640391310743
7210,0.0288969633015652,0.0241229005380171,0.2400606157767677,0.2522137255466096,0.5738778238863856
7211,0.0300227699468419,0.0292860849274792,0.2489993278808475,0.2789481896730336,0.5839879239608144
7212,0.0246886134750391,0.0303334973641184,0.2367217130709326,0.2766647340172766,0.5388304815107847
7213,0.0189651452227079,0.016251971309972,0.1893048434750276,0.2397611620952655,0.4453571054354934
7214,0.0097878454651836,0.0060084452245136,0.1177806271300471,0.1674817356277983,0.3076134592248372
7215,0.0025463700886395,0.0,0.0438431269153535,0.0928321359688925,0.138353008642696
7216,0.0,0.0,0.0028540027010389,0.0301097068711464,0.0176212798168291
7217,0.0,0.0,0.0,0.0,0.0
7218,0.0,0.0,0.0,0.0,0.0
7219,0.0,0.0,0.0,0.0,0.0
7220,0.0,0.0,0.0,0.0,0.0
7221,0.0,0.0,0.0,0.0,0.0
7222,0.0,0.0,0.0,0.0,0.0
7223,0.0,0.0,0.0,0.0,0.0
7224,0.0,0.0,0.0,0.0,0.0
7225,0.0,0.0,0.0,0.0,0.0
7226,0.0,0.0,0.0,0.0,0.0
7227,0.0,0.0,0.0,0.0,0.0
7228,0.0,0.0,0.0,0.0,0.0
7229,0.0,0.0,0.0,0.0,0.0
7230,0.0,0.0,0.0,0.0,0.0398571314451001
7231,0.0,0.0,0.0026295885343431,0.0520873632040666,0.1491471172000588
7232,0.0033867207627895,0.0063596021152876,0.0340519117907798,0.1515086856485654,0.3033025790313227
7233,0.0153257538729114,0.0279326696354852,0.098752636991054,0.2753956415325365,0.4355244673510439
7234,0.0324449147316755,0.0390713501950943,0.1290861909371166,0.3777555769983374,0.501058357052276
7235,0.0325589893155776,0.0442022468328993,0.1167732160083432,0.4409831722962473,0.5138928874955367
7236,0.0166398009130982,0.0517125731275169,0.0974132801399807,0.4503581425658659,0.4756954440388029
7237,0.0133295793084485,0.0454392074008986,0.0762013987335811,0.3933758827293447,0.3825138180580523
7238,0.0092244709459082,0.0313484431423701,0.046056438761756,0.2922312045085148,0.250803083163671
7239,0.0,0.011012684640432,0.0117289005586522,0.1771459986453918,0.102900986304199
7240,0.0,0.0022908257700874,0.0,0.0713680865315453,0.0122414361166944
7241,0.0,0.0,0.0,0.0,0.0
7242,0.0,0.0,0.0,0.0,0.0
7243,0.0,0.0,0.0,0.0,0.0
7244,0.0,0.0,0.0,0.0,0.0
7245,0.0,0.0,0.0,0.0,0.0
7246,0.0,0.0,0.0,0.0,0.0
7247,0.0,0.0,0.0,0.0,0.0
7248,0.0,0.0,0.0,0.0,0.0
7249,0.0,0.0,0.0,0.0,0.0
7250,0.0,0.0,0.0,0.0,0.0
7251,0.0,0.0,0.0,0.0,0.0
7252,0.0,0.0,0.0,0.0,0.0
7253,0.0,0.0,0.0,0.0,0.0
7254,0.0,0.0,0.0,0.0,0.0154716313147849
7255,0.0087636069394847,0.0082295332562073,0.0408987629951468,0.0303270248096047,0.1046143765288211
7256,0.0276660659175638,0.0546372843282986,0.1361430353898738,0.113355946001899,0.2442658292070063
7257,0.063640872219036,0.1153109480577152,0.2140687733921286,0.2259499923893967,0.3743032199018535
7258,0.103250869404398,0.1665675632446945,0.2579288972713451,0.322845361449722,0.4524920376957038
7259,0.1324652626855414,0.2059437465879031,0.2667664967017447,0.3957888392128555,0.4675015628661921
7260,0.1380279530907721,0.1888885060479045,0.2259934066098324,0.4251194874273221,0.4106753644885413
7261,0.123291794969487,0.1418920302410697,0.1575778298042634,0.3955013637612944,0.311299422721046
7262,0.0706527304127863,0.0973391670042681,0.0761337382660076,0.3141926183091451,0.195808510113401
7263,0.0037226206920818,0.0333026834452604,0.0135954113230801,0.1898895222889746,0.0731264588675043
7264,0.0,0.0078343892000994,0.0,0.0706613942570619,0.0101989741863634
7265,0.0,0.0,0.0,0.0,0.0
7266,0.0,0.0,0.0,0.0,0.0
7267,0.0,0.0,0.0,0.0,0.0
7268,0.0,0.0,0.0,0.0,0.0
7269,0.0,0.0,0.0,0.0,0.0
7270,0.0,0.0,0.0,0.0,0.0
7271,0.0,0.0,0.0,0.0,0.0
7272,0.0,0.0,0.0,0.0,0.0
7273,0.0,0.0,0.0,0.0,0.0
7274,0.0,0.0,0.0,0.0,0.0
7275,0.0,0.0,0.0,0.0,0.0
7276,0.0,0.0,0.0,0.0,0.0
7277,0.0,0.0,0.0,0.0,0.0
7278,0.0093184731986206,0.0,0.0,0.0,0.0208033191688579
7279,0.0430960628068843,0.0015940048493625,0.1085063378412258,0.0060127251611086,0.1098313466556585
7280,0.112630666888322,0.020398994022337,0.257421760540788,0.0351624588383313,0.2320912841808111
7281,0.1499054666745753,0.0491306139505196,0.3921693524982691,0.1042635809149057,0.3254242711488511
7282,0.1748988260567289,0.0825685503949996,0.4790743833000745,0.1807608130386364,0.3695982364423809
7283,0.1747950321943362,0.1318186794463451,0.5108207266135233,0.2460640130131096,0.3707001175279425
7284,0.1471863675227232,0.1490439968867896,0.4848854382444678,0.2701126694491133,0.3274348586735064
7285,0.1112281930317299,0.1105755369824757,0.4086788532582077,0.2399344789208336,0.2482757152195428
7286,0.0530452240276638,0.0549460968779088,0.2760880783839667,0.1960372095316492,0.1483120133663553
7287,0.0147359716361609,0.0066275442179224,0.1187492947386043,0.1327274847823429,0.0472901231763744
7288,0.0,0.0,0.002000634031395,0.0528304918197188,0.0027126405958892
7289,0.0,0.0,0.0,0.0,0.0
7290,0.0,0.0,0.0,0.0,0.0
7291,0.0,0.0,0.0,0.0,0.0
7292,0.0,0.0,0.0,0.0,0.0
7293,0.0,0.0,0.0,0.0,0.0
7294,0.0,0.0,0.0,0.0,0.0
7295,0.0,0.0,0.0,0.0,0.0
7296,0.0,0.0,0.0,0.0,0.0
7297,0.0,0.0,0.0,0.0,0.0
7298,0.0,0.0,0.0,0.0,0.0
7299,0.0,0.0,0.0,0.0,0.0
7300,0.0,0.0,0.0,0.0,0.0
7301,0.0,0.0,0.0,0.0,0.0
7302,0.0196590468440491,0.0,0.0,0.0,0.0090593027067811
7303,0.0920350899131614,0.008701238533153,0.0236541997138472,0.0096908208311597,0.0727015810033891
7304,0.223810966554048,0.0809985902189468,0.0737811881368636,0.0408718256271422,0.1734054284964393
7305,0.3727428967832488,0.1708119675075571,0.1477282382375897,0.0827727814978239,0.2529422768240413
7306,0.4421223694578119,0.2387197929184879,0.2115500148320325,0.1097904624184693,0.2987845719532397
7307,0.4370673803915509,0.234257505957707,0.2279455435665529,0.1190854469945621,0.2993018824526597
7308,0.3862814205498305,0.163380826684772,0.1854568180724914,0.1155914119186449,0.2578584387057033
7309,0.3019356266724823,0.0777427412963251,0.1046559997779372,0.0861402228077266,0.1880745330591618
7310,0.1832344451664892,0.0099270610275206,0.0311996999140063,0.0498006016019696,0.1077673731230464
7311,0.0477329544871586,0.0,0.0,0.0209459312211196,0.0350508842137201
7312,0.0,0.0,0.0,0.0024267979582558,0.0068035343114204
7313,0.0,0.0,0.0,0.0,0.0
7314,0.0,0.0,0.0,0.0,0.0
7315,0.0,0.0,0.0,0.0,0.0
7316,0.0,0.0,0.0,0.0,0.0
7317,0.0,0.0,0.0,0.0,0.0
7318,0.0,0.0,0.0,0.0,0.0
7319,0.0,0.0,0.0,0.0,0.0
7320,0.0,0.0,0.0,0.0,0.0
7321,0.0,0.0,0.0,0.0,0.0
7322,0.0,0.0,0.0,0.0,0.0
7323,0.0,0.0,0.0,0.0,0.0
7324,0.0,0.0,0.0,0.0,0.0
7325,0.0,0.0,0.0,0.0,0.0
7326,0.0035124450182958,0.0,0.0,0.0,0.0141947355385204
7327,0.0383878687708997,0.0026413981141282,0.0,0.0295590735456504,0.09083137735115
7328,0.093596700152964,0.0372043209063687,0.0182928943424197,0.076727531285523,0.1961572425976639
7329,0.1365714006528131,0.0708576401128793,0.0510507940879955,0.1344062931227311,0.2779393774167152
7330,0.1588575279988541,0.1081326187373494,0.0898338297661063,0.179847936226745,0.3213397410776661
7331,0.1568968757894256,0.1828534938765599,0.1223513750683471,0.1988882462791251,0.3160724686108963
7332,0.1262438750352098,0.2391421284817329,0.1251390977933627,0.1928934364072624,0.2678162169989488
7333,0.078790057635542,0.2534655571937277,0.1141836559698962,0.1673592958736575,0.1908040513146301
7334,0.0388436736790143,0.2159116432471053,0.0835620755388776,0.1144215833615488,0.0969145902433512
7335,0.0112531837179173,0.1111846334614972,0.0285210406314281,0.0527421774887818,0.021674757220666
7336,0.0,0.0179981409646138,0.0,0.0135596995472614,0.0011446155026656
7337,0.0,0.0,0.0,0.0,0.0
7338,0.0,0.0,0.0,0.0,0.0
7339,0.0,0.0,0.0,0.0,0.0
7340,0.0,0.0,0.0,0.0,0.0
7341,0.0,0.0,0.0,0.0,0.0
7342,0.0,0.0,0.0,0.0,0.0
7343,0.0,0.0,0.0,0.0,0.0
7344,0.0,0.0,0.0,0.0,0.0
7345,0.0,0.0,0.0,0.0,0.0
7346,0.0,0.0,0.0,0.0,0.0
7347,0.0,0.0,0.0,0.0,0.0
7348,0.0,0.0,0.0,0.0,0.0
7349,0.0,0.0,0.0,0.0,0.0
7350,0.0190660506914775,0.0,0.0,0.0,0.0109257305897203
7351,0.0650460935728435,0.0,0.0012613147920495,0.0118896600780097,0.0582793961930493
7352,0.1566728895880283,0.0060013308089713,0.0333266705552567,0.0433464843676232,0.1395994962542354
7353,0.2305074399027935,0.0249566754122208,0.0958718950637621,0.103267451310816,0.2351634333947238
7354,0.2957854830371716,0.0412641080289059,0.1616072668844217,0.1835780963583955,0.2822530459404876
7355,0.3196530124117612,0.0588032439711304,0.1911170228493324,0.2666857968377046,0.2739132676635343
7356,0.2680545297750762,0.0979129022239182,0.1699066351145811,0.317925951221812,0.2359469471480751
7357,0.1859196805251441,0.1294143021001418,0.125716683829782,0.3043023737692562,0.1680426266838899
7358,0.0882876873298408,0.1086839615785748,0.0634970235355747,0.2176661745869891,0.0927725146025128
7359,0.0089086591073692,0.0415954624623698,0.0077407273400982,0.1130368453854291,0.0248251202797617
7360,0.0,0.0023296346572586,0.0,0.0436558046739492,0.0
7361,0.0,0.0,0.0,0.0,0.0
7362,0.0,0.0,0.0,0.0,0.0
7363,0.0,0.0,0.0,0.0,0.0
7364,0.0,0.0,0.0,0.0,0.0
7365,0.0,0.0,0.0,0.0,0.0
7366,0.0,0.0,0.0,0.0,0.0
7367,0.0,0.0,0.0,0.0,0.0
7368,0.0,0.0,0.0,0.0,0.0
7369,0.0,0.0,0.0,0.0,0.0
7370,0.0,0.0,0.0,0.0,0.0
7371,0.0,0.0,0.0,0.0,0.0
7372,0.0,0.0,0.0,0.0,0.0
7373,0.0,0.0,0.0,0.0,0.0
7374,0.0,0.0,0.0,0.0,0.0334115426369578
7375,0.0370468634002661,0.0400786646818382,0.0371171310103535,0.0249146454920156,0.1494926139739387
7376,0.1132508189733229,0.120772007548848,0.1265763011250056,0.0733784847868695,0.3050016872108723
7377,0.2045657160486805,0.2542896865673029,0.2233754203471988,0.1543729953286714,0.4268566045390479
7378,0.2953129966599309,0.3563709195428339,0.2750399122902083,0.2258283022961267,0.4956344702796081
7379,0.3526387968760117,0.38080897041381,0.28300333702646,0.2539066906039661,0.5009614103351303
7380,0.367153404213756,0.319706640967453,0.255856164967657,0.235152299075805,0.4485974391546007
7381,0.3227056787379761,0.2160933211682257,0.1864617720477437,0.1984538210541918,0.3611882739344414
7382,0.211494565720915,0.142107231560501,0.1029246781865652,0.1592004775402237,0.245862468926864
7383,0.0900570615474906,0.072963139000773,0.0302944374594005,0.0948176631715689,0.1101796345607054
7384,0.0,0.0217589144045344,0.0,0.0353509888862222,0.006956032954137
7385,0.0,0.0,0.0,0.0,0.0
7386,0.0,0.0,0.0,0.0,0.0
7387,0.0,0.0,0.0,0.0,0.0
7388,0.0,0.0,0.0,0.0,0.0
7389,0.0,0.0,0.0,0.0,0.0
7390,0.0,0.0,0.0,0.0,0.0
7391,0.0,0.0,0.0,0.0,0.0
7392,0.0,0.0,0.0,0.0,0.0
7393,0.0,0.0,0.0,0.0,0.0
7394,0.0,0.0,0.0,0.0,0.0
7395,0.0,0.0,0.0,0.0,0.0
7396,0.0,0.0,0.0,0.0,0.0
7397,0.0,0.0,0.0,0.0,0.0
7398,0.0,0.0,0.0,0.0,0.0321952836347581
7399,0.0,0.0588154908308571,0.0239771665576923,0.0448158244306606,0.1176934525927444
7400,0.006032487354729,0.2087724910133931,0.0922786826096368,0.1289915495527904,0.2311119044556888
7401,0.0083741961151012,0.3461433328612591,0.1687189621423544,0.2318797064058888,0.3294249471346701
7402,0.0284152861199026,0.4448809205948178,0.2131968084570815,0.3038525549029834,0.4014979946717582
7403,0.0439698624107094,0.4583891256695405,0.2091218163731992,0.346749174531143,0.40753292331599
7404,0.028781549237335,0.3851484715913396,0.1816720686477617,0.3493768352727227,0.3571179944115942
7405,0.0236464099370498,0.2955271762294794,0.1601876603735495,0.3205947562910522,0.2916397996023169
7406,0.0170016885553326,0.1833651529636404,0.1077645825494094,0.2515938574290548,0.191776128519675
7407,0.0025085200897359,0.0659792006353403,0.0317558093357406,0.1365278918193719,0.0695255909757311
7408,0.0,0.0020833999140834,0.0,0.0482142675931945,0.0028141649316647
7409,0.0,0.0,0.0,0.0,0.0
7410,0.0,0.0,0.0,0.0,0.0
7411,0.0,0.0,0.0,0.0,0.0
7412,0.0,0.0,0.0,0.0,0.0
7413,0.0,0.0,0.0,0.0,0.0
7414,0.0,0.0,0.0,0.0,0.0
7415,0.0,0.0,0.0,0.0,0.0
7416,0.0,0.0,0.0,0.0,0.0
7417,0.0,0.0,0.0,0.0,0.0
7418,0.0,0.0,0.0,0.0,0.0
7419,0.0,0.0,0.0,0.0,0.0
7420,0.0,0.0,0.0,0.0,0.0
7421,0.0,0.0,0.0,0.0,0.0
7422,0.0123246194245097,0.0,0.0,0.0,0.0168334787329815
7423,0.0704339568549999,0.0043981898009157,0.0449539174085541,0.0374239506862024,0.1022886070892952
7424,0.1821714241618545,0.0768342553946847,0.1402882596801863,0.0998987362232138,0.2048500033513837
7425,0.2965622792859849,0.1926560774162397,0.2297143788643118,0.1827765830574249,0.2852757134037609
7426,0.3754390356930634,0.2420772943837379,0.2721046340988265,0.2398389653812745,0.3204782772732427
7427,0.3593477868764652,0.2297217956444017,0.2785543333537604,0.2889857294351589,0.3083932594553407
7428,0.2618916285729664,0.2356778663097886,0.2442409097120931,0.3198466676991922,0.2712699872711514
7429,0.1610711618695611,0.2295761816621161,0.1757632493331384,0.3118044047906687,0.2077329016766951
7430,0.06958161656059,0.1777392888676012,0.1015524206497198,0.2581767030090341,0.1271924159049996
7431,0.0120167240015347,0.0934167522227164,0.0286230917878266,0.159704981963154,0.0481793824758386
7432,0.0,0.0128166629680024,0.0,0.0716295210479043,0.0116397297753737
7433,0.0,0.0,0.0,0.0,0.0
7434,0.0,0.0,0.0,0.0,0.0
7435,0.0,0.0,0.0,0.0,0.0
7436,0.0,0.0,0.0,0.0,0.0
7437,0.0,0.0,0.0,0.0,0.0
7438,0.0,0.0,0.0,0.0,0.0
7439,0.0,0.0,0.0,0.0,0.0
7440,0.0,0.0,0.0,0.0,0.0
7441,0.0,0.0,0.0,0.0,0.0
7442,0.0,0.0,0.0,0.0,0.0
7443,0.0,0.0,0.0,0.0,0.0
7444,0.0,0.0,0.0,0.0,0.0
7445,0.0,0.0,0.0,0.0,0.0
7446,0.0044736094028112,0.0,0.0,0.0,0.0153746717792142
7447,0.086678124067476,0.0231902008158139,0.075525111349719,0.0275008420561289,0.0888423948978874
7448,0.2123214137348138,0.1183791473595733,0.2047527171656389,0.0812066592945052,0.2051939792540134
7449,0.3076578562492678,0.1568015226180436,0.3074227169364961,0.1643119739484709,0.303201780842518
7450,0.379166608602795,0.1442382939043778,0.3501769056827223,0.2240032457211042,0.348051252414171
7451,0.4015749572363587,0.1178697253084719,0.3345335409759222,0.2634345260416098,0.357744900876908
7452,0.3484292863605457,0.1116203551515304,0.259233538768384,0.2806817734091085,0.3360122251976223
7453,0.2604873864902083,0.1045258615526169,0.169786576581745,0.2623320974241998,0.2685803062051417
7454,0.1510206828882956,0.048290055908743,0.0875243540359919,0.2032156560524629,0.1763988411465233
7455,0.0471199687426655,0.0024351927236264,0.0186367045281475,0.1162112798965139,0.0752877854102193
7456,0.0,0.0,0.0,0.0448593196325202,0.0080984840481496
7457,0.0,0.0,0.0,0.0,0.0
7458,0.0,0.0,0.0,0.0,0.0
7459,0.0,0.0,0.0,0.0,0.0
7460,0.0,0.0,0.0,0.0,0.0
7461,0.0,0.0,0.0,0.0,0.0
7462,0.0,0.0,0.0,0.0,0.0
7463,0.0,0.0,0.0,0.0,0.0
7464,0.0,0.0,0.0,0.0,0.0
7465,0.0,0.0,0.0,0.0,0.0
7466,0.0,0.0,0.0,0.0,0.0
7467,0.0,0.0,0.0,0.0,0.0
7468,0.0,0.0,0.0,0.0,0.0
7469,0.0,0.0,0.0,0.0,0.0
7470,0.0,0.0,0.0,0.0,0.0332853786301595
7471,0.0124647191660034,0.0,0.0038010211289221,0.0435900397147948,0.1173589977960154
7472,0.0673600494731425,0.0078518798618763,0.0219796004065212,0.1184558712957161,0.2398640863799981
7473,0.1183606823812945,0.0243765422851284,0.0525117819234286,0.2135292726918271,0.3227449739699592
7474,0.1564991484753042,0.0544575943772784,0.0739658738766238,0.2867195995036401,0.353556224599844
7475,0.1617328918352928,0.0811703081565105,0.0738757008905305,0.3225421481447327,0.3529844040070052
7476,0.1416179309893414,0.0682336379111429,0.0601064245998201,0.3281318585870697,0.3145462561783593
7477,0.1181782870302153,0.0538571462745322,0.0490694362691708,0.3041734281904114,0.2454233239498138
7478,0.070183677326936,0.0409006426906062,0.0266746889097717,0.2369599443244045,0.1563798199289639
7479,0.0147469436019036,0.0096644376889184,0.005441165053006,0.1422455080858465,0.0546312578885297
7480,0.0,0.0,0.0,0.0661598897921988,0.0046546267232486
7481,0.0,0.0,0.0,0.0,0.0
7482,0.0,0.0,0.0,0.0,0.0
7483,0.0,0.0,0.0,0.0,0.0
7484,0.0,0.0,0.0,0.0,0.0
7485,0.0,0.0,0.0,0.0,0.0
7486,0.0,0.0,0.0,0.0,0.0
7487,0.0,0.0,0.0,0.0,0.0
7488,0.0,0.0,0.0,0.0,0.0
7489,0.0,0.0,0.0,0.0,0.0
7490,0.0,0.0,0.0,0.0,0.0
7491,0.0,0.0,0.0,0.0,0.0
7492,0.0,0.0,0.0,0.0,0.0
7493,0.0,0.0,0.0,0.0,0.0
7494,0.0,0.0,0.0,0.0,0.023344344036681
7495,0.0,0.0390311674786361,0.0170244312496502,0.0638253667073838,0.1160263353181697
7496,0.0128812124190154,0.1666130771733135,0.0624074141619456,0.1600765271063934,0.2355540286096623
7497,0.0405610307500923,0.3031316048743551,0.1377326990109011,0.2850448165454184,0.3411561022820115
7498,0.0742360466047407,0.4136148268591929,0.2081881966833668,0.3766319791277862,0.4230729450838632
7499,0.1090035151439594,0.4694951103742654,0.2519584011808143,0.3942995160663855,0.4292518566274879
7500,0.1219521240804554,0.4037850869618229,0.2567027754841039,0.3429216536247628,0.3615609432474624
7501,0.1031511444426099,0.2775822854733005,0.2135793659919731,0.2864162054935428,0.2718160272641124
7502,0.0547031775975607,0.1808084257413448,0.1269578251453249,0.2182105318831227,0.1591378245192373
7503,0.0093547488474494,0.0900669985957755,0.0411184536395898,0.1222049080972469,0.0407054422346689
7504,0.0,0.0,0.0,0.0522270545861635,0.0044606887604492
7505,0.0,0.0,0.0,0.0,0.0
7506,0.0,0.0,0.0,0.0,0.0
7507,0.0,0.0,0.0,0.0,0.0
7508,0.0,0.0,0.0,0.0,0.0
7509,0.0,0.0,0.0,0.0,0.0
7510,0.0,0.0,0.0,0.0,0.0
7511,0.0,0.0,0.0,0.0,0.0
7512,0.0,0.0,0.0,0.0,0.0
7513,0.0,0.0,0.0,0.0,0.0
7514,0.0,0.0,0.0,0.0,0.0
7515,0.0,0.0,0.0,0.0,0.0
7516,0.0,0.0,0.0,0.0,0.0
7517,0.0,0.0,0.0,0.0,0.0
7518,0.0,0.0,0.0,0.0,0.0399632979364561
7519,0.0693415133757725,0.0362107702293755,0.0411068610236434,0.0341321411409846,0.1463040101336398
7520,0.1822292199743067,0.1116234784438446,0.1143993133594568,0.1144194593734838,0.2885118968938237
7521,0.2663137108574454,0.2664551968286761,0.214358655086931,0.2384673326997992,0.3916778393494258
7522,0.3053624669622938,0.4347621920845034,0.314088567525874,0.3283985890018128,0.4359334900121582
7523,0.3082767499581633,0.5128430211283519,0.4067870772245097,0.3704335170195491,0.4008081943399608
7524,0.2516373205565738,0.4951259379392054,0.4433085725737826,0.3855392062448814,0.331590044287436
7525,0.1729219677393616,0.4297224871742274,0.3776204770268978,0.3611965049445602,0.2755494803766529
7526,0.0958706700095565,0.3208234242174444,0.246472730784517,0.2759674869738239,0.1806592869376682
7527,0.0268826189924345,0.1594375890786569,0.1046857752009688,0.1580496058277537,0.0601358073596997
7528,0.0,0.0,0.0,0.070552056635608,0.0
7529,0.0,0.0,0.0,0.0,0.0
7530,0.0,0.0,0.0,0.0,0.0
7531,0.0,0.0,0.0,0.0,0.0
7532,0.0,0.0,0.0,0.0,0.0
7533,0.0,0.0,0.0,0.0,0.0
7534,0.0,0.0,0.0,0.0,0.0
7535,0.0,0.0,0.0,0.0,0.0
7536,0.0,0.0,0.0,0.0,0.0
7537,0.0,0.0,0.0,0.0,0.0
7538,0.0,0.0,0.0,0.0,0.0
7539,0.0,0.0,0.0,0.0,0.0
7540,0.0,0.0,0.0,0.0,0.0
7541,0.0,0.0,0.0,0.0,0.0
7542,0.0,0.0,0.0,0.0,0.0180698844715354
7543,0.037489874251977,0.0687245798329683,0.0130023561887427,0.0191530322648556,0.082899720090073
7544,0.1107841403431858,0.1962424155665734,0.073516223503141,0.0631399648369592,0.1885926162326689
7545,0.1655218786968697,0.3274190601610416,0.1664372975093782,0.1392327156953551,0.271356650720568
7546,0.2029569808625546,0.4298935124433538,0.2731961147799042,0.2150476794855092,0.3323980806996923
7547,0.2440613188236928,0.4638958071492927,0.3604930239807795,0.2789558017552756,0.3420585095899738
7548,0.2297272202898057,0.4148410796832294,0.3917312541099726,0.2818256848626701,0.2844116066604444
7549,0.1622529675945869,0.3265232511741093,0.3495366853946315,0.2412750798923194,0.1969654163876181
7550,0.0735975009985719,0.1825510968813926,0.2198145453351566,0.1830680591982116,0.1001663166818592
7551,0.0062667773672498,0.0320418421804655,0.0714588790494274,0.0990882666390269,0.0206266558530047
7552,0.0,0.0,0.0,0.0378541869665141,0.0027766476302351
7553,0.0,0.0,0.0,0.0,0.0
7554,0.0,0.0,0.0,0.0,0.0
7555,0.0,0.0,0.0,0.0,0.0
7556,0.0,0.0,0.0,0.0,0.0
7557,0.0,0.0,0.0,0.0,0.0
7558,0.0,0.0,0.0,0.0,0.0
7559,0.0,0.0,0.0,0.0,0.0
7560,0.0,0.0,0.0,0.0,0.0
7561,0.0,0.0,0.0,0.0,0.0
7562,0.0,0.0,0.0,0.0,0.0
7563,0.0,0.0,0.0,0.0,0.0
7564,0.0,0.0,0.0,0.0,0.0
7565,0.0,0.0,0.0,0.0,0.0
7566,0.0,0.0,0.0,0.0,0.0
7567,0.0,0.0514037570337966,0.0109586979534096,0.0521825028926949,0.0184585524270569
7568,0.0064354688295701,0.1900985980472877,0.0553605872244793,0.1431067309309275,0.0622828929042418
7569,0.0193401121723077,0.3753278742525896,0.1410995910224616,0.2397659711218512,0.0927566661084877
7570,0.0363869349524496,0.4806610164343128,0.1987599818349515,0.3225493258406841,0.1154181713628706
7571,0.0388891271456095,0.5174861652767722,0.203935642320089,0.379634420225972,0.1365585368671064
7572,0.0217677111409325,0.4819672876633125,0.1716413483204037,0.3754152509939921,0.156077922802762
7573,0.0072375474140401,0.3773754936661858,0.1044088152736456,0.3511757355134945,0.1492979582930903
7574,0.003234504255815,0.2543518934872494,0.0471857774444195,0.2917911935826555,0.0930720010264396
7575,0.0012786118764913,0.1140402695714931,0.0128764188514746,0.1695030158941293,0.030680512318185
7576,0.0,0.0,0.0,0.0766976255017709,0.0
7577,0.0,0.0,0.0,0.0,0.0
7578,0.0,0.0,0.0,0.0,0.0
7579,0.0,0.0,0.0,0.0,0.0
7580,0.0,0.0,0.0,0.0,0.0
7581,0.0,0.0,0.0,0.0,0.0
7582,0.0,0.0,0.0,0.0,0.0
7583,0.0,0.0,0.0,0.0,0.0
7584,0.0,0.0,0.0,0.0,0.0
7585,0.0,0.0,0.0,0.0,0.0
7586,0.0,0.0,0.0,0.0,0.0
7587,0.0,0.0,0.0,0.0,0.0
7588,0.0,0.0,0.0,0.0,0.0
7589,0.0,0.0,0.0,0.0,0.0
7590,0.0,0.0,0.0,0.0,0.0125799104069895
7591,0.0,0.0267029375134996,0.0085441440640417,0.0289789094980474,0.0817123294524771
7592,0.00460011660044,0.1165425969129212,0.0616525266806748,0.0965792904136725,0.1986428901485592
7593,0.0125944415405938,0.2572649483231682,0.1377498612735452,0.2072258358738661,0.3018485251304967
7594,0.0165305690940943,0.3886419481325611,0.1738913465037689,0.3125041940130764,0.365356791316623
7595,0.0157837866852393,0.4463382321275899,0.1656914625275744,0.3969330399194509,0.3767320672490007
7596,0.0131878374137768,0.4180840333973373,0.1214120081450414,0.4178856947603976,0.3512458061615219
7597,0.0108420118862028,0.3292806498044865,0.0752372097264741,0.3655092377837706,0.2886732412142014
7598,0.0074309983760063,0.2175266629930067,0.0414562106001397,0.2682546369044276,0.1830445318192571
7599,0.0034063324309323,0.1054849533802943,0.0126045084017808,0.1518487895822678,0.0658899579720288
7600,0.0,0.0,0.0,0.0712439498947835,0.0
7601,0.0,0.0,0.0,0.0,0.0
7602,0.0,0.0,0.0,0.0,0.0
7603,0.0,0.0,0.0,0.0,0.0
7604,0.0,0.0,0.0,0.0,0.0
7605,0.0,0.0,0.0,0.0,0.0
7606,0.0,0.0,0.0,0.0,0.0
7607,0.0,0.0,0.0,0.0,0.0
7608,0.0,0.0,0.0,0.0,0.0
7609,0.0,0.0,0.0,0.0,0.0
7610,0.0,0.0,0.0,0.0,0.0
7611,0.0,0.0,0.0,0.0,0.0
7612,0.0,0.0,0.0,0.0,0.0
7613,0.0,0.0,0.0,0.0,0.0
7614,0.0,0.0,0.0,0.0,0.0072093569984988
7615,0.0926663068752216,0.0416560232091414,0.0665084853376449,0.001626571150961,0.073521323459275
7616,0.2301459841524732,0.1034459094991081,0.1751415004849108,0.0262937005001583,0.1769872628249341
7617,0.3529450821458275,0.2036972879195886,0.2986057487245173,0.0773155441748337,0.2655067298902654
7618,0.4039132174786679,0.264390774903524,0.3894407568524002,0.1360639047760711,0.3410622702634918
7619,0.399834890152113,0.245271533700653,0.4241566437552897,0.18897560604625,0.3699462133783667
7620,0.3666316053982882,0.2074838594819941,0.3949120573779209,0.2016902698796735,0.3417277035962545
7621,0.2857705817088881,0.1688153332917096,0.3125449099930402,0.1988186953187549,0.2828230722424244
7622,0.1618378578144891,0.0953377516607083,0.1873137153576948,0.167307506320785,0.1775495062045883
7623,0.0773060004776824,0.0200838454445799,0.068699325372727,0.0963717195906754,0.0584527752435577
7624,0.0,0.0,0.0,0.0431676276030719,0.0
7625,0.0,0.0,0.0,0.0,0.0
7626,0.0,0.0,0.0,0.0,0.0
7627,0.0,0.0,0.0,0.0,0.0
7628,0.0,0.0,0.0,0.0,0.0
7629,0.0,0.0,0.0,0.0,0.0
7630,0.0,0.0,0.0,0.0,0.0
7631,0.0,0.0,0.0,0.0,0.0
7632,0.0,0.0,0.0,0.0,0.0
7633,0.0,0.0,0.0,0.0,0.0
7634,0.0,0.0,0.0,0.0,0.0
7635,0.0,0.0,0.0,0.0,0.0
7636,0.0,0.0,0.0,0.0,0.0
7637,0.0,0.0,0.0,0.0,0.0
7638,0.0,0.0,0.0,0.0,0.0187948560697224
7639,0.0067479733768434,0.0014753060866129,0.0056337873015018,0.0303712345409163,0.0700277822911106
7640,0.0433837168517304,0.0383318763348079,0.0572978442918481,0.0777000806026103,0.1650684968715724
7641,0.0934122003600973,0.1150230195593867,0.1437638505898264,0.1662607576174319,0.2514601335028564
7642,0.1394334378805135,0.2134607640194425,0.1834062006096981,0.2450113847212756,0.310742757126608
7643,0.1556371705964802,0.2785242581680535,0.1634318705316483,0.2930926155529794,0.3368487820097745
7644,0.1095745905126246,0.2647346667947693,0.1132066984321206,0.2976897854157452,0.3169456101740422
7645,0.0636967109784491,0.2279282287316651,0.069604228762771,0.2757249432817662,0.2574158125230043
7646,0.0299518198761668,0.1515967557807545,0.0304133370686957,0.2035148937322199,0.1664401595114434
7647,0.0047651691575156,0.0443886547792322,0.0042091630411688,0.0951827709041308,0.0635165192137696
7648,0.0,0.0,0.0,0.0284886316641234,0.0020083087898082
7649,0.0,0.0,0.0,0.0,0.0
7650,0.0,0.0,0.0,0.0,0.0
7651,0.0,0.0,0.0,0.0,0.0
7652,0.0,0.0,0.0,0.0,0.0
7653,0.0,0.0,0.0,0.0,0.0
7654,0.0,0.0,0.0,0.0,0.0
7655,0.0,0.0,0.0,0.0,0.0
7656,0.0,0.0,0.0,0.0,0.0
7657,0.0,0.0,0.0,0.0,0.0
7658,0.0,0.0,0.0,0.0,0.0
7659,0.0,0.0,0.0,0.0,0.0
7660,0.0,0.0,0.0,0.0,0.0
7661,0.0,0.0,0.0,0.0,0.0
7662,0.0,0.0,0.0,0.0,0.0020505311787509
7663,0.0425798208002561,0.027391541539726,0.0390388553317852,0.0352346671553738,0.0489048276073594
7664,0.127475290573015,0.0755121236623244,0.1073935519597966,0.08284404805584,0.1379327091428169
7665,0.2304795566524591,0.2016258264715142,0.2032407299475214,0.1694422361015638,0.2078173628218207
7666,0.2846946540973359,0.346138392682312,0.2738638369990271,0.235856844647022,0.2282104718292741
7667,0.2973444077019657,0.4314232286171896,0.2966370197027685,0.2768621842382808,0.2119722486756474
7668,0.2679013679676487,0.4515086674749615,0.2803503706991567,0.2798829692442388,0.186421446147862
7669,0.1974334143505537,0.3649568591031294,0.213133943808547,0.2382919248041514,0.1501460174314368
7670,0.1027538591272425,0.2290052008965349,0.1212331350871933,0.173784916950186,0.0998447590374518
7671,0.0361446206740965,0.1170933948249616,0.0505045310971248,0.0950398793334101,0.0420246172053439
7672,0.0,0.0,0.0,0.0298119236478446,0.0
7673,0.0,0.0,0.0,0.0,0.0
7674,0.0,0.0,0.0,0.0,0.0
7675,0.0,0.0,0.0,0.0,0.0
7676,0.0,0.0,0.0,0.0,0.0
7677,0.0,0.0,0.0,0.0,0.0
7678,0.0,0.0,0.0,0.0,0.0
7679,0.0,0.0,0.0,0.0,0.0
7680,0.0,0.0,0.0,0.0,0.0
7681,0.0,0.0,0.0,0.0,0.0
7682,0.0,0.0,0.0,0.0,0.0
7683,0.0,0.0,0.0,0.0,0.0
7684,0.0,0.0,0.0,0.0,0.0
7685,0.0,0.0,0.0,0.0,0.0
7686,0.0,0.0,0.0,0.0,0.0138277696047898
7687,0.0149580341155792,0.0,0.0018740785921557,0.027158769620318,0.0569857106500107
7688,0.0759360679534828,0.0021273393976097,0.0064232891027755,0.0783627932828502,0.1564491878515161
7689,0.1548911661927904,0.0137561153757756,0.0191015300192772,0.1751386036523013,0.2404149302307032
7690,0.2085970141089648,0.0145466868278141,0.0274376863449536,0.251179867210776,0.2892178045965221
7691,0.2335879939631572,0.0095177356707968,0.028256052375453,0.2717138584603631,0.286991472630472
7692,0.2193848968694282,0.0058830279787414,0.0254811606759472,0.2564093384078804,0.2339187153712226
7693,0.1451658278336009,0.0063679531780922,0.0131261117317777,0.2143737514043472,0.1684960818650745
7694,0.0592456330627758,0.0027988132255322,0.0018572079475852,0.142195645284532,0.0967712832244453
7695,0.0352976962101814,0.0,0.0,0.0697122345235996,0.0328005294782607
7696,0.0,0.0,0.0,0.0244432249664929,0.0
7697,0.0,0.0,0.0,0.0,0.0
7698,0.0,0.0,0.0,0.0,0.0
7699,0.0,0.0,0.0,0.0,0.0
7700,0.0,0.0,0.0,0.0,0.0
7701,0.0,0.0,0.0,0.0,0.0
7702,0.0,0.0,0.0,0.0,0.0
7703,0.0,0.0,0.0,0.0,0.0
7704,0.0,0.0,0.0,0.0,0.0
7705,0.0,0.0,0.0,0.0,0.0
7706,0.0,0.0,0.0,0.0,0.0
7707,0.0,0.0,0.0,0.0,0.0
7708,0.0,0.0,0.0,0.0,0.0
7709,0.0,0.0,0.0,0.0,0.0
7710,0.0,0.0,0.0,0.0,0.0381125515199528
7711,0.0079099771986171,0.0115124732424408,0.0177301784520343,0.0193488714315144,0.120748758762046
7712,0.0459835456892904,0.0722629453070121,0.0602783223173385,0.0998136913897453,0.2594966979754606
7713,0.1365320386930706,0.2028322287301243,0.1292404395999915,0.2073701134329098,0.3776148690936816
7714,0.2578602004844111,0.3305285068401458,0.1817727550668165,0.3057337248848534,0.4251206837135391
7715,0.3734534471543826,0.3838781983402124,0.2050974851375164,0.3520178184021774,0.4270509436699504
7716,0.4217150451380524,0.3503295319846009,0.1845514785521697,0.3302735749904129,0.3806663861646844
7717,0.3659940497427614,0.2752067897472895,0.1390281395508454,0.2630041739836228,0.2728887843142216
7718,0.2211272228509476,0.2004313326036918,0.0904196328564094,0.1859496150493633,0.1478714188330079
7719,0.1216082658988661,0.1067256701125208,0.0388236821376374,0.1067792355719919,0.0419962615398393
7720,0.0,0.0,0.0,0.0479016433332006,0.0
7721,0.0,0.0,0.0,0.0,0.0
7722,0.0,0.0,0.0,0.0,0.0
7723,0.0,0.0,0.0,0.0,0.0
7724,0.0,0.0,0.0,0.0,0.0
7725,0.0,0.0,0.0,0.0,0.0
7726,0.0,0.0,0.0,0.0,0.0
7727,0.0,0.0,0.0,0.0,0.0
7728,0.0,0.0,0.0,0.0,0.0
7729,0.0,0.0,0.0,0.0,0.0
7730,0.0,0.0,0.0,0.0,0.0
7731,0.0,0.0,0.0,0.0,0.0
7732,0.0,0.0,0.0,0.0,0.0
7733,0.0,0.0,0.0,0.0,0.0
7734,0.0,0.0,0.0,0.0,0.0111675991638302
7735,0.0271322733819315,0.0298985776811109,0.0119051565592147,0.0109299599152309,0.0417767949532874
7736,0.1056521636552255,0.0837863368593481,0.0443261184333064,0.0852156583904273,0.1120672953201526
7737,0.1910117937528411,0.1829453758971691,0.0885114229912349,0.1902932548535793,0.1640406670261033
7738,0.2412007596175129,0.2661182892222218,0.1256620610549288,0.2821577064077026,0.1951733637752499
7739,0.2502910706847004,0.3220858149435369,0.1370655858803384,0.3367453841918558,0.2095439841822247
7740,0.2362851430849553,0.3456783079473452,0.1239345663149901,0.3559194868097324,0.1818851395133142
7741,0.1833699389546447,0.3179967987584861,0.0914850488489901,0.3121961930477056,0.1332210508129412
7742,0.0957913230429044,0.2143293689775109,0.0442229031190347,0.2227308594484712,0.0711194678456687
7743,0.0356728282849954,0.0791151713537677,0.0142697745709925,0.1270049286780552,0.0151696583601791
7744,0.0,0.0,0.0,0.0466287447653959,0.0
7745,0.0,0.0,0.0,0.0,0.0
7746,0.0,0.0,0.0,0.0,0.0
7747,0.0,0.0,0.0,0.0,0.0
7748,0.0,0.0,0.0,0.0,0.0
7749,0.0,0.0,0.0,0.0,0.0
7750,0.0,0.0,0.0,0.0,0.0
7751,0.0,0.0,0.0,0.0,0.0
7752,0.0,0.0,0.0,0.0,0.0
7753,0.0,0.0,0.0,0.0,0.0
7754,0.0,0.0,0.0,0.0,0.0
7755,0.0,0.0,0.0,0.0,0.0
7756,0.0,0.0,0.0,0.0,0.0
7757,0.0,0.0,0.0,0.0,0.0
7758,0.0,0.0,0.0,0.0,0.0216776218095516
7759,0.0141650884795971,0.086663114516327,0.0239907760545114,0.0262674961211831,0.1041302563845623
7760,0.0525120761317125,0.168761830550943,0.0681993641515523,0.168090158198847,0.2453148540322976
7761,0.0997490402859394,0.3041618126343766,0.126792226485289,0.3216318559775173,0.3642176442800628
7762,0.1136221478564089,0.4247661305961865,0.1509926954319193,0.4426770678271156,0.4397106522420986
7763,0.1075046284287528,0.5016729459394834,0.1414239364910927,0.5075321144826698,0.4531563922849567
7764,0.0921207708095651,0.5149580340752448,0.1130585120062642,0.5216961418735538,0.4068526757986376
7765,0.0585623819326847,0.4414405505634852,0.0719047523265805,0.4771938209504751,0.3234203385723828
7766,0.0270071107084437,0.2900538164006303,0.0248152375524386,0.367608153270851,0.2018957360754691
7767,0.0060900972550061,0.1337354416637027,0.0034156238406073,0.2203148196191607,0.0783827033466241
7768,0.0,0.0,0.0,0.1022584188296158,0.0
7769,0.0,0.0,0.0,0.0,0.0
7770,0.0,0.0,0.0,0.0,0.0
7771,0.0,0.0,0.0,0.0,0.0
7772,0.0,0.0,0.0,0.0,0.0
7773,0.0,0.0,0.0,0.0,0.0
7774,0.0,0.0,0.0,0.0,0.0
7775,0.0,0.0,0.0,0.0,0.0
7776,0.0,0.0,0.0,0.0,0.0
7777,0.0,0.0,0.0,0.0,0.0
7778,0.0,0.0,0.0,0.0,0.0
7779,0.0,0.0,0.0,0.0,0.0
7780,0.0,0.0,0.0,0.0,0.0
7781,0.0,0.0,0.0,0.0,0.0
7782,0.0,0.0,0.0,0.0,0.0246370837466857
7783,0.0154984120473633,0.0268268591595509,0.0,0.0223360824364439,0.0938626038106777
7784,0.0578450550462638,0.0912695444190644,0.0096338813499582,0.1345422729191916,0.2189905459999105
7785,0.1322394986721697,0.2523588673020649,0.0512882875803417,0.2632641545255265,0.3280327390801925
7786,0.1937778850269564,0.389023779877709,0.1019069430111001,0.3460130292445346,0.3794997756484441
7787,0.2283151160303596,0.4566431477027365,0.1525013342876348,0.3890663049929496,0.3631987800551955
7788,0.1987975226170878,0.4851603073101497,0.1718968415219596,0.4011852817360373,0.3104308509167321
7789,0.1188330048176153,0.4419562705959992,0.1478584920190135,0.3558646698249457,0.2387303750264457
7790,0.0635596361969358,0.3148399881309983,0.0966715976621194,0.2644508830422838,0.1413538635989465
7791,0.0340117081059296,0.1563359232679539,0.0405850309551144,0.1529808452417052,0.0447539426248276
7792,0.0,0.0,0.0,0.0687572471666869,0.0
7793,0.0,0.0,0.0,0.0,0.0
7794,0.0,0.0,0.0,0.0,0.0
7795,0.0,0.0,0.0,0.0,0.0
7796,0.0,0.0,0.0,0.0,0.0
7797,0.0,0.0,0.0,0.0,0.0
7798,0.0,0.0,0.0,0.0,0.0
7799,0.0,0.0,0.0,0.0,0.0
7800,0.0,0.0,0.0,0.0,0.0
7801,0.0,0.0,0.0,0.0,0.0
7802,0.0,0.0,0.0,0.0,0.0
7803,0.0,0.0,0.0,0.0,0.0
7804,0.0,0.0,0.0,0.0,0.0
7805,0.0,0.0,0.0,0.0,0.0
7806,0.0,0.0,0.0,0.0,0.0247409640311388
7807,0.0293372376441924,0.0403360663201315,0.0093291971548451,0.018975333052969,0.1097922219162495
7808,0.1256045115397615,0.1123171595969661,0.0490192166075858,0.1453758879928396,0.2439677553640307
7809,0.2413709476789833,0.2627546823997928,0.1262540755456707,0.2689128325519225,0.3485065402136689
7810,0.3172528913010021,0.39068079109313,0.2142527310257343,0.3299010061032266,0.4084692931492437
7811,0.3376827593731436,0.4588928925103718,0.2753159715715759,0.3358079995361975,0.4163545516433056
7812,0.3097255629916751,0.4517279852886055,0.2927622361638972,0.2913244919258312,0.365592754318401
7813,0.2324131448603556,0.3837704091385833,0.2593303669511754,0.2052399601675138,0.2859389252161091
7814,0.1210478516677746,0.2711084517704394,0.158765680542665,0.1218056863642345,0.182023151166887
7815,0.0526245644728587,0.1345988470206058,0.0644428442713663,0.0501834754428873,0.0676725217516619
7816,0.0,0.0,0.0,0.0016362836361282,0.0
7817,0.0,0.0,0.0,0.0,0.0
7818,0.0,0.0,0.0,0.0,0.0
7819,0.0,0.0,0.0,0.0,0.0
7820,0.0,0.0,0.0,0.0,0.0
7821,0.0,0.0,0.0,0.0,0.0
7822,0.0,0.0,0.0,0.0,0.0
7823,0.0,0.0,0.0,0.0,0.0
7824,0.0,0.0,0.0,0.0,0.0
7825,0.0,0.0,0.0,0.0,0.0
7826,0.0,0.0,0.0,0.0,0.0
7827,0.0,0.0,0.0,0.0,0.0
7828,0.0,0.0,0.0,0.0,0.0
7829,0.0,0.0,0.0,0.0,0.0
7830,0.0,0.0,0.0,0.0,0.0296716796406819
7831,0.0452859399791037,0.040217946528591,0.0526311500717636,0.0010425828305922,0.1119363923227092
7832,0.1195132209748282,0.0801438842029548,0.1452388865394272,0.071496771069957,0.2375315923492222
7833,0.1952993069536722,0.1435388979659543,0.2857117314614794,0.1551742220534431,0.3205847405896012
7834,0.2496595921513419,0.1540794359578196,0.3747414402345345,0.2458335577695271,0.3446754688904171
7835,0.2862877163502063,0.1550505056671756,0.4066022122461045,0.2837806300495702,0.3481164863320862
7836,0.2882799110970875,0.1486428934518292,0.3765543812723525,0.2567429927216195,0.3126225660006551
7837,0.2324748182043541,0.1233066706283994,0.2808636130467824,0.1832676482393883,0.2290759699815481
7838,0.1281582880709083,0.0763689278829032,0.1505211019095017,0.1075922589606524,0.1226906732887133
7839,0.0466959536497313,0.0145834092540199,0.0555961617603292,0.0542802111185989,0.034218249799391
7840,0.0,0.0,0.0,0.0173383504483969,0.0
7841,0.0,0.0,0.0,0.0,0.0
7842,0.0,0.0,0.0,0.0,0.0
7843,0.0,0.0,0.0,0.0,0.0
7844,0.0,0.0,0.0,0.0,0.0
7845,0.0,0.0,0.0,0.0,0.0
7846,0.0,0.0,0.0,0.0,0.0
7847,0.0,0.0,0.0,0.0,0.0
7848,0.0,0.0,0.0,0.0,0.0
7849,0.0,0.0,0.0,0.0,0.0
7850,0.0,0.0,0.0,0.0,0.0
7851,0.0,0.0,0.0,0.0,0.0
7852,0.0,0.0,0.0,0.0,0.0
7853,0.0,0.0,0.0,0.0,0.0
7854,0.0,0.0,0.0,0.0,0.0
7855,0.0344249112440848,0.0337764030736066,0.0463829492685037,0.0013129653484898,0.0055901850780744
7856,0.1070690329802008,0.1133456287464372,0.1361628451703345,0.0662649541863705,0.0466796057401662
7857,0.1860291736121313,0.2626404343937729,0.2717721514574571,0.1469055737353245,0.080457224649562
7858,0.2555018058932472,0.3472800694224169,0.3748527773894367,0.2072014357779689,0.0896459168984668
7859,0.3005162785001449,0.3415454672412775,0.420066378382702,0.2317102566160145,0.1007150849340886
7860,0.2880402178146874,0.3163424449072591,0.3939076215317098,0.2357382668440728,0.1080162213064824
7861,0.2265570618875676,0.262582159723697,0.3021991856752291,0.1988912800408574,0.0898997498639616
7862,0.124416826337107,0.1670760257149526,0.1676753720271288,0.1367090647064042,0.057205541474276
7863,0.0273058038923384,0.0723524929692279,0.0550941612477304,0.0758474350995932,0.0248528188404291
7864,0.0,0.0,0.0,0.0242987045391385,0.0
7865,0.0,0.0,0.0,0.0,0.0
7866,0.0,0.0,0.0,0.0,0.0
7867,0.0,0.0,0.0,0.0,0.0
7868,0.0,0.0,0.0,0.0,0.0
7869,0.0,0.0,0.0,0.0,0.0
7870,0.0,0.0,0.0,0.0,0.0
7871,0.0,0.0,0.0,0.0,0.0
7872,0.0,0.0,0.0,0.0,0.0
7873,0.0,0.0,0.0,0.0,0.0
7874,0.0,0.0,0.0,0.0,0.0
7875,0.0,0.0,0.0,0.0,0.0
7876,0.0,0.0,0.0,0.0,0.0
7877,0.0,0.0,0.0,0.0,0.0
7878,0.0,0.0,0.0,0.0,0.0028978826213923
7879,0.0250520023004822,0.0120605870935207,0.004515276081732,0.0062509978796356,0.030201346606934
7880,0.0857550925410917,0.0454105416411911,0.0179915826605433,0.0905689842352546,0.085402263221583
7881,0.1772400596381787,0.1480883913569469,0.0622761160030176,0.1693962793702002,0.1473632309733994
7882,0.2379268060870339,0.2743120304130241,0.1113119919080067,0.2186747734336145,0.1847249248916987
7883,0.2522427271559672,0.3689286179783079,0.1393379300794449,0.2511651764856845,0.2078217419029006
7884,0.2492499917538071,0.3891680899746254,0.1372698073852987,0.2673470851389489,0.2106759751961902
7885,0.1977829421331083,0.3359632500811494,0.0957499615060217,0.240486898994818,0.1686480164126658
7886,0.1025236832171952,0.2305424673609764,0.0390898197948143,0.1759354515814844,0.1001074183694652
7887,0.0610556928102276,0.1038964907337876,0.0075694283028048,0.0948889213589588,0.0320932536132563
7888,0.0,0.0,0.0,0.0259480358266593,0.0
7889,0.0,0.0,0.0,0.0,0.0
7890,0.0,0.0,0.0,0.0,0.0
7891,0.0,0.0,0.0,0.0,0.0
7892,0.0,0.0,0.0,0.0,0.0
7893,0.0,0.0,0.0,0.0,0.0
7894,0.0,0.0,0.0,0.0,0.0
7895,0.0,0.0,0.0,0.0,0.0
7896,0.0,0.0,0.0,0.0,0.0
7897,0.0,0.0,0.0,0.0,0.0
7898,0.0,0.0,0.0,0.0,0.0
7899,0.0,0.0,0.0,0.0,0.0
7900,0.0,0.0,0.0,0.0,0.0
7901,0.0,0.0,0.0,0.0,0.0
7902,0.0,0.0,0.0,0.0,0.011436342312975
7903,0.0075725950015174,0.0129134997978199,0.0066475449889812,0.0043619840722216,0.1001170647125287
7904,0.0495732558786432,0.0216544599473587,0.0214267684793258,0.072642883505035,0.251436528676175
7905,0.1304725325379309,0.0874323026807812,0.0766479837021458,0.1812347976005236,0.3943646167219577
7906,0.1894359820884128,0.1460130629543436,0.1331334788698522,0.2983683345285643,0.4802354432056608
7907,0.2015389217165153,0.1838008211551911,0.1696891046084463,0.3762841565905236,0.4990130074276096
7908,0.1797673888441524,0.1958781712387644,0.1786072353909099,0.3900204178520449,0.4480688978670598
7909,0.1288746824384555,0.1884849108620455,0.1484589224546725,0.3367085640383823,0.3441280691847505
7910,0.058058954262166,0.1609114738336089,0.0772167371340827,0.2333585800271164,0.2090633183529595
7911,0.0240447036241275,0.0807419517219003,0.0170255954598278,0.1133924193237215,0.0799834170179383
7912,0.0,0.0,0.0,0.0189697287208812,0.0
7913,0.0,0.0,0.0,0.0,0.0
7914,0.0,0.0,0.0,0.0,0.0
7915,0.0,0.0,0.0,0.0,0.0
7916,0.0,0.0,0.0,0.0,0.0
7917,0.0,0.0,0.0,0.0,0.0
7918,0.0,0.0,0.0,0.0,0.0
7919,0.0,0.0,0.0,0.0,0.0
7920,0.0,0.0,0.0,0.0,0.0
7921,0.0,0.0,0.0,0.0,0.0
7922,0.0,0.0,0.0,0.0,0.0
7923,0.0,0.0,0.0,0.0,0.0
7924,0.0,0.0,0.0,0.0,0.0
7925,0.0,0.0,0.0,0.0,0.0
7926,0.0,0.0,0.0,0.0,0.0091464165020385
7927,0.0,0.0,0.0,0.0,0.0705228396022649
7928,0.0108934108756961,0.0023928362231014,0.0,0.0965791060872937,0.1838562170761707
7929,0.0551746394772898,0.0391574592240493,0.0033356203364506,0.2008769153445625,0.2990796006910671
7930,0.082858165223368,0.156048479867642,0.0191773252802418,0.2763499149326533,0.3699533580915615
7931,0.0731769964569601,0.299096233667132,0.0446955263094445,0.3177344756206873,0.3809319584508913
7932,0.0528021338735284,0.3362349336482108,0.0709912288973569,0.3186004338665326,0.3435768295483308
7933,0.0210728793303652,0.2829775774659707,0.0802512477915385,0.2661081264211861,0.2626961894388283
7934,0.0026340298177796,0.1926064286921191,0.0572973436510493,0.1758986875423885,0.1514665504821169
7935,0.0017047650291635,0.0728069265202424,0.0247461572259097,0.075188063810629,0.0512728483732693
7936,0.0,0.0,0.0,0.0040795282348284,0.0
7937,0.0,0.0,0.0,0.0,0.0
7938,0.0,0.0,0.0,0.0,0.0
7939,0.0,0.0,0.0,0.0,0.0
7940,0.0,0.0,0.0,0.0,0.0
7941,0.0,0.0,0.0,0.0,0.0
7942,0.0,0.0,0.0,0.0,0.0
7943,0.0,0.0,0.0,0.0,0.0
7944,0.0,0.0,0.0,0.0,0.0
7945,0.0,0.0,0.0,0.0,0.0
7946,0.0,0.0,0.0,0.0,0.0
7947,0.0,0.0,0.0,0.0,0.0
7948,0.0,0.0,0.0,0.0,0.0
7949,0.0,0.0,0.0,0.0,0.0
7950,0.0,0.0,0.0,0.0,0.0060983656308129
7951,0.001711064839142,0.008601026820119,0.0062804849753424,0.0054982239691263,0.0730634053826893
7952,0.0164350938452899,0.0172575243956866,0.0302111452515091,0.0799428335724405,0.1861000797116454
7953,0.0549781279611279,0.0313389721530781,0.0957099651779563,0.1669369081638721,0.2766543735297136
7954,0.1020711379236111,0.0476301728969239,0.1543149834118224,0.2554204904972028,0.3285468937251531
7955,0.1221155030280044,0.0524109657259151,0.1878492824306865,0.3085913397794925,0.3426737709996953
7956,0.1240718439354392,0.0544194305197962,0.1772815581832914,0.2949128157745768,0.3163958468308553
7957,0.0899158633262434,0.0742841820498563,0.1273263505076849,0.2352332300528531,0.2571476391747061
7958,0.0266896569898836,0.0724186634712313,0.0639419922214762,0.1618650264843634,0.160575285285833
7959,0.0044422405989317,0.0314621463525779,0.0162545476018183,0.0753279442181184,0.0586118791386574
7960,0.0,0.0,0.0,0.0022031486402617,0.0
7961,0.0,0.0,0.0,0.0,0.0
7962,0.0,0.0,0.0,0.0,0.0
7963,0.0,0.0,0.0,0.0,0.0
7964,0.0,0.0,0.0,0.0,0.0
7965,0.0,0.0,0.0,0.0,0.0
7966,0.0,0.0,0.0,0.0,0.0
7967,0.0,0.0,0.0,0.0,0.0
7968,0.0,0.0,0.0,0.0,0.0
7969,0.0,0.0,0.0,0.0,0.0
7970,0.0,0.0,0.0,0.0,0.0
7971,0.0,0.0,0.0,0.0,0.0
7972,0.0,0.0,0.0,0.0,0.0
7973,0.0,0.0,0.0,0.0,0.0
7974,0.0,0.0,0.0,0.0,0.0017310714687714
7975,0.0325260226263845,0.0,0.0024309613611048,0.0035885020079087,0.0964598333061825
7976,0.1012228368418128,0.0018388392164702,0.0203115265418001,0.0739518607593908,0.2255842212071015
7977,0.1785762003005009,0.0089480742684471,0.0577436685972049,0.1655006164406048,0.3284355869436478
7978,0.2349495164647358,0.0174411394416931,0.0947775382138348,0.2689747726259699,0.3904987261060118
7979,0.2459474608076771,0.0346338109943831,0.1158491293715674,0.3424752291175572,0.3940259016713572
7980,0.1901734970588357,0.0312291929488317,0.1138850665388356,0.3618425796354266,0.344685839755859
7981,0.1145598113179611,0.020806586304917,0.0922905811865791,0.3389897771534566,0.2691419609389139
7982,0.0434120143448737,0.0134070123687197,0.0474077178379393,0.2747548077982486,0.1653916190772021
7983,0.0,0.0055198135132381,0.0132952179665187,0.1684378712225311,0.0639419353411977
7984,0.0,0.0,0.0,0.0882781426388887,0.0
7985,0.0,0.0,0.0,0.0,0.0
7986,0.0,0.0,0.0,0.0,0.0
7987,0.0,0.0,0.0,0.0,0.0
7988,0.0,0.0,0.0,0.0,0.0
7989,0.0,0.0,0.0,0.0,0.0
7990,0.0,0.0,0.0,0.0,0.0
7991,0.0,0.0,0.0,0.0,0.0
7992,0.0,0.0,0.0,0.0,0.0
7993,0.0,0.0,0.0,0.0,0.0
7994,0.0,0.0,0.0,0.0,0.0
7995,0.0,0.0,0.0,0.0,0.0
7996,0.0,0.0,0.0,0.0,0.0
7997,0.0,0.0,0.0,0.0,0.0
7998,0.0,0.0,0.0,0.0,0.0029485628906617
7999,0.0964024300232027,0.0055475771586818,0.0329278807004821,0.0049885222812576,0.0960079055251248
8000,0.2067656298750995,0.0402753702780213,0.1204096350440424,0.062043441290343,0.2308121863585641
8001,0.3257323556934642,0.1699364340026323,0.219707150841413,0.1498773228839376,0.3690058976061644
8002,0.3883313382814602,0.301603557955906,0.2834729197429007,0.2076684693609755,0.4527559559885602
8003,0.3844301289385384,0.4130585540819435,0.3039965656946207,0.227630055210167,0.4787877713136071
8004,0.3319241484030934,0.4529152103049466,0.2879872871000607,0.2122682211962552,0.4458271277581875
8005,0.2432256049529191,0.4018804669788246,0.2276007223130503,0.1551072859220892,0.3502018929687534
8006,0.1369234690070614,0.2976975330187812,0.1330084452947328,0.0876824706464996,0.2228815199927077
8007,0.0551176732508427,0.1513164315879019,0.0742810188909033,0.0313354900235771,0.0979735792462255
8008,0.0,0.0,0.0,0.0049823018589498,0.0
8009,0.0,0.0,0.0,0.0,0.0
8010,0.0,0.0,0.0,0.0,0.0
8011,0.0,0.0,0.0,0.0,0.0
8012,0.0,0.0,0.0,0.0,0.0
8013,0.0,0.0,0.0,0.0,0.0
8014,0.0,0.0,0.0,0.0,0.0
8015,0.0,0.0,0.0,0.0,0.0
8016,0.0,0.0,0.0,0.0,0.0
8017,0.0,0.0,0.0,0.0,0.0
8018,0.0,0.0,0.0,0.0,0.0
8019,0.0,0.0,0.0,0.0,0.0
8020,0.0,0.0,0.0,0.0,0.0
8021,0.0,0.0,0.0,0.0,0.0
8022,0.0,0.0,0.0,0.0,0.0
8023,0.0255335081964015,0.0,0.0019779583097515,0.0012752364478477,0.0960572442631398
8024,0.0850696409293466,0.0090894387665084,0.014423331579899,0.0706842196729757,0.2532221164143527
8025,0.1268311169372145,0.036160544802366,0.0399794580090664,0.1551021256333965,0.4043263821138609
8026,0.1569332065296945,0.0623264770644652,0.075103920348488,0.2387411366869461,0.4850995047008166
8027,0.1751917162582722,0.0688244982687254,0.0939212737755258,0.2932461939427967,0.4840864631987272
8028,0.1434555167258489,0.0459349302095589,0.0748518794959179,0.2950491205365296,0.4145030393563415
8029,0.0800475506352852,0.0183468260818315,0.042655555142789,0.2452313707704925,0.3047486654053678
8030,0.0156516074590752,0.0020898398607205,0.0151922927965643,0.1726907329365297,0.1746282050613482
8031,0.0,0.0,0.0012311820056906,0.0972727621452774,0.0602373444857871
8032,0.0,0.0,0.0,0.0520365152637139,0.0
8033,0.0,0.0,0.0,0.0,0.0
8034,0.0,0.0,0.0,0.0,0.0
8035,0.0,0.0,0.0,0.0,0.0
8036,0.0,0.0,0.0,0.0,0.0
8037,0.0,0.0,0.0,0.0,0.0
8038,0.0,0.0,0.0,0.0,0.0
8039,0.0,0.0,0.0,0.0,0.0
8040,0.0,0.0,0.0,0.0,0.0
8041,0.0,0.0,0.0,0.0,0.0
8042,0.0,0.0,0.0,0.0,0.0
8043,0.0,0.0,0.0,0.0,0.0
8044,0.0,0.0,0.0,0.0,0.0
8045,0.0,0.0,0.0,0.0,0.0
8046,0.0,0.0,0.0,0.0,0.0
8047,0.0,0.0021168617086539,0.0079022996856688,0.0,0.0109130761427628
8048,0.0043718705020319,0.0174966583780875,0.0916600183262689,0.0617735700702206,0.0676327245202499
8049,0.0516322968247805,0.0611077324880803,0.1972645146248855,0.1427395835718985,0.1366262114636304
8050,0.1058220768013384,0.1408828143519514,0.2741433306522776,0.2410263862342268,0.2005595761808289
8051,0.128928429605347,0.2239841781057268,0.2922758283785775,0.3076707143283453,0.2330437651172844
8052,0.1238851240401803,0.2554113116323365,0.245873343172693,0.3281418070097058,0.2226833726161579
8053,0.0909820845754395,0.240439282217903,0.1682158110574916,0.3065710677156149,0.1888440568894334
8054,0.0447842952158462,0.1656977274660275,0.0850472982494253,0.2382709405468975,0.1244089677624897
8055,0.0172347719115302,0.0524988866273728,0.0293404968392538,0.142496179681281,0.0483580727281775
8056,0.0,0.0,0.0,0.0697188108792599,0.0
8057,0.0,0.0,0.0,0.0,0.0
8058,0.0,0.0,0.0,0.0,0.0
8059,0.0,0.0,0.0,0.0,0.0
8060,0.0,0.0,0.0,0.0,0.0
8061,0.0,0.0,0.0,0.0,0.0
8062,0.0,0.0,0.0,0.0,0.0
8063,0.0,0.0,0.0,0.0,0.0
8064,0.0,0.0,0.0,0.0,0.0
8065,0.0,0.0,0.0,0.0,0.0
8066,0.0,0.0,0.0,0.0,0.0
8067,0.0,0.0,0.0,0.0,0.0
8068,0.0,0.0,0.0,0.0,0.0
8069,0.0,0.0,0.0,0.0,0.0
8070,0.0,0.0,0.0,0.0,0.0
8071,0.054474657069707,0.004167264101826,0.0037506939401143,0.0022443007162797,0.057397582963966
8072,0.1473642330759346,0.1733613675327005,0.0373040368805641,0.1561007608007006,0.1509692527711886
8073,0.2349901333759606,0.3450172372443955,0.0964594081953167,0.3049465439458245,0.2332181228786355
8074,0.2852479244152026,0.4831464652485217,0.1477685067275854,0.4339370167861603,0.2771416902292324
8075,0.2846847197565142,0.5468679182031264,0.1817837036886543,0.5066608093443471,0.2685900864862431
8076,0.2415822728056802,0.5508543489713211,0.1863828276959451,0.524413068771447,0.2342539936071956
8077,0.173875183768519,0.4852370345674342,0.1537444788775439,0.4851397232965939,0.187232269706996
8078,0.0880925529451081,0.3405272449118197,0.0943428466777078,0.3871162481491986,0.1154378183791222
8079,0.0478520731769787,0.17661574835079,0.0483040233462097,0.2409378014969778,0.043936903904414
8080,0.0,0.0,0.0,0.11426703355984,0.0
8081,0.0,0.0,0.0,0.0,0.0
8082,0.0,0.0,0.0,0.0,0.0
8083,0.0,0.0,0.0,0.0,0.0
8084,0.0,0.0,0.0,0.0,0.0
8085,0.0,0.0,0.0,0.0,0.0
8086,0.0,0.0,0.0,0.0,0.0
8087,0.0,0.0,0.0,0.0,0.0
8088,0.0,0.0,0.0,0.0,0.0
8089,0.0,0.0,0.0,0.0,0.0
8090,0.0,0.0,0.0,0.0,0.0
8091,0.0,0.0,0.0,0.0,0.0
8092,0.0,0.0,0.0,0.0,0.0
8093,0.0,0.0,0.0,0.0,0.0
8094,0.0,0.0,0.0,0.0,0.0
8095,0.1343069706669955,0.0037126435355503,0.0272706664119959,0.0014967691699603,0.1096105933664921
8096,0.2472762021944817,0.2103143165809846,0.1503886559403798,0.116119676254016,0.2495808324675809
8097,0.3941362715930184,0.3737735036564314,0.2934432695907497,0.2560246745570108,0.3756921070667858
8098,0.4911960690989522,0.4894234707179509,0.4144641926724517,0.3863027911209761,0.4443499769672132
8099,0.5180369025037195,0.5523149244445295,0.4718411783629797,0.4592614410704476,0.4582226208812853
8100,0.4771505303360824,0.5526616383327784,0.4541633591071798,0.460165855843628,0.4199844827439576
8101,0.3711458862800535,0.4771648206062097,0.3711936080014465,0.4026352510647464,0.3327233729887381
8102,0.2133570535703134,0.3328158570523886,0.2309315232895871,0.3070891871891402,0.2029773283137615
8103,0.0564856055121109,0.1699787337227499,0.1270119089569047,0.1769079796606291,0.077512248385924
8104,0.0,0.0,0.0,0.0731188828619709,0.0
8105,0.0,0.0,0.0,0.0,0.0
8106,0.0,0.0,0.0,0.0,0.0
8107,0.0,0.0,0.0,0.0,0.0
8108,0.0,0.0,0.0,0.0,0.0
8109,0.0,0.0,0.0,0.0,0.0
8110,0.0,0.0,0.0,0.0,0.0
8111,0.0,0.0,0.0,0.0,0.0
8112,0.0,0.0,0.0,0.0,0.0
8113,0.0,0.0,0.0,0.0,0.0
8114,0.0,0.0,0.0,0.0,0.0
8115,0.0,0.0,0.0,0.0,0.0
8116,0.0,0.0,0.0,0.0,0.0
8117,0.0,0.0,0.0,0.0,0.0
8118,0.0,0.0,0.0,0.0,0.0
8119,0.0891936341713057,0.0,0.0169061277200409,0.0,0.0421353646434203
8120,0.1846889212792268,0.1891540397087859,0.1659778637937761,0.1193487162391481,0.1259595564244134
8121,0.3005483573392231,0.3514339049463935,0.3103850021432201,0.2529702609277224,0.2196590137806429
8122,0.3822448928043253,0.4995425862917002,0.4200413031924601,0.3789729068690199,0.2961998256004384
8123,0.4127444103232664,0.5663099676959409,0.462404501458277,0.4530903687435291,0.3207286731662334
8124,0.3838664713350351,0.5561612940080305,0.4421994922531285,0.4657494019296012,0.299036069894514
8125,0.3097304579012399,0.4803104755001466,0.3582591214481383,0.4149251299318859,0.2375131552008187
8126,0.1829026402487673,0.3341790555130529,0.215668542665987,0.3078374213929851,0.1359925392479202
8127,0.0579626455380507,0.1779729388550864,0.1170481817446877,0.1711144813229975,0.0447551157463674
8128,0.0,0.0,0.0,0.0672102135643074,0.0
8129,0.0,0.0,0.0,0.0,0.0
8130,0.0,0.0,0.0,0.0,0.0
8131,0.0,0.0,0.0,0.0,0.0
8132,0.0,0.0,0.0,0.0,0.0
8133,0.0,0.0,0.0,0.0,0.0
8134,0.0,0.0,0.0,0.0,0.0
8135,0.0,0.0,0.0,0.0,0.0
8136,0.0,0.0,0.0,0.0,0.0
8137,0.0,0.0,0.0,0.0,0.0
8138,0.0,0.0,0.0,0.0,0.0
8139,0.0,0.0,0.0,0.0,0.0
8140,0.0,0.0,0.0,0.0,0.0
8141,0.0,0.0,0.0,0.0,0.0
8142,0.0,0.0,0.0,0.0,0.0
8143,0.0424602094140748,0.0,0.0126278622149462,0.0,0.0344414476047307
8144,0.1370288427896192,0.2195077484812771,0.126850241548432,0.1125412691269039,0.1401460376984428
8145,0.2844711557671687,0.3838638580046221,0.2381808070020486,0.2143123170456066,0.2447519794243502
8146,0.4087577968149315,0.508787842336817,0.3156619806786221,0.3096217182448199,0.2972453270480346
8147,0.4594057582195716,0.5665485751359266,0.345131668810587,0.3663641959718843,0.3180324247320124
8148,0.4153668836867602,0.5480451139565901,0.3214113820423658,0.3778174980467967,0.3013949247764342
8149,0.3084031190784197,0.4659129798344862,0.2421255862856627,0.3405612378528785,0.2353235777581375
8150,0.1697975936453313,0.3212034760646085,0.1297809385304926,0.2537821656077947,0.1400501733724973
8151,0.0465748419007183,0.1614204255545493,0.0678326154687923,0.1389992330907925,0.0520770777341811
8152,0.0,0.0,0.0,0.0409999525637313,0.0
8153,0.0,0.0,0.0,0.0,0.0
8154,0.0,0.0,0.0,0.0,0.0
8155,0.0,0.0,0.0,0.0,0.0
8156,0.0,0.0,0.0,0.0,0.0
8157,0.0,0.0,0.0,0.0,0.0
8158,0.0,0.0,0.0,0.0,0.0
8159,0.0,0.0,0.0,0.0,0.0
8160,0.0,0.0,0.0,0.0,0.0
8161,0.0,0.0,0.0,0.0,0.0
8162,0.0,0.0,0.0,0.0,0.0
8163,0.0,0.0,0.0,0.0,0.0
8164,0.0,0.0,0.0,0.0,0.0
8165,0.0,0.0,0.0,0.0,0.0
8166,0.0,0.0,0.0,0.0,0.0
8167,0.0088807443108971,0.0,0.0,0.001109378663235,0.0718665726172954
8168,0.0301990596904169,0.0154257559439811,0.0018115207172816,0.047628735873663,0.1916066555890139
8169,0.1121936474624931,0.0422290602957568,0.016407585647469,0.0967202017477377,0.3262946424403233
8170,0.2139147429935001,0.0531884606805434,0.0309328362849834,0.1427528992790528,0.4109860784372712
8171,0.2883621961827042,0.0481530156238926,0.0466645537014899,0.1744708815015547,0.4335645863656887
8172,0.2719323408181108,0.0483104369902037,0.0567043456579407,0.1906887397372082,0.4035635720538839
8173,0.163758722923289,0.03612298954492,0.0407286136354111,0.1787474991959345,0.3208772885699865
8174,0.0553919573162743,0.0161281936736444,0.0163441528102477,0.1332127054755549,0.2004768961557679
8175,0.0070778299909904,0.0051056524805338,0.0046479749143311,0.0739251028342325,0.0830100741397719
8176,0.0,0.0,0.0,0.0316206741924392,0.0
8177,0.0,0.0,0.0,0.0,0.0
8178,0.0,0.0,0.0,0.0,0.0
8179,0.0,0.0,0.0,0.0,0.0
8180,0.0,0.0,0.0,0.0,0.0
8181,0.0,0.0,0.0,0.0,0.0
8182,0.0,0.0,0.0,0.0,0.0
8183,0.0,0.0,0.0,0.0,0.0
8184,0.0,0.0,0.0,0.0,0.0
8185,0.0,0.0,0.0,0.0,0.0
8186,0.0,0.0,0.0,0.0,0.0
8187,0.0,0.0,0.0,0.0,0.0
8188,0.0,0.0,0.0,0.0,0.0
8189,0.0,0.0,0.0,0.0,0.0
8190,0.0,0.0,0.0,0.0,0.0
8191,0.1066970633220817,0.0,0.0063700216228323,0.0012202345691045,0.0755456164958904
8192,0.2188782581398168,0.162497536759715,0.0664915246081658,0.0646666716919202,0.1975265336201863
8193,0.3663834223727562,0.2881923831595735,0.1337644970719561,0.1366730988137059,0.3203856893352987
8194,0.4532121872075194,0.3707081277977843,0.1803450543109208,0.1920570164209342,0.4108604303879079
8195,0.4721311149164842,0.406832376619844,0.1824379212567019,0.2104713598205809,0.4353713230507596
8196,0.4283838645467038,0.380889252327702,0.1470636783266561,0.1942684921009488,0.3862203071208656
8197,0.3238699682068227,0.2938666330133918,0.0955804028812636,0.1550394640589241,0.2955087941177088
8198,0.1735553227832466,0.1675316469749672,0.0422990270426527,0.1002665743599786,0.1783961932488959
8199,0.0305665322849421,0.0465516444295436,0.0102091960802411,0.0434572513318804,0.0716446213022537
8200,0.0,0.0,0.0,0.0080257284456988,0.0
8201,0.0,0.0,0.0,0.0,0.0
8202,0.0,0.0,0.0,0.0,0.0
8203,0.0,0.0,0.0,0.0,0.0
8204,0.0,0.0,0.0,0.0,0.0
8205,0.0,0.0,0.0,0.0,0.0
8206,0.0,0.0,0.0,0.0,0.0
8207,0.0,0.0,0.0,0.0,0.0
8208,0.0,0.0,0.0,0.0,0.0
8209,0.0,0.0,0.0,0.0,0.0
8210,0.0,0.0,0.0,0.0,0.0
8211,0.0,0.0,0.0,0.0,0.0
8212,0.0,0.0,0.0,0.0,0.0
8213,0.0,0.0,0.0,0.0,0.0
8214,0.0,0.0,0.0,0.0,0.0
8215,0.0391314635678141,0.0,0.0,0.0,0.0422076006418232
8216,0.0772643266870837,0.0706726220039618,0.0630961954922196,0.0640079919144248,0.1217514493499135
8217,0.0870149036667195,0.1554178360003793,0.1524034670191641,0.1459010829486031,0.2251851197708344
8218,0.0629133246606411,0.1895881055756201,0.2335188483960075,0.2412919609943401,0.3271224321121711
8219,0.05092265057529,0.1686259678799133,0.2518863051050369,0.2959515251586394,0.3644011339593975
8220,0.0437911757923873,0.1119134528310214,0.2077303341310556,0.3142153841735768,0.3264377879568532
8221,0.0252009176473204,0.0538346166418185,0.1339671663458884,0.2955707468491202,0.2553885691164653
8222,0.0067074075062967,0.0137795122535924,0.0503554253234904,0.2334878318521291,0.1535669593103031
8223,0.0012980245983831,0.0035156442567729,0.0064924613006045,0.1387043685415286,0.0474507179501988
8224,0.0,0.0,0.0,0.0536389787853958,0.0
8225,0.0,0.0,0.0,0.0,0.0
8226,0.0,0.0,0.0,0.0,0.0
8227,0.0,0.0,0.0,0.0,0.0
8228,0.0,0.0,0.0,0.0,0.0
8229,0.0,0.0,0.0,0.0,0.0
8230,0.0,0.0,0.0,0.0,0.0
8231,0.0,0.0,0.0,0.0,0.0
8232,0.0,0.0,0.0,0.0,0.0
8233,0.0,0.0,0.0,0.0,0.0
8234,0.0,0.0,0.0,0.0,0.0
8235,0.0,0.0,0.0,0.0,0.0
8236,0.0,0.0,0.0,0.0,0.0
8237,0.0,0.0,0.0,0.0,0.0
8238,0.0,0.0,0.0,0.0,0.0
8239,0.0384647305126359,0.0,0.0,0.0014925065681827,0.0658757941300744
8240,0.1247471136975415,0.1105157373857761,0.0797175813603151,0.1212480799982745,0.1735239559441151
8241,0.2657669537820354,0.2844973494387069,0.195939137431103,0.2436861401078349,0.291067718634739
8242,0.374385310966711,0.4097737922805191,0.2983126122960651,0.3755903033139797,0.3510833814113785
8243,0.4174696550390929,0.4709673058606196,0.3159929808483328,0.4786282701494617,0.3712415557430021
8244,0.4011507564288863,0.5056360142614059,0.2635528322854811,0.5166931264152482,0.3544164563034212
8245,0.3167600949263219,0.4581960542351721,0.188083889071515,0.4774617539773355,0.2753387628566981
8246,0.1788511141893582,0.3242146817400206,0.1005645137954678,0.3718437434128687,0.1641522362442582
8247,0.0408680510425643,0.1731458347532427,0.0489106801522254,0.222024006439207,0.0634770688026677
8248,0.0,0.0,0.0,0.0905803423013049,0.0
8249,0.0,0.0,0.0,0.0,0.0
8250,0.0,0.0,0.0,0.0,0.0
8251,0.0,0.0,0.0,0.0,0.0
8252,0.0,0.0,0.0,0.0,0.0
8253,0.0,0.0,0.0,0.0,0.0
8254,0.0,0.0,0.0,0.0,0.0
8255,0.0,0.0,0.0,0.0,0.0
8256,0.0,0.0,0.0,0.0,0.0
8257,0.0,0.0,0.0,0.0,0.0
8258,0.0,0.0,0.0,0.0,0.0
8259,0.0,0.0,0.0,0.0,0.0
8260,0.0,0.0,0.0,0.0,0.0
8261,0.0,0.0,0.0,0.0,0.0
8262,0.0,0.0,0.0,0.0,0.0
8263,0.1570597228705605,0.0,0.0,0.0019625799234173,0.0751934928585096
8264,0.2669526053292396,0.0098506303637541,0.0555631176333738,0.0220247239063198,0.1733208138576792
8265,0.4258029261835268,0.0442923622706724,0.1142881591733846,0.0510415803073215,0.2834528879088715
8266,0.5201825484421249,0.0859607657232891,0.1529327981587742,0.0803389603830556,0.353595184993182
8267,0.5433960588518734,0.1072895772803717,0.15707268207879,0.097034517858654,0.3854795556022878
8268,0.4958266875838196,0.0839449089353577,0.1280159121598603,0.1093801496042747,0.3727165856349033
8269,0.3802155595826237,0.0323131234307689,0.0792813891914131,0.1185843786485199,0.3099580233472215
8270,0.2167888084358404,0.0056045799992707,0.0321112969421733,0.1063949182050562,0.2029261802121287
8271,0.0410132333192156,0.0,0.0106947944448738,0.0674933601135274,0.0888147002028442
8272,0.0,0.0,0.0,0.0406022942766185,0.0
8273,0.0,0.0,0.0,0.0,0.0
8274,0.0,0.0,0.0,0.0,0.0
8275,0.0,0.0,0.0,0.0,0.0
8276,0.0,0.0,0.0,0.0,0.0
8277,0.0,0.0,0.0,0.0,0.0
8278,0.0,0.0,0.0,0.0,0.0
8279,0.0,0.0,0.0,0.0,0.0
8280,0.0,0.0,0.0,0.0,0.0
8281,0.0,0.0,0.0,0.0,0.0
8282,0.0,0.0,0.0,0.0,0.0
8283,0.0,0.0,0.0,0.0,0.0
8284,0.0,0.0,0.0,0.0,0.0
8285,0.0,0.0,0.0,0.0,0.0
8286,0.0,0.0,0.0,0.0,0.0
8287,0.012525521040738,0.0,0.0,0.0,0.0425962667924772
8288,0.0141422886712928,0.0187361050103802,0.0,0.0359822263707165,0.1194274633379137
8289,0.0344775795856674,0.1368562644360293,0.0167939651685326,0.098273242296571,0.2260862603592197
8290,0.0792574290043342,0.2687355127102075,0.060120946203493,0.1614106067464644,0.3022647100855112
8291,0.1065379696917245,0.3475425458309294,0.0883065198661438,0.1909266046018397,0.3224840539227282
8292,0.1091929434143578,0.3747100847552587,0.0991297247685698,0.1725726595880629,0.2994742196166496
8293,0.0857755562087804,0.3466568733438541,0.1005031073389557,0.1358600489412034,0.2389091241045101
8294,0.0321609392243467,0.2637107068867836,0.0715114151866277,0.0966005016499267,0.1498312451433993
8295,0.003598919027116,0.1414231786983431,0.0358358727845709,0.0444814637557883,0.0579623273116504
8296,0.0,0.0,0.0,0.0050688748723457,0.0
8297,0.0,0.0,0.0,0.0,0.0
8298,0.0,0.0,0.0,0.0,0.0
8299,0.0,0.0,0.0,0.0,0.0
8300,0.0,0.0,0.0,0.0,0.0
8301,0.0,0.0,0.0,0.0,0.0
8302,0.0,0.0,0.0,0.0,0.0
8303,0.0,0.0,0.0,0.0,0.0
8304,0.0,0.0,0.0,0.0,0.0
8305,0.0,0.0,0.0,0.0,0.0
8306,0.0,0.0,0.0,0.0,0.0
8307,0.0,0.0,0.0,0.0,0.0
8308,0.0,0.0,0.0,0.0,0.0
8309,0.0,0.0,0.0,0.0,0.0
8310,0.0,0.0,0.0,0.0,0.0
8311,0.027705680063217,0.0,0.0,0.0,0.047163229853855
8312,0.0713092124498768,0.0,0.0115662548517172,0.0330548148030629,0.1142243343397132
8313,0.1396863561582861,0.0071863180697021,0.0357273759099021,0.0952941388237533,0.1679443562553468
8314,0.1978499674703591,0.0380825667603548,0.0488045302850022,0.1682916134092895,0.1814264801901878
8315,0.2035663265182295,0.0855296634892204,0.0455625243491841,0.1957988145334279,0.1565888530219009
8316,0.1478893456056668,0.1750086487397447,0.0361526798779609,0.2052028360925455,0.1118786893827295
8317,0.0849720641350122,0.1860560249838182,0.0276743725278986,0.1952738962964182,0.0670269712064779
8318,0.0360385853074016,0.0824026739874998,0.0152625867014835,0.1409151472169549,0.0314162658355856
8319,0.0,0.0116699741790172,0.0047907430374406,0.069802483732561,0.0106826007501089
8320,0.0,0.0,0.0,0.0085406047375098,0.0
8321,0.0,0.0,0.0,0.0,0.0
8322,0.0,0.0,0.0,0.0,0.0
8323,0.0,0.0,0.0,0.0,0.0
8324,0.0,0.0,0.0,0.0,0.0
8325,0.0,0.0,0.0,0.0,0.0
8326,0.0,0.0,0.0,0.0,0.0
8327,0.0,0.0,0.0,0.0,0.0
8328,0.0,0.0,0.0,0.0,0.0
8329,0.0,0.0,0.0,0.0,0.0
8330,0.0,0.0,0.0,0.0,0.0
8331,0.0,0.0,0.0,0.0,0.0
8332,0.0,0.0,0.0,0.0,0.0
8333,0.0,0.0,0.0,0.0,0.0
8334,0.0,0.0,0.0,0.0,0.0
8335,0.0772790785281513,0.0,0.0,0.0,0.0875924489965371
8336,0.1319247883803055,0.0259775667088918,0.012716568378899,0.0222903071227546,0.2050363753659455
8337,0.1872186896385164,0.0928224082136133,0.0689079370997477,0.0560931237838311,0.3355275954045457
8338,0.2053877422824647,0.1700824283544465,0.1425099419210152,0.0959952700567337,0.4127780038851423
8339,0.2083542892006916,0.2345723725925071,0.2020052776076706,0.1211344142060613,0.4330885665571836
8340,0.2225282612732927,0.2598187905874566,0.2217871065228918,0.1332523495582588,0.416358991975177
8341,0.2239909977371928,0.2366674930329277,0.1927402870568552,0.1356377217457688,0.351602612309817
8342,0.1447838753398238,0.1489974273846209,0.1158570555055654,0.10934965026524,0.2327373246286948
8343,0.0294091182284965,0.0498169519178208,0.0509536698056249,0.0631420923829872,0.1091142251159587
8344,0.0,0.0,0.0,0.0403570556197875,0.0
8345,0.0,0.0,0.0,0.0,0.0
8346,0.0,0.0,0.0,0.0,0.0
8347,0.0,0.0,0.0,0.0,0.0
8348,0.0,0.0,0.0,0.0,0.0
8349,0.0,0.0,0.0,0.0,0.0
8350,0.0,0.0,0.0,0.0,0.0
8351,0.0,0.0,0.0,0.0,0.0
8352,0.0,0.0,0.0,0.0,0.0
8353,0.0,0.0,0.0,0.0,0.0
8354,0.0,0.0,0.0,0.0,0.0
8355,0.0,0.0,0.0,0.0,0.0
8356,0.0,0.0,0.0,0.0,0.0
8357,0.0,0.0,0.0,0.0,0.0
8358,0.0,0.0,0.0,0.0,0.0
8359,0.0372707376967947,0.0,0.0,0.0,0.1066895428574185
8360,0.1195315191981076,0.0765212601850825,0.0507431294278648,0.0837514862068452,0.2296753991411433
8361,0.2548594666826455,0.1830898708222,0.1037478280626768,0.1631688019061404,0.3558550924003796
8362,0.3545459366152776,0.23954563477462,0.1351017576176952,0.2445791244999914,0.4369718503264001
8363,0.3871051374009839,0.2303922964187307,0.1451734898979595,0.2936268609377393,0.4547376764947595
8364,0.3602012721476435,0.2025939525490263,0.1255436701990207,0.303339832447027,0.4051979128964347
8365,0.2686487875694521,0.1697881612908242,0.0803394867981298,0.2767537176074213,0.3153961721582358
8366,0.1360617995703098,0.1059090706696072,0.0321504620897595,0.2136507627791762,0.1946719258413179
8367,0.01971221121964,0.0285793176441595,0.0067232650157427,0.1272314380043772,0.0748221918924963
8368,0.0,0.0,0.0,0.0611621175065215,0.0
8369,0.0,0.0,0.0,0.0,0.0
8370,0.0,0.0,0.0,0.0,0.0
8371,0.0,0.0,0.0,0.0,0.0
8372,0.0,0.0,0.0,0.0,0.0
8373,0.0,0.0,0.0,0.0,0.0
8374,0.0,0.0,0.0,0.0,0.0
8375,0.0,0.0,0.0,0.0,0.0
8376,0.0,0.0,0.0,0.0,0.0
8377,0.0,0.0,0.0,0.0,0.0
8378,0.0,0.0,0.0,0.0,0.0
8379,0.0,0.0,0.0,0.0,0.0
8380,0.0,0.0,0.0,0.0,0.0
8381,0.0,0.0,0.0,0.0,0.0
8382,0.0,0.0,0.0,0.0,0.0
8383,0.0229190319127367,0.0,0.0,0.0012387370287198,0.0795594078879152
8384,0.0625510058683297,0.032876288531145,0.0216799308983383,0.0498652998977363,0.1857870739987755
8385,0.1424944153073755,0.149463011412139,0.104947391246998,0.1383832923439555,0.3164548244990611
8386,0.2040385039253302,0.2870839155995445,0.1864542549286257,0.244021382007104,0.4164028303354861
8387,0.2443501710969594,0.3864956457988642,0.2358707819466711,0.2989129359771301,0.4561310781093612
8388,0.2518555908691748,0.4198067230478671,0.2460514405514653,0.3086000059072373,0.4205490079721324
8389,0.1989398903840299,0.3748908108202667,0.2124741410639832,0.2780137988623112,0.3354906238148178
8390,0.1100429462362693,0.2451416424436991,0.1343407320221576,0.1968331103864102,0.2193874505961928
8391,0.024112448267813,0.0982598837798448,0.0736450419173974,0.1011501385073847,0.0976053049793316
8392,0.0,0.0,0.0,0.0374465095574802,0.0
8393,0.0,0.0,0.0,0.0,0.0
8394,0.0,0.0,0.0,0.0,0.0
8395,0.0,0.0,0.0,0.0,0.0
8396,0.0,0.0,0.0,0.0,0.0
8397,0.0,0.0,0.0,0.0,0.0
8398,0.0,0.0,0.0,0.0,0.0
8399,0.0,0.0,0.0,0.0,0.0
8400,0.0,0.0,0.0,0.0,0.0
8401,0.0,0.0,0.0,0.0,0.0
8402,0.0,0.0,0.0,0.0,0.0
8403,0.0,0.0,0.0,0.0,0.0
8404,0.0,0.0,0.0,0.0,0.0
8405,0.0,0.0,0.0,0.0,0.0
8406,0.0,0.0,0.0,0.0,0.0
8407,0.002885429817976,0.0,0.0,0.0010778144721359,0.0896278724068368
8408,0.0194624673636888,0.0372625322842696,0.0520237989548542,0.0318691917253593,0.1981674617910614
8409,0.0827452962045215,0.1334994001020304,0.1513290238519008,0.0859614964672036,0.3115423895595241
8410,0.1522992753334915,0.2247409141654623,0.2527483447502958,0.160903479499809,0.3727526103166839
8411,0.191506404544161,0.2891901619362585,0.3072019875878821,0.2235975448915123,0.3804767022567005
8412,0.1923863078769834,0.3043092401480856,0.2949665118776545,0.2406189765459137,0.3507842754546034
8413,0.1423488350433697,0.2491291704886481,0.2127747368823033,0.2220283994372003,0.2786269169703885
8414,0.0508606096616583,0.1485398046487773,0.0975591354079745,0.176985888200584,0.1608167845593663
8415,0.0025032928830984,0.0559747768871713,0.0297689914900557,0.1032023718303956,0.0549195453946159
8416,0.0,0.0,0.0,0.0381774704342932,0.0
8417,0.0,0.0,0.0,0.0,0.0
8418,0.0,0.0,0.0,0.0,0.0
8419,0.0,0.0,0.0,0.0,0.0
8420,0.0,0.0,0.0,0.0,0.0
8421,0.0,0.0,0.0,0.0,0.0
8422,0.0,0.0,0.0,0.0,0.0
8423,0.0,0.0,0.0,0.0,0.0
8424,0.0,0.0,0.0,0.0,0.0
8425,0.0,0.0,0.0,0.0,0.0
8426,0.0,0.0,0.0,0.0,0.0
8427,0.0,0.0,0.0,0.0,0.0
8428,0.0,0.0,0.0,0.0,0.0
8429,0.0,0.0,0.0,0.0,0.0
8430,0.0,0.0,0.0,0.0,0.0
8431,0.0282324425525871,0.0,0.0,0.0,0.0294659443278628
8432,0.113175624979997,0.0360556384273676,0.046325692602006,0.0853958899096667,0.1117586922485417
8433,0.2095942068631005,0.1434910717075126,0.1204237664181959,0.1882222540974041,0.2027475011085388
8434,0.2858013905740967,0.2904614911536375,0.1883428762904771,0.3010934669047342,0.2584850721428741
8435,0.336667146487256,0.4004528298972246,0.2227559647333773,0.3801775682197461,0.2729031915058192
8436,0.3339208063139599,0.4215729528964018,0.2251964750638399,0.419075871950384,0.2351728961992004
8437,0.2583122440112175,0.3593882460337049,0.1880814225302145,0.4063099185818243,0.1581470603762236
8438,0.1315986761851129,0.2409625635186238,0.1128231713951785,0.334900359154408,0.0749228382985209
8439,0.0277518076931373,0.1206192295917234,0.0713852671036862,0.2091463405974408,0.0142255551828998
8440,0.0,0.0,0.0,0.1036770398562893,0.0
8441,0.0,0.0,0.0,0.0,0.0
8442,0.0,0.0,0.0,0.0,0.0
8443,0.0,0.0,0.0,0.0,0.0
8444,0.0,0.0,0.0,0.0,0.0
8445,0.0,0.0,0.0,0.0,0.0
8446,0.0,0.0,0.0,0.0,0.0
8447,0.0,0.0,0.0,0.0,0.0
8448,0.0,0.0,0.0,0.0,0.0
8449,0.0,0.0,0.0,0.0,0.0
8450,0.0,0.0,0.0,0.0,0.0
8451,0.0,0.0,0.0,0.0,0.0
8452,0.0,0.0,0.0,0.0,0.0
8453,0.0,0.0,0.0,0.0,0.0
8454,0.0,0.0,0.0,0.0,0.0
8455,0.0,0.0,0.0,0.0,0.0097918524020587
8456,0.0202197625560584,0.0451911591146282,0.0490213619318045,0.0683088192658411,0.0520992732789247
8457,0.0853262104394266,0.1580142127207412,0.1551331419960396,0.147708317028527,0.1185001870524361
8458,0.1446278596830577,0.2807660219136115,0.2513140208873985,0.2219362816254136,0.1638229185641294
8459,0.1719511557723846,0.3472354692176269,0.2951837374078218,0.251112732676052,0.190291859390185
8460,0.1674809018298374,0.359547177583996,0.2914715337041232,0.2664321578945012,0.1907706482182468
8461,0.1223258219620178,0.3107928903864143,0.234022941190392,0.2640808663102161,0.1515702726211005
8462,0.0506659764382532,0.1969318210188319,0.1300116171791938,0.2089202676711278,0.0894187573312092
8463,0.0058192845733799,0.0830322852042426,0.063866877907506,0.1143783963280413,0.0320786844284892
8464,0.0,0.0,0.0,0.0372042286397604,0.0
8465,0.0,0.0,0.0,0.0,0.0
8466,0.0,0.0,0.0,0.0,0.0
8467,0.0,0.0,0.0,0.0,0.0
8468,0.0,0.0,0.0,0.0,0.0
8469,0.0,0.0,0.0,0.0,0.0
8470,0.0,0.0,0.0,0.0,0.0
8471,0.0,0.0,0.0,0.0,0.0
8472,0.0,0.0,0.0,0.0,0.0
8473,0.0,0.0,0.0,0.0,0.0
8474,0.0,0.0,0.0,0.0,0.0
8475,0.0,0.0,0.0,0.0,0.0
8476,0.0,0.0,0.0,0.0,0.0
8477,0.0,0.0,0.0,0.0,0.0
8478,0.0,0.0,0.0,0.0,0.0
8479,0.0347823207919265,0.0,0.0,0.0,0.0556583895337915
8480,0.1176076655250774,0.0061934613535576,0.0617300661014451,0.0206604146615593,0.1611423851124362
8481,0.231140639864942,0.0086702530732275,0.1273820140644083,0.0529673372886226,0.2995853992288656
8482,0.3145401022005957,0.004678624287646,0.1816077664389693,0.0962013983010554,0.3765728558414129
8483,0.3468271227843953,0.0205769249710229,0.1830292074742577,0.133071364074611,0.3705427998233441
8484,0.3227293483713993,0.0279363189092064,0.1273409960604876,0.1704779681079881,0.3279749980803568
8485,0.2365450523501913,0.0143788693929115,0.0617686091103313,0.1954704599944474,0.2526667984942031
8486,0.1108800319408922,0.001516946910253,0.015287739403319,0.1783410987217303,0.1406123630821151
8487,0.0011845447606746,0.0,0.0033444716469489,0.1145631559457789,0.0494034938027721
8488,0.0,0.0,0.0,0.069647479399126,0.0
8489,0.0,0.0,0.0,0.0,0.0
8490,0.0,0.0,0.0,0.0,0.0
8491,0.0,0.0,0.0,0.0,0.0
8492,0.0,0.0,0.0,0.0,0.0
8493,0.0,0.0,0.0,0.0,0.0
8494,0.0,0.0,0.0,0.0,0.0
8495,0.0,0.0,0.0,0.0,0.0
8496,0.0,0.0,0.0,0.0,0.0
8497,0.0,0.0,0.0,0.0,0.0
8498,0.0,0.0,0.0,0.0,0.0
8499,0.0,0.0,0.0,0.0,0.0
8500,0.0,0.0,0.0,0.0,0.0
8501,0.0,0.0,0.0,0.0,0.0
8502,0.0,0.0,0.0,0.0,0.0
8503,0.003816897746105,0.0,0.0,0.0,0.0023740028704957
8504,0.0085923275649304,0.0,0.0509450805695878,0.1012017082818717,0.0303985998999685
8505,0.0177605140574916,0.0541950185374453,0.1146617562001789,0.1985600398626136,0.0753247266411489
8506,0.0175296736423706,0.1515598305536238,0.178146352041276,0.3023710021994852,0.1303425627085476
8507,0.0089821769644228,0.2021396539525833,0.2091866557465573,0.3729104521408452,0.1776478948933257
8508,0.0023779573970937,0.2304682579825552,0.1880126978783654,0.3715055265327466,0.1723064428944926
8509,0.0024053404413725,0.2367427565635877,0.1270826991507758,0.2968245798056566,0.1474351895154542
8510,0.001523888847982,0.1951662554060068,0.0592032103955142,0.1946444454171011,0.1134365367937683
8511,0.0,0.1265604793958337,0.0235975385773743,0.0915971974094975,0.0521733862519397
8512,0.0,0.0,0.0,0.0228767408863263,0.0
8513,0.0,0.0,0.0,0.0,0.0
8514,0.0,0.0,0.0,0.0,0.0
8515,0.0,0.0,0.0,0.0,0.0
8516,0.0,0.0,0.0,0.0,0.0
8517,0.0,0.0,0.0,0.0,0.0
8518,0.0,0.0,0.0,0.0,0.0
8519,0.0,0.0,0.0,0.0,0.0
8520,0.0,0.0,0.0,0.0,0.0
8521,0.0,0.0,0.0,0.0,0.0
8522,0.0,0.0,0.0,0.0,0.0
8523,0.0,0.0,0.0,0.0,0.0
8524,0.0,0.0,0.0,0.0,0.0
8525,0.0,0.0,0.0,0.0,0.0
8526,0.0,0.0,0.0,0.0,0.0
8527,0.0062192827886227,0.0,0.0,0.0,0.0315656966795953
8528,0.0095827239886621,0.0138300864163067,0.0,0.07672645823482,0.0828556026526765
8529,0.0299574076876471,0.046446587031707,0.013080388249785,0.1475798605890421,0.1836245054022873
8530,0.0401904234983278,0.046454367201695,0.045053067654169,0.2440820427879629,0.2659216897716967
8531,0.0332713766159451,0.0456187736812947,0.0505227632121271,0.327031142298608,0.2997445728471429
8532,0.0183432879879102,0.043703725002545,0.0351649049568562,0.3136477962532344,0.3064675654502883
8533,0.0039969897093769,0.0302177666215361,0.0101788131522134,0.2202100723579943,0.2698996541055457
8534,0.0,0.0202947001989462,0.0,0.1318912056453994,0.1770866134801566
8535,0.0,0.0085108219260682,0.0,0.0613107950230214,0.0732658440043731
8536,0.0,0.0,0.0,0.0123731145335265,0.0
8537,0.0,0.0,0.0,0.0,0.0
8538,0.0,0.0,0.0,0.0,0.0
8539,0.0,0.0,0.0,0.0,0.0
8540,0.0,0.0,0.0,0.0,0.0
8541,0.0,0.0,0.0,0.0,0.0
8542,0.0,0.0,0.0,0.0,0.0
8543,0.0,0.0,0.0,0.0,0.0
8544,0.0,0.0,0.0,0.0,0.0
8545,0.0,0.0,0.0,0.0,0.0
8546,0.0,0.0,0.0,0.0,0.0
8547,0.0,0.0,0.0,0.0,0.0
8548,0.0,0.0,0.0,0.0,0.0
8549,0.0,0.0,0.0,0.0,0.0
8550,0.0,0.0,0.0,0.0,0.0
8551,0.0014053788701886,0.0,0.0,0.0,0.0750046872484943
8552,0.0118372074189376,0.0139845027446401,0.0,0.0712801055132941,0.1849495743147521
8553,0.0489868952834548,0.072384091650617,0.0156747474062741,0.1601078535649971,0.3180110330971268
8554,0.0790285646352195,0.0790093542015628,0.0506773415241084,0.25282645105849,0.4042135513922407
8555,0.0833659634129464,0.0671226713281022,0.0782312734797035,0.3084916461372478,0.4271124600567573
8556,0.0655173500729506,0.0834394528518262,0.0930045299363369,0.3287402174974251,0.399363133962524
8557,0.0338622180345858,0.0635783622238297,0.0782786909770666,0.2937667277946403,0.3344073508146677
8558,0.0074244145237438,0.0313205784081423,0.0371415137433498,0.2127778897063539,0.2219672453563447
8559,0.0014557905328147,0.0114316278272787,0.0205951213512442,0.1139434784863659,0.0991466594423028
8560,0.0,0.0,0.0,0.026704558428298,0.0
8561,0.0,0.0,0.0,0.0,0.0
8562,0.0,0.0,0.0,0.0,0.0
8563,0.0,0.0,0.0,0.0,0.0
8564,0.0,0.0,0.0,0.0,0.0
8565,0.0,0.0,0.0,0.0,0.0
8566,0.0,0.0,0.0,0.0,0.0
8567,0.0,0.0,0.0,0.0,0.0
8568,0.0,0.0,0.0,0.0,0.0
8569,0.0,0.0,0.0,0.0,0.0
8570,0.0,0.0,0.0,0.0,0.0
8571,0.0,0.0,0.0,0.0,0.0
8572,0.0,0.0,0.0,0.0,0.0
8573,0.0,0.0,0.0,0.0,0.0
8574,0.0,0.0,0.0,0.0,0.0
8575,0.035955077269282,0.0,0.0,0.0,0.1252371205474216
8576,0.0858512717232073,0.0,0.0118367069704583,0.0544467921877995,0.251693494134923
8577,0.2149559928182379,0.0023742271798092,0.0460553880167217,0.1015528122671545,0.3847779598200252
8578,0.3063108925924872,0.0025205222293071,0.0721077196569427,0.1490866494442481,0.462448102286346
8579,0.3322274718339424,0.0025519324311506,0.0638477134670417,0.1796751084191075,0.4908282599662053
8580,0.277222575969666,0.0069442645055752,0.0374146644567145,0.1892143579743156,0.4667110332548774
8581,0.1582268312976134,0.0176398579789125,0.0155219431747007,0.1841838069023017,0.390917446243603
8582,0.0507836761968076,0.0123236466460379,0.0098848015823653,0.1528267752601092,0.2625889667232765
8583,0.0,0.0029542755525624,0.0042647965170018,0.0918291112632894,0.123036901930804
8584,0.0,0.0,0.0,0.0449522113602194,0.0
8585,0.0,0.0,0.0,0.0,0.0
8586,0.0,0.0,0.0,0.0,0.0
8587,0.0,0.0,0.0,0.0,0.0
8588,0.0,0.0,0.0,0.0,0.0
8589,0.0,0.0,0.0,0.0,0.0
8590,0.0,0.0,0.0,0.0,0.0
8591,0.0,0.0,0.0,0.0,0.0
8592,0.0,0.0,0.0,0.0,0.0
8593,0.0,0.0,0.0,0.0,0.0
8594,0.0,0.0,0.0,0.0,0.0
8595,0.0,0.0,0.0,0.0,0.0
8596,0.0,0.0,0.0,0.0,0.0
8597,0.0,0.0,0.0,0.0,0.0
8598,0.0,0.0,0.0,0.0,0.0
8599,0.0602454020936996,0.0,0.0,0.0,0.1107127756359072
8600,0.0883672123759975,0.0169150683862911,0.0,0.0758798251519044,0.2365077247879166
8601,0.167308580593167,0.0966556486961081,0.0120226479964074,0.1618339327062244,0.389873262236694
8602,0.2203501859670829,0.155695193314416,0.0386056000090665,0.2712033283629407,0.4897876609901399
8603,0.2181047904073634,0.186790972539679,0.0618860707592667,0.3511785761340083,0.533732205239719
8604,0.1662481383962702,0.1736401266031562,0.0766120242339563,0.3793431625572041,0.5148486656560156
8605,0.0964534312111769,0.116906768340575,0.0677201772949738,0.3609881101189654,0.4299559966335357
8606,0.0340037667924355,0.0694112337530687,0.0341090918168289,0.3007775103242429,0.2868316725065621
8607,0.0057227366720777,0.0247166857219386,0.0077029206382128,0.1947456777546268,0.1328502542334472
8608,0.0,0.0,0.0,0.0968297434458495,0.0
8609,0.0,0.0,0.0,0.0,0.0
8610,0.0,0.0,0.0,0.0,0.0
8611,0.0,0.0,0.0,0.0,0.0
8612,0.0,0.0,0.0,0.0,0.0
8613,0.0,0.0,0.0,0.0,0.0
8614,0.0,0.0,0.0,0.0,0.0
8615,0.0,0.0,0.0,0.0,0.0
8616,0.0,0.0,0.0,0.0,0.0
8617,0.0,0.0,0.0,0.0,0.0
8618,0.0,0.0,0.0,0.0,0.0
8619,0.0,0.0,0.0,0.0,0.0
8620,0.0,0.0,0.0,0.0,0.0
8621,0.0,0.0,0.0,0.0,0.0
8622,0.0,0.0,0.0,0.0,0.0
8623,0.053703835415839,0.0,0.0,0.0,0.1242358846473228
8624,0.0947757329597621,0.0550846799542608,0.0140595986476749,0.103408826944247,0.2483439664358195
8625,0.194482122791828,0.1374218100842212,0.0764141482117478,0.202362291174958,0.4003414008292392
8626,0.2744509117321725,0.1841949018276162,0.1249872912626444,0.3096561001938158,0.4939040776771943
8627,0.3273220510721953,0.2128761252801237,0.1284325628500121,0.378002843241373,0.5324237449299458
8628,0.333481502399031,0.2079621059392327,0.1236449007675907,0.389836631177479,0.5098228243933813
8629,0.246629395175711,0.1586895120746831,0.0806503188578155,0.3457527431141592,0.4265810448780757
8630,0.1238616643830318,0.1024583184075789,0.025231142019178,0.2639410364274359,0.2912882837401588
8631,0.0653613351603724,0.0418053952040013,0.0063448267670867,0.1555051413612939,0.1376650672992905
8632,0.0,0.0,0.0,0.0629732194759137,0.0
8633,0.0,0.0,0.0,0.0,0.0
8634,0.0,0.0,0.0,0.0,0.0
8635,0.0,0.0,0.0,0.0,0.0
8636,0.0,0.0,0.0,0.0,0.0
8637,0.0,0.0,0.0,0.0,0.0
8638,0.0,0.0,0.0,0.0,0.0
8639,0.0,0.0,0.0,0.0,0.0
8640,0.0,0.0,0.0,0.0,0.0
8641,0.0,0.0,0.0,0.0,0.0
8642,0.0,0.0,0.0,0.0,0.0
8643,0.0,0.0,0.0,0.0,0.0
8644,0.0,0.0,0.0,0.0,0.0
8645,0.0,0.0,0.0,0.0,0.0
8646,0.0,0.0,0.0,0.0,0.0
8647,0.0325599625784616,0.0,0.0,0.0,0.0706519866975575
8648,0.0677588561500256,0.0,0.0056186688282229,0.0678191217402582,0.178370740238642
8649,0.1273728078033699,0.0048365365055455,0.0291623975022983,0.1331733877074745,0.3121798691449176
8650,0.1672706248129212,0.0215203355015553,0.0680053690094472,0.2191561334377921,0.3960702591403812
8651,0.182279364986908,0.0423568448721958,0.0836923822975717,0.2740801898626198,0.4262871588359717
8652,0.1633335452362951,0.0395564644547523,0.0667125483285938,0.285150070565477,0.3984022535975527
8653,0.1134404965486904,0.0207757147718078,0.0494646018084038,0.2522180610874757,0.3192755869137805
8654,0.0565975374962207,0.0092634785665799,0.0312515335265487,0.1914095443841555,0.2029721320138001
8655,0.0026367343788429,0.0021071041353992,0.0145505134547861,0.1196056511861907,0.0801259598120128
8656,0.0,0.0,0.0,0.0583547110138182,0.0
8657,0.0,0.0,0.0,0.0,0.0
8658,0.0,0.0,0.0,0.0,0.0
8659,0.0,0.0,0.0,0.0,0.0
8660,0.0,0.0,0.0,0.0,0.0
8661,0.0,0.0,0.0,0.0,0.0
8662,0.0,0.0,0.0,0.0,0.0
8663,0.0,0.0,0.0,0.0,0.0
8664,0.0,0.0,0.0,0.0,0.0
8665,0.0,0.0,0.0,0.0,0.0
8666,0.0,0.0,0.0,0.0,0.0
8667,0.0,0.0,0.0,0.0,0.0
8668,0.0,0.0,0.0,0.0,0.0
8669,0.0,0.0,0.0,0.0,0.0
8670,0.0,0.0,0.0,0.0,0.0
8671,0.0566371553540005,0.0,0.0,0.0,0.1071614786832626
8672,0.1224942076235559,0.0373170096294017,0.060310538214746,0.1238662601974417,0.227961024660226
8673,0.2340214719548127,0.1295563180063969,0.154905359659065,0.2242147950900328,0.3802509012850781
8674,0.3235288405750418,0.2218247532376557,0.2302009778843973,0.3475407220796932,0.461802454510638
8675,0.3460523951100388,0.3060675923740523,0.2361682643093452,0.4401559847664083,0.4863211091207214
8676,0.3033450786226375,0.3486981070605028,0.2040682548808168,0.479433763329111,0.4605721888816804
8677,0.2374504130282066,0.31909127131544,0.1494059657559633,0.462853206986605,0.3774017504849655
8678,0.1392543466146586,0.2219896113660044,0.0727577171588168,0.3781668644644146,0.254559427221697
8679,0.0589326433135147,0.0941465289758846,0.0315598751298982,0.2246713617079622,0.120994426507516
8680,0.0,0.0,0.0,0.0859045535923744,0.0
8681,0.0,0.0,0.0,0.0,0.0
8682,0.0,0.0,0.0,0.0,0.0
8683,0.0,0.0,0.0,0.0,0.0
8684,0.0,0.0,0.0,0.0,0.0
8685,0.0,0.0,0.0,0.0,0.0
8686,0.0,0.0,0.0,0.0,0.0
8687,0.0,0.0,0.0,0.0,0.0
8688,0.0,0.0,0.0,0.0,0.0
8689,0.0,0.0,0.0,0.0,0.0
8690,0.0,0.0,0.0,0.0,0.0
8691,0.0,0.0,0.0,0.0,0.0
8692,0.0,0.0,0.0,0.0,0.0
8693,0.0,0.0,0.0,0.0,0.0
8694,0.0,0.0,0.0,0.0,0.0
8695,0.0391231420381352,0.0,0.0,0.0,0.1120096383598619
8696,0.1534005634573061,0.1780026389348526,0.1115000478349379,0.1045187035259939,0.232011991553013
8697,0.2798108407502909,0.3342583109801,0.2397007423095482,0.2141077541757463,0.3610562372779949
8698,0.3426295520635198,0.4636255012670269,0.3556982025794214,0.3474210028709759,0.4245241796531774
8699,0.3462927829018562,0.5257331348280645,0.4292835654614685,0.4511317487489692,0.4287377905897687
8700,0.3187954683663184,0.5246324428336865,0.4358173495923272,0.4931986667159118,0.3971336254354525
8701,0.2594761732794391,0.4671020525044514,0.355392585404126,0.4717879940990774,0.3370217882775859
8702,0.1602985526494602,0.3410948033770239,0.2061215663527766,0.3867135087670962,0.2298066317161491
8703,0.1003479522567001,0.1785269058020987,0.0858229374387221,0.2438170544685729,0.1045443643825233
8704,0.0,0.0,0.0,0.1120634946851632,0.0
8705,0.0,0.0,0.0,0.0,0.0
8706,0.0,0.0,0.0,0.0,0.0
8707,0.0,0.0,0.0,0.0,0.0
8708,0.0,0.0,0.0,0.0,0.0
8709,0.0,0.0,0.0,0.0,0.0
8710,0.0,0.0,0.0,0.0,0.0
8711,0.0,0.0,0.0,0.0,0.0
8712,0.0,0.0,0.0,0.0,0.0
8713,0.0,0.0,0.0,0.0,0.0
8714,0.0,0.0,0.0,0.0,0.0
8715,0.0,0.0,0.0,0.0,0.0
8716,0.0,0.0,0.0,0.0,0.0
8717,0.0,0.0,0.0,0.0,0.0
8718,0.0,0.0,0.0,0.0,0.0
8719,0.0745912355938648,0.0,0.0,0.0,0.1195947741246332
8720,0.2005475250375122,0.1615785081037048,0.1110950180589652,0.1405548615591226,0.2336400028738522
8721,0.3613273798638856,0.3209390777185667,0.2566215275847751,0.2666989266876546,0.3786004142110093
8722,0.4559751415754883,0.4564547022150417,0.3881116997476775,0.4141612802901652,0.467070953146123
8723,0.4820314558462538,0.5238653707027106,0.4463728841901981,0.5149984126370492,0.486848465828562
8724,0.4470613404844126,0.5223527230410921,0.4332331269680496,0.5514207223068385,0.4580750317768384
8725,0.3474456743179536,0.4555706934825046,0.3548198290321104,0.5161293826164364,0.3848455217322022
8726,0.198543829220245,0.3251209250084413,0.2196548008887811,0.4170270979733401,0.260474406170408
8727,0.0930926916223271,0.1670543823042172,0.1071054663191784,0.2676766147174202,0.1236888910610111
8728,0.0,0.0,0.0,0.129958109840738,0.0020227661172512
8729,0.0,0.0,0.0,0.0,0.0
8730,0.0,0.0,0.0,0.0,0.0
8731,0.0,0.0,0.0,0.0,0.0
8732,0.0,0.0,0.0,0.0,0.0
8733,0.0,0.0,0.0,0.0,0.0
8734,0.0,0.0,0.0,0.0,0.0
8735,0.0,0.0,0.0,0.0,0.0
8736,0.0,0.0,0.0,0.0,0.0
8737,0.0,0.0,0.0,0.0,0.0
8738,0.0,0.0,0.0,0.0,0.0
8739,0.0,0.0,0.0,0.0,0.0
8740,0.0,0.0,0.0,0.0,0.0
8741,0.0,0.0,0.0,0.0,0.0
8742,0.0,0.0,0.0,0.0,0.0
8743,0.037533297330003,0.0,0.0,0.0,0.1453901338398782
8744,0.164991986494928,0.1613793065098206,0.1023621831599298,0.119293928067321,0.2770906278603789
8745,0.3255319200679572,0.3250063590727584,0.2053291873530202,0.2198947005880132,0.4351944575051099
8746,0.4511336078999168,0.4648489656790209,0.2764024339753301,0.3361393454317364,0.5371342740939822
8747,0.4897687390109921,0.5295098317589494,0.2994665532334115,0.4111372013227824,0.5718908300362395
8748,0.434816330922498,0.5142654706748669,0.2798520133821832,0.4339409681650328,0.5415004759833292
8749,0.3248818531434455,0.4162595200494474,0.2190719748536302,0.3920934900458548,0.4542721247149984
8750,0.1870524682962313,0.2450997809405881,0.1265220023902668,0.2932091482676627,0.3085403521056982
8751,0.0946127214602474,0.0800671058317077,0.0504658841436538,0.1692343001340807,0.1465022472001422
8752,0.0,0.0,0.0,0.0757752198012288,0.0032191649101375
8753,0.0,0.0,0.0,0.0,0.0
8754,0.0,0.0,0.0,0.0,0.0
8755,0.0,0.0,0.0,0.0,0.0
8756,0.0,0.0,0.0,0.0,0.0
8757,0.0,0.0,0.0,0.0,0.0
8758,0.0,0.0,0.0,0.0,0.0
8759,0.0,0.0,0.0,0.0,0.0
